N,input_state,basis,time,herald,singles_ch2,coinc_ch2,singles_ch4,coinc_ch4,singles_ch6,coinc_ch6,singles_ch8,coinc_ch8,singles_ch10,coinc_ch10,singles_ch7,coinc_ch7,int_time
3,0,,2026-07-22T10:06:30.334375,106284,15453,4541,15453,2924,15453,362,15453,7,15453,6,17867,5,1.0287995999970008
3,0,,2026-07-22T10:06:31.363492,105964,15262,4476,15262,2902,15262,373,15262,2,15262,6,18052,5,1.0277548000012757
3,0,,2026-07-22T10:06:32.391004,105313,15243,4369,15243,2981,15243,380,15243,2,15243,2,18029,14,1.0268603000004077
3,0,,2026-07-22T10:06:33.417590,105590,15263,4568,15263,2853,15263,356,15263,8,15263,5,17992,11,1.0263261000000057
3,0,,2026-07-22T10:06:34.444988,105939,15464,4528,15464,2868,15464,355,15464,4,15464,1,17999,10,1.0271967000007862
3,0,,2026-07-22T10:06:35.473265,105738,15154,4487,15154,2815,15154,356,15154,1,15154,4,18002,2,1.0280254999961471
3,0,,2026-07-22T10:06:36.500203,105640,15491,4585,15491,2982,15491,351,15491,6,15491,8,17954,10,1.0265350000045146
3,0,,2026-07-22T10:06:37.528156,105992,15478,4595,15478,2929,15478,370,15478,11,15478,6,18048,11,1.0277588999961154
3,0,,2026-07-22T10:06:38.557085,105865,15461,4396,15461,3026,15461,363,15461,4,15461,3,18111,13,1.028761100002157
3,0,,2026-07-22T10:06:39.586731,106372,15630,4489,15630,2978,15630,365,15630,7,15630,3,18286,8,1.0293143000017153
3,0,,2026-07-22T10:06:40.615458,105743,15217,4540,15217,2849,15217,351,15217,5,15217,7,17954,5,1.0283070000004955
3,0,,2026-07-22T10:06:41.642206,106244,15338,4439,15338,2987,15338,411,15338,9,15338,5,18162,9,1.0264377999992575
3,0,,2026-07-22T10:06:42.671314,106223,15379,4480,15379,2896,15379,391,15379,8,15379,12,17845,9,1.0288386999964132
3,0,,2026-07-22T10:06:43.699503,106211,15402,4534,15402,2960,15402,357,15402,4,15402,13,18108,7,1.027829999999085
3,0,,2026-07-22T10:06:44.728576,105781,15376,4446,15376,2988,15376,360,15376,7,15376,5,17764,10,1.028852999996161
3,0,,2026-07-22T10:06:45.756152,106167,15463,4524,15463,2945,15463,370,15463,5,15463,1,17935,7,1.0272378000008757
3,0,,2026-07-22T10:06:46.786077,106424,15416,4466,15416,2948,15416,381,15416,4,15416,2,18137,5,1.029657600003702
3,0,,2026-07-22T10:06:47.842298,109039,15654,4601,15654,3018,15654,341,15654,6,15654,8,18350,12,1.0558586999977706
3,0,,2026-07-22T10:06:48.869633,105908,15302,4530,15302,2854,15302,375,15302,8,15302,6,18120,8,1.0271945999993477
3,0,,2026-07-22T10:06:49.898746,105561,15303,4420,15303,2967,15303,315,15303,6,15303,7,17596,5,1.0288371999995434
3,0,,2026-07-22T10:06:50.928800,106190,15023,4416,15023,2857,15023,340,15023,4,15023,8,18000,6,1.0290894999998272
3,0,,2026-07-22T10:06:51.957564,106188,15528,4515,15528,2944,15528,378,15528,3,15528,3,18174,9,1.0283615000007558
3,0,,2026-07-22T10:06:52.986661,105954,15239,4494,15239,2904,15239,368,15239,7,15239,6,17751,9,1.0287637000001268
3,0,,2026-07-22T10:06:54.015872,106372,15297,4465,15297,3008,15297,385,15297,4,15297,3,17900,9,1.0288053000040236
3,0,,2026-07-22T10:06:55.044737,105959,15332,4522,15332,2895,15332,380,15332,8,15332,8,17790,5,1.028528599999845
3,0,,2026-07-22T10:06:56.073639,106065,15273,4532,15273,2968,15273,346,15273,5,15273,6,17890,11,1.0285421000007773
3,0,,2026-07-22T10:06:57.103542,106193,15328,4483,15328,2977,15328,371,15328,11,15328,5,18002,8,1.029529100000218
3,0,,2026-07-22T10:06:58.132725,106219,15643,4595,15643,2946,15643,391,15643,6,15643,7,18035,10,1.0288040000014007
3,0,,2026-07-22T10:06:59.162195,105826,15408,4465,15408,2962,15408,361,15408,15,15408,2,17889,3,1.029037899999821
3,0,,2026-07-22T10:07:00.190018,105695,15297,4367,15297,2943,15297,374,15297,8,15297,4,18007,7,1.0274538000012399
3,0,,2026-07-22T10:07:01.218993,105920,15654,4478,15654,3010,15654,369,15654,11,15654,5,17874,4,1.0286640000049374
3,0,,2026-07-22T10:07:02.248213,106191,15259,4445,15259,2914,15259,362,15259,13,15259,4,17914,8,1.028886500003864
3,0,,2026-07-22T10:07:03.277909,106002,15590,4686,15590,2979,15590,339,15590,7,15590,5,18042,5,1.029281600000104
3,0,,2026-07-22T10:07:04.307598,106502,15366,4541,15366,2883,15366,383,15366,5,15366,2,18033,5,1.0293017000003601
3,0,,2026-07-22T10:07:05.336997,105628,15181,4387,15181,2925,15181,351,15181,5,15181,5,17747,8,1.0289966999989701
3,0,,2026-07-22T10:07:06.366806,106145,15202,4371,15202,2978,15202,324,15202,4,15202,8,18115,13,1.0294271999955527
3,0,,2026-07-22T10:07:07.396783,106243,15239,4449,15239,2890,15239,377,15239,6,15239,7,18136,8,1.0295470000055502
3,0,,2026-07-22T10:07:08.426034,106261,15596,4499,15597,3025,15597,367,15597,4,15597,4,17861,11,1.0289035999958287
3,0,,2026-07-22T10:07:09.455615,106092,15412,4566,15411,2945,15411,380,15411,6,15411,6,17939,11,1.0291721999965375
3,0,,2026-07-22T10:07:10.483324,106726,15337,4527,15337,2960,15337,411,15337,2,15337,7,17940,7,1.02738419999514
3,0,,2026-07-22T10:07:11.512064,106039,15501,4525,15501,2943,15501,351,15501,5,15501,4,17967,3,1.0284482999995816
3,0,,2026-07-22T10:07:12.541747,105575,15418,4474,15418,2926,15418,378,15418,12,15418,7,18048,4,1.0293098999973154
3,0,,2026-07-22T10:07:13.570449,106397,15491,4501,15491,2947,15491,322,15491,1,15491,8,18155,5,1.0283358000015141
3,0,,2026-07-22T10:07:14.599691,106301,15603,4615,15603,3018,15603,337,15603,8,15603,8,17833,7,1.0290013999983785
3,0,,2026-07-22T10:07:15.628961,106737,15569,4467,15569,3000,15569,385,15569,5,15569,7,18067,6,1.0288549000033527
3,0,,2026-07-22T10:07:16.657964,106120,15445,4571,15445,2963,15445,363,15445,3,15445,4,18014,7,1.0286209999976563
3,0,,2026-07-22T10:07:17.684949,106116,15292,4536,15292,2930,15292,333,15292,6,15292,1,17939,11,1.0267230000026757
3,0,,2026-07-22T10:07:18.712608,106168,15345,4484,15345,2949,15345,342,15345,4,15345,5,17786,4,1.0273262999980943
3,0,,2026-07-22T10:07:19.739565,105953,15029,4509,15029,2880,15029,331,15029,5,15029,5,17660,11,1.0267249000025913
3,0,,2026-07-22T10:07:20.768795,106000,15506,4523,15506,2947,15506,347,15506,6,15506,5,17901,7,1.0290107000037096
3,0,,2026-07-22T10:07:21.795862,106163,15347,4429,15347,3030,15347,344,15347,7,15347,8,18005,6,1.0267330999995465
3,0,,2026-07-22T10:07:22.825601,105837,15266,4462,15266,2975,15266,348,15267,5,15267,1,17956,9,1.0294741000034264
3,0,,2026-07-22T10:07:23.854693,105875,15233,4508,15233,2892,15233,350,15232,6,15232,4,17988,8,1.0287987999981851
3,0,,2026-07-22T10:07:24.883491,105874,15385,4447,15385,2981,15385,365,15385,4,15385,6,18028,10,1.0284333000017796
3,0,,2026-07-22T10:07:25.912654,105986,15275,4523,15275,2910,15275,356,15275,7,15275,5,17969,11,1.0287889999963227
3,0,,2026-07-22T10:07:26.941878,105750,15380,4509,15380,2884,15380,349,15380,3,15380,17,18143,2,1.0288643999956548
3,0,,2026-07-22T10:07:27.970497,106247,15481,4448,15481,3034,15481,389,15481,3,15481,10,17822,8,1.0282541000051424
3,0,,2026-07-22T10:07:28.999581,106730,15242,4481,15242,2938,15242,330,15242,5,15242,10,18044,6,1.028716799999529
3,0,,2026-07-22T10:07:30.028937,106117,15577,4553,15577,2910,15577,368,15577,9,15577,5,17979,3,1.0290374000032898
3,0,,2026-07-22T10:07:31.057447,106197,15299,4493,15299,2916,15300,356,15300,7,15300,4,18177,13,1.0281746000036946
3,0,,2026-07-22T10:07:32.086627,105846,15450,4593,15450,2911,15449,369,15449,9,15449,3,18127,5,1.0288744000063161
3,0,,2026-07-22T10:07:33.115662,106658,15350,4507,15350,2956,15350,350,15350,8,15350,1,18016,10,1.0286794999992708
3,0,,2026-07-22T10:07:34.144884,105832,15249,4414,15249,2889,15249,349,15249,4,15249,6,17986,10,1.028860699996585
3,0,,2026-07-22T10:07:35.174435,106091,15494,4522,15494,2926,15494,359,15494,4,15494,5,17861,9,1.0291901000018697
3,0,,2026-07-22T10:07:36.204451,106335,15445,4554,15445,2895,15445,379,15445,6,15445,5,17926,12,1.029674299999897
3,0,,2026-07-22T10:07:37.233779,106214,15390,4530,15390,2878,15390,388,15390,9,15390,7,17792,10,1.0289431999990484
3,0,,2026-07-22T10:07:38.263282,106329,15537,4552,15537,3022,15537,398,15537,6,15537,7,18040,3,1.0291668999998365
3,0,,2026-07-22T10:07:39.290487,105983,15281,4412,15281,2968,15281,349,15281,4,15281,6,17919,4,1.0269364999985555
3,0,,2026-07-22T10:07:40.319707,105862,15027,4311,15027,2924,15027,343,15027,5,15027,6,17676,9,1.0289444999943953
3,0,,2026-07-22T10:07:41.350768,105644,15124,4423,15124,2904,15124,368,15124,8,15124,2,17967,4,1.0307360000006156
3,0,,2026-07-22T10:07:42.379635,106523,15664,4527,15664,3008,15664,375,15664,6,15664,9,18243,8,1.0285722999979043
3,0,,2026-07-22T10:07:43.409725,106000,15515,4551,15515,2982,15515,383,15515,4,15515,3,17843,4,1.0297016999975313
3,0,,2026-07-22T10:07:44.437690,106745,15379,4511,15379,2966,15379,347,15379,7,15379,4,18028,6,1.027651299998979
3,0,,2026-07-22T10:07:45.464200,106328,15347,4447,15347,2892,15347,354,15347,10,15347,6,17878,8,1.0263353000045754
3,0,,2026-07-22T10:07:46.492277,105573,15523,4562,15523,2846,15523,389,15523,8,15523,5,18155,7,1.027840599999763
3,0,,2026-07-22T10:07:47.521552,106476,15293,4456,15293,2927,15293,349,15293,7,15293,6,17981,3,1.028919299998961
3,0,,2026-07-22T10:07:48.548764,105893,15310,4422,15310,3029,15310,347,15310,7,15310,4,17930,4,1.0268336000008276
3,0,,2026-07-22T10:07:49.578322,105483,15366,4593,15366,2916,15366,347,15366,8,15366,2,17839,6,1.0292007000025478
3,0,,2026-07-22T10:07:50.606587,106207,15342,4459,15342,3009,15342,369,15342,6,15342,3,18065,8,1.0278814999983297
3,0,,2026-07-22T10:07:51.635416,106255,15296,4420,15296,3009,15296,385,15296,3,15296,3,18060,7,1.0285443999964627
3,0,,2026-07-22T10:07:52.663274,105920,15326,4473,15326,2995,15326,375,15326,10,15326,4,17833,5,1.027578799999901
3,0,,2026-07-22T10:07:53.692106,105969,15538,4447,15538,3003,15538,397,15538,12,15538,9,17771,2,1.028477700005169
3,0,,2026-07-22T10:07:54.720741,105695,15434,4503,15434,2956,15434,364,15434,9,15434,4,17854,6,1.0282583000007435
3,0,,2026-07-22T10:07:55.749670,106300,15574,4521,15574,2978,15574,381,15574,5,15574,4,18053,5,1.028512500000943
3,0,,2026-07-22T10:07:56.779145,106437,15293,4427,15293,2927,15293,377,15293,10,15293,2,18100,6,1.0291202000007615
3,0,,2026-07-22T10:07:57.808904,105866,15492,4526,15492,2921,15492,352,15492,5,15492,2,18104,10,1.0293662999974913
3,0,,2026-07-22T10:07:58.836503,105737,15339,4427,15339,2869,15339,356,15339,7,15339,11,18106,6,1.0272655000007944
3,0,,2026-07-22T10:07:59.864542,106764,15199,4397,15199,2950,15199,352,15199,6,15199,9,18116,6,1.0277923000030569
3,0,,2026-07-22T10:08:00.893219,106099,15383,4597,15383,2919,15383,316,15383,8,15383,5,17971,8,1.028375000001688
3,0,,2026-07-22T10:08:01.922614,106308,15525,4517,15525,2987,15525,359,15525,6,15525,5,18108,7,1.0289685999960057
3,0,,2026-07-22T10:08:02.952789,105492,15527,4554,15527,2996,15527,375,15527,5,15527,3,18072,7,1.0298075000027893
3,0,,2026-07-22T10:08:03.982681,106195,15345,4486,15345,2916,15345,357,15345,4,15345,6,18234,3,1.0294979000027524
3,0,,2026-07-22T10:08:05.012569,106257,15480,4469,15480,2957,15480,364,15480,5,15480,6,18195,5,1.0295145000054617
3,0,,2026-07-22T10:08:06.042757,106026,15377,4486,15377,2870,15377,355,15377,8,15377,9,18096,6,1.0297741000031237
3,0,,2026-07-22T10:08:07.071744,106207,15445,4443,15445,2978,15445,366,15445,4,15445,7,17805,8,1.0286167999947793
3,0,,2026-07-22T10:08:08.101198,106367,15359,4447,15359,2941,15359,373,15359,3,15359,9,17908,4,1.029087700000673
3,0,,2026-07-22T10:08:09.130099,106544,15389,4676,15389,2868,15389,336,15389,5,15389,4,17941,12,1.0285692000034032
3,0,,2026-07-22T10:08:10.159584,106647,15699,4540,15699,3085,15699,389,15699,7,15699,6,17994,3,1.0290980999998283
3,0,,2026-07-22T10:08:11.188759,105799,15410,4470,15410,3003,15410,364,15410,4,15410,8,17935,8,1.028809799994633
3,0,,2026-07-22T10:08:12.219285,106481,15438,4568,15438,3061,15438,378,15438,13,15438,2,18081,7,1.030131600004097
3,0,,2026-07-22T10:08:13.248312,106025,15388,4391,15388,2984,15388,387,15388,2,15388,2,17934,7,1.0286772000035853
3,0,,2026-07-22T10:08:14.277522,106403,15284,4472,15284,2960,15284,354,15284,9,15284,8,18009,3,1.0288340999977663
3,0,,2026-07-22T10:08:15.306700,106377,15414,4532,15414,2998,15414,329,15414,7,15414,3,18038,7,1.0288086000000476
3,0,,2026-07-22T10:08:16.335773,105937,15621,4618,15621,2967,15621,370,15621,4,15621,3,17833,7,1.0286774999985937
3,0,,2026-07-22T10:08:17.365145,106088,15721,4584,15721,2986,15721,375,15721,9,15721,9,17804,8,1.0290362000014284
3,0,,2026-07-22T10:08:18.393936,106755,15504,4520,15504,2961,15504,370,15504,5,15504,7,18004,7,1.0284324000022025
3,0,,2026-07-22T10:08:19.423079,106019,15343,4434,15343,2947,15343,368,15343,4,15343,6,17944,8,1.0287511999995331
3,0,,2026-07-22T10:08:20.449833,106509,15635,4602,15635,2993,15635,359,15635,8,15635,7,17947,12,1.0263963000033982
3,0,,2026-07-22T10:08:21.478544,105523,15366,4469,15366,2959,15366,374,15366,13,15366,1,17874,7,1.0284956000032253
3,0,,2026-07-22T10:08:22.507664,106328,15169,4494,15169,2917,15169,351,15169,9,15169,5,17889,6,1.0287415999991936
3,0,,2026-07-22T10:08:23.536432,106402,15601,4560,15601,2995,15601,393,15601,3,15601,4,18018,9,1.028431200000341
3,0,,2026-07-22T10:08:24.566674,106193,15337,4457,15337,2914,15337,363,15337,6,15337,2,18200,3,1.0298219000032987
3,0,,2026-07-22T10:08:25.595679,106547,15456,4557,15456,2867,15456,364,15456,6,15456,5,18020,7,1.0287318999980926
3,0,,2026-07-22T10:08:26.625067,106178,15563,4465,15563,2933,15563,365,15563,8,15563,5,17735,9,1.0290138999989722
3,0,,2026-07-22T10:08:27.654713,106141,15450,4506,15450,2914,15450,343,15450,6,15450,6,18098,16,1.029202699995949
3,0,,2026-07-22T10:08:28.682505,105694,15352,4513,15352,2895,15352,385,15352,9,15352,3,18065,6,1.0274787999951513
3,0,,2026-07-22T10:08:29.712460,105772,15193,4407,15193,2906,15193,367,15193,4,15193,2,17853,11,1.029724800006079
3,0,,2026-07-22T10:08:30.741453,106420,15331,4536,15331,2887,15331,354,15331,11,15331,6,17842,11,1.0286018999977387
3,0,,2026-07-22T10:08:31.771208,105913,15239,4539,15239,2839,15239,407,15239,4,15239,6,17867,7,1.0294011000005412
3,0,,2026-07-22T10:08:32.800240,106770,15494,4532,15494,2939,15494,367,15494,8,15494,4,18168,3,1.0286799000023166
3,0,,2026-07-22T10:08:33.829833,105537,15234,4509,15234,2901,15234,384,15234,7,15234,7,17991,8,1.0291747999945073
3,0,,2026-07-22T10:08:34.859149,105789,15434,4596,15434,2936,15434,387,15434,5,15434,6,18092,15,1.0289162000044598
3,0,,2026-07-22T10:08:35.888371,106166,15418,4471,15418,2973,15418,357,15418,5,15418,2,17930,9,1.0288301000036881
3,0,,2026-07-22T10:08:36.916578,105951,15517,4562,15517,2930,15517,366,15517,5,15517,5,17937,10,1.0278488999974797
3,0,,2026-07-22T10:08:37.945639,105603,15574,4468,15574,2974,15574,375,15574,5,15574,5,17905,9,1.0287227000007988
3,0,,2026-07-22T10:08:38.973640,106187,15490,4534,15490,2921,15490,369,15490,6,15490,6,17639,4,1.027606999996351
3,0,,2026-07-22T10:08:40.003359,106029,15443,4497,15443,2993,15443,393,15443,3,15443,6,17997,6,1.0293642999968142
3,0,,2026-07-22T10:08:41.032820,106159,15322,4471,15322,2962,15322,391,15322,9,15322,6,18242,5,1.0290855999992345
3,0,,2026-07-22T10:08:42.062114,105970,15317,4486,15317,2990,15317,371,15317,3,15317,4,17899,9,1.02896559999499
3,0,,2026-07-22T10:08:43.091263,105797,15545,4616,15545,2999,15545,347,15545,7,15545,6,18171,11,1.0287148999996134
3,0,,2026-07-22T10:08:44.117427,106780,15396,4423,15396,2922,15396,360,15396,5,15396,6,17861,6,1.0257923000026494
3,0,,2026-07-22T10:08:45.146013,106294,15281,4380,15281,2967,15281,342,15281,8,15281,6,18032,9,1.028445100004319
3,0,,2026-07-22T10:08:46.175546,106256,15387,4514,15387,2956,15387,354,15387,4,15387,8,17967,9,1.0291361999989022
3,0,,2026-07-22T10:08:47.205198,106232,15378,4474,15378,2893,15378,353,15378,9,15378,5,17902,8,1.0292172999979812
3,0,,2026-07-22T10:08:48.234578,105714,15325,4423,15325,2823,15325,397,15325,5,15325,7,17935,8,1.0289843999998993
3,0,,2026-07-22T10:08:49.263523,105715,15407,4441,15407,2977,15407,368,15407,4,15407,6,17999,7,1.0286330000017188
3,0,,2026-07-22T10:08:50.293058,105959,15318,4425,15318,2943,15318,347,15318,6,15318,5,17877,8,1.0291345000005094
3,0,,2026-07-22T10:08:51.322234,106490,15341,4396,15341,2914,15341,410,15341,4,15341,7,17973,5,1.0288361999992048
3,0,,2026-07-22T10:08:52.351569,105476,15432,4516,15432,2818,15432,393,15432,3,15432,5,17869,2,1.0289426000017556
3,0,,2026-07-22T10:08:53.380752,106320,15468,4542,15468,2923,15468,364,15468,6,15468,11,18072,6,1.02882170000521
3,0,,2026-07-22T10:08:54.410440,106414,15426,4469,15426,2978,15426,366,15426,9,15426,4,18302,10,1.0292850999976508
3,0,,2026-07-22T10:08:55.439892,107115,15425,4407,15425,3074,15425,352,15425,8,15425,3,17993,4,1.0289906000034534
3,0,,2026-07-22T10:08:56.468680,106631,15334,4524,15334,2900,15334,347,15334,8,15334,12,18226,8,1.0284078000040608
3,0,,2026-07-22T10:08:57.498448,106308,15361,4496,15361,2910,15361,368,15361,8,15361,10,18182,8,1.029390499999863
3,0,,2026-07-22T10:08:58.526154,106177,15506,4473,15506,2949,15506,371,15506,5,15506,4,18026,9,1.0274831999995513
3,0,,2026-07-22T10:08:59.554716,106442,15401,4414,15401,3032,15401,350,15401,5,15401,3,17997,3,1.0283181000049808
3,0,,2026-07-22T10:09:00.584515,105630,15304,4341,15304,2992,15304,366,15304,7,15304,2,17952,7,1.0294562999988557
3,0,,2026-07-22T10:09:01.614492,106214,15322,4460,15322,2950,15322,385,15322,5,15322,4,18059,6,1.0296281000046292
3,0,,2026-07-22T10:09:02.643686,106102,15166,4372,15166,2897,15166,358,15166,6,15166,3,18061,10,1.028845300003013
3,0,,2026-07-22T10:09:03.672828,106236,15636,4556,15636,3006,15636,367,15636,6,15636,3,18055,10,1.0287698000029195
3,0,,2026-07-22T10:09:04.706760,106145,15280,4516,15280,2951,15280,380,15280,9,15280,10,17991,9,1.0335253000012017
3,0,,2026-07-22T10:09:05.735785,107069,15656,4567,15656,3015,15656,373,15656,5,15656,8,18050,7,1.0285994000005303
3,0,,2026-07-22T10:09:06.764252,106584,15715,4605,15715,2988,15715,366,15715,4,15715,6,18502,6,1.0281602999966708
3,0,,2026-07-22T10:09:07.793031,105799,15432,4522,15432,2981,15432,393,15432,10,15432,5,17973,12,1.028477899999416
3,0,,2026-07-22T10:09:08.821754,106281,15365,4526,15365,2968,15365,337,15365,5,15365,4,18015,6,1.028519999999844
3,0,,2026-07-22T10:09:09.852618,106135,15324,4442,15324,3033,15324,369,15324,7,15324,4,18065,6,1.03048729999864
3,0,,2026-07-22T10:09:10.881833,106708,15491,4570,15491,2923,15491,379,15491,4,15491,4,17908,8,1.0287553000016487
3,0,,2026-07-22T10:09:11.911605,106464,15492,4458,15492,3028,15492,368,15492,6,15492,8,18003,12,1.029438300000038
3,0,,2026-07-22T10:09:12.940529,105525,15131,4474,15131,2837,15132,362,15132,6,15132,7,17979,6,1.0285388000047533
3,0,,2026-07-22T10:09:13.969382,105981,15250,4558,15250,2960,15249,363,15249,10,15249,4,18019,10,1.0284510000055889
3,0,,2026-07-22T10:09:14.998587,106178,15470,4521,15470,2937,15470,364,15470,4,15470,9,18086,8,1.0288314999997965
3,0,,2026-07-22T10:09:16.027588,106578,15442,4495,15442,3010,15442,364,15442,5,15442,4,17953,7,1.0286525999981677
3,0,,2026-07-22T10:09:17.057000,106081,15391,4493,15391,2890,15391,362,15391,7,15391,10,17928,5,1.0291692999962834
3,0,,2026-07-22T10:09:18.084770,106535,15487,4587,15487,2883,15487,400,15487,5,15487,10,17791,8,1.027440600002592
3,0,,2026-07-22T10:09:19.114061,105904,15400,4643,15400,2869,15400,357,15400,5,15400,10,17740,6,1.028901899997436
3,0,,2026-07-22T10:09:20.141888,106515,15578,4604,15578,3000,15578,368,15578,6,15578,4,18179,8,1.0275179000018397
3,0,,2026-07-22T10:09:21.168575,105619,15375,4536,15375,2919,15375,377,15375,8,15375,5,18102,6,1.0264189999943483
3,0,,2026-07-22T10:09:22.198540,105883,15343,4467,15343,2848,15344,373,15344,5,15344,6,17843,4,1.0296649000010802
3,0,,2026-07-22T10:09:23.227846,106961,15491,4556,15491,2981,15490,371,15490,7,15490,2,18025,6,1.0289059999995516
3,0,,2026-07-22T10:09:24.256473,106032,15564,4564,15564,2936,15564,366,15564,11,15564,7,18215,6,1.0283238999982132
3,0,,2026-07-22T10:09:25.285913,105998,15436,4567,15436,2962,15436,375,15436,9,15437,5,18097,8,1.0291166999959387
3,0,,2026-07-22T10:09:26.314961,106392,15576,4664,15576,2889,15576,423,15576,7,15575,5,18219,6,1.0286890999996103
3,0,,2026-07-22T10:09:27.344821,106199,15450,4458,15450,2964,15450,362,15450,9,15450,1,18240,13,1.0295117999994545
3,0,,2026-07-22T10:09:28.374254,106208,15509,4415,15509,2940,15509,379,15509,4,15509,6,18080,7,1.02903040000092
3,0,,2026-07-22T10:09:29.404063,106943,15689,4520,15689,3100,15689,373,15689,3,15689,4,18102,7,1.0293713999999454
3,0,,2026-07-22T10:09:30.433877,106277,15413,4533,15413,3037,15413,356,15413,8,15413,6,17952,7,1.0294739000019035
3,0,,2026-07-22T10:09:31.462739,106529,15587,4498,15587,3037,15587,340,15587,9,15587,9,18049,6,1.0284546999973827
3,0,,2026-07-22T10:09:32.491802,106149,15363,4517,15363,2934,15363,383,15363,3,15363,7,17955,11,1.0287213000046904
3,0,,2026-07-22T10:09:33.520666,106469,15394,4471,15394,2993,15394,372,15394,3,15394,4,17783,9,1.028469299999415
3,0,,2026-07-22T10:09:34.550191,106527,15436,4550,15436,3013,15436,375,15436,6,15436,3,17924,5,1.0291291999965324
3,0,,2026-07-22T10:09:35.579714,106278,15258,4453,15258,2957,15258,368,15258,8,15258,9,18106,5,1.0291447999989032
3,0,,2026-07-22T10:09:36.608301,106400,15513,4405,15513,2989,15513,416,15513,4,15513,2,18030,6,1.0281993000025977
3,0,,2026-07-22T10:09:37.637426,105814,15116,4401,15116,2893,15116,359,15116,4,15116,6,18000,4,1.028769699994882
3,0,,2026-07-22T10:09:38.664518,106043,15391,4592,15391,2869,15391,373,15391,4,15391,6,17891,8,1.0266928999990341
3,0,,2026-07-22T10:09:39.693282,105950,15470,4624,15470,3024,15470,368,15470,4,15470,7,17644,3,1.0284546999973827
3,0,,2026-07-22T10:09:40.722993,106188,15519,4482,15519,2986,15519,365,15519,7,15519,4,18199,7,1.029314899999008
3,0,,2026-07-22T10:09:41.751427,106233,15335,4440,15335,2873,15335,384,15335,6,15335,5,18207,9,1.028113200001826
3,0,,2026-07-22T10:09:42.779163,105906,15543,4535,15543,2913,15543,388,15543,6,15543,11,18033,7,1.0274093999978504
3,0,,2026-07-22T10:09:43.808683,105639,15376,4556,15376,2939,15376,364,15376,9,15376,4,17951,7,1.0292633999997634
3,0,,2026-07-22T10:09:44.837564,106670,15534,4630,15534,2946,15534,362,15534,3,15534,10,18135,1,1.0285187999979826
3,0,,2026-07-22T10:09:45.867536,105772,15435,4487,15435,3038,15435,380,15435,6,15435,4,18085,6,1.0296023999981117
3,0,,2026-07-22T10:09:46.896247,105755,15227,4500,15227,2915,15227,366,15227,9,15227,7,17953,3,1.0282797000036226
3,0,,2026-07-22T10:09:47.925671,106605,15560,4625,15560,2957,15560,362,15560,8,15560,7,17975,7,1.0290929000038886
3,0,,2026-07-22T10:09:48.954954,106253,15484,4531,15484,2961,15484,395,15484,7,15484,10,18087,8,1.0288805000018328
3,0,,2026-07-22T10:09:49.982414,106146,15543,4599,15543,2922,15543,349,15543,13,15543,5,18040,9,1.0270830999943428
3,0,,2026-07-22T10:09:51.011122,106081,15660,4548,15660,2996,15660,386,15660,5,15660,5,17770,9,1.0284249000033014
3,0,,2026-07-22T10:09:52.039749,105581,15420,4422,15420,2964,15420,361,15420,7,15420,7,17975,8,1.0282379999989644
3,0,,2026-07-22T10:09:53.068764,106355,15421,4451,15421,2978,15421,336,15421,7,15421,5,18151,7,1.0287057999958051
3,0,,2026-07-22T10:09:54.096961,106906,15383,4538,15383,2958,15383,352,15383,8,15383,8,18221,4,1.027816800000437
3,0,,2026-07-22T10:09:55.126620,105773,15554,4537,15554,2983,15554,374,15554,5,15554,4,18011,7,1.0292736000046716
3,0,,2026-07-22T10:09:56.156572,105961,15181,4434,15181,2873,15181,379,15181,3,15181,7,18076,8,1.029541900003096
3,0,,2026-07-22T10:09:57.186120,106631,15401,4418,15401,2992,15401,369,15401,3,15401,7,18193,8,1.0291445999973803
3,0,,2026-07-22T10:09:58.214616,106079,15348,4511,15348,2871,15348,381,15348,5,15348,7,17877,7,1.0280942000026698
3,0,,2026-07-22T10:09:59.243777,105881,15435,4498,15435,2953,15435,343,15435,9,15435,1,18081,4,1.0288024000037694
3,0,,2026-07-22T10:10:00.272544,106318,15490,4569,15490,2876,15490,419,15490,2,15490,4,17929,10,1.0284189000012702
3,0,,2026-07-22T10:10:01.301452,106792,15529,4630,15529,2894,15529,356,15529,4,15529,5,17850,8,1.0287114000020665
3,0,,2026-07-22T10:10:02.331199,106777,15605,4539,15605,2961,15605,365,15605,5,15605,7,18084,8,1.0293728000033298
3,0,,2026-07-22T10:10:03.361064,106640,15574,4593,15574,2908,15574,383,15574,4,15574,6,17881,5,1.0294678999998723
3,0,,2026-07-22T10:10:04.390691,106733,15413,4487,15413,2930,15413,366,15413,8,15413,10,17928,6,1.0292245999953593
3,0,,2026-07-22T10:10:05.419875,106305,15153,4414,15153,2881,15153,366,15153,7,15153,7,18022,5,1.0288604000015766
3,0,,2026-07-22T10:10:06.449274,106661,15427,4429,15427,3001,15427,382,15427,10,15427,9,18072,8,1.0290143999955035
3,0,,2026-07-22T10:10:07.478772,106151,15673,4581,15673,2991,15673,371,15673,8,15673,5,18123,8,1.0291317000010167
3,0,,2026-07-22T10:10:08.506348,106548,15501,4541,15501,2902,15501,373,15501,7,15501,2,17841,4,1.0272346999990987
3,0,,2026-07-22T10:10:09.534015,106507,15528,4430,15528,3050,15528,377,15528,7,15528,3,17780,4,1.0273977000033483
3,0,,2026-07-22T10:10:10.563176,105895,15370,4568,15370,2932,15370,336,15370,2,15370,3,18043,6,1.0289389999961713
3,0,,2026-07-22T10:10:11.591489,105794,15453,4451,15453,2933,15453,366,15453,4,15453,3,17907,13,1.027864600000612
3,0,,2026-07-22T10:10:12.621141,106683,15667,4590,15667,3018,15667,369,15667,5,15667,3,18081,8,1.0292288999989978
3,0,,2026-07-22T10:10:13.650266,106220,15334,4418,15334,3029,15334,372,15334,6,15334,6,17948,5,1.028828100003011
3,0,,2026-07-22T10:10:14.680249,106177,15281,4425,15281,2929,15281,378,15281,9,15281,5,18055,8,1.0295884999941336
3,0,,2026-07-22T10:10:15.710220,106308,15374,4539,15374,2911,15374,346,15374,9,15374,4,17837,9,1.0296183999962523
3,0,,2026-07-22T10:10:16.741299,105830,15275,4482,15275,2926,15275,349,15275,6,15275,6,17991,6,1.0306857999967178
3,0,,2026-07-22T10:10:17.770880,106002,15498,4494,15498,3002,15498,348,15498,2,15498,11,17903,8,1.0291496999998344
3,0,,2026-07-22T10:10:18.797341,105589,15175,4384,15175,2811,15175,347,15175,9,15175,5,18021,4,1.0261724000010872
3,0,,2026-07-22T10:10:19.826484,106280,15485,4533,15485,2959,15485,356,15485,7,15485,5,18213,3,1.0288753999993787
3,0,,2026-07-22T10:10:20.855577,106132,15173,4445,15173,2951,15173,352,15173,6,15173,13,17905,8,1.0287593999964884
3,0,,2026-07-22T10:10:21.884603,106044,15298,4559,15298,2915,15298,375,15298,6,15298,6,17748,5,1.0286003000001074
3,0,,2026-07-22T10:10:22.912910,106486,15538,4591,15538,2927,15538,399,15538,3,15538,4,18165,9,1.027915500002564
3,0,,2026-07-22T10:10:23.941413,105956,15312,4364,15312,2973,15312,370,15312,6,15312,5,17793,13,1.0283371999976225
3,0,,2026-07-22T10:10:24.970752,105703,15451,4577,15451,3002,15451,351,15451,7,15451,2,17713,11,1.0291216000041459
3,0,,2026-07-22T10:10:25.998470,105608,15335,4427,15335,2938,15335,357,15335,8,15335,8,17822,6,1.0273932999989484
3,0,,2026-07-22T10:10:27.027198,106383,15465,4462,15465,3052,15465,408,15465,6,15465,9,17987,10,1.0284602999963681
3,0,,2026-07-22T10:10:28.056618,105657,15541,4585,15541,2926,15541,368,15541,4,15541,8,17846,8,1.029017599998042
3,0,,2026-07-22T10:10:29.083696,106054,15314,4506,15314,2869,15314,386,15314,2,15314,3,17998,10,1.0267663000049652
3,0,,2026-07-22T10:10:30.110207,105735,15351,4388,15351,2953,15351,381,15351,5,15351,6,17852,10,1.026321299999836
3,0,,2026-07-22T10:10:31.136464,106187,15213,4412,15213,2873,15213,319,15213,12,15213,6,18200,8,1.0260115999990376
3,0,,2026-07-22T10:10:32.163007,105848,15262,4503,15262,2930,15262,347,15262,8,15262,2,17942,11,1.0263520000007702
3,0,,2026-07-22T10:10:33.191575,105894,15351,4515,15351,3028,15351,330,15351,3,15351,2,17943,10,1.028314600000158
3,0,,2026-07-22T10:10:34.220012,106134,15380,4395,15380,2876,15380,389,15380,4,15380,3,17977,5,1.0280945000049542
3,0,,2026-07-22T10:10:35.248230,106269,15422,4438,15422,2907,15422,389,15422,5,15422,7,18234,5,1.0279662999964785
3,0,,2026-07-22T10:10:36.277074,106328,15497,4574,15497,3064,15497,383,15497,9,15497,8,18098,7,1.0285106000010273
3,0,,2026-07-22T10:10:37.304566,105435,15308,4483,15308,2902,15308,379,15308,5,15308,6,18022,10,1.0271444999962114
3,0,,2026-07-22T10:10:38.330889,106476,15408,4528,15408,2945,15408,397,15408,4,15408,3,17822,6,1.0260577999943052
3,0,,2026-07-22T10:10:39.358865,106089,15217,4446,15217,2906,15217,390,15217,7,15217,6,17952,12,1.027848099998664
3,0,,2026-07-22T10:10:40.387814,106275,15228,4399,15228,2939,15228,386,15228,5,15228,6,18067,8,1.0286493000021437
3,0,,2026-07-22T10:10:41.417479,106267,15335,4500,15335,2909,15335,362,15335,8,15335,7,17804,6,1.0293940999981714
3,0,,2026-07-22T10:10:42.444665,106198,15509,4512,15509,2944,15509,346,15509,10,15509,9,18160,7,1.0268101999972714
3,0,,2026-07-22T10:10:43.473361,105810,15284,4532,15284,2873,15284,366,15284,9,15284,4,18095,7,1.0283839999974589
3,0,,2026-07-22T10:10:44.501893,105989,15306,4509,15306,2859,15306,360,15306,10,15306,2,18001,7,1.0282303999993019
3,0,,2026-07-22T10:10:45.531014,106095,15251,4541,15251,2930,15251,370,15251,9,15251,3,18078,7,1.0286965999985114
3,0,,2026-07-22T10:10:46.559625,106440,15571,4471,15571,3034,15571,395,15571,11,15571,4,18115,15,1.0282506000003195
3,0,,2026-07-22T10:10:47.588808,105914,15217,4399,15217,2921,15217,341,15217,5,15217,6,17731,8,1.0288329000031808
3,0,,2026-07-22T10:10:48.617801,106510,15515,4673,15515,2902,15515,370,15515,2,15515,8,17854,6,1.0286441999996896
3,0,,2026-07-22T10:10:49.646763,106061,15313,4531,15313,2930,15313,328,15313,9,15313,4,18293,3,1.0285702999972273
3,0,,2026-07-22T10:10:50.675867,105958,15373,4441,15373,2944,15373,357,15373,2,15373,6,17961,5,1.0286761000024853
3,0,,2026-07-22T10:10:51.703061,106605,15514,4500,15514,2964,15514,351,15514,11,15514,8,17962,5,1.0268904000040493
3,0,,2026-07-22T10:10:52.732471,106062,15603,4616,15603,2931,15603,357,15603,7,15603,8,18262,7,1.0291500000021188
3,0,,2026-07-22T10:10:53.759883,106074,15407,4516,15407,2921,15407,367,15407,4,15407,7,17957,10,1.0270925000004354
3,0,,2026-07-22T10:10:54.790888,106207,15455,4568,15455,2898,15455,379,15455,7,15455,2,18176,9,1.0306908000056865
3,0,,2026-07-22T10:10:55.819481,106724,15488,4486,15488,2993,15488,379,15488,7,15488,5,17941,9,1.0282930999965174
3,0,,2026-07-22T10:10:56.847574,106377,15702,4576,15702,2976,15702,347,15702,6,15702,3,18219,5,1.0277892000012798
3,0,,2026-07-22T10:10:57.875103,105701,15408,4504,15408,2881,15408,375,15408,3,15408,10,18017,6,1.027180999997654
3,0,,2026-07-22T10:10:58.902829,105922,15297,4420,15297,2910,15297,367,15297,8,15297,4,17901,5,1.0274551999973482
3,0,,2026-07-22T10:10:59.930618,105782,15355,4374,15355,2890,15355,384,15355,3,15355,3,17956,7,1.0274895999973523
3,0,,2026-07-22T10:11:00.957555,106057,15660,4507,15660,3043,15660,390,15660,6,15660,6,17735,13,1.0266515000039362
3,0,,2026-07-22T10:11:01.985601,105812,15468,4476,15468,2942,15468,393,15468,14,15468,7,18027,6,1.0277306999996654
3,0,,2026-07-22T10:11:03.013742,105732,15415,4580,15415,2927,15415,364,15415,6,15415,1,17675,12,1.027833299995109
3,0,,2026-07-22T10:11:04.040587,106782,15615,4610,15615,3021,15615,329,15615,5,15615,5,17730,6,1.026545900000201
3,0,,2026-07-22T10:11:05.069885,106517,15249,4473,15249,2949,15249,355,15249,9,15249,5,18063,9,1.0290434999988065
3,0,,2026-07-22T10:11:06.099281,106256,15651,4625,15651,3079,15651,382,15651,9,15651,7,17992,6,1.0290894999998272
3,0,,2026-07-22T10:11:07.127861,106481,15485,4506,15485,3048,15485,353,15485,8,15485,10,17959,6,1.0281962000008207
3,0,,2026-07-22T10:11:08.156865,106051,15409,4566,15409,2961,15409,341,15409,6,15409,7,17912,9,1.0286468999984208
3,0,,2026-07-22T10:11:09.184122,106285,15390,4600,15390,2934,15390,330,15390,6,15390,9,17938,9,1.026884799997788
3,0,,2026-07-22T10:11:10.210068,106548,15525,4454,15525,2990,15525,362,15525,5,15525,4,17871,8,1.0256527999954415
3,0,,2026-07-22T10:11:11.239118,106157,15699,4604,15699,3029,15699,397,15699,7,15699,8,18166,6,1.0288949999958277
3,0,,2026-07-22T10:11:12.268160,105980,15285,4497,15285,2953,15285,363,15285,11,15285,2,18152,10,1.0287223999985144
3,0,,2026-07-22T10:11:13.298457,106680,15461,4497,15461,2939,15461,345,15461,11,15461,7,18171,6,1.029861199996958
3,0,,2026-07-22T10:11:14.327260,106153,15465,4567,15465,2877,15465,365,15465,1,15465,6,18205,9,1.028411600003892
3,0,,2026-07-22T10:11:15.357400,106264,15587,4559,15587,2999,15587,398,15587,7,15587,5,18062,7,1.0297375000009197
3,0,,2026-07-22T10:11:16.384178,106635,15572,4607,15572,2888,15572,368,15572,8,15572,5,17910,10,1.026471599994693
3,0,,2026-07-22T10:11:17.413156,105470,15257,4512,15257,2874,15257,347,15257,3,15257,7,18218,3,1.0287138999992749
3,0,,2026-07-22T10:11:18.441948,106359,15406,4475,15406,2898,15406,396,15406,9,15406,5,17942,9,1.028467100004491
3,0,,2026-07-22T10:11:19.471672,106816,15492,4445,15492,3024,15492,371,15492,10,15492,5,18046,5,1.0293717999957153
3,0,,2026-07-22T10:11:20.500476,106345,15497,4503,15497,2961,15497,363,15497,6,15497,2,17937,6,1.028432499995688
3,0,,2026-07-22T10:11:21.528588,106179,15553,4588,15553,2944,15553,384,15553,1,15553,7,18091,8,1.0277331999968737
3,0,,2026-07-22T10:11:22.557699,106161,15291,4472,15291,2871,15291,344,15291,5,15291,2,18239,5,1.0288396000032662
3,0,,2026-07-22T10:11:23.586673,106024,15301,4500,15301,2851,15301,379,15301,4,15301,3,17876,11,1.028596900003322
3,0,,2026-07-22T10:11:24.616272,106738,15503,4470,15503,2937,15503,399,15503,5,15503,5,17957,10,1.0292527999990853
3,0,,2026-07-22T10:11:25.644706,106339,15728,4663,15728,3084,15728,361,15728,9,15728,6,17984,6,1.0280947999999626
3,0,,2026-07-22T10:11:26.674013,106172,15494,4417,15494,2976,15494,404,15494,9,15494,4,18199,14,1.0288526000003912
3,0,,2026-07-22T10:11:27.703531,106389,15415,4487,15415,2926,15415,360,15415,5,15415,3,18201,5,1.02911829999357
3,0,,2026-07-22T10:11:28.732888,106652,15397,4474,15397,2925,15397,368,15397,5,15397,8,18200,12,1.0290511999992304
3,0,,2026-07-22T10:11:29.762426,106818,15700,4566,15700,2995,15700,370,15700,7,15700,3,17910,8,1.029160199999751
3,0,,2026-07-22T10:11:30.791552,106556,15669,4581,15669,2884,15669,401,15669,6,15669,6,18039,6,1.0286724000034155
3,0,,2026-07-22T10:11:31.821312,106427,15485,4518,15485,2931,15485,411,15485,4,15485,4,17887,12,1.0294527000005473
3,0,,2026-07-22T10:11:32.847856,106182,15157,4396,15157,2853,15157,357,15157,6,15157,9,18064,6,1.026207399998384
3,0,,2026-07-22T10:11:33.874715,106441,15518,4506,15518,2923,15518,388,15518,11,15518,4,18105,10,1.026666000005207
3,0,,2026-07-22T10:11:34.903487,106082,15160,4388,15160,2916,15160,381,15160,10,15160,6,18229,8,1.0285155000019586
3,0,,2026-07-22T10:11:35.933334,106855,15345,4528,15345,2947,15345,371,15345,4,15345,7,17979,6,1.029496899995138
3,0,,2026-07-22T10:11:36.961391,106970,15548,4532,15548,3008,15548,364,15548,8,15548,6,18241,13,1.0276486000002478
3,0,,2026-07-22T10:11:37.990236,106656,15431,4516,15431,3039,15431,364,15431,4,15431,7,17868,7,1.0284873000055086
3,0,,2026-07-22T10:11:39.019460,106273,15494,4474,15494,2923,15494,380,15494,10,15494,6,18048,5,1.0288591999997152
3,0,,2026-07-22T10:11:40.049006,106472,15483,4394,15483,2981,15483,391,15483,9,15483,5,18262,3,1.0292061000000103
3,0,,2026-07-22T10:11:41.077642,106356,15423,4533,15423,2916,15423,348,15423,5,15423,9,17934,10,1.0282174000021769
3,0,,2026-07-22T10:11:42.106956,106475,15455,4567,15455,2884,15455,369,15455,3,15455,2,18025,2,1.028873900002509
3,0,,2026-07-22T10:11:43.136928,106140,15636,4469,15636,2966,15636,412,15636,7,15636,6,17995,11,1.0295740000001388
3,0,,2026-07-22T10:11:44.166656,106545,15466,4490,15466,2940,15466,394,15466,5,15466,3,18261,6,1.029320599998755
3,0,,2026-07-22T10:11:45.196264,106213,15201,4453,15201,2882,15201,355,15201,7,15201,4,18068,9,1.0291560999976355
3,0,,2026-07-22T10:11:46.225495,105746,15284,4526,15284,2902,15284,338,15284,4,15284,10,18037,7,1.028953699998965
3,0,,2026-07-22T10:11:47.254910,106659,15476,4532,15476,2949,15476,342,15476,3,15476,6,17932,12,1.029061899993394
3,0,,2026-07-22T10:11:48.283896,106302,15649,4456,15649,2987,15649,397,15649,8,15649,6,17999,6,1.0286288000061177
3,0,,2026-07-22T10:11:49.313486,106340,15495,4522,15495,2985,15495,377,15495,6,15495,4,17984,5,1.0292703000013717
3,0,,2026-07-22T10:11:50.342916,106831,15616,4568,15616,2938,15616,361,15616,6,15616,7,18051,8,1.0290062999993097
3,0,,2026-07-22T10:11:51.372248,106953,15445,4483,15445,2968,15445,361,15445,5,15445,13,18201,3,1.0289151000033598
3,0,,2026-07-22T10:11:52.401033,106140,15387,4462,15387,3001,15387,376,15387,4,15387,5,18156,5,1.0284914000003482
3,0,,2026-07-22T10:11:53.430879,106132,15341,4601,15341,2920,15341,333,15341,6,15341,5,17986,9,1.0295092000014847
3,0,,2026-07-22T10:11:54.460418,106276,15435,4456,15435,2933,15435,367,15435,8,15435,10,18238,6,1.0291868999993312
3,0,,2026-07-22T10:11:55.489674,107022,15687,4547,15687,3024,15687,369,15687,13,15687,4,17979,9,1.0290175000045565
3,0,,2026-07-22T10:11:56.518642,105462,15317,4448,15317,2959,15317,381,15317,4,15317,3,17868,6,1.028573999996297
3,0,,2026-07-22T10:11:57.548153,106481,15539,4582,15539,2974,15539,348,15539,7,15540,6,17971,7,1.0291273999973782
3,0,,2026-07-22T10:11:58.577762,106023,15376,4467,15376,2890,15376,379,15376,5,15375,4,17948,6,1.0292294999962905
3,0,,2026-07-22T10:11:59.607098,106043,15770,4550,15770,2937,15770,400,15770,6,15770,10,18016,6,1.0289370000027702
3,0,,2026-07-22T10:12:00.637267,106380,15521,4546,15521,2936,15521,384,15521,5,15521,6,17989,5,1.0297846000030404
3,0,,2026-07-22T10:12:01.664249,105859,15392,4353,15392,2969,15392,371,15392,4,15392,5,17948,8,1.02665960000013
3,0,,2026-07-22T10:12:02.693267,106466,15292,4433,15292,2921,15292,360,15292,6,15292,8,17976,7,1.0287628000005498
3,0,,2026-07-22T10:12:03.721604,106621,15573,4564,15573,2908,15573,379,15573,5,15573,4,17791,5,1.0279082999986713
3,0,,2026-07-22T10:12:04.750599,106226,15470,4502,15470,2982,15470,314,15470,6,15470,2,17974,10,1.028682399999525
3,0,,2026-07-22T10:12:05.779966,106598,15676,4524,15676,3095,15676,354,15676,6,15676,6,18079,12,1.0289981000023545
3,0,,2026-07-22T10:12:06.809354,106585,15517,4524,15517,2935,15517,352,15517,4,15517,4,18063,5,1.02893960000074
3,0,,2026-07-22T10:12:07.838030,106230,15219,4534,15219,2914,15219,364,15219,8,15219,10,18016,7,1.0283061999944039
3,0,,2026-07-22T10:12:08.865172,107097,15436,4527,15436,2962,15436,337,15436,11,15436,3,17902,8,1.026808800001163
3,0,,2026-07-22T10:12:09.892813,106229,15258,4385,15258,2936,15258,343,15258,8,15258,6,17900,13,1.0274515000055544
3,0,,2026-07-22T10:12:10.922532,106152,15443,4503,15443,2902,15443,398,15443,6,15443,3,18178,11,1.0294267000062973
3,0,,2026-07-22T10:12:11.951338,106301,15469,4479,15469,3004,15469,339,15469,6,15469,5,17911,13,1.0284086000028765
3,0,,2026-07-22T10:12:12.978884,105900,15492,4525,15492,2949,15492,384,15492,6,15492,9,17874,8,1.0271409999986645
3,0,,2026-07-22T10:12:14.008368,106523,15222,4396,15222,2919,15222,369,15222,11,15222,4,18245,7,1.029222999997728
3,0,,2026-07-22T10:12:15.037798,106113,15408,4494,15408,2804,15408,348,15408,7,15408,9,18195,8,1.0290548000048148
3,0,,2026-07-22T10:12:16.067006,106584,15328,4519,15328,2984,15328,367,15328,10,15328,6,18330,4,1.0288287000003038
3,0,,2026-07-22T10:12:17.094274,106394,15480,4581,15480,2932,15480,353,15480,9,15480,5,18090,8,1.0269705999962753
3,0,,2026-07-22T10:12:18.123750,106710,15701,4493,15701,2986,15701,393,15701,6,15701,2,17871,5,1.0291599999982282
3,0,,2026-07-22T10:12:19.152690,106328,15501,4548,15501,2982,15501,413,15501,5,15501,7,17979,8,1.0285538999960409
3,0,,2026-07-22T10:12:20.182340,106034,15596,4563,15596,3023,15596,345,15596,5,15596,10,18137,8,1.0292210999978124
3,0,,2026-07-22T10:12:21.211544,106425,15267,4380,15267,3014,15267,337,15267,5,15267,9,18273,6,1.0288618999984465
3,0,,2026-07-22T10:12:22.239396,106371,15653,4647,15653,2925,15653,379,15653,7,15653,7,17622,13,1.027481799996167
3,0,,2026-07-22T10:12:23.269027,106474,15486,4572,15486,2884,15486,374,15486,5,15486,5,17983,5,1.0292790000021341
3,0,,2026-07-22T10:12:24.297929,106733,15565,4591,15565,2971,15565,373,15565,7,15565,5,17872,7,1.028555700002471
3,0,,2026-07-22T10:12:25.326514,105753,15315,4516,15315,2906,15315,362,15315,7,15315,3,17910,10,1.0282367000036174
3,0,,2026-07-22T10:12:26.356112,106540,15564,4572,15564,3014,15564,366,15564,9,15564,4,18101,7,1.029261999996379
3,0,,2026-07-22T10:12:27.385189,106192,15143,4397,15143,2860,15143,350,15143,3,15143,12,17931,12,1.0287293000001227
3,0,,2026-07-22T10:12:28.413670,106233,15356,4460,15356,2869,15356,370,15356,6,15356,6,18248,7,1.0280686999976751
3,0,,2026-07-22T10:12:29.442159,106695,15502,4597,15502,2920,15502,338,15502,7,15502,8,18011,4,1.0281084000016563
3,0,,2026-07-22T10:12:30.471544,106683,15519,4524,15519,3003,15519,392,15519,10,15519,9,18095,7,1.0290064999935566
3,0,,2026-07-22T10:12:31.500711,106010,15636,4582,15636,3038,15636,368,15636,4,15636,5,18003,5,1.028775000006135
3,0,,2026-07-22T10:12:32.530072,106411,15414,4480,15414,3010,15414,384,15414,3,15414,3,17818,5,1.029008800003794
3,0,,2026-07-22T10:12:33.558924,105983,15555,4575,15555,2940,15555,376,15555,9,15555,4,17777,7,1.0284234999999171
3,0,,2026-07-22T10:12:34.588646,105908,15392,4441,15392,3009,15392,379,15392,7,15392,5,17983,10,1.0293407999997726
3,0,,2026-07-22T10:12:35.618095,106231,15409,4477,15409,2847,15409,327,15409,8,15409,7,18010,10,1.0291219999999157
3,0,,2026-07-22T10:12:36.647484,106037,15543,4516,15543,2958,15543,379,15543,7,15543,4,17855,5,1.0290289000040502
3,0,,2026-07-22T10:12:37.675351,106000,15506,4545,15506,2989,15506,337,15506,3,15506,5,17780,5,1.0275154000046314
3,0,,2026-07-22T10:12:38.704806,105868,15393,4464,15393,2931,15393,382,15393,8,15393,2,18084,8,1.029144299995096
3,0,,2026-07-22T10:12:39.734448,107462,15773,4675,15773,3007,15773,386,15773,5,15773,7,17903,9,1.0292303999958676
3,0,,2026-07-22T10:12:40.762998,106118,15275,4530,15275,2867,15275,348,15275,10,15275,7,18020,9,1.0282148999976926
3,0,,2026-07-22T10:12:41.791471,106485,15512,4537,15512,2994,15512,373,15512,7,15512,3,18321,6,1.0281069000047864
3,0,,2026-07-22T10:12:42.820711,106298,15345,4575,15345,2889,15345,347,15345,7,15345,5,18089,9,1.0288741999975173
3,0,,2026-07-22T10:12:43.849883,106411,15539,4507,15539,2874,15539,402,15539,8,15539,7,17818,8,1.0288240000008955
3,0,,2026-07-22T10:12:44.878305,106334,15444,4591,15444,2854,15445,335,15445,6,15445,4,17897,9,1.028006300002744
3,0,,2026-07-22T10:12:45.907783,106174,15643,4602,15643,2952,15642,364,15642,4,15642,5,18063,6,1.0292135999989114
3,0,,2026-07-22T10:12:46.935455,106276,15431,4373,15431,3072,15431,398,15431,4,15431,5,17881,5,1.0273214999979245
3,0,,2026-07-22T10:12:47.964368,106412,15566,4606,15566,2869,15566,336,15566,5,15566,8,18027,5,1.0286527999996906
3,0,,2026-07-22T10:12:48.993323,106512,15451,4540,15451,2943,15451,353,15451,6,15451,4,17974,3,1.028499499996542
3,0,,2026-07-22T10:12:50.021439,105834,15339,4494,15339,2873,15339,361,15339,10,15339,9,17942,11,1.0278289999987464
3,0,,2026-07-22T10:12:51.050550,106550,15386,4484,15386,2944,15386,379,15386,5,15386,5,17996,8,1.0287628999940353
3,0,,2026-07-22T10:12:52.077476,106185,15454,4537,15454,2993,15454,371,15454,10,15454,5,17995,8,1.0265980000040145
3,0,,2026-07-22T10:12:53.106198,105904,15548,4567,15548,2973,15548,384,15548,8,15548,4,18098,9,1.028490700002294
3,0,,2026-07-22T10:12:54.134950,106721,15470,4581,15470,2915,15470,379,15470,6,15470,5,17947,9,1.028370799998811
3,0,,2026-07-22T10:12:55.164163,106811,15566,4524,15566,2972,15566,365,15566,6,15566,6,17982,6,1.0288777000023401
3,0,,2026-07-22T10:12:56.193456,106539,15295,4465,15295,2861,15295,344,15295,6,15295,3,18209,7,1.0289026000027661
3,0,,2026-07-22T10:12:57.222514,106417,15330,4467,15330,2934,15330,356,15330,5,15330,4,18083,4,1.0286123999976553
3,0,,2026-07-22T10:12:58.250237,106097,15365,4515,15365,2947,15365,384,15365,5,15365,4,18198,11,1.0273019000014756
3,0,,2026-07-22T10:12:59.276525,105656,15283,4466,15283,2919,15283,366,15283,12,15283,4,18051,11,1.0260397999954876
3,0,,2026-07-22T10:13:00.305003,105758,15348,4518,15348,2910,15348,378,15348,8,15348,3,17891,9,1.0282746000011684
3,0,,2026-07-22T10:13:01.334582,106097,15464,4563,15464,2924,15464,371,15464,7,15464,10,18000,5,1.0292010999983177
3,0,,2026-07-22T10:13:02.363702,106262,15560,4641,15560,2877,15560,368,15560,6,15560,8,17880,4,1.0288801999995485
3,0,,2026-07-22T10:13:03.393234,107008,15635,4456,15635,3071,15635,374,15635,9,15635,8,18225,9,1.0291400999994949
3,0,,2026-07-22T10:13:04.421386,106672,15399,4438,15399,3048,15399,374,15399,5,15399,6,18178,8,1.0277480000004289
3,0,,2026-07-22T10:13:05.450069,106217,15439,4405,15439,3014,15439,360,15439,10,15439,4,18078,7,1.028342400000838
3,0,,2026-07-22T10:13:06.479014,106724,15545,4559,15545,2948,15545,362,15545,7,15545,3,17790,15,1.0286008999974001
3,0,,2026-07-22T10:13:07.507782,106818,15509,4571,15509,2887,15509,340,15509,8,15509,1,18356,9,1.0283788000015193
3,0,,2026-07-22T10:13:08.536964,106281,15359,4366,15359,2989,15359,341,15359,2,15359,5,17964,14,1.0287616999994498
3,0,,2026-07-22T10:13:09.565731,106523,15218,4441,15218,2935,15218,339,15218,8,15218,4,18107,5,1.0284180000016931
3,0,,2026-07-22T10:13:10.595375,106189,15484,4541,15484,3021,15484,333,15484,8,15484,4,17866,7,1.029321300004085
3,0,,2026-07-22T10:13:11.624236,106171,15427,4411,15427,2891,15427,368,15427,6,15427,10,18064,9,1.0285406000039075
3,0,,2026-07-22T10:13:12.653499,106925,15440,4538,15440,2944,15440,416,15440,2,15440,2,18061,6,1.0289101000016672
3,0,,2026-07-22T10:13:13.682876,106173,15464,4563,15464,2927,15464,364,15464,8,15464,6,18108,12,1.0290018000014243
3,0,,2026-07-22T10:13:14.712076,106497,15450,4504,15450,2850,15450,365,15450,4,15450,8,17952,11,1.028817500002333
3,0,,2026-07-22T10:13:15.740716,106111,15296,4539,15296,2931,15296,349,15296,7,15296,3,17789,11,1.0282544000001508
3,0,,2026-07-22T10:13:16.770155,106619,15500,4496,15500,2997,15500,377,15500,6,15500,5,18160,8,1.0290864999988116
3,0,,2026-07-22T10:13:17.799832,106094,15353,4536,15353,3022,15353,373,15353,6,15353,4,17994,10,1.0292929999995977
3,0,,2026-07-22T10:13:18.829384,106681,15518,4536,15518,2873,15518,337,15518,10,15518,5,17993,6,1.0291803000000073
3,0,,2026-07-22T10:13:19.858456,106302,15721,4540,15721,3029,15721,391,15721,7,15721,10,18025,7,1.0286684000020614
3,0,,2026-07-22T10:13:20.887098,105998,15625,4507,15625,3080,15625,325,15625,5,15625,4,17974,8,1.0282936999938102
3,0,,2026-07-22T10:13:21.916512,106415,15555,4526,15555,2997,15555,355,15555,1,15555,8,18014,11,1.0290244999996503
3,0,,2026-07-22T10:13:22.943053,106483,15467,4573,15467,2933,15467,386,15467,4,15467,8,17955,6,1.0262020000009215
3,0,,2026-07-22T10:13:23.969480,106314,15436,4558,15436,2879,15436,356,15436,8,15436,1,17984,8,1.0262805999955162
3,0,,2026-07-22T10:13:24.996915,105422,15450,4525,15450,2996,15450,364,15450,8,15450,4,17881,10,1.0272642000054475
3,0,,2026-07-22T10:13:26.026206,106098,15449,4522,15449,2958,15449,361,15449,6,15449,3,18026,8,1.0290960000056657
3,0,,2026-07-22T10:13:27.054916,106135,15415,4591,15415,2924,15415,385,15415,10,15415,3,18078,7,1.0282922999977018
3,0,,2026-07-22T10:13:28.084432,106595,15463,4613,15463,2949,15463,374,15463,9,15463,3,18172,5,1.0291021000011824
3,0,,2026-07-22T10:13:29.113267,106401,15313,4404,15313,2949,15313,335,15313,12,15313,8,17930,9,1.0284118999989005
3,0,,2026-07-22T10:13:30.142564,106819,15534,4556,15534,3043,15534,359,15534,11,15534,3,17948,6,1.02890810000099
3,0,,2026-07-22T10:13:31.171455,106132,15251,4407,15251,2878,15251,372,15251,5,15251,5,17975,4,1.0285076000000117
3,0,,2026-07-22T10:13:32.199912,106092,15374,4445,15374,2908,15374,355,15374,3,15374,3,18144,4,1.0280266999980086
3,0,,2026-07-22T10:13:33.228751,106686,15647,4636,15647,3021,15647,373,15647,5,15647,7,17835,13,1.0284841999964556
3,0,,2026-07-22T10:13:34.258115,106482,15715,4613,15715,2975,15715,361,15715,6,15715,7,17983,7,1.0289361999966786
3,0,,2026-07-22T10:13:35.286399,106985,15593,4507,15593,2910,15593,394,15593,7,15593,5,18060,7,1.0278996999986703
3,0,,2026-07-22T10:13:36.316178,106554,15239,4419,15239,2918,15239,386,15239,4,15239,5,18224,8,1.029421100000036
3,0,,2026-07-22T10:13:37.345174,105930,15286,4499,15286,2951,15286,334,15286,7,15286,8,17823,13,1.0286453000007896
3,0,,2026-07-22T10:13:38.374282,106588,15601,4497,15601,2897,15601,356,15601,7,15601,7,18041,9,1.0287261000048602
3,0,,2026-07-22T10:13:39.401234,106688,15801,4690,15801,3034,15801,372,15801,9,15801,4,17944,10,1.0266212999995332
3,0,,2026-07-22T10:13:40.430874,105929,15479,4535,15479,2966,15479,394,15479,4,15479,5,18034,5,1.029342200003157
3,0,,2026-07-22T10:13:41.459622,106911,15459,4593,15459,2985,15459,371,15459,2,15459,9,18023,7,1.0283166999943205
3,0,,2026-07-22T10:13:42.488671,106371,15469,4516,15469,3022,15469,365,15469,6,15469,8,17758,9,1.0286243000009563
3,0,,2026-07-22T10:13:43.517167,106805,15663,4546,15663,3005,15663,375,15663,9,15663,6,18145,11,1.0281353999962448
3,0,,2026-07-22T10:13:44.543071,106262,15424,4557,15424,2899,15424,388,15424,6,15424,4,17901,8,1.0255758999992395
3,0,,2026-07-22T10:13:45.571433,106523,15335,4565,15335,2995,15335,333,15335,7,15335,4,17879,10,1.0282336000018404
3,0,,2026-07-22T10:13:46.600513,106531,15664,4643,15664,2930,15664,359,15664,9,15664,3,17990,8,1.0287266000013915
3,0,,2026-07-22T10:13:47.630170,106283,15214,4468,15214,2912,15214,359,15214,4,15214,9,17944,8,1.0292007999960333
3,0,,2026-07-22T10:13:48.659936,106692,15401,4518,15401,2905,15401,355,15401,10,15401,2,17829,6,1.029405699999188
3,0,,2026-07-22T10:13:49.689149,105964,15598,4548,15598,3017,15598,338,15598,13,15598,8,17930,12,1.028801199994632
3,0,,2026-07-22T10:13:50.719041,106404,15487,4499,15487,3050,15487,386,15487,4,15487,2,18103,11,1.0295569000008982
3,0,,2026-07-22T10:13:51.749233,106533,15546,4583,15546,2971,15546,350,15546,6,15546,11,17865,10,1.0298457999961101
3,0,,2026-07-22T10:13:52.778586,106116,15427,4504,15427,2940,15427,389,15427,5,15427,3,18137,8,1.0289738999999827
3,0,,2026-07-22T10:13:53.807677,106305,15337,4591,15337,2831,15337,349,15337,7,15337,3,18004,13,1.0286860999985947
3,0,,2026-07-22T10:13:54.835151,106092,15385,4497,15385,2902,15385,368,15385,6,15385,9,18126,8,1.0272130999946967
3,0,,2026-07-22T10:13:55.863908,106390,15345,4457,15345,2934,15345,372,15345,4,15345,8,17972,15,1.0284656000003451
3,0,,2026-07-22T10:13:56.892633,106279,15579,4442,15579,2963,15579,380,15579,8,15579,6,17946,5,1.0284440000032191
3,0,,2026-07-22T10:13:57.921295,105804,15408,4562,15408,2917,15408,349,15408,11,15408,4,17975,10,1.0282946000006632
3,0,,2026-07-22T10:13:58.949755,106095,15567,4501,15567,3002,15567,386,15567,5,15567,3,17741,10,1.028065599995898
3,0,,2026-07-22T10:13:59.979238,106183,15440,4533,15440,2979,15440,395,15440,4,15440,4,18107,9,1.0290926999950898
3,0,,2026-07-22T10:14:01.008364,106060,15570,4574,15570,2963,15570,374,15570,8,15570,5,18192,11,1.0287176999991061
3,0,,2026-07-22T10:14:02.036972,107096,15564,4510,15564,2980,15564,367,15564,8,15564,5,17963,10,1.028258199999982
3,0,,2026-07-22T10:14:03.066154,106175,15330,4497,15330,2949,15330,356,15330,8,15330,7,18198,6,1.0289038000046276
3,0,,2026-07-22T10:14:04.094512,106422,15741,4654,15741,3008,15741,360,15741,7,15741,4,18042,10,1.027998800003843
3,0,,2026-07-22T10:14:05.124081,106791,15672,4675,15672,2899,15672,394,15672,6,15672,2,17974,5,1.0292601000037394
3,0,,2026-07-22T10:14:06.152764,106923,15596,4476,15596,3011,15596,371,15596,7,15596,5,18199,3,1.0283201999991434
3,0,,2026-07-22T10:14:07.181980,105873,15425,4616,15425,2953,15425,354,15425,6,15425,7,17739,5,1.028833799995482
3,0,,2026-07-22T10:14:08.210507,106398,15423,4557,15423,2935,15423,346,15423,8,15423,4,17914,5,1.0281345000039437
3,0,,2026-07-22T10:14:09.239113,106498,15483,4634,15483,2932,15483,370,15483,10,15483,7,18063,6,1.0282468000004883
3,0,,2026-07-22T10:14:10.266618,106383,15391,4595,15391,2924,15391,344,15391,9,15391,4,18268,10,1.0271495999986655
3,0,,2026-07-22T10:14:11.293999,106623,15555,4510,15555,2898,15555,438,15556,4,15556,8,18191,13,1.027107599998999
3,0,,2026-07-22T10:14:12.322611,105801,15129,4484,15129,2929,15129,338,15128,9,15128,4,18248,7,1.0283333000043058
3,0,,2026-07-22T10:14:13.351445,105966,15701,4673,15701,2914,15701,344,15701,10,15701,7,17765,7,1.0284911999988253
3,0,,2026-07-22T10:14:14.378806,106241,15580,4604,15580,2937,15580,364,15580,4,15580,12,17919,3,1.0270212999967043
3,0,,2026-07-22T10:14:15.405768,106496,15514,4635,15514,2924,15514,372,15514,5,15514,3,18108,7,1.0268370999983745
3,0,,2026-07-22T10:14:16.434911,106268,15290,4518,15290,2772,15290,353,15290,7,15290,5,18041,5,1.0288858000058099
3,0,,2026-07-22T10:14:17.464645,106532,15444,4546,15444,2925,15444,377,15444,7,15444,10,17963,3,1.0293640000018058
3,0,,2026-07-22T10:14:18.493560,106290,15242,4515,15242,2820,15242,367,15242,5,15242,6,18002,11,1.028490699995018
3,0,,2026-07-22T10:14:19.523299,105961,15435,4578,15435,2896,15435,363,15435,8,15435,9,17921,8,1.029331400000956
3,0,,2026-07-22T10:14:20.552244,106361,15776,4643,15776,3050,15776,385,15776,7,15776,9,18050,7,1.0285518000018783
3,0,,2026-07-22T10:14:21.581334,106278,15362,4498,15362,2869,15362,398,15362,5,15362,7,17876,4,1.028656399997999
3,0,,2026-07-22T10:14:22.609913,106721,15603,4540,15603,2937,15603,365,15603,10,15603,5,17990,9,1.0281738999983645
3,0,,2026-07-22T10:14:23.636096,106446,15338,4462,15338,2848,15338,339,15338,7,15338,2,18144,7,1.025856999993266
3,0,,2026-07-22T10:14:24.664860,106663,15354,4507,15354,2966,15354,336,15354,8,15354,8,17997,11,1.0284938999975566
3,0,,2026-07-22T10:14:25.693906,107133,15478,4544,15478,3040,15478,385,15478,7,15478,5,18110,4,1.0287586000049487
3,0,,2026-07-22T10:14:26.722762,107049,15491,4525,15491,2990,15491,404,15491,5,15491,5,18048,9,1.0284631000031368
3,0,,2026-07-22T10:14:27.750251,106004,15480,4517,15480,2858,15480,385,15480,6,15480,6,18104,12,1.0271221999937552
3,0,,2026-07-22T10:14:28.778669,105947,15453,4530,15453,2939,15453,388,15453,5,15453,5,17887,8,1.0282179999994696
3,0,,2026-07-22T10:14:29.808028,107137,15609,4582,15609,2997,15609,348,15609,7,15609,8,17811,14,1.0290020999964327
3,0,,2026-07-22T10:14:30.836183,106944,15286,4440,15286,2945,15286,383,15286,11,15286,5,18036,6,1.0278856000004453
3,0,,2026-07-22T10:14:31.865088,106529,15438,4484,15438,3040,15438,356,15438,5,15438,7,18001,9,1.0285345000011148
3,0,,2026-07-22T10:14:32.894953,106796,15655,4581,15655,2985,15655,388,15655,9,15655,7,17889,6,1.0294710999951349
3,0,,2026-07-22T10:14:33.922709,106617,15429,4599,15429,2994,15429,358,15429,3,15429,8,18197,13,1.0275091000003158
3,0,,2026-07-22T10:14:34.952301,106696,15506,4449,15506,2991,15506,347,15506,11,15506,6,18016,3,1.0293084000004455
3,0,,2026-07-22T10:14:35.981675,106403,15542,4700,15542,2916,15542,378,15542,9,15542,7,18009,15,1.028948400002264
3,0,,2026-07-22T10:14:37.010785,106766,15450,4536,15450,2859,15450,368,15450,4,15450,11,17949,12,1.0287540999997873
3,0,,2026-07-22T10:14:38.039249,106078,15296,4461,15296,2934,15296,382,15296,8,15296,6,17973,3,1.0281524999954854
3,0,,2026-07-22T10:14:39.067522,106452,15461,4486,15461,2961,15461,361,15461,6,15461,3,17914,8,1.0279567000034149
3,0,,2026-07-22T10:14:40.097041,106242,15356,4464,15357,2958,15357,360,15357,3,15357,5,18095,9,1.0291459000000032
3,0,,2026-07-22T10:14:41.126725,106442,15463,4487,15462,3008,15462,369,15462,7,15462,5,18057,8,1.0293449999953737
3,0,,2026-07-22T10:14:42.157532,106584,15578,4519,15578,2895,15578,374,15578,6,15578,6,17939,11,1.030389200001082
3,0,,2026-07-22T10:14:43.186941,106386,15598,4572,15598,2943,15598,406,15598,12,15598,5,17839,3,1.0289932000014232
3,0,,2026-07-22T10:14:44.216014,107092,15483,4535,15483,3047,15483,340,15483,7,15483,3,17928,5,1.0286646000022301
3,0,,2026-07-22T10:14:45.245621,106364,15311,4477,15311,2970,15311,340,15311,8,15311,10,17853,11,1.029214399997727
3,0,,2026-07-22T10:14:46.275204,106641,15661,4477,15661,3083,15661,355,15661,10,15661,10,18048,5,1.0291718000007677
3,0,,2026-07-22T10:14:47.303832,106292,15481,4560,15481,2962,15481,371,15481,17,15481,8,18126,2,1.0282069999957457
3,0,,2026-07-22T10:14:48.333719,106447,15656,4586,15656,2992,15656,358,15656,5,15656,6,17867,6,1.0295655000008992
3,0,,2026-07-22T10:14:49.362901,106577,15725,4555,15725,2993,15725,364,15725,6,15725,11,18231,14,1.0288126000014017
3,0,,2026-07-22T10:14:50.391934,106197,15440,4498,15440,2902,15440,351,15440,8,15440,6,17964,10,1.0286711000007926
3,0,,2026-07-22T10:14:51.421836,106149,15423,4512,15423,2886,15423,336,15423,6,15423,3,17814,11,1.029594999999972
3,0,,2026-07-22T10:14:52.451446,106901,15345,4510,15345,2918,15345,372,15345,4,15345,6,18209,7,1.0291906999991625
3,0,,2026-07-22T10:14:53.481017,106289,15651,4508,15651,3007,15651,394,15651,9,15651,6,17990,9,1.0291585999948438
3,0,,2026-07-22T10:14:54.511098,106377,15626,4696,15626,2983,15626,390,15626,6,15626,2,18093,7,1.029725000000326
3,0,,2026-07-22T10:14:55.540872,106593,15353,4531,15353,2949,15353,333,15353,8,15353,4,18097,5,1.029367099996307
3,0,,2026-07-22T10:14:56.569970,106989,15603,4633,15603,3001,15603,376,15603,7,15603,6,18374,6,1.0286955999981728
3,0,,2026-07-22T10:14:57.597849,106817,15496,4470,15496,2946,15496,367,15496,6,15496,7,17902,9,1.0275555999978678
3,0,,2026-07-22T10:14:58.626280,106051,15419,4622,15419,2903,15419,349,15419,6,15419,5,17974,10,1.0281581000017468
3,0,,2026-07-22T10:14:59.655316,106845,15562,4550,15562,3022,15562,369,15562,15,15562,5,18257,9,1.0286369000023114
3,0,,2026-07-22T10:15:00.683998,106549,15305,4522,15305,2878,15305,342,15305,5,15305,5,18069,5,1.0283194999938132
3,0,,2026-07-22T10:15:01.713125,106451,15338,4546,15338,2940,15338,354,15338,4,15338,6,18270,11,1.0287672999984352
3,0,,2026-07-22T10:15:02.742676,105961,15424,4564,15424,3049,15424,315,15424,5,15424,8,17940,3,1.0291750999967917
3,0,,2026-07-22T10:15:03.771802,106794,15508,4596,15508,3025,15508,377,15508,2,15508,3,18376,8,1.0287152000018978
3,0,,2026-07-22T10:15:04.800884,106902,15505,4517,15505,3034,15505,364,15505,11,15505,8,18188,3,1.0287046000012197
3,0,,2026-07-22T10:15:05.829901,106125,15422,4540,15422,2886,15422,366,15422,5,15422,4,18147,4,1.0286727999991854
3,0,,2026-07-22T10:15:06.860069,107016,15604,4537,15604,3001,15604,369,15604,16,15604,3,17886,3,1.029847300000256
3,0,,2026-07-22T10:15:07.889081,106032,15408,4525,15408,2982,15408,380,15408,4,15408,3,18201,11,1.0285627000048407
3,0,,2026-07-22T10:15:08.918932,106432,15636,4701,15636,2937,15636,383,15636,3,15636,7,18053,5,1.0294821999996202
3,0,,2026-07-22T10:15:09.947898,106578,15467,4560,15467,3084,15467,317,15467,7,15467,8,17932,11,1.0286330000017188
3,0,,2026-07-22T10:15:10.976993,106219,15451,4508,15451,2907,15451,377,15451,5,15451,8,17943,13,1.0287307999969926
3,0,,2026-07-22T10:15:12.006059,106466,15587,4503,15587,3036,15587,359,15587,6,15587,7,17928,9,1.0286775999993552
3,0,,2026-07-22T10:15:13.033831,106902,15528,4492,15528,3022,15528,361,15528,4,15528,6,18057,6,1.0274347999948077
3,0,,2026-07-22T10:15:14.062408,106035,15570,4565,15570,2870,15570,369,15570,3,15570,4,18077,9,1.0283181999984663
3,0,,2026-07-22T10:15:15.090646,106544,15575,4521,15575,2902,15575,373,15575,8,15575,9,18087,4,1.0279025999989244
3,0,,2026-07-22T10:15:16.119606,106563,15431,4566,15431,2874,15431,352,15431,5,15431,3,17990,8,1.0286331999959657
3,0,,2026-07-22T10:15:17.148622,106113,15426,4496,15426,2963,15426,373,15426,3,15426,5,17896,5,1.0285857999988366
3,0,,2026-07-22T10:15:18.177387,106950,15494,4664,15494,2965,15494,331,15494,10,15494,4,18115,5,1.028502599998319
3,0,,2026-07-22T10:15:19.206323,107057,15532,4508,15532,3033,15532,391,15532,6,15532,8,18236,3,1.02854820000357
3,0,,2026-07-22T10:15:20.235661,106417,15462,4569,15462,2907,15462,358,15462,4,15462,8,18030,6,1.0289368999947328
3,0,,2026-07-22T10:15:21.262863,106170,15370,4514,15370,2891,15370,357,15370,3,15370,8,17951,12,1.0268505999993067
3,0,,2026-07-22T10:15:22.289966,106332,15451,4526,15451,3012,15451,394,15451,3,15451,5,18085,7,1.0269174999993993
3,0,,2026-07-22T10:15:23.319252,106664,15676,4617,15676,3009,15676,391,15676,3,15676,8,18083,8,1.0291543000057572
3,0,,2026-07-22T10:15:24.345617,106857,15452,4500,15452,2988,15452,363,15452,4,15452,6,18080,10,1.0260609999968437
3,0,,2026-07-22T10:15:25.374070,106490,15511,4520,15511,2962,15511,370,15511,6,15511,3,18083,7,1.028248499998881
3,0,,2026-07-22T10:15:26.403697,106420,15571,4575,15571,2988,15571,340,15571,6,15571,7,18199,9,1.0292214000000968
3,0,,2026-07-22T10:15:27.433055,106434,15581,4556,15581,2938,15581,351,15581,6,15581,7,17866,9,1.0289575999995577
3,0,,2026-07-22T10:15:28.462528,106791,15342,4487,15342,2916,15342,358,15342,4,15342,6,18136,5,1.029199399999925
3,0,,2026-07-22T10:15:29.490199,106637,15616,4496,15616,2992,15616,370,15616,4,15616,7,18095,7,1.0273121999998693
3,0,,2026-07-22T10:15:30.519643,106086,15228,4474,15228,2943,15228,364,15228,9,15228,6,18000,8,1.029136799996195
3,0,,2026-07-22T10:15:31.549200,107282,15749,4663,15749,3063,15749,391,15749,11,15749,12,18294,10,1.0291101000038907
3,0,,2026-07-22T10:15:32.578297,106361,15480,4590,15480,3051,15480,389,15480,3,15480,0,17971,8,1.0287760999999591
3,0,,2026-07-22T10:15:33.607069,106531,15300,4522,15300,2981,15300,357,15300,8,15300,3,18027,11,1.0283850999985589
3,0,,2026-07-22T10:15:34.636359,106169,15421,4523,15421,2974,15421,366,15421,5,15421,2,17928,3,1.0288892000025953
3,0,,2026-07-22T10:15:35.666096,106687,15246,4385,15246,2949,15246,340,15246,10,15246,2,18015,5,1.0293525000015507
3,0,,2026-07-22T10:15:36.695740,106778,15389,4549,15389,2903,15389,326,15389,7,15389,4,18095,15,1.029245899997477
3,0,,2026-07-22T10:15:37.724296,106120,15476,4603,15476,2939,15476,343,15476,8,15476,8,18071,8,1.0282145000019227
3,0,,2026-07-22T10:15:38.753312,106537,15306,4582,15306,2876,15306,367,15306,3,15306,6,18171,7,1.0286481000002823
3,0,,2026-07-22T10:15:39.783448,106669,15409,4458,15409,2948,15409,360,15409,9,15409,4,17948,6,1.0297290999951656
3,0,,2026-07-22T10:15:40.811661,106245,15405,4658,15405,2962,15405,366,15405,8,15405,4,17943,6,1.0278165999989142
3,0,,2026-07-22T10:15:41.840533,105969,15472,4502,15472,3015,15472,373,15472,6,15472,6,17877,9,1.0285172000003513
3,0,,2026-07-22T10:15:42.869970,106919,15488,4496,15488,3024,15488,355,15488,2,15488,5,17946,8,1.02900370000134
3,0,,2026-07-22T10:15:43.899683,106054,15257,4503,15257,2927,15257,341,15257,4,15257,4,17898,11,1.0293030999964685
3,0,,2026-07-22T10:15:44.927865,106927,15638,4649,15638,2920,15638,373,15638,9,15638,10,17894,10,1.027927200004342
3,0,,2026-07-22T10:15:45.957148,106502,15444,4563,15444,2947,15444,363,15444,0,15444,5,17979,9,1.028944899997441
3,0,,2026-07-22T10:15:46.986106,106332,15339,4441,15339,2988,15339,356,15339,6,15339,6,18217,11,1.0286382999984198
3,0,,2026-07-22T10:15:48.015229,106717,15491,4521,15491,3045,15491,354,15491,2,15491,5,18091,6,1.0287089999983436
3,0,,2026-07-22T10:15:49.044814,106124,15435,4594,15435,2863,15435,335,15435,6,15435,5,17993,6,1.0292112000024645
3,0,,2026-07-22T10:15:50.074362,105825,15398,4530,15398,2943,15398,373,15398,4,15398,8,18156,9,1.0291440000000875
3,0,,2026-07-22T10:15:51.102935,106489,15551,4564,15551,2987,15551,386,15551,6,15551,9,17976,11,1.0282122999997227
3,0,,2026-07-22T10:15:52.133586,106350,15391,4520,15391,2932,15391,397,15391,5,15391,4,17848,5,1.030320899997605
3,0,,2026-07-22T10:15:53.162886,106461,15485,4490,15485,2981,15485,383,15485,7,15485,5,17932,11,1.028852299998107
3,0,,2026-07-22T10:15:54.192005,106179,15324,4502,15324,2983,15324,352,15324,7,15324,6,18084,7,1.028751400001056
3,0,,2026-07-22T10:15:55.220980,106887,15598,4508,15598,3065,15598,380,15598,4,15598,6,18225,7,1.0286187000019709
3,0,,2026-07-22T10:15:56.250147,105877,15441,4547,15441,2878,15441,337,15441,8,15441,8,18108,4,1.0287371000013081
3,0,,2026-07-22T10:15:57.279527,106919,15365,4402,15365,2972,15365,360,15365,7,15365,6,18176,12,1.0289529000001494
3,0,,2026-07-22T10:15:58.308525,106435,15348,4483,15348,2962,15348,396,15348,8,15348,4,18154,8,1.0286062000013771
3,0,,2026-07-22T10:15:59.336884,105946,15443,4457,15443,2980,15443,359,15443,5,15443,7,17861,7,1.0280132999978377
3,0,,2026-07-22T10:16:00.366031,106362,15540,4468,15540,2983,15540,331,15540,8,15540,9,17982,3,1.0288761999981944
3,0,,2026-07-22T10:16:01.395241,106765,15482,4553,15482,2925,15482,379,15482,9,15482,8,18010,6,1.028871300004539
3,0,,2026-07-22T10:16:02.423474,106145,15272,4547,15272,2937,15272,332,15272,9,15272,7,17682,13,1.0277734999981476
3,0,,2026-07-22T10:16:03.452540,107137,15447,4497,15447,2987,15447,325,15447,4,15447,8,18031,11,1.0288111999980174
3,0,,2026-07-22T10:16:04.479176,106527,15445,4508,15445,2949,15446,362,15446,6,15446,6,18143,8,1.0263349000015296
3,0,,2026-07-22T10:16:05.506459,105679,15432,4476,15432,2989,15431,365,15431,3,15431,5,17932,12,1.0269737999988138
3,0,,2026-07-22T10:16:06.533809,106375,15499,4494,15499,2944,15499,364,15499,4,15499,5,17799,7,1.0271930000017164
3,0,,2026-07-22T10:16:07.562430,106518,15564,4525,15564,2991,15564,378,15564,5,15564,3,17933,9,1.028402100004314
3,0,,2026-07-22T10:16:08.590341,106127,15353,4476,15353,2910,15353,379,15353,7,15353,5,17890,5,1.0275406999935512
3,0,,2026-07-22T10:16:09.617882,105786,15513,4511,15513,2999,15513,360,15513,2,15513,8,18109,7,1.0272629000028246
3,0,,2026-07-22T10:16:10.644368,106615,15337,4506,15337,2917,15337,375,15337,6,15337,6,18291,10,1.0262586999961059
3,0,,2026-07-22T10:16:11.671928,106672,15446,4563,15446,2908,15446,359,15446,10,15446,6,18055,7,1.0273229000013089
3,0,,2026-07-22T10:16:12.699888,106393,15535,4645,15535,2942,15535,412,15535,6,15535,7,17753,10,1.0273847999997088
3,0,,2026-07-22T10:16:13.729197,106147,15395,4655,15395,2841,15395,376,15395,12,15395,2,18118,7,1.0289889000050607
3,0,,2026-07-22T10:16:14.758514,106887,15548,4465,15548,3061,15548,352,15548,10,15548,4,18166,10,1.0289125999988755
3,0,,2026-07-22T10:16:15.787476,106783,15414,4441,15414,2927,15414,388,15414,4,15414,4,18175,8,1.028593600000022
3,0,,2026-07-22T10:16:16.816775,106351,15635,4641,15635,2890,15635,397,15635,4,15635,2,17909,6,1.0288864000031026
3,0,,2026-07-22T10:16:17.845849,106834,15544,4525,15544,2931,15544,367,15544,2,15544,3,17926,11,1.0286219000045094
3,0,,2026-07-22T10:16:18.875390,106201,15620,4516,15620,3031,15620,350,15620,8,15620,3,17892,10,1.029131099996448
3,0,,2026-07-22T10:16:19.904546,106514,15254,4440,15254,2940,15254,362,15254,7,15254,10,18033,4,1.0287205999993603
3,0,,2026-07-22T10:16:20.933461,106740,15605,4595,15605,2939,15605,389,15605,9,15605,6,17966,11,1.028514700003143
3,0,,2026-07-22T10:16:21.962435,106471,15411,4557,15411,2873,15411,401,15411,9,15411,8,18087,5,1.0286990000022342
3,0,,2026-07-22T10:16:22.991242,106447,15506,4554,15506,2917,15506,406,15506,5,15506,8,18098,5,1.0284261999986484
3,0,,2026-07-22T10:16:24.019170,106915,15332,4650,15332,2855,15332,365,15332,5,15332,2,18305,7,1.0276586999971187
3,0,,2026-07-22T10:16:25.048240,106830,15403,4618,15403,2939,15403,324,15403,9,15403,3,17902,5,1.0288351999988663
3,0,,2026-07-22T10:16:26.078214,105822,15571,4553,15571,2942,15571,370,15571,7,15571,7,17705,10,1.0295504999958212
3,0,,2026-07-22T10:16:27.105129,106908,15726,4529,15726,3061,15726,388,15726,6,15726,6,18202,8,1.0265747999947052
3,0,,2026-07-22T10:16:28.134271,106477,15267,4483,15267,2855,15267,354,15267,7,15267,3,17884,5,1.0288902000029339
3,0,,2026-07-22T10:16:29.164112,106788,15935,4772,15935,3071,15935,352,15935,4,15935,6,18167,6,1.029511900000216
3,0,,2026-07-22T10:16:30.193060,106883,15722,4635,15722,2966,15722,372,15722,3,15722,3,17981,5,1.0285510000030627
3,0,,2026-07-22T10:16:31.223081,106702,15631,4590,15631,3044,15631,379,15631,8,15631,4,18051,4,1.029568099998869
3,0,,2026-07-22T10:16:32.252068,105990,15317,4442,15317,2932,15317,372,15317,7,15317,8,17934,7,1.028595800002222
3,0,,2026-07-22T10:16:33.281522,106910,15464,4470,15464,2944,15464,377,15464,6,15464,3,18163,11,1.0290881999972044
3,0,,2026-07-22T10:16:34.310954,106232,15496,4594,15496,2966,15496,367,15496,6,15496,4,17809,6,1.028952800006664
3,0,,2026-07-22T10:16:35.339115,106554,15482,4640,15482,2910,15482,353,15482,6,15482,7,17943,6,1.0277950000017881
3,0,,2026-07-22T10:16:36.368504,105802,15342,4450,15342,2936,15342,354,15342,5,15342,9,17977,6,1.0290531999999075
3,0,,2026-07-22T10:16:37.398333,107212,15678,4593,15678,3012,15678,360,15678,5,15678,7,18107,7,1.0294132999988506
3,0,,2026-07-22T10:16:38.427383,106197,15222,4524,15222,2896,15222,361,15222,5,15222,9,18173,7,1.0286353999981657
3,0,,2026-07-22T10:16:39.457334,106740,15566,4558,15566,3000,15566,385,15566,4,15566,6,18056,7,1.0295015000010608
3,0,,2026-07-22T10:16:40.486369,105998,15382,4412,15382,2931,15382,339,15382,12,15382,7,18014,13,1.0285949000026449
3,0,,2026-07-22T10:16:41.515304,106059,15428,4674,15428,2905,15428,353,15429,4,15429,7,18141,3,1.0285660000008647
3,0,,2026-07-22T10:16:42.543911,106199,15628,4594,15628,3002,15628,369,15627,3,15627,7,17747,8,1.0282263999979477
3,0,,2026-07-22T10:16:43.572671,105868,15400,4559,15400,2947,15400,367,15400,2,15400,8,17970,7,1.0283972000033827
3,0,,2026-07-22T10:16:44.600562,106178,15543,4626,15543,2942,15543,330,15543,6,15543,6,18025,7,1.0274930000014137
3,0,,2026-07-22T10:16:45.630267,106277,15572,4687,15572,3001,15572,373,15572,9,15572,5,17821,12,1.0293481999979122
3,0,,2026-07-22T10:16:46.659739,106585,15492,4532,15492,3081,15492,355,15492,10,15492,4,17933,8,1.0290715000010096
3,0,,2026-07-22T10:16:47.687680,106148,15527,4511,15527,2954,15527,335,15527,11,15527,6,18099,10,1.027580299996771
3,0,,2026-07-22T10:16:48.715775,106532,15585,4664,15585,2976,15585,389,15585,7,15585,6,18133,9,1.0278498999978183
3,0,,2026-07-22T10:16:49.744533,106637,15518,4539,15518,2964,15518,339,15518,3,15518,7,18039,8,1.0284745000026305
3,0,,2026-07-22T10:16:50.773860,107128,15390,4585,15390,2890,15390,345,15390,6,15390,5,17980,11,1.0289110999947297
3,0,,2026-07-22T10:16:51.803021,106744,15561,4487,15561,3003,15561,355,15561,3,15561,4,18077,8,1.0287477000019862
3,0,,2026-07-22T10:16:52.831505,106962,15701,4698,15701,2957,15701,392,15701,4,15701,1,18295,11,1.0281029999969178
3,0,,2026-07-22T10:16:53.860327,106164,15287,4503,15287,2871,15287,384,15287,10,15287,7,17964,8,1.0285356000022148
3,0,,2026-07-22T10:16:54.889919,105705,15405,4546,15405,2966,15405,341,15405,11,15405,6,18054,5,1.0292661000057706
3,0,,2026-07-22T10:16:55.919439,106469,15408,4508,15408,2942,15408,356,15408,8,15408,7,17851,7,1.0291196000034688
3,0,,2026-07-22T10:16:56.948428,106428,15433,4533,15433,2935,15433,345,15433,10,15433,5,18005,5,1.0285664000039105
3,0,,2026-07-22T10:16:57.977496,106900,15694,4604,15694,2972,15694,375,15694,5,15694,6,18103,10,1.028715699998429
3,0,,2026-07-22T10:16:59.005524,106507,15458,4527,15458,2962,15458,348,15458,3,15458,8,18249,8,1.0277242000011029
3,0,,2026-07-22T10:17:00.033235,106163,15438,4586,15438,2940,15438,377,15438,6,15438,2,17903,5,1.0273987000036868
3,0,,2026-07-22T10:17:01.062391,106221,15319,4510,15319,2948,15319,373,15319,7,15319,5,18254,9,1.0288759999966715
3,0,,2026-07-22T10:17:02.092196,107370,15500,4556,15500,2932,15500,333,15500,4,15500,7,17992,4,1.0294324999995297
3,0,,2026-07-22T10:17:03.121529,106156,15231,4510,15231,2921,15231,351,15231,7,15231,5,17755,6,1.0289866000020993
3,0,,2026-07-22T10:17:04.150325,106250,15669,4569,15669,2972,15669,415,15669,2,15669,4,17956,6,1.0283889999991516
3,0,,2026-07-22T10:17:05.179264,106480,15621,4624,15621,2965,15621,344,15621,8,15621,9,18116,6,1.0286189000034938
3,0,,2026-07-22T10:17:06.209693,106582,15507,4526,15507,2961,15507,362,15507,7,15507,2,18206,7,1.030014800002391
3,0,,2026-07-22T10:17:07.239412,106043,15536,4540,15536,2965,15536,388,15536,7,15536,7,18141,10,1.0294897999992827
3,0,,2026-07-22T10:17:08.269018,106266,15439,4466,15439,3037,15439,363,15439,4,15439,10,18114,7,1.0291845000028843
3,0,,2026-07-22T10:17:09.297608,106205,15415,4515,15415,2982,15415,369,15415,6,15415,3,18119,3,1.0282317000019248
3,0,,2026-07-22T10:17:10.326928,106535,15509,4533,15509,2933,15509,358,15509,7,15509,8,18227,16,1.0289045999961672
3,0,,2026-07-22T10:17:11.356406,107088,15439,4606,15439,3026,15439,359,15439,6,15439,5,17969,9,1.0291327000013553
3,0,,2026-07-22T10:17:12.385374,106382,15541,4538,15541,3030,15541,378,15541,4,15541,4,18260,11,1.0285662000023876
3,0,,2026-07-22T10:17:13.415142,106147,15531,4554,15531,3029,15531,375,15531,5,15531,3,18195,11,1.0293987999975798
3,0,,2026-07-22T10:17:14.444315,106728,15712,4645,15712,2962,15712,337,15712,4,15712,4,17884,7,1.028875900003186
3,0,,2026-07-22T10:17:15.473644,106228,15404,4541,15404,2898,15404,382,15404,3,15404,7,17900,11,1.028904999999213
3,0,,2026-07-22T10:17:16.502972,106763,15649,4638,15649,2953,15649,357,15649,11,15649,10,17945,7,1.0289123000038671
3,0,,2026-07-22T10:17:17.530946,106275,15493,4594,15493,2927,15493,394,15493,3,15493,9,18287,5,1.0275638999955845
3,0,,2026-07-22T10:17:18.558745,107189,15675,4556,15675,3001,15675,375,15675,4,15675,2,18223,7,1.0275446999949054
3,0,,2026-07-22T10:17:19.587791,106683,15748,4689,15748,3033,15748,370,15748,6,15748,3,18011,11,1.0287771000002977
3,0,,2026-07-22T10:17:20.617793,105996,15481,4518,15481,2987,15481,371,15481,6,15481,8,18047,5,1.029587700002594
3,0,,2026-07-22T10:17:21.646939,106778,15525,4546,15525,2994,15525,368,15525,10,15525,1,18078,11,1.0287756999969133
3,0,,2026-07-22T10:17:22.676189,106339,15376,4549,15376,2908,15376,369,15376,9,15376,9,17971,7,1.0289107999997213
3,0,,2026-07-22T10:17:23.705315,106207,15486,4532,15486,2901,15486,356,15486,3,15486,11,17908,12,1.0288172000000486
3,0,,2026-07-22T10:17:24.732197,106839,15555,4529,15555,2990,15555,364,15555,5,15555,6,17884,4,1.0264890999969793
3,0,,2026-07-22T10:17:25.761514,106323,15436,4574,15436,2891,15436,340,15436,5,15436,9,18007,9,1.0290967000037199
3,0,,2026-07-22T10:17:26.791404,106484,15425,4523,15425,2972,15425,364,15425,10,15425,5,18323,13,1.0294743999984348
3,0,,2026-07-22T10:17:27.820983,106708,15469,4533,15469,2966,15469,347,15469,8,15469,2,17948,12,1.029202300000179
3,0,,2026-07-22T10:17:28.849935,106273,15549,4713,15549,2830,15549,362,15549,6,15549,9,17948,8,1.0285832000008668
3,0,,2026-07-22T10:17:29.876959,106397,15408,4514,15408,2948,15408,381,15408,4,15408,6,18225,7,1.02666070000123
3,0,,2026-07-22T10:17:30.906676,106064,15525,4581,15525,3005,15525,372,15525,4,15525,6,17992,6,1.0293951999992714
3,0,,2026-07-22T10:17:31.935512,106782,15689,4599,15689,3070,15689,381,15689,4,15689,5,18004,5,1.0284902999992482
3,0,,2026-07-22T10:17:32.964589,106529,15465,4500,15465,2867,15465,393,15465,1,15465,7,17807,9,1.0288258000000496
3,0,,2026-07-22T10:17:33.992110,106848,15381,4560,15381,2896,15381,376,15381,5,15381,2,18153,13,1.0273080000042683
3,0,,2026-07-22T10:17:35.019960,106654,15313,4503,15313,2917,15313,332,15313,10,15313,2,17980,9,1.0275630999967689
3,0,,2026-07-22T10:17:36.048373,106368,15429,4588,15429,3004,15429,358,15429,8,15429,4,18083,4,1.0281269000042812
3,0,,2026-07-22T10:17:37.076624,105993,15403,4620,15403,2911,15403,350,15403,4,15403,4,17913,6,1.0278889000037452
3,0,,2026-07-22T10:17:38.105659,106412,15535,4531,15535,2954,15535,373,15535,6,15535,7,17794,9,1.02875689999928
3,0,,2026-07-22T10:17:39.133326,106016,15511,4660,15511,2889,15511,327,15511,4,15511,7,17777,12,1.027305499999784
3,0,,2026-07-22T10:17:40.162225,106843,15540,4514,15540,2861,15540,346,15540,6,15540,7,18062,5,1.0286272000012104
3,0,,2026-07-22T10:17:41.192089,106437,15413,4566,15413,2939,15413,357,15413,9,15413,4,18227,10,1.0295435000007274
3,0,,2026-07-22T10:17:42.220855,106625,15636,4747,15636,2878,15636,358,15636,8,15636,5,17701,5,1.028387999998813
3,0,,2026-07-22T10:17:43.249720,106475,15334,4563,15334,2933,15334,368,15334,6,15334,8,17956,11,1.0284888000023784
3,0,,2026-07-22T10:17:44.278849,106591,15352,4548,15352,2922,15352,374,15352,2,15352,4,18223,5,1.0287474999931874
3,0,,2026-07-22T10:17:45.306361,106678,15765,4589,15765,3012,15765,364,15765,5,15765,4,17910,4,1.0271708000000217
3,0,,2026-07-22T10:17:46.335348,106471,15547,4429,15547,2977,15547,384,15547,8,15547,7,18020,8,1.0286724000034155
3,0,,2026-07-22T10:17:47.364323,106968,15344,4473,15344,2871,15344,381,15344,4,15344,4,18022,5,1.0285484999985783
3,0,,2026-07-22T10:17:48.394005,106219,15280,4466,15280,2997,15280,351,15280,6,15280,7,18069,2,1.029248099999677
3,0,,2026-07-22T10:17:49.422831,106463,15491,4623,15491,2934,15491,344,15491,4,15491,4,18164,10,1.0284492999999202
3,0,,2026-07-22T10:17:50.452169,106111,15470,4538,15470,2996,15470,327,15470,9,15470,8,18117,7,1.0289294000031077
3,0,,2026-07-22T10:17:51.482498,106582,15633,4557,15633,3073,15633,370,15633,10,15633,8,18272,4,1.0299454999985755
3,0,,2026-07-22T10:17:52.511778,106219,15506,4529,15506,2961,15506,362,15506,3,15506,5,18188,11,1.0288577999963309
3,0,,2026-07-22T10:17:53.540739,106270,15290,4463,15290,2899,15290,355,15290,9,15290,3,17897,5,1.0286058999990928
3,0,,2026-07-22T10:17:54.569749,105840,15556,4588,15556,2930,15556,351,15556,6,15556,3,18137,10,1.0286503999959677
3,0,,2026-07-22T10:17:55.599358,106362,15390,4547,15390,2986,15390,370,15390,4,15390,6,17962,6,1.0292486000034842
3,0,,2026-07-22T10:17:56.628485,106558,15590,4463,15590,3012,15590,417,15590,3,15590,8,18031,6,1.0287307999969926
3,0,,2026-07-22T10:17:57.657039,106493,15437,4377,15437,2982,15437,388,15437,7,15437,5,17933,3,1.0281364000038593
3,0,,2026-07-22T10:17:58.685840,106985,15677,4647,15677,3037,15677,362,15677,11,15677,8,18019,9,1.028441299997212
3,0,,2026-07-22T10:17:59.715224,106666,15539,4486,15539,2961,15539,347,15539,4,15539,2,18133,4,1.0290448999949149
3,0,,2026-07-22T10:18:00.745095,106980,15627,4633,15627,2968,15627,367,15627,4,15627,7,17850,9,1.0295047999970848
3,0,,2026-07-22T10:18:01.774312,106085,15346,4500,15346,2927,15346,363,15346,6,15346,8,18132,3,1.0288269000011496
3,0,,2026-07-22T10:18:02.803580,106210,15480,4566,15480,2931,15480,377,15480,7,15480,7,17970,7,1.028904999999213
3,0,,2026-07-22T10:18:03.833326,106359,15571,4471,15571,3011,15571,366,15571,5,15571,6,17967,9,1.029308299999684
3,0,,2026-07-22T10:18:04.861795,106829,15309,4503,15309,2903,15309,316,15309,6,15309,6,18042,12,1.02823989999888
3,0,,2026-07-22T10:18:05.890248,106114,15663,4568,15663,2976,15663,388,15663,2,15663,4,17904,6,1.0280610999980127
3,0,,2026-07-22T10:18:06.919202,106042,15157,4296,15157,2958,15157,355,15157,8,15157,4,18067,3,1.028592499998922
3,0,,2026-07-22T10:18:07.948857,106526,15242,4559,15242,2846,15242,345,15242,5,15242,2,17950,4,1.0292602000045008
3,0,,2026-07-22T10:18:08.977692,106331,15543,4577,15543,3035,15543,421,15543,6,15543,5,18048,6,1.0286115999988397
3,0,,2026-07-22T10:18:10.006588,106680,15473,4574,15473,2970,15473,378,15473,10,15473,9,18064,9,1.0285137000028044
3,0,,2026-07-22T10:18:11.035786,106344,15450,4538,15450,2956,15450,382,15450,5,15450,6,18120,10,1.0287960999994539
3,0,,2026-07-22T10:18:12.065511,106104,15316,4514,15316,2840,15316,385,15316,9,15316,3,17839,9,1.0293286999949487
3,0,,2026-07-22T10:18:13.093022,106662,15363,4415,15363,2884,15363,346,15363,9,15363,5,18211,4,1.0271684000035748
3,0,,2026-07-22T10:18:14.122221,106805,15577,4618,15577,2969,15577,345,15577,5,15577,5,17904,5,1.0289462999935495
3,0,,2026-07-22T10:18:15.151331,106426,15412,4526,15412,2963,15412,344,15412,4,15412,4,18099,9,1.0287238999953843
3,0,,2026-07-22T10:18:16.180583,106487,15435,4543,15435,2932,15435,374,15435,3,15435,7,17837,5,1.028872800001409
3,0,,2026-07-22T10:18:17.208715,106409,15387,4677,15387,2871,15387,350,15387,5,15387,4,18073,11,1.0277580999972997
3,0,,2026-07-22T10:18:18.237527,106331,15484,4493,15484,2904,15484,349,15484,5,15484,2,18260,7,1.0284888000023784
3,0,,2026-07-22T10:18:19.267186,106683,15467,4514,15467,2906,15467,419,15467,6,15467,7,18031,4,1.02924239999993
3,0,,2026-07-22T10:18:20.296340,106121,15348,4627,15348,2966,15348,341,15348,4,15348,6,17945,12,1.028778499996406
3,0,,2026-07-22T10:18:21.325489,105874,15408,4466,15408,2899,15408,383,15408,7,15408,5,18021,14,1.0287226000000373
3,0,,2026-07-22T10:18:22.352549,106452,15594,4529,15594,3090,15594,379,15594,7,15594,6,18065,5,1.026756100000057
3,0,,2026-07-22T10:18:23.379971,106577,15512,4512,15512,2989,15512,388,15512,9,15512,6,18209,11,1.0272014000001946
3,0,,2026-07-22T10:18:24.408339,106227,15422,4452,15422,2954,15422,370,15422,4,15422,8,17929,11,1.028065599995898
3,0,,2026-07-22T10:18:25.435328,105718,15401,4477,15401,2943,15401,336,15401,6,15401,4,17814,6,1.026645700003428
3,0,,2026-07-22T10:18:26.464407,106245,15480,4525,15480,3019,15480,353,15480,7,15480,4,18092,6,1.0289393000057316
3,0,,2026-07-22T10:18:27.493854,105825,15596,4563,15596,2991,15596,375,15596,7,15596,6,17922,8,1.0290122000005795
3,0,,2026-07-22T10:18:28.523510,106352,15386,4476,15386,2860,15386,373,15386,7,15386,5,18146,5,1.0292518999995082
3,0,,2026-07-22T10:18:29.553716,106126,15590,4606,15590,3050,15590,381,15590,9,15590,8,18194,9,1.0297913999966113
3,0,,2026-07-22T10:18:30.583270,106914,15512,4483,15512,3001,15512,386,15512,6,15512,5,18169,11,1.029130000002624
3,0,,2026-07-22T10:18:31.612688,106322,15336,4471,15336,2954,15336,342,15336,5,15336,6,18142,10,1.0290276000014273
3,0,,2026-07-22T10:18:32.641094,105994,15395,4388,15395,2926,15395,355,15395,7,15395,7,17814,6,1.0280156999942847
3,0,,2026-07-22T10:18:33.669379,106057,15148,4517,15148,2838,15148,354,15148,8,15148,5,17941,6,1.027984499996819
3,0,,2026-07-22T10:18:34.696187,107258,15484,4523,15484,3060,15484,360,15484,8,15484,6,17984,7,1.0264441000035731
3,0,,2026-07-22T10:18:35.724996,105962,15420,4516,15420,2956,15421,355,15421,7,15421,7,18050,8,1.0286298999999417
3,0,,2026-07-22T10:18:36.754691,105688,15353,4472,15353,2929,15352,354,15352,2,15352,9,17847,4,1.029323499999009
3,0,,2026-07-22T10:18:37.784171,106496,15537,4496,15537,2965,15537,385,15537,7,15537,5,17874,5,1.0291136000014376
3,0,,2026-07-22T10:18:38.813778,106931,15521,4542,15521,2986,15521,383,15521,4,15521,5,18093,5,1.0293125999960466
3,0,,2026-07-22T10:18:39.843259,106465,15516,4422,15516,3023,15516,389,15516,3,15516,4,17843,7,1.029026000003796
3,0,,2026-07-22T10:18:40.872695,106548,15375,4456,15375,3021,15375,374,15375,7,15375,6,17835,7,1.0290247000011732
3,0,,2026-07-22T10:18:41.902211,105852,15251,4496,15251,2919,15251,345,15251,7,15251,5,18010,12,1.029107499998645
3,0,,2026-07-22T10:18:42.931331,105723,15510,4601,15510,2914,15510,375,15511,3,15511,5,18051,9,1.0287259999968228
3,0,,2026-07-22T10:18:43.959667,106294,15664,4581,15664,2993,15664,381,15663,8,15663,4,17708,5,1.0279015000051004
3,0,,2026-07-22T10:18:44.988609,106303,15422,4607,15422,2956,15422,363,15422,7,15422,6,17968,10,1.0285724999994272
3,0,,2026-07-22T10:18:46.018289,106196,15511,4583,15511,3018,15511,355,15511,7,15511,4,17998,7,1.029271899999003
3,0,,2026-07-22T10:18:47.047070,105856,15494,4507,15494,3019,15494,376,15494,7,15494,6,17834,5,1.028397900001437
3,0,,2026-07-22T10:18:48.074667,106841,15653,4667,15653,2957,15653,363,15653,3,15653,3,17937,11,1.0272598000010476
3,0,,2026-07-22T10:18:49.103701,105356,15277,4437,15277,2951,15277,353,15277,3,15277,5,17868,9,1.0287532000002102
3,0,,2026-07-22T10:18:50.133223,105647,15176,4482,15176,2903,15176,318,15176,7,15176,5,18219,8,1.029102000000421
3,0,,2026-07-22T10:18:51.162306,106173,15424,4569,15424,2934,15424,349,15424,5,15424,2,18145,12,1.0287368999997852
3,0,,2026-07-22T10:18:52.191234,106193,15651,4570,15651,3036,15651,359,15651,6,15651,6,18044,7,1.028551299998071
3,0,,2026-07-22T10:18:53.219817,106999,15423,4564,15423,2905,15423,319,15423,9,15423,6,17977,8,1.0282220000008238
3,0,,2026-07-22T10:18:54.248841,106216,15286,4549,15286,2873,15286,366,15286,3,15286,6,17891,9,1.0286129000014625
3,0,,2026-07-22T10:18:55.278219,106046,15473,4507,15473,2926,15473,374,15473,3,15473,4,18066,6,1.0290167999992264
3,0,,2026-07-22T10:18:56.307156,106597,15518,4687,15518,2940,15518,376,15518,9,15518,7,17776,4,1.028581700003997
3,0,,2026-07-22T10:18:57.335371,106535,15338,4429,15338,2925,15338,342,15338,3,15338,7,17909,12,1.027883100003237
3,0,,2026-07-22T10:18:58.365165,105711,15291,4478,15291,2861,15291,347,15291,2,15291,4,17837,11,1.0294777000017348
3,0,,2026-07-22T10:18:59.392914,106697,15458,4512,15458,2895,15458,349,15458,6,15458,5,17807,9,1.0273979999983567
3,0,,2026-07-22T10:19:00.421811,105503,15243,4494,15243,2861,15243,378,15243,5,15243,6,18115,7,1.0286204000003636
3,0,,2026-07-22T10:19:01.450564,106030,15490,4607,15490,2944,15490,379,15490,5,15490,6,17996,4,1.0284123000019463
3,0,,2026-07-22T10:19:02.478168,106194,15190,4405,15190,2951,15190,397,15190,6,15190,2,17998,12,1.0272627000013017
3,0,,2026-07-22T10:19:03.507355,106364,15503,4525,15503,2971,15503,352,15503,5,15503,3,18187,6,1.0289020000054734
3,0,,2026-07-22T10:19:04.536418,107058,15535,4593,15535,2956,15535,362,15535,4,15535,3,17849,7,1.0286850000047707
3,0,,2026-07-22T10:19:05.565789,106144,15255,4521,15255,2894,15255,368,15255,5,15255,5,17912,4,1.0290408000000753
3,0,,2026-07-22T10:19:06.594668,106540,15544,4553,15544,2945,15544,374,15544,4,15544,3,17945,4,1.02854269999807
3,0,,2026-07-22T10:19:07.622879,106371,15466,4557,15466,2897,15466,357,15466,4,15466,5,18076,6,1.0278335000039078
3,0,,2026-07-22T10:19:08.652409,106125,15387,4454,15387,2956,15388,374,15388,11,15388,2,18080,4,1.0291299000018626
3,0,,2026-07-22T10:19:09.678633,106255,15391,4607,15391,2951,15390,354,15390,4,15390,1,17928,8,1.0258646000002045
3,0,,2026-07-22T10:19:10.705011,106196,15484,4494,15484,2980,15484,386,15484,8,15484,6,18212,7,1.0262180999998236
3,0,,2026-07-22T10:19:11.732122,106291,15505,4650,15505,2968,15505,354,15505,6,15505,7,18291,8,1.0269992999965325
3,0,,2026-07-22T10:19:12.760756,105993,15598,4447,15598,3044,15598,331,15598,5,15598,1,17959,5,1.0284642999977223
3,0,,2026-07-22T10:19:13.789941,106203,15528,4576,15528,2917,15528,336,15528,7,15528,5,17971,12,1.0288380999991205
3,0,,2026-07-22T10:19:14.819296,105631,15601,4549,15601,2982,15601,373,15601,4,15601,5,17874,9,1.0289489999995567
3,0,,2026-07-22T10:19:15.849204,106646,15682,4512,15683,2985,15683,388,15683,6,15683,6,18179,9,1.0295467000032659
3,0,,2026-07-22T10:19:16.877829,106685,15541,4551,15540,3039,15540,362,15540,10,15540,2,18024,7,1.028171599995403
3,0,,2026-07-22T10:19:17.905846,105821,15111,4460,15111,2802,15111,365,15111,10,15111,4,18014,5,1.0277023000016925
3,0,,2026-07-22T10:19:18.932943,106509,15528,4605,15528,3016,15528,374,15528,4,15528,1,18094,7,1.0267572999946424
3,0,,2026-07-22T10:19:19.959722,106264,15497,4559,15497,2923,15497,370,15497,7,15497,3,17763,4,1.026613299996825
3,0,,2026-07-22T10:19:20.988226,106273,15379,4505,15379,3005,15379,391,15379,2,15379,14,17992,7,1.028198899999552
3,0,,2026-07-22T10:19:22.018024,106380,15555,4444,15555,3004,15555,394,15555,5,15555,2,18115,8,1.0294550999969942
3,0,,2026-07-22T10:19:23.047564,106102,15423,4538,15423,3060,15423,354,15423,5,15423,6,18012,9,1.0291788000031374
3,0,,2026-07-22T10:19:24.076151,106738,15451,4563,15451,2998,15451,366,15451,5,15451,5,17936,6,1.028233100005309
3,0,,2026-07-22T10:19:25.105251,106620,15539,4615,15539,2880,15539,373,15539,7,15539,3,18100,9,1.0287620000017341
3,0,,2026-07-22T10:19:26.132632,106233,15653,4461,15653,3055,15653,373,15653,6,15653,5,17983,7,1.0269967999993241
3,0,,2026-07-22T10:19:27.161027,105688,15407,4469,15407,2952,15407,355,15407,8,15407,4,18109,5,1.0281496999959927
3,0,,2026-07-22T10:19:28.188929,106088,15337,4468,15337,2973,15337,371,15337,8,15337,8,18062,11,1.027548600002774
3,0,,2026-07-22T10:19:29.217535,105706,15258,4387,15258,2912,15258,389,15258,9,15258,4,17937,6,1.0282899000012549
3,0,,2026-07-22T10:19:30.246836,106176,15238,4435,15238,2923,15238,402,15238,7,15238,8,17969,11,1.0288958000019193
3,0,,2026-07-22T10:19:31.275348,106515,15353,4549,15353,2827,15353,355,15353,9,15353,8,18358,9,1.0281490999987
3,0,,2026-07-22T10:19:32.304387,105944,15335,4476,15335,2963,15335,356,15335,5,15335,3,18119,8,1.0286739000002854
3,0,,2026-07-22T10:19:33.334279,106096,15442,4513,15442,2963,15442,380,15442,4,15442,7,18080,10,1.0295762000023387
3,0,,2026-07-22T10:19:34.362979,105548,15229,4481,15229,2947,15229,320,15229,3,15229,7,18087,9,1.028316799995082
3,0,,2026-07-22T10:19:35.392104,106614,15379,4558,15379,2902,15380,331,15380,3,15380,2,17897,7,1.0288885000045411
3,0,,2026-07-22T10:19:36.421642,106395,15366,4448,15366,2980,15365,356,15365,7,15365,4,18263,12,1.0291241000013542
3,0,,2026-07-22T10:19:37.448990,105481,15318,4494,15318,2894,15318,344,15318,7,15318,4,18072,10,1.0269714999958524
3,0,,2026-07-22T10:19:38.478522,105762,15342,4469,15342,2940,15342,331,15342,3,15342,7,18189,3,1.0291976000007708
3,0,,2026-07-22T10:19:39.506778,106138,15505,4641,15505,2974,15505,347,15505,7,15505,10,18099,9,1.0279146999964723
3,0,,2026-07-22T10:19:40.535472,105779,15161,4568,15161,2828,15161,386,15161,2,15161,8,18042,10,1.028384700002789
3,0,,2026-07-22T10:19:41.564480,105715,15285,4527,15285,2883,15285,345,15285,5,15285,3,17889,4,1.0286135000060312
3,0,,2026-07-22T10:19:42.593522,106087,15436,4494,15436,2912,15436,389,15436,7,15436,2,18093,9,1.0286783999981708
3,0,,2026-07-22T10:19:43.622518,105770,15481,4565,15481,3005,15481,347,15481,6,15481,4,17840,9,1.028604399994947
3,0,,2026-07-22T10:19:44.652779,105927,15323,4619,15323,2873,15323,350,15323,8,15323,9,18036,9,1.0299656999995932
3,0,,2026-07-22T10:19:45.681333,106441,15226,4526,15227,2883,15227,341,15227,8,15227,5,17946,7,1.0282088000021758
3,0,,2026-07-22T10:19:46.710597,106618,15459,4510,15458,3010,15458,382,15458,4,15458,3,18157,5,1.0288969999965047
3,0,,2026-07-22T10:19:47.737510,106061,15585,4551,15585,2893,15585,393,15585,5,15585,2,18328,8,1.0265056999996887
3,0,,2026-07-22T10:19:48.766856,105679,15272,4402,15272,2979,15272,406,15272,5,15272,6,17997,4,1.0290700000041397
3,0,,2026-07-22T10:19:49.794697,105690,15320,4530,15320,2939,15320,354,15320,7,15320,2,18080,9,1.0275049000047147
3,0,,2026-07-22T10:19:50.824456,106243,15406,4540,15406,2945,15406,343,15406,3,15406,2,17919,9,1.0295840999970096
3,0,,2026-07-22T10:19:51.853755,106000,15334,4520,15334,2909,15334,394,15334,10,15334,6,18098,8,1.0289295000038692
3,0,,2026-07-22T10:19:52.883233,106559,15390,4525,15390,2999,15390,348,15390,5,15390,4,17950,10,1.0290947000030428
3,0,,2026-07-22T10:19:53.912186,106750,15507,4622,15507,2958,15507,378,15507,5,15507,5,18111,7,1.0286011999996845
3,0,,2026-07-22T10:19:54.939832,105912,15208,4576,15208,2890,15208,302,15208,4,15208,8,17971,3,1.0275098999991314
3,0,,2026-07-22T10:19:55.968920,106008,15304,4456,15304,2932,15304,375,15304,7,15304,9,17973,11,1.0287203000043519
3,0,,2026-07-22T10:19:56.998526,106125,15441,4490,15441,3003,15441,387,15441,8,15441,6,18005,2,1.0291838999983156
3,0,,2026-07-22T10:19:58.027921,106277,15472,4549,15472,2911,15472,368,15472,9,15472,7,18061,9,1.028956800000742
3,0,,2026-07-22T10:19:59.056235,106114,15618,4606,15618,3053,15618,339,15618,3,15618,6,17669,10,1.0279152000002796
3,0,,2026-07-22T10:20:00.083544,106281,15340,4484,15340,2956,15340,351,15340,5,15340,5,17959,14,1.0269702000005054
3,0,,2026-07-22T10:20:01.112735,105974,15300,4511,15300,2898,15300,338,15300,4,15300,3,18094,8,1.0289074999964214
3,0,,2026-07-22T10:20:02.141529,106100,15440,4583,15440,2998,15440,353,15440,6,15440,3,18223,9,1.028430099999241
3,0,,2026-07-22T10:20:03.170124,106147,15479,4478,15479,2994,15479,339,15479,7,15479,10,18072,10,1.028249399998458
3,0,,2026-07-22T10:20:04.199472,106276,15279,4486,15279,2931,15279,346,15279,6,15279,6,18140,10,1.0288819999987027
3,0,,2026-07-22T10:20:05.228381,105818,15336,4539,15336,2967,15336,363,15336,5,15336,7,17859,7,1.028572000002896
3,0,,2026-07-22T10:20:06.257081,106229,15419,4499,15419,2919,15419,374,15419,7,15419,7,17985,4,1.0283402999993996
3,0,,2026-07-22T10:20:07.286173,105724,15255,4487,15255,2928,15255,362,15255,2,15255,5,17921,7,1.028674500004854
3,0,,2026-07-22T10:20:08.314227,106373,15102,4339,15102,3007,15102,329,15102,4,15102,3,18146,12,1.0276548999972874
3,0,,2026-07-22T10:20:09.342518,106322,15376,4474,15376,2992,15376,355,15376,10,15376,6,18100,11,1.0280777999942075
3,0,,2026-07-22T10:20:10.371303,106165,15304,4434,15304,2974,15304,388,15304,7,15304,4,18202,8,1.0284339999998338
3,0,,2026-07-22T10:20:11.400589,105274,15460,4535,15460,2915,15460,362,15460,5,15460,3,18335,4,1.0289085999975214
3,0,,2026-07-22T10:20:12.430142,105998,15275,4443,15275,2892,15275,361,15275,2,15275,3,17784,8,1.0291436999978032
3,0,,2026-07-22T10:20:13.457632,106180,15244,4418,15244,2884,15244,348,15244,4,15244,6,18129,12,1.0271236000044155
3,0,,2026-07-22T10:20:14.486738,105822,15341,4498,15341,2967,15341,331,15341,11,15341,7,17867,8,1.0288222999952268
3,0,,2026-07-22T10:20:15.515102,105862,15270,4401,15270,2860,15270,364,15270,7,15270,7,17936,9,1.0280203000002075
3,0,,2026-07-22T10:20:16.544087,106291,15461,4440,15461,3057,15461,372,15461,9,15461,2,17736,7,1.0286545999988448
3,0,,2026-07-22T10:20:17.573229,105631,15742,4613,15742,3053,15742,375,15742,6,15742,7,17884,9,1.0287973000013153
3,0,,2026-07-22T10:20:18.603149,106453,15457,4501,15457,2959,15457,372,15457,3,15457,6,17929,5,1.0295117999994545
3,0,,2026-07-22T10:20:19.631902,105858,15410,4595,15410,2938,15410,382,15410,5,15410,12,17921,6,1.028396999994584
3,0,,2026-07-22T10:20:20.660974,106624,15350,4443,15350,3011,15350,372,15350,9,15350,8,18254,5,1.028675599998678
3,0,,2026-07-22T10:20:21.689025,106674,15318,4469,15318,2980,15318,313,15318,6,15318,4,17942,11,1.0277301000023726
3,0,,2026-07-22T10:20:22.718506,106071,15402,4490,15402,2970,15402,347,15402,7,15402,7,17826,5,1.029155099997297
3,0,,2026-07-22T10:20:23.747378,106017,15450,4532,15450,2966,15450,366,15450,7,15450,4,17993,10,1.0284476000015275
3,0,,2026-07-22T10:20:24.776101,106281,15661,4553,15661,3009,15661,362,15661,4,15661,4,18039,3,1.0283961000022828
3,0,,2026-07-22T10:20:25.802797,105787,15230,4488,15230,2898,15230,407,15230,9,15230,5,18462,13,1.0263010000053328
3,0,,2026-07-22T10:20:26.828928,106507,15192,4522,15192,2946,15192,379,15192,6,15192,4,17824,12,1.0259990999984439
3,0,,2026-07-22T10:20:27.857418,105596,15280,4418,15280,2875,15280,395,15280,3,15280,8,17983,5,1.0282993000000715
3,0,,2026-07-22T10:20:28.884673,106117,15348,4505,15348,3003,15348,370,15348,4,15348,6,18022,4,1.0268892000021879
3,0,,2026-07-22T10:20:29.911333,105320,15407,4564,15407,3013,15407,354,15407,7,15408,4,17909,8,1.0263972999964608
3,0,,2026-07-22T10:20:30.938227,106281,15295,4519,15295,2846,15295,344,15295,11,15294,4,17872,7,1.0267095000017434
3,0,,2026-07-22T10:20:31.965261,105913,15384,4605,15384,2922,15384,367,15384,7,15384,6,18181,3,1.0267200999951456
3,0,,2026-07-22T10:20:32.991294,106245,15367,4590,15367,2956,15367,349,15367,6,15367,2,17974,6,1.0258430000030785
3,0,,2026-07-22T10:20:34.017730,105541,15338,4543,15338,3030,15338,371,15338,6,15338,3,17996,7,1.0262741000042297
3,0,,2026-07-22T10:20:35.045524,105971,15118,4392,15118,2912,15118,353,15118,6,15118,5,18261,7,1.0274482000022545
3,0,,2026-07-22T10:20:36.074777,105963,15138,4514,15138,2882,15138,365,15138,2,15138,3,18048,5,1.0289382999981171
3,0,,2026-07-22T10:20:37.104190,106213,15274,4563,15274,2872,15274,362,15275,8,15275,4,18095,6,1.0289917000045534
3,0,,2026-07-22T10:20:38.132799,105495,15149,4356,15149,2872,15149,374,15148,10,15148,4,17934,10,1.0282814999955008
3,0,,2026-07-22T10:20:39.161867,105748,15388,4476,15388,2898,15388,362,15388,4,15388,11,18174,11,1.0287011000036728
3,0,,2026-07-22T10:20:40.191386,105987,15537,4540,15537,2964,15537,349,15537,9,15537,7,18239,7,1.0291491999960272
3,0,,2026-07-22T10:20:41.218267,106314,15288,4434,15288,2918,15288,362,15288,6,15288,5,18009,10,1.0265849999996135
3,0,,2026-07-22T10:20:42.245939,106044,15362,4488,15362,2998,15362,354,15362,8,15362,6,17958,7,1.027418799996667
3,0,,2026-07-22T10:20:43.275343,105947,15611,4623,15611,2931,15611,342,15611,8,15611,7,17937,7,1.0291293000045698
3,0,,2026-07-22T10:20:44.304810,105716,15142,4428,15142,2893,15142,374,15142,6,15142,4,17748,6,1.0290344000022742
3,0,,2026-07-22T10:20:45.333499,106549,15413,4438,15413,2877,15413,395,15413,9,15413,4,18112,9,1.028311100002611
3,0,,2026-07-22T10:20:46.363180,106328,15478,4532,15478,2982,15478,402,15478,5,15478,2,18179,5,1.0293024999991758
3,0,,2026-07-22T10:20:47.393898,106624,15257,4529,15257,3016,15257,353,15257,6,15257,8,18151,5,1.0303174999935436
3,0,,2026-07-22T10:20:48.424569,106142,15571,4579,15571,3023,15571,371,15571,4,15571,10,17783,3,1.0293850000016391
3,0,,2026-07-22T10:20:49.453039,106095,15611,4516,15611,2971,15611,373,15611,10,15611,7,18089,6,1.0280923000027542
3,0,,2026-07-22T10:20:50.481863,106014,15300,4449,15300,2865,15300,416,15300,7,15300,3,18106,11,1.0283955999984755
3,0,,2026-07-22T10:20:51.510798,105573,15048,4403,15048,2817,15048,353,15048,16,15048,5,17979,9,1.0285657999993418
3,0,,2026-07-22T10:20:52.539961,105353,15231,4425,15231,2969,15231,353,15231,5,15231,10,17896,8,1.0287941999995383
3,0,,2026-07-22T10:20:53.569610,106013,15179,4366,15179,2959,15179,349,15179,8,15179,10,18229,13,1.029345300004934
3,0,,2026-07-22T10:20:54.598416,106169,15640,4546,15640,2998,15640,367,15640,8,15640,3,17811,10,1.0284145999976317
3,0,,2026-07-22T10:20:55.627757,105807,15488,4579,15488,2962,15488,363,15488,4,15488,4,17997,7,1.0289197999954922
3,0,,2026-07-22T10:20:56.657029,105649,15591,4460,15591,3040,15591,390,15591,7,15591,4,18063,8,1.0289058999987901
3,0,,2026-07-22T10:20:57.686158,106150,15265,4624,15265,2792,15265,370,15265,8,15265,8,18028,3,1.0287433999983477
3,0,,2026-07-22T10:20:58.714863,105582,15428,4559,15428,2958,15428,357,15428,7,15428,5,18059,7,1.028317900003458
3,0,,2026-07-22T10:20:59.744085,105571,15406,4437,15406,2962,15406,405,15406,6,15406,3,18060,17,1.0289043000011588
3,0,,2026-07-22T10:21:00.772698,106528,15278,4410,15278,2947,15278,377,15278,2,15278,3,18135,8,1.0283591999977943
3,0,,2026-07-22T10:21:01.801348,105720,15215,4491,15215,2937,15215,380,15215,4,15215,5,17778,12,1.028343699996185
3,0,,2026-07-22T10:21:02.831309,105831,15212,4381,15212,3051,15212,370,15213,6,15213,8,17988,6,1.0296637999999803
3,0,,2026-07-22T10:21:03.860771,105684,15354,4423,15354,2996,15354,413,15353,8,15353,7,17834,10,1.0290846999996575
3,0,,2026-07-22T10:21:04.887821,106091,15662,4688,15663,3013,15663,365,15663,7,15663,8,18234,7,1.0267755999957444
3,0,,2026-07-22T10:21:05.916386,106037,15430,4627,15429,2952,15429,357,15429,4,15429,9,18032,9,1.0284085999956005
3,0,,2026-07-22T10:21:06.946692,106714,15687,4699,15687,3017,15687,359,15687,5,15687,6,18108,8,1.0299204000039026
3,0,,2026-07-22T10:21:07.974807,106544,15678,4607,15678,2932,15678,342,15678,3,15678,7,18015,6,1.027727299995604
3,0,,2026-07-22T10:21:09.004071,106156,15506,4639,15506,2960,15506,374,15506,6,15506,6,18143,6,1.0290134999959264
3,0,,2026-07-22T10:21:10.033632,105915,15279,4443,15279,2966,15279,363,15279,9,15279,8,18111,10,1.0291474999976344
3,0,,2026-07-22T10:21:11.062637,106173,15386,4378,15386,3017,15386,378,15386,6,15386,9,18054,5,1.0286287999988417
3,0,,2026-07-22T10:21:12.092315,106146,15280,4533,15280,2933,15280,349,15280,8,15280,10,17936,10,1.0292444000006071
3,0,,2026-07-22T10:21:13.121425,106185,15365,4376,15365,2972,15365,377,15365,6,15365,7,17898,6,1.0287143999958062
3,0,,2026-07-22T10:21:14.148764,105981,15520,4463,15520,2889,15520,372,15520,4,15520,6,18010,2,1.0269879000043147
3,0,,2026-07-22T10:21:15.175918,105939,15401,4607,15401,2965,15401,399,15401,5,15401,10,17572,4,1.0269356999997399
3,0,,2026-07-22T10:21:16.203229,105779,15403,4492,15403,2956,15403,361,15403,11,15403,6,18150,7,1.0271653999952832
3,0,,2026-07-22T10:21:17.231497,106033,15181,4459,15181,2956,15181,336,15181,5,15181,3,18283,8,1.028043999998772
3,0,,2026-07-22T10:21:18.258922,105868,15318,4516,15318,2985,15318,367,15318,5,15318,7,17913,9,1.0271783000061987
3,0,,2026-07-22T10:21:19.287494,106087,15449,4640,15449,2974,15449,350,15449,5,15449,5,18260,4,1.0283334999985527
3,0,,2026-07-22T10:21:20.315663,106412,15285,4535,15285,2927,15285,388,15285,3,15285,5,18054,3,1.0277888999989955
3,0,,2026-07-22T10:21:21.343704,105558,15325,4654,15325,2911,15325,369,15325,8,15325,7,17949,9,1.0276613000023644
3,0,,2026-07-22T10:21:22.373253,106607,15428,4636,15428,2905,15428,357,15428,10,15428,7,18015,7,1.0292276000036509
3,0,,2026-07-22T10:21:23.402540,105856,15433,4537,15433,2869,15433,374,15433,8,15433,6,18095,8,1.0289173000055598
3,0,,2026-07-22T10:21:24.431561,105827,15471,4565,15471,2980,15471,368,15471,5,15471,6,17971,2,1.0286449999985052
3,0,,2026-07-22T10:21:25.460534,106099,15456,4587,15456,2992,15456,377,15456,11,15456,5,18276,12,1.0285616999972262
3,0,,2026-07-22T10:21:26.490149,105993,15491,4563,15491,3010,15491,386,15491,8,15491,4,17954,5,1.0292140000019572
3,0,,2026-07-22T10:21:27.519482,106721,15496,4534,15496,3043,15496,375,15496,5,15496,5,18288,4,1.0289626000012504
3,0,,2026-07-22T10:21:28.549156,106509,15522,4604,15522,3026,15522,367,15522,7,15522,2,18053,12,1.029331000005186
3,0,,2026-07-22T10:21:29.579216,106314,15679,4596,15679,2930,15679,412,15679,6,15679,4,18088,6,1.029612199999974
3,0,,2026-07-22T10:21:30.608400,105742,15334,4443,15334,2943,15334,373,15334,6,15334,4,18083,7,1.0286953000031644
3,0,,2026-07-22T10:21:31.638025,106060,15565,4557,15565,3006,15565,357,15565,3,15565,5,17904,8,1.0293458000014652
3,0,,2026-07-22T10:21:32.666708,106239,15401,4470,15401,3043,15401,367,15401,6,15401,5,18160,5,1.0282939999960945
3,0,,2026-07-22T10:21:33.695683,106554,15679,4574,15679,3012,15679,362,15679,3,15679,8,18018,12,1.028567800000019
3,0,,2026-07-22T10:21:34.724996,106294,15289,4413,15289,3027,15289,340,15289,6,15289,9,18303,11,1.0289140999957453
3,0,,2026-07-22T10:21:35.754959,105984,15599,4664,15599,2980,15599,339,15599,5,15599,4,18099,4,1.0295834999997169
3,0,,2026-07-22T10:21:36.784212,105791,15342,4496,15342,2903,15342,385,15342,4,15342,12,17953,8,1.0288618999984465
3,0,,2026-07-22T10:21:37.813872,105537,15476,4516,15476,2942,15476,388,15476,7,15476,8,18180,9,1.0292411999980686
3,0,,2026-07-22T10:21:38.843689,105933,15357,4501,15357,2958,15357,384,15357,5,15357,2,18056,9,1.0294474999973318
3,0,,2026-07-22T10:21:39.872606,105885,15267,4442,15267,2920,15267,360,15267,6,15267,4,18325,12,1.0285088000018732
3,0,,2026-07-22T10:21:40.902327,106136,15438,4548,15438,2895,15439,354,15439,2,15439,5,17949,3,1.029318000000785
3,0,,2026-07-22T10:21:41.931282,105816,15532,4548,15532,2970,15531,362,15531,7,15531,3,18093,6,1.0285750000039116
3,0,,2026-07-22T10:21:42.962294,105916,15323,4404,15323,2971,15323,375,15323,6,15323,4,18182,7,1.0305914000055054
3,0,,2026-07-22T10:21:43.993538,106347,15429,4437,15429,2999,15429,350,15429,4,15429,4,18204,8,1.026581800004351
3,0,,2026-07-22T10:21:45.022301,105987,15277,4488,15277,2961,15277,354,15277,7,15277,4,18017,7,1.0284871999974712
3,0,,2026-07-22T10:21:46.050958,106081,15408,4547,15408,2993,15408,378,15408,1,15408,7,17791,6,1.028404299999238
3,0,,2026-07-22T10:21:47.080558,105552,15559,4553,15559,2890,15559,394,15559,3,15559,6,17989,6,1.0292814999993425
3,0,,2026-07-22T10:21:48.109724,106232,15380,4501,15380,2906,15380,355,15380,7,15380,4,18005,5,1.0288251000019955
3,0,,2026-07-22T10:21:49.138634,105733,15327,4488,15327,2968,15327,356,15327,6,15327,6,18351,5,1.0285810999994283
3,0,,2026-07-22T10:21:50.166722,106038,15368,4481,15368,2985,15368,359,15368,6,15368,2,18154,7,1.0278103000018746
3,0,,2026-07-22T10:21:51.195446,105768,15219,4488,15219,2945,15219,383,15219,4,15219,3,18134,9,1.0284241000044858
3,0,,2026-07-22T10:21:52.224353,105580,15301,4520,15301,2938,15301,364,15301,7,15301,4,18041,7,1.0286765999990166
3,0,,2026-07-22T10:21:53.251987,106396,15380,4567,15380,2943,15380,352,15380,8,15380,7,17928,8,1.0272757999991882
3,0,,2026-07-22T10:21:54.281830,106063,15604,4586,15604,3076,15604,360,15604,5,15604,7,18111,12,1.0295082999946317
3,0,,2026-07-22T10:21:55.311294,106397,15467,4606,15467,2924,15467,366,15467,9,15467,4,18237,7,1.0291002000012668
3,0,,2026-07-22T10:21:56.340719,105498,15344,4388,15344,3119,15344,346,15344,10,15344,9,17855,8,1.029074899997795
3,0,,2026-07-22T10:21:57.370241,105919,15315,4482,15315,2932,15315,350,15315,8,15315,5,17950,5,1.0291044000041438
3,0,,2026-07-22T10:21:58.399206,106105,15343,4447,15343,3016,15343,356,15343,7,15343,6,18092,3,1.0284912999995868
3,0,,2026-07-22T10:21:59.428382,106348,15275,4498,15275,2929,15275,386,15275,5,15275,10,18033,3,1.0287820000012289
3,0,,2026-07-22T10:22:00.458638,106406,15480,4579,15480,3024,15480,365,15480,3,15480,5,18171,6,1.0298764999970444
3,0,,2026-07-22T10:22:01.487561,105979,15252,4500,15252,2918,15252,356,15252,6,15252,6,18027,7,1.0285613000014564
3,0,,2026-07-22T10:22:02.516433,106162,15442,4549,15442,2970,15442,341,15442,4,15442,4,17907,3,1.0285092999984045
3,0,,2026-07-22T10:22:03.545484,106225,15303,4526,15303,2915,15303,373,15303,9,15303,2,17908,10,1.0287166999987676
3,0,,2026-07-22T10:22:04.575300,106259,15410,4623,15410,2954,15410,350,15410,6,15410,3,18046,4,1.0294420999998692
3,0,,2026-07-22T10:22:05.604709,106153,15198,4494,15198,2937,15198,363,15198,9,15198,7,18283,10,1.0289584999991348
3,0,,2026-07-22T10:22:06.634037,106057,15154,4447,15154,2902,15154,364,15154,7,15154,7,18112,8,1.028992899999139
3,0,,2026-07-22T10:22:07.662361,106134,15537,4672,15537,2912,15537,343,15537,3,15537,8,18011,9,1.027939100000367
3,0,,2026-07-22T10:22:08.691067,106070,15340,4472,15340,2997,15340,378,15340,11,15340,5,18100,9,1.0283345999996527
3,0,,2026-07-22T10:22:09.720881,105974,15319,4609,15319,2909,15319,361,15319,3,15319,4,17824,13,1.0294198999981745
3,0,,2026-07-22T10:22:10.750640,106246,15545,4565,15545,2976,15545,355,15545,9,15545,10,17966,9,1.0292935999968904
3,0,,2026-07-22T10:22:11.781444,106392,15346,4607,15346,2947,15346,363,15346,7,15346,3,18064,12,1.0304978999993182
3,0,,2026-07-22T10:22:12.809753,105831,15344,4534,15344,2900,15344,405,15344,8,15344,6,17936,4,1.0279240000018035
3,0,,2026-07-22T10:22:13.838998,105853,15211,4485,15211,2845,15211,349,15211,5,15211,4,17900,4,1.0288635999968392
3,0,,2026-07-22T10:22:14.868366,106189,15600,4554,15600,2978,15600,357,15600,4,15600,4,17864,9,1.0290181000018492
3,0,,2026-07-22T10:22:15.897433,106253,15683,4507,15683,2929,15683,364,15683,6,15683,6,18054,5,1.0286917999983416
3,0,,2026-07-22T10:22:16.927766,105988,15277,4394,15277,2914,15277,372,15277,5,15277,12,18072,9,1.0300318000008701
3,0,,2026-07-22T10:22:17.958021,106040,15402,4602,15402,2946,15402,416,15402,5,15402,6,17957,13,1.0299020000020391
3,0,,2026-07-22T10:22:18.987690,106117,15407,4660,15407,2953,15407,331,15407,6,15407,5,18279,6,1.0293292999995174
3,0,,2026-07-22T10:22:20.015068,105479,15249,4530,15249,2889,15249,356,15249,3,15249,1,17874,6,1.0270493999996688
3,0,,2026-07-22T10:22:21.044864,105328,15291,4526,15291,2947,15291,329,15291,10,15291,1,17706,8,1.029636400002346
3,0,,2026-07-22T10:22:22.074977,106538,15421,4581,15421,2912,15421,381,15421,1,15421,7,18083,4,1.0297243999957573
3,0,,2026-07-22T10:22:23.104276,106471,15368,4554,15368,2966,15368,373,15368,5,15368,5,18004,6,1.028845699998783
3,0,,2026-07-22T10:22:24.132901,105846,15328,4375,15328,2975,15328,387,15328,10,15328,3,17947,10,1.0282623000020976
3,0,,2026-07-22T10:22:25.161771,105909,15460,4534,15460,2972,15460,363,15460,7,15460,6,18119,5,1.0284874999997555
3,0,,2026-07-22T10:22:26.191211,105678,15460,4499,15460,2966,15460,365,15460,5,15460,5,17950,8,1.0290733000001637
3,0,,2026-07-22T10:22:27.220692,105889,15374,4515,15374,2916,15374,365,15374,5,15374,9,17729,5,1.0291660000002594
3,0,,2026-07-22T10:22:28.250312,105638,15380,4586,15380,2934,15380,378,15380,14,15380,10,18108,10,1.029237100003229
3,0,,2026-07-22T10:22:29.279843,106021,15327,4398,15327,2954,15327,370,15327,11,15327,8,17919,12,1.0292422999991686
3,0,,2026-07-22T10:22:30.309187,105629,15254,4490,15254,2926,15254,400,15254,9,15254,6,18016,9,1.0289784999986296
3,0,,2026-07-22T10:22:31.338142,106339,15570,4648,15570,2981,15570,410,15570,2,15570,6,18154,8,1.0285683999973116
3,0,,2026-07-22T10:22:32.367156,105587,15303,4421,15303,2954,15303,378,15303,13,15303,5,18170,9,1.0286444000012125
3,0,,2026-07-22T10:22:33.396329,106184,15237,4498,15237,2931,15237,359,15237,6,15237,4,18106,10,1.028782900000806
3,0,,2026-07-22T10:22:34.427191,106586,15523,4598,15523,2971,15523,355,15523,3,15523,1,18070,6,1.03046280000126
3,0,,2026-07-22T10:22:35.457243,106583,15293,4421,15293,2925,15294,403,15294,9,15294,3,18151,4,1.0296658000006573
3,0,,2026-07-22T10:22:36.486010,105895,15607,4671,15607,2936,15606,356,15606,5,15606,5,17858,5,1.0283863000004203
3,0,,2026-07-22T10:22:37.515917,106496,15293,4501,15293,2905,15293,368,15293,3,15293,5,18223,10,1.029573600004369
3,0,,2026-07-22T10:22:38.545539,106160,15410,4548,15410,2991,15410,375,15410,1,15410,7,18211,11,1.0292441000055987
3,0,,2026-07-22T10:22:39.574608,105561,15497,4550,15497,2948,15497,378,15497,3,15497,8,17902,10,1.0287681000045268
3,0,,2026-07-22T10:22:40.603871,105647,15431,4493,15431,3010,15431,388,15431,14,15431,3,18181,12,1.028875700001663
3,0,,2026-07-22T10:22:41.632577,106211,15353,4559,15353,2885,15353,339,15353,7,15353,6,18196,12,1.0283627000026172
3,0,,2026-07-22T10:22:42.661816,106104,15533,4465,15533,2962,15533,364,15533,6,15533,7,18120,7,1.028897500000312
3,0,,2026-07-22T10:22:43.691385,106433,15241,4428,15241,2929,15241,339,15241,8,15241,14,18324,8,1.0291963000054238
3,0,,2026-07-22T10:22:44.720201,105925,15331,4518,15331,2896,15331,395,15331,9,15331,4,17746,4,1.0283799999961047
3,0,,2026-07-22T10:22:45.749184,105793,15333,4563,15333,2910,15333,384,15333,3,15333,6,18006,8,1.0286149000021396
3,0,,2026-07-22T10:22:46.778523,106387,15401,4571,15401,2885,15401,321,15401,3,15401,5,18053,9,1.0289412999991328
3,0,,2026-07-22T10:22:47.806158,105690,15375,4464,15375,2918,15375,375,15375,5,15375,5,17829,6,1.0272626000005403
3,0,,2026-07-22T10:22:48.835809,105353,15481,4413,15481,2960,15481,379,15481,6,15481,5,18010,8,1.0291963999989093
3,0,,2026-07-22T10:22:49.864448,105992,15437,4490,15437,2963,15437,354,15437,5,15437,3,18108,4,1.0282932999980403
3,0,,2026-07-22T10:22:50.893596,105963,15423,4478,15423,2941,15423,373,15423,8,15423,8,18072,7,1.028787100003683
3,0,,2026-07-22T10:22:51.922524,106270,15216,4392,15217,3001,15217,348,15217,9,15217,4,18097,8,1.0285043000039877
3,0,,2026-07-22T10:22:52.951523,105644,15461,4496,15460,2996,15460,339,15460,3,15460,2,17946,8,1.0285681000023033
3,0,,2026-07-22T10:22:53.980528,105682,15109,4340,15109,2953,15109,367,15109,4,15109,3,17942,8,1.0286231999998563
3,0,,2026-07-22T10:22:55.010878,105260,15416,4502,15416,2963,15416,395,15416,3,15416,4,18025,9,1.0299973000001046
3,0,,2026-07-22T10:22:56.040094,106664,15425,4653,15425,2974,15425,365,15425,6,15425,3,17976,12,1.0288136000017403
3,0,,2026-07-22T10:22:57.069434,105844,15248,4525,15248,2918,15248,374,15248,12,15248,4,18022,6,1.0289182999986224
3,0,,2026-07-22T10:22:58.099130,106460,15352,4515,15352,2946,15352,359,15352,8,15352,6,18061,1,1.029335599996557
3,0,,2026-07-22T10:22:59.127819,105244,15019,4373,15019,2852,15019,306,15019,8,15019,7,18239,9,1.0283617000022787
3,0,,2026-07-22T10:23:00.155265,105445,15162,4455,15162,2908,15162,370,15162,2,15162,7,17945,5,1.0270699999964563
3,0,,2026-07-22T10:23:01.184688,105293,15287,4416,15287,2916,15287,355,15287,8,15287,2,17896,6,1.0292256999964593
3,0,,2026-07-22T10:23:02.213114,106289,15429,4629,15429,2936,15429,380,15429,4,15429,7,17950,9,1.0280985999997938
3,0,,2026-07-22T10:23:03.242133,106272,15411,4511,15411,2950,15411,403,15411,6,15411,7,17946,6,1.0286590999967302
3,0,,2026-07-22T10:23:04.271841,106504,15348,4455,15348,2970,15348,366,15348,9,15348,3,17991,6,1.0293384999968112
3,0,,2026-07-22T10:23:05.301226,105768,15280,4463,15280,2877,15280,337,15280,7,15280,4,18217,11,1.0289508999994723
3,0,,2026-07-22T10:23:06.329761,106610,15655,4635,15655,2965,15655,354,15655,5,15655,6,17988,13,1.028185900002427
3,0,,2026-07-22T10:23:07.359922,106417,15649,4569,15649,2935,15649,384,15649,5,15649,7,17815,4,1.0298001999981352
3,0,,2026-07-22T10:23:08.388441,105692,15297,4510,15297,2916,15297,349,15297,6,15297,9,17990,5,1.0282021000020904
3,0,,2026-07-22T10:23:09.418737,106002,15161,4421,15161,2881,15161,349,15161,4,15161,12,18032,6,1.0297732999970322
3,0,,2026-07-22T10:23:10.448807,106692,15428,4554,15428,2862,15428,386,15428,8,15428,5,17998,11,1.0296659000014188
3,0,,2026-07-22T10:23:11.477818,105547,15463,4531,15463,3034,15463,369,15463,3,15463,3,18074,7,1.028656200003752
3,0,,2026-07-22T10:23:12.507459,106437,15677,4583,15677,2993,15677,347,15677,4,15677,10,18313,12,1.0292753000030643
3,0,,2026-07-22T10:23:13.536758,106003,15325,4511,15325,2947,15325,372,15325,6,15325,7,18150,10,1.02894290000404
3,0,,2026-07-22T10:23:14.566621,105852,15336,4386,15336,3002,15336,373,15336,9,15336,6,17996,8,1.0295003999999608
3,0,,2026-07-22T10:23:15.595794,106092,15531,4503,15531,2952,15531,380,15531,2,15531,10,18047,12,1.0287768000052893
3,0,,2026-07-22T10:23:16.625592,105725,15249,4365,15249,2955,15249,387,15249,3,15249,4,18060,8,1.0294595000013942
3,0,,2026-07-22T10:23:17.654659,105171,15485,4368,15485,2996,15485,340,15485,5,15485,7,17936,12,1.0286954999974114
3,0,,2026-07-22T10:23:18.684377,106054,15431,4508,15431,2911,15431,365,15431,8,15431,3,18370,6,1.029351699995459
3,0,,2026-07-22T10:23:19.713196,105854,15352,4541,15352,2938,15352,355,15352,4,15352,5,18015,2,1.0284823999973014
3,0,,2026-07-22T10:23:20.742683,105780,15516,4514,15516,2983,15516,348,15516,3,15516,8,17945,4,1.0291698000000906
3,0,,2026-07-22T10:23:21.772021,106646,15575,4511,15575,2992,15575,384,15575,11,15575,5,17899,11,1.028902999998536
3,0,,2026-07-22T10:23:22.801386,105847,15395,4573,15395,2921,15395,371,15395,8,15395,5,17883,2,1.0290395999982138
3,0,,2026-07-22T10:23:23.830224,105741,15405,4554,15405,2915,15405,395,15405,11,15405,3,17872,7,1.0284608000001754
3,0,,2026-07-22T10:23:24.859068,105453,15312,4593,15312,2955,15312,331,15312,6,15312,4,17757,6,1.0284785999974702
3,0,,2026-07-22T10:23:25.888544,105889,15306,4466,15306,2899,15306,358,15306,9,15306,4,18243,10,1.029193700000178
3,0,,2026-07-22T10:23:26.917076,105727,15338,4577,15338,2895,15338,338,15338,5,15338,5,17909,3,1.028192300000228
3,0,,2026-07-22T10:23:27.944848,105941,15372,4493,15372,3038,15372,340,15372,8,15372,6,17933,6,1.0274288000000524
3,0,,2026-07-22T10:23:28.974363,105521,15217,4315,15217,2932,15217,396,15217,5,15217,8,17979,6,1.029224300000351
3,0,,2026-07-22T10:23:30.002657,105764,15677,4532,15677,3054,15677,355,15677,5,15677,12,18078,9,1.0279441999955452
3,0,,2026-07-22T10:23:31.032371,105914,15378,4487,15378,2979,15378,413,15378,5,15378,5,18114,9,1.0292742000019643
3,0,,2026-07-22T10:23:32.060976,106121,15552,4506,15552,2953,15552,425,15552,8,15552,3,17882,7,1.0282374000016716
3,0,,2026-07-22T10:23:33.090717,105904,15324,4539,15324,2904,15324,367,15324,8,15324,4,18185,9,1.0293814000033308
3,0,,2026-07-22T10:23:34.119700,105882,15233,4414,15233,2897,15233,371,15233,7,15233,7,18052,7,1.028652199995122
3,0,,2026-07-22T10:23:35.149544,105776,15421,4527,15421,2910,15421,371,15421,8,15421,3,17818,3,1.0295074000023305
3,0,,2026-07-22T10:23:36.178888,105859,15628,4572,15628,3002,15628,400,15628,7,15628,10,18006,10,1.028959000002942
3,0,,2026-07-22T10:23:37.207734,105522,15208,4517,15208,2954,15208,357,15208,8,15208,12,17954,9,1.0284727999969618
3,0,,2026-07-22T10:23:38.236972,105618,14890,4421,14890,2878,14890,346,14890,5,14890,2,18117,7,1.0288737999944715
3,0,,2026-07-22T10:23:39.266728,105708,15465,4536,15465,2926,15465,382,15465,5,15465,4,17963,6,1.0293633999972371
3,0,,2026-07-22T10:23:40.295843,105961,15360,4607,15360,2862,15360,388,15360,8,15360,5,18153,9,1.0287118000051123
3,0,,2026-07-22T10:23:41.325583,106601,15225,4575,15225,2854,15225,362,15225,7,15225,12,18280,12,1.0293921000047703
3,0,,2026-07-22T10:23:42.355376,105700,15034,4420,15034,2850,15034,343,15034,6,15034,9,17886,7,1.0294242999952985
3,0,,2026-07-22T10:23:43.384973,106170,15311,4427,15311,2917,15311,388,15311,5,15311,6,18004,7,1.029212199995527
3,0,,2026-07-22T10:23:44.414787,105372,15207,4450,15207,2937,15207,353,15207,7,15207,4,18092,2,1.0294117000012193
3,0,,2026-07-22T10:23:45.443275,105961,15282,4503,15282,2900,15282,374,15282,5,15282,3,18349,8,1.0280794000063906
3,0,,2026-07-22T10:23:46.472766,105836,15414,4464,15414,2916,15414,346,15414,9,15414,5,18249,4,1.0291275999989011
3,0,,2026-07-22T10:23:47.501311,105794,15380,4451,15380,2920,15380,383,15380,6,15380,6,18095,5,1.028126199998951
3,0,,2026-07-22T10:23:48.530053,106173,15444,4547,15444,3003,15444,385,15444,1,15444,6,17948,10,1.028402099997038
3,0,,2026-07-22T10:23:49.558496,105288,15114,4393,15114,2886,15114,379,15114,6,15114,6,18136,11,1.0280410000050324
3,0,,2026-07-22T10:23:50.588383,106340,15200,4420,15200,2982,15200,351,15200,5,15200,3,18098,9,1.0295186000003014
3,0,,2026-07-22T10:23:51.617777,105654,15410,4448,15410,2998,15410,341,15410,7,15410,5,18052,11,1.0290774000022793
3,0,,2026-07-22T10:23:52.647136,106091,15164,4555,15164,2925,15164,352,15164,8,15164,4,18020,8,1.0290075000011711
3,0,,2026-07-22T10:23:53.675924,105516,15272,4628,15272,2880,15272,376,15272,4,15272,4,17915,6,1.0284238000022015
3,0,,2026-07-22T10:23:54.705615,105482,15334,4539,15334,2904,15334,362,15334,5,15334,5,17946,4,1.0293434000050183
3,0,,2026-07-22T10:23:55.734858,105736,15421,4504,15421,2951,15421,385,15421,7,15421,3,18002,8,1.0288978999960818
3,0,,2026-07-22T10:23:56.764049,105396,15296,4442,15296,2924,15296,392,15296,7,15296,1,17915,7,1.0288465000048745
3,0,,2026-07-22T10:23:57.792378,105823,15369,4454,15369,2986,15369,378,15369,2,15369,7,18020,4,1.0280066999985138
3,0,,2026-07-22T10:23:58.821558,105773,15169,4480,15169,2915,15169,348,15169,4,15169,3,17767,8,1.02879060000123
3,0,,2026-07-22T10:23:59.849877,106310,15530,4504,15530,3019,15530,355,15530,9,15530,5,18151,10,1.0279759999975795
3,0,,2026-07-22T10:24:00.878920,105703,15321,4469,15321,3030,15321,383,15321,9,15321,4,17976,9,1.0287603000033414
3,0,,2026-07-22T10:24:01.907897,106180,15368,4501,15368,2950,15368,397,15368,6,15368,4,17909,7,1.0286123999976553
3,0,,2026-07-22T10:24:02.937836,105534,15108,4575,15108,2883,15108,324,15108,6,15108,6,18095,15,1.0295397000008961
3,0,,2026-07-22T10:24:03.966714,105795,15249,4531,15249,2834,15249,364,15249,3,15249,4,18185,6,1.0285055999993347
3,0,,2026-07-22T10:24:04.996551,106022,15621,4609,15621,2969,15621,340,15621,4,15621,5,18063,4,1.0294780999975046
3,0,,2026-07-22T10:24:06.025888,105516,15118,4411,15118,2894,15118,380,15118,7,15118,5,18076,9,1.0288685999985319
3,0,,2026-07-22T10:24:07.055662,106105,15293,4541,15293,2857,15293,357,15293,4,15293,9,18136,8,1.0294320000029984
3,0,,2026-07-22T10:24:08.084709,105682,15236,4454,15236,2849,15236,398,15236,15,15236,4,18017,7,1.0287874999994528
3,0,,2026-07-22T10:24:09.114404,105057,15353,4524,15353,2933,15353,329,15353,10,15353,6,18206,13,1.029256699999678
3,0,,2026-07-22T10:24:10.141691,105814,15254,4494,15254,2887,15254,361,15254,5,15254,8,17957,12,1.0269303999957629
3,0,,2026-07-22T10:24:11.171345,105581,15332,4454,15332,2954,15332,379,15332,8,15332,8,18123,6,1.0293920000040089
3,0,,2026-07-22T10:24:12.199786,105715,15185,4539,15185,2875,15185,392,15185,5,15185,5,18280,9,1.0281174999981886
3,0,,2026-07-22T10:24:13.228818,106156,15293,4424,15293,2930,15293,388,15293,9,15293,3,18266,8,1.0287573999958113
3,0,,2026-07-22T10:24:14.257515,105211,15358,4572,15358,2915,15358,350,15358,6,15358,6,18017,8,1.0283615000007558
3,0,,2026-07-22T10:24:15.287015,106009,15507,4502,15507,2945,15507,360,15507,5,15507,7,18402,6,1.0290969999987283
3,0,,2026-07-22T10:24:16.317015,106592,15408,4541,15408,2949,15408,342,15408,6,15408,9,18224,9,1.0296951999989687
3,0,,2026-07-22T10:24:17.346213,106242,15397,4483,15397,3022,15397,391,15397,5,15397,4,18004,8,1.0288666999986162
3,0,,2026-07-22T10:24:18.375128,106150,15497,4546,15497,2993,15497,360,15497,5,15497,5,18067,8,1.0285369000048377
3,0,,2026-07-22T10:24:19.404661,105479,15033,4424,15033,2824,15033,382,15033,5,15033,3,17818,4,1.029182900005253
3,0,,2026-07-22T10:24:20.433936,105449,15239,4657,15239,2899,15240,351,15240,6,15240,2,18162,5,1.02897110000049
3,0,,2026-07-22T10:24:21.463272,105998,15377,4474,15377,2936,15376,340,15376,9,15376,11,18306,5,1.028974399996514
3,0,,2026-07-22T10:24:22.492317,105504,15294,4481,15294,2981,15294,343,15294,6,15294,4,17781,8,1.0286434999943594
3,0,,2026-07-22T10:24:23.521022,105544,15444,4523,15444,2968,15444,373,15444,8,15444,6,18084,4,1.0284023000058369
3,0,,2026-07-22T10:24:24.549648,105338,15239,4566,15239,2934,15239,365,15239,6,15239,5,17932,10,1.028311100002611
3,0,,2026-07-22T10:24:25.578666,105035,15267,4565,15267,2955,15267,346,15267,8,15267,5,18009,3,1.0288524999996298
3,0,,2026-07-22T10:24:26.607122,105873,15273,4430,15273,2950,15273,376,15273,6,15273,6,18047,9,1.0281516999966698
3,0,,2026-07-22T10:24:27.636719,105909,15217,4349,15217,2921,15217,361,15217,3,15217,6,17990,7,1.0292468999978155
3,0,,2026-07-22T10:24:28.663936,105564,15482,4536,15482,2992,15482,345,15482,5,15482,4,18191,8,1.0269566999995732
3,0,,2026-07-22T10:24:29.692872,104748,15176,4368,15176,2899,15176,398,15176,8,15176,10,18070,9,1.0286789999954635
3,0,,2026-07-22T10:24:30.721834,105676,15265,4438,15265,2942,15265,342,15265,3,15265,4,18028,9,1.0285769999973127
3,0,,2026-07-22T10:24:31.750423,105934,15335,4536,15335,2951,15335,368,15335,6,15335,5,17930,9,1.0282369999986258
3,0,,2026-07-22T10:24:32.779825,105338,15039,4369,15039,2935,15039,364,15039,5,15039,6,18000,10,1.0290459999960149
3,0,,2026-07-22T10:24:33.808947,105508,15335,4510,15335,2925,15335,332,15335,8,15335,7,18178,5,1.028668099999777
3,0,,2026-07-22T10:24:34.837121,105513,15186,4437,15186,2821,15186,400,15186,6,15186,8,18078,2,1.0278161999958684
3,0,,2026-07-22T10:24:35.866074,105486,15263,4535,15263,2971,15263,342,15263,5,15263,6,18216,5,1.0286018999977387
3,0,,2026-07-22T10:24:36.895623,105590,15347,4519,15347,2977,15347,326,15347,7,15347,5,17966,12,1.0292069999995874
3,0,,2026-07-22T10:24:37.923476,105328,15345,4468,15345,2893,15345,336,15345,9,15345,4,18016,5,1.0274811999988742
3,0,,2026-07-22T10:24:38.952770,105504,15352,4496,15353,2851,15353,359,15353,3,15353,5,17915,7,1.0289603999990504
3,0,,2026-07-22T10:24:39.982239,105630,15300,4461,15299,2918,15299,362,15299,2,15299,6,17855,6,1.0290374000032898
3,0,,2026-07-22T10:24:41.012191,105474,15338,4553,15338,2941,15338,354,15338,5,15338,7,18169,14,1.0295989000005648
3,0,,2026-07-22T10:24:42.040656,105271,15435,4440,15435,2956,15435,371,15435,7,15435,9,18111,4,1.0280840000050375
3,0,,2026-07-22T10:24:43.070013,105716,15238,4495,15238,2945,15238,356,15238,7,15238,9,17876,6,1.0289965999982087
3,0,,2026-07-22T10:24:44.098896,105323,15155,4468,15155,2874,15155,387,15155,14,15155,7,17808,6,1.0285732999982429
3,0,,2026-07-22T10:24:45.128118,105731,15275,4358,15275,2986,15275,398,15275,7,15275,8,18184,7,1.0288836999970954
3,0,,2026-07-22T10:24:46.157324,105647,15248,4468,15248,2842,15248,332,15248,8,15248,6,18044,1,1.0289933000021847
3,0,,2026-07-22T10:24:47.187076,105292,15424,4557,15424,2957,15424,392,15424,2,15424,7,18039,11,1.029458999997587
3,0,,2026-07-22T10:24:48.217072,105493,15304,4525,15304,2960,15304,361,15304,8,15304,2,18178,10,1.0295944999961648
3,0,,2026-07-22T10:24:49.247350,106092,15315,4444,15315,2982,15315,342,15315,4,15315,7,18049,11,1.0298815999994986
3,0,,2026-07-22T10:24:50.276908,105545,15375,4518,15375,2874,15375,368,15375,8,15375,9,18111,3,1.0291658000060124
3,0,,2026-07-22T10:24:51.305797,105651,15269,4542,15269,2826,15269,349,15269,5,15269,7,18070,10,1.0285618000052636
3,0,,2026-07-22T10:24:52.334480,105812,15379,4515,15380,3059,15380,365,15380,8,15380,6,17922,8,1.0283663000009255
3,0,,2026-07-22T10:24:53.365190,106374,15358,4447,15357,2983,15357,375,15357,6,15357,1,18272,5,1.0303313999975217
3,0,,2026-07-22T10:24:54.394199,105891,15177,4496,15177,2978,15177,333,15177,7,15177,3,17861,4,1.0287214000054519
3,0,,2026-07-22T10:24:55.423127,105779,15399,4570,15399,2853,15399,387,15399,3,15399,5,18201,7,1.028619799995795
3,0,,2026-07-22T10:24:56.451468,105448,15173,4499,15173,2926,15173,355,15173,2,15173,2,18160,8,1.0279860000009649
3,0,,2026-07-22T10:24:57.481429,105308,15449,4515,15449,2965,15449,368,15449,8,15449,6,18101,7,1.0296031000034418
3,0,,2026-07-22T10:24:58.511341,106100,15524,4652,15524,2961,15524,362,15524,5,15524,3,18186,6,1.0294897999992827
3,0,,2026-07-22T10:24:59.540863,105436,15288,4442,15288,2892,15288,349,15288,7,15288,7,17931,9,1.0291227999987314
3,0,,2026-07-22T10:25:00.570575,105643,15193,4509,15193,2855,15193,392,15193,10,15193,9,18057,5,1.0293730000048527
3,0,,2026-07-22T10:25:01.599231,105437,15259,4392,15259,2875,15259,396,15259,10,15259,7,18169,9,1.0283405000009225
3,0,,2026-07-22T10:25:02.628243,105523,15334,4567,15334,2850,15334,331,15334,5,15334,2,17850,11,1.0286372999980813
3,0,,2026-07-22T10:25:03.657437,105434,15376,4532,15376,2898,15376,356,15376,4,15376,5,17914,5,1.0289272000009078
3,0,,2026-07-22T10:25:04.686385,105607,15160,4381,15160,2902,15160,371,15160,4,15160,9,18298,6,1.0285738000020501
3,0,,2026-07-22T10:25:05.716237,105636,15436,4624,15436,2947,15436,359,15436,8,15436,4,18044,6,1.0294462999954703
3,0,,2026-07-22T10:25:06.746791,105776,15377,4543,15377,2995,15377,344,15377,2,15377,8,18207,6,1.0302425999980187
3,0,,2026-07-22T10:25:07.775123,105458,15473,4457,15473,2901,15473,406,15473,13,15473,7,17935,13,1.027999699996144
3,0,,2026-07-22T10:25:08.802788,105253,15400,4371,15400,2957,15400,370,15400,6,15400,8,18028,6,1.0273316999955568
3,0,,2026-07-22T10:25:09.831738,106070,15432,4545,15432,2939,15432,315,15432,6,15432,6,18172,7,1.028595799994946
3,0,,2026-07-22T10:25:10.860708,105475,15210,4425,15210,2983,15211,350,15211,11,15211,5,17940,4,1.0285382000001846
3,0,,2026-07-22T10:25:11.889398,105351,15477,4520,15477,2940,15476,314,15476,5,15476,4,18137,7,1.0282873999967705
3,0,,2026-07-22T10:25:12.918606,105474,15431,4475,15431,2983,15431,366,15431,4,15431,6,18136,7,1.028856100005214
3,0,,2026-07-22T10:25:13.948180,105040,15405,4569,15405,2960,15405,383,15405,10,15405,1,17986,3,1.029255600005854
3,0,,2026-07-22T10:25:14.977576,104824,15248,4436,15248,2956,15248,387,15248,4,15248,6,17939,6,1.0290396999989753
3,0,,2026-07-22T10:25:16.007096,106172,15370,4478,15370,2978,15370,401,15370,7,15370,3,18228,6,1.0291486999994959
3,0,,2026-07-22T10:25:17.036552,105074,15113,4417,15113,2972,15113,378,15113,8,15113,4,17911,5,1.0291016999981366
3,0,,2026-07-22T10:25:18.066653,105516,15378,4497,15378,2938,15378,359,15378,14,15378,6,18165,11,1.0297400999988895
3,0,,2026-07-22T10:25:19.095890,105940,15406,4439,15406,2892,15406,340,15406,10,15406,8,17966,4,1.0288804000010714
3,0,,2026-07-22T10:25:20.125401,106016,15371,4463,15371,2906,15371,348,15371,8,15371,3,18136,15,1.0291424000024563
3,0,,2026-07-22T10:25:21.154968,105935,15291,4502,15291,3004,15291,395,15291,9,15291,4,18305,11,1.0292072000011103
3,0,,2026-07-22T10:25:22.184752,105890,15329,4498,15329,2895,15329,361,15329,8,15329,10,17973,5,1.0294813000000431
3,0,,2026-07-22T10:25:23.213981,105071,15202,4476,15202,2879,15202,334,15202,8,15202,5,18092,9,1.028822799999034
3,0,,2026-07-22T10:25:24.243360,105545,15065,4367,15065,2863,15065,334,15065,3,15065,3,18280,10,1.0289706999974442
3,0,,2026-07-22T10:25:25.270435,105507,15351,4557,15351,2898,15351,352,15351,11,15351,2,17923,10,1.0267497999957413
3,0,,2026-07-22T10:25:26.298613,105323,15408,4430,15408,2945,15408,394,15408,13,15408,8,18147,7,1.028042900004948
3,0,,2026-07-22T10:25:27.327026,105417,15421,4454,15421,2970,15421,358,15421,4,15421,9,17972,10,1.0281781000012415
3,0,,2026-07-22T10:25:28.355546,105671,15199,4338,15199,2993,15199,368,15199,7,15199,4,17878,6,1.0281957000042894
3,0,,2026-07-22T10:25:29.382048,105924,15385,4577,15385,2905,15385,416,15386,7,15386,9,17916,8,1.026164200004132
3,0,,2026-07-22T10:25:30.410437,105126,15338,4541,15338,2882,15338,339,15337,10,15337,2,18057,8,1.0281119999999646
3,0,,2026-07-22T10:25:31.439586,105180,15398,4511,15398,2874,15398,401,15398,5,15398,9,17876,3,1.0288194000022486
3,0,,2026-07-22T10:25:32.469754,105256,15353,4556,15353,2901,15353,394,15353,6,15353,7,17889,6,1.0295630000036908
3,0,,2026-07-22T10:25:33.499682,105609,15336,4418,15336,2869,15336,385,15336,5,15336,4,18219,4,1.0295860000042012
3,0,,2026-07-22T10:25:34.528486,105270,15245,4520,15245,2953,15245,381,15245,7,15245,7,18170,6,1.028475499995693
3,0,,2026-07-22T10:25:35.558158,105344,15221,4537,15221,2888,15221,387,15221,4,15221,6,18150,8,1.029335599996557
3,0,,2026-07-22T10:25:36.586150,105613,15120,4495,15120,2866,15120,403,15120,8,15120,3,17834,13,1.0276585999963572
3,0,,2026-07-22T10:25:37.616086,105485,15335,4417,15335,2936,15335,378,15335,9,15335,7,17868,6,1.0295944999961648
3,0,,2026-07-22T10:25:38.644372,105705,14941,4379,14941,2821,14941,349,14941,6,14941,10,17930,6,1.0278907000028994
3,0,,2026-07-22T10:25:39.673438,105647,15492,4440,15492,2955,15492,375,15492,6,15492,8,18217,9,1.0286081000012928
3,0,,2026-07-22T10:25:40.703244,105367,15171,4396,15171,2943,15171,319,15171,8,15171,6,17745,9,1.0294384000007994
3,0,,2026-07-22T10:25:41.733341,105734,15505,4610,15505,2913,15505,363,15505,4,15505,3,17985,5,1.0298043000002508
3,0,,2026-07-22T10:25:42.763438,105631,15448,4511,15448,3026,15448,350,15448,9,15448,9,18127,6,1.0296529999977793
3,0,,2026-07-22T10:25:43.792678,106093,15466,4525,15466,2957,15466,390,15466,5,15466,11,18162,5,1.0288394000017433
3,0,,2026-07-22T10:25:44.822007,105191,15394,4466,15394,2877,15394,382,15394,8,15394,3,18123,7,1.0289515999975265
3,0,,2026-07-22T10:25:45.852040,105863,15344,4403,15344,2944,15344,371,15344,11,15344,8,18215,9,1.0296604999966803
3,0,,2026-07-22T10:25:46.882164,105771,15526,4525,15526,3001,15526,414,15526,7,15526,6,18237,6,1.0297178000037093
3,0,,2026-07-22T10:25:47.911404,105228,15504,4559,15504,2936,15504,394,15504,5,15504,5,18118,6,1.028797899998608
3,0,,2026-07-22T10:25:48.939633,105006,15217,4350,15217,2858,15217,400,15217,7,15217,8,18064,9,1.0278719999987516
3,0,,2026-07-22T10:25:49.969877,105290,15304,4471,15304,2941,15304,375,15304,3,15304,10,17825,7,1.0299654999980703
3,0,,2026-07-22T10:25:50.999902,105134,15223,4385,15223,2974,15223,401,15223,5,15223,7,18074,6,1.0296548999976949
3,0,,2026-07-22T10:25:52.028493,105496,15385,4536,15385,2987,15385,382,15385,5,15385,2,17923,5,1.0282148999976926
3,0,,2026-07-22T10:25:53.058202,105859,15405,4541,15405,2924,15405,384,15405,4,15405,7,17860,5,1.0293272999988403
3,0,,2026-07-22T10:25:54.087556,105588,15401,4520,15401,2882,15401,370,15401,6,15401,6,18107,8,1.0288803999937954
3,0,,2026-07-22T10:25:55.117600,105885,15208,4384,15208,2976,15208,350,15208,12,15208,7,18093,9,1.0296851999955834
3,0,,2026-07-22T10:25:56.147151,105613,15416,4413,15416,3016,15416,368,15416,7,15416,6,17857,9,1.0290807000055793
3,0,,2026-07-22T10:25:57.176083,105353,15300,4513,15300,2866,15300,380,15300,3,15300,6,18150,7,1.0286190999977407
3,0,,2026-07-22T10:25:58.205491,105977,15358,4624,15358,2952,15358,364,15358,9,15358,7,18089,5,1.0290688000022783
3,0,,2026-07-22T10:25:59.234492,106021,15420,4558,15420,2951,15420,383,15420,3,15420,4,17878,14,1.0286343999978271
3,0,,2026-07-22T10:26:00.264290,104975,15277,4455,15277,2984,15277,376,15277,7,15277,5,18099,9,1.0294735000061337
3,0,,2026-07-22T10:26:01.293796,106036,15402,4566,15402,2941,15402,366,15402,7,15402,6,17949,10,1.0291435999970417
3,0,,2026-07-22T10:26:02.322778,105206,15109,4365,15109,2903,15109,362,15109,7,15109,7,17851,1,1.0286256999970647
3,0,,2026-07-22T10:26:03.352856,105191,15318,4449,15318,2938,15318,338,15318,5,15318,6,18079,7,1.0297206999966875
3,0,,2026-07-22T10:26:04.383358,105801,15374,4529,15374,2850,15374,394,15374,7,15374,8,18058,7,1.0301488999975845
3,0,,2026-07-22T10:26:05.412141,105467,15317,4523,15317,2945,15317,339,15317,6,15317,10,18053,8,1.0283877000038046
3,0,,2026-07-22T10:26:06.440627,105444,15230,4430,15230,2932,15230,400,15230,2,15230,8,18170,5,1.0281479999976
3,0,,2026-07-22T10:26:07.470578,105846,15355,4551,15355,2952,15355,366,15355,7,15355,8,18025,7,1.029660000000149
3,0,,2026-07-22T10:26:08.500060,105477,15215,4386,15215,2967,15215,370,15215,14,15215,5,17861,7,1.0291520999962813
3,0,,2026-07-22T10:26:09.529926,105636,15494,4671,15494,2853,15494,358,15494,3,15494,9,18006,9,1.0295286000036867
3,0,,2026-07-22T10:26:10.558997,105507,15132,4514,15132,2875,15132,356,15132,10,15132,8,18212,11,1.0286991999964812
3,0,,2026-07-22T10:26:11.588175,105217,15515,4615,15515,2996,15515,393,15515,6,15515,2,18153,9,1.0288135000009788
3,0,,2026-07-22T10:26:12.617633,105413,15457,4495,15457,2965,15457,352,15457,3,15457,7,17753,14,1.0291023000027053
3,0,,2026-07-22T10:26:13.648236,106030,15398,4652,15398,2881,15398,366,15398,6,15398,10,18031,4,1.0302680999957374
3,0,,2026-07-22T10:26:14.676899,105615,15133,4495,15133,2866,15133,387,15133,5,15133,5,18004,5,1.0282914999988861
3,0,,2026-07-22T10:26:15.705309,105668,15281,4475,15281,2930,15281,376,15281,7,15281,7,17974,10,1.028072200002498
3,0,,2026-07-22T10:26:16.734514,105449,15357,4455,15357,2897,15357,378,15357,4,15357,8,17967,6,1.028825199995481
3,0,,2026-07-22T10:26:17.764597,104940,15182,4518,15182,2860,15182,351,15182,8,15182,4,17941,8,1.0296923000059905
3,0,,2026-07-22T10:26:18.793651,106450,15396,4535,15396,2963,15396,351,15396,5,15396,6,18257,7,1.0286750999948708
3,0,,2026-07-22T10:26:19.822013,104811,15158,4334,15158,2904,15158,347,15158,8,15158,7,17697,9,1.0279049999953713
3,0,,2026-07-22T10:26:20.852166,105823,15220,4429,15220,2885,15220,393,15220,5,15220,6,18050,7,1.0296753000002354
3,0,,2026-07-22T10:26:21.879888,105526,15132,4515,15132,2955,15132,353,15132,2,15132,1,18020,7,1.027331099998264
3,0,,2026-07-22T10:26:22.907975,105232,15312,4497,15312,2919,15312,394,15312,5,15312,6,17815,4,1.0278069999985746
3,0,,2026-07-22T10:26:23.936318,105140,15075,4444,15075,2840,15075,356,15075,7,15075,2,18061,8,1.0281102000008104
3,0,,2026-07-22T10:26:24.963252,105936,15308,4468,15308,2942,15308,383,15308,4,15308,9,17970,8,1.0267014000055497
3,0,,2026-07-22T10:26:25.989980,105547,15279,4496,15279,2985,15279,380,15279,5,15279,3,17907,3,1.0264438999947743
3,0,,2026-07-22T10:26:27.018930,105741,15483,4563,15483,2871,15483,378,15483,7,15483,6,18097,12,1.0287248000022373
3,0,,2026-07-22T10:26:28.047823,105158,15443,4597,15443,2947,15443,392,15443,6,15443,8,18062,9,1.0285121000051731
3,0,,2026-07-22T10:26:29.076974,104764,15188,4452,15188,2942,15188,393,15188,6,15188,4,17844,8,1.0288314999997965
3,0,,2026-07-22T10:26:30.104633,105027,15248,4447,15248,3028,15248,383,15248,3,15248,6,17842,5,1.0273742999997921
3,0,,2026-07-22T10:26:31.133855,104880,15354,4465,15354,2955,15354,331,15354,8,15354,2,17946,8,1.02897220000159
3,0,,2026-07-22T10:26:32.163258,105853,15324,4510,15324,2936,15324,372,15324,9,15324,9,18139,2,1.0290145999970264
3,0,,2026-07-22T10:26:33.191474,105813,15402,4611,15402,2900,15402,385,15402,5,15402,2,18156,7,1.0279107000023942
3,0,,2026-07-22T10:26:34.220989,104959,15333,4382,15333,2971,15333,390,15333,9,15333,1,17951,5,1.0292046000031405
3,0,,2026-07-22T10:26:35.250933,105717,15248,4515,15248,2891,15248,390,15248,8,15248,9,18008,4,1.02957890000107
3,0,,2026-07-22T10:26:36.279530,105637,15372,4565,15372,2911,15372,354,15372,7,15372,3,17837,9,1.028274699994654
3,0,,2026-07-22T10:26:37.307172,105210,15185,4371,15185,2973,15185,376,15185,6,15185,8,18037,5,1.027351800003089
3,0,,2026-07-22T10:26:38.336760,105520,15213,4376,15213,2901,15213,345,15213,6,15213,4,18130,9,1.0292961000013747
3,0,,2026-07-22T10:26:39.366246,105854,15341,4526,15341,2954,15341,402,15341,10,15341,3,18126,7,1.0290961000064272
3,0,,2026-07-22T10:26:40.394497,105510,15341,4433,15341,2937,15341,319,15341,10,15341,6,17997,5,1.0279460999954608
3,0,,2026-07-22T10:26:41.423072,105630,15351,4449,15351,2929,15351,356,15351,5,15351,3,17990,4,1.0282805000024382
3,0,,2026-07-22T10:26:42.451748,105653,15352,4486,15352,2838,15352,409,15352,11,15352,6,17945,7,1.0283067999989726
3,0,,2026-07-22T10:26:43.480708,105569,15440,4632,15441,2967,15441,372,15441,3,15441,5,18052,14,1.028671400003077
3,0,,2026-07-22T10:26:44.509619,104904,15307,4548,15306,2849,15306,358,15306,3,15306,5,17717,7,1.0285989999974845
3,0,,2026-07-22T10:26:45.537727,105074,15103,4449,15103,2853,15103,369,15103,8,15103,1,18051,10,1.0277610999983153
3,0,,2026-07-22T10:26:46.567613,105151,15281,4461,15281,2908,15281,369,15281,8,15281,6,18044,11,1.0295656000016606
3,0,,2026-07-22T10:26:47.596795,105428,15264,4475,15264,2934,15264,365,15264,4,15264,4,17885,9,1.028824799999711
3,0,,2026-07-22T10:26:48.625702,105650,15435,4474,15435,2948,15435,384,15435,4,15435,7,18202,7,1.0285722999979043
3,0,,2026-07-22T10:26:49.655428,105155,15100,4528,15100,2866,15100,381,15100,11,15100,5,17991,13,1.0293402000024798
3,0,,2026-07-22T10:26:50.685527,105733,15504,4626,15504,2968,15504,379,15504,9,15504,9,17990,7,1.0298656999948435
3,0,,2026-07-22T10:26:51.712211,105158,15295,4464,15295,3003,15295,353,15295,6,15295,7,18285,7,1.0263840999978129
3,0,,2026-07-22T10:26:52.741541,105400,15232,4431,15232,2901,15232,371,15232,11,15232,8,17838,12,1.029067200004647
3,0,,2026-07-22T10:26:53.770676,105658,15414,4517,15414,3001,15414,361,15414,5,15414,6,18024,8,1.0287554000024102
3,0,,2026-07-22T10:26:54.800042,105129,15143,4393,15143,3005,15143,383,15143,8,15143,10,17985,8,1.028990699996939
3,0,,2026-07-22T10:26:55.829414,105989,15252,4478,15252,3007,15252,335,15252,7,15252,9,18004,8,1.028923300000315
3,0,,2026-07-22T10:26:56.858871,105722,15365,4445,15365,2908,15365,378,15365,3,15365,4,18229,10,1.0290860000022803
3,0,,2026-07-22T10:26:57.888291,105187,15436,4480,15436,3033,15436,363,15436,5,15436,12,18159,10,1.0290139999997336
3,0,,2026-07-22T10:26:58.917388,105661,15189,4392,15189,2965,15189,368,15189,10,15189,2,18062,7,1.0287582000019029
3,0,,2026-07-22T10:26:59.946397,105835,15361,4616,15361,2983,15361,353,15361,8,15361,7,18255,3,1.0287005999998655
3,0,,2026-07-22T10:27:00.974832,105508,15437,4489,15437,2951,15437,399,15437,7,15437,5,18113,9,1.0280841999992845
3,0,,2026-07-22T10:27:02.004293,105180,15128,4366,15128,2823,15128,387,15128,4,15128,7,18027,7,1.0290859999950044
3,0,,2026-07-22T10:27:03.034035,105259,15102,4501,15102,2888,15102,390,15102,4,15102,3,18131,7,1.0293722999995225
3,0,,2026-07-22T10:27:04.062791,105878,15051,4401,15051,2934,15051,348,15051,4,15051,10,18253,8,1.0283791000038036
3,0,,2026-07-22T10:27:05.092241,105130,15328,4567,15328,2886,15328,369,15328,12,15328,1,18065,8,1.0290815999978804
3,0,,2026-07-22T10:27:06.121047,104848,15285,4542,15285,2798,15285,344,15285,6,15285,4,17848,10,1.0284478999965359
3,0,,2026-07-22T10:27:07.150818,105469,15343,4559,15343,2904,15343,354,15343,7,15343,4,17893,10,1.0294063999972423
3,0,,2026-07-22T10:27:08.179676,105202,15429,4552,15429,2951,15429,364,15429,11,15429,3,18276,5,1.0285071000034804
3,0,,2026-07-22T10:27:09.209088,105213,15311,4486,15311,2922,15311,382,15311,15,15311,7,18201,5,1.0289838000026066
3,0,,2026-07-22T10:27:10.238090,105629,15308,4424,15308,2948,15308,379,15308,8,15308,5,18067,11,1.0286462000003667
3,0,,2026-07-22T10:27:11.267828,104590,15040,4479,15040,2888,15040,355,15040,7,15040,6,17981,13,1.029308500001207
3,0,,2026-07-22T10:27:12.297546,105856,15398,4598,15398,2946,15398,316,15398,7,15398,4,17971,8,1.029393800003163
3,0,,2026-07-22T10:27:13.326693,105946,15480,4505,15480,3012,15480,351,15480,2,15480,2,18131,3,1.0287348999991082
3,0,,2026-07-22T10:27:14.355445,104474,15452,4469,15452,2957,15452,380,15452,7,15452,6,18184,7,1.0283937999993213
3,0,,2026-07-22T10:27:15.384789,105843,15428,4542,15428,2873,15428,362,15428,8,15428,7,18139,10,1.0289737999992212
3,0,,2026-07-22T10:27:16.413544,105644,15208,4466,15208,2895,15208,359,15208,5,15208,7,18128,3,1.0284585999979754
3,0,,2026-07-22T10:27:17.442393,105663,15107,4391,15107,2897,15107,343,15107,13,15107,2,18035,6,1.0284848000010243
3,0,,2026-07-22T10:27:18.471072,105777,15286,4583,15286,2860,15286,353,15286,3,15286,5,17838,9,1.0282787999967695
3,0,,2026-07-22T10:27:19.500891,104768,15273,4464,15273,2942,15273,355,15273,7,15273,4,17963,8,1.0294801999989431
3,0,,2026-07-22T10:27:20.529695,105524,15372,4457,15372,2907,15372,350,15372,3,15372,8,17799,11,1.0284399000011035
3,0,,2026-07-22T10:27:21.558029,104973,15066,4364,15066,2965,15066,356,15066,6,15066,6,18114,7,1.0279528999963077
3,0,,2026-07-22T10:27:22.587688,105608,15271,4613,15271,2893,15271,369,15271,4,15271,3,18044,9,1.029318399996555
3,0,,2026-07-22T10:27:23.618163,105319,15247,4422,15247,2959,15247,337,15247,7,15247,9,17993,13,1.030083099998592
3,0,,2026-07-22T10:27:24.646982,105353,15382,4385,15382,2946,15382,400,15382,8,15382,2,18042,11,1.0284338999990723
3,0,,2026-07-22T10:27:25.676485,105858,15313,4473,15313,2877,15313,370,15313,2,15313,4,17851,8,1.0291242000021157
3,0,,2026-07-22T10:27:26.705010,104743,15057,4379,15057,2868,15057,346,15057,6,15057,4,18221,6,1.0280987000005553
3,0,,2026-07-22T10:27:27.732283,104084,15189,4468,15189,2870,15189,346,15189,6,15189,6,18012,6,1.0269910999995773
3,0,,2026-07-22T10:27:28.761353,104987,15445,4488,15445,2934,15445,372,15445,7,15445,2,17827,12,1.028894199997012
3,0,,2026-07-22T10:27:29.790545,105142,15318,4558,15318,2980,15318,366,15318,6,15318,5,17971,8,1.028859800004284
3,0,,2026-07-22T10:27:30.819401,105065,15181,4388,15181,2887,15181,367,15181,3,15181,6,18071,6,1.0285130999982357
3,0,,2026-07-22T10:27:31.849488,105506,15269,4511,15269,2865,15269,356,15269,9,15269,1,17873,9,1.0296900999965146
3,0,,2026-07-22T10:27:32.878611,105117,15289,4479,15289,2988,15289,338,15289,3,15289,2,17915,5,1.0287020999967353
3,0,,2026-07-22T10:27:33.907765,104782,15021,4321,15021,2801,15021,372,15021,10,15021,4,17959,6,1.0287814999974216
3,0,,2026-07-22T10:27:34.936381,105469,15197,4530,15197,2847,15197,405,15197,4,15197,5,18088,12,1.0282278999948176
3,0,,2026-07-22T10:27:35.965524,105734,15414,4502,15414,2862,15414,354,15414,8,15414,2,18067,5,1.0287216999931843
3,0,,2026-07-22T10:27:36.994916,105086,15066,4367,15066,2941,15066,340,15066,7,15066,5,18072,7,1.0290395000047283
3,0,,2026-07-22T10:27:38.024454,105388,15143,4486,15143,2824,15143,342,15143,6,15143,2,18316,5,1.0291809999980615
3,0,,2026-07-22T10:27:39.054676,105475,15352,4457,15352,2991,15352,317,15352,2,15352,5,18292,10,1.0298229999971227
3,0,,2026-07-22T10:27:40.083509,105269,15341,4565,15341,2905,15341,350,15341,7,15341,1,18010,5,1.0285393000012846
3,0,,2026-07-22T10:27:41.112830,105609,15165,4442,15165,2880,15165,391,15165,5,15165,7,18176,9,1.0289908000049763
3,0,,2026-07-22T10:27:42.142251,105586,15454,4428,15454,2957,15454,348,15454,7,15454,8,17847,3,1.0290744000012637
3,0,,2026-07-22T10:27:43.171553,105615,15201,4414,15201,2981,15201,398,15201,12,15201,2,17889,8,1.0289587999941432
3,0,,2026-07-22T10:27:44.200674,105277,15003,4480,15003,2799,15003,345,15003,7,15003,5,17942,6,1.0287573000023258
3,0,,2026-07-22T10:27:45.229961,105557,15284,4446,15284,2857,15284,368,15284,8,15284,8,17893,8,1.028932099994563
3,0,,2026-07-22T10:27:46.259043,105142,15137,4463,15137,2924,15137,341,15137,7,15137,4,17834,14,1.0287435999998706
3,0,,2026-07-22T10:27:47.288011,105254,15587,4573,15587,2990,15587,352,15587,3,15587,2,18054,7,1.02857640000002
3,0,,2026-07-22T10:27:48.317307,105692,15331,4471,15331,2874,15331,357,15331,8,15331,1,17993,9,1.0289635000008275
3,0,,2026-07-22T10:27:49.346602,104688,15331,4442,15331,2849,15331,374,15331,7,15331,1,17812,9,1.028918900003191
3,0,,2026-07-22T10:27:50.376105,105603,15313,4467,15313,2936,15313,366,15313,3,15313,3,18035,5,1.0291556000011042
3,0,,2026-07-22T10:27:51.404944,105811,15352,4435,15352,2984,15352,367,15352,3,15352,4,18041,7,1.028443100003642
3,0,,2026-07-22T10:27:52.433830,105584,15289,4495,15289,2912,15289,367,15289,6,15289,3,18186,5,1.0285328999962076
3,0,,2026-07-22T10:27:53.464358,105438,15081,4357,15081,2909,15081,327,15081,8,15081,7,18184,5,1.030233400000725
3,0,,2026-07-22T10:27:54.493932,106123,15449,4514,15449,2987,15449,324,15449,8,15449,2,18202,9,1.0292125999985728
3,0,,2026-07-22T10:27:55.523540,105530,15357,4469,15357,2934,15357,323,15357,5,15357,5,18224,4,1.0292516999979853
3,0,,2026-07-22T10:27:56.552124,105623,15138,4496,15138,2855,15138,357,15138,3,15138,5,17861,8,1.0280859999984386
3,0,,2026-07-22T10:27:57.582673,105604,15499,4613,15499,2973,15499,370,15499,7,15499,7,17961,12,1.0302013000036823
3,0,,2026-07-22T10:27:58.611493,105444,15166,4447,15166,2888,15166,354,15166,7,15166,9,18118,6,1.0284805999981472
3,0,,2026-07-22T10:27:59.640475,105403,15131,4514,15131,2896,15131,352,15131,14,15131,5,18234,13,1.0285855999973137
3,0,,2026-07-22T10:28:00.669239,105532,15368,4496,15368,2929,15368,350,15368,1,15368,6,17899,6,1.0283889999991516
3,0,,2026-07-22T10:28:01.699136,105499,15412,4530,15412,2901,15412,367,15412,6,15412,7,17967,5,1.029558200003521
3,0,,2026-07-22T10:28:02.728593,105697,15290,4481,15290,2891,15290,362,15290,5,15290,2,17960,7,1.02909300000465
3,0,,2026-07-22T10:28:03.757507,104728,15261,4414,15261,2930,15261,382,15261,8,15261,5,18122,9,1.0285097000014503
3,0,,2026-07-22T10:28:04.786235,105808,15426,4442,15426,2995,15426,369,15426,5,15426,8,17885,4,1.0283923000024515
3,0,,2026-07-22T10:28:05.815915,105848,15480,4601,15480,2887,15480,376,15480,4,15480,7,17961,9,1.029308500001207
3,0,,2026-07-22T10:28:06.845314,105201,15477,4498,15477,2875,15477,368,15477,3,15477,10,17851,13,1.0290286000017659
3,0,,2026-07-22T10:28:07.874437,105637,15218,4516,15218,2923,15218,345,15218,6,15218,3,17812,8,1.0287492999996175
3,0,,2026-07-22T10:28:08.903102,105255,15281,4535,15281,2987,15281,352,15281,6,15281,4,17825,9,1.0282764000003226
3,0,,2026-07-22T10:28:09.932718,105355,15164,4452,15164,2901,15164,384,15164,4,15164,12,17974,9,1.0292577000000165
3,0,,2026-07-22T10:28:10.961683,105563,15159,4460,15159,2895,15159,373,15159,3,15159,6,17913,5,1.0286448999977438
3,0,,2026-07-22T10:28:11.991072,105132,15367,4577,15367,2865,15367,361,15367,6,15367,8,18119,3,1.0290160000004107
3,0,,2026-07-22T10:28:13.019409,105707,15079,4325,15079,2910,15079,357,15079,5,15079,4,18261,5,1.0279635999977472
3,0,,2026-07-22T10:28:14.049361,105222,15195,4480,15195,2874,15195,345,15195,8,15195,2,17961,10,1.0295772999961628
3,0,,2026-07-22T10:28:15.077858,105522,15482,4566,15482,2900,15482,322,15482,6,15482,4,17908,3,1.0281516999966698
3,0,,2026-07-22T10:28:16.108296,105889,15380,4491,15380,2959,15380,383,15380,5,15380,9,18042,7,1.0300789000029908
3,0,,2026-07-22T10:28:17.137614,105031,15239,4553,15239,2918,15239,352,15239,10,15239,5,17869,5,1.0289630999977817
3,0,,2026-07-22T10:28:18.167544,105432,15106,4443,15106,2899,15106,378,15106,6,15106,3,18100,5,1.0295473000005586
3,0,,2026-07-22T10:28:19.196861,105480,15393,4512,15393,2912,15393,394,15393,7,15393,2,17826,10,1.028968699996767
3,0,,2026-07-22T10:28:20.225807,105176,15313,4383,15313,2893,15313,372,15313,8,15313,6,18169,8,1.0286754000044311
3,0,,2026-07-22T10:28:21.254607,105510,15323,4549,15323,2938,15323,365,15323,12,15323,6,18136,6,1.0284460999973817
3,0,,2026-07-22T10:28:22.284102,105206,15427,4418,15427,2956,15427,389,15427,10,15427,10,18034,9,1.0291299000018626
3,0,,2026-07-22T10:28:23.312614,104661,15245,4334,15245,3049,15245,356,15245,6,15245,5,17989,9,1.0281525000027614
3,0,,2026-07-22T10:28:24.341789,105339,15398,4494,15398,2910,15398,394,15398,2,15398,4,18156,11,1.0288236000051256
3,0,,2026-07-22T10:28:25.370956,105535,15203,4464,15203,2889,15203,347,15203,6,15203,8,17948,4,1.0287578999996185
3,0,,2026-07-22T10:28:26.400434,106192,15245,4498,15245,2940,15245,379,15245,6,15245,5,17993,11,1.0291149000040605
3,0,,2026-07-22T10:28:27.430487,105251,15319,4529,15319,3010,15319,358,15319,6,15319,3,17848,4,1.0296378000057302
3,0,,2026-07-22T10:28:28.459300,105538,15371,4494,15371,2905,15371,345,15371,10,15371,5,18092,5,1.0283901000002516
3,0,,2026-07-22T10:28:29.488404,105144,15304,4471,15304,2949,15304,390,15304,6,15304,8,18081,8,1.0287525999956415
3,0,,2026-07-22T10:28:30.517716,105215,15108,4509,15108,2813,15108,370,15108,5,15108,4,17773,2,1.028947499995411
3,0,,2026-07-22T10:28:31.547109,105481,15173,4500,15173,2954,15173,330,15173,14,15173,3,18046,7,1.029063900001347
3,0,,2026-07-22T10:28:32.576493,105115,15163,4466,15163,2865,15163,368,15163,8,15163,5,17881,9,1.0289602000048035
3,0,,2026-07-22T10:28:33.607119,105594,15182,4485,15182,2906,15182,383,15182,6,15182,5,17896,3,1.0302235999988625
3,0,,2026-07-22T10:28:34.636456,105167,15245,4477,15245,2914,15245,351,15245,7,15245,5,18169,11,1.0289201000050525
3,0,,2026-07-22T10:28:35.665852,105362,15385,4481,15385,2911,15385,363,15385,4,15385,8,18009,6,1.0290056000012555
3,0,,2026-07-22T10:28:36.694137,105481,15333,4461,15333,2994,15333,365,15333,5,15333,6,17778,7,1.0279270999963046
3,0,,2026-07-22T10:28:37.724520,105588,15072,4353,15072,2948,15072,327,15072,8,15072,11,17900,11,1.0300370999975712
3,0,,2026-07-22T10:28:38.753586,105172,15291,4534,15291,2949,15291,349,15291,8,15291,4,17879,13,1.0286479000060353
3,0,,2026-07-22T10:28:39.782484,105143,15163,4483,15163,2852,15163,319,15163,5,15163,3,18199,11,1.028475500002969
3,0,,2026-07-22T10:28:40.811198,105518,15047,4432,15047,2939,15047,366,15047,10,15047,7,18100,10,1.0283486999978777
3,0,,2026-07-22T10:28:41.840558,105718,15212,4442,15212,2977,15212,362,15212,8,15212,5,17802,7,1.029009700003371
3,0,,2026-07-22T10:28:42.869626,105695,15245,4551,15245,2958,15245,351,15245,6,15245,8,17946,8,1.0286915999968187
3,0,,2026-07-22T10:28:43.898982,105484,15221,4505,15221,2899,15221,355,15221,3,15221,5,18010,7,1.0289816000004066
3,0,,2026-07-22T10:28:44.928518,105194,15249,4467,15249,2796,15249,360,15249,8,15249,8,17953,7,1.0290596000049845
3,0,,2026-07-22T10:28:45.958405,105663,15206,4375,15206,2869,15206,376,15206,6,15206,6,18212,9,1.0295075999965775
3,0,,2026-07-22T10:28:46.986585,104914,15110,4431,15110,2879,15110,375,15110,2,15110,8,17767,2,1.0278591999958735
3,0,,2026-07-22T10:28:48.016764,104927,15205,4507,15205,2927,15205,352,15205,8,15205,4,18007,6,1.0298161999962758
3,0,,2026-07-22T10:28:49.045682,105315,15299,4449,15299,2878,15299,371,15299,3,15299,6,18022,2,1.0285626000040793
3,0,,2026-07-22T10:28:50.074632,105456,15391,4497,15391,2936,15391,355,15391,8,15391,8,18107,12,1.0285232000023825
3,0,,2026-07-22T10:28:51.103654,105553,15380,4558,15380,2920,15380,357,15380,3,15380,3,17936,7,1.028675599998678
3,0,,2026-07-22T10:28:52.133877,105754,15164,4419,15164,2857,15164,330,15164,5,15164,5,18018,6,1.0298879999972996
3,0,,2026-07-22T10:28:53.163379,106142,15392,4506,15392,3038,15392,348,15392,8,15392,6,17964,8,1.0290434999988065
3,0,,2026-07-22T10:28:54.192549,105180,15307,4480,15307,2882,15307,346,15307,8,15307,5,17970,6,1.0287898999958998
3,0,,2026-07-22T10:28:55.220802,105387,15269,4508,15269,2885,15269,311,15269,7,15269,5,18144,11,1.0279570999991847
3,0,,2026-07-22T10:28:56.249376,105159,15343,4415,15343,2937,15343,394,15343,9,15343,5,17901,10,1.0282305999935488
3,0,,2026-07-22T10:28:57.278265,105599,15326,4541,15326,2944,15326,366,15326,6,15326,10,18272,9,1.0285395000028075
3,0,,2026-07-22T10:28:58.307478,104626,15405,4422,15405,2963,15405,400,15405,8,15405,5,18138,10,1.028892200003611
3,0,,2026-07-22T10:28:59.336596,105299,15409,4404,15409,2934,15409,400,15409,7,15409,3,18072,4,1.0287668999953894
3,0,,2026-07-22T10:29:00.365875,105676,15261,4430,15261,2974,15261,343,15261,2,15261,3,18080,12,1.0289517999990494
3,0,,2026-07-22T10:29:01.393884,105728,15393,4509,15393,2853,15393,352,15393,7,15393,6,18163,12,1.0277341000037268
3,0,,2026-07-22T10:29:02.423241,105954,15616,4566,15616,3095,15616,339,15616,4,15616,4,17978,11,1.0290611000018544
3,0,,2026-07-22T10:29:03.451995,105582,15312,4501,15312,2943,15312,357,15312,5,15312,8,18023,7,1.028371899999911
3,0,,2026-07-22T10:29:04.481746,104885,15114,4432,15114,2880,15114,366,15114,6,15114,4,17883,7,1.0293827999994392
3,0,,2026-07-22T10:29:05.510495,106197,15473,4535,15473,2951,15473,379,15473,7,15473,7,18207,11,1.0283723999964423
3,0,,2026-07-22T10:29:06.540317,105157,15329,4438,15329,2813,15329,357,15329,11,15329,9,18060,4,1.0294292999969912
3,0,,2026-07-22T10:29:07.569339,105144,15138,4300,15138,2937,15138,338,15138,7,15138,10,18132,6,1.0286436000023969
3,0,,2026-07-22T10:29:08.599507,105343,15232,4383,15232,2892,15232,357,15232,4,15232,3,18169,11,1.029797499999404
3,0,,2026-07-22T10:29:09.629772,105651,15524,4554,15524,2998,15524,360,15524,6,15524,7,17965,8,1.0298718999983976
3,0,,2026-07-22T10:29:10.658395,105269,15147,4466,15147,2912,15147,366,15147,4,15147,9,18317,5,1.0282567999965977
3,0,,2026-07-22T10:29:11.687550,104806,15304,4435,15304,2999,15304,383,15304,5,15304,4,18012,14,1.0289100999943912
3,0,,2026-07-22T10:29:12.717032,105472,15054,4392,15054,2903,15054,401,15054,5,15054,7,18055,11,1.0291327000013553
3,0,,2026-07-22T10:29:13.746910,105513,15212,4444,15212,2914,15212,350,15212,5,15212,3,18170,3,1.029492299996491
3,0,,2026-07-22T10:29:14.776539,105421,15462,4567,15462,2874,15462,386,15462,7,15462,8,18205,10,1.0292980999947758
3,0,,2026-07-22T10:29:15.805972,106313,15497,4572,15497,2945,15497,397,15497,11,15497,2,17886,8,1.029032800004643
3,0,,2026-07-22T10:29:16.834500,105500,15472,4504,15472,2937,15472,383,15472,8,15472,4,18071,12,1.0282080000033602
3,0,,2026-07-22T10:29:17.864373,105454,15300,4470,15300,2872,15300,372,15300,4,15300,5,17905,4,1.0294980000035139
3,0,,2026-07-22T10:29:18.893659,105945,15274,4460,15274,2948,15274,367,15274,7,15274,6,18161,2,1.028920199998538
3,0,,2026-07-22T10:29:19.922221,105406,15418,4524,15418,2918,15418,370,15418,7,15418,5,17990,6,1.0282134000008227
3,0,,2026-07-22T10:29:20.950733,105521,15132,4463,15132,2875,15132,413,15132,9,15132,3,18061,9,1.028214999998454
3,0,,2026-07-22T10:29:21.980748,105235,15164,4452,15164,2842,15164,348,15164,4,15164,7,17841,8,1.029648100004124
3,0,,2026-07-22T10:29:23.009652,105939,15218,4474,15218,2849,15218,389,15218,7,15218,3,17989,8,1.0283541000026162
3,0,,2026-07-22T10:29:24.038895,105470,15287,4467,15287,2926,15287,364,15287,4,15287,6,18059,5,1.028855399999884
3,0,,2026-07-22T10:29:25.067848,106137,15511,4590,15511,2990,15511,413,15511,4,15511,5,18048,7,1.0286008999974001
3,0,,2026-07-22T10:29:26.097100,105758,15379,4475,15379,2936,15379,379,15379,5,15379,8,17882,12,1.0288980999976047
3,0,,2026-07-22T10:29:27.126654,105591,15313,4542,15313,2984,15313,362,15313,4,15313,7,17923,6,1.0291319000025396
3,0,,2026-07-22T10:29:28.155821,105045,15181,4352,15181,2949,15181,374,15181,7,15181,3,17926,10,1.0288013000026694
3,0,,2026-07-22T10:29:29.184899,105224,15370,4619,15370,2936,15370,375,15370,4,15370,5,18017,13,1.0287070000049425
3,0,,2026-07-22T10:29:30.215541,105627,15178,4545,15178,2900,15178,363,15178,5,15178,7,17780,5,1.030273299998953
3,0,,2026-07-22T10:29:31.244047,105376,15178,4412,15178,2948,15178,347,15178,2,15178,6,17891,4,1.0281426000001375
3,0,,2026-07-22T10:29:32.272692,105656,15279,4430,15279,2886,15279,374,15279,6,15279,3,17761,15,1.0283822000055807
3,0,,2026-07-22T10:29:33.301876,105293,15293,4426,15293,2960,15293,345,15293,7,15293,6,17987,9,1.0288392000002204
3,0,,2026-07-22T10:29:34.333134,105419,15294,4411,15294,2927,15294,337,15294,5,15294,6,17953,4,1.0308540999976685
3,0,,2026-07-22T10:29:35.362956,105437,15321,4511,15321,2840,15321,398,15321,8,15321,4,17888,13,1.0294400999991922
3,0,,2026-07-22T10:29:36.391728,105156,15380,4528,15380,3013,15380,356,15380,9,15380,8,17948,5,1.0284259999971255
3,0,,2026-07-22T10:29:37.420460,105716,15218,4508,15218,2855,15218,377,15218,4,15218,7,17972,10,1.0283801000041422
3,0,,2026-07-22T10:29:38.449441,105851,15155,4506,15155,2902,15155,369,15155,7,15155,2,18260,8,1.0286011999996845
3,0,,2026-07-22T10:29:39.478609,105642,15426,4545,15426,2957,15426,356,15426,11,15426,8,18131,2,1.028828499998781
3,0,,2026-07-22T10:29:40.507169,105170,15250,4491,15250,2923,15250,360,15250,4,15250,3,17977,6,1.0281971999938833
3,0,,2026-07-22T10:29:41.537068,105406,15325,4516,15325,2827,15325,328,15325,12,15325,5,17953,5,1.0295363999975962
3,0,,2026-07-22T10:29:42.566275,104991,15394,4610,15394,2894,15394,319,15394,9,15394,5,17826,5,1.0288288000010652
3,0,,2026-07-22T10:29:43.595084,105669,15568,4583,15568,2990,15568,371,15568,5,15568,6,17943,10,1.0284320999999181
3,0,,2026-07-22T10:29:44.623305,106112,15242,4636,15242,2860,15242,353,15242,8,15242,5,18002,11,1.0279337000029045
3,0,,2026-07-22T10:29:45.652376,105205,15324,4451,15324,2929,15324,371,15324,11,15324,7,17800,8,1.028742800001055
3,0,,2026-07-22T10:29:46.681995,105193,15141,4446,15141,2867,15141,349,15141,12,15141,6,18052,3,1.0292786999998498
3,0,,2026-07-22T10:29:47.712280,105959,15121,4454,15121,2814,15121,345,15121,5,15121,3,18032,4,1.0299207999996725
3,0,,2026-07-22T10:29:48.740670,105932,15221,4524,15221,2896,15221,375,15221,3,15221,5,18179,7,1.0280447000041022
3,0,,2026-07-22T10:29:49.769386,105068,15194,4516,15194,2894,15194,364,15194,10,15194,2,18083,6,1.0283722000021953
3,0,,2026-07-22T10:29:50.798797,105932,15401,4501,15401,2924,15401,385,15401,7,15401,6,18120,10,1.029063900001347
3,0,,2026-07-22T10:29:51.827826,105586,15317,4554,15317,2913,15317,365,15317,7,15317,7,17975,6,1.028736399995978
3,0,,2026-07-22T10:29:52.856329,105985,15366,4494,15366,2857,15366,394,15366,4,15366,9,18018,10,1.0281400999956531
3,0,,2026-07-22T10:29:53.885450,105892,15246,4506,15246,2904,15246,354,15246,6,15246,2,18030,10,1.028789299998607
3,0,,2026-07-22T10:29:54.914752,105574,15227,4472,15227,2845,15227,372,15227,7,15227,4,17881,3,1.0289355999993859
3,0,,2026-07-22T10:29:55.943906,106124,15400,4528,15400,2839,15400,364,15400,2,15400,7,17937,11,1.0287824999977602
3,0,,2026-07-22T10:29:56.972769,105393,15429,4527,15429,2820,15429,385,15429,4,15429,7,18043,6,1.0284170000013546
3,0,,2026-07-22T10:29:58.002276,106147,15665,4643,15665,3013,15665,396,15665,9,15665,5,18002,7,1.0291113999992376
3,0,,2026-07-22T10:29:59.032219,106206,15261,4515,15261,2871,15261,364,15261,7,15261,6,18149,9,1.0295474999948055
3,0,,2026-07-22T10:30:00.060035,105292,15108,4473,15108,2841,15108,359,15108,5,15108,4,18107,13,1.0274492999960785
3,0,,2026-07-22T10:30:01.089023,105353,15202,4515,15202,2859,15202,359,15202,8,15202,8,17941,7,1.0286559000014677
3,0,,2026-07-22T10:30:02.118576,105807,15026,4387,15026,2851,15026,392,15026,4,15026,5,17876,12,1.0291990999976406
3,0,,2026-07-22T10:30:03.148114,105325,15129,4343,15129,2935,15129,366,15129,3,15129,4,18216,9,1.029166799999075
3,0,,2026-07-22T10:30:04.178551,104989,15146,4409,15146,2802,15146,361,15146,8,15146,4,18030,5,1.030084899997746
3,0,,2026-07-22T10:30:05.207800,105484,15262,4513,15262,2964,15262,346,15262,0,15262,7,17842,10,1.028861799997685
3,0,,2026-07-22T10:30:06.236989,105772,15372,4465,15372,2911,15372,370,15372,9,15372,13,17709,12,1.0288233000028413
3,0,,2026-07-22T10:30:07.266725,105926,15437,4489,15437,3010,15437,345,15437,5,15437,10,18050,9,1.0293765000023996
3,0,,2026-07-22T10:30:08.296586,105692,15276,4440,15276,2869,15276,352,15276,8,15276,10,17906,6,1.029407900001388
3,0,,2026-07-22T10:30:09.324892,105655,15211,4477,15211,3004,15211,313,15211,8,15211,3,18062,5,1.0279424999971525
3,0,,2026-07-22T10:30:10.353593,105068,15216,4480,15216,2898,15216,362,15216,9,15216,7,17912,4,1.02833400000236
3,0,,2026-07-22T10:30:11.382817,105947,15359,4462,15359,2820,15359,366,15359,4,15359,6,18094,4,1.0288733999987016
3,0,,2026-07-22T10:30:12.412550,105530,15187,4508,15187,2814,15187,340,15187,7,15187,5,18145,9,1.0293146999974851
3,0,,2026-07-22T10:30:13.443099,106235,15403,4513,15403,3009,15403,365,15403,6,15403,4,18078,6,1.030109800005448
3,0,,2026-07-22T10:30:14.473001,105989,15411,4489,15411,2965,15411,371,15411,4,15411,1,18190,6,1.0294461000012234
3,0,,2026-07-22T10:30:15.502282,105469,15230,4486,15230,2903,15230,374,15230,8,15230,5,17969,6,1.028896600000735
3,0,,2026-07-22T10:30:16.531678,105624,15340,4517,15340,2985,15340,345,15340,8,15340,7,18145,11,1.0290032000048086
3,0,,2026-07-22T10:30:17.560644,106034,15329,4487,15329,2865,15329,355,15329,5,15329,2,17981,6,1.028649799998675
3,0,,2026-07-22T10:30:18.589465,105156,15388,4442,15388,2964,15388,388,15388,5,15388,3,18125,8,1.0284576000049128
3,0,,2026-07-22T10:30:19.617953,105462,15266,4577,15266,2890,15266,358,15266,2,15266,4,17898,7,1.0282330999980331
3,0,,2026-07-22T10:30:20.646268,105364,15260,4421,15260,2891,15260,349,15260,4,15260,6,18201,6,1.0279439000005368
3,0,,2026-07-22T10:30:21.675905,106002,15349,4554,15349,2954,15349,368,15349,12,15349,7,17742,3,1.029316200001631
3,0,,2026-07-22T10:30:22.705936,105119,15255,4439,15255,2909,15255,372,15255,8,15255,7,18145,5,1.0297057999996468
3,0,,2026-07-22T10:30:23.735710,105837,15546,4463,15546,2951,15546,389,15546,4,15546,5,18443,7,1.0293661000032444
3,0,,2026-07-22T10:30:24.766181,105398,15436,4459,15436,2935,15436,378,15436,12,15436,10,18018,8,1.0300290000013774
3,0,,2026-07-22T10:30:25.792903,105639,15324,4461,15324,2974,15324,391,15324,11,15324,4,18005,3,1.0263779999950202
3,0,,2026-07-22T10:30:26.821931,104816,15112,4362,15112,2890,15112,357,15112,3,15112,9,18165,9,1.0288797999965027
3,0,,2026-07-22T10:30:27.850996,105821,15310,4459,15310,2989,15310,383,15310,7,15310,3,17976,11,1.0287022000047727
3,0,,2026-07-22T10:30:28.879819,105705,15106,4370,15106,2885,15106,408,15106,3,15106,2,18146,4,1.0284554999961983
3,0,,2026-07-22T10:30:29.908855,105641,15209,4509,15209,2944,15209,356,15209,11,15209,2,17901,5,1.0287348999991082
3,0,,2026-07-22T10:30:30.938165,105463,15497,4625,15497,2944,15497,383,15497,2,15497,9,18011,8,1.028972399995837
3,0,,2026-07-22T10:30:31.965849,105114,15224,4531,15224,2840,15224,390,15224,6,15224,9,18052,6,1.0272961000009673
3,0,,2026-07-22T10:30:32.995478,105102,15253,4472,15253,2933,15253,368,15253,11,15253,7,17862,6,1.0294106000001193
3,0,,2026-07-22T10:30:34.022801,105799,15326,4493,15326,2862,15326,363,15326,6,15326,2,18033,7,1.0269473000007565
3,0,,2026-07-22T10:30:35.051000,105374,15492,4568,15492,3052,15492,337,15492,5,15492,6,17884,8,1.028014900002745
3,0,,2026-07-22T10:30:36.078925,105402,15366,4442,15366,2959,15366,360,15367,4,15367,8,18014,4,1.0276463999980479
3,0,,2026-07-22T10:30:37.106328,105795,15365,4504,15365,2920,15365,387,15364,10,15364,1,18041,13,1.0271064000044134
3,0,,2026-07-22T10:30:38.134600,105596,15165,4439,15165,2953,15165,355,15165,5,15165,3,18023,9,1.028002099999867
3,0,,2026-07-22T10:30:39.162976,105031,15140,4373,15140,2928,15140,397,15140,6,15140,4,17869,8,1.0280058999996982
3,0,,2026-07-22T10:30:40.193117,105748,15169,4461,15169,2959,15169,354,15169,7,15169,5,17961,7,1.0297491000019363
3,0,,2026-07-22T10:30:41.221512,105413,15113,4422,15113,2865,15113,363,15113,8,15113,4,18110,4,1.0279996000026586
3,0,,2026-07-22T10:30:42.250394,105432,15099,4486,15099,2852,15099,355,15099,9,15099,9,18157,8,1.0285005000041565
3,0,,2026-07-22T10:30:43.278483,106365,15373,4494,15373,2911,15373,370,15373,4,15373,6,17754,7,1.0277170999979717
3,0,,2026-07-22T10:30:44.307172,105914,15424,4634,15424,2893,15424,398,15424,3,15424,7,18017,6,1.0283195999945747
3,0,,2026-07-22T10:30:45.335961,105890,15426,4534,15426,3025,15426,380,15426,6,15426,10,18045,8,1.02841709999484
3,0,,2026-07-22T10:30:46.365238,105173,15132,4491,15132,2842,15132,345,15132,9,15132,3,18132,8,1.028924600002938
3,0,,2026-07-22T10:30:47.395074,105469,15307,4364,15307,2926,15307,366,15307,4,15307,6,17878,5,1.0295082000011462
3,0,,2026-07-22T10:30:48.424384,105643,15386,4420,15386,2969,15386,343,15386,7,15386,5,17893,7,1.0290894999998272
3,0,,2026-07-22T10:30:49.453986,104893,15264,4463,15264,2893,15264,391,15264,7,15264,8,17878,4,1.0292171000037342
3,0,,2026-07-22T10:30:50.482434,105490,15359,4440,15359,2890,15359,356,15359,2,15359,3,18190,9,1.0281668000025093
3,0,,2026-07-22T10:30:51.512670,104978,15450,4497,15450,2984,15450,348,15450,11,15450,5,18080,10,1.029890100006014
3,0,,2026-07-22T10:30:52.541601,105400,15436,4490,15436,3011,15436,357,15436,5,15436,6,17986,6,1.0285520000034012
3,0,,2026-07-22T10:30:53.570364,105814,15386,4472,15386,2937,15386,384,15386,10,15386,4,18194,7,1.0283624000003329
3,0,,2026-07-22T10:30:54.598631,105316,15397,4545,15397,2899,15397,330,15397,4,15397,10,17690,9,1.0278930000058608
3,0,,2026-07-22T10:30:55.628579,105677,15551,4559,15551,2984,15551,393,15551,3,15551,6,17970,8,1.0295427000019117
3,0,,2026-07-22T10:30:56.658566,105431,15434,4464,15434,3031,15434,372,15434,11,15434,4,18019,6,1.0295932000008179
3,0,,2026-07-22T10:30:57.687608,105560,15364,4534,15364,2901,15364,384,15364,7,15364,3,17991,7,1.028572900002473
3,0,,2026-07-22T10:30:58.715709,105680,15317,4520,15317,2980,15317,350,15317,5,15317,7,17960,4,1.027778000003309
3,0,,2026-07-22T10:30:59.745361,105323,15386,4474,15386,2885,15386,374,15386,9,15386,3,18120,5,1.0293003999977373
3,0,,2026-07-22T10:31:00.774712,105683,15261,4558,15261,2927,15261,374,15261,2,15261,8,18007,9,1.0288885999980266
3,0,,2026-07-22T10:31:01.803125,105786,15304,4435,15304,3002,15304,403,15304,5,15304,4,18062,11,1.0280330999958096
3,0,,2026-07-22T10:31:02.832258,105870,15135,4557,15135,2812,15135,356,15135,9,15135,2,18265,7,1.0287967000040226
3,0,,2026-07-22T10:31:03.862084,105414,15151,4422,15151,2924,15151,369,15151,7,15151,5,18343,10,1.0294049000003724
3,0,,2026-07-22T10:31:04.891724,105975,15360,4526,15360,2869,15360,380,15360,8,15360,4,18033,12,1.0292388000016217
3,0,,2026-07-22T10:31:05.920526,106256,15450,4597,15450,2962,15450,401,15450,4,15450,6,17752,7,1.0284514000013587
3,0,,2026-07-22T10:31:06.950039,106286,15315,4528,15315,2912,15315,344,15315,5,15315,10,18034,6,1.0291835000025458
3,0,,2026-07-22T10:31:07.978660,105610,15278,4534,15278,2866,15278,327,15278,6,15278,8,17901,6,1.0282790999990539
3,0,,2026-07-22T10:31:09.007786,105687,15374,4492,15374,2906,15374,366,15374,6,15374,9,17755,5,1.0287853999980143
3,0,,2026-07-22T10:31:10.037340,105599,15163,4474,15163,2810,15163,349,15163,5,15163,6,17902,5,1.0291185000023688
3,0,,2026-07-22T10:31:11.066636,105836,15238,4532,15238,2925,15238,358,15238,5,15238,5,18089,4,1.028961200005142
3,0,,2026-07-22T10:31:12.095773,105149,15359,4545,15359,2881,15359,394,15359,8,15359,3,18134,7,1.0287835999988602
3,0,,2026-07-22T10:31:13.125195,106188,15407,4469,15407,3029,15407,355,15407,6,15407,8,18213,15,1.0290526000026148
3,0,,2026-07-22T10:31:14.155305,105468,15314,4529,15314,2869,15314,382,15314,3,15314,3,18085,7,1.0297031000009156
3,0,,2026-07-22T10:31:15.184853,106206,15282,4503,15282,2853,15282,319,15282,7,15282,6,18282,5,1.0291370999984792
3,0,,2026-07-22T10:31:16.213689,105372,15283,4543,15283,2891,15283,362,15283,8,15283,4,17863,7,1.028442200004065
3,0,,2026-07-22T10:31:17.243158,105914,15591,4519,15591,2986,15591,407,15591,9,15591,9,18031,12,1.0290918999962742
3,0,,2026-07-22T10:31:18.271799,105615,15454,4577,15454,2942,15454,346,15454,10,15454,3,18277,3,1.0283357999942382
3,0,,2026-07-22T10:31:19.300502,106031,15532,4455,15532,2918,15532,366,15532,4,15532,11,18286,4,1.0283188999965205
3,0,,2026-07-22T10:31:20.329553,105794,15190,4509,15190,2890,15190,319,15190,12,15190,9,17908,6,1.0286437000031583
3,0,,2026-07-22T10:31:21.358084,105690,15293,4493,15293,2936,15293,360,15293,8,15293,4,18101,4,1.028198899999552
3,0,,2026-07-22T10:31:22.387680,105773,15487,4532,15487,2974,15487,362,15487,11,15487,6,17997,8,1.0292420999976457
3,0,,2026-07-22T10:31:23.416837,105518,15463,4474,15463,2960,15463,391,15463,5,15463,10,17920,4,1.0288033000033465
3,0,,2026-07-22T10:31:24.445777,104930,15358,4482,15358,2958,15358,368,15358,4,15358,3,18165,6,1.028562299994519
3,0,,2026-07-22T10:31:25.474490,105006,15170,4479,15170,2874,15170,380,15170,7,15170,6,17982,6,1.028346799997962
3,0,,2026-07-22T10:31:26.503366,105744,15366,4638,15366,2915,15366,370,15366,9,15366,8,17879,7,1.0284124000027077
3,0,,2026-07-22T10:31:27.531483,105643,15479,4453,15479,3023,15479,366,15479,5,15479,7,17907,8,1.0277343000052497
3,0,,2026-07-22T10:31:28.562012,105298,15186,4315,15186,2953,15186,373,15186,4,15186,5,18025,8,1.030192199999874
3,0,,2026-07-22T10:31:29.591134,105495,15125,4436,15125,2905,15125,361,15125,4,15125,3,18035,8,1.028719199995976
3,0,,2026-07-22T10:31:30.620185,106055,15151,4436,15151,2859,15151,395,15151,6,15151,5,17970,3,1.0286686999970698
3,1,,2026-07-22T10:31:49.031182,105492,21535,9545,21535,1875,21535,163,21535,14,21535,9,18127,7,1.0281291999999667
3,1,,2026-07-22T10:31:50.061277,105125,21463,9556,21463,1868,21463,175,21463,8,21463,13,17812,10,1.0296339000051375
3,1,,2026-07-22T10:31:51.088416,105580,21455,9421,21455,2006,21455,221,21455,12,21455,12,17939,13,1.0267695000002277
3,1,,2026-07-22T10:31:52.118184,105444,21538,9439,21538,1981,21538,188,21538,4,21538,7,17948,6,1.0295011999987764
3,1,,2026-07-22T10:31:53.148023,105482,21747,9646,21747,1935,21747,199,21747,10,21747,14,18022,11,1.0293926000013016
3,1,,2026-07-22T10:31:54.178413,106007,21920,9612,21920,2011,21920,190,21920,13,21920,11,18087,2,1.0300267999991775
3,1,,2026-07-22T10:31:55.207468,105615,21990,9724,21990,1999,21990,164,21990,14,21990,16,18100,6,1.028685299999779
3,1,,2026-07-22T10:31:56.236507,106373,21974,9734,21974,1913,21974,181,21974,12,21974,9,17983,7,1.028701600000204
3,1,,2026-07-22T10:31:57.265266,105506,21599,9550,21599,1961,21599,216,21599,13,21599,9,17995,5,1.0284287999966182
3,1,,2026-07-22T10:31:58.294937,105551,21691,9574,21691,1973,21691,169,21691,10,21691,13,17909,6,1.029363800000283
3,1,,2026-07-22T10:31:59.323126,105843,21751,9525,21751,1977,21751,185,21751,12,21751,11,17872,14,1.0278686999954516
3,1,,2026-07-22T10:32:00.352524,106251,21645,9634,21645,1916,21645,195,21645,9,21645,9,17773,8,1.0290373999960138
3,1,,2026-07-22T10:32:01.381785,105265,21666,9555,21666,2001,21666,159,21666,18,21666,6,17869,5,1.0287649999954738
3,1,,2026-07-22T10:32:02.410931,105419,21614,9404,21614,2005,21614,178,21614,11,21614,5,17868,10,1.0287612000029185
3,1,,2026-07-22T10:32:03.440225,105638,21833,9593,21833,1901,21833,200,21833,8,21833,6,18077,6,1.0289543000035337
3,1,,2026-07-22T10:32:04.468076,105562,21715,9505,21715,1901,21715,208,21715,14,21715,7,18141,12,1.0274715999985347
3,1,,2026-07-22T10:32:05.497407,104991,21591,9330,21591,1962,21591,159,21591,15,21591,7,18081,6,1.029041199995845
3,1,,2026-07-22T10:32:06.527452,105580,21737,9483,21737,1969,21737,216,21737,14,21737,16,18054,5,1.0297062999961781
3,1,,2026-07-22T10:32:07.556969,105708,21810,9565,21810,1948,21810,186,21810,7,21810,6,17896,4,1.029138600002625
3,1,,2026-07-22T10:32:08.584970,105605,21741,9506,21741,2014,21742,160,21742,14,21742,11,17742,9,1.0276359000054072
3,1,,2026-07-22T10:32:09.614495,105559,21731,9579,21731,2000,21730,178,21730,12,21730,6,17813,5,1.0292491000000155
3,1,,2026-07-22T10:32:10.644840,105775,21728,9484,21728,1977,21728,170,21728,9,21728,6,18142,3,1.0299664000049233
3,1,,2026-07-22T10:32:11.674190,105378,21528,9444,21528,1973,21528,170,21528,12,21528,6,17875,14,1.0290253999992274
3,1,,2026-07-22T10:32:12.703117,105371,21421,9470,21421,1911,21421,164,21421,9,21421,15,17819,13,1.0285287000006065
3,1,,2026-07-22T10:32:13.729857,105447,21841,9464,21841,1956,21841,187,21841,11,21841,6,18079,9,1.0263959000003524
3,1,,2026-07-22T10:32:14.758653,104560,21418,9298,21418,1978,21418,168,21418,13,21418,6,17878,5,1.0286076000047615
3,1,,2026-07-22T10:32:15.787653,106054,21965,9749,21965,1896,21965,181,21965,9,21965,11,18135,4,1.0286956999989343
3,1,,2026-07-22T10:32:16.817284,105468,21579,9359,21579,2010,21579,188,21579,14,21579,12,18249,7,1.0292418000026373
3,1,,2026-07-22T10:32:17.846780,105351,21781,9626,21781,1930,21781,200,21781,14,21781,16,17915,11,1.0291550000038114
3,1,,2026-07-22T10:32:18.877278,105354,21862,9687,21862,1993,21862,184,21862,8,21862,7,17920,7,1.0301112000015564
3,1,,2026-07-22T10:32:19.906206,105753,21702,9528,21702,1965,21702,153,21702,7,21702,14,18110,9,1.0285233999966295
3,1,,2026-07-22T10:32:20.935736,105756,21725,9519,21725,1951,21725,176,21725,15,21725,14,17906,7,1.029155099997297
3,1,,2026-07-22T10:32:21.964502,105895,21697,9493,21697,1984,21697,184,21697,12,21697,11,17848,8,1.0283562000040547
3,1,,2026-07-22T10:32:22.992762,105622,21798,9545,21798,1893,21798,167,21798,11,21799,11,17895,4,1.027909999997064
3,1,,2026-07-22T10:32:24.021947,105284,21678,9599,21678,1923,21678,172,21678,6,21677,14,17703,3,1.0288317000013194
3,1,,2026-07-22T10:32:25.051803,105694,21853,9492,21853,1936,21853,190,21853,18,21853,16,18047,7,1.029474199996912
3,1,,2026-07-22T10:32:26.080386,105822,21635,9463,21635,1942,21635,169,21635,9,21635,9,18199,8,1.0282547000024351
3,1,,2026-07-22T10:32:27.111127,105265,21706,9516,21706,1920,21706,201,21706,8,21706,13,17827,10,1.030394500005059
3,1,,2026-07-22T10:32:28.140545,105257,21659,9390,21659,1946,21659,165,21659,8,21659,10,17970,4,1.0290203000040492
3,1,,2026-07-22T10:32:29.170532,105548,21633,9480,21633,1913,21633,174,21633,7,21633,22,18105,8,1.029554200002167
3,1,,2026-07-22T10:32:30.199870,105549,21595,9481,21595,1953,21595,178,21595,6,21595,12,17817,9,1.0289234000010765
3,1,,2026-07-22T10:32:31.229879,105926,21725,9571,21725,2024,21725,172,21725,12,21725,3,18207,9,1.0296593999955803
3,1,,2026-07-22T10:32:32.258807,105869,21577,9505,21577,1942,21577,176,21577,15,21577,12,17985,5,1.0285299999959534
3,1,,2026-07-22T10:32:33.285780,105821,21905,9571,21905,1991,21905,186,21905,13,21905,7,17728,5,1.0265973999994458
3,1,,2026-07-22T10:32:34.314437,105487,21373,9437,21373,1957,21373,165,21373,9,21373,13,17799,6,1.0284199999950943
3,1,,2026-07-22T10:32:35.343918,105485,21779,9637,21779,1871,21779,188,21779,6,21779,15,17936,12,1.0291001000005053
3,1,,2026-07-22T10:32:36.372780,106742,21886,9513,21886,2076,21886,188,21886,11,21886,13,18033,8,1.028359099997033
3,1,,2026-07-22T10:32:37.402473,105602,21776,9602,21776,1993,21776,187,21776,16,21776,9,18064,11,1.0293292999995174
3,1,,2026-07-22T10:32:38.431623,106130,21734,9461,21734,2000,21734,197,21734,8,21734,16,18123,5,1.028831600000558
3,1,,2026-07-22T10:32:39.461692,105605,21919,9517,21919,1986,21919,179,21919,10,21919,7,17988,6,1.0296936000013375
3,1,,2026-07-22T10:32:40.490266,106260,21966,9618,21966,2033,21966,206,21966,6,21966,9,18048,9,1.0282170999998925
3,1,,2026-07-22T10:32:41.519384,106100,21555,9497,21555,1928,21555,191,21555,9,21555,14,17902,8,1.0287715000013122
3,1,,2026-07-22T10:32:42.547856,105428,21406,9533,21406,1910,21406,171,21406,7,21406,5,17879,11,1.0281079999986105
3,1,,2026-07-22T10:32:43.578032,106096,21685,9539,21685,1939,21685,183,21685,16,21685,8,17915,7,1.0298435000004247
3,1,,2026-07-22T10:32:44.608262,106499,21886,9687,21886,1974,21886,188,21886,11,21886,8,18008,10,1.0298559999937424
3,1,,2026-07-22T10:32:45.637522,105677,21603,9585,21603,1973,21603,171,21603,15,21603,6,17657,4,1.0288359000041964
3,1,,2026-07-22T10:32:46.666112,106071,21894,9551,21894,2015,21894,158,21894,13,21894,13,18089,5,1.0281605999989551
3,1,,2026-07-22T10:32:47.695346,105639,21780,9587,21780,1950,21780,175,21780,16,21780,10,17553,5,1.0288751999978558
3,1,,2026-07-22T10:32:48.724424,105502,21838,9645,21838,1950,21838,188,21838,8,21838,10,18213,12,1.0287052000057884
3,1,,2026-07-22T10:32:49.753546,106223,21571,9431,21571,1927,21571,190,21571,11,21571,12,18096,4,1.0287030000035884
3,1,,2026-07-22T10:32:50.783088,106106,21753,9538,21753,2004,21753,199,21753,11,21753,14,18121,11,1.0291853000017
3,1,,2026-07-22T10:32:51.812887,106329,21649,9521,21649,1895,21649,189,21649,11,21649,16,18165,4,1.029451499998686
3,1,,2026-07-22T10:32:52.843075,106785,22000,9747,22000,1977,22000,177,22000,15,22000,10,18064,8,1.0298171000031289
3,1,,2026-07-22T10:32:53.872594,105241,21513,9574,21513,1961,21513,190,21513,5,21513,9,17976,10,1.0291693000035593
3,1,,2026-07-22T10:32:54.902260,105645,21494,9512,21494,1929,21494,188,21494,9,21494,7,18074,10,1.029350799995882
3,1,,2026-07-22T10:32:55.931660,105427,21564,9500,21564,1905,21564,178,21564,10,21564,5,18174,9,1.029019599998719
3,1,,2026-07-22T10:32:56.960658,105590,21726,9576,21726,1963,21726,176,21726,12,21726,6,17779,10,1.0285996999955387
3,1,,2026-07-22T10:32:57.989697,105952,21884,9697,21884,1930,21884,179,21884,11,21884,6,17986,10,1.0285807000036584
3,1,,2026-07-22T10:32:59.018918,106080,21808,9662,21808,1899,21808,181,21808,12,21808,9,18023,12,1.0288740999967558
3,1,,2026-07-22T10:33:00.047360,105252,21718,9660,21718,1996,21718,178,21718,20,21718,8,17989,9,1.0280589000030886
3,1,,2026-07-22T10:33:01.076992,105443,21497,9458,21497,1898,21497,214,21497,10,21497,12,17952,7,1.0293237999940175
3,1,,2026-07-22T10:33:02.105985,105476,21721,9459,21721,1919,21721,177,21721,12,21721,11,18063,5,1.0285204000028898
3,1,,2026-07-22T10:33:03.135317,105989,21499,9478,21499,1898,21499,188,21499,13,21499,8,17983,5,1.0289938999994774
3,1,,2026-07-22T10:33:04.164904,106160,21781,9482,21781,1918,21781,189,21781,7,21781,14,18163,8,1.0292708999986644
3,1,,2026-07-22T10:33:05.194441,105510,21704,9516,21704,1975,21704,193,21704,13,21704,9,18214,8,1.029139900005248
3,1,,2026-07-22T10:33:06.222836,105907,21750,9445,21750,1979,21750,152,21750,10,21750,12,17938,5,1.0280816000013147
3,1,,2026-07-22T10:33:07.251856,106250,21665,9519,21665,1954,21665,206,21665,12,21665,8,18033,4,1.0286440999989281
3,1,,2026-07-22T10:33:08.281715,105511,21501,9331,21501,1973,21501,200,21501,11,21501,12,17867,9,1.0294981999977608
3,1,,2026-07-22T10:33:09.311251,105648,21564,9519,21564,1957,21564,193,21564,15,21564,13,17895,6,1.029147200002626
3,1,,2026-07-22T10:33:10.340543,106089,21597,9621,21597,1937,21597,173,21597,13,21597,13,18020,10,1.0289292999950703
3,1,,2026-07-22T10:33:11.369981,105733,21635,9488,21635,1990,21635,191,21635,17,21635,9,18024,5,1.0290353000018513
3,1,,2026-07-22T10:33:12.398757,105521,21858,9807,21858,1942,21858,179,21858,8,21858,12,17905,5,1.0284111000000848
3,1,,2026-07-22T10:33:13.427635,105805,22014,9711,22014,1965,22014,180,22014,6,22014,7,18099,6,1.0284926000022097
3,1,,2026-07-22T10:33:14.456892,105703,21629,9442,21629,1930,21629,155,21629,9,21629,14,17875,6,1.0287932999999612
3,1,,2026-07-22T10:33:15.485936,106039,21824,9639,21824,1858,21824,186,21824,9,21824,8,18120,9,1.0286177000016323
3,1,,2026-07-22T10:33:16.514367,105140,21545,9473,21545,1914,21545,176,21545,9,21545,15,17833,7,1.0280031000002054
3,1,,2026-07-22T10:33:17.544109,105261,21756,9522,21756,2036,21756,201,21756,19,21756,10,18075,9,1.0293936000016402
3,1,,2026-07-22T10:33:18.573855,105979,21881,9602,21881,1999,21881,196,21881,9,21881,12,17871,8,1.0293588999993517
3,1,,2026-07-22T10:33:19.602817,105162,21582,9559,21582,1981,21582,160,21582,13,21582,6,18071,7,1.0285723999986658
3,1,,2026-07-22T10:33:20.632617,106161,21899,9562,21899,1992,21899,186,21899,6,21899,9,18161,9,1.0294538999951328
3,1,,2026-07-22T10:33:21.662685,105859,21713,9575,21713,1947,21713,184,21713,8,21713,7,18117,7,1.0297403000004124
3,1,,2026-07-22T10:33:22.692794,105434,21869,9669,21869,2048,21869,162,21869,9,21869,10,17997,8,1.0296478000018396
3,1,,2026-07-22T10:33:23.721727,105394,21517,9458,21517,1972,21517,162,21517,9,21517,13,18101,9,1.0284988999992493
3,1,,2026-07-22T10:33:24.751036,105541,22117,9616,22117,2005,22117,185,22117,9,22117,9,17753,9,1.0289623999997275
3,1,,2026-07-22T10:33:25.780276,105890,21688,9543,21688,1994,21688,168,21688,12,21688,17,18072,11,1.028924799997185
3,1,,2026-07-22T10:33:26.809999,105603,21701,9554,21701,1956,21701,194,21701,11,21701,2,17998,7,1.0293479999963893
3,1,,2026-07-22T10:33:27.838727,105295,21718,9416,21718,2011,21718,201,21718,6,21718,17,17988,6,1.0282329000037862
3,1,,2026-07-22T10:33:28.867265,105932,21540,9469,21540,1985,21540,164,21540,10,21540,12,18066,5,1.028192099998705
3,1,,2026-07-22T10:33:29.896654,105482,21904,9642,21904,1904,21904,183,21904,12,21904,11,18083,9,1.0290322000000742
3,1,,2026-07-22T10:33:30.925679,106159,21658,9542,21659,1891,21659,185,21659,13,21659,7,17899,10,1.0286307999995188
3,1,,2026-07-22T10:33:31.956043,106414,21909,9602,21908,1983,21908,174,21908,17,21908,9,18119,3,1.0298855000000913
3,1,,2026-07-22T10:33:32.984779,105810,21914,9559,21914,1934,21914,199,21914,11,21914,13,18066,7,1.0283624000003329
3,1,,2026-07-22T10:33:34.014032,106500,21683,9524,21683,2028,21683,166,21683,13,21683,8,18137,4,1.0289101000016672
3,1,,2026-07-22T10:33:35.041215,105936,21839,9542,21839,1911,21839,192,21839,16,21839,11,17835,4,1.0268224000028567
3,1,,2026-07-22T10:33:36.070902,105601,21712,9394,21712,2038,21712,166,21712,8,21713,9,17973,9,1.0293415999985882
3,1,,2026-07-22T10:33:37.099882,105579,21727,9533,21727,2032,21727,173,21727,14,21726,13,18071,11,1.0285903999974835
3,1,,2026-07-22T10:33:38.129742,105530,21888,9572,21888,1967,21888,184,21888,8,21888,6,17872,14,1.0294858000052045
3,1,,2026-07-22T10:33:39.158563,106060,21765,9574,21765,1905,21765,178,21765,15,21765,11,17806,8,1.0284533000012743
3,1,,2026-07-22T10:33:40.187818,105637,21782,9609,21782,2017,21782,205,21782,12,21782,11,17988,7,1.0288383000006434
3,1,,2026-07-22T10:33:41.216978,105568,21750,9692,21750,1977,21750,173,21750,7,21750,6,18303,9,1.0287638000008883
3,1,,2026-07-22T10:33:42.246060,105504,21651,9443,21651,1861,21651,185,21651,13,21651,14,17901,12,1.0286630999980844
3,1,,2026-07-22T10:33:43.275013,105966,21810,9681,21810,1960,21810,169,21810,9,21810,9,18092,10,1.0285905000055209
3,1,,2026-07-22T10:33:44.304732,106212,21655,9431,21655,1972,21655,181,21655,12,21655,11,17823,3,1.0293401999952039
3,1,,2026-07-22T10:33:45.333849,105814,21709,9631,21709,1941,21709,188,21709,13,21709,6,18185,6,1.0287760999999591
3,1,,2026-07-22T10:33:46.362851,105478,21581,9503,21581,1906,21581,199,21581,16,21581,9,17771,6,1.028630200002226
3,1,,2026-07-22T10:33:47.391568,105577,21775,9644,21775,1967,21775,179,21775,15,21775,9,17828,8,1.0284514000013587
3,1,,2026-07-22T10:33:48.420778,105676,21773,9563,21773,1889,21773,198,21773,9,21773,12,17870,7,1.0289155999998911
3,1,,2026-07-22T10:33:49.449835,105640,21729,9542,21729,2011,21729,204,21729,15,21729,8,17854,7,1.0286287999988417
3,1,,2026-07-22T10:33:50.478407,105982,21927,9541,21927,1979,21927,198,21927,13,21927,11,18179,7,1.0281974999961676
3,1,,2026-07-22T10:33:51.507065,104843,21664,9535,21664,1944,21664,166,21664,9,21664,5,18051,8,1.0282806000031997
3,1,,2026-07-22T10:33:52.536337,105689,21701,9566,21701,1981,21701,198,21701,13,21701,8,17802,8,1.0289011999993818
3,1,,2026-07-22T10:33:53.565152,105598,21481,9454,21481,1865,21481,174,21481,12,21481,7,18023,10,1.02832959999796
3,1,,2026-07-22T10:33:54.594516,106136,21987,9774,21987,1944,21987,192,21987,6,21987,9,17850,5,1.0289335999987088
3,1,,2026-07-22T10:33:55.623903,105987,21617,9576,21617,1925,21617,180,21617,15,21617,11,18079,6,1.0290306999959284
3,1,,2026-07-22T10:33:56.653249,105822,21655,9545,21655,2056,21655,172,21655,9,21655,9,18112,7,1.0289460999993025
3,1,,2026-07-22T10:33:57.682658,105897,21800,9608,21800,1980,21800,184,21800,14,21800,12,17964,4,1.0289979000008316
3,1,,2026-07-22T10:33:58.711584,105665,21784,9429,21784,1994,21784,194,21784,17,21784,7,17945,7,1.0285224999970524
3,1,,2026-07-22T10:33:59.740127,106137,21703,9505,21703,1963,21703,156,21703,22,21703,11,18135,4,1.0282049999950686
3,1,,2026-07-22T10:34:00.770895,105945,22000,9556,22000,2023,22000,194,22000,13,22000,4,18065,7,1.030387899998459
3,1,,2026-07-22T10:34:01.800780,105412,21316,9341,21316,1879,21316,181,21316,10,21316,4,18053,6,1.029481699995813
3,1,,2026-07-22T10:34:02.829833,106753,21919,9618,21919,1922,21919,192,21919,16,21919,8,18301,4,1.028636999995797
3,1,,2026-07-22T10:34:03.857316,105756,21869,9644,21869,2007,21869,185,21869,7,21869,14,17972,7,1.0271088000008604
3,1,,2026-07-22T10:34:04.887446,105563,21728,9674,21728,1950,21728,192,21728,18,21728,5,18313,10,1.0298229999971227
3,1,,2026-07-22T10:34:05.916598,106047,21746,9573,21746,2007,21746,158,21746,13,21746,15,17905,6,1.028682000003755
3,1,,2026-07-22T10:34:06.945245,105925,21637,9690,21637,1884,21637,208,21637,15,21637,14,18071,13,1.0282721999974456
3,1,,2026-07-22T10:34:07.974187,105414,21772,9447,21772,1920,21772,165,21772,14,21772,10,17902,5,1.0285853000023053
3,1,,2026-07-22T10:34:09.003385,105876,21586,9539,21586,1919,21586,192,21586,6,21586,11,18096,7,1.0288652000017464
3,1,,2026-07-22T10:34:10.032382,105723,21842,9597,21842,1958,21842,178,21842,12,21842,16,18024,13,1.0286812000049395
3,1,,2026-07-22T10:34:11.061635,106035,21678,9679,21678,1930,21678,163,21678,11,21678,10,18041,8,1.0288536000007298
3,1,,2026-07-22T10:34:12.091014,106430,21948,9579,21948,1990,21948,165,21948,13,21948,12,18021,11,1.0289953000028618
3,1,,2026-07-22T10:34:13.121185,106265,21687,9545,21687,1876,21687,164,21687,14,21687,10,17959,10,1.0299365000028047
3,1,,2026-07-22T10:34:14.150774,105751,21601,9525,21601,1946,21601,151,21601,11,21601,15,18151,5,1.029320200002985
3,1,,2026-07-22T10:34:15.179943,106098,21757,9524,21757,1920,21757,201,21757,14,21757,9,18062,8,1.028763300004357
3,1,,2026-07-22T10:34:16.209466,105789,21753,9523,21753,1992,21753,181,21753,9,21753,9,17983,5,1.0291425000032177
3,1,,2026-07-22T10:34:17.238280,104761,21841,9693,21841,1933,21841,181,21841,12,21841,16,17894,10,1.0284035999939078
3,1,,2026-07-22T10:34:18.267745,106066,21737,9562,21737,1873,21737,180,21737,11,21737,8,17959,5,1.0290969000052428
3,1,,2026-07-22T10:34:19.297283,105988,21969,9724,21969,1992,21969,190,21969,14,21969,10,17941,9,1.0292247999968822
3,1,,2026-07-22T10:34:20.326044,105363,21587,9623,21587,1876,21587,176,21587,11,21587,12,18117,9,1.028446600001189
3,1,,2026-07-22T10:34:21.355653,105565,21776,9472,21776,1953,21776,161,21776,7,21776,10,18070,4,1.029270799997903
3,1,,2026-07-22T10:34:22.384459,105735,21643,9363,21643,1940,21643,168,21643,6,21643,12,17822,3,1.0284299999984796
3,1,,2026-07-22T10:34:23.413877,105643,21679,9528,21679,1939,21679,197,21679,11,21679,5,18097,12,1.0290358000056585
3,1,,2026-07-22T10:34:24.443407,105680,21876,9651,21876,1963,21876,186,21876,14,21876,10,17974,2,1.0291598999974667
3,1,,2026-07-22T10:34:25.471472,105558,21677,9531,21677,1930,21677,174,21677,10,21677,10,18098,7,1.0276835000040592
3,1,,2026-07-22T10:34:26.500438,105428,21648,9500,21648,2017,21648,184,21648,12,21648,12,17766,2,1.0286179000031552
3,1,,2026-07-22T10:34:27.529177,105882,21679,9613,21679,1864,21679,170,21679,12,21679,6,18052,9,1.028353400004562
3,1,,2026-07-22T10:34:28.558873,105358,21858,9569,21858,1958,21858,174,21858,6,21858,4,18008,8,1.0293218000006163
3,1,,2026-07-22T10:34:29.588586,105986,21702,9580,21702,1930,21702,163,21702,3,21702,13,18006,9,1.0293363000018871
3,1,,2026-07-22T10:34:30.617486,106014,21928,9695,21928,1928,21928,178,21928,10,21928,10,18084,8,1.0285540999975638
3,1,,2026-07-22T10:34:31.646829,105381,21743,9586,21743,1905,21743,168,21743,7,21743,9,17898,4,1.0288988999964204
3,1,,2026-07-22T10:34:32.675569,106287,21675,9461,21675,1907,21675,196,21675,12,21675,6,17955,7,1.0283573999986402
3,1,,2026-07-22T10:34:33.704968,105785,21571,9377,21571,1950,21571,183,21571,8,21571,10,18150,6,1.0290199000010034
3,1,,2026-07-22T10:34:34.733475,105718,21768,9571,21768,1972,21768,167,21768,11,21768,13,18071,11,1.0281547999984468
3,1,,2026-07-22T10:34:35.762432,105520,21846,9681,21846,2014,21846,157,21846,9,21846,11,17958,17,1.0286039000056917
3,1,,2026-07-22T10:34:36.790610,105775,21864,9614,21864,1925,21864,170,21864,15,21864,9,17823,4,1.027807099999336
3,1,,2026-07-22T10:34:37.820567,106342,22032,9630,22032,1998,22032,184,22032,16,22032,11,17678,2,1.0294409000052838
3,1,,2026-07-22T10:34:38.849934,105534,21913,9669,21913,2023,21913,179,21913,11,21913,11,17969,10,1.029075099999318
3,1,,2026-07-22T10:34:39.879158,105754,21897,9719,21897,1978,21897,187,21897,17,21897,12,17830,9,1.028854100004537
3,1,,2026-07-22T10:34:40.908272,105591,21617,9490,21617,1999,21617,170,21617,17,21617,8,17844,6,1.028735300002154
3,1,,2026-07-22T10:34:41.938008,105603,21786,9316,21786,2015,21786,182,21786,11,21786,13,18085,9,1.029343099995458
3,1,,2026-07-22T10:34:42.966636,106233,21726,9456,21726,1999,21726,165,21726,8,21726,5,18179,9,1.028171799996926
3,1,,2026-07-22T10:34:43.995537,105238,21704,9488,21704,1938,21704,173,21704,10,21704,8,17810,6,1.0285857999988366
3,1,,2026-07-22T10:34:45.024428,105749,21698,9604,21698,1939,21698,203,21698,13,21698,11,17992,6,1.028525299996545
3,1,,2026-07-22T10:34:46.054588,105965,21918,9483,21918,2009,21918,170,21918,12,21918,9,18011,10,1.0297720999951707
3,1,,2026-07-22T10:34:47.083430,105965,21875,9355,21875,2034,21875,207,21875,11,21875,14,17759,10,1.0284165999983088
3,1,,2026-07-22T10:34:48.109436,106134,21857,9660,21857,2008,21857,187,21857,10,21857,14,17865,3,1.0256506000005174
3,1,,2026-07-22T10:34:49.138296,106025,21531,9502,21531,2041,21531,181,21531,14,21531,6,18298,5,1.0286830000040936
3,1,,2026-07-22T10:34:50.168250,106440,21961,9616,21961,1942,21961,183,21961,13,21961,6,17832,6,1.0296564000018407
3,1,,2026-07-22T10:34:51.197137,105563,21729,9691,21729,1944,21729,191,21729,13,21729,11,17742,8,1.0284983000019565
3,1,,2026-07-22T10:34:52.226859,106174,21975,9580,21975,1968,21975,167,21975,14,21975,8,17733,7,1.0293424999981653
3,1,,2026-07-22T10:34:53.255820,105593,21756,9572,21756,2023,21756,176,21756,12,21756,14,17795,7,1.0285669000004418
3,1,,2026-07-22T10:34:54.285421,106247,21801,9609,21801,1939,21801,179,21801,13,21801,5,17861,8,1.029284900003404
3,1,,2026-07-22T10:34:55.314374,106236,21849,9621,21849,1992,21849,186,21849,10,21849,11,17989,10,1.0287454999997863
3,1,,2026-07-22T10:34:56.343538,104974,21412,9443,21412,1917,21412,185,21412,8,21412,12,18168,7,1.0287690000041039
3,1,,2026-07-22T10:34:57.372696,105702,21568,9568,21568,1996,21568,168,21568,6,21568,11,18047,6,1.028782900000806
3,1,,2026-07-22T10:34:58.402307,105353,21536,9502,21536,1952,21536,174,21536,11,21536,9,18294,7,1.0292690999995102
3,1,,2026-07-22T10:34:59.431237,105843,21891,9606,21891,1937,21891,209,21891,13,21891,8,17984,7,1.0285616000037408
3,1,,2026-07-22T10:35:00.460772,105620,21628,9634,21628,1962,21628,162,21628,9,21628,9,17862,9,1.0291558999961126
3,1,,2026-07-22T10:35:01.490321,105903,21724,9475,21724,1949,21724,166,21724,8,21724,8,17935,8,1.029257599999255
3,1,,2026-07-22T10:35:02.519656,106459,21959,9518,21959,1995,21959,186,21959,17,21959,10,17746,8,1.0289887000035378
3,1,,2026-07-22T10:35:03.549010,106218,21797,9584,21797,1973,21797,185,21797,8,21797,17,18237,5,1.0290237999943201
3,1,,2026-07-22T10:35:04.578536,106013,21802,9699,21802,1909,21802,152,21802,13,21802,9,17944,10,1.029178500000853
3,1,,2026-07-22T10:35:05.607283,105552,22049,9718,22049,1907,22049,219,22049,8,22049,9,17859,6,1.0283665000024484
3,1,,2026-07-22T10:35:06.636651,105388,21702,9564,21702,1907,21702,196,21702,15,21702,12,18120,9,1.0289889999985462
3,1,,2026-07-22T10:35:07.665769,105725,21676,9581,21676,1961,21676,158,21676,19,21676,9,18252,6,1.0286860999985947
3,1,,2026-07-22T10:35:08.694973,105569,21739,9475,21739,1949,21739,191,21739,8,21739,7,17907,8,1.0288295999998809
3,1,,2026-07-22T10:35:09.721298,105656,21693,9418,21693,1916,21693,171,21693,9,21693,8,18015,6,1.0260782999976072
3,1,,2026-07-22T10:35:10.749392,105347,21491,9423,21491,1905,21491,189,21491,12,21491,13,18103,10,1.0278868000023067
3,1,,2026-07-22T10:35:11.778143,105610,21793,9434,21793,2024,21793,196,21793,12,21793,14,18172,6,1.028538500002469
3,1,,2026-07-22T10:35:12.804840,105630,21561,9411,21561,1971,21561,193,21561,8,21561,12,18014,8,1.0264611999955378
3,1,,2026-07-22T10:35:13.833382,105494,21595,9549,21595,1940,21595,158,21595,11,21595,20,17933,8,1.0283542999968631
3,1,,2026-07-22T10:35:14.861933,105628,21587,9462,21587,1928,21587,170,21587,8,21587,14,18054,4,1.028223799999978
3,1,,2026-07-22T10:35:15.889723,105867,21716,9496,21716,2034,21716,184,21716,10,21716,17,17978,5,1.0274332999979379
3,1,,2026-07-22T10:35:16.917528,105862,21861,9499,21861,2002,21861,196,21861,3,21861,16,17770,9,1.0276000000012573
3,1,,2026-07-22T10:35:17.945378,105211,21945,9632,21945,1948,21945,188,21945,11,21945,16,17899,10,1.0276184000031208
3,1,,2026-07-22T10:35:18.972342,105303,21783,9614,21783,1959,21783,181,21783,7,21783,10,17918,9,1.0267706999948132
3,1,,2026-07-22T10:35:20.000873,105876,21767,9580,21767,2005,21767,177,21767,10,21767,8,17742,5,1.0282424999968498
3,1,,2026-07-22T10:35:21.027928,105369,21852,9571,21852,1946,21852,180,21852,11,21852,9,18015,8,1.0267316999961622
3,1,,2026-07-22T10:35:22.055564,105616,21584,9406,21584,1916,21584,190,21584,11,21584,15,17935,8,1.0273662999970838
3,1,,2026-07-22T10:35:23.083842,105752,21637,9517,21637,1941,21637,192,21637,15,21637,6,17839,8,1.028023500002746
3,1,,2026-07-22T10:35:24.111927,105859,21945,9516,21945,2025,21945,192,21945,16,21945,8,18000,9,1.0278297000040766
3,1,,2026-07-22T10:35:25.139235,106131,21638,9603,21638,1943,21638,211,21638,10,21638,10,18048,10,1.0270176000049105
3,1,,2026-07-22T10:35:26.169736,105425,21587,9650,21587,1937,21587,165,21587,16,21587,13,17881,3,1.0301666000013938
3,1,,2026-07-22T10:35:27.198805,106082,21924,9651,21924,1955,21924,187,21924,11,21924,6,17947,7,1.0287379000001238
3,1,,2026-07-22T10:35:28.227513,105386,21743,9536,21743,1957,21743,194,21743,9,21743,8,18011,10,1.0283277000053204
3,1,,2026-07-22T10:35:29.256355,106650,21877,9671,21877,1908,21877,212,21877,9,21877,15,17767,5,1.02847899999324
3,1,,2026-07-22T10:35:30.284736,105986,21932,9650,21932,2008,21932,179,21932,8,21932,5,17945,4,1.0280066999985138
3,1,,2026-07-22T10:35:31.314522,105739,21947,9746,21947,2004,21947,207,21947,16,21947,9,17944,6,1.0294829999984358
3,1,,2026-07-22T10:35:32.343274,105750,21697,9534,21697,1941,21697,182,21697,16,21697,9,17749,7,1.028297000004386
3,1,,2026-07-22T10:35:33.372590,106447,21954,9610,21954,1964,21954,169,21954,13,21954,18,17809,5,1.0290364000029513
3,1,,2026-07-22T10:35:34.401062,106243,22023,9516,22023,2031,22023,180,22023,14,22023,14,17910,8,1.0280848999973387
3,1,,2026-07-22T10:35:35.429207,105890,21732,9612,21732,1926,21732,184,21732,6,21732,7,18069,12,1.0278064000012819
3,1,,2026-07-22T10:35:36.457448,105426,21783,9623,21783,1965,21783,185,21783,12,21783,10,18193,6,1.0279853000029107
3,1,,2026-07-22T10:35:37.486777,105861,22017,9625,22017,1953,22017,178,22017,14,22017,12,17751,9,1.0289869000043836
3,1,,2026-07-22T10:35:38.515505,106177,21738,9676,21738,1917,21738,175,21738,9,21738,9,17817,12,1.028381600001012
3,1,,2026-07-22T10:35:39.545307,105832,21574,9412,21574,1934,21574,175,21574,14,21574,7,17639,2,1.0294139999969047
3,1,,2026-07-22T10:35:40.574930,106429,21883,9540,21883,1969,21883,218,21883,18,21883,7,17917,7,1.029321499998332
3,1,,2026-07-22T10:35:41.604023,105957,21932,9703,21932,1940,21932,215,21932,20,21932,12,18082,9,1.0287671000041883
3,1,,2026-07-22T10:35:42.633749,105772,21673,9601,21673,1911,21673,191,21673,10,21673,11,18014,9,1.029347699994105
3,1,,2026-07-22T10:35:43.662153,105433,21756,9486,21756,2021,21756,191,21756,13,21756,14,17864,6,1.0280332999973325
3,1,,2026-07-22T10:35:44.690958,105299,21616,9565,21616,1908,21616,162,21616,14,21616,12,18020,9,1.0284462999989046
3,1,,2026-07-22T10:35:45.719761,106172,21979,9736,21979,1934,21979,192,21979,8,21979,9,17957,10,1.0284480999980588
3,1,,2026-07-22T10:35:46.748200,106028,21764,9459,21764,2024,21764,206,21764,11,21764,8,17848,3,1.0280675999965752
3,1,,2026-07-22T10:35:47.776806,105983,21634,9537,21634,1916,21634,157,21634,13,21634,11,17896,11,1.0282666999992216
3,1,,2026-07-22T10:35:48.805509,105467,21657,9673,21657,1936,21657,174,21657,12,21657,8,17769,6,1.028260200000659
3,1,,2026-07-22T10:35:49.834913,106353,21760,9560,21760,1968,21760,194,21760,11,21760,17,18137,6,1.0290540999994846
3,1,,2026-07-22T10:35:50.864349,106134,21605,9488,21605,1896,21605,206,21605,15,21605,7,18065,2,1.0290248000019346
3,1,,2026-07-22T10:35:51.893434,105950,21739,9515,21739,1950,21739,180,21739,14,21739,11,17924,3,1.0287226000000373
3,1,,2026-07-22T10:35:52.921965,105166,21661,9527,21661,1911,21661,191,21661,15,21661,17,18034,8,1.028125099997851
3,1,,2026-07-22T10:35:53.951970,105835,21756,9604,21756,1963,21756,188,21756,11,21756,5,18092,6,1.0296421000020928
3,1,,2026-07-22T10:35:54.981167,106015,22035,9714,22035,1895,22035,201,22035,7,22035,7,17810,4,1.02879170000233
3,1,,2026-07-22T10:35:56.010804,106123,22089,9525,22089,2023,22089,160,22089,15,22089,12,18058,7,1.0293282999991789
3,1,,2026-07-22T10:35:57.040549,105679,21286,9421,21286,1984,21286,155,21286,4,21286,8,17980,9,1.0293663000047673
3,1,,2026-07-22T10:35:58.070514,106146,21905,9595,21905,1949,21905,165,21905,6,21905,6,18066,5,1.029584200005047
3,1,,2026-07-22T10:35:59.098594,106554,22097,9587,22097,1928,22097,188,22097,13,22097,7,17995,4,1.0276349999985541
3,1,,2026-07-22T10:36:00.126553,106106,21765,9401,21765,2034,21765,189,21765,9,21765,6,18081,11,1.0275189000021783
3,1,,2026-07-22T10:36:01.154914,104993,21893,9512,21893,1975,21893,159,21893,11,21893,4,17789,7,1.0280681000003824
3,1,,2026-07-22T10:36:02.185717,106464,21772,9590,21772,2038,21772,165,21772,9,21772,7,18171,7,1.030447400000412
3,1,,2026-07-22T10:36:03.216203,106384,22046,9579,22046,1962,22046,192,22046,11,22046,9,18157,9,1.0300633999941056
3,1,,2026-07-22T10:36:04.245679,105887,21689,9564,21689,1977,21689,194,21689,13,21689,12,17792,5,1.029109499999322
3,1,,2026-07-22T10:36:05.274816,105875,21869,9639,21869,1944,21869,209,21869,10,21869,11,17996,6,1.0287020000032499
3,1,,2026-07-22T10:36:06.303486,106115,21923,9505,21923,2067,21923,190,21923,9,21923,17,17833,6,1.0283115999991423
3,1,,2026-07-22T10:36:07.332386,106246,21982,9705,21982,1955,21982,182,21982,11,21982,17,18018,5,1.0285438999999315
3,1,,2026-07-22T10:36:08.360652,105697,21670,9607,21670,1903,21670,169,21671,17,21671,8,18064,1,1.0278550000002724
3,1,,2026-07-22T10:36:09.390166,106194,21829,9617,21829,1869,21829,197,21828,12,21828,12,17719,8,1.0291880000004312
3,1,,2026-07-22T10:36:10.420352,105958,21747,9606,21747,2070,21747,178,21747,14,21747,5,18094,6,1.0298097999984748
3,1,,2026-07-22T10:36:11.449942,106448,21987,9699,21987,1941,21987,188,21987,10,21987,11,18155,7,1.0292505000033998
3,1,,2026-07-22T10:36:12.478351,105906,21867,9627,21867,1927,21867,189,21867,15,21867,16,17879,6,1.0280490000004647
3,1,,2026-07-22T10:36:13.507297,105582,21749,9613,21749,1965,21749,183,21749,8,21749,9,17578,8,1.0285995000012917
3,1,,2026-07-22T10:36:14.535942,105071,21503,9571,21503,1885,21503,175,21503,4,21503,8,18057,6,1.0283577000009245
3,1,,2026-07-22T10:36:15.565427,105608,21773,9544,21773,1950,21773,172,21773,13,21773,10,17830,3,1.0290502999996534
3,1,,2026-07-22T10:36:16.593971,106014,21703,9517,21703,1970,21703,183,21703,6,21703,11,17988,9,1.0281140999941272
3,1,,2026-07-22T10:36:17.623409,106307,21919,9600,21919,1988,21919,198,21919,11,21919,13,18160,4,1.0291389000049094
3,1,,2026-07-22T10:36:18.653028,105492,21498,9488,21498,1861,21498,171,21498,8,21498,10,18091,10,1.0292222999996739
3,1,,2026-07-22T10:36:19.682137,106348,21988,9704,21988,1975,21988,167,21988,8,21988,10,17986,3,1.0287288000035915
3,1,,2026-07-22T10:36:20.710967,105942,21738,9580,21738,1945,21738,189,21738,17,21738,12,17937,9,1.0284602000028826
3,1,,2026-07-22T10:36:21.739703,105544,21723,9644,21723,1960,21723,186,21723,18,21723,10,17900,7,1.0283561000032932
3,1,,2026-07-22T10:36:22.769268,106075,21725,9445,21725,1957,21725,176,21725,10,21725,10,18261,8,1.0291943999982323
3,1,,2026-07-22T10:36:23.798622,105648,21633,9478,21633,1949,21633,185,21633,13,21633,12,18125,5,1.028977699999814
3,1,,2026-07-22T10:36:24.827836,105758,21769,9621,21769,1871,21769,164,21769,11,21769,9,17905,4,1.0288634999960777
3,1,,2026-07-22T10:36:25.856528,105674,21661,9369,21661,1897,21661,211,21661,10,21661,8,18016,5,1.0283227999971132
3,1,,2026-07-22T10:36:26.885350,106371,21867,9697,21867,1919,21867,209,21867,13,21867,11,18035,17,1.0284633999981452
3,1,,2026-07-22T10:36:27.915430,105513,21698,9531,21698,1937,21698,206,21698,9,21698,8,17925,7,1.0296852999963448
3,1,,2026-07-22T10:36:28.945158,106004,21787,9494,21787,1914,21787,191,21787,8,21787,13,17892,9,1.029238000002806
3,1,,2026-07-22T10:36:29.972464,106146,22010,9762,22010,1963,22010,173,22010,11,22010,5,18201,6,1.0269251999998232
3,1,,2026-07-22T10:36:31.002087,105813,21724,9568,21724,1961,21724,182,21724,12,21724,9,17856,11,1.029359599997406
3,1,,2026-07-22T10:36:32.032715,105842,21801,9485,21801,1983,21801,197,21801,12,21801,9,18037,6,1.0302603999953135
3,1,,2026-07-22T10:36:33.061956,106072,21674,9558,21674,1902,21674,190,21674,7,21674,7,18003,6,1.0288275999992038
3,1,,2026-07-22T10:36:34.090930,106341,22037,9671,22037,1992,22037,187,22037,15,22037,9,18035,8,1.0286005000016303
3,1,,2026-07-22T10:36:35.118942,106040,21837,9549,21837,2016,21837,180,21837,9,21837,10,17934,8,1.0276572999937343
3,1,,2026-07-22T10:36:36.148009,105233,21648,9675,21648,1853,21648,183,21648,13,21648,11,17722,6,1.0288081999970018
3,1,,2026-07-22T10:36:37.177048,105180,21615,9530,21615,1950,21615,173,21615,3,21615,10,17893,5,1.0286743999968166
3,1,,2026-07-22T10:36:38.205982,106138,21840,9643,21840,1909,21840,204,21840,12,21840,12,17909,6,1.0285404000023846
3,1,,2026-07-22T10:36:39.235509,105754,21472,9438,21472,1909,21472,175,21472,13,21472,10,18184,12,1.0291705999989063
3,1,,2026-07-22T10:36:40.262528,105861,21924,9676,21924,1984,21924,187,21924,15,21924,8,17913,8,1.0266176000004634
3,1,,2026-07-22T10:36:41.291504,106023,21876,9585,21876,1962,21876,201,21876,11,21876,12,18084,8,1.0287293000001227
3,1,,2026-07-22T10:36:42.320825,105727,21697,9510,21697,1928,21697,183,21697,10,21697,12,17910,8,1.0290009000018472
3,1,,2026-07-22T10:36:43.349445,105751,21758,9513,21758,1988,21758,190,21758,10,21758,11,18000,8,1.0283006000026944
3,1,,2026-07-22T10:36:44.377526,106478,22084,9623,22084,1960,22084,166,22084,7,22084,11,17992,6,1.027743399994506
3,1,,2026-07-22T10:36:45.404826,105968,21824,9639,21824,1971,21824,168,21824,14,21824,13,18034,9,1.0271243999959552
3,1,,2026-07-22T10:36:46.432307,105296,21692,9499,21692,1993,21692,203,21692,13,21692,10,17999,7,1.027255699998932
3,1,,2026-07-22T10:36:47.460230,105295,21828,9491,21828,1957,21828,168,21828,8,21828,9,17726,11,1.0276597999982187
3,1,,2026-07-22T10:36:48.487300,105511,21578,9495,21578,1855,21578,183,21578,8,21578,6,17929,8,1.0268396000028588
3,1,,2026-07-22T10:36:49.517465,105650,21797,9578,21797,1952,21797,170,21797,7,21797,8,17959,8,1.0298993000033079
3,1,,2026-07-22T10:36:50.546139,105938,21714,9556,21714,1922,21714,161,21714,12,21714,3,17958,9,1.0282738999958383
3,1,,2026-07-22T10:36:51.575139,106234,21650,9450,21650,1997,21650,175,21650,11,21650,12,17876,8,1.0286489999998594
3,1,,2026-07-22T10:36:52.604872,105723,21846,9587,21846,1927,21846,192,21846,13,21846,6,17865,9,1.0293648000006215
3,1,,2026-07-22T10:36:53.635258,105717,21475,9360,21475,1909,21475,184,21475,14,21475,10,18392,8,1.0299654000045848
3,1,,2026-07-22T10:36:54.664076,105847,21734,9744,21734,1945,21734,198,21734,6,21734,7,17956,6,1.02842260000034
3,1,,2026-07-22T10:36:55.693143,105620,21579,9497,21579,1892,21579,199,21579,12,21579,12,18004,6,1.0286168000020552
3,1,,2026-07-22T10:36:56.721759,105305,21496,9427,21496,1983,21496,189,21496,10,21496,7,17903,5,1.0281670999975177
3,1,,2026-07-22T10:36:57.751888,105829,21842,9574,21842,1950,21842,198,21842,14,21842,8,17824,5,1.029779199998302
3,1,,2026-07-22T10:36:58.780312,106188,21733,9720,21733,1896,21733,173,21733,8,21733,11,17871,7,1.0280257999984315
3,1,,2026-07-22T10:36:59.809202,106276,21660,9578,21660,1958,21660,182,21660,12,21660,12,17942,9,1.0285316000008606
3,1,,2026-07-22T10:37:00.838291,105178,21608,9553,21608,1905,21608,187,21608,7,21608,11,17916,11,1.0287324000018998
3,1,,2026-07-22T10:37:01.867702,106259,21881,9757,21881,1949,21881,178,21881,8,21881,3,17889,9,1.0290318000043044
3,1,,2026-07-22T10:37:02.896074,105632,21632,9572,21632,1969,21632,171,21632,10,21632,8,17871,11,1.0279766000021482
3,1,,2026-07-22T10:37:03.925295,106123,21637,9563,21637,2070,21637,161,21637,13,21637,9,17946,13,1.0288529000026756
3,1,,2026-07-22T10:37:04.954440,106678,21945,9731,21945,1952,21945,171,21945,8,21945,10,17977,10,1.028805400004785
3,1,,2026-07-22T10:37:05.983515,105789,21849,9680,21849,1973,21849,180,21849,14,21849,7,17931,3,1.028669200000877
3,1,,2026-07-22T10:37:07.012851,105736,21780,9556,21780,2051,21780,167,21780,9,21780,9,18059,3,1.0289523000028566
3,1,,2026-07-22T10:37:08.042062,105593,21560,9509,21560,1964,21560,185,21560,12,21560,17,17879,9,1.0287803999963216
3,1,,2026-07-22T10:37:09.070828,105893,21869,9617,21869,2044,21869,205,21869,10,21869,12,18096,7,1.0284117000046535
3,1,,2026-07-22T10:37:10.099876,105877,21794,9661,21794,1895,21794,183,21794,10,21794,11,17869,4,1.0286674000017229
3,1,,2026-07-22T10:37:11.129232,106246,21764,9665,21764,1958,21764,185,21764,6,21764,4,17799,9,1.0289727999988827
3,1,,2026-07-22T10:37:12.158683,106285,21735,9587,21735,1956,21735,186,21735,9,21735,15,17982,11,1.0290550999998231
3,1,,2026-07-22T10:37:13.188233,106245,21961,9710,21961,1921,21961,192,21961,7,21961,16,17899,8,1.0291361000054167
3,1,,2026-07-22T10:37:14.217205,106123,21720,9542,21720,1977,21720,178,21720,13,21720,6,18018,2,1.0285358999972232
3,1,,2026-07-22T10:37:15.246786,105922,21685,9611,21685,1971,21685,203,21685,18,21685,8,17957,7,1.0292654000004404
3,1,,2026-07-22T10:37:16.276316,106040,21714,9532,21714,2012,21714,191,21714,12,21714,12,18221,4,1.0290735000016866
3,1,,2026-07-22T10:37:17.305245,105582,21842,9795,21842,1918,21842,152,21842,12,21842,6,18072,7,1.0285416999977315
3,1,,2026-07-22T10:37:18.333833,106447,21562,9478,21562,1983,21562,200,21562,8,21562,10,17795,8,1.0281611999962479
3,1,,2026-07-22T10:37:19.362645,105605,21896,9679,21896,1950,21896,166,21896,6,21896,13,17679,5,1.028407399993739
3,1,,2026-07-22T10:37:20.392150,105619,21249,9267,21249,1979,21249,156,21249,4,21249,9,18086,8,1.029220999997051
3,1,,2026-07-22T10:37:21.421011,106044,21881,9592,21881,1909,21881,178,21881,8,21881,8,18018,7,1.0285074000057648
3,1,,2026-07-22T10:37:22.449656,106096,21770,9510,21770,1997,21770,166,21770,17,21770,8,18072,4,1.028252700001758
3,1,,2026-07-22T10:37:23.478412,105674,21747,9544,21747,2044,21747,162,21747,9,21747,6,17790,6,1.0283591999977943
3,1,,2026-07-22T10:37:24.507013,105507,22014,9633,22014,2041,22014,208,22014,14,22014,11,18041,9,1.0282532999990508
3,1,,2026-07-22T10:37:25.536654,105547,21822,9522,21822,1991,21822,174,21822,9,21822,14,17877,4,1.0292656000019633
3,1,,2026-07-22T10:37:26.564842,105650,21737,9580,21737,1886,21737,205,21737,15,21737,8,17978,5,1.0277989999958663
3,1,,2026-07-22T10:37:27.595158,105746,21680,9662,21680,1904,21680,187,21680,8,21680,8,18018,6,1.0299338000040734
3,1,,2026-07-22T10:37:28.624239,105929,21722,9446,21723,1985,21723,183,21723,8,21723,17,17887,7,1.0287606000056257
3,1,,2026-07-22T10:37:29.652710,106217,22095,9863,22094,2027,22094,211,22094,16,22094,11,17861,8,1.0280001999999513
3,1,,2026-07-22T10:37:30.681306,105664,21709,9443,21709,1990,21709,182,21709,14,21709,11,17985,13,1.0282466999997268
3,1,,2026-07-22T10:37:31.710250,106125,21712,9554,21712,1944,21712,179,21712,14,21712,12,18099,10,1.0285603999946034
3,1,,2026-07-22T10:37:32.739141,105923,21707,9693,21707,1968,21707,190,21707,7,21707,9,17909,5,1.028535199999169
3,1,,2026-07-22T10:37:33.768486,105655,21897,9375,21897,2049,21897,189,21897,15,21897,8,17954,9,1.028966500001843
3,1,,2026-07-22T10:37:34.797298,105061,21696,9432,21696,2012,21696,203,21696,13,21696,9,17876,11,1.0284199000016088
3,1,,2026-07-22T10:37:35.824374,105921,21640,9588,21640,1969,21640,202,21640,9,21640,9,17710,10,1.0267173000029288
3,1,,2026-07-22T10:37:36.853336,105433,21822,9670,21822,1989,21822,173,21822,15,21822,8,18045,8,1.0286983999976655
3,1,,2026-07-22T10:37:37.881955,105847,21842,9577,21842,2024,21842,207,21842,17,21842,13,17841,2,1.0281904000003124
3,1,,2026-07-22T10:37:38.911716,105652,21763,9607,21763,1955,21763,181,21763,10,21763,10,17836,6,1.0293918999959715
3,1,,2026-07-22T10:37:39.941387,105838,21810,9629,21810,1836,21810,191,21810,15,21810,13,17916,7,1.029299699999683
3,1,,2026-07-22T10:37:40.970306,106098,21890,9605,21890,1993,21890,150,21890,11,21890,9,17929,3,1.0285446000052616
3,1,,2026-07-22T10:37:41.999707,106284,21823,9655,21823,1975,21823,187,21823,15,21823,12,18140,7,1.0290543000010075
3,1,,2026-07-22T10:37:43.029055,105872,21694,9559,21694,1951,21694,161,21694,16,21694,6,17903,13,1.0289584999991348
3,1,,2026-07-22T10:37:44.058871,105914,21604,9455,21604,1945,21604,183,21604,7,21604,14,17931,12,1.029439400001138
3,1,,2026-07-22T10:37:45.088787,106294,21849,9542,21849,1986,21849,222,21849,14,21849,13,18101,5,1.0294400999991922
3,1,,2026-07-22T10:37:46.115650,105691,21850,9622,21850,1968,21850,203,21850,12,21850,13,17830,7,1.0265593000003719
3,1,,2026-07-22T10:37:47.145397,106234,21758,9679,21758,1979,21758,179,21758,15,21758,8,17751,9,1.0295554999975138
3,1,,2026-07-22T10:37:48.174507,105785,22002,9479,22002,2053,22002,190,22002,12,22002,14,18119,8,1.028729799996654
3,1,,2026-07-22T10:37:49.203377,105096,21677,9505,21677,1962,21677,164,21677,15,21677,11,17737,7,1.028504799993243
3,1,,2026-07-22T10:37:50.232856,106126,21848,9590,21848,1897,21848,197,21848,8,21848,9,18156,10,1.0291232000017771
3,1,,2026-07-22T10:37:51.262564,106376,21886,9629,21886,2007,21886,187,21886,21,21886,11,18103,8,1.029350599994359
3,1,,2026-07-22T10:37:52.291971,106096,21697,9581,21697,1962,21697,182,21697,9,21697,10,18082,5,1.0290531999999075
3,1,,2026-07-22T10:37:53.319963,105778,21768,9609,21768,1969,21768,185,21768,19,21768,14,18229,9,1.0276219000006677
3,1,,2026-07-22T10:37:54.348604,106155,21922,9744,21922,1958,21922,192,21922,9,21922,7,18138,6,1.0283094000042183
3,1,,2026-07-22T10:37:55.378409,105970,21839,9528,21839,1985,21839,173,21839,18,21839,19,17900,4,1.0294549000027473
3,1,,2026-07-22T10:37:56.407795,105611,21648,9585,21648,2001,21648,183,21648,22,21648,6,17983,10,1.0289879000047222
3,1,,2026-07-22T10:37:57.437192,106220,21945,9718,21945,2016,21945,187,21945,13,21945,10,18017,13,1.029079300002195
3,1,,2026-07-22T10:37:58.466149,106184,22075,9669,22075,1964,22075,176,22075,13,22075,12,18154,5,1.0286008999974001
3,1,,2026-07-22T10:37:59.495819,105650,21760,9479,21760,2001,21760,167,21760,10,21760,15,18200,12,1.029280299997481
3,1,,2026-07-22T10:38:00.525200,105872,21852,9588,21852,1970,21852,187,21852,13,21852,12,17797,5,1.028987199999392
3,1,,2026-07-22T10:38:01.553859,106012,21934,9778,21934,1948,21934,176,21934,15,21934,12,18088,4,1.028355399997963
3,1,,2026-07-22T10:38:02.581868,105982,21915,9648,21915,1982,21915,189,21915,16,21915,9,17959,8,1.0277588999961154
3,1,,2026-07-22T10:38:03.611450,105751,21703,9444,21703,2053,21703,168,21703,12,21703,9,17990,9,1.0292312999954447
3,1,,2026-07-22T10:38:04.641662,106521,21946,9574,21946,1969,21946,195,21946,19,21946,17,17954,9,1.0298628000018653
3,1,,2026-07-22T10:38:05.670789,105938,22026,9634,22026,1967,22026,183,22026,5,22026,9,18042,12,1.0287993000019924
3,1,,2026-07-22T10:38:06.700770,106303,22008,9731,22008,2013,22008,173,22008,10,22008,10,18185,6,1.0296193999965908
3,1,,2026-07-22T10:38:07.729322,105988,21711,9640,21711,1889,21711,199,21711,10,21711,10,17850,13,1.0281823000041186
3,1,,2026-07-22T10:38:08.758852,105680,21666,9490,21666,1923,21666,202,21666,11,21666,11,18066,7,1.0291183999943314
3,1,,2026-07-22T10:38:09.787330,106309,21794,9531,21794,2009,21794,163,21794,17,21794,9,17928,6,1.0281193999981042
3,1,,2026-07-22T10:38:10.816373,106701,21867,9610,21867,1981,21867,170,21867,15,21867,8,18198,9,1.0286867000031634
3,1,,2026-07-22T10:38:11.844873,106121,21941,9611,21941,2027,21941,195,21941,10,21941,8,18148,7,1.0281384000045364
3,1,,2026-07-22T10:38:12.874016,105671,21588,9623,21588,1916,21588,186,21588,6,21588,7,17814,8,1.0287381999951322
3,1,,2026-07-22T10:38:13.902913,105681,21755,9533,21755,1993,21755,186,21755,12,21755,17,18167,8,1.028546199995617
3,1,,2026-07-22T10:38:14.932340,105746,21913,9737,21913,1882,21913,158,21913,7,21913,5,17950,3,1.0290674999996554
3,1,,2026-07-22T10:38:15.961810,106177,21553,9395,21553,1953,21553,169,21553,10,21553,9,17854,4,1.0291264999978011
3,1,,2026-07-22T10:38:16.991025,105874,21832,9478,21832,1951,21832,195,21832,9,21832,6,17936,8,1.0288541999980225
3,1,,2026-07-22T10:38:18.020761,106308,21733,9506,21733,2001,21733,195,21733,14,21733,4,18024,6,1.0293434999985038
3,1,,2026-07-22T10:38:19.049181,105922,21727,9546,21727,1938,21727,171,21727,14,21727,6,17888,7,1.0280297999997856
3,1,,2026-07-22T10:38:20.078784,106231,22038,9684,22038,1965,22038,205,22038,12,22038,7,17912,11,1.0292440999983228
3,1,,2026-07-22T10:38:21.108060,106038,21717,9570,21717,1906,21717,192,21717,20,21717,14,18050,14,1.0289018000039505
3,1,,2026-07-22T10:38:22.136933,106182,21857,9551,21857,1907,21857,187,21857,15,21857,9,18022,8,1.0284638999946765
3,1,,2026-07-22T10:38:23.164884,106113,22033,9617,22033,2052,22033,180,22033,11,22033,10,18161,16,1.027610299999651
3,1,,2026-07-22T10:38:24.194671,105984,21661,9460,21661,1916,21661,197,21661,10,21661,10,18013,9,1.0295005000007222
3,1,,2026-07-22T10:38:25.224417,106427,21725,9599,21725,1956,21725,177,21725,19,21725,8,18042,10,1.0293751999997767
3,1,,2026-07-22T10:38:26.252777,105794,21802,9591,21802,1934,21802,161,21802,11,21802,11,17906,10,1.028047100000549
3,1,,2026-07-22T10:38:27.281651,106395,21919,9604,21919,2045,21919,200,21919,12,21919,12,18118,5,1.0284956999967108
3,1,,2026-07-22T10:38:28.310569,106458,22113,9699,22113,1993,22113,192,22113,13,22113,12,18118,8,1.0285330999977305
3,1,,2026-07-22T10:38:29.338970,106434,21814,9654,21814,2051,21814,194,21814,13,21814,13,18138,9,1.0280249000061303
3,1,,2026-07-22T10:38:30.368694,106253,21896,9669,21896,1952,21896,175,21897,11,21897,11,18122,6,1.0294592999998713
3,1,,2026-07-22T10:38:31.398075,106329,22029,9656,22029,1950,22029,199,22028,11,22028,6,18013,4,1.0289814999996452
3,1,,2026-07-22T10:38:32.426858,105821,21737,9572,21737,2055,21737,149,21737,11,21738,8,18123,4,1.028398800001014
3,1,,2026-07-22T10:38:33.456714,106062,21782,9436,21782,1900,21782,172,21782,13,21781,8,18106,7,1.029499800002668
3,1,,2026-07-22T10:38:34.485909,106401,21979,9677,21979,1993,21979,188,21979,9,21979,9,18054,8,1.0288167999970028
3,1,,2026-07-22T10:38:35.514697,106018,21577,9403,21577,1907,21577,194,21577,5,21577,7,17955,9,1.0283657999971183
3,1,,2026-07-22T10:38:36.542810,106245,21771,9602,21771,1957,21771,168,21771,15,21771,10,17991,9,1.0277567000011913
3,1,,2026-07-22T10:38:37.571191,105836,21758,9556,21758,2049,21758,167,21758,8,21758,9,17879,6,1.0281942000001436
3,1,,2026-07-22T10:38:38.599477,106070,21746,9642,21746,1894,21747,166,21747,10,21747,14,18127,8,1.0279364999951213
3,1,,2026-07-22T10:38:39.627951,105871,21700,9426,21700,1945,21699,179,21699,11,21699,9,18148,10,1.028185699993628
3,1,,2026-07-22T10:38:40.656829,105331,21587,9433,21587,1996,21587,182,21587,13,21587,11,17745,7,1.028595600000699
3,1,,2026-07-22T10:38:41.686482,106094,21763,9559,21763,1965,21763,144,21763,16,21763,11,18171,5,1.029281200004334
3,1,,2026-07-22T10:38:42.715634,106053,21802,9541,21802,1999,21802,198,21802,10,21802,7,18260,7,1.028801000000385
3,1,,2026-07-22T10:38:43.745140,106318,21836,9597,21836,1931,21836,203,21836,10,21836,12,17831,5,1.029108399998222
3,1,,2026-07-22T10:38:44.774663,106573,21765,9652,21765,1968,21765,177,21765,10,21765,11,18169,5,1.0291130999976303
3,1,,2026-07-22T10:38:45.803258,105612,21596,9499,21596,1967,21596,175,21596,7,21596,17,17993,7,1.0282399999996414
3,1,,2026-07-22T10:38:46.833181,105997,21728,9450,21728,1968,21728,191,21728,18,21728,10,18093,4,1.0295776999992086
3,1,,2026-07-22T10:38:47.861532,106272,22004,9721,22004,1993,22004,185,22004,8,22004,7,18354,4,1.0279592000006232
3,1,,2026-07-22T10:38:48.890932,106348,21952,9610,21952,1929,21952,181,21952,12,21952,11,18188,6,1.0290448000014294
3,1,,2026-07-22T10:38:49.919706,106134,21722,9736,21722,1881,21722,176,21722,10,21722,11,18014,6,1.0284138999995776
3,1,,2026-07-22T10:38:50.948940,106423,22192,9782,22192,1985,22192,194,22192,14,22192,12,17877,7,1.028855399999884
3,1,,2026-07-22T10:38:51.978426,106221,21729,9581,21729,2005,21729,178,21729,12,21729,11,18140,6,1.029085500005749
3,1,,2026-07-22T10:38:53.008055,106238,21784,9622,21784,1935,21784,175,21784,10,21784,16,18075,6,1.0293123000010382
3,1,,2026-07-22T10:38:54.036934,105903,21900,9614,21900,2006,21900,188,21900,7,21900,10,18082,6,1.0285137000028044
3,1,,2026-07-22T10:38:55.065305,105732,21852,9695,21852,1963,21852,186,21852,14,21852,7,18187,14,1.0280563999986043
3,1,,2026-07-22T10:38:56.096097,106136,21905,9606,21905,1972,21905,189,21905,16,21905,10,18026,6,1.0304404999988037
3,1,,2026-07-22T10:38:57.125502,105675,21771,9586,21771,1919,21771,169,21771,12,21771,13,18006,11,1.0290119999990566
3,1,,2026-07-22T10:38:58.154554,105593,21761,9502,21761,1994,21761,163,21761,8,21761,11,18053,6,1.028573999996297
3,1,,2026-07-22T10:38:59.183169,106044,21904,9622,21904,1973,21904,208,21904,10,21904,6,18076,13,1.0282635999974445
3,1,,2026-07-22T10:39:00.212485,106296,21820,9619,21820,1979,21820,190,21820,13,21820,5,17968,4,1.028913800000737
3,1,,2026-07-22T10:39:01.241187,106103,21702,9559,21702,1932,21702,186,21702,10,21702,14,18178,3,1.0283538000003318
3,1,,2026-07-22T10:39:02.270003,105996,21854,9563,21854,1922,21854,196,21854,10,21854,16,17907,3,1.0285061999966274
3,1,,2026-07-22T10:39:03.298683,105687,21898,9558,21898,1879,21898,171,21898,6,21898,9,18136,13,1.0282794000013382
3,1,,2026-07-22T10:39:04.328411,105732,21796,9636,21796,1997,21796,170,21796,14,21796,9,18069,8,1.0294108999951277
3,1,,2026-07-22T10:39:05.357850,106674,21717,9545,21717,1973,21717,177,21717,8,21717,13,18059,5,1.0290534000014304
3,1,,2026-07-22T10:39:06.386708,106186,21748,9525,21748,2030,21748,192,21748,10,21748,10,17940,5,1.028506800001196
3,1,,2026-07-22T10:39:07.415368,106328,22067,9710,22067,2026,22067,181,22067,10,22067,19,17986,9,1.0283204000006663
3,1,,2026-07-22T10:39:08.444669,106111,21814,9541,21814,1965,21814,185,21814,14,21814,13,17900,12,1.0289737999992212
3,1,,2026-07-22T10:39:09.473421,105995,21972,9643,21972,1951,21972,163,21972,15,21972,8,17932,9,1.0284660999968764
3,1,,2026-07-22T10:39:10.502148,106257,21659,9501,21659,1946,21659,173,21659,14,21659,11,18132,8,1.0283620999980485
3,1,,2026-07-22T10:39:11.530915,105973,21796,9611,21796,1998,21796,193,21796,11,21796,6,18338,7,1.0283710000003339
3,1,,2026-07-22T10:39:12.560503,106217,21835,9713,21835,1894,21835,192,21835,12,21835,13,17970,1,1.0292356999998447
3,1,,2026-07-22T10:39:13.588523,105623,21358,9416,21358,1872,21358,179,21358,7,21358,5,18355,13,1.0276077000016812
3,1,,2026-07-22T10:39:14.617711,105940,21876,9606,21876,2018,21876,165,21876,15,21876,9,18049,5,1.0288500000024214
3,1,,2026-07-22T10:39:15.646304,105831,21578,9470,21578,1976,21578,188,21578,25,21578,4,18037,7,1.0282569999981206
3,1,,2026-07-22T10:39:16.675365,105717,21756,9670,21756,1984,21756,174,21756,12,21756,12,18046,5,1.0286838999963948
3,1,,2026-07-22T10:39:17.705287,105785,21792,9590,21792,1938,21792,180,21792,13,21792,6,18237,5,1.0296240000025136
3,1,,2026-07-22T10:39:18.734152,106810,21843,9561,21843,1974,21843,160,21843,14,21843,12,18235,11,1.0285616999972262
3,1,,2026-07-22T10:39:19.764584,106611,21961,9770,21961,1960,21961,191,21961,15,21961,9,17975,5,1.0300895999971544
3,1,,2026-07-22T10:39:20.794883,106455,21825,9624,21825,1987,21825,198,21825,8,21825,12,17868,14,1.0299535000012838
3,1,,2026-07-22T10:39:21.824887,105985,21709,9474,21710,2005,21710,179,21710,7,21710,10,17702,9,1.0295751000012388
3,1,,2026-07-22T10:39:22.854763,106134,21692,9512,21691,1947,21691,188,21691,11,21691,11,18048,8,1.0294550999969942
3,1,,2026-07-22T10:39:23.884280,106283,21649,9551,21649,2006,21649,185,21649,8,21649,11,17931,8,1.0290937000027043
3,1,,2026-07-22T10:39:24.914064,106025,21717,9670,21717,1899,21717,193,21717,14,21717,9,17872,6,1.0294100000028266
3,1,,2026-07-22T10:39:25.943835,105741,22009,9775,22009,2028,22009,193,22009,12,22009,8,17906,8,1.029389600000286
3,1,,2026-07-22T10:39:26.973770,105777,21665,9600,21665,1962,21665,173,21665,8,21665,11,17904,8,1.0294931999960681
3,1,,2026-07-22T10:39:28.002173,105639,21719,9563,21719,1952,21719,187,21719,20,21719,8,17867,6,1.0281071999997948
3,1,,2026-07-22T10:39:29.031319,106854,21900,9793,21900,1971,21900,193,21900,13,21900,11,18102,4,1.0288658999998006
3,1,,2026-07-22T10:39:30.060668,105992,21969,9596,21969,2007,21969,172,21969,18,21969,6,18148,10,1.0289888999977848
3,1,,2026-07-22T10:39:31.090689,106249,21964,9676,21964,1941,21964,175,21964,16,21964,16,18078,5,1.0296152000009897
3,1,,2026-07-22T10:39:32.119936,106057,21613,9518,21613,2009,21613,166,21613,9,21613,9,18074,9,1.0289057999980287
3,1,,2026-07-22T10:39:33.148916,106294,21939,9592,21939,1957,21939,192,21939,10,21939,15,18108,9,1.0285559000039939
3,1,,2026-07-22T10:39:34.177905,105814,21567,9405,21567,1925,21567,196,21567,12,21567,10,18317,9,1.0285794000010355
3,1,,2026-07-22T10:39:35.207184,105723,21677,9485,21677,2006,21677,182,21677,12,21677,7,18069,7,1.0289114999977755
3,1,,2026-07-22T10:39:36.235353,105476,21550,9596,21550,1868,21550,196,21550,14,21550,10,17974,9,1.027865700001712
3,1,,2026-07-22T10:39:37.262262,106073,21723,9451,21723,2000,21723,195,21723,8,21723,10,17990,5,1.0265847999980906
3,1,,2026-07-22T10:39:38.291433,105875,21775,9557,21775,1895,21775,188,21775,6,21775,17,17863,5,1.02888030000031
3,1,,2026-07-22T10:39:39.321639,106330,21894,9592,21894,1990,21894,184,21894,6,21894,12,18040,7,1.0298421999978018
3,1,,2026-07-22T10:39:40.351028,106057,21825,9681,21825,1995,21825,179,21825,10,21825,17,18023,4,1.0290364000029513
3,1,,2026-07-22T10:39:41.379648,106599,21853,9687,21853,1967,21853,174,21853,16,21853,10,18128,8,1.0282268000009935
3,1,,2026-07-22T10:39:42.409188,105753,21589,9354,21589,1990,21589,186,21589,10,21589,11,17864,5,1.029166800006351
3,1,,2026-07-22T10:39:43.438053,106099,21721,9387,21721,2024,21721,163,21721,8,21721,14,18029,8,1.0284764000025461
3,1,,2026-07-22T10:39:44.465064,105447,21772,9560,21772,1970,21772,179,21772,12,21772,9,17914,10,1.0266291000007186
3,1,,2026-07-22T10:39:45.494624,105775,21761,9548,21761,1939,21761,179,21761,11,21761,12,17815,3,1.029284500000358
3,1,,2026-07-22T10:39:46.524477,106509,21965,9729,21965,2029,21965,195,21965,14,21965,11,17980,10,1.0294930000018212
3,1,,2026-07-22T10:39:47.553011,105901,21842,9528,21842,1923,21842,162,21842,7,21842,9,17951,13,1.0282174000021769
3,1,,2026-07-22T10:39:48.582682,106320,21942,9622,21942,2011,21942,180,21942,11,21942,12,17955,8,1.0292335999984061
3,1,,2026-07-22T10:39:49.611642,105627,21755,9651,21755,1935,21755,163,21755,6,21755,10,18020,5,1.0286089000001084
3,1,,2026-07-22T10:39:50.640831,106250,22047,9802,22047,1925,22047,176,22047,9,22047,9,17979,4,1.0288265999988653
3,1,,2026-07-22T10:39:51.671344,106228,22165,9705,22165,1985,22165,167,22165,16,22165,11,17942,7,1.0301182999974117
3,1,,2026-07-22T10:39:52.700408,106202,21759,9502,21759,1942,21759,194,21759,12,21759,13,18084,10,1.0287495000011404
3,1,,2026-07-22T10:39:53.728697,105956,22012,9710,22012,1977,22012,181,22012,9,22012,17,18142,9,1.0279280999966431
3,1,,2026-07-22T10:39:54.758060,106282,21617,9525,21617,2056,21617,195,21617,12,21617,13,17899,7,1.0289819999961765
3,1,,2026-07-22T10:39:55.787262,105913,21696,9517,21696,2015,21696,179,21696,14,21696,11,18086,6,1.0288905000052182
3,1,,2026-07-22T10:39:56.814546,106548,21781,9598,21781,1893,21781,168,21781,10,21781,8,18010,9,1.0269104999970295
3,1,,2026-07-22T10:39:57.843114,105955,21787,9663,21787,1885,21787,170,21787,14,21787,10,17782,8,1.028338399999484
3,1,,2026-07-22T10:39:58.872802,105808,21881,9641,21881,1980,21881,182,21881,19,21881,14,17926,3,1.0292927999980748
3,1,,2026-07-22T10:39:59.901565,105881,21651,9600,21651,2031,21651,196,21651,9,21651,11,18157,7,1.0283449000053224
3,1,,2026-07-22T10:40:00.930731,106232,21793,9408,21793,1920,21793,186,21793,5,21793,15,18100,6,1.0287371000013081
3,1,,2026-07-22T10:40:01.958262,106659,21759,9621,21759,1942,21759,184,21759,15,21759,9,18156,8,1.0271297999934177
3,1,,2026-07-22T10:40:02.989367,106036,21641,9617,21641,2001,21641,179,21641,10,21641,10,18234,5,1.0308189999996102
3,1,,2026-07-22T10:40:04.018764,106242,21928,9763,21928,1983,21928,174,21928,8,21928,12,18177,8,1.0288969000030193
3,1,,2026-07-22T10:40:05.047661,106260,21869,9728,21869,1949,21869,166,21869,7,21869,13,17977,7,1.0285831000001053
3,1,,2026-07-22T10:40:06.077483,106159,21747,9460,21747,2021,21747,146,21747,13,21747,6,18254,4,1.0294505000056233
3,1,,2026-07-22T10:40:07.105996,106199,21864,9527,21864,2040,21864,173,21864,14,21864,6,18072,7,1.0281357999992906
3,1,,2026-07-22T10:40:08.134966,106553,21898,9660,21898,1956,21898,172,21898,11,21898,11,17945,7,1.0285852000015439
3,1,,2026-07-22T10:40:09.163560,105763,21710,9482,21710,2059,21710,180,21710,18,21710,6,17784,4,1.0282399999996414
3,1,,2026-07-22T10:40:10.193104,106138,21710,9571,21710,2037,21710,162,21710,12,21710,6,17898,8,1.0291729999953532
3,1,,2026-07-22T10:40:11.222096,105852,21850,9694,21850,1924,21850,169,21850,12,21850,9,18123,9,1.0285438999999315
3,1,,2026-07-22T10:40:12.251757,105731,21687,9432,21687,2023,21687,194,21687,14,21687,5,18147,4,1.0293263999992632
3,1,,2026-07-22T10:40:13.280834,106148,21696,9542,21696,1953,21696,182,21696,13,21696,6,18122,5,1.0287343000018154
3,1,,2026-07-22T10:40:14.310197,106622,22217,9526,22217,1982,22217,190,22217,16,22217,9,17875,6,1.0289782999971067
3,1,,2026-07-22T10:40:15.340324,106322,21811,9540,21811,2034,21811,180,21811,4,21811,14,18100,5,1.0297618999975384
3,1,,2026-07-22T10:40:16.370185,106941,22144,9781,22144,1988,22144,210,22144,11,22144,10,18232,5,1.0294995000003837
3,1,,2026-07-22T10:40:17.399267,106417,21859,9611,21859,1977,21859,165,21859,12,21859,11,17872,5,1.0287193999974988
3,1,,2026-07-22T10:40:18.428449,106586,22063,9788,22063,2057,22063,175,22063,13,22063,11,17953,6,1.028849700000137
3,1,,2026-07-22T10:40:19.458068,106522,21795,9682,21795,1930,21795,173,21795,14,21795,17,18007,8,1.0292974000039976
3,1,,2026-07-22T10:40:20.487658,106516,22054,9598,22054,2056,22054,162,22054,10,22054,12,18149,6,1.0292319000000134
3,1,,2026-07-22T10:40:21.516095,106176,22004,9651,22004,2002,22004,164,22004,8,22004,11,18106,7,1.0280892000009771
3,1,,2026-07-22T10:40:22.544846,106146,21753,9444,21753,1975,21753,176,21753,9,21753,12,18236,10,1.028370599997288
3,1,,2026-07-22T10:40:23.573882,106492,21782,9539,21782,2036,21782,174,21782,9,21782,7,18105,8,1.028746099997079
3,1,,2026-07-22T10:40:24.602676,105953,21626,9454,21626,1966,21626,165,21626,11,21626,15,18197,2,1.0284052999995765
3,1,,2026-07-22T10:40:25.631706,106185,21776,9443,21776,2061,21776,190,21776,8,21776,10,18115,10,1.02872539999953
3,1,,2026-07-22T10:40:26.660972,105686,21752,9543,21752,2015,21752,185,21752,15,21752,9,18249,10,1.0289078999994672
3,1,,2026-07-22T10:40:27.690986,106388,21691,9535,21691,1998,21691,195,21691,11,21691,9,18016,14,1.0296345000024303
3,1,,2026-07-22T10:40:28.720335,106413,22246,9729,22246,2034,22246,183,22246,15,22247,7,18048,4,1.0290041999978712
3,1,,2026-07-22T10:40:29.749369,106488,22114,9670,22114,2026,22114,179,22114,18,22113,10,18043,7,1.0286216999957105
3,1,,2026-07-22T10:40:30.778001,106145,21860,9538,21860,1970,21860,174,21860,8,21860,10,18170,7,1.0283258999988902
3,1,,2026-07-22T10:40:31.807583,105484,21768,9600,21768,2055,21768,156,21768,9,21768,5,17983,6,1.0292635000005248
3,1,,2026-07-22T10:40:32.836157,106230,21782,9594,21782,1908,21782,208,21782,15,21782,8,18345,9,1.02827360000083
3,1,,2026-07-22T10:40:33.865055,105866,21811,9627,21811,1923,21811,196,21811,8,21811,8,18131,7,1.028526400004921
3,1,,2026-07-22T10:40:34.894931,105700,22015,9699,22015,1982,22015,199,22015,21,22015,16,18037,10,1.0295561000020825
3,1,,2026-07-22T10:40:35.925024,105959,21822,9651,21822,1944,21822,193,21823,13,21823,12,18072,3,1.029722599996603
3,1,,2026-07-22T10:40:36.955290,106269,22035,9764,22035,1983,22035,188,22034,10,22034,7,18197,9,1.0299560999992536
3,1,,2026-07-22T10:40:37.982829,106080,21956,9592,21956,2021,21956,199,21956,9,21956,4,18014,10,1.027199299998756
3,1,,2026-07-22T10:40:39.011440,106154,21781,9641,21781,1969,21781,192,21781,14,21781,7,18169,7,1.0283960000015213
3,1,,2026-07-22T10:40:40.040596,105807,21540,9494,21540,1895,21540,138,21540,15,21540,13,18257,10,1.0288027999995393
3,1,,2026-07-22T10:40:41.069696,106019,21957,9658,21957,1946,21957,192,21957,12,21957,12,17705,9,1.0287195999990217
3,1,,2026-07-22T10:40:42.097477,105780,21962,9588,21962,2053,21962,185,21962,8,21962,10,18060,8,1.0273817999986932
3,1,,2026-07-22T10:40:43.126796,106241,21825,9560,21825,1997,21825,183,21825,10,21826,15,18070,6,1.0290746000027866
3,1,,2026-07-22T10:40:44.156556,106160,21837,9556,21837,1941,21837,194,21837,12,21836,11,18057,2,1.029381899999862
3,1,,2026-07-22T10:40:45.185725,106065,21875,9587,21875,1986,21875,176,21875,6,21875,12,18171,11,1.0287821000019903
3,1,,2026-07-22T10:40:46.215669,106054,21765,9582,21765,1870,21765,187,21765,17,21765,21,18032,12,1.0295543000029284
3,1,,2026-07-22T10:40:47.244530,105744,21783,9514,21783,1924,21783,162,21783,12,21783,12,18359,9,1.0283895000029588
3,1,,2026-07-22T10:40:48.273848,105831,21652,9553,21652,1981,21652,165,21652,10,21652,8,18102,11,1.0289685000025202
3,1,,2026-07-22T10:40:49.304021,105612,21494,9487,21494,1925,21494,166,21494,7,21494,5,18204,8,1.02987729999586
3,1,,2026-07-22T10:40:50.332901,106090,21887,9626,21887,1974,21887,194,21887,17,21887,9,17608,7,1.0285494999989169
3,1,,2026-07-22T10:40:51.362517,106010,21751,9600,21751,1976,21751,181,21751,15,21751,8,18067,3,1.0292398000019602
3,1,,2026-07-22T10:40:52.391600,105671,21484,9432,21484,1860,21484,168,21484,10,21484,10,18096,7,1.0287003999983426
3,1,,2026-07-22T10:40:53.420759,105888,21971,9467,21971,2114,21971,177,21971,14,21971,7,17733,6,1.028789299998607
3,1,,2026-07-22T10:40:54.449648,105347,21689,9670,21689,1913,21689,169,21689,12,21689,12,18099,2,1.0285052000035648
3,1,,2026-07-22T10:40:55.479937,106472,21585,9489,21585,1914,21585,161,21585,10,21585,11,17788,9,1.0299397999988287
3,1,,2026-07-22T10:40:56.509391,106259,22034,9581,22034,2022,22034,161,22034,9,22034,17,18289,10,1.0290508000034606
3,1,,2026-07-22T10:40:57.538569,105860,21839,9569,21839,2032,21839,186,21839,8,21839,10,17857,11,1.0286902000007103
3,1,,2026-07-22T10:40:58.567952,105751,21520,9518,21520,1924,21520,168,21520,10,21520,13,17923,9,1.0290252000049804
3,1,,2026-07-22T10:40:59.597292,105722,21814,9472,21814,1978,21814,174,21814,9,21814,7,18007,3,1.0290359999999055
3,1,,2026-07-22T10:41:00.625314,105799,21821,9517,21821,2006,21821,172,21821,10,21821,7,17892,3,1.0277136000004248
3,1,,2026-07-22T10:41:01.653737,106237,21948,9554,21948,1938,21948,176,21948,13,21948,7,17953,11,1.0280884000021615
3,1,,2026-07-22T10:41:02.682896,105615,21675,9666,21675,1971,21675,169,21675,12,21675,8,18256,7,1.028789299998607
3,1,,2026-07-22T10:41:03.712422,106501,22141,9624,22141,2064,22141,187,22141,10,22141,10,17990,3,1.0291317000010167
3,1,,2026-07-22T10:41:04.740169,105954,21963,9648,21963,2002,21963,163,21963,9,21963,11,17879,9,1.0273474999994505
3,1,,2026-07-22T10:41:05.768401,106215,21818,9701,21818,1921,21818,178,21818,7,21818,14,18092,10,1.0278529999995953
3,1,,2026-07-22T10:41:06.797577,105785,21784,9617,21784,1971,21784,189,21784,13,21784,13,17853,7,1.0287995999970008
3,1,,2026-07-22T10:41:07.826280,106404,21855,9553,21855,2003,21855,180,21855,14,21855,10,18171,5,1.028294099996856
3,1,,2026-07-22T10:41:08.854775,105865,22004,9705,22004,2026,22004,172,22004,12,22004,8,17866,5,1.0280771000034292
3,1,,2026-07-22T10:41:09.884316,106075,22043,9691,22043,1984,22043,184,22043,14,22043,12,18089,6,1.0290527000033762
3,1,,2026-07-22T10:41:10.912400,106968,22007,9692,22007,1975,22007,185,22007,8,22007,5,17979,8,1.0277568000019528
3,1,,2026-07-22T10:41:11.942073,106374,21902,9503,21902,2092,21902,183,21902,13,21902,16,18207,3,1.0293452000041725
3,1,,2026-07-22T10:41:12.971061,106143,21590,9604,21590,1972,21590,179,21590,12,21590,6,18029,8,1.028650899999775
3,1,,2026-07-22T10:41:13.998528,105677,21788,9517,21788,1954,21788,197,21788,9,21788,10,17884,4,1.0271294999984093
3,1,,2026-07-22T10:41:15.028493,105935,21826,9630,21826,2047,21826,159,21826,12,21826,10,18146,8,1.0295640999975149
3,1,,2026-07-22T10:41:16.057506,106173,21609,9507,21609,1959,21609,198,21609,12,21609,9,18050,6,1.0284925999949337
3,1,,2026-07-22T10:41:17.086528,106468,21964,9592,21964,1962,21964,185,21964,12,21964,15,18257,7,1.028657299997576
3,1,,2026-07-22T10:41:18.116251,106137,21975,9742,21975,1985,21975,170,21975,13,21975,13,18248,12,1.0293410000012955
3,1,,2026-07-22T10:41:19.145457,106410,21784,9668,21784,2004,21784,176,21784,17,21784,10,18067,10,1.0287908000027528
3,1,,2026-07-22T10:41:20.174330,106626,21686,9566,21686,1898,21686,190,21686,14,21686,6,18032,8,1.0283992000040598
3,1,,2026-07-22T10:41:21.203341,105962,21552,9429,21552,1921,21552,168,21552,8,21552,10,18426,12,1.0286343000043416
3,1,,2026-07-22T10:41:22.233086,105281,21724,9597,21724,1913,21724,188,21724,8,21724,13,18272,7,1.029466299994965
3,1,,2026-07-22T10:41:23.262011,105785,21688,9530,21688,1863,21688,190,21688,15,21688,5,18055,9,1.0285520000034012
3,1,,2026-07-22T10:41:24.290744,106091,21738,9523,21738,1963,21738,195,21738,16,21738,7,18280,13,1.0283339000015985
3,1,,2026-07-22T10:41:25.319408,106278,21842,9759,21842,2041,21842,189,21842,8,21842,12,17977,5,1.0283043999952497
3,1,,2026-07-22T10:41:26.348653,105836,21579,9377,21579,1865,21579,164,21579,15,21579,12,17856,7,1.028895100003865
3,1,,2026-07-22T10:41:27.378829,105319,21555,9344,21555,1983,21555,183,21555,12,21555,10,18184,9,1.0298163000043132
3,1,,2026-07-22T10:41:28.407520,106021,21918,9567,21918,2033,21918,171,21918,9,21918,7,18176,4,1.028407400001015
3,1,,2026-07-22T10:41:29.437261,105898,21896,9706,21896,1972,21896,186,21896,12,21896,8,18002,10,1.0294083000044338
3,1,,2026-07-22T10:41:30.465957,105838,21910,9642,21910,1969,21910,186,21910,11,21910,13,17870,8,1.0283677999977954
3,1,,2026-07-22T10:41:31.495792,105668,21707,9658,21707,1955,21707,182,21707,10,21707,8,18036,4,1.029509899999539
3,1,,2026-07-22T10:41:32.525026,105674,21860,9599,21860,1925,21860,183,21860,12,21860,7,18155,9,1.0289372999977786
3,1,,2026-07-22T10:41:33.554035,105822,21509,9427,21509,1954,21509,189,21509,12,21509,10,17891,10,1.0286894000018947
3,1,,2026-07-22T10:41:34.583192,105825,21730,9470,21730,1922,21730,174,21730,14,21730,15,18006,4,1.0287529999986873
3,1,,2026-07-22T10:41:35.613070,106000,21866,9594,21866,2022,21866,192,21866,16,21866,8,17992,10,1.0295483000008971
3,1,,2026-07-22T10:41:36.642207,105457,21819,9585,21819,1951,21819,175,21819,10,21819,15,17856,8,1.028795899997931
3,1,,2026-07-22T10:41:37.671247,105484,21612,9363,21613,1950,21613,184,21613,4,21613,11,17996,12,1.0285787999964668
3,1,,2026-07-22T10:41:38.700155,106130,21708,9630,21707,1975,21707,177,21707,9,21707,13,18232,7,1.0285628999990877
3,1,,2026-07-22T10:41:39.729307,105983,21859,9557,21859,1918,21859,187,21859,9,21859,9,18070,5,1.0287539999990258
3,1,,2026-07-22T10:41:40.757196,106000,21754,9623,21754,1909,21754,189,21754,13,21754,10,17950,5,1.0276213999968604
3,1,,2026-07-22T10:41:41.785259,105699,21749,9493,21749,1967,21749,205,21749,12,21749,6,18093,6,1.0277959000013652
3,1,,2026-07-22T10:41:42.815365,105957,21893,9589,21893,1996,21893,168,21893,11,21893,8,17908,7,1.0298173000046518
3,1,,2026-07-22T10:41:43.843338,105948,21778,9539,21778,1945,21778,199,21778,15,21778,9,18207,5,1.0276130000056583
3,1,,2026-07-22T10:41:44.872771,105974,21748,9655,21748,1924,21748,171,21748,10,21748,8,18151,11,1.0291175999955158
3,1,,2026-07-22T10:41:45.901418,105062,21517,9368,21517,1965,21517,179,21517,11,21517,11,18205,13,1.0283275000037975
3,1,,2026-07-22T10:41:46.935598,105708,21774,9395,21774,2006,21774,181,21774,14,21774,11,18070,6,1.0338683000009041
3,1,,2026-07-22T10:41:47.967114,106312,21749,9546,21749,1998,21749,186,21749,11,21749,14,18242,4,1.026072299995576
3,1,,2026-07-22T10:41:48.999067,105790,21928,9633,21928,1995,21928,207,21928,9,21929,12,18144,11,1.0317328000019188
3,1,,2026-07-22T10:41:50.025404,104989,21692,9499,21692,1939,21692,192,21692,9,21691,9,17883,5,1.0260501999946428
3,1,,2026-07-22T10:41:51.052632,105357,21542,9332,21542,1961,21542,158,21542,10,21542,7,17924,7,1.0269132000030368
3,1,,2026-07-22T10:41:52.080823,105902,21697,9525,21697,1971,21697,171,21697,11,21697,7,17940,3,1.0279341000059503
3,1,,2026-07-22T10:41:53.107515,105504,21504,9519,21504,1966,21504,164,21504,8,21504,5,17870,6,1.0264384000038262
3,1,,2026-07-22T10:41:54.134802,105626,21706,9522,21706,1947,21706,189,21706,17,21706,9,17888,9,1.0270517999961157
3,1,,2026-07-22T10:41:55.162657,105509,21689,9453,21689,1931,21689,154,21690,17,21690,4,17967,6,1.027578100001847
3,1,,2026-07-22T10:41:56.190526,106106,21977,9724,21977,2059,21977,158,21976,8,21976,10,17794,4,1.0275469999978668
3,1,,2026-07-22T10:41:57.218321,105334,21706,9498,21706,1974,21706,170,21706,10,21706,9,17903,7,1.0274113999985275
3,1,,2026-07-22T10:41:58.248869,105250,21801,9488,21801,1994,21801,199,21801,13,21801,10,17973,5,1.0302602000010666
3,1,,2026-07-22T10:41:59.278391,105628,22012,9616,22012,2002,22012,175,22012,10,22012,13,18125,7,1.029113900003722
3,1,,2026-07-22T10:42:00.307489,105567,21744,9604,21744,1976,21744,191,21744,19,21744,9,18274,11,1.0287884999997914
3,1,,2026-07-22T10:42:01.336077,105831,21912,9506,21912,1972,21912,178,21912,11,21912,14,18094,7,1.0282168999983696
3,1,,2026-07-22T10:42:02.365484,106221,21822,9677,21822,1921,21822,159,21822,13,21822,5,18168,6,1.0290295999948285
3,1,,2026-07-22T10:42:03.395250,105776,21899,9648,21899,1964,21899,167,21899,11,21899,9,17979,6,1.0293449000018882
3,1,,2026-07-22T10:42:04.423967,105230,21656,9459,21656,2009,21656,187,21656,13,21656,6,17972,7,1.0283526000057464
3,1,,2026-07-22T10:42:05.452416,105458,21890,9606,21890,1978,21890,160,21890,12,21890,10,18087,11,1.0280945999984397
3,1,,2026-07-22T10:42:06.481079,105720,21951,9699,21951,1977,21951,182,21951,10,21951,8,18100,9,1.028280199992878
3,1,,2026-07-22T10:42:07.510826,105904,21702,9534,21702,1881,21702,174,21702,8,21702,6,18028,10,1.0294397999969078
3,1,,2026-07-22T10:42:08.540438,106321,21775,9538,21775,1980,21775,175,21775,5,21775,8,18064,6,1.0292010000048322
3,1,,2026-07-22T10:42:09.569647,105507,21628,9400,21628,1955,21628,161,21628,11,21628,4,17888,11,1.0288534999999683
3,1,,2026-07-22T10:42:10.598573,105663,21704,9546,21704,1958,21704,191,21704,7,21704,10,18039,7,1.0285562999997637
3,1,,2026-07-22T10:42:11.627872,105712,21640,9444,21640,1984,21640,176,21640,12,21640,24,17945,7,1.028931199994986
3,1,,2026-07-22T10:42:12.656690,105697,21814,9500,21814,1946,21814,179,21814,12,21814,14,18059,5,1.0284576999983983
3,1,,2026-07-22T10:42:13.685069,105698,21521,9497,21521,1918,21521,200,21521,14,21521,5,17988,6,1.0279897000000346
3,1,,2026-07-22T10:42:14.713116,105086,21633,9541,21633,1936,21633,188,21633,10,21633,9,17901,7,1.0276691000035498
3,1,,2026-07-22T10:42:15.741586,105341,21955,9563,21955,1991,21955,198,21955,13,21955,9,18110,7,1.0281004999997094
3,1,,2026-07-22T10:42:16.770953,105419,21659,9565,21659,1941,21659,148,21659,11,21659,9,18148,13,1.02896779999719
3,1,,2026-07-22T10:42:17.800180,105513,21944,9577,21944,1977,21944,188,21944,13,21944,11,18009,11,1.0288819999987027
3,1,,2026-07-22T10:42:18.829381,106061,21738,9546,21738,1882,21738,187,21738,7,21738,8,18126,3,1.028824100001657
3,1,,2026-07-22T10:42:19.858763,105822,21815,9541,21815,1970,21815,195,21815,12,21815,12,18092,10,1.0290440000026138
3,1,,2026-07-22T10:42:20.887874,105765,21807,9543,21807,1949,21807,176,21807,11,21807,9,17879,6,1.0286625000007916
3,1,,2026-07-22T10:42:21.916806,106157,21859,9623,21859,1991,21859,153,21859,10,21859,15,17988,7,1.0286305999979959
3,1,,2026-07-22T10:42:22.946475,106114,21801,9569,21801,1896,21801,169,21801,10,21801,20,18063,5,1.029298800000106
3,1,,2026-07-22T10:42:23.975205,105069,21609,9272,21609,1952,21609,191,21609,13,21609,12,18003,7,1.028353400004562
3,1,,2026-07-22T10:42:25.003618,105927,21664,9585,21664,1974,21664,172,21664,11,21664,10,18076,9,1.0280140999966534
3,1,,2026-07-22T10:42:26.033573,105470,22094,9599,22094,2061,22094,159,22094,12,22094,16,17789,9,1.029647200004547
3,1,,2026-07-22T10:42:27.063334,106057,21845,9476,21845,1990,21845,201,21845,11,21845,11,18096,14,1.0293718999964767
3,1,,2026-07-22T10:42:28.093993,105543,21708,9407,21708,1985,21708,191,21708,11,21708,13,18030,7,1.0302374999955646
3,1,,2026-07-22T10:42:29.122777,105746,21721,9426,21721,1926,21721,191,21721,17,21721,5,18067,10,1.028359800002363
3,1,,2026-07-22T10:42:30.151637,105334,21836,9625,21836,1969,21836,187,21836,11,21836,5,18192,10,1.0284847000002628
3,1,,2026-07-22T10:42:31.179665,106086,21815,9603,21815,1906,21815,151,21815,12,21815,11,17848,7,1.027649100004055
3,1,,2026-07-22T10:42:32.209068,105657,21850,9500,21850,1917,21850,177,21850,14,21850,9,17892,5,1.029176699994423
3,1,,2026-07-22T10:42:33.237908,105642,21850,9593,21850,1926,21850,196,21850,10,21850,6,17930,4,1.0284965000028023
3,1,,2026-07-22T10:42:34.266402,105996,21851,9617,21851,1940,21851,174,21851,7,21851,11,18290,1,1.028126000004704
3,1,,2026-07-22T10:42:35.295490,105178,21669,9433,21669,1944,21669,188,21670,11,21670,14,18025,7,1.0287083000002895
3,1,,2026-07-22T10:42:36.324119,105676,21749,9469,21749,1938,21749,205,21748,19,21748,11,17945,7,1.0282876000055694
3,1,,2026-07-22T10:42:37.352744,105702,21462,9440,21462,1961,21462,161,21462,14,21462,12,17816,6,1.02827029999753
3,1,,2026-07-22T10:42:38.382188,105381,21566,9453,21566,1967,21566,176,21566,7,21566,12,17821,13,1.0290720999983023
3,1,,2026-07-22T10:42:39.412098,105460,22003,9684,22003,2029,22003,195,22003,10,22003,15,17839,12,1.02942219999386
3,1,,2026-07-22T10:42:40.439989,106151,22084,9796,22084,1937,22084,187,22084,9,22084,16,18269,5,1.0275993999966886
3,1,,2026-07-22T10:42:41.468306,105796,21688,9571,21688,1984,21688,207,21688,10,21688,8,17851,8,1.0280434000014793
3,1,,2026-07-22T10:42:42.496921,105702,21892,9600,21892,2004,21892,184,21892,13,21892,9,17715,6,1.0282396000038716
3,1,,2026-07-22T10:42:43.526729,105724,21749,9316,21749,2019,21749,212,21749,7,21749,7,17978,7,1.029376800004684
3,1,,2026-07-22T10:42:44.555818,105342,21637,9545,21637,1953,21637,193,21637,8,21637,9,17995,9,1.0287484000000404
3,1,,2026-07-22T10:42:45.584557,105595,21710,9633,21710,1982,21710,186,21710,10,21710,16,18178,16,1.028399000002537
3,1,,2026-07-22T10:42:46.614240,105237,21867,9655,21867,1935,21867,186,21867,7,21867,9,18097,12,1.029281399998581
3,1,,2026-07-22T10:42:47.643897,105516,21820,9668,21820,1901,21820,189,21820,18,21820,14,17820,5,1.0292333000033977
3,1,,2026-07-22T10:42:48.673003,105637,21830,9616,21830,1927,21830,188,21830,10,21830,8,18138,4,1.0287479999969946
3,1,,2026-07-22T10:42:49.702960,105272,21444,9496,21444,1885,21444,160,21444,10,21444,7,18367,5,1.029665500005649
3,1,,2026-07-22T10:42:50.731719,106039,21795,9461,21795,2079,21795,182,21795,18,21795,11,17867,7,1.0284198000008473
3,1,,2026-07-22T10:42:51.761757,105688,21938,9593,21938,1972,21938,175,21938,4,21938,11,18114,4,1.0297298000004957
3,1,,2026-07-22T10:42:52.791291,105556,21882,9554,21882,1999,21882,166,21882,10,21882,8,18036,8,1.0291730999961146
3,1,,2026-07-22T10:42:53.820427,105371,21685,9385,21685,2036,21685,173,21685,12,21685,6,18030,10,1.0287648000012268
3,1,,2026-07-22T10:42:54.847228,104782,21489,9334,21489,1958,21489,162,21489,15,21489,9,17957,4,1.026453099999344
3,1,,2026-07-22T10:42:55.876789,105346,21610,9476,21610,1945,21610,194,21610,14,21610,12,18099,12,1.0293109000049299
3,1,,2026-07-22T10:42:56.905917,106969,21823,9671,21823,1981,21823,189,21823,11,21823,8,17996,6,1.0287270999979228
3,1,,2026-07-22T10:42:57.936078,107222,22019,9667,22019,2020,22019,186,22019,18,22019,13,17492,5,1.0296948999966844
3,1,,2026-07-22T10:42:58.964893,107334,22166,9870,22166,2041,22166,161,22166,14,22166,13,17794,8,1.0284379000004265
3,1,,2026-07-22T10:42:59.993699,106517,21865,9617,21865,2015,21865,181,21865,4,21865,11,17879,5,1.0284552999946754
3,1,,2026-07-22T10:43:01.022694,105143,21591,9453,21591,1941,21591,185,21591,8,21591,12,18003,10,1.0286392999987584
3,1,,2026-07-22T10:43:02.051499,105814,21940,9621,21940,1981,21940,169,21940,13,21940,15,17990,5,1.0284155999979703
3,1,,2026-07-22T10:43:03.080084,105340,21564,9470,21564,1983,21564,167,21564,19,21564,5,18076,10,1.0282286000001477
3,1,,2026-07-22T10:43:04.109772,105242,21790,9515,21790,1877,21790,178,21790,5,21790,8,18052,13,1.0293528999973205
3,1,,2026-07-22T10:43:05.139050,105539,21896,9585,21896,1982,21896,178,21896,14,21896,11,18193,9,1.0288989999971818
3,1,,2026-07-22T10:43:06.168606,105722,21561,9406,21561,1928,21561,184,21561,9,21561,15,18245,3,1.0291943999982323
3,1,,2026-07-22T10:43:07.196521,105615,21484,9418,21484,1918,21484,169,21484,12,21484,12,17924,8,1.027613799997198
3,1,,2026-07-22T10:43:08.224734,105674,22040,9754,22040,1961,22040,194,22040,11,22041,13,17979,8,1.0278768999996828
3,1,,2026-07-22T10:43:09.252978,105419,21855,9505,21855,1958,21855,171,21855,12,21854,10,17815,8,1.0279127000030712
3,1,,2026-07-22T10:43:10.281506,106214,21824,9581,21824,1969,21824,180,21824,16,21825,7,18178,4,1.0282028000001446
3,1,,2026-07-22T10:43:11.310925,105488,21667,9417,21667,1953,21667,163,21667,8,21666,13,17728,6,1.0290015999999014
3,1,,2026-07-22T10:43:12.339911,106472,21756,9447,21756,1938,21756,199,21756,9,21756,5,17977,4,1.0285511999973096
3,1,,2026-07-22T10:43:13.369762,105246,21746,9501,21746,1971,21746,169,21746,7,21746,9,18257,7,1.0294873000020743
3,1,,2026-07-22T10:43:14.399339,105688,21893,9412,21893,2000,21893,204,21893,15,21893,8,18218,6,1.029188599997724
3,1,,2026-07-22T10:43:15.429385,105740,21821,9583,21821,1972,21821,191,21821,13,21821,7,18002,7,1.0296422000028542
3,1,,2026-07-22T10:43:16.459724,105465,21768,9567,21768,1974,21768,154,21768,18,21768,5,18008,7,1.0299116000023787
3,1,,2026-07-22T10:43:17.488382,106306,21845,9510,21845,2013,21845,174,21845,14,21845,12,17881,6,1.0282742000053986
3,1,,2026-07-22T10:43:18.516912,104762,21431,9524,21431,1893,21431,184,21431,9,21431,13,18039,9,1.0281814000045415
3,1,,2026-07-22T10:43:19.546598,105313,21814,9597,21814,2015,21814,179,21814,15,21814,7,17985,8,1.0293455999999424
3,1,,2026-07-22T10:43:20.576285,105399,21718,9491,21718,1948,21718,165,21718,16,21718,12,18256,13,1.0293081999989226
3,1,,2026-07-22T10:43:21.605144,105403,21776,9430,21776,2006,21776,171,21776,14,21776,10,17885,6,1.0285169999988284
3,1,,2026-07-22T10:43:22.633702,105679,21572,9369,21572,2001,21572,179,21572,15,21572,11,17881,5,1.028158600005554
3,1,,2026-07-22T10:43:23.663736,105014,21595,9481,21595,1957,21595,187,21595,7,21595,15,18274,9,1.0296920000037062
3,1,,2026-07-22T10:43:24.693412,105340,21630,9554,21630,1925,21630,148,21630,8,21630,12,18229,11,1.029383000000962
3,1,,2026-07-22T10:43:25.722815,105867,21912,9595,21912,2011,21912,170,21912,14,21912,7,17899,13,1.0291008000058355
3,1,,2026-07-22T10:43:26.752100,105299,21629,9468,21629,1914,21629,195,21629,11,21629,9,17901,15,1.028912499998114
3,1,,2026-07-22T10:43:27.782381,105559,21912,9481,21912,1997,21912,195,21912,12,21912,20,17924,4,1.0298414999997476
3,1,,2026-07-22T10:43:28.809676,105675,21685,9522,21685,1984,21685,187,21685,10,21685,11,17854,2,1.026910399996268
3,1,,2026-07-22T10:43:29.837263,104732,21400,9413,21400,1916,21400,203,21400,15,21400,14,18069,9,1.0273900999964098
3,1,,2026-07-22T10:43:30.866482,105885,21850,9352,21850,1917,21850,152,21850,5,21850,8,17897,9,1.0288784000003943
3,1,,2026-07-22T10:43:31.896166,105595,21649,9374,21649,2006,21649,184,21649,12,21649,7,17911,6,1.029326799995033
3,1,,2026-07-22T10:43:32.925448,106029,21746,9439,21746,2069,21746,182,21746,11,21746,14,17976,9,1.0289477999976953
3,1,,2026-07-22T10:43:33.954006,105339,21656,9562,21656,1967,21656,185,21656,12,21656,9,18050,13,1.0281845000063186
3,1,,2026-07-22T10:43:34.983788,105639,21513,9377,21513,1968,21513,154,21513,8,21513,12,18202,4,1.029395100005786
3,1,,2026-07-22T10:43:36.013117,105094,21830,9522,21830,1979,21830,156,21830,20,21830,15,18072,5,1.0289563999976963
3,1,,2026-07-22T10:43:37.042386,105503,21505,9487,21505,1957,21505,163,21505,12,21505,13,17939,10,1.0287473999997019
3,1,,2026-07-22T10:43:38.071628,105708,21983,9710,21983,1929,21983,185,21983,14,21983,10,17928,12,1.0287888000020757
3,1,,2026-07-22T10:43:39.100805,104996,21739,9515,21739,2003,21739,158,21739,13,21739,11,18078,8,1.028820599996834
3,1,,2026-07-22T10:43:40.130013,105347,21709,9490,21709,1884,21709,171,21709,12,21709,8,18066,5,1.0288360999984434
3,1,,2026-07-22T10:43:41.159778,105595,21620,9518,21620,1991,21620,141,21620,4,21620,5,18024,11,1.0293729999975767
3,1,,2026-07-22T10:43:42.188439,105215,21545,9545,21545,1970,21545,175,21545,9,21545,8,17978,9,1.0283138000013423
3,1,,2026-07-22T10:43:43.216999,105426,21714,9529,21714,1983,21714,167,21714,13,21714,9,18352,6,1.0281809000007343
3,1,,2026-07-22T10:43:44.247161,105719,21911,9553,21911,1994,21911,176,21911,12,21911,10,17958,11,1.0297881000005873
3,1,,2026-07-22T10:43:45.276555,105845,21838,9570,21838,1959,21838,163,21838,16,21838,4,18214,6,1.0290504000004148
3,1,,2026-07-22T10:43:46.305147,105155,21668,9475,21668,1870,21668,179,21668,10,21668,11,17950,6,1.0282804999951622
3,1,,2026-07-22T10:43:47.333736,105609,21558,9456,21558,1871,21558,158,21558,11,21558,12,18152,13,1.0282288000016706
3,1,,2026-07-22T10:43:48.363063,105718,21682,9308,21682,1995,21682,172,21682,9,21682,16,17844,5,1.0289390000034473
3,1,,2026-07-22T10:43:49.393024,105488,21705,9639,21705,1988,21705,195,21705,15,21705,10,18168,7,1.029619900000398
3,1,,2026-07-22T10:43:50.422324,105408,21585,9300,21585,2003,21585,193,21585,10,21585,12,17871,5,1.0288982000056421
3,1,,2026-07-22T10:43:51.451751,105356,22078,9685,22078,1976,22078,176,22078,10,22078,9,18072,6,1.0290796999979648
3,1,,2026-07-22T10:43:52.480820,105787,21835,9582,21835,1990,21835,180,21835,10,21835,6,18071,7,1.0287328000049456
3,1,,2026-07-22T10:43:53.511270,105084,21669,9396,21669,1944,21669,169,21669,14,21669,11,18143,9,1.0300742000035825
3,1,,2026-07-22T10:43:54.540098,105041,21834,9528,21834,2044,21834,185,21834,6,21834,17,18292,6,1.0285332000057679
3,1,,2026-07-22T10:43:55.569151,105736,21584,9472,21584,1937,21584,198,21584,12,21584,12,17934,6,1.0287127999981749
3,1,,2026-07-22T10:43:56.598862,104728,21808,9693,21808,1892,21808,171,21808,8,21808,14,18097,6,1.0293043999990914
3,1,,2026-07-22T10:43:57.628183,105442,21532,9386,21532,1920,21532,172,21532,7,21532,9,17899,19,1.0289543999970192
3,1,,2026-07-22T10:43:58.658296,105791,21982,9586,21982,1953,21982,172,21982,9,21982,9,17896,5,1.0296550999992178
3,1,,2026-07-22T10:43:59.687106,104822,21591,9397,21591,1957,21591,175,21591,16,21591,8,17880,8,1.028455199993914
3,1,,2026-07-22T10:44:00.715866,105338,21844,9471,21844,1954,21844,187,21844,11,21844,9,17982,6,1.028315699993982
3,1,,2026-07-22T10:44:01.744574,104618,21660,9579,21660,1939,21660,166,21660,12,21660,11,18068,10,1.028308200002357
3,1,,2026-07-22T10:44:02.772947,105532,21898,9502,21898,1985,21898,184,21898,19,21898,6,17977,6,1.0279907000003732
3,1,,2026-07-22T10:44:03.801518,105164,21486,9395,21486,1948,21486,184,21486,6,21486,10,18140,9,1.028214800004207
3,1,,2026-07-22T10:44:04.830817,105471,21756,9560,21756,1891,21756,167,21756,11,21756,11,17921,7,1.0289553999973577
3,1,,2026-07-22T10:44:05.859360,105408,21659,9518,21659,1992,21659,181,21659,13,21659,9,17725,9,1.0282124000004842
3,1,,2026-07-22T10:44:06.887938,105097,21674,9520,21674,1911,21674,178,21674,5,21674,8,17659,4,1.028215900005307
3,1,,2026-07-22T10:44:07.916527,104860,21581,9434,21581,2020,21581,173,21581,12,21581,10,18010,7,1.0282283000051393
3,1,,2026-07-22T10:44:08.945766,105212,21669,9485,21669,1954,21669,169,21669,12,21669,10,18149,3,1.0288212000014028
3,1,,2026-07-22T10:44:09.974959,105473,21791,9523,21791,1928,21791,183,21791,14,21791,4,18067,9,1.0287693999998737
3,1,,2026-07-22T10:44:11.004051,104851,21604,9406,21604,1981,21604,179,21604,12,21604,10,18035,10,1.02875469999708
3,1,,2026-07-22T10:44:12.033434,105679,21888,9600,21888,1960,21888,176,21888,4,21888,13,18237,6,1.0290156000046409
3,1,,2026-07-22T10:44:13.063928,105877,21820,9602,21820,1893,21820,165,21820,8,21820,7,17977,7,1.030087300001469
3,1,,2026-07-22T10:44:14.093875,105599,21718,9531,21718,1926,21718,183,21718,8,21718,11,18052,6,1.02954850000242
3,1,,2026-07-22T10:44:15.122418,105427,21527,9380,21527,1941,21527,175,21527,13,21527,3,17944,8,1.0282073999987915
3,1,,2026-07-22T10:44:16.152218,105141,21790,9383,21790,2005,21790,189,21790,18,21790,10,17984,8,1.0294647999980953
3,1,,2026-07-22T10:44:17.181298,105105,21701,9652,21701,1902,21701,169,21701,16,21701,10,17895,8,1.0287194000047748
3,1,,2026-07-22T10:44:18.211232,105800,21727,9522,21727,1937,21727,210,21727,10,21727,7,17960,3,1.0294952999975067
3,1,,2026-07-22T10:44:19.239505,105557,22031,9688,22031,1960,22032,186,22032,13,22032,6,17945,10,1.027853799998411
3,1,,2026-07-22T10:44:20.268399,105337,21527,9507,21527,1952,21526,165,21526,7,21526,11,17896,7,1.0285556000017095
3,1,,2026-07-22T10:44:21.297593,105168,21601,9494,21601,1946,21601,178,21601,9,21601,9,18060,5,1.02881840000191
3,1,,2026-07-22T10:44:22.326331,104546,21840,9563,21840,1972,21840,179,21840,12,21840,10,17919,7,1.02836440000101
3,1,,2026-07-22T10:44:23.356257,104986,21494,9483,21494,1941,21494,177,21494,12,21494,11,18032,7,1.0295370000021649
3,1,,2026-07-22T10:44:24.384547,105628,21837,9462,21837,1960,21837,189,21837,18,21838,14,17869,5,1.0279530999978306
3,1,,2026-07-22T10:44:25.413844,105148,21749,9321,21749,1909,21749,167,21749,11,21748,3,17853,6,1.0289349000013317
3,1,,2026-07-22T10:44:26.443636,105499,22065,9654,22065,1999,22065,171,22065,18,22065,12,17824,7,1.0294085999994422
3,1,,2026-07-22T10:44:27.472798,104887,21891,9501,21891,2013,21891,175,21891,9,21891,8,18081,7,1.0287587999991956
3,1,,2026-07-22T10:44:28.502313,105415,21671,9483,21671,1952,21671,174,21671,9,21671,8,18064,9,1.0291692999962834
3,1,,2026-07-22T10:44:29.531469,105988,21806,9592,21806,1955,21806,176,21806,9,21806,10,17953,6,1.028780900000129
3,1,,2026-07-22T10:44:30.560841,104768,21663,9369,21663,1951,21663,160,21663,16,21663,9,17978,8,1.0289730000004056
3,1,,2026-07-22T10:44:31.589862,105591,21777,9352,21777,1946,21777,182,21777,16,21777,9,17944,8,1.0286612999989302
3,1,,2026-07-22T10:44:32.618747,105280,21687,9536,21687,1940,21687,205,21687,13,21687,7,17967,4,1.0284986999977264
3,1,,2026-07-22T10:44:33.647105,105332,21690,9568,21690,2008,21690,183,21690,12,21690,7,18055,11,1.0280445000025793
3,1,,2026-07-22T10:44:34.677243,104998,21723,9534,21723,1986,21723,170,21723,16,21723,9,18076,7,1.0298502999939956
3,1,,2026-07-22T10:44:35.706314,105251,21622,9578,21622,1945,21622,162,21622,11,21622,12,17991,6,1.028706199998851
3,1,,2026-07-22T10:44:36.735033,105031,21530,9465,21530,1903,21530,191,21530,8,21530,12,17926,9,1.028342400000838
3,1,,2026-07-22T10:44:37.765194,105248,21758,9646,21758,1958,21758,180,21758,5,21758,8,17675,7,1.0298063000009279
3,1,,2026-07-22T10:44:38.794520,105231,21616,9499,21616,1945,21616,185,21616,12,21616,10,17801,11,1.028948599996511
3,1,,2026-07-22T10:44:39.821590,104881,21584,9471,21584,1929,21584,190,21584,9,21584,6,18214,8,1.0267258000021684
3,1,,2026-07-22T10:44:40.851191,104765,21917,9585,21917,2058,21917,174,21917,10,21917,10,18018,7,1.0293037999945227
3,1,,2026-07-22T10:44:41.880097,105631,21946,9665,21946,1985,21946,187,21946,9,21946,10,17895,2,1.0285326000011992
3,1,,2026-07-22T10:44:42.907884,104916,21606,9474,21606,1979,21606,191,21606,12,21606,9,17958,9,1.0274214000019128
3,1,,2026-07-22T10:44:43.936632,104800,21788,9514,21788,1917,21788,203,21788,15,21788,7,17980,5,1.028328500004136
3,1,,2026-07-22T10:44:44.965328,105354,21752,9503,21752,2030,21752,166,21752,4,21752,13,17838,8,1.028306000000157
3,1,,2026-07-22T10:44:45.994674,104561,21704,9458,21704,1986,21704,182,21704,10,21704,12,18034,12,1.028992699997616
3,1,,2026-07-22T10:44:47.024414,104988,21508,9359,21508,1943,21508,171,21508,10,21508,13,17934,5,1.0293317999967257
3,1,,2026-07-22T10:44:48.053429,105423,21683,9634,21683,1940,21683,195,21683,5,21683,9,18137,6,1.028626200000872
3,1,,2026-07-22T10:44:49.082632,105132,21590,9444,21590,1976,21590,164,21590,9,21590,9,17891,4,1.02881659999548
3,1,,2026-07-22T10:44:50.111978,104643,21596,9397,21596,1989,21596,182,21596,13,21596,10,18181,6,1.028963600001589
3,1,,2026-07-22T10:44:51.140556,105095,21518,9434,21518,1926,21518,185,21518,17,21518,7,17980,11,1.0281917999964207
3,1,,2026-07-22T10:44:52.169237,104810,21636,9477,21636,1941,21636,177,21636,12,21636,10,17955,5,1.0283103000037954
3,1,,2026-07-22T10:44:53.197818,104655,21570,9421,21570,1942,21570,170,21570,11,21570,8,18321,8,1.0282296000004862
3,1,,2026-07-22T10:44:54.227487,104658,21642,9388,21642,1926,21642,206,21642,10,21642,6,18039,3,1.0292800000024727
3,1,,2026-07-22T10:44:55.256211,105877,22047,9669,22047,2062,22047,186,22047,14,22047,11,17913,4,1.0284195999993244
3,1,,2026-07-22T10:44:56.287142,105254,21877,9617,21877,1962,21877,184,21877,18,21877,7,17954,9,1.0305638999998337
3,1,,2026-07-22T10:44:57.316459,105966,21828,9602,21828,2010,21828,187,21828,18,21828,12,17915,7,1.0290584999966086
3,1,,2026-07-22T10:44:58.346163,104801,21487,9365,21487,1949,21487,164,21487,10,21487,10,17811,11,1.0293511999989278
3,1,,2026-07-22T10:44:59.374648,105013,21571,9496,21571,1915,21571,173,21571,16,21571,8,17956,7,1.0281298999980208
3,1,,2026-07-22T10:45:00.403171,105334,21739,9375,21739,1999,21739,207,21739,11,21739,4,18072,4,1.0281987999987905
3,1,,2026-07-22T10:45:01.432425,105707,21700,9414,21700,1958,21700,152,21700,20,21700,11,18082,9,1.028901700003189
3,1,,2026-07-22T10:45:02.461617,105050,21553,9433,21553,1957,21553,163,21553,10,21553,8,18093,3,1.0288178999981028
3,1,,2026-07-22T10:45:03.491504,105296,21775,9576,21775,1928,21775,162,21775,9,21775,9,17809,8,1.0294642000008025
3,1,,2026-07-22T10:45:04.520252,105644,21751,9602,21751,1953,21751,207,21751,4,21751,11,17884,14,1.0283382999987225
3,1,,2026-07-22T10:45:05.549282,105050,21945,9563,21945,2006,21945,189,21945,9,21945,8,17936,5,1.0286624999935157
3,1,,2026-07-22T10:45:06.579117,104833,21571,9350,21571,1923,21571,159,21571,13,21571,12,17869,5,1.0294313999984297
3,1,,2026-07-22T10:45:07.608524,105585,21957,9581,21957,1961,21957,181,21957,15,21957,11,17960,6,1.0289342000032775
3,1,,2026-07-22T10:45:08.637839,105464,21605,9493,21605,1903,21605,188,21605,7,21605,12,18310,2,1.0289888999977848
3,1,,2026-07-22T10:45:09.667210,105070,21724,9463,21724,2031,21724,190,21724,10,21724,12,17912,6,1.0290368999994826
3,1,,2026-07-22T10:45:10.696254,104981,21758,9621,21758,1890,21758,196,21758,10,21758,12,17911,5,1.0286513999963063
3,1,,2026-07-22T10:45:11.725699,105219,21831,9492,21831,2010,21831,191,21831,8,21831,8,18132,6,1.029013200000918
3,1,,2026-07-22T10:45:12.754475,104846,21618,9419,21618,1969,21618,170,21618,15,21618,9,18056,8,1.028296099997533
3,1,,2026-07-22T10:45:13.783422,105032,21778,9556,21778,1961,21778,188,21778,14,21778,9,17883,7,1.0285880000010366
3,1,,2026-07-22T10:45:14.811559,104975,21672,9482,21672,1949,21672,171,21672,9,21672,16,17941,5,1.0277590000041528
3,1,,2026-07-22T10:45:15.840478,105890,21715,9422,21716,1902,21716,161,21716,11,21716,13,17901,5,1.0285599999988335
3,1,,2026-07-22T10:45:16.869575,104820,21584,9335,21583,1990,21583,197,21583,17,21583,13,18203,9,1.0286763999974937
3,1,,2026-07-22T10:45:17.898700,105133,21633,9531,21633,1959,21633,200,21633,9,21633,9,17997,11,1.0287500000049477
3,1,,2026-07-22T10:45:18.928012,105135,21476,9263,21476,1940,21476,195,21476,8,21476,14,18042,9,1.0289198000027682
3,1,,2026-07-22T10:45:19.957492,104956,21675,9379,21675,1921,21675,171,21675,13,21675,17,18127,4,1.0290396999989753
3,1,,2026-07-22T10:45:20.986342,105333,21871,9566,21871,2014,21871,182,21871,12,21871,6,17984,5,1.0284500999987358
3,1,,2026-07-22T10:45:22.014968,104754,21550,9471,21550,1927,21550,169,21550,15,21550,13,18059,10,1.0282592000003206
3,1,,2026-07-22T10:45:23.043833,105574,21712,9601,21712,1870,21712,202,21712,11,21712,6,18078,5,1.0285062999973889
3,1,,2026-07-22T10:45:24.073272,104960,21836,9512,21836,2004,21836,181,21836,7,21836,7,18034,7,1.0290677000011783
3,1,,2026-07-22T10:45:25.101895,105242,21660,9394,21660,1977,21660,184,21660,8,21660,7,18284,13,1.028225599999132
3,1,,2026-07-22T10:45:26.131027,105076,21672,9494,21672,1960,21672,160,21672,14,21672,10,18050,5,1.0287419999949634
3,1,,2026-07-22T10:45:27.160879,104711,21880,9635,21880,1918,21880,193,21880,10,21880,4,17893,9,1.0294799999974202
3,1,,2026-07-22T10:45:28.190324,104626,21719,9466,21719,1953,21719,162,21719,13,21719,12,18092,8,1.029102899999998
3,1,,2026-07-22T10:45:29.220380,105305,21734,9495,21734,1961,21734,181,21734,16,21734,12,18030,7,1.029651199998625
3,1,,2026-07-22T10:45:30.248950,105007,21674,9656,21674,1887,21674,164,21674,9,21674,10,18038,8,1.0281912999998895
3,1,,2026-07-22T10:45:31.279665,105544,21967,9623,21967,2002,21967,198,21967,12,21967,13,17867,12,1.030277499994554
3,1,,2026-07-22T10:45:32.310165,105580,21773,9603,21773,1930,21773,195,21773,10,21773,9,18088,6,1.030082000004768
3,1,,2026-07-22T10:45:33.339073,104864,21564,9433,21564,1881,21564,195,21564,7,21564,9,18117,10,1.0285345000011148
3,1,,2026-07-22T10:45:34.367991,104731,21901,9626,21901,1889,21901,165,21901,8,21902,8,17804,8,1.028533199998492
3,1,,2026-07-22T10:45:35.396858,104841,21770,9350,21770,2015,21770,195,21770,16,21769,11,17904,7,1.0284785999974702
3,1,,2026-07-22T10:45:36.426838,104935,21679,9562,21679,1943,21679,187,21679,15,21679,12,17986,8,1.0295981000017491
3,1,,2026-07-22T10:45:37.455527,105155,21563,9413,21563,2023,21563,168,21563,12,21563,7,17939,7,1.0283202000064193
3,1,,2026-07-22T10:45:38.483400,105097,21690,9590,21690,1951,21690,179,21690,15,21690,9,17963,8,1.0275502999938908
3,1,,2026-07-22T10:45:39.511137,104618,21329,9383,21329,1898,21329,181,21329,12,21329,7,18134,8,1.0274337999944692
3,1,,2026-07-22T10:45:40.537605,104375,21651,9461,21651,1946,21651,183,21651,14,21651,7,17827,6,1.0261866000000737
3,1,,2026-07-22T10:45:41.565780,105367,21658,9474,21658,1932,21658,176,21658,12,21658,8,17940,6,1.0279647999996087
3,1,,2026-07-22T10:45:42.595764,105128,21655,9534,21655,1960,21655,193,21656,6,21656,8,18010,9,1.0296142000006512
3,1,,2026-07-22T10:45:43.624326,104732,21468,9220,21468,1930,21468,194,21467,10,21467,8,17719,8,1.028229299998202
3,1,,2026-07-22T10:45:44.653492,105341,21922,9514,21922,2024,21922,182,21922,10,21922,13,17966,5,1.0288061999963247
3,1,,2026-07-22T10:45:45.682988,105030,21702,9736,21702,1932,21702,204,21702,10,21702,12,17905,4,1.0291512999974657
3,1,,2026-07-22T10:45:46.712714,104682,21445,9364,21445,1884,21445,181,21445,16,21445,11,17788,8,1.0293447000003653
3,1,,2026-07-22T10:45:47.743489,105574,21968,9616,21968,2018,21968,186,21968,10,21968,12,17849,8,1.0303481000009924
3,1,,2026-07-22T10:45:48.772156,105089,21353,9408,21353,1898,21353,182,21353,12,21353,10,18103,9,1.0282571999996435
3,1,,2026-07-22T10:45:49.801808,105338,21461,9407,21461,1936,21461,172,21461,11,21461,12,18038,5,1.029275900000357
3,1,,2026-07-22T10:45:50.830428,105158,21626,9591,21626,1981,21626,166,21626,8,21626,15,17858,7,1.0282303999993019
3,1,,2026-07-22T10:45:51.860149,105298,21851,9597,21851,2020,21851,172,21851,16,21851,11,18010,11,1.0293352000007872
3,1,,2026-07-22T10:45:52.889315,105330,21469,9392,21469,1959,21469,186,21469,10,21469,5,17925,3,1.0287983000016538
3,1,,2026-07-22T10:45:53.918964,105375,21624,9520,21624,2010,21624,189,21624,8,21624,9,17973,5,1.0292980000012903
3,1,,2026-07-22T10:45:54.948011,105365,21608,9422,21608,1978,21608,190,21608,16,21608,2,17874,7,1.0286819000029936
3,1,,2026-07-22T10:45:55.977900,104898,21827,9583,21827,1911,21827,188,21827,10,21827,12,17883,9,1.02951849999954
3,1,,2026-07-22T10:45:57.006167,105070,21813,9594,21813,2027,21813,153,21813,15,21813,10,18003,4,1.0278834999990067
3,1,,2026-07-22T10:45:58.034452,105018,21680,9389,21680,1989,21680,160,21680,13,21680,11,17768,7,1.027917300001718
3,1,,2026-07-22T10:45:59.063864,105164,21607,9403,21607,1933,21607,178,21607,15,21607,5,18021,9,1.0291447000054177
3,1,,2026-07-22T10:46:00.093262,105679,21882,9722,21882,1930,21882,196,21882,10,21882,6,18290,8,1.028955900001165
3,1,,2026-07-22T10:46:01.122109,105209,21710,9496,21710,1959,21710,179,21710,11,21710,6,17739,5,1.028459200002544
3,1,,2026-07-22T10:46:02.150958,105437,21794,9568,21794,1979,21794,181,21794,10,21794,6,18036,5,1.0284666999941692
3,1,,2026-07-22T10:46:03.180702,105075,22022,9726,22022,2030,22022,213,22022,17,22022,9,18071,6,1.0294041000015568
3,1,,2026-07-22T10:46:04.210368,105583,21916,9641,21916,2005,21916,183,21916,14,21916,9,18033,3,1.0292785000056028
3,1,,2026-07-22T10:46:05.239249,105158,21573,9512,21573,1949,21573,175,21573,18,21573,12,18103,7,1.0284839000014472
3,1,,2026-07-22T10:46:06.268494,105121,21768,9413,21768,1951,21768,173,21768,11,21768,15,18067,5,1.028961200005142
3,1,,2026-07-22T10:46:07.297975,106188,21578,9538,21578,1974,21578,174,21578,7,21578,11,17881,12,1.0291365000011865
3,1,,2026-07-22T10:46:08.329222,104635,21597,9449,21597,1919,21597,203,21597,16,21597,3,18008,10,1.0308576000024914
3,1,,2026-07-22T10:46:09.358992,104925,21735,9406,21735,1945,21735,165,21735,5,21735,15,18123,7,1.029359400003159
3,1,,2026-07-22T10:46:10.388359,105549,21949,9536,21949,1889,21949,164,21949,14,21949,9,17846,9,1.0289361000031931
3,1,,2026-07-22T10:46:11.418030,104597,21707,9439,21707,1922,21707,209,21707,17,21707,6,17935,7,1.0294001000002027
3,1,,2026-07-22T10:46:12.447400,104715,21361,9300,21361,1952,21361,174,21361,9,21361,8,18002,5,1.0289889999985462
3,1,,2026-07-22T10:46:13.477918,104975,21438,9340,21438,1929,21438,191,21438,12,21438,11,17809,5,1.030116399997496
3,1,,2026-07-22T10:46:14.507941,105168,21796,9508,21796,1982,21796,176,21796,13,21796,13,18143,4,1.0296662999971886
3,1,,2026-07-22T10:46:15.537540,105507,21954,9592,21954,1984,21954,192,21954,14,21954,11,17950,3,1.0292514000029769
3,1,,2026-07-22T10:46:16.567555,104686,21521,9399,21521,1972,21521,193,21521,17,21521,7,18179,5,1.0296718000026885
3,1,,2026-07-22T10:46:17.596161,105016,21457,9316,21457,1960,21457,196,21457,12,21457,10,18025,5,1.0282964999933029
3,1,,2026-07-22T10:46:18.624985,105266,21780,9387,21780,1938,21780,192,21780,11,21780,7,17858,3,1.0284339999998338
3,1,,2026-07-22T10:46:19.653666,104537,21532,9449,21532,1971,21532,160,21532,11,21532,9,17806,5,1.0282952999987174
3,1,,2026-07-22T10:46:20.682156,105216,21810,9579,21810,1951,21810,172,21810,11,21810,8,17925,6,1.028104799996072
3,1,,2026-07-22T10:46:21.711712,104891,21788,9458,21788,1958,21788,163,21788,5,21789,7,17860,7,1.0291374000007636
3,1,,2026-07-22T10:46:22.740641,105363,21417,9416,21417,1962,21417,159,21417,12,21416,14,17836,7,1.0286160000032396
3,1,,2026-07-22T10:46:23.770391,105107,21560,9379,21560,1915,21560,170,21560,14,21560,11,18026,9,1.0294465999977547
3,1,,2026-07-22T10:46:24.799652,105487,21608,9391,21608,1886,21608,182,21608,12,21608,7,17953,9,1.028904999999213
3,1,,2026-07-22T10:46:25.829325,105268,21960,9606,21960,2017,21960,177,21960,16,21960,12,18025,10,1.0293710000041756
3,1,,2026-07-22T10:46:26.859271,105127,21652,9493,21652,1968,21652,175,21652,15,21652,9,18022,8,1.029520500000217
3,1,,2026-07-22T10:46:27.888127,104956,21603,9539,21603,1890,21603,174,21603,11,21603,11,18002,6,1.0284723000004306
3,1,,2026-07-22T10:46:28.917386,105598,21992,9745,21992,2014,21992,183,21992,10,21992,8,17941,12,1.0288854999962496
3,1,,2026-07-22T10:46:29.946284,105347,21524,9444,21524,1870,21524,178,21524,10,21524,7,17995,9,1.0285837999981595
3,1,,2026-07-22T10:46:30.976664,104770,21876,9575,21876,1959,21876,177,21876,6,21876,9,17832,11,1.030026899999939
3,1,,2026-07-22T10:46:32.006379,105033,21876,9560,21876,2010,21876,172,21876,14,21876,14,17726,4,1.0293243999985862
3,1,,2026-07-22T10:46:33.035296,104946,21534,9332,21534,1926,21534,165,21534,15,21534,13,18054,11,1.028548000002047
3,1,,2026-07-22T10:46:34.063647,105308,21807,9642,21807,2016,21807,194,21807,9,21807,15,17836,9,1.0279888000004576
3,1,,2026-07-22T10:46:35.093613,104763,21288,9419,21288,1923,21288,152,21288,11,21288,8,18070,8,1.0296040000030189
3,1,,2026-07-22T10:46:36.122559,105304,21734,9438,21734,1910,21734,190,21734,11,21734,7,18079,4,1.0285576000023866
3,1,,2026-07-22T10:46:37.150529,105368,21422,9318,21422,1952,21422,165,21422,11,21422,11,17824,4,1.0276305999941542
3,1,,2026-07-22T10:46:38.177552,104757,21566,9529,21566,2010,21566,182,21566,9,21566,9,18023,8,1.0267986999970162
3,1,,2026-07-22T10:46:39.206153,104853,21909,9637,21909,1983,21909,175,21909,14,21909,10,18134,3,1.028342400000838
3,1,,2026-07-22T10:46:40.235438,105151,21615,9431,21615,1927,21615,177,21615,12,21615,9,18066,7,1.0289401000045473
3,1,,2026-07-22T10:46:41.262940,105095,21495,9378,21495,1945,21495,166,21495,13,21495,15,17796,8,1.0271438999989186
3,1,,2026-07-22T10:46:42.291821,105163,21629,9426,21629,1966,21629,175,21629,10,21629,13,17970,5,1.0286169999963022
3,1,,2026-07-22T10:46:43.321145,105629,21793,9516,21793,1928,21793,167,21793,18,21793,7,18112,8,1.0288962999984506
3,1,,2026-07-22T10:46:44.350471,104445,21552,9303,21552,1936,21552,213,21552,11,21552,9,18179,7,1.0289530000009108
3,1,,2026-07-22T10:46:45.377847,105064,21805,9493,21805,1989,21805,178,21805,9,21805,11,17899,6,1.0270010000022012
3,1,,2026-07-22T10:46:46.406988,103976,21448,9240,21448,1935,21448,195,21448,14,21448,13,18023,10,1.0287905000004685
3,1,,2026-07-22T10:46:47.436514,105534,21489,9284,21489,1922,21489,170,21489,7,21489,8,18003,6,1.0292317000057665
3,1,,2026-07-22T10:46:48.465682,105218,21631,9557,21631,1952,21631,181,21631,8,21631,7,18054,11,1.0288119000033475
3,1,,2026-07-22T10:46:49.494905,105494,21806,9434,21806,2057,21806,164,21806,9,21806,10,17933,11,1.0288727000006475
3,1,,2026-07-22T10:46:50.524263,105001,21771,9497,21771,1957,21771,172,21771,13,21771,10,17833,9,1.029064099995594
3,1,,2026-07-22T10:46:51.553913,104850,21644,9487,21644,2015,21644,188,21644,10,21644,7,18154,8,1.0292880999986664
3,1,,2026-07-22T10:46:52.582841,104709,21517,9490,21517,1899,21517,191,21517,11,21517,9,17985,8,1.028598700002476
3,1,,2026-07-22T10:46:53.612075,105705,21875,9514,21875,1972,21875,160,21875,13,21875,10,18116,13,1.028815500001656
3,1,,2026-07-22T10:46:54.640970,104370,21747,9445,21747,1954,21747,182,21747,4,21747,13,17851,9,1.0285103999995044
3,1,,2026-07-22T10:46:55.669941,105028,21545,9573,21545,1876,21545,186,21545,14,21545,7,18134,8,1.0286204000003636
3,1,,2026-07-22T10:46:56.698855,105272,21632,9518,21632,1994,21632,187,21632,16,21632,6,18177,5,1.0285388000047533
3,1,,2026-07-22T10:46:57.726577,104707,21536,9457,21536,1949,21536,167,21536,13,21536,14,17796,5,1.027379799998016
3,1,,2026-07-22T10:46:58.753386,104957,21390,9319,21390,1954,21390,182,21390,9,21390,15,18176,3,1.0266116999991937
3,1,,2026-07-22T10:46:59.782167,105237,21413,9399,21413,1945,21413,161,21413,12,21413,13,17992,10,1.0284717999966233
3,1,,2026-07-22T10:47:00.809887,104536,21529,9375,21529,2032,21529,211,21529,8,21529,11,17986,4,1.0273881999964942
3,1,,2026-07-22T10:47:01.837583,104548,21616,9367,21616,1922,21616,205,21616,11,21616,12,17964,8,1.0274119999958202
3,1,,2026-07-22T10:47:02.865528,104702,21629,9411,21629,1926,21629,155,21629,14,21629,12,18023,5,1.0276903999983915
3,1,,2026-07-22T10:47:03.894799,105602,21924,9662,21924,1870,21924,186,21924,8,21924,13,18015,6,1.0289725999973598
3,1,,2026-07-22T10:47:04.922494,105058,21639,9477,21639,1985,21639,179,21639,14,21639,12,18277,6,1.0273635999983526
3,1,,2026-07-22T10:47:05.950862,105031,21586,9609,21586,1966,21586,170,21586,10,21586,8,18152,6,1.0281188000008115
3,1,,2026-07-22T10:47:06.979232,105631,21868,9677,21868,1967,21868,160,21868,16,21868,12,18107,9,1.0279959000035888
3,1,,2026-07-22T10:47:08.007324,105733,21801,9625,21801,1961,21801,196,21801,13,21801,11,17928,10,1.0277389000038966
3,1,,2026-07-22T10:47:09.036073,104684,21421,9313,21421,1991,21421,198,21421,7,21421,14,17929,9,1.0284222999980557
3,1,,2026-07-22T10:47:10.065497,105200,21445,9345,21445,1956,21445,164,21445,15,21445,15,18186,9,1.0291252000024542
3,1,,2026-07-22T10:47:11.092265,105375,21854,9402,21854,1986,21854,179,21854,10,21854,8,18126,8,1.026406600001792
3,1,,2026-07-22T10:47:12.120833,104808,21444,9422,21444,1880,21445,169,21445,11,21445,7,17885,10,1.0282272000040393
3,1,,2026-07-22T10:47:13.150663,105082,21677,9562,21677,1982,21676,165,21676,10,21676,9,18097,8,1.0294413000010536
3,1,,2026-07-22T10:47:14.180030,105167,21943,9506,21943,2054,21943,183,21943,10,21943,9,18008,9,1.02897550000489
3,1,,2026-07-22T10:47:15.210214,105251,21521,9451,21521,1867,21521,172,21521,13,21521,6,18146,11,1.0298344999973779
3,1,,2026-07-22T10:47:16.240344,104973,21898,9623,21898,1914,21898,173,21898,18,21898,12,18046,2,1.029865600001358
3,1,,2026-07-22T10:47:17.269704,105689,21962,9580,21962,2015,21962,151,21962,6,21962,11,18048,8,1.0290002999972785
3,1,,2026-07-22T10:47:18.298415,104723,21556,9470,21556,1987,21556,197,21556,14,21556,7,18125,8,1.0283554999987246
3,1,,2026-07-22T10:47:19.328327,105373,21692,9407,21692,1952,21692,176,21692,8,21692,10,17953,4,1.0295566999993753
3,1,,2026-07-22T10:47:20.357268,105856,21474,9379,21474,1916,21474,186,21474,9,21474,9,18076,9,1.0285216999982367
3,1,,2026-07-22T10:47:21.386554,105440,21745,9653,21745,1951,21745,178,21745,9,21745,12,18063,12,1.028897700001835
3,1,,2026-07-22T10:47:22.415210,105287,21890,9652,21890,1981,21890,184,21890,10,21890,8,18175,4,1.0282846000045538
3,1,,2026-07-22T10:47:23.445128,104945,21691,9610,21691,1939,21691,179,21691,10,21691,14,17824,9,1.0296239000017522
3,1,,2026-07-22T10:47:24.473673,105385,21728,9465,21729,1971,21729,181,21729,9,21729,7,17892,4,1.0281439000027603
3,1,,2026-07-22T10:47:25.503256,105279,21691,9582,21690,1915,21690,202,21690,10,21690,8,17780,4,1.029236200003652
3,1,,2026-07-22T10:47:26.530969,105394,21465,9254,21465,1954,21465,174,21465,8,21465,9,17843,7,1.0273799000060535
3,1,,2026-07-22T10:47:27.558006,105411,21417,9400,21417,1937,21417,172,21417,14,21417,14,18212,5,1.0268215999967651
3,1,,2026-07-22T10:47:28.586799,104997,21950,9655,21950,1996,21950,179,21950,14,21950,6,18232,6,1.028460300003644
3,1,,2026-07-22T10:47:29.616157,105185,21955,9682,21955,1992,21955,165,21955,13,21955,11,18010,9,1.0289985999988858
3,1,,2026-07-22T10:47:30.644175,105614,21697,9456,21697,1879,21697,180,21697,10,21697,10,18001,10,1.0276310999979614
3,1,,2026-07-22T10:47:31.674365,105134,21865,9616,21865,1931,21865,174,21865,15,21865,8,17880,8,1.0298897999964538
3,1,,2026-07-22T10:47:32.701814,105327,21688,9625,21688,1937,21688,192,21688,12,21688,8,18218,8,1.0269861000051606
3,1,,2026-07-22T10:47:33.730447,105369,21793,9658,21793,1889,21793,172,21793,8,21793,9,18237,6,1.0283434000011766
3,1,,2026-07-22T10:47:34.758765,104867,21885,9521,21885,2012,21885,184,21885,16,21885,8,18008,4,1.028002799997921
3,1,,2026-07-22T10:47:35.786192,105451,21702,9440,21702,1937,21702,190,21702,10,21702,18,18179,8,1.0270381000009365
3,1,,2026-07-22T10:47:36.813187,105157,21799,9639,21799,1876,21799,202,21799,6,21799,9,18035,7,1.0267870999959996
3,1,,2026-07-22T10:47:37.840651,105108,21504,9433,21504,1977,21504,168,21504,13,21504,16,17801,4,1.0272333999964758
3,1,,2026-07-22T10:47:38.868899,104534,21456,9350,21456,1942,21456,143,21456,7,21456,11,18088,4,1.0279585999960545
3,1,,2026-07-22T10:47:39.898020,105810,21938,9688,21938,1958,21938,180,21938,17,21938,14,18225,13,1.0287314000015613
3,1,,2026-07-22T10:47:40.926519,104499,21515,9252,21515,1944,21515,178,21515,12,21515,11,17954,10,1.0281733000010718
3,1,,2026-07-22T10:47:41.955941,104940,21603,9496,21603,1971,21603,177,21603,11,21603,13,18024,9,1.0290406999993138
3,1,,2026-07-22T10:47:42.985519,105508,21746,9539,21746,2005,21746,182,21746,14,21746,5,18130,8,1.0292163000049186
3,1,,2026-07-22T10:47:44.013249,105501,21740,9595,21740,1981,21740,188,21740,16,21740,11,17943,11,1.0273654000047827
3,1,,2026-07-22T10:47:45.042924,105326,21555,9325,21555,1971,21555,182,21555,12,21555,9,17904,1,1.0292952999952831
3,1,,2026-07-22T10:47:46.071927,104882,21694,9433,21694,2041,21694,167,21694,15,21694,11,18105,9,1.0286555000056978
3,1,,2026-07-22T10:47:47.101513,105420,21671,9596,21671,1975,21671,185,21671,12,21671,10,18143,8,1.029234899993753
3,1,,2026-07-22T10:47:48.130096,104622,21559,9462,21559,1913,21559,193,21559,4,21559,7,18140,4,1.0281929999982822
3,1,,2026-07-22T10:47:49.157273,105250,21715,9591,21715,1939,21715,176,21715,10,21715,7,17894,6,1.0268441000007442
3,1,,2026-07-22T10:47:50.184438,105861,21609,9532,21609,1875,21609,180,21609,13,21609,8,18186,5,1.026924700003292
3,1,,2026-07-22T10:47:51.211841,105323,21564,9434,21564,1959,21564,151,21564,14,21564,18,18141,4,1.0271321999971406
3,1,,2026-07-22T10:47:52.241609,104604,21561,9576,21561,1969,21561,172,21561,9,21561,10,17923,11,1.0295571999959066
3,1,,2026-07-22T10:47:53.270453,104618,21568,9490,21568,1919,21568,182,21568,11,21568,9,18165,6,1.0284507000033045
3,1,,2026-07-22T10:47:54.297988,105007,21533,9376,21533,2050,21533,160,21533,3,21533,8,18148,5,1.0272052999935113
3,1,,2026-07-22T10:47:55.325911,105205,21437,9416,21437,1928,21437,154,21437,12,21437,13,18087,7,1.0276584000021103
3,1,,2026-07-22T10:47:56.355325,104799,21641,9441,21641,1870,21641,188,21641,15,21641,9,17995,9,1.029045800001768
3,1,,2026-07-22T10:47:57.381841,104902,21874,9531,21874,2012,21874,172,21874,9,21874,8,17896,5,1.0262689000010141
3,1,,2026-07-22T10:47:58.410427,105359,21843,9596,21843,1952,21843,178,21843,16,21843,14,18040,8,1.0282272000040393
3,1,,2026-07-22T10:47:59.439892,105097,21677,9393,21677,1963,21677,174,21677,8,21677,13,18093,7,1.0291864000028
3,1,,2026-07-22T10:48:00.467743,105811,21682,9549,21682,2013,21682,178,21682,8,21682,16,18013,5,1.0275134000039543
3,1,,2026-07-22T10:48:01.496833,105207,21865,9402,21865,1924,21865,205,21865,8,21865,8,17976,1,1.0288436999981059
3,1,,2026-07-22T10:48:02.526367,104974,21471,9381,21471,2000,21471,192,21471,12,21471,21,18018,4,1.0291492000033031
3,1,,2026-07-22T10:48:03.554617,104880,21639,9371,21639,2046,21639,199,21639,12,21639,18,18086,7,1.0278652999986662
3,1,,2026-07-22T10:48:04.581017,104787,21689,9358,21689,2021,21689,169,21689,13,21689,10,18058,5,1.0261442000046372
3,1,,2026-07-22T10:48:05.608338,105175,21708,9346,21708,2000,21708,179,21708,8,21708,15,17869,8,1.0270764000015333
3,1,,2026-07-22T10:48:06.635814,105472,21594,9554,21594,1997,21594,177,21594,7,21594,13,17963,9,1.0271034999968833
3,1,,2026-07-22T10:48:07.663400,105605,21805,9499,21805,1947,21805,172,21805,11,21805,16,17932,11,1.0273340999992797
3,1,,2026-07-22T10:48:08.690174,104940,21384,9432,21384,1949,21384,192,21384,10,21384,8,17791,7,1.0265798000036739
3,1,,2026-07-22T10:48:09.719119,105042,21641,9613,21641,1936,21641,189,21641,11,21641,15,18000,10,1.0287270000044373
3,1,,2026-07-22T10:48:10.748714,104089,21363,9230,21363,2001,21363,176,21363,12,21363,16,18047,9,1.0293880000026547
3,1,,2026-07-22T10:48:11.778025,105455,21412,9283,21412,1947,21412,168,21412,15,21412,14,18031,9,1.028894399998535
3,1,,2026-07-22T10:48:12.806077,105453,21897,9495,21897,2030,21897,163,21897,12,21897,14,18077,12,1.0277382999993279
3,1,,2026-07-22T10:48:13.835037,105001,21953,9579,21953,2029,21953,180,21953,11,21953,8,17974,7,1.0285856999980751
3,1,,2026-07-22T10:48:14.863122,105295,21668,9515,21668,1986,21668,165,21668,8,21668,7,18030,7,1.0277397000027122
3,1,,2026-07-22T10:48:15.891815,105122,21670,9610,21670,1881,21670,158,21670,8,21670,4,18002,13,1.028348800005915
3,1,,2026-07-22T10:48:16.919241,105210,21736,9518,21736,1907,21736,194,21736,20,21736,5,17764,12,1.0271586999951978
3,1,,2026-07-22T10:48:17.946684,105105,21712,9490,21712,1975,21712,185,21712,12,21712,13,17870,8,1.0272775999983423
3,1,,2026-07-22T10:48:18.975554,104855,21524,9322,21524,1965,21524,189,21524,14,21524,9,17856,10,1.0286728999999468
3,1,,2026-07-22T10:48:20.004117,105386,21806,9454,21806,2052,21806,175,21806,16,21806,7,18219,8,1.0281796999988728
3,1,,2026-07-22T10:48:21.031323,104601,21674,9382,21674,1912,21674,183,21674,9,21674,6,18008,8,1.0269072000010055
3,1,,2026-07-22T10:48:22.058631,105236,21645,9388,21645,1965,21645,192,21645,14,21645,11,18066,9,1.0270228000008501
3,1,,2026-07-22T10:48:23.085838,104894,21788,9425,21788,1960,21788,184,21788,14,21788,8,18021,6,1.0268490000016754
3,1,,2026-07-22T10:48:24.114277,105123,21779,9744,21779,1978,21779,170,21779,16,21779,10,17952,12,1.028210800002853
3,1,,2026-07-22T10:48:25.144537,105002,21693,9420,21693,1954,21693,165,21693,14,21693,7,18182,6,1.0298240000047372
3,1,,2026-07-22T10:48:26.172876,105073,21675,9446,21675,1983,21676,185,21676,14,21676,8,18107,8,1.0279589999991003
3,1,,2026-07-22T10:48:27.201478,105243,21720,9508,21720,2000,21719,193,21719,11,21719,9,17896,9,1.0282739999965997
3,1,,2026-07-22T10:48:28.230357,104930,21623,9493,21623,1940,21623,166,21623,5,21623,6,18017,12,1.0285518000018783
3,1,,2026-07-22T10:48:29.257330,104452,21500,9440,21500,1834,21500,177,21500,8,21500,11,17996,8,1.0266319000002113
3,1,,2026-07-22T10:48:30.283908,104851,21484,9489,21484,1866,21484,177,21484,12,21484,10,18199,5,1.0263395000001765
3,1,,2026-07-22T10:48:31.310985,105310,21674,9598,21674,1975,21674,156,21675,8,21675,7,18155,7,1.0268615000022692
3,1,,2026-07-22T10:48:32.339328,104881,21776,9554,21776,1992,21776,180,21775,13,21775,9,17935,10,1.0281615999992937
3,1,,2026-07-22T10:48:33.368591,105213,21776,9544,21776,1975,21776,178,21776,7,21776,14,17972,9,1.0288310999967507
3,1,,2026-07-22T10:48:34.397382,105627,21858,9521,21858,1986,21858,187,21858,13,21858,11,17943,11,1.0283884000018588
3,1,,2026-07-22T10:48:35.425018,105733,21979,9581,21979,1978,21979,187,21979,8,21979,10,18052,6,1.0273182000019005
3,1,,2026-07-22T10:48:36.454362,104680,21466,9344,21466,1905,21466,182,21466,14,21466,12,17973,7,1.0289879000047222
3,1,,2026-07-22T10:48:37.483147,104968,21739,9502,21739,2035,21739,180,21739,6,21739,16,17812,10,1.0284028000023682
3,1,,2026-07-22T10:48:38.512958,104820,21551,9430,21551,1924,21551,187,21551,12,21551,10,18103,3,1.0294494999980088
3,1,,2026-07-22T10:48:39.542669,105577,21847,9602,21847,2040,21847,176,21847,14,21847,15,17933,9,1.0293356999973184
3,1,,2026-07-22T10:48:40.571546,105090,21566,9535,21566,1926,21566,175,21566,11,21566,16,18202,7,1.0284947000036482
3,1,,2026-07-22T10:48:41.601605,104725,21716,9486,21716,2040,21716,189,21716,7,21716,12,18102,8,1.0296831000014208
3,1,,2026-07-22T10:48:42.630541,105178,21908,9650,21908,1943,21908,181,21908,6,21908,12,18224,8,1.0285545000006096
3,1,,2026-07-22T10:48:43.658439,104538,21268,9205,21268,1953,21268,180,21268,15,21268,11,18046,7,1.0275274000014178
3,1,,2026-07-22T10:48:44.688018,104820,21774,9485,21774,1959,21774,191,21775,8,21775,12,18021,9,1.029238399998576
3,1,,2026-07-22T10:48:45.716913,104946,21635,9525,21635,1882,21635,179,21634,7,21634,11,18105,4,1.0285322999989148
3,1,,2026-07-22T10:48:46.746354,105066,21660,9578,21660,1980,21660,164,21660,13,21660,8,18049,5,1.0290348999988055
3,1,,2026-07-22T10:48:47.775530,104982,21753,9410,21753,1991,21753,164,21753,5,21753,8,17931,7,1.0287982000008924
3,1,,2026-07-22T10:48:48.803350,105303,21472,9419,21472,1953,21472,167,21472,9,21472,6,18045,6,1.0274376000015764
3,1,,2026-07-22T10:48:49.832376,105282,21440,9320,21440,1935,21440,179,21440,9,21440,11,17989,7,1.0287490999980946
3,1,,2026-07-22T10:48:50.860207,105178,21941,9582,21941,1948,21941,182,21941,10,21941,6,18154,9,1.0275166999999783
3,1,,2026-07-22T10:48:51.889571,104660,21681,9398,21681,1926,21681,193,21681,17,21681,12,18092,4,1.0289530000009108
3,1,,2026-07-22T10:48:52.918646,105235,21718,9583,21718,1954,21718,178,21718,13,21718,13,18020,7,1.0287260000040988
3,1,,2026-07-22T10:48:53.947927,105412,21636,9520,21636,1922,21636,176,21636,12,21636,11,18258,8,1.028909399996337
3,1,,2026-07-22T10:48:54.976503,104752,21763,9483,21763,1934,21763,164,21763,15,21763,7,18055,10,1.028204000002006
3,1,,2026-07-22T10:48:56.006422,104581,21624,9462,21624,1906,21624,147,21624,11,21624,7,18006,9,1.0295702000003075
3,1,,2026-07-22T10:48:57.035471,105382,21631,9489,21631,1952,21631,174,21631,11,21631,9,18442,5,1.0286355999996886
3,1,,2026-07-22T10:48:58.064923,105395,21603,9412,21603,1949,21603,167,21603,17,21603,7,17909,6,1.029059700005746
3,1,,2026-07-22T10:48:59.093433,105063,21796,9543,21796,2055,21796,186,21796,7,21796,7,18067,14,1.028244099994481
3,1,,2026-07-22T10:49:00.122123,105342,21720,9591,21720,2003,21720,161,21720,11,21720,10,18147,10,1.0282898000004934
3,1,,2026-07-22T10:49:01.151705,105862,21719,9537,21719,1901,21719,202,21719,5,21719,11,17968,8,1.0292147000000114
3,1,,2026-07-22T10:49:02.180739,105294,21626,9520,21626,1938,21626,202,21626,10,21626,8,18000,9,1.0286506000047666
3,1,,2026-07-22T10:49:03.210629,105429,21635,9548,21635,1911,21635,169,21635,15,21635,8,18219,11,1.0295112999956473
3,1,,2026-07-22T10:49:04.240190,105830,21543,9447,21543,1940,21543,187,21543,8,21543,9,17986,8,1.0291719000015291
3,1,,2026-07-22T10:49:05.268992,105443,21863,9541,21863,1994,21863,175,21863,12,21863,11,17970,7,1.028350299995509
3,1,,2026-07-22T10:49:06.297386,105180,21848,9586,21848,1999,21848,160,21848,12,21848,6,18061,7,1.0280698999995366
3,1,,2026-07-22T10:49:07.327264,105121,21674,9494,21674,1892,21674,175,21674,13,21674,12,17706,8,1.0294528000013088
3,1,,2026-07-22T10:49:08.355949,104880,21672,9554,21672,1938,21672,180,21672,19,21672,5,17782,9,1.0282327999957488
3,1,,2026-07-22T10:49:09.384887,105084,21773,9576,21773,1966,21773,181,21773,14,21773,12,17918,7,1.0285527000014554
3,1,,2026-07-22T10:49:10.413407,104514,21612,9348,21612,2007,21612,195,21612,7,21612,10,18207,9,1.0281688999966718
3,1,,2026-07-22T10:49:11.442830,105198,21953,9543,21953,2054,21953,190,21953,10,21953,9,17917,7,1.0290549999990617
3,1,,2026-07-22T10:49:12.472271,105181,21793,9552,21793,1903,21793,176,21793,9,21793,9,18144,8,1.029007700002694
3,1,,2026-07-22T10:49:13.501433,105237,21548,9525,21548,1962,21548,178,21548,14,21548,14,18022,7,1.0287839000011445
3,1,,2026-07-22T10:49:14.530353,104834,21542,9406,21542,1975,21542,189,21542,7,21542,13,18260,7,1.0285442000022158
3,1,,2026-07-22T10:49:15.559242,105278,21797,9524,21797,2034,21797,155,21797,13,21797,9,18039,4,1.0285304000062752
3,1,,2026-07-22T10:49:16.588400,105719,21615,9573,21615,1920,21615,173,21615,19,21615,6,17948,5,1.0288203999953112
3,1,,2026-07-22T10:49:17.617287,105103,21817,9560,21817,1953,21817,180,21817,10,21817,10,18161,5,1.0285528000022168
3,1,,2026-07-22T10:49:18.645979,104837,21514,9377,21514,1964,21514,155,21514,10,21514,10,17973,4,1.028285299995332
3,1,,2026-07-22T10:49:19.675294,105819,21679,9373,21679,1991,21680,167,21680,10,21680,13,17889,4,1.0288233000028413
3,1,,2026-07-22T10:49:20.704124,104765,21599,9443,21599,1969,21598,171,21598,10,21598,9,17981,10,1.0282898000004934
3,1,,2026-07-22T10:49:21.732970,104815,21807,9521,21807,1963,21807,171,21807,9,21807,10,17934,6,1.0284901000050013
3,1,,2026-07-22T10:49:22.761314,105563,21517,9344,21517,1964,21517,178,21517,15,21517,13,18147,9,1.0279874999978347
3,1,,2026-07-22T10:49:23.789731,104783,21493,9441,21493,1910,21493,167,21493,12,21493,7,18110,4,1.0280549000017345
3,1,,2026-07-22T10:49:24.818842,105133,21766,9439,21766,2002,21766,187,21766,11,21766,9,17945,10,1.0288701999961631
3,1,,2026-07-22T10:49:25.847952,104492,21440,9335,21440,1985,21440,160,21440,4,21440,10,18125,5,1.0287208000008832
3,1,,2026-07-22T10:49:26.877628,105236,21612,9632,21612,1967,21612,158,21612,12,21612,16,18143,4,1.0293058999959612
3,1,,2026-07-22T10:49:27.907246,104665,21561,9586,21561,1952,21561,163,21561,12,21561,12,17945,7,1.0292374000055133
3,1,,2026-07-22T10:49:28.936245,105456,21829,9566,21829,2008,21829,170,21829,8,21829,9,18092,5,1.0286825000002864
3,1,,2026-07-22T10:49:29.965902,104405,21406,9410,21406,1933,21406,185,21406,13,21406,9,17864,10,1.0293097000030684
3,1,,2026-07-22T10:49:30.995591,105037,21389,9357,21389,1969,21389,180,21389,12,21389,8,17921,4,1.029274799999257
3,1,,2026-07-22T10:49:32.025887,104816,21870,9579,21870,1969,21870,169,21870,13,21870,12,17892,7,1.0299231000026339
3,1,,2026-07-22T10:49:33.055391,104889,21785,9607,21785,2012,21785,185,21785,8,21785,7,17864,8,1.0291389999983949
3,1,,2026-07-22T10:49:34.085263,105165,21657,9505,21657,1991,21657,189,21657,6,21657,13,18169,11,1.0293992000006256
3,1,,2026-07-22T10:49:35.113376,104956,21681,9509,21681,1953,21681,177,21681,8,21681,11,17771,9,1.0277704000036465
3,1,,2026-07-22T10:49:36.143455,104949,21833,9610,21833,1951,21833,176,21833,16,21833,7,17967,9,1.0297581999984686
3,1,,2026-07-22T10:49:37.173243,105488,21622,9406,21622,2018,21622,180,21622,15,21622,16,18138,8,1.0294453999958932
3,1,,2026-07-22T10:49:38.202045,105709,21838,9502,21838,1970,21838,162,21838,12,21838,7,18180,15,1.0284070000052452
3,1,,2026-07-22T10:49:39.231372,104712,21693,9544,21693,2011,21693,179,21693,8,21693,10,17881,10,1.0289563999976963
3,1,,2026-07-22T10:49:40.260997,105438,21666,9446,21666,1980,21666,185,21666,13,21666,10,18110,7,1.0292453000001842
3,1,,2026-07-22T10:49:41.289667,105160,21578,9362,21578,1903,21578,179,21578,16,21578,7,17854,7,1.0282628999993904
3,1,,2026-07-22T10:49:42.318868,105107,21706,9422,21706,2107,21706,161,21706,7,21706,15,17988,4,1.0288134999937029
3,1,,2026-07-22T10:49:43.348635,105252,21894,9500,21894,1961,21894,180,21894,7,21894,12,17996,11,1.0293913999994402
3,1,,2026-07-22T10:49:44.378232,105139,21758,9594,21758,1890,21758,164,21758,12,21758,12,18076,8,1.0292217000023811
3,1,,2026-07-22T10:49:45.406633,105024,21626,9562,21626,1936,21626,168,21626,9,21626,9,18210,8,1.0280217000035918
3,1,,2026-07-22T10:49:46.436313,104695,21875,9546,21875,2038,21875,206,21875,4,21875,14,17688,12,1.0293012999973143
3,1,,2026-07-22T10:49:47.465092,104894,21803,9598,21803,1917,21803,159,21803,9,21803,8,18086,7,1.0284105999962776
3,1,,2026-07-22T10:49:48.495282,105248,21433,9425,21433,1984,21433,173,21433,16,21433,11,18097,7,1.0297989000027883
3,1,,2026-07-22T10:49:49.525019,105674,21605,9526,21605,1907,21605,161,21605,15,21605,14,18029,4,1.0293763000008767
3,1,,2026-07-22T10:49:50.553752,105079,21546,9386,21546,1935,21546,163,21546,6,21546,12,17847,9,1.028371899999911
3,1,,2026-07-22T10:49:51.583518,104924,21707,9518,21707,1966,21707,182,21707,9,21707,12,18030,6,1.0294131000046036
3,1,,2026-07-22T10:49:52.612332,104677,21779,9461,21779,2004,21779,167,21779,16,21779,7,17873,6,1.028447500000766
3,1,,2026-07-22T10:49:53.642422,104662,21665,9544,21665,1895,21665,193,21665,8,21665,9,18099,4,1.0296422000028542
3,1,,2026-07-22T10:49:54.671978,105130,21820,9561,21820,1969,21820,183,21820,7,21820,10,18123,6,1.0291975999934948
3,1,,2026-07-22T10:49:55.700645,105144,21756,9455,21756,2013,21756,205,21756,12,21756,6,17916,9,1.0282111999986228
3,1,,2026-07-22T10:49:56.730214,105043,21583,9230,21583,1997,21583,182,21583,7,21583,13,18393,5,1.0292176000002655
3,1,,2026-07-22T10:49:57.760364,104956,21714,9612,21714,1899,21714,194,21714,12,21714,10,18122,12,1.0298827000005986
3,1,,2026-07-22T10:49:58.789417,104946,21653,9479,21653,1973,21654,202,21654,15,21654,10,17942,5,1.0286668000044301
3,1,,2026-07-22T10:49:59.818256,104768,21342,9464,21342,1895,21341,184,21341,9,21341,15,18196,9,1.0285380999994231
3,1,,2026-07-22T10:50:00.846608,104987,21689,9354,21689,2015,21689,173,21689,8,21689,4,17842,4,1.0280031000002054
3,1,,2026-07-22T10:50:01.876291,105400,21911,9505,21911,1979,21911,183,21911,17,21911,13,18014,7,1.029218800002127
3,1,,2026-07-22T10:50:02.905389,104730,21858,9523,21858,2051,21858,167,21858,12,21858,7,17818,7,1.0287000999960583
3,1,,2026-07-22T10:50:03.934042,104888,21767,9562,21767,1927,21767,155,21767,9,21767,5,17964,8,1.0282828999988851
3,1,,2026-07-22T10:50:04.963120,105514,21570,9520,21570,1920,21570,182,21570,10,21570,10,18117,13,1.0287192999967374
3,1,,2026-07-22T10:50:05.992264,105094,21686,9396,21686,1957,21686,182,21686,11,21686,5,18065,8,1.0287615000052028
3,1,,2026-07-22T10:50:07.021238,104745,21707,9399,21707,1943,21707,180,21707,15,21707,4,17880,5,1.0285781000056886
3,1,,2026-07-22T10:50:08.049036,104792,21576,9434,21576,1953,21576,185,21576,8,21576,9,17926,7,1.0275079999992158
3,1,,2026-07-22T10:50:09.078110,104468,21553,9274,21553,1965,21553,181,21553,10,21553,11,17798,8,1.0286924999963958
3,1,,2026-07-22T10:50:10.108347,104936,22014,9638,22014,2079,22014,183,22014,13,22014,13,17929,6,1.0298595000058413
3,1,,2026-07-22T10:50:11.137078,105102,21457,9312,21457,1941,21458,168,21458,9,21458,10,17947,11,1.0282870000010007
3,1,,2026-07-22T10:50:12.166665,104642,21778,9408,21778,2026,21777,166,21777,4,21777,10,17766,5,1.0292744999969727
3,1,,2026-07-22T10:50:13.195522,104960,21732,9545,21732,1969,21732,180,21732,13,21732,7,17927,5,1.02848190000077
3,1,,2026-07-22T10:50:14.225448,105355,21887,9628,21887,2024,21887,185,21887,11,21887,12,17854,4,1.0295342999961576
3,1,,2026-07-22T10:50:15.254940,105107,21618,9389,21618,1872,21618,194,21618,11,21618,7,18030,9,1.0291671000013594
3,1,,2026-07-22T10:50:16.284156,104975,21869,9571,21869,1975,21869,198,21869,12,21869,7,18042,5,1.0288493999978527
3,1,,2026-07-22T10:50:17.313391,105020,21650,9412,21650,1943,21650,157,21650,16,21650,10,17951,10,1.0288632000010693
3,1,,2026-07-22T10:50:18.343658,105279,21539,9457,21539,1918,21539,151,21539,10,21539,7,18081,6,1.0298833999986527
3,1,,2026-07-22T10:50:19.371938,105135,21672,9456,21672,1899,21672,164,21672,13,21672,16,17845,3,1.0279060999964713
3,1,,2026-07-22T10:50:20.400498,104764,21531,9515,21531,1938,21531,187,21531,9,21531,9,18127,9,1.028168699995149
3,1,,2026-07-22T10:50:21.429181,105181,21397,9357,21397,1901,21397,169,21397,10,21397,11,18040,4,1.028307799999311
3,1,,2026-07-22T10:50:22.458664,104961,21992,9632,21992,1981,21992,179,21992,11,21992,14,18146,11,1.029095199999574
3,1,,2026-07-22T10:50:23.487158,105042,21855,9479,21855,2062,21855,191,21855,9,21855,7,17921,4,1.0281383999972604
3,1,,2026-07-22T10:50:24.516478,104528,21438,9423,21438,1924,21438,179,21438,14,21438,6,17961,8,1.0289611000043806
3,1,,2026-07-22T10:50:25.545410,105401,21637,9470,21637,1925,21637,171,21637,20,21637,13,18377,11,1.0285596999965492
3,1,,2026-07-22T10:50:26.574832,105136,21628,9406,21628,1979,21628,187,21628,15,21628,7,17981,8,1.0290363999956753
3,1,,2026-07-22T10:50:27.604163,105408,21524,9584,21524,1902,21524,162,21524,14,21524,6,18102,9,1.0289909999992233
3,1,,2026-07-22T10:50:28.632689,105001,21750,9456,21750,1991,21750,179,21750,16,21750,15,17797,13,1.0281429000024218
3,1,,2026-07-22T10:50:29.661477,104566,21693,9455,21693,1889,21693,188,21693,9,21693,14,18121,9,1.0283940000008442
3,1,,2026-07-22T10:50:30.691225,105277,21490,9388,21490,1999,21490,175,21490,10,21490,12,18080,14,1.0293585999970674
3,1,,2026-07-22T10:50:31.721092,104975,21464,9302,21464,1973,21464,172,21464,13,21464,15,17964,8,1.0294639999992796
3,1,,2026-07-22T10:50:32.751950,105241,21832,9541,21832,1925,21832,155,21832,12,21832,7,18056,7,1.0304627000004984
3,1,,2026-07-22T10:50:33.781419,105303,21604,9548,21604,1918,21604,178,21604,12,21604,4,18070,4,1.0290314000012586
3,1,,2026-07-22T10:50:34.809797,105028,21773,9579,21773,2008,21773,194,21773,15,21773,11,18167,7,1.0281142000021646
3,1,,2026-07-22T10:50:35.839298,104966,21740,9508,21740,1916,21740,190,21740,13,21740,7,18015,7,1.029145200001949
3,1,,2026-07-22T10:50:36.866716,104908,21811,9579,21811,1968,21811,189,21811,12,21811,12,17832,8,1.027053400001023
3,1,,2026-07-22T10:50:37.895916,104322,21455,9329,21455,2025,21455,156,21455,10,21455,9,18197,7,1.02888140000141
3,1,,2026-07-22T10:50:38.924554,105613,21840,9539,21840,2008,21840,189,21840,15,21840,12,18095,6,1.0282805999959237
3,1,,2026-07-22T10:50:39.953052,105074,21568,9435,21568,1955,21568,167,21568,13,21568,15,17890,6,1.0282013999967603
3,1,,2026-07-22T10:50:40.981514,104999,21624,9335,21624,1998,21624,186,21624,15,21624,12,18051,10,1.0282458000001498
3,1,,2026-07-22T10:50:42.009635,105214,21697,9506,21697,1924,21697,189,21697,10,21697,6,18023,6,1.0278411999970558
3,1,,2026-07-22T10:50:43.037116,105020,21846,9579,21846,1948,21846,168,21846,11,21846,9,17807,8,1.0272366999997757
3,1,,2026-07-22T10:50:44.065422,105200,21789,9539,21789,1992,21789,177,21789,7,21789,9,17842,6,1.0281388999937917
3,1,,2026-07-22T10:50:45.092741,105208,21829,9584,21829,1970,21829,191,21829,18,21829,12,17774,2,1.0270374000028824
3,1,,2026-07-22T10:50:46.120141,104903,21815,9494,21815,1936,21815,183,21815,12,21815,15,18065,6,1.0271645999964676
3,1,,2026-07-22T10:50:47.147467,104543,21719,9517,21719,1935,21719,183,21719,10,21719,12,17913,10,1.0270555000024615
3,1,,2026-07-22T10:50:48.176287,104518,21608,9386,21608,2012,21608,184,21608,15,21608,11,17689,4,1.0285298000017065
3,1,,2026-07-22T10:50:49.203172,104806,21621,9415,21621,1973,21621,196,21621,11,21621,9,17950,8,1.026550499998848
3,1,,2026-07-22T10:50:50.232201,104956,21333,9371,21333,1864,21333,202,21333,10,21333,17,17975,12,1.028743700000632
3,1,,2026-07-22T10:50:51.260806,104464,21444,9397,21444,1910,21444,190,21444,2,21444,8,18148,6,1.0283176000011736
3,1,,2026-07-22T10:50:52.289999,105213,21942,9765,21942,1967,21942,151,21942,11,21942,7,18011,6,1.028959200004465
3,1,,2026-07-22T10:50:53.317331,104754,21584,9353,21584,1922,21584,205,21584,12,21584,15,18136,4,1.026956900001096
3,1,,2026-07-22T10:50:54.343867,104995,21709,9396,21709,1972,21710,185,21710,7,21710,13,17851,7,1.0262814000016078
3,1,,2026-07-22T10:50:55.371466,104571,21635,9563,21635,1925,21634,196,21634,18,21634,7,18237,6,1.0273356000034255
3,1,,2026-07-22T10:50:56.398909,105308,21476,9417,21476,1886,21476,167,21476,12,21476,11,18000,12,1.0271083999978146
3,1,,2026-07-22T10:50:57.426867,104281,21431,9322,21431,1926,21432,216,21432,9,21432,11,18063,9,1.0275316999977804
3,1,,2026-07-22T10:50:58.456146,104605,21502,9466,21502,1991,21501,164,21501,7,21501,10,18015,6,1.0290107000037096
3,1,,2026-07-22T10:50:59.484687,104976,21852,9594,21852,1940,21852,175,21852,8,21852,7,18108,8,1.028235300000233
3,1,,2026-07-22T10:51:00.512798,104679,21442,9470,21442,1884,21442,183,21442,13,21442,12,17840,1,1.0277885999967111
3,1,,2026-07-22T10:51:01.541529,104785,21696,9414,21696,1982,21696,175,21696,12,21696,12,17946,7,1.0283723000029568
3,1,,2026-07-22T10:51:02.570255,105152,21588,9477,21588,1915,21588,174,21588,14,21588,11,18060,8,1.0283545999991475
3,1,,2026-07-22T10:51:03.600756,105023,21689,9479,21689,1982,21689,175,21689,10,21689,7,18242,5,1.0301233999998658
3,1,,2026-07-22T10:51:04.630257,104727,21356,9323,21356,1940,21356,190,21356,9,21356,8,17847,10,1.0290764000019408
3,1,,2026-07-22T10:51:05.658979,104380,21309,9330,21309,1921,21309,190,21309,9,21309,16,17750,11,1.0284007000009296
3,1,,2026-07-22T10:51:06.688144,104546,21404,9296,21404,1896,21404,183,21404,17,21404,14,17947,12,1.0288051000025007
3,1,,2026-07-22T10:51:07.717961,104945,21701,9418,21701,2006,21701,180,21701,9,21701,14,17827,10,1.029466300002241
3,1,,2026-07-22T10:51:08.747104,105167,21592,9298,21592,1964,21592,167,21592,6,21592,13,18111,9,1.0287605999983498
3,1,,2026-07-22T10:51:09.776584,105139,21549,9469,21549,1945,21549,184,21549,12,21549,12,18061,5,1.029091200005496
3,1,,2026-07-22T10:51:10.805102,105012,21545,9459,21545,1953,21545,171,21545,19,21545,12,17937,9,1.028147799996077
3,1,,2026-07-22T10:51:11.835441,105042,21615,9334,21615,1967,21615,174,21615,7,21616,12,17981,12,1.0299521000051755
3,1,,2026-07-22T10:51:12.864977,105222,21515,9352,21515,1961,21515,177,21515,8,21514,12,17960,6,1.029223900004581
3,1,,2026-07-22T10:51:13.893980,105093,21708,9659,21708,1864,21708,189,21708,10,21708,8,18061,7,1.0285898000001907
3,1,,2026-07-22T10:51:14.923782,104715,21601,9406,21601,1975,21601,196,21601,19,21601,6,17993,6,1.0294331000040984
3,1,,2026-07-22T10:51:15.953217,104810,21540,9560,21540,1979,21540,174,21540,13,21540,11,17902,5,1.029033899998467
3,1,,2026-07-22T10:51:16.983574,104809,21737,9419,21737,1980,21737,167,21737,13,21737,7,18024,8,1.0298637000014423
3,1,,2026-07-22T10:51:18.013675,104708,21723,9496,21723,1960,21723,158,21723,9,21723,11,18089,6,1.029677599995921
3,1,,2026-07-22T10:51:19.043051,104984,21600,9355,21600,1944,21600,159,21600,12,21600,10,17986,6,1.0290116000032867
3,1,,2026-07-22T10:51:20.072185,105568,21740,9369,21740,1936,21740,164,21740,14,21740,8,18109,5,1.0287690999975894
3,1,,2026-07-22T10:51:21.101559,105197,21665,9549,21665,2003,21665,170,21665,8,21665,5,17957,4,1.028990300001169
3,1,,2026-07-22T10:51:22.130980,105144,21669,9329,21669,1948,21669,148,21669,15,21669,10,17940,6,1.0289932999949087
3,1,,2026-07-22T10:51:23.160222,105153,21873,9599,21873,1910,21873,177,21873,11,21873,10,18148,6,1.0287985999966622
3,1,,2026-07-22T10:51:24.189177,105421,21398,9460,21398,1901,21398,184,21398,13,21398,10,17843,14,1.0285777000026428
3,1,,2026-07-22T10:51:25.218438,105268,21699,9553,21699,1902,21699,168,21699,6,21699,15,18037,7,1.028881199999887
3,1,,2026-07-22T10:51:26.246923,104943,21797,9579,21797,2019,21797,166,21797,11,21797,7,18043,8,1.028205499998876
3,1,,2026-07-22T10:51:27.276027,104757,21657,9489,21657,1956,21657,171,21657,13,21657,11,18070,13,1.0287586000049487
3,1,,2026-07-22T10:51:28.305244,104844,21618,9321,21618,1956,21618,191,21618,16,21618,8,17964,12,1.0288792999999714
3,1,,2026-07-22T10:51:29.335483,105211,21772,9471,21772,1990,21772,167,21773,13,21773,19,18066,10,1.0298409000024549
3,1,,2026-07-22T10:51:30.365141,105396,21632,9411,21632,1942,21632,177,21631,12,21631,11,18085,8,1.0292864999937592
3,1,,2026-07-22T10:51:31.394204,105648,21900,9641,21900,1977,21900,161,21900,13,21900,15,18045,7,1.028645600003074
3,1,,2026-07-22T10:51:32.423809,105638,22017,9658,22017,2001,22017,179,22017,13,22017,4,17904,11,1.0292325999980676
3,1,,2026-07-22T10:51:33.453919,105057,21752,9519,21752,1931,21752,161,21752,17,21752,6,18007,8,1.0297406999961822
3,1,,2026-07-22T10:51:34.484329,104945,21888,9535,21888,1861,21888,183,21888,17,21888,17,18065,9,1.0300176000018837
3,1,,2026-07-22T10:51:35.514119,105065,21768,9506,21768,1993,21768,197,21768,14,21768,15,17981,3,1.029332500002056
3,1,,2026-07-22T10:51:36.542800,104635,21596,9333,21596,1942,21596,184,21596,8,21596,8,18172,6,1.0283746999994037
3,1,,2026-07-22T10:51:37.572040,104624,21782,9433,21782,2012,21782,161,21782,10,21782,2,18051,7,1.0288366000022506
3,1,,2026-07-22T10:51:38.601660,104700,21864,9498,21864,2000,21864,177,21864,19,21864,7,17933,14,1.0292352000033134
3,1,,2026-07-22T10:51:39.630669,104660,21570,9480,21570,1945,21570,168,21570,2,21570,7,18071,12,1.0286446000027354
3,1,,2026-07-22T10:51:40.660810,104993,21946,9518,21946,1949,21946,170,21946,18,21946,10,18049,8,1.0297711999955936
3,1,,2026-07-22T10:51:41.690538,105000,21644,9412,21644,1911,21644,186,21644,10,21644,7,17869,4,1.0292925000030664
3,1,,2026-07-22T10:51:42.720060,105110,21823,9523,21823,1982,21823,187,21823,11,21823,7,18118,7,1.0290950000053272
3,1,,2026-07-22T10:51:43.746156,104920,21871,9444,21871,1983,21871,187,21871,12,21871,7,18261,3,1.0257626999955392
3,1,,2026-07-22T10:51:44.772978,104221,21775,9492,21775,1970,21775,186,21775,9,21775,6,17527,6,1.026593499998853
3,1,,2026-07-22T10:51:45.802435,104756,21537,9456,21537,1950,21537,161,21537,8,21537,15,17848,10,1.0291455999977188
3,1,,2026-07-22T10:51:46.831680,104880,21611,9504,21611,1952,21611,204,21611,10,21611,8,18241,8,1.0287229999958072
3,1,,2026-07-22T10:51:47.861950,105213,21918,9466,21918,2026,21918,184,21918,11,21918,19,18017,8,1.0297864000021946
3,1,,2026-07-22T10:51:48.890509,105501,21845,9440,21845,1993,21845,182,21845,7,21845,9,18121,5,1.02820509999583
3,1,,2026-07-22T10:51:49.919925,104977,21802,9570,21802,1920,21802,165,21802,11,21802,7,17962,10,1.029046899995592
3,1,,2026-07-22T10:51:50.948460,104891,21712,9504,21712,1897,21712,189,21712,14,21712,9,18010,10,1.0278334000031464
3,1,,2026-07-22T10:51:51.976956,105423,21715,9462,21715,1905,21715,166,21715,7,21715,6,18358,11,1.0280881999933627
3,1,,2026-07-22T10:51:53.005745,105014,21690,9368,21690,1868,21690,155,21690,14,21690,11,17925,8,1.0284058000033838
3,1,,2026-07-22T10:51:54.034899,105231,21837,9558,21837,1946,21837,196,21837,6,21837,12,17613,6,1.0287749999988591
3,1,,2026-07-22T10:51:55.062252,105166,21660,9413,21660,1969,21660,198,21660,15,21660,11,18236,4,1.0268985999937286
3,1,,2026-07-22T10:51:56.092124,104930,21904,9521,21904,1987,21904,153,21904,12,21904,10,17950,6,1.0295695000022533
3,1,,2026-07-22T10:51:57.121838,105151,21748,9418,21748,1957,21748,181,21748,8,21748,12,18160,10,1.0293468999952893
3,1,,2026-07-22T10:51:58.151182,105310,21895,9457,21895,2037,21895,192,21895,7,21895,12,17945,10,1.0289747999995598
3,1,,2026-07-22T10:51:59.180307,105033,21723,9472,21723,1936,21723,164,21724,8,21724,12,17823,6,1.0286966999992728
3,1,,2026-07-22T10:52:00.208378,104589,21775,9419,21775,1889,21775,195,21774,11,21774,6,17955,3,1.0277234000022872
3,1,,2026-07-22T10:52:01.237385,104927,21736,9386,21736,1960,21736,176,21736,14,21736,14,18009,6,1.0286804999996093
3,1,,2026-07-22T10:52:02.267874,105199,21685,9502,21685,1942,21685,178,21685,12,21685,5,17919,11,1.0300999000028241
3,1,,2026-07-22T10:52:03.296438,105502,21848,9457,21848,1966,21848,158,21848,9,21848,11,18403,12,1.0282229000004008
3,1,,2026-07-22T10:52:04.324992,105187,21880,9482,21880,1939,21880,179,21880,19,21880,11,18250,6,1.0281557999987854
3,1,,2026-07-22T10:52:05.354186,105300,21797,9494,21797,1946,21797,190,21797,13,21797,10,18045,7,1.028866000000562
3,1,,2026-07-22T10:52:06.383015,104761,21657,9330,21657,1965,21657,196,21657,14,21657,8,17929,7,1.0284573000026285
3,1,,2026-07-22T10:52:07.409790,104505,21639,9412,21639,1914,21639,183,21639,7,21639,13,17867,7,1.026511500000197
3,1,,2026-07-22T10:52:08.437373,105176,21799,9458,21799,1904,21799,212,21799,17,21799,10,17923,5,1.0273411000016495
3,1,,2026-07-22T10:52:09.466992,104864,21516,9314,21516,1897,21516,181,21516,13,21516,10,18143,7,1.0293292999995174
3,1,,2026-07-22T10:52:10.494534,104836,21823,9423,21823,1909,21823,187,21823,7,21823,8,18123,14,1.0272335999979987
3,1,,2026-07-22T10:52:11.522493,105152,21839,9435,21839,2007,21839,186,21839,5,21839,11,17928,9,1.027707900000678
3,1,,2026-07-22T10:52:12.550402,104857,21754,9427,21754,1878,21754,166,21754,10,21754,12,18157,11,1.0276443000038853
3,1,,2026-07-22T10:52:13.579925,105077,21887,9533,21887,1910,21887,189,21887,11,21887,4,17992,7,1.0291262000027928
3,1,,2026-07-22T10:52:14.607642,104627,22044,9543,22044,2003,22044,172,22044,13,22044,11,17902,6,1.0273476999936975
3,1,,2026-07-22T10:52:15.636162,104682,21624,9314,21624,1972,21624,169,21624,9,21624,8,18069,9,1.028330900000583
3,1,,2026-07-22T10:52:16.666402,105372,21836,9581,21836,1899,21836,190,21836,8,21836,8,17938,6,1.0298677000027965
3,1,,2026-07-22T10:52:17.695753,104856,21650,9528,21650,1933,21650,177,21650,16,21650,8,18107,6,1.028945099998964
3,1,,2026-07-22T10:52:18.724975,105523,21754,9408,21754,2000,21754,178,21754,12,21754,8,18391,8,1.028863100000308
3,1,,2026-07-22T10:52:19.754476,104739,21778,9573,21778,1983,21778,163,21778,10,21778,10,18149,7,1.029142799998226
3,1,,2026-07-22T10:52:20.784268,104548,21650,9482,21650,1875,21650,176,21650,15,21650,8,18153,10,1.0294747000007192
3,1,,2026-07-22T10:52:21.813457,105307,22095,9671,22095,1955,22095,173,22095,14,22095,9,17884,10,1.0289013000001432
3,1,,2026-07-22T10:52:22.842632,105057,21707,9394,21707,1917,21707,180,21707,6,21707,8,18090,9,1.0287835000053747
3,1,,2026-07-22T10:52:23.871923,104745,21821,9592,21821,1896,21821,179,21821,8,21821,9,17998,6,1.028918200005137
3,1,,2026-07-22T10:52:24.901841,105489,21898,9461,21898,1898,21898,170,21898,13,21898,14,17863,5,1.029503300000215
3,1,,2026-07-22T10:52:25.931291,104875,21654,9397,21654,1917,21654,182,21654,11,21654,11,18082,4,1.0289832999987993
3,1,,2026-07-22T10:52:26.959991,105263,21574,9402,21574,1888,21574,183,21574,10,21574,12,17940,9,1.0283928999997443
3,1,,2026-07-22T10:52:27.989619,104810,21548,9355,21548,1952,21548,178,21548,13,21548,6,18046,10,1.0292569000012008
3,1,,2026-07-22T10:52:29.020151,105291,21857,9643,21857,1964,21857,168,21857,9,21857,3,18223,11,1.0301049999980023
3,1,,2026-07-22T10:52:30.048993,104618,21615,9432,21615,1933,21615,190,21615,7,21615,14,18137,7,1.0285215999974753
3,1,,2026-07-22T10:52:31.077638,104056,21435,9401,21435,1936,21435,170,21435,6,21435,13,17966,10,1.0282585999957519
3,1,,2026-07-22T10:52:32.106685,105352,21549,9417,21549,1919,21549,186,21549,7,21549,9,18277,8,1.0287337999980082
3,1,,2026-07-22T10:52:33.136726,105332,21752,9420,21752,1940,21752,162,21752,14,21752,4,18158,8,1.0296610000004875
3,1,,2026-07-22T10:52:34.166095,104702,21807,9547,21807,2046,21807,167,21807,17,21807,10,18366,7,1.0289797999939765
3,1,,2026-07-22T10:52:35.195353,104516,21619,9419,21619,1916,21619,173,21619,14,21619,9,18007,5,1.028970199993637
3,1,,2026-07-22T10:52:36.224263,105164,21769,9547,21769,1952,21769,187,21769,13,21769,13,18070,14,1.0285650999940117
3,1,,2026-07-22T10:52:37.254518,104883,21685,9497,21685,1900,21685,163,21686,7,21686,7,18024,5,1.0298507000043173
3,1,,2026-07-22T10:52:38.283872,105497,21840,9666,21840,1913,21840,179,21839,9,21839,12,18013,8,1.0289680999994744
3,1,,2026-07-22T10:52:39.313595,104526,21600,9337,21600,1858,21600,194,21600,10,21600,15,18194,8,1.0292900999993435
3,1,,2026-07-22T10:52:40.343076,105279,21657,9365,21657,1992,21657,188,21657,11,21657,8,17960,3,1.0290686000007554
3,1,,2026-07-22T10:52:41.372441,104791,21712,9402,21712,1930,21712,192,21712,13,21712,11,17677,8,1.0289766999994754
3,1,,2026-07-22T10:52:42.402570,105095,21500,9475,21500,1912,21500,185,21500,11,21500,7,18120,9,1.0297300000020186
3,1,,2026-07-22T10:52:43.431436,104871,21730,9418,21730,1979,21730,172,21730,9,21730,12,18250,6,1.0284959000055096
3,1,,2026-07-22T10:52:44.460381,105288,21932,9684,21932,1923,21932,178,21932,11,21932,8,17943,5,1.0284656000003451
3,1,,2026-07-22T10:52:45.489668,104632,21453,9346,21453,1953,21453,157,21453,14,21453,8,18062,7,1.028985199998715
3,1,,2026-07-22T10:52:46.519683,104561,21850,9447,21850,1969,21850,168,21850,12,21850,9,17845,15,1.0296388999995543
3,1,,2026-07-22T10:52:47.549880,104985,21941,9460,21941,1972,21941,172,21941,12,21941,19,18047,13,1.0298626000003424
3,1,,2026-07-22T10:52:48.580319,105261,21694,9473,21694,1872,21694,145,21694,6,21694,9,17944,10,1.0300141999978223
3,1,,2026-07-22T10:52:49.608449,105145,21626,9548,21626,1942,21626,182,21626,13,21626,15,18247,5,1.0278539999999339
3,1,,2026-07-22T10:52:50.635503,104745,21723,9460,21723,1944,21723,169,21723,13,21723,14,17855,12,1.0267944000006537
3,1,,2026-07-22T10:52:51.664352,105424,21733,9519,21733,1967,21733,169,21733,14,21733,11,18129,9,1.0284940999990795
3,1,,2026-07-22T10:52:52.692825,104989,21772,9550,21772,1992,21772,173,21772,10,21772,9,18314,13,1.028152400002
3,1,,2026-07-22T10:52:53.722777,104452,21734,9452,21734,1938,21734,173,21734,12,21734,9,17974,8,1.02966749999905
3,1,,2026-07-22T10:52:54.752230,104825,21840,9569,21840,1963,21840,168,21840,8,21840,8,18126,4,1.029100700005074
3,1,,2026-07-22T10:52:55.781580,105303,21972,9589,21972,1928,21972,163,21972,13,21972,9,18184,10,1.0289616000009119
3,1,,2026-07-22T10:52:56.809814,105022,21615,9248,21615,1989,21615,174,21615,11,21615,12,18172,6,1.0277990000031423
3,1,,2026-07-22T10:52:57.838591,105131,21982,9566,21982,1945,21982,159,21982,9,21982,6,18039,10,1.0284277000027942
3,1,,2026-07-22T10:52:58.867968,104555,21612,9353,21612,1923,21612,158,21612,7,21612,7,18054,7,1.0290213999978732
3,1,,2026-07-22T10:52:59.896694,105136,21671,9372,21671,1863,21671,177,21671,9,21671,9,17953,12,1.0283450999995694
3,1,,2026-07-22T10:53:00.926094,105475,21729,9452,21729,1927,21729,183,21729,17,21729,5,18260,10,1.0290309999982128
3,1,,2026-07-22T10:53:01.953770,105363,21742,9538,21742,1939,21742,191,21742,6,21742,20,17965,9,1.0273608999996213
3,1,,2026-07-22T10:53:02.983622,105120,21962,9588,21962,1872,21962,198,21962,13,21962,11,17784,9,1.0295083000019076
3,1,,2026-07-22T10:53:04.010401,105173,21657,9315,21657,1943,21657,194,21657,11,21657,12,17964,10,1.0264923999930033
3,1,,2026-07-22T10:53:05.039248,105020,21774,9450,21774,1923,21774,175,21774,10,21774,10,17876,8,1.0286288999996032
3,1,,2026-07-22T10:53:06.068692,104803,21880,9502,21880,2026,21880,191,21880,6,21880,15,18171,8,1.029055500002869
3,1,,2026-07-22T10:53:07.099273,104816,21785,9441,21785,1959,21785,196,21785,11,21785,8,18122,3,1.030274400000053
3,1,,2026-07-22T10:53:08.128854,105612,21847,9395,21847,1936,21847,189,21847,15,21847,5,18288,5,1.0291317000010167
3,1,,2026-07-22T10:53:09.157488,105242,21862,9483,21862,1980,21862,176,21862,9,21862,10,18036,4,1.028273399999307
3,1,,2026-07-22T10:53:10.184010,104734,21929,9564,21929,1926,21929,203,21929,15,21929,10,17990,3,1.0261504000009154
3,1,,2026-07-22T10:53:11.212257,105212,21920,9510,21920,1926,21920,183,21920,13,21920,8,18073,4,1.0280435000022408
3,1,,2026-07-22T10:53:12.241517,104805,21725,9347,21725,1951,21725,177,21725,10,21725,8,18091,10,1.0289034000015818
3,1,,2026-07-22T10:53:13.270591,105046,21535,9351,21535,2013,21535,188,21535,8,21535,6,18273,8,1.0287023999990197
3,1,,2026-07-22T10:53:14.300517,105422,21694,9459,21694,1903,21694,179,21694,10,21694,9,18121,10,1.029532599997765
3,1,,2026-07-22T10:53:15.330074,105040,21981,9410,21981,2044,21981,188,21981,13,21981,6,18064,7,1.0290632999967784
3,1,,2026-07-22T10:53:16.359583,104946,21717,9543,21717,1900,21717,182,21717,10,21717,18,17900,7,1.0291293999980553
3,1,,2026-07-22T10:53:17.388734,104997,21820,9455,21820,1989,21820,190,21820,6,21820,10,18070,7,1.028794800004107
3,1,,2026-07-22T10:53:18.419084,105012,21772,9372,21772,1965,21772,175,21772,13,21772,6,18318,9,1.0300564999997732
3,1,,2026-07-22T10:53:19.449036,105313,21737,9497,21737,2013,21737,171,21737,10,21737,8,18050,8,1.0295573999974295
3,1,,2026-07-22T10:53:20.478966,105291,21964,9587,21964,1992,21964,198,21964,6,21964,9,17982,12,1.0294971999974223
3,1,,2026-07-22T10:53:21.509506,105167,21725,9466,21725,1931,21725,154,21725,10,21725,13,18184,2,1.0302728999959072
3,1,,2026-07-22T10:53:22.538536,105873,22021,9611,22021,1989,22021,183,22021,10,22021,9,18165,8,1.0285846999977366
3,1,,2026-07-22T10:53:23.568809,105300,21867,9658,21867,1920,21867,186,21867,12,21867,8,17980,4,1.0298747999986517
3,1,,2026-07-22T10:53:24.597354,104889,21437,9380,21437,1919,21437,154,21437,10,21437,4,18124,4,1.0281360000008135
3,1,,2026-07-22T10:53:25.626593,104948,21703,9431,21703,1952,21703,182,21703,10,21703,11,18037,7,1.0288810999991256
3,1,,2026-07-22T10:53:26.655963,104668,21703,9434,21703,1892,21703,170,21703,16,21703,9,18085,12,1.029021800000919
3,1,,2026-07-22T10:53:27.685323,105343,21644,9420,21644,1897,21644,169,21644,10,21644,11,18003,7,1.0289814000061597
3,1,,2026-07-22T10:53:28.715051,104912,21573,9478,21573,1920,21573,181,21573,9,21573,7,17891,11,1.02930760000163
3,1,,2026-07-22T10:53:29.744526,104972,21864,9563,21864,1922,21864,173,21864,16,21864,13,17885,5,1.0290528000041377
3,1,,2026-07-22T10:53:30.773389,104851,21816,9588,21816,1888,21816,172,21816,15,21816,6,18063,6,1.0284790999940014
3,1,,2026-07-22T10:53:31.802407,104353,21672,9342,21672,1985,21672,182,21672,11,21672,12,18013,8,1.0286382999984198
3,1,,2026-07-22T10:53:32.832152,104671,21709,9527,21709,1903,21709,183,21709,12,21709,17,18097,5,1.0293857000069693
3,1,,2026-07-22T10:53:33.862471,105007,22147,9471,22147,1983,22147,177,22147,17,22147,12,18016,5,1.0298541000011028
3,1,,2026-07-22T10:53:34.892080,104704,21727,9423,21727,1941,21727,182,21727,6,21727,10,18444,9,1.0291958000016166
3,1,,2026-07-22T10:53:35.921208,105024,21850,9633,21850,2002,21850,175,21850,11,21850,15,18145,3,1.028752699996403
3,1,,2026-07-22T10:53:36.950211,104388,21824,9386,21824,1973,21824,191,21824,14,21824,7,17912,12,1.0286363000050187
3,1,,2026-07-22T10:53:37.980505,105063,21965,9588,21965,1978,21965,151,21965,16,21965,12,17890,5,1.0299333000002662
3,1,,2026-07-22T10:53:39.009103,104530,21748,9630,21748,1892,21748,182,21748,11,21748,10,17848,5,1.0282688000006601
3,1,,2026-07-22T10:53:40.038810,104503,21573,9464,21573,1946,21573,182,21573,7,21573,8,18047,8,1.0293650000021444
3,1,,2026-07-22T10:53:41.068376,104792,22041,9553,22041,1951,22041,166,22041,14,22041,9,18005,2,1.0291932999971323
3,1,,2026-07-22T10:53:42.095485,104590,21686,9488,21686,1920,21686,184,21686,10,21686,12,18123,8,1.0267579999999725
3,1,,2026-07-22T10:53:43.124332,104738,21848,9447,21848,2022,21848,194,21848,9,21848,11,17908,9,1.02845299999899
3,1,,2026-07-22T10:53:44.153590,104615,21629,9414,21629,1958,21629,183,21629,16,21629,10,18048,11,1.0288766000012401
3,1,,2026-07-22T10:53:45.182676,105107,21755,9458,21755,1910,21755,178,21755,10,21755,13,17832,8,1.028743000002578
3,1,,2026-07-22T10:53:46.212791,105054,21662,9543,21662,2023,21662,175,21662,11,21662,9,18235,11,1.0297904000035487
3,1,,2026-07-22T10:53:47.242199,104639,22036,9532,22036,1993,22036,191,22036,13,22036,12,17992,6,1.0290409000008367
3,1,,2026-07-22T10:53:48.271268,104589,21780,9511,21780,1904,21780,179,21780,10,21780,7,18058,9,1.0286998000010499
3,1,,2026-07-22T10:53:49.300623,104684,21496,9287,21496,1937,21496,172,21496,7,21496,10,18136,9,1.0289893000008306
3,1,,2026-07-22T10:53:50.330100,105043,21658,9527,21658,1992,21658,191,21658,5,21658,3,18146,3,1.0291490999952657
3,1,,2026-07-22T10:53:51.358916,105304,21758,9432,21758,1952,21758,194,21758,10,21758,5,18074,11,1.0283419999977923
3,1,,2026-07-22T10:53:52.387914,105959,21878,9515,21878,1956,21878,177,21878,6,21878,8,18037,8,1.0285900999951991
3,1,,2026-07-22T10:53:53.416464,105092,21893,9601,21893,1942,21893,202,21893,13,21893,16,18057,9,1.0281371000019135
3,1,,2026-07-22T10:53:54.445739,105314,21612,9508,21612,1921,21612,156,21612,13,21612,5,18020,7,1.0289368000012473
3,1,,2026-07-22T10:53:55.474515,104156,21371,9330,21371,1848,21371,185,21371,9,21371,8,17821,7,1.0284214000057545
3,1,,2026-07-22T10:53:56.503187,105025,21822,9386,21822,1986,21822,189,21822,10,21822,10,17745,8,1.028262399995583
3,1,,2026-07-22T10:53:57.532620,105071,21763,9534,21763,1961,21763,189,21763,17,21763,9,17723,5,1.0290453999987221
3,1,,2026-07-22T10:53:58.561683,105593,21774,9449,21774,1994,21774,168,21774,7,21774,8,18202,10,1.0286648999972385
3,1,,2026-07-22T10:53:59.590694,105218,21836,9466,21836,1931,21836,168,21836,9,21836,2,18028,9,1.0285503000050085
3,1,,2026-07-22T10:54:00.619849,104960,21817,9533,21817,1951,21817,167,21817,12,21817,9,18062,6,1.0287618000002112
3,1,,2026-07-22T10:54:01.649538,105144,21794,9411,21794,1966,21794,156,21794,12,21794,6,18037,4,1.0293232000040007
3,1,,2026-07-22T10:54:02.679731,105470,21628,9334,21628,1922,21628,176,21628,15,21628,9,18300,8,1.0298237000024528
3,1,,2026-07-22T10:54:03.708544,105820,21880,9445,21880,1981,21880,193,21880,14,21880,11,17845,6,1.0284358999997494
3,1,,2026-07-22T10:54:04.737139,105273,21634,9441,21634,1915,21634,179,21634,8,21634,9,18233,12,1.0281952000004821
3,1,,2026-07-22T10:54:05.764610,105235,21745,9493,21745,1922,21745,181,21745,10,21745,9,18200,6,1.0271511000028113
3,1,,2026-07-22T10:54:06.794620,104646,21588,9443,21588,1927,21588,178,21588,17,21588,11,18040,13,1.029790000000503
3,1,,2026-07-22T10:54:07.824847,105479,21826,9459,21826,1951,21826,166,21826,11,21826,12,18250,3,1.0297906000050716
3,1,,2026-07-22T10:54:08.854714,105002,21572,9385,21572,1940,21572,154,21572,14,21572,8,18088,7,1.029417599995213
3,1,,2026-07-22T10:54:09.884647,104501,21721,9430,21721,2003,21721,190,21721,8,21721,7,18096,10,1.0294658999991952
3,1,,2026-07-22T10:54:10.915528,105321,21560,9443,21560,1934,21560,153,21560,10,21560,7,17965,6,1.0305163000011817
3,1,,2026-07-22T10:54:11.945399,104877,21836,9513,21836,1947,21836,170,21836,22,21836,10,18027,13,1.0294585000010557
3,1,,2026-07-22T10:54:12.974534,105104,21947,9521,21947,2017,21947,189,21947,12,21947,11,17907,12,1.0288252999962424
3,1,,2026-07-22T10:54:14.003201,104564,21641,9508,21641,1911,21641,158,21641,12,21641,12,17879,9,1.0282979999974486
3,1,,2026-07-22T10:54:15.033231,104416,21431,9229,21431,1954,21431,172,21431,8,21431,9,18019,7,1.0296570999998949
3,1,,2026-07-22T10:54:16.063107,104778,21695,9328,21695,1998,21695,162,21695,4,21695,10,18196,8,1.0294891000012285
3,1,,2026-07-22T10:54:17.092072,105226,21837,9509,21837,1978,21837,180,21837,15,21837,7,17982,9,1.02863459999935
3,1,,2026-07-22T10:54:18.120611,104995,21739,9538,21739,1964,21739,173,21739,7,21739,6,18089,4,1.0280780999964918
3,1,,2026-07-22T10:54:19.150133,105205,21613,9531,21613,1852,21613,173,21613,10,21613,10,17870,7,1.0291735999999219
3,1,,2026-07-22T10:54:20.179574,105112,21580,9382,21580,1976,21580,170,21580,16,21580,8,18045,6,1.0291574000002583
3,1,,2026-07-22T10:54:21.208446,104990,21554,9276,21554,1924,21554,165,21554,15,21554,8,17876,6,1.028535199999169
3,1,,2026-07-22T10:54:22.236740,104708,21638,9447,21638,1946,21638,173,21638,11,21638,8,17938,8,1.0279508999956306
3,1,,2026-07-22T10:54:23.266123,104489,21699,9428,21699,1969,21699,177,21699,5,21699,8,17994,5,1.0290224000054877
3,1,,2026-07-22T10:54:24.296164,105409,21502,9367,21502,1949,21502,182,21502,5,21502,11,18286,6,1.0296492999987095
3,1,,2026-07-22T10:54:25.326382,104836,21566,9449,21566,1985,21566,159,21566,9,21566,11,18026,5,1.0298476000025403
3,1,,2026-07-22T10:54:26.355179,104764,21531,9392,21531,1901,21531,189,21531,8,21531,12,18109,8,1.0284333000017796
3,1,,2026-07-22T10:54:27.384128,104896,21609,9503,21609,1949,21609,176,21609,9,21609,9,17920,5,1.0285629999998491
3,1,,2026-07-22T10:54:28.413906,105107,21620,9420,21620,2044,21620,174,21620,10,21620,7,18053,5,1.0293683000054443
3,1,,2026-07-22T10:54:29.443812,105536,21852,9543,21852,2021,21852,165,21852,9,21852,7,18104,10,1.0294800000046962
3,1,,2026-07-22T10:54:30.472902,104764,21463,9369,21463,1967,21463,178,21463,8,21463,11,17978,4,1.028739699999278
3,1,,2026-07-22T10:54:31.502032,105296,21985,9605,21985,1941,21985,181,21985,8,21985,4,17766,10,1.0287644999989425
3,1,,2026-07-22T10:54:32.530927,104678,21528,9437,21528,1884,21528,164,21528,14,21528,7,17971,5,1.0285258000003523
3,1,,2026-07-22T10:54:33.559984,105450,21589,9344,21589,1917,21590,174,21590,11,21590,9,18213,11,1.0287275000009686
3,1,,2026-07-22T10:54:34.589274,105101,21615,9479,21615,1995,21614,166,21614,11,21614,13,18004,3,1.0288225999975111
3,1,,2026-07-22T10:54:35.618450,104889,21662,9362,21662,1909,21662,149,21662,13,21662,8,18067,8,1.0287542000005487
3,1,,2026-07-22T10:54:36.647354,104729,21758,9365,21758,2046,21758,200,21758,15,21758,13,17959,8,1.0285558000032324
3,1,,2026-07-22T10:54:37.676381,104335,21504,9511,21504,1921,21504,185,21504,10,21504,13,17780,5,1.0286564999987604
3,1,,2026-07-22T10:54:38.705696,105010,21843,9591,21843,1928,21843,178,21843,10,21843,14,18047,6,1.028950399995665
3,1,,2026-07-22T10:54:39.734330,104706,21606,9492,21606,1950,21606,151,21606,15,21606,7,18183,4,1.0282401999938884
3,1,,2026-07-22T10:54:40.763251,105371,21636,9388,21636,1896,21636,189,21636,20,21636,7,18165,9,1.0285638000059407
3,1,,2026-07-22T10:54:41.792167,106056,22033,9595,22033,2041,22033,189,22033,11,22033,9,18210,6,1.028590499998245
3,1,,2026-07-22T10:54:42.821497,104985,21652,9354,21652,2002,21653,181,21653,16,21653,15,17971,8,1.0289852999994764
3,1,,2026-07-22T10:54:43.851004,104666,21426,9446,21426,1922,21425,180,21425,8,21425,13,18126,14,1.0291142999994918
3,1,,2026-07-22T10:54:44.881697,105148,21577,9364,21577,1978,21577,164,21577,9,21577,12,17915,15,1.030331500005559
3,1,,2026-07-22T10:54:45.911516,105254,21963,9593,21963,2000,21963,175,21963,9,21963,9,18251,6,1.0294599999979255
3,1,,2026-07-22T10:54:46.940428,105101,21838,9700,21838,1867,21838,170,21838,7,21838,12,18023,6,1.0285861999946064
3,1,,2026-07-22T10:54:47.968746,104424,21647,9453,21647,1987,21647,190,21647,10,21647,6,18106,5,1.0279470999957994
3,1,,2026-07-22T10:54:48.997529,105362,21442,9402,21442,1909,21442,166,21442,17,21442,7,17967,8,1.0284252000055858
3,1,,2026-07-22T10:54:50.026690,104825,21563,9493,21563,1935,21563,184,21563,13,21563,7,17876,7,1.0287936000022455
3,1,,2026-07-22T10:54:51.055502,105269,22023,9557,22023,1981,22023,187,22023,3,22023,8,18181,4,1.028542500003823
3,1,,2026-07-22T10:54:52.084546,104891,21482,9470,21482,1946,21482,194,21482,12,21482,8,17940,11,1.0286819000029936
3,1,,2026-07-22T10:54:53.112998,105590,21761,9525,21761,1961,21761,187,21761,7,21761,10,18089,6,1.0280540000021574
3,1,,2026-07-22T10:54:54.142193,105087,21606,9524,21606,1941,21606,174,21606,7,21606,15,18235,7,1.0287831000023289
3,1,,2026-07-22T10:54:55.171437,105292,21691,9491,21691,2008,21691,182,21691,7,21691,12,17995,12,1.0289246999964234
3,1,,2026-07-22T10:54:56.200605,105156,21625,9474,21625,1922,21625,186,21625,16,21625,10,18086,9,1.0287750999996206
3,1,,2026-07-22T10:54:57.230447,104772,21669,9394,21669,1903,21669,203,21669,17,21669,10,17977,7,1.0294808000035118
3,1,,2026-07-22T10:54:58.258280,105596,21676,9479,21676,1933,21676,177,21676,10,21676,13,17870,5,1.027502299999469
3,1,,2026-07-22T10:54:59.286347,105123,21955,9461,21955,1998,21955,211,21955,9,21955,8,18001,10,1.0277859999987413
3,1,,2026-07-22T10:55:00.314462,105518,21889,9513,21889,1930,21889,201,21889,15,21889,10,18122,10,1.027899000000616
3,1,,2026-07-22T10:55:01.342815,105025,21479,9378,21479,1987,21479,178,21479,13,21479,10,17938,9,1.0280225000024075
3,1,,2026-07-22T10:55:02.371999,105046,21461,9316,21461,1925,21461,154,21461,12,21461,8,17702,13,1.0288164999947185
3,1,,2026-07-22T10:55:03.400704,104399,21386,9279,21386,1856,21386,186,21387,14,21387,17,17917,7,1.0283062000016798
3,1,,2026-07-22T10:55:04.430464,105006,21540,9410,21540,1869,21540,166,21539,9,21539,10,18084,8,1.0294903999965754
3,1,,2026-07-22T10:55:05.459494,105318,21761,9494,21761,1896,21761,161,21761,6,21761,9,18283,11,1.0286110999950324
3,1,,2026-07-22T10:55:06.489312,104719,21659,9420,21659,1967,21659,178,21659,16,21659,9,18193,6,1.0294291000027442
3,1,,2026-07-22T10:55:07.518624,104560,21582,9531,21582,1917,21582,153,21582,11,21582,11,18083,7,1.028963200005819
3,1,,2026-07-22T10:55:08.548832,105542,21989,9540,21989,2068,21989,165,21989,15,21989,11,18015,3,1.0297925000049872
3,1,,2026-07-22T10:55:09.577240,105098,21769,9551,21769,1973,21769,194,21769,13,21769,5,18054,7,1.0280352999980096
3,1,,2026-07-22T10:55:10.606777,105610,21953,9755,21953,2003,21953,162,21953,9,21953,5,18012,13,1.0292961000013747
3,1,,2026-07-22T10:55:11.635493,104986,21830,9508,21830,2005,21830,172,21830,17,21830,8,17921,8,1.0283484999963548
3,1,,2026-07-22T10:55:12.664658,105390,21646,9450,21646,1942,21646,181,21646,11,21646,7,18065,8,1.0287970999997924
3,1,,2026-07-22T10:55:13.693713,104652,21868,9509,21868,1980,21868,180,21868,11,21868,10,17885,8,1.028718800000206
3,1,,2026-07-22T10:55:14.722751,105237,21962,9557,21962,1935,21962,175,21962,14,21962,8,18171,7,1.0286138000010396
3,1,,2026-07-22T10:55:15.751503,105812,21616,9520,21616,1909,21616,173,21616,16,21616,5,17973,7,1.0283768000008422
3,1,,2026-07-22T10:55:16.780893,104781,21894,9441,21894,2034,21894,160,21894,12,21894,14,18029,13,1.029002400005993
3,1,,2026-07-22T10:55:17.810411,105344,21818,9472,21818,1926,21818,219,21818,16,21818,8,17944,8,1.0291814000011072
3,1,,2026-07-22T10:55:18.838898,105398,21749,9613,21749,1973,21749,207,21749,4,21749,5,18281,9,1.0281497000032687
3,1,,2026-07-22T10:55:19.867588,105281,21763,9328,21763,1982,21763,181,21763,16,21763,9,17875,6,1.0282692999971914
3,1,,2026-07-22T10:55:20.897460,104485,21557,9372,21557,1997,21557,163,21557,12,21557,12,18171,7,1.0294636999969953
3,1,,2026-07-22T10:55:21.926318,105109,21790,9549,21790,1883,21790,184,21790,18,21790,14,18060,6,1.028514700003143
3,1,,2026-07-22T10:55:22.955142,104917,21622,9463,21622,1958,21622,193,21622,17,21622,2,17970,6,1.0284994000030565
3,1,,2026-07-22T10:55:23.984235,105107,21787,9496,21787,2011,21787,206,21787,3,21787,14,18057,11,1.0287067000026582
3,1,,2026-07-22T10:55:25.014365,105057,21636,9410,21636,1980,21636,187,21636,8,21636,11,17950,10,1.0297483999966062
3,1,,2026-07-22T10:55:26.043850,105603,21958,9577,21958,1960,21958,174,21958,8,21958,13,17902,6,1.0291045000049053
3,1,,2026-07-22T10:55:27.072243,104689,21774,9521,21774,1999,21774,170,21774,10,21774,12,18227,6,1.0280550999959814
3,1,,2026-07-22T10:55:28.101281,104694,21648,9514,21648,1982,21648,170,21648,13,21648,8,17992,7,1.0286890999996103
3,1,,2026-07-22T10:55:29.130092,104915,21759,9534,21759,1879,21759,186,21759,20,21759,9,18211,5,1.0284413000044879
3,1,,2026-07-22T10:55:30.157162,104722,21743,9470,21743,1911,21743,184,21743,12,21743,14,18077,4,1.026724399998784
3,1,,2026-07-22T10:55:31.185690,104497,21633,9498,21633,1936,21633,166,21633,11,21633,18,18004,8,1.028286599997955
3,1,,2026-07-22T10:55:32.215741,105767,21997,9506,21997,1951,21997,193,21997,12,21997,15,18038,8,1.0297991000043112
3,1,,2026-07-22T10:55:33.245610,105156,21713,9529,21713,1894,21713,190,21713,9,21713,8,18131,6,1.0294439999997849
3,1,,2026-07-22T10:55:34.274799,105362,21770,9390,21770,1983,21770,191,21770,9,21770,10,18116,7,1.02878509999573
3,1,,2026-07-22T10:55:35.304391,105134,21489,9359,21489,1975,21489,192,21489,15,21489,11,18020,6,1.0291944000055082
3,1,,2026-07-22T10:55:36.333799,105249,21502,9370,21502,1936,21502,185,21502,9,21502,13,17941,5,1.0290218999944045
3,1,,2026-07-22T10:55:37.362531,104829,21767,9482,21767,1965,21767,191,21767,7,21767,13,18224,5,1.0283378000021912
3,1,,2026-07-22T10:55:38.391949,104741,21796,9545,21796,2007,21796,158,21796,12,21796,16,18201,3,1.0290215000059106
3,1,,2026-07-22T10:55:39.419752,104857,21605,9399,21605,1962,21605,150,21606,11,21606,6,18130,9,1.0274559999961639
3,1,,2026-07-22T10:55:40.447038,104568,21619,9494,21619,1893,21619,200,21618,12,21618,11,18001,9,1.0269898000042303
3,1,,2026-07-22T10:55:41.475606,104477,21425,9498,21425,1911,21425,169,21426,8,21426,10,17854,8,1.0283051000005798
3,1,,2026-07-22T10:55:42.504373,105400,21844,9568,21844,1914,21844,182,21843,4,21843,13,18326,9,1.0285278000010294
3,1,,2026-07-22T10:55:43.533819,105255,21847,9525,21847,2002,21847,181,21847,9,21847,7,18086,5,1.0291025999977137
3,1,,2026-07-22T10:55:44.563750,105103,21556,9340,21556,1911,21556,181,21556,14,21556,5,17935,4,1.0295595999996294
3,1,,2026-07-22T10:55:45.593484,105161,21726,9522,21726,1881,21726,187,21726,8,21726,11,18240,8,1.0293525000015507
3,1,,2026-07-22T10:55:46.623089,105310,21903,9573,21903,2018,21903,170,21903,12,21903,11,18323,6,1.0292281000001822
3,1,,2026-07-22T10:55:47.651756,105056,21832,9604,21832,1896,21832,181,21832,13,21832,17,18033,6,1.028288599998632
3,1,,2026-07-22T10:55:48.681337,104162,21758,9420,21758,2028,21758,166,21758,10,21758,11,18029,5,1.0292069999995874
3,1,,2026-07-22T10:55:49.710457,105703,21743,9575,21743,1949,21743,163,21743,9,21743,6,18262,7,1.0285648999997647
3,1,,2026-07-22T10:55:50.739676,105416,21692,9470,21692,1977,21692,186,21692,10,21692,12,17976,3,1.028828499998781
3,1,,2026-07-22T10:55:51.769718,105619,21638,9345,21638,1916,21638,175,21638,14,21638,14,18071,8,1.0297292999966885
3,1,,2026-07-22T10:55:52.799478,105338,22009,9570,22009,2008,22009,187,22009,14,22009,9,18106,13,1.029399300001387
3,1,,2026-07-22T10:55:53.830224,105336,21636,9429,21636,1941,21636,155,21636,14,21636,7,18374,5,1.0303352999981144
3,1,,2026-07-22T10:55:54.859087,105917,21897,9491,21897,2007,21897,181,21897,8,21897,20,18426,7,1.0284505999952671
3,1,,2026-07-22T10:55:55.885874,104965,21661,9410,21661,1891,21661,192,21661,13,21661,10,18005,10,1.0263847000023816
3,1,,2026-07-22T10:55:56.914957,105352,21751,9519,21751,1924,21751,181,21751,7,21751,11,17896,6,1.0288829000055557
3,1,,2026-07-22T10:55:57.943662,105382,21811,9505,21811,1972,21811,170,21811,18,21811,6,18170,4,1.0283177999954205
3,1,,2026-07-22T10:55:58.973221,105214,21577,9366,21577,1926,21577,175,21577,14,21578,9,18085,9,1.0291902000026312
3,1,,2026-07-22T10:56:00.001853,105456,21917,9636,21917,2030,21917,188,21917,13,21916,11,17928,10,1.0282728000020143
3,1,,2026-07-22T10:56:01.031786,104709,21767,9539,21767,1990,21767,183,21767,7,21767,8,18049,8,1.0295788000003085
3,1,,2026-07-22T10:56:02.060133,105025,21568,9455,21568,1847,21568,181,21568,11,21568,17,18261,6,1.0280389000035939
3,1,,2026-07-22T10:56:03.086033,105289,21718,9482,21718,1937,21718,165,21718,16,21718,9,17779,7,1.025605999995605
3,1,,2026-07-22T10:56:04.115684,105091,21752,9441,21752,1985,21752,156,21752,10,21752,10,18218,10,1.0294910000011441
3,1,,2026-07-22T10:56:05.145097,105652,21730,9436,21730,1963,21730,164,21730,16,21730,13,17981,9,1.0290250000034575
3,1,,2026-07-22T10:56:06.174021,105133,21557,9389,21557,1890,21557,180,21557,8,21557,11,18195,9,1.0285246999992523
3,1,,2026-07-22T10:56:07.203786,105495,21571,9508,21571,1936,21571,173,21571,7,21571,12,18254,7,1.0293438000007882
3,1,,2026-07-22T10:56:08.232656,105282,21509,9429,21509,1903,21509,188,21509,12,21509,6,17992,7,1.0285107000017888
3,1,,2026-07-22T10:56:09.261685,105148,21953,9578,21953,1911,21953,185,21953,6,21953,13,18162,7,1.028657100003329
3,1,,2026-07-22T10:56:10.290052,105442,21847,9556,21847,1948,21847,165,21847,10,21847,12,18121,7,1.0280160999973305
3,1,,2026-07-22T10:56:11.316843,105149,21730,9546,21730,1943,21730,190,21730,6,21730,8,18087,9,1.0264174999974784
3,1,,2026-07-22T10:56:12.346022,105030,21910,9535,21910,1991,21910,169,21910,14,21910,8,17942,10,1.0289412999991328
3,1,,2026-07-22T10:56:13.374976,105412,21693,9583,21693,1951,21693,181,21693,9,21693,14,17875,10,1.0285969999968074
3,1,,2026-07-22T10:56:14.404013,105021,21656,9421,21656,1979,21656,173,21656,9,21656,14,18018,8,1.0287023999990197
3,1,,2026-07-22T10:56:15.433557,104696,21408,9302,21408,1915,21408,179,21408,3,21408,8,18021,5,1.0291619999989052
3,1,,2026-07-22T10:56:16.461866,105049,21494,9359,21494,1961,21494,170,21494,9,21494,12,18245,6,1.027896999999939
3,1,,2026-07-22T10:56:17.490598,104684,21688,9391,21688,1997,21688,165,21688,14,21688,11,18025,6,1.0282805999959237
3,1,,2026-07-22T10:56:18.520042,105047,21527,9440,21527,1917,21527,182,21527,10,21527,16,18210,4,1.0290345999965211
3,1,,2026-07-22T10:56:19.549777,104985,21576,9475,21576,1960,21576,183,21576,14,21576,16,17988,12,1.0293693999992684
3,1,,2026-07-22T10:56:20.579089,105298,21851,9444,21851,1996,21851,161,21851,15,21851,10,18266,11,1.0289262000005692
3,1,,2026-07-22T10:56:21.607696,105480,21795,9420,21795,2025,21795,176,21795,9,21795,6,18133,6,1.0282646999985445
3,1,,2026-07-22T10:56:22.636857,105644,21520,9284,21520,1942,21520,186,21520,4,21520,9,18074,8,1.0288301999971736
3,1,,2026-07-22T10:56:23.666141,105304,21637,9422,21637,1994,21637,176,21637,12,21637,6,18180,10,1.028951300002518
3,1,,2026-07-22T10:56:24.696247,105492,21723,9635,21723,1907,21723,177,21723,9,21723,8,17983,4,1.0296997999976156
3,1,,2026-07-22T10:56:25.725749,105822,21490,9374,21490,1950,21490,160,21490,9,21490,15,18241,4,1.0291633000015281
3,1,,2026-07-22T10:56:26.754845,105243,21704,9423,21704,1945,21704,182,21704,13,21704,6,18047,6,1.028749199998856
3,1,,2026-07-22T10:56:27.784487,105456,21708,9514,21708,1871,21708,193,21708,13,21708,7,18009,9,1.0292525999975624
3,1,,2026-07-22T10:56:28.814077,105090,21724,9498,21724,1969,21724,165,21724,19,21724,7,18040,9,1.0292582000038237
3,1,,2026-07-22T10:56:29.843283,105109,21592,9392,21592,1945,21592,175,21592,9,21592,5,18125,4,1.0288199999995413
3,1,,2026-07-22T10:56:30.872676,105328,21555,9510,21555,2000,21555,188,21555,14,21555,9,18441,3,1.0290529999983846
3,1,,2026-07-22T10:56:31.901761,104744,21613,9385,21613,1946,21613,178,21613,11,21613,5,18055,5,1.0287317000038456
3,1,,2026-07-22T10:56:32.931344,104925,21816,9526,21816,1884,21816,172,21816,10,21816,11,18221,5,1.0292671999995946
3,1,,2026-07-22T10:56:33.958939,105639,21977,9483,21977,2023,21977,169,21977,15,21977,12,17973,7,1.0272131000019726
3,1,,2026-07-22T10:56:34.988744,105487,21638,9563,21638,1961,21638,183,21638,11,21638,9,18137,6,1.029438099998515
3,1,,2026-07-22T10:56:36.017358,104634,21650,9430,21650,1982,21650,196,21650,4,21650,6,17971,6,1.0282334000003175
3,1,,2026-07-22T10:56:37.045761,104251,21539,9383,21539,1944,21539,200,21539,8,21539,5,18117,4,1.028088500002923
3,1,,2026-07-22T10:56:38.074815,105821,22002,9633,22002,1943,22002,179,22002,9,22002,14,18133,7,1.0286026000030688
3,1,,2026-07-22T10:56:39.103698,105339,21576,9379,21576,1933,21576,163,21576,13,21576,8,18127,4,1.0285352999999304
3,1,,2026-07-22T10:56:40.133304,105447,21666,9378,21666,1973,21666,152,21666,11,21666,12,18134,11,1.0293174999969779
3,1,,2026-07-22T10:56:41.162386,105187,21762,9556,21762,1897,21762,167,21762,13,21762,11,18084,11,1.0287570000000414
3,1,,2026-07-22T10:56:42.191270,105160,21738,9499,21738,1980,21738,192,21738,4,21738,14,17976,10,1.0285121999986586
3,1,,2026-07-22T10:56:43.219413,105491,21555,9360,21555,2004,21555,169,21555,20,21555,7,17981,10,1.0277990000031423
3,1,,2026-07-22T10:56:44.247968,104870,21487,9439,21487,2000,21487,165,21488,11,21488,14,17915,3,1.0282071999972686
3,1,,2026-07-22T10:56:45.275737,104289,21625,9514,21625,1818,21625,168,21624,15,21624,14,18058,6,1.0273263999988558
3,1,,2026-07-22T10:56:46.303265,105145,21781,9615,21781,1940,21781,171,21781,14,21781,11,18063,11,1.0272926999969059
3,1,,2026-07-22T10:56:47.332843,105280,21659,9504,21659,2002,21659,166,21659,11,21659,9,17964,7,1.0292944999964675
3,1,,2026-07-22T10:56:48.362504,104989,21717,9467,21717,1984,21717,176,21717,10,21717,7,17897,7,1.0292717999982415
3,1,,2026-07-22T10:56:49.391713,105298,22076,9692,22076,2043,22076,155,22076,5,22076,13,17959,8,1.0288400999997975
3,2,,2026-07-22T10:56:53.157009,104932,24347,12128,24347,980,24347,127,24347,29,24347,9,18008,5,1.029044499999145
3,2,,2026-07-22T10:56:54.184949,105503,24491,12235,24491,1036,24491,136,24491,35,24491,6,18069,4,1.0275674000004074
3,2,,2026-07-22T10:56:55.215516,104873,24384,12011,24384,1052,24384,125,24384,28,24384,17,18003,6,1.030190900004527
3,2,,2026-07-22T10:56:56.242877,105098,24399,12116,24399,1069,24399,131,24399,36,24399,9,18228,0,1.0270257000011043
3,2,,2026-07-22T10:56:57.271538,105172,24363,12020,24363,1018,24363,114,24363,32,24363,11,18219,6,1.0283148000016809
3,2,,2026-07-22T10:56:58.300945,104530,24461,12104,24461,994,24461,116,24461,33,24461,11,18049,6,1.0290298999971128
3,2,,2026-07-22T10:56:59.330880,104624,24443,12021,24443,1006,24443,137,24443,30,24443,8,17939,7,1.0295345000049565
3,2,,2026-07-22T10:57:00.358546,105028,24160,11965,24160,1018,24160,103,24160,30,24160,13,18026,5,1.0272574000046006
3,2,,2026-07-22T10:57:01.387176,105441,24275,12069,24275,950,24275,121,24275,21,24275,17,18026,15,1.0282764000003226
3,2,,2026-07-22T10:57:02.415667,104909,24247,12082,24247,1028,24247,125,24247,36,24247,8,18251,12,1.0280823000066448
3,2,,2026-07-22T10:57:03.444928,104567,24128,12024,24128,1056,24128,113,24129,28,24129,14,18027,6,1.0289173999990453
3,2,,2026-07-22T10:57:04.474343,105231,24302,12031,24302,1010,24302,127,24301,20,24301,14,18040,4,1.0290395999982138
3,2,,2026-07-22T10:57:05.503228,105415,24266,12049,24266,1003,24266,111,24266,29,24266,15,18133,6,1.028525299996545
3,2,,2026-07-22T10:57:06.533318,105197,24127,11911,24127,1033,24127,105,24127,29,24127,12,18273,10,1.0297206999966875
3,2,,2026-07-22T10:57:07.562759,105466,24360,12181,24360,1024,24360,127,24360,28,24360,10,18129,4,1.0291078000009293
3,2,,2026-07-22T10:57:08.591816,105472,24210,11959,24210,1066,24210,111,24210,27,24210,16,18088,8,1.0286416000017198
3,2,,2026-07-22T10:57:09.620869,104963,24521,12244,24521,1050,24521,120,24521,22,24521,14,18214,7,1.0286332000032417
3,2,,2026-07-22T10:57:10.650437,104876,24105,11974,24105,1015,24105,118,24105,33,24105,11,18228,10,1.029179999997723
3,2,,2026-07-22T10:57:11.679522,105334,24414,12043,24414,1037,24414,132,24414,31,24414,15,18141,5,1.0287452999982634
3,2,,2026-07-22T10:57:12.709126,104882,24188,11970,24188,997,24188,126,24188,26,24188,11,18175,8,1.0291865999970469
3,2,,2026-07-22T10:57:13.736668,104975,24404,12028,24404,1067,24404,122,24404,28,24404,11,17924,4,1.027185200000531
3,2,,2026-07-22T10:57:14.764305,105035,24436,12020,24436,1016,24436,123,24436,37,24436,13,18104,6,1.0273950999981025
3,2,,2026-07-22T10:57:15.791686,105230,24274,12047,24274,1083,24274,121,24274,36,24274,14,18382,6,1.027115100005176
3,2,,2026-07-22T10:57:16.819014,105315,24426,12193,24426,1029,24426,118,24426,36,24426,11,18402,8,1.0270893000051728
3,2,,2026-07-22T10:57:17.846042,105151,24381,12103,24381,1063,24381,118,24381,27,24381,16,18289,8,1.026752800004033
3,2,,2026-07-22T10:57:18.875048,105392,24460,12132,24460,1016,24460,93,24460,31,24460,6,18191,7,1.0286870999989333
3,2,,2026-07-22T10:57:19.902409,105172,24429,12043,24429,1020,24429,127,24429,29,24429,12,18374,6,1.0269714999958524
3,2,,2026-07-22T10:57:20.929800,105209,24308,11916,24308,1113,24308,99,24308,18,24308,13,17981,9,1.0270367999983137
3,2,,2026-07-22T10:57:21.957527,105098,24217,11948,24217,1030,24217,108,24217,26,24217,10,18308,4,1.0274275000047055
3,2,,2026-07-22T10:57:22.986852,105281,24586,12029,24586,1069,24586,122,24586,29,24586,17,18312,9,1.0290549999990617
3,2,,2026-07-22T10:57:24.015061,104960,24324,12168,24324,1050,24324,115,24324,30,24324,10,18258,6,1.0277868999983184
3,2,,2026-07-22T10:57:25.043900,104949,24228,11944,24228,989,24228,106,24228,26,24228,15,18059,9,1.0285352999999304
3,2,,2026-07-22T10:57:26.072745,105006,24171,11995,24171,991,24171,144,24171,33,24171,6,18181,5,1.02848449999874
3,2,,2026-07-22T10:57:27.101477,105158,24410,12041,24410,1022,24410,118,24410,32,24410,14,17943,5,1.0283635000014328
3,2,,2026-07-22T10:57:28.130960,105639,24638,12301,24638,1056,24638,121,24638,35,24638,7,18332,9,1.0290764000019408
3,2,,2026-07-22T10:57:29.160143,105761,24382,11986,24382,1032,24382,120,24382,23,24382,8,18256,9,1.0287604999975883
3,2,,2026-07-22T10:57:30.189439,105349,24451,12109,24451,1042,24451,104,24451,35,24451,18,18065,8,1.0288970000037807
3,2,,2026-07-22T10:57:31.218386,105836,24442,12116,24442,1065,24442,147,24442,24,24442,10,18042,6,1.028637899995374
3,2,,2026-07-22T10:57:32.248212,105357,24435,12123,24435,1068,24435,126,24435,25,24435,8,18244,7,1.0294007999982568
3,2,,2026-07-22T10:57:33.277437,105122,24195,11878,24195,1043,24195,104,24195,20,24195,16,18124,9,1.0287558999989415
3,2,,2026-07-22T10:57:34.306650,104815,24242,12010,24242,1034,24242,134,24242,28,24242,10,17805,3,1.0288493999978527
3,2,,2026-07-22T10:57:35.335545,105204,24233,12085,24233,989,24233,102,24233,34,24233,16,18076,11,1.0285470000017085
3,2,,2026-07-22T10:57:36.364919,104859,24336,12098,24336,1058,24336,134,24336,37,24336,12,18012,8,1.028986100005568
3,2,,2026-07-22T10:57:37.394253,105907,24057,11930,24057,1034,24057,140,24057,30,24057,15,18252,6,1.0289970000012545
3,2,,2026-07-22T10:57:38.423508,105128,24100,11888,24100,988,24100,110,24100,34,24100,6,18450,5,1.0289198000027682
3,2,,2026-07-22T10:57:39.452186,105285,24282,12057,24282,963,24282,115,24282,21,24282,13,18011,10,1.028239699997357
3,2,,2026-07-22T10:57:40.481860,105425,24186,12008,24186,976,24186,134,24187,21,24187,17,18221,7,1.029308299999684
3,2,,2026-07-22T10:57:41.510621,104837,24273,12114,24274,1058,24274,115,24273,23,24273,6,18136,9,1.02836550000211
3,2,,2026-07-22T10:57:42.540093,105965,24642,12128,24641,1035,24641,131,24641,37,24641,13,18268,11,1.0291044999976293
3,2,,2026-07-22T10:57:43.569101,105559,24492,12245,24492,1081,24492,120,24492,31,24492,6,18078,10,1.0286875999954646
3,2,,2026-07-22T10:57:44.597938,105517,24283,12173,24283,1047,24283,113,24283,34,24283,14,18298,10,1.0284468999961973
3,2,,2026-07-22T10:57:45.627144,105125,24333,11999,24333,1065,24333,102,24333,30,24333,10,17943,7,1.0288301999971736
3,2,,2026-07-22T10:57:46.656026,105445,24544,12154,24544,988,24544,128,24544,26,24544,11,18255,12,1.028591399997822
3,2,,2026-07-22T10:57:47.685277,104773,24184,11918,24184,1002,24184,116,24184,32,24184,7,18087,9,1.028864899999462
3,2,,2026-07-22T10:57:48.715201,105017,24338,12010,24338,1052,24338,109,24338,28,24338,15,17986,5,1.0295543000029284
3,2,,2026-07-22T10:57:49.743818,105539,24428,12098,24428,1031,24428,118,24429,36,24429,15,18119,10,1.0283384999929694
3,2,,2026-07-22T10:57:50.773035,105580,24390,12072,24390,998,24390,126,24389,26,24389,9,18351,8,1.0288501999966684
3,2,,2026-07-22T10:57:51.802681,105538,24538,12298,24538,1009,24539,110,24539,37,24539,17,18191,6,1.0292698000048404
3,2,,2026-07-22T10:57:52.832269,105122,24410,11992,24410,1019,24409,112,24409,36,24409,10,18361,8,1.0291771000047447
3,2,,2026-07-22T10:57:53.861422,104804,24205,11903,24205,1081,24205,121,24206,29,24206,15,18204,2,1.0288452000022517
3,2,,2026-07-22T10:57:54.890778,105266,24264,11953,24264,1039,24264,109,24263,28,24263,18,18019,8,1.0289682000002358
3,2,,2026-07-22T10:57:55.919472,105336,24478,12013,24478,1072,24478,132,24478,25,24478,8,18306,6,1.0283177999954205
3,2,,2026-07-22T10:57:56.948857,105019,24268,12030,24268,1038,24268,114,24268,29,24268,13,18173,6,1.0290068999966024
3,2,,2026-07-22T10:57:57.978041,105311,24475,12250,24475,1026,24475,113,24475,29,24475,17,18128,8,1.0288852999947267
3,2,,2026-07-22T10:57:59.006726,105462,24426,11976,24426,1061,24426,139,24426,29,24426,19,18105,9,1.0283692000011797
3,2,,2026-07-22T10:58:00.034091,105357,24257,12002,24257,1053,24257,139,24257,30,24257,10,18171,11,1.0270396999985678
3,2,,2026-07-22T10:58:01.063866,105548,24465,12227,24465,1047,24465,113,24465,33,24465,13,18345,7,1.0295954000030179
3,2,,2026-07-22T10:58:02.092629,105777,24648,12185,24648,1061,24648,143,24648,37,24648,14,18170,5,1.0282408999992185
3,2,,2026-07-22T10:58:03.122390,105554,24396,12195,24396,1019,24396,119,24396,40,24396,11,18323,2,1.0293770999996923
3,2,,2026-07-22T10:58:04.150878,104969,24339,12091,24339,979,24339,105,24339,33,24339,15,18430,4,1.0281085000024177
3,2,,2026-07-22T10:58:05.181584,105877,24445,12016,24445,1094,24445,129,24445,28,24445,14,18223,7,1.0303073000031873
3,2,,2026-07-22T10:58:06.209578,105770,24291,12017,24291,1054,24291,137,24291,36,24291,15,18386,6,1.0276577999975416
3,2,,2026-07-22T10:58:07.237844,105548,24465,12322,24465,1001,24465,126,24465,22,24465,13,18106,10,1.0280000999991898
3,2,,2026-07-22T10:58:08.266960,105567,24207,12059,24207,1011,24207,127,24207,26,24207,6,18258,8,1.0287348999991082
3,2,,2026-07-22T10:58:09.296764,105818,24374,12108,24374,1036,24374,105,24374,25,24374,11,18283,10,1.0293489999967278
3,2,,2026-07-22T10:58:10.325549,105580,24444,12105,24444,1036,24444,133,24444,34,24444,11,18249,12,1.0283916000043973
3,2,,2026-07-22T10:58:11.354360,105264,24298,12151,24298,1075,24298,119,24298,23,24298,5,18341,11,1.0284274000005098
3,2,,2026-07-22T10:58:12.384644,105315,24393,12037,24393,986,24393,102,24393,38,24394,13,18304,10,1.0299083999998402
3,2,,2026-07-22T10:58:13.413628,105422,24442,12054,24442,1055,24442,113,24442,27,24441,9,18311,2,1.0285596000030637
3,2,,2026-07-22T10:58:14.442550,105164,24390,12088,24390,999,24390,123,24390,27,24390,13,18301,8,1.028467100004491
3,2,,2026-07-22T10:58:15.471846,105922,24519,12224,24519,1071,24519,126,24519,29,24519,16,18248,5,1.028929000000062
3,2,,2026-07-22T10:58:16.501278,105947,24390,12112,24390,1091,24390,120,24390,29,24390,13,17994,6,1.0290613000033773
3,2,,2026-07-22T10:58:17.531326,105072,24421,12203,24421,1070,24421,122,24421,34,24421,12,17982,7,1.0296808999992209
3,2,,2026-07-22T10:58:18.560469,105957,24746,12137,24746,992,24746,123,24746,35,24746,8,18342,15,1.0287393999969936
3,2,,2026-07-22T10:58:19.590019,105344,24402,12123,24402,1000,24402,128,24402,35,24402,16,18092,5,1.0291703999973834
3,2,,2026-07-22T10:58:20.618708,104855,24103,12028,24103,1004,24103,122,24103,20,24103,5,18354,7,1.0283144999993965
3,2,,2026-07-22T10:58:21.648437,105216,24664,12404,24664,1054,24664,120,24664,29,24664,17,18105,7,1.0293521999992663
3,2,,2026-07-22T10:58:22.677862,105430,24401,12190,24401,1044,24401,146,24401,36,24401,12,18158,6,1.0289078999994672
3,2,,2026-07-22T10:58:23.706249,105290,24374,11989,24374,1062,24374,121,24374,34,24374,20,18188,3,1.0280667999977595
3,2,,2026-07-22T10:58:24.734855,105359,24145,11858,24145,1126,24145,124,24145,23,24145,11,18015,9,1.0282494999992196
3,2,,2026-07-22T10:58:25.765372,105183,24587,12170,24587,1073,24587,96,24587,31,24587,17,18209,12,1.0301133999964804
3,2,,2026-07-22T10:58:26.795031,105367,24336,11916,24336,1042,24336,115,24336,33,24336,10,18098,3,1.0292981000020518
3,2,,2026-07-22T10:58:27.824084,105091,24409,12015,24409,1051,24409,133,24409,35,24409,9,18086,5,1.0286543999973219
3,2,,2026-07-22T10:58:28.853200,104564,24160,11963,24160,1005,24160,129,24160,27,24160,9,18175,8,1.0287444999994477
3,2,,2026-07-22T10:58:29.882312,105212,24413,12116,24413,1056,24413,113,24413,27,24413,14,18181,9,1.028734200001054
3,2,,2026-07-22T10:58:30.911214,105525,24486,12032,24486,1057,24486,127,24486,39,24486,16,18165,6,1.028543600004923
3,2,,2026-07-22T10:58:31.939963,104881,24271,12053,24271,996,24271,133,24271,26,24271,15,18086,6,1.0283533000038005
3,2,,2026-07-22T10:58:32.969113,104767,24249,11975,24249,1047,24249,135,24249,20,24249,14,17946,7,1.0287735000019893
3,2,,2026-07-22T10:58:33.999716,105442,24468,12095,24468,1034,24468,124,24468,30,24468,13,17972,10,1.0302319000038551
3,2,,2026-07-22T10:58:35.029561,105437,24430,12151,24430,964,24430,122,24430,32,24430,14,18282,4,1.0294541000039317
3,2,,2026-07-22T10:58:36.056823,104667,24452,12070,24452,1069,24452,147,24452,34,24452,8,18344,3,1.026854400006414
3,2,,2026-07-22T10:58:37.085201,105339,24387,11999,24387,1030,24387,127,24387,33,24387,10,18486,8,1.0281356999985292
3,2,,2026-07-22T10:58:38.114759,105249,24310,11957,24310,1102,24310,108,24310,31,24310,17,18321,5,1.0291408999983105
3,2,,2026-07-22T10:58:39.143879,105633,24578,12038,24578,1072,24578,114,24578,27,24578,22,18240,10,1.0286647000029916
3,2,,2026-07-22T10:58:40.173620,105329,24357,12118,24357,1019,24357,110,24357,27,24357,10,18194,6,1.029329000004509
3,2,,2026-07-22T10:58:41.202597,105243,24114,12118,24114,1047,24114,146,24114,23,24114,13,18189,8,1.0285992999997688
3,2,,2026-07-22T10:58:42.230484,105778,24709,12273,24709,1050,24709,115,24709,28,24709,12,18169,7,1.0275193999987096
3,2,,2026-07-22T10:58:43.259149,105498,24460,12212,24460,1017,24460,113,24460,25,24460,9,18339,7,1.0283257999981288
3,2,,2026-07-22T10:58:44.288518,105907,24346,12080,24346,1061,24346,129,24346,41,24346,16,18174,7,1.029022899994743
3,2,,2026-07-22T10:58:45.318462,105707,24180,12101,24180,1003,24180,108,24180,33,24180,14,18428,13,1.0292187000013655
3,2,,2026-07-22T10:58:46.346284,105069,24265,12002,24265,1071,24265,108,24265,25,24265,21,18295,10,1.027459999997518
3,2,,2026-07-22T10:58:47.375281,105062,24387,12065,24387,1025,24387,120,24387,27,24387,16,17937,10,1.0286532000027364
3,2,,2026-07-22T10:58:48.405200,105659,24638,12212,24638,981,24638,133,24638,29,24638,18,18227,8,1.0295694000014919
3,2,,2026-07-22T10:58:49.433868,105661,24548,12313,24548,1065,24548,107,24548,24,24548,13,18005,5,1.0283033000014257
3,2,,2026-07-22T10:58:50.464077,105425,24460,12290,24460,1025,24460,128,24460,20,24460,12,18139,10,1.0297873999952571
3,2,,2026-07-22T10:58:51.492954,105923,24680,12252,24680,1069,24680,116,24680,23,24680,14,18100,17,1.0285347000026377
3,2,,2026-07-22T10:58:52.523010,105574,24408,12107,24408,1047,24408,128,24408,35,24408,12,18452,7,1.029674299999897
3,2,,2026-07-22T10:58:53.552123,105201,24180,11886,24180,976,24180,135,24180,41,24180,11,17806,4,1.0288588999974309
3,2,,2026-07-22T10:58:54.581303,105208,24280,12076,24280,1052,24280,125,24280,28,24280,10,17856,4,1.0288376999960747
3,2,,2026-07-22T10:58:55.610600,105405,24232,12123,24232,1063,24232,133,24232,36,24232,11,18143,9,1.0289335999987088
3,2,,2026-07-22T10:58:56.639504,105415,24282,12038,24282,984,24282,121,24282,30,24282,10,18332,6,1.0285375000021304
3,2,,2026-07-22T10:58:57.667889,104589,24339,12116,24340,1089,24340,114,24340,31,24340,6,18279,6,1.0280319999947096
3,2,,2026-07-22T10:58:58.696956,105285,24389,12017,24388,1049,24388,109,24388,37,24388,13,18094,11,1.0286630999980844
3,2,,2026-07-22T10:58:59.725841,105265,24361,11949,24361,1101,24361,129,24361,32,24361,13,18280,5,1.0284425999998348
3,2,,2026-07-22T10:59:00.754549,105288,24437,11981,24437,1018,24437,138,24437,35,24437,10,18260,6,1.0283347999938997
3,2,,2026-07-22T10:59:01.783707,105828,24264,11895,24264,1052,24264,114,24264,25,24264,12,18267,6,1.0287759999991977
3,2,,2026-07-22T10:59:02.813802,105953,24641,12177,24641,1074,24641,131,24641,35,24641,11,18167,9,1.0297389999977895
3,2,,2026-07-22T10:59:03.843031,105971,24240,12040,24240,1052,24240,119,24240,26,24240,17,17996,9,1.0287486000015633
3,2,,2026-07-22T10:59:04.872292,105485,24499,12098,24499,1037,24499,107,24499,42,24499,16,18018,10,1.0288977999953204
3,2,,2026-07-22T10:59:05.902042,105211,24454,12126,24454,1017,24454,109,24454,22,24454,7,18052,10,1.0293528999973205
3,2,,2026-07-22T10:59:06.931605,105015,24297,12079,24297,1039,24297,133,24297,33,24297,9,18010,9,1.029259599999932
3,2,,2026-07-22T10:59:07.960846,105660,24234,12023,24234,1004,24235,112,24235,25,24235,8,18006,7,1.0288923999978579
3,2,,2026-07-22T10:59:08.989242,105332,24421,12171,24421,1004,24420,149,24420,27,24420,15,18245,8,1.0280387999955565
3,2,,2026-07-22T10:59:10.017701,105254,24287,11920,24287,1056,24287,122,24287,31,24287,15,17988,9,1.0281482999998843
3,2,,2026-07-22T10:59:11.047913,105569,24452,11998,24452,1085,24452,125,24452,43,24452,12,18424,5,1.0298924000016996
3,2,,2026-07-22T10:59:12.074159,105909,24747,12295,24747,1045,24747,104,24747,43,24747,19,18089,3,1.0258843000046909
3,2,,2026-07-22T10:59:13.102953,105101,24204,11988,24204,1001,24204,110,24204,37,24204,9,18098,6,1.0286170999970636
3,2,,2026-07-22T10:59:14.132966,106068,24381,12084,24381,1053,24381,91,24381,35,24381,14,17882,7,1.0296386999980314
3,2,,2026-07-22T10:59:15.161387,105199,24304,12029,24304,1013,24304,115,24304,35,24304,9,18224,7,1.0280308000001241
3,2,,2026-07-22T10:59:16.190226,105801,24436,12199,24436,1051,24436,124,24436,32,24436,12,18354,13,1.0284488999968744
3,2,,2026-07-22T10:59:17.218943,105174,24371,12035,24371,1074,24371,104,24371,23,24371,7,18502,5,1.0283371999976225
3,2,,2026-07-22T10:59:18.248189,104903,24078,11990,24078,1023,24078,117,24078,39,24078,11,17832,5,1.0288202000010642
3,2,,2026-07-22T10:59:19.278312,105202,24345,12072,24345,1050,24345,122,24345,27,24345,6,18324,13,1.0296583999952418
3,2,,2026-07-22T10:59:20.307777,105737,24519,12050,24519,1025,24519,119,24519,34,24519,12,18067,10,1.0290348999988055
3,2,,2026-07-22T10:59:21.337131,105304,23962,12092,23962,915,23962,137,23962,29,23962,9,18137,11,1.0289550999950734
3,2,,2026-07-22T10:59:22.366144,105524,24435,12264,24435,1039,24435,127,24435,37,24435,7,18000,7,1.0286343999978271
3,2,,2026-07-22T10:59:23.394877,105347,24285,12087,24285,1044,24285,107,24285,24,24285,15,18193,4,1.0284059999976307
3,2,,2026-07-22T10:59:24.423440,104704,24109,12031,24109,1010,24109,111,24109,32,24109,10,18331,11,1.0281754000025103
3,2,,2026-07-22T10:59:25.452431,106060,24404,12120,24404,1071,24404,122,24404,35,24404,13,18074,4,1.0285970000040834
3,2,,2026-07-22T10:59:26.479842,105119,24276,12092,24276,1040,24276,120,24276,29,24276,9,18076,13,1.0270440000022063
3,2,,2026-07-22T10:59:27.509107,104944,24200,12014,24200,1026,24200,120,24200,31,24200,10,18189,6,1.028956800000742
3,2,,2026-07-22T10:59:28.537970,105761,24683,12316,24683,1065,24683,104,24683,36,24683,14,18171,3,1.028487399998994
3,2,,2026-07-22T10:59:29.566759,105718,24360,12112,24360,1019,24360,120,24360,23,24360,15,18312,6,1.0284043999999994
3,2,,2026-07-22T10:59:30.596201,106066,24840,12374,24840,1034,24840,118,24840,31,24840,12,18238,7,1.0290669000023627
3,2,,2026-07-22T10:59:31.624641,105225,24107,11997,24107,1030,24107,119,24107,32,24107,16,18246,10,1.0280908999993699
3,2,,2026-07-22T10:59:32.653950,105433,24101,11895,24101,1022,24101,129,24101,29,24101,11,18035,7,1.0289558000004035
3,2,,2026-07-22T10:59:33.683356,105035,24401,11992,24401,1114,24401,118,24401,42,24401,16,18137,9,1.0290375000040513
3,2,,2026-07-22T10:59:34.712487,105069,24481,12166,24481,1110,24481,123,24481,21,24481,11,18125,9,1.0287308000042685
3,2,,2026-07-22T10:59:35.742354,105581,24541,12330,24541,962,24541,117,24541,40,24541,12,18143,7,1.0294680000006338
3,2,,2026-07-22T10:59:36.771910,105383,24057,11928,24057,1028,24057,125,24057,31,24057,13,17974,5,1.0292075000033947
3,2,,2026-07-22T10:59:37.801680,105663,24435,12152,24435,1100,24435,126,24435,26,24435,11,18109,9,1.0294422000006307
3,2,,2026-07-22T10:59:38.831610,106174,24525,12108,24525,1006,24525,122,24525,32,24525,13,18421,8,1.029602900001919
3,2,,2026-07-22T10:59:39.860759,105554,24480,12067,24480,1017,24480,128,24480,31,24480,13,18034,6,1.0288063999978476
3,2,,2026-07-22T10:59:40.889829,105000,24333,12080,24333,1005,24333,121,24334,30,24334,17,18331,9,1.028705999997328
3,2,,2026-07-22T10:59:41.918623,105258,24325,12070,24325,1000,24325,104,24324,22,24324,6,18298,9,1.0284318000049097
3,2,,2026-07-22T10:59:42.948110,106174,24570,12204,24570,1028,24570,117,24570,43,24570,8,18311,5,1.029081300002872
3,2,,2026-07-22T10:59:43.976722,105579,24434,12107,24434,1056,24434,105,24434,40,24434,14,18001,13,1.0282927000007476
3,2,,2026-07-22T10:59:45.006129,105650,24684,12187,24684,1098,24684,131,24684,30,24684,13,18109,11,1.0289790000024368
3,2,,2026-07-22T10:59:46.036032,105854,24544,12181,24544,1062,24544,97,24544,34,24544,15,18057,5,1.0295761999950628
3,2,,2026-07-22T10:59:47.065222,105704,24374,12149,24374,1028,24374,124,24374,31,24374,12,18361,9,1.028800300002331
3,2,,2026-07-22T10:59:48.092471,105129,24380,12027,24380,990,24380,118,24380,39,24380,8,18121,8,1.0269688999978825
3,2,,2026-07-22T10:59:49.121935,105436,24255,12000,24255,1046,24255,121,24255,36,24255,18,18062,7,1.0291777000020375
3,2,,2026-07-22T10:59:50.151888,105563,24339,12099,24339,1071,24339,111,24339,32,24339,11,18177,4,1.029569199999969
3,2,,2026-07-22T10:59:51.178898,106229,24422,12154,24422,1002,24422,109,24422,42,24422,8,18380,8,1.0266600000031758
3,2,,2026-07-22T10:59:52.208523,105588,24159,11992,24159,1032,24159,130,24159,30,24159,11,18335,12,1.0294291999962297
3,2,,2026-07-22T10:59:53.237450,105414,24494,12221,24494,1045,24494,140,24494,29,24494,12,18038,9,1.0285521999976481
3,2,,2026-07-22T10:59:54.266845,105462,24136,12056,24136,1044,24136,112,24136,25,24136,13,18290,5,1.0290162000019336
3,2,,2026-07-22T10:59:55.295941,105307,24481,12080,24481,1054,24481,123,24481,29,24481,16,18081,11,1.028737300002831
3,2,,2026-07-22T10:59:56.325670,105952,24601,12272,24601,993,24601,125,24601,31,24601,20,18301,8,1.0293466000002809
3,2,,2026-07-22T10:59:57.354326,105929,24529,12142,24529,1011,24529,103,24529,36,24530,11,18422,11,1.0283063000024413
3,2,,2026-07-22T10:59:58.382020,105833,24626,12146,24626,1065,24626,140,24626,29,24625,15,18207,4,1.0273723999998765
3,2,,2026-07-22T10:59:59.410304,105965,24249,11971,24249,1062,24249,120,24249,27,24249,7,18024,9,1.0279478000011295
3,2,,2026-07-22T11:00:00.439083,105526,24370,12089,24370,1024,24370,129,24370,39,24370,18,17995,8,1.0283788000015193
3,2,,2026-07-22T11:00:01.468530,105291,24058,11810,24058,1067,24058,106,24058,28,24058,13,18178,4,1.0290492999993148
3,2,,2026-07-22T11:00:02.498893,105230,24298,11957,24298,1097,24298,123,24298,34,24298,14,18168,6,1.0299592000010307
3,2,,2026-07-22T11:00:03.528385,105791,24549,12090,24549,1040,24549,132,24549,30,24549,16,18461,9,1.0290257999949972
3,2,,2026-07-22T11:00:04.557110,105521,24539,12126,24539,1059,24539,123,24539,35,24539,16,18275,4,1.0283504999970319
3,2,,2026-07-22T11:00:05.586314,105358,24505,12134,24505,990,24505,121,24505,32,24505,7,18270,7,1.0288450999942143
3,2,,2026-07-22T11:00:06.616060,105084,24116,11883,24116,1044,24116,114,24116,31,24116,13,18177,12,1.0293610000007902
3,2,,2026-07-22T11:00:07.644633,105948,24461,12104,24461,1061,24461,128,24461,36,24461,18,18082,9,1.0281981000007363
3,2,,2026-07-22T11:00:08.673799,105287,24162,11972,24162,1077,24162,111,24162,32,24162,12,18209,12,1.028811800002586
3,2,,2026-07-22T11:00:09.702501,105200,24314,12056,24314,1012,24314,140,24314,34,24314,16,18123,9,1.0283048000055715
3,2,,2026-07-22T11:00:10.731651,105360,24530,12156,24530,1031,24530,115,24530,24,24530,8,18090,7,1.0288319000028423
3,2,,2026-07-22T11:00:11.760687,105017,24405,12216,24405,1028,24405,127,24405,37,24405,7,18417,7,1.0286660999991
3,2,,2026-07-22T11:00:12.789629,105382,24478,12242,24478,1093,24478,129,24478,25,24478,10,18033,8,1.0285884999975679
3,2,,2026-07-22T11:00:13.818608,105146,24193,12080,24193,1041,24193,126,24193,34,24193,14,18287,10,1.0285710000025574
3,2,,2026-07-22T11:00:14.849119,105957,24347,12108,24347,1072,24347,125,24347,30,24347,10,18091,12,1.030088399995293
3,2,,2026-07-22T11:00:15.877792,105637,24442,12090,24442,1017,24442,128,24443,33,24443,13,18152,8,1.0281856000001426
3,2,,2026-07-22T11:00:16.906319,105130,24175,11957,24175,1056,24175,127,24174,32,24174,6,17931,4,1.0281915000014124
3,2,,2026-07-22T11:00:17.935820,105526,24275,12080,24275,1021,24275,116,24275,39,24275,14,18445,8,1.029131099996448
3,2,,2026-07-22T11:00:18.965646,104973,24259,12054,24259,1088,24259,116,24259,35,24259,14,18427,12,1.0294139999969047
3,2,,2026-07-22T11:00:19.995798,105757,24236,12096,24236,987,24236,141,24236,28,24236,12,18032,11,1.029695899997023
3,2,,2026-07-22T11:00:21.025071,105689,24307,12053,24307,1043,24307,111,24308,30,24308,8,18253,5,1.0288447000057204
3,2,,2026-07-22T11:00:22.054553,105773,24213,12004,24213,1002,24213,135,24212,33,24212,11,18116,8,1.0290905000001658
3,2,,2026-07-22T11:00:23.083086,104682,24360,12000,24360,1073,24360,103,24360,26,24360,13,18136,9,1.0281826999998884
3,2,,2026-07-22T11:00:24.109798,105476,24430,11954,24430,1091,24430,115,24430,36,24430,17,18251,6,1.0263454999949317
3,2,,2026-07-22T11:00:25.139018,104488,24284,12047,24284,1016,24284,105,24284,35,24284,13,18218,4,1.0290219000016805
3,2,,2026-07-22T11:00:26.168912,106066,24417,12203,24417,1026,24417,108,24418,32,24418,18,18097,3,1.0295436000014888
3,2,,2026-07-22T11:00:27.199787,105486,24318,11959,24318,1029,24318,119,24317,29,24317,20,18240,8,1.0304764000029536
3,2,,2026-07-22T11:00:28.229109,104848,24241,12023,24241,978,24241,92,24241,33,24241,15,18230,14,1.0290070999981253
3,2,,2026-07-22T11:00:29.258275,105468,24507,12149,24507,1029,24507,117,24507,34,24507,9,18082,7,1.0287812999958987
3,2,,2026-07-22T11:00:30.287681,105593,24027,11928,24027,1025,24027,113,24027,36,24027,12,18196,6,1.0290187999999034
3,2,,2026-07-22T11:00:31.317490,105880,24395,12077,24395,1034,24395,118,24395,40,24395,14,18081,15,1.029415799996059
3,2,,2026-07-22T11:00:32.343090,105256,24465,11989,24465,1083,24465,116,24465,32,24465,9,18251,11,1.025340200001665
3,2,,2026-07-22T11:00:33.372770,104668,24516,12011,24516,1049,24516,130,24516,26,24516,12,18208,4,1.0294061999957194
3,2,,2026-07-22T11:00:34.400585,105756,24587,12150,24587,1032,24587,135,24587,32,24587,12,18244,7,1.0274650999999722
3,2,,2026-07-22T11:00:35.430094,105344,24325,12073,24325,994,24325,118,24325,28,24325,13,18235,8,1.029229799998575
3,2,,2026-07-22T11:00:36.457868,104778,24293,12148,24293,1080,24293,107,24293,29,24293,20,18115,6,1.0273428000000422
3,2,,2026-07-22T11:00:37.485694,105437,24600,12202,24600,1092,24600,144,24600,32,24600,10,18271,8,1.0275121000013314
3,2,,2026-07-22T11:00:38.516119,104550,24353,12099,24353,1019,24353,103,24353,26,24353,8,18242,8,1.0300910000005388
3,2,,2026-07-22T11:00:39.545018,105369,24243,12048,24243,1099,24243,108,24243,24,24243,19,18383,6,1.0284823999973014
3,2,,2026-07-22T11:00:40.574246,104968,24285,12012,24285,1020,24285,137,24285,40,24285,7,18208,6,1.028866200002085
3,2,,2026-07-22T11:00:41.603180,105276,23970,11838,23970,1008,23970,104,23970,28,23970,12,18200,2,1.0285476999997627
3,2,,2026-07-22T11:00:42.632809,104964,24353,12065,24353,995,24353,105,24353,33,24353,16,17879,8,1.0292432999995071
3,2,,2026-07-22T11:00:43.661586,105200,24280,11999,24280,1013,24280,138,24280,36,24280,11,18119,7,1.0283582999982173
3,2,,2026-07-22T11:00:44.690955,104747,24392,11996,24392,1085,24392,131,24392,28,24392,16,18289,14,1.028982999996515
3,2,,2026-07-22T11:00:45.720206,105485,24488,12144,24488,1048,24488,132,24488,29,24488,17,18223,10,1.0288794000007329
3,2,,2026-07-22T11:00:46.750152,105057,24277,12027,24277,1068,24277,137,24277,28,24277,9,18074,5,1.0296050000033574
3,2,,2026-07-22T11:00:47.779585,105436,24305,12178,24305,1005,24305,113,24305,31,24305,12,18214,6,1.0290846999996575
3,2,,2026-07-22T11:00:48.808072,105297,24073,12147,24073,1020,24073,116,24073,26,24073,13,18201,5,1.0281332000013208
3,2,,2026-07-22T11:00:49.836301,105359,24105,11949,24105,976,24105,118,24105,32,24105,4,18290,7,1.027893700003915
3,2,,2026-07-22T11:00:50.865591,105506,24547,12217,24547,1060,24547,124,24547,30,24547,8,18215,4,1.0288884999972652
3,2,,2026-07-22T11:00:51.894896,106348,24651,12263,24651,1055,24651,125,24651,28,24651,11,18205,13,1.0288948000015807
3,2,,2026-07-22T11:00:52.924388,105093,24302,11970,24302,1033,24302,132,24302,30,24302,16,18191,5,1.0291268000000855
3,2,,2026-07-22T11:00:53.953777,105442,24270,11931,24270,1029,24270,118,24270,37,24270,16,18179,7,1.0290177999995649
3,2,,2026-07-22T11:00:54.983562,105370,24490,12145,24490,1034,24490,114,24490,33,24490,10,18072,3,1.0293726000018069
3,2,,2026-07-22T11:00:56.012964,105799,24658,12131,24658,1072,24658,119,24658,34,24658,16,18365,5,1.0290115999960108
3,2,,2026-07-22T11:00:57.041884,105495,24277,12026,24277,1028,24277,119,24277,36,24277,11,18084,3,1.0285498000012012
3,2,,2026-07-22T11:00:58.071170,104970,24361,11970,24361,1048,24361,110,24361,36,24361,11,18032,8,1.0289000999982818
3,2,,2026-07-22T11:00:59.100970,105454,24415,12083,24415,1044,24415,117,24415,32,24415,11,18230,7,1.029448000001139
3,2,,2026-07-22T11:01:00.129887,105353,24345,12138,24345,1065,24345,110,24345,21,24345,13,18253,9,1.0284730999992462
3,2,,2026-07-22T11:01:01.159233,105049,24272,11967,24272,1021,24272,124,24272,27,24272,13,18253,6,1.029087700000673
3,2,,2026-07-22T11:01:02.188231,105885,24641,12182,24641,1061,24641,116,24641,30,24641,11,18392,4,1.0286430999985896
3,2,,2026-07-22T11:01:03.217540,104860,24186,11897,24186,1060,24186,99,24186,25,24186,10,18022,4,1.028915800001414
3,2,,2026-07-22T11:01:04.247035,105396,24433,12193,24433,1059,24433,126,24433,28,24433,13,18165,13,1.0290581000008387
3,2,,2026-07-22T11:01:05.276557,105655,24569,12134,24569,1088,24569,111,24569,36,24569,13,18177,4,1.0290652999974554
3,2,,2026-07-22T11:01:06.305130,105468,24540,12212,24540,1028,24540,122,24540,34,24540,16,18375,3,1.0282262999971863
3,2,,2026-07-22T11:01:07.333804,104814,24322,12113,24322,997,24322,126,24322,34,24322,10,18290,11,1.0282890999951633
3,2,,2026-07-22T11:01:08.360948,105373,24322,11988,24322,1064,24322,128,24322,32,24322,11,18342,10,1.0267889000024297
3,2,,2026-07-22T11:01:09.390093,105166,24015,11857,24015,1059,24015,112,24015,38,24015,7,18174,10,1.028833799995482
3,2,,2026-07-22T11:01:10.419503,105848,24500,12236,24500,1003,24500,122,24500,29,24500,13,17975,11,1.0290784000026179
3,2,,2026-07-22T11:01:11.449378,105301,24556,12244,24556,1021,24556,118,24556,27,24556,16,17895,4,1.0295043000005535
3,2,,2026-07-22T11:01:12.478497,105802,24739,12284,24739,1022,24739,136,24739,33,24739,18,18108,11,1.02881730000081
3,2,,2026-07-22T11:01:13.507138,105464,24354,12065,24354,1055,24354,125,24355,28,24355,15,18249,11,1.0282898000004934
3,2,,2026-07-22T11:01:14.536228,105977,24335,12134,24335,1002,24335,131,24334,31,24334,7,18145,10,1.028740800000378
3,2,,2026-07-22T11:01:15.566011,106133,24538,12239,24538,1065,24538,119,24538,32,24538,10,18203,3,1.0294119000027422
3,2,,2026-07-22T11:01:16.595366,105602,24603,12105,24603,1006,24603,102,24603,41,24603,12,18118,6,1.0289258999982849
3,2,,2026-07-22T11:01:17.625266,105518,24298,11892,24298,1023,24298,134,24298,35,24298,11,18238,8,1.0295255999953952
3,2,,2026-07-22T11:01:18.654933,105466,24670,12164,24670,1080,24670,102,24670,30,24670,10,18072,8,1.02930650000053
3,2,,2026-07-22T11:01:19.684615,105418,24424,12099,24424,1044,24424,114,24424,42,24424,10,18171,11,1.0292619000028935
3,2,,2026-07-22T11:01:20.714627,104686,24209,12114,24209,1039,24209,140,24209,35,24209,14,18296,10,1.029624300004798
3,2,,2026-07-22T11:01:21.744219,105824,24529,12099,24529,986,24529,138,24529,23,24529,11,18281,3,1.029220999997051
3,2,,2026-07-22T11:01:22.774149,105815,24383,12120,24383,1009,24383,106,24383,27,24383,14,18303,8,1.0295318999997107
3,2,,2026-07-22T11:01:23.803305,105548,24185,11984,24185,1072,24185,128,24185,22,24185,24,18390,5,1.0287831999958144
3,2,,2026-07-22T11:01:24.832221,105915,24257,12068,24257,1030,24257,119,24257,28,24257,9,18370,4,1.0285626000040793
3,2,,2026-07-22T11:01:25.862597,105006,24217,12079,24217,972,24217,129,24217,31,24217,9,18318,9,1.0301155999986804
3,2,,2026-07-22T11:01:26.891717,105675,24427,11979,24427,1021,24428,110,24428,33,24428,12,18027,6,1.0288380999991205
3,2,,2026-07-22T11:01:27.920640,105585,24621,12197,24621,1093,24620,124,24620,22,24620,21,17963,11,1.0285727000009501
3,2,,2026-07-22T11:01:28.948453,105431,24636,12168,24636,1078,24636,134,24636,33,24636,13,18070,6,1.0274791999981971
3,2,,2026-07-22T11:01:29.977776,105306,24307,11906,24307,1015,24307,135,24307,52,24307,9,18221,6,1.0290591000011773
3,2,,2026-07-22T11:01:31.005464,105497,24448,12085,24448,1049,24448,133,24448,35,24448,12,18303,4,1.0273102999999537
3,2,,2026-07-22T11:01:32.035250,105816,24474,12227,24474,995,24474,131,24474,40,24474,19,18183,7,1.0294830999991973
3,2,,2026-07-22T11:01:33.065084,105786,24539,12284,24539,977,24539,128,24539,29,24539,13,18087,8,1.0294367000024067
3,2,,2026-07-22T11:01:34.094634,105912,24396,12117,24396,1010,24396,131,24396,32,24396,16,18114,9,1.0290060000043013
3,2,,2026-07-22T11:01:35.123909,105499,24377,12034,24377,1045,24377,118,24377,30,24377,16,18160,7,1.0288988999964204
3,2,,2026-07-22T11:01:36.152836,105887,24454,12115,24454,1001,24454,105,24454,21,24454,9,18168,6,1.0285628999990877
3,2,,2026-07-22T11:01:37.182626,105836,24453,12160,24453,966,24453,125,24453,38,24453,11,18436,7,1.0294138000026578
3,2,,2026-07-22T11:01:38.211096,105873,24578,12239,24578,1072,24578,137,24578,20,24578,9,18396,9,1.028174899998703
3,2,,2026-07-22T11:01:39.240632,105675,24501,12172,24501,1020,24501,110,24501,22,24501,11,18392,5,1.0291481000022031
3,2,,2026-07-22T11:01:40.269941,105363,24176,11871,24176,952,24177,138,24177,29,24177,8,18241,8,1.0289996999999858
3,2,,2026-07-22T11:01:41.299198,105528,24470,12187,24470,1075,24469,120,24469,36,24469,18,18223,8,1.0289564999984577
3,2,,2026-07-22T11:01:42.326092,105388,24456,12104,24456,1052,24456,119,24456,43,24456,6,18170,8,1.02647689999867
3,2,,2026-07-22T11:01:43.354613,105086,24181,11969,24181,1012,24181,116,24181,28,24181,14,18214,12,1.028306899999734
3,2,,2026-07-22T11:01:44.381754,105240,24252,12056,24252,1060,24252,125,24252,33,24252,12,17949,11,1.0267682999983663
3,2,,2026-07-22T11:01:45.410016,105705,24694,12082,24694,1064,24694,124,24694,35,24694,12,18399,7,1.0280124999990221
3,2,,2026-07-22T11:01:46.439642,105831,24470,12207,24470,1008,24470,115,24470,32,24470,10,18453,9,1.0292676000026404
3,2,,2026-07-22T11:01:47.467812,105279,24576,12181,24576,1056,24576,118,24576,21,24576,21,18298,9,1.0278288000044995
3,2,,2026-07-22T11:01:48.496742,105106,24478,12196,24478,1045,24478,111,24478,25,24478,10,18033,7,1.0286148000013782
3,2,,2026-07-22T11:01:49.523884,106441,24436,12032,24436,973,24436,142,24436,27,24436,13,18277,2,1.0266855000008945
3,2,,2026-07-22T11:01:50.551972,106134,24469,12202,24469,1023,24469,111,24469,31,24469,16,18311,12,1.0278484000009485
3,2,,2026-07-22T11:01:51.581764,105091,24357,12153,24357,1035,24357,132,24357,33,24357,9,18490,13,1.0294048999930965
3,2,,2026-07-22T11:01:52.610437,105785,24389,12189,24389,980,24389,142,24389,27,24389,13,18150,10,1.0282981999989715
3,2,,2026-07-22T11:01:53.639206,105258,24336,12134,24336,1036,24336,136,24336,36,24336,12,18124,6,1.028392400003213
3,2,,2026-07-22T11:01:54.668395,105485,24617,12307,24617,1063,24617,127,24617,26,24617,16,18157,8,1.0288299999956507
3,2,,2026-07-22T11:01:55.698403,105367,24291,12136,24291,1018,24291,119,24291,28,24291,11,18385,8,1.0296067000017501
3,2,,2026-07-22T11:01:56.727492,105459,24432,12100,24432,1047,24432,137,24432,37,24432,15,18344,4,1.0286902000007103
3,2,,2026-07-22T11:01:57.756599,106039,24452,12136,24452,1114,24452,119,24452,33,24452,14,18441,6,1.028679099996225
3,2,,2026-07-22T11:01:58.785630,105243,24548,12075,24548,1070,24548,134,24548,28,24548,9,18264,12,1.028650000000198
3,2,,2026-07-22T11:01:59.815229,105067,24280,11980,24280,1039,24280,125,24280,27,24280,21,18117,9,1.0292076000041561
3,2,,2026-07-22T11:02:00.844090,105670,24466,12148,24466,1060,24466,108,24466,23,24466,9,18219,9,1.028475899998739
3,2,,2026-07-22T11:02:01.872660,105108,24301,12049,24301,971,24301,130,24301,29,24301,10,18307,8,1.0281907000025967
3,2,,2026-07-22T11:02:02.901087,105284,24400,12102,24400,1018,24400,130,24400,29,24400,7,18243,10,1.0280764999988605
3,2,,2026-07-22T11:02:03.930973,105357,24075,11784,24075,1061,24075,105,24075,28,24075,14,18440,7,1.0294657999984338
3,2,,2026-07-22T11:02:04.959588,105803,24638,12301,24638,1043,24638,108,24638,26,24638,16,18512,7,1.0282306000008248
3,2,,2026-07-22T11:02:05.988416,105578,24474,12032,24474,1021,24474,118,24474,30,24474,16,18276,6,1.0284275000012713
3,2,,2026-07-22T11:02:07.017517,105644,24423,12191,24423,1022,24423,139,24423,35,24423,13,18076,4,1.0287051999985124
3,2,,2026-07-22T11:02:08.048037,105107,24463,12177,24463,1058,24463,131,24463,28,24463,13,18101,4,1.0301179000016418
3,2,,2026-07-22T11:02:09.076600,106102,24636,12183,24636,1036,24636,123,24636,36,24636,11,18166,7,1.0282030000016675
3,2,,2026-07-22T11:02:10.106129,105687,24294,12130,24294,1064,24294,116,24294,30,24294,11,18271,9,1.0291880000004312
3,2,,2026-07-22T11:02:11.134589,105805,24557,12307,24557,1048,24557,139,24557,27,24557,4,18322,8,1.0281194999988656
3,2,,2026-07-22T11:02:12.164595,105386,24198,11911,24198,1040,24198,98,24198,39,24198,15,18275,3,1.02960599999642
3,2,,2026-07-22T11:02:13.193613,105681,24382,12246,24382,1026,24382,117,24382,31,24382,11,18260,7,1.0286721000011312
3,2,,2026-07-22T11:02:14.222756,106050,24447,12022,24447,1035,24447,112,24447,28,24447,17,18091,11,1.0287814999974216
3,2,,2026-07-22T11:02:15.252964,105771,24243,12094,24243,1073,24243,122,24243,26,24243,8,18477,6,1.029884099996707
3,2,,2026-07-22T11:02:16.281870,105513,24438,12163,24438,1069,24438,116,24438,27,24438,9,18291,10,1.02851009999722
3,2,,2026-07-22T11:02:17.311402,106018,24372,12163,24372,1032,24372,122,24372,25,24372,18,18161,8,1.0290960999991512
3,2,,2026-07-22T11:02:18.340921,105368,24332,12005,24332,1096,24332,136,24332,31,24332,12,18228,8,1.0291492999967886
3,2,,2026-07-22T11:02:19.370168,105594,24203,11945,24203,1075,24203,126,24203,38,24203,14,18182,5,1.028855199998361
3,2,,2026-07-22T11:02:20.400684,104887,24385,12041,24385,1107,24385,117,24385,28,24385,10,18024,8,1.0301236000013887
3,2,,2026-07-22T11:02:21.429460,105982,24463,12028,24463,1041,24463,111,24463,29,24463,23,18369,8,1.028377399998135
3,2,,2026-07-22T11:02:22.456748,105389,24575,12135,24575,999,24575,96,24575,31,24575,7,18531,6,1.026960399998643
3,2,,2026-07-22T11:02:23.485118,105886,24426,12018,24426,1047,24426,133,24426,38,24426,12,18237,8,1.0281308999983594
3,2,,2026-07-22T11:02:24.512070,105461,24382,12150,24382,1041,24382,115,24382,26,24382,12,18188,9,1.0267032000047038
3,2,,2026-07-22T11:02:25.540574,105577,24454,12224,24454,1085,24454,118,24454,27,24454,7,18210,5,1.0281998999998905
3,2,,2026-07-22T11:02:26.568468,105637,24194,12157,24194,974,24194,123,24194,26,24194,14,18255,7,1.027551900006074
3,2,,2026-07-22T11:02:27.596268,105404,24397,12029,24397,1001,24397,125,24397,32,24397,17,18143,10,1.0275929999988875
3,2,,2026-07-22T11:02:28.623678,105348,24312,12033,24312,1075,24312,95,24312,34,24312,8,18261,8,1.0271913000033237
3,2,,2026-07-22T11:02:29.651053,105385,24295,11883,24295,1025,24295,146,24295,40,24295,14,18211,9,1.027116200006276
3,2,,2026-07-22T11:02:30.679462,105949,24357,12046,24357,1115,24357,137,24357,44,24357,13,18277,8,1.0281299999915063
3,2,,2026-07-22T11:02:31.707903,105273,24201,11950,24201,1059,24201,128,24201,27,24201,15,18015,8,1.0281425999855855
3,2,,2026-07-22T11:02:32.736895,105831,24584,12130,24584,1032,24584,117,24584,26,24584,15,18138,7,1.0286296999984188
3,2,,2026-07-22T11:02:33.766511,105450,24444,12220,24444,1026,24444,121,24444,36,24444,12,18344,6,1.029250999999931
3,2,,2026-07-22T11:02:34.795271,105732,24300,12071,24300,989,24300,112,24300,25,24300,14,18046,13,1.028459399996791
3,2,,2026-07-22T11:02:35.824107,104984,24361,12068,24361,983,24361,116,24361,29,24361,18,18134,7,1.0284188999939943
3,2,,2026-07-22T11:02:36.853151,105785,24577,12131,24577,1018,24577,125,24577,27,24577,12,18185,5,1.0287750999996206
3,2,,2026-07-22T11:02:37.881766,106245,24485,12166,24485,1066,24485,121,24485,28,24485,12,18160,6,1.0282581000064965
3,2,,2026-07-22T11:02:38.910961,105346,24463,12272,24463,1053,24463,129,24463,31,24463,3,18067,11,1.028804499990656
3,2,,2026-07-22T11:02:39.940979,105549,24380,12019,24380,998,24380,116,24380,25,24380,12,18343,10,1.0296399999933783
3,2,,2026-07-22T11:02:40.970435,105504,24592,11993,24592,1080,24592,123,24592,31,24592,12,18138,6,1.0290887000010116
3,2,,2026-07-22T11:02:42.001282,105776,24436,11963,24436,1043,24436,123,24436,36,24436,10,18166,3,1.0304693999933079
3,2,,2026-07-22T11:02:43.030894,106119,24535,12264,24535,958,24535,135,24535,28,24535,11,18526,9,1.029190799992648
3,2,,2026-07-22T11:02:44.060846,105311,24199,11854,24199,989,24199,123,24199,32,24199,17,18273,9,1.029552000007243
3,2,,2026-07-22T11:02:45.089684,105982,24378,12075,24378,1070,24378,122,24378,33,24378,14,18310,5,1.0284432000044035
3,2,,2026-07-22T11:02:46.119715,105453,24536,12043,24536,985,24536,133,24536,33,24536,16,18272,9,1.029520500000217
3,2,,2026-07-22T11:02:47.149307,105635,24343,12007,24343,1083,24343,122,24343,40,24343,13,18532,5,1.0292711000074632
3,2,,2026-07-22T11:02:48.178325,105757,24493,12212,24493,1047,24493,121,24493,28,24493,12,18178,6,1.0286665999883553
3,2,,2026-07-22T11:02:49.207651,105682,24537,12239,24538,1050,24538,139,24538,36,24538,5,18230,3,1.0289099999936298
3,2,,2026-07-22T11:02:50.234899,105988,24443,12137,24442,1048,24442,114,24442,30,24442,15,18246,6,1.0268151999916881
3,2,,2026-07-22T11:02:51.264074,105296,24488,12138,24488,991,24488,125,24488,25,24488,15,18381,11,1.028914700000314
3,2,,2026-07-22T11:02:52.293745,105554,24646,12211,24646,1069,24646,120,24646,32,24646,11,18191,9,1.029337799991481
3,2,,2026-07-22T11:02:53.322779,105763,24521,12156,24521,1044,24521,125,24521,32,24521,10,18365,6,1.02859799998987
3,2,,2026-07-22T11:02:54.352153,104990,24680,12263,24680,1084,24680,153,24681,31,24681,7,18198,9,1.0289986999996472
3,2,,2026-07-22T11:02:55.381111,105931,24647,12169,24647,1098,24647,131,24646,36,24646,9,18403,2,1.0285949000099208
3,2,,2026-07-22T11:02:56.410296,105500,24402,11965,24402,1014,24402,100,24402,27,24402,12,18340,14,1.0287738000042737
3,2,,2026-07-22T11:02:57.439836,105579,24200,11977,24200,1050,24200,139,24200,36,24200,7,18168,9,1.0291477999999188
3,2,,2026-07-22T11:02:58.468533,105878,24427,12075,24427,991,24427,109,24427,31,24427,13,18225,3,1.0283033000014257
3,2,,2026-07-22T11:02:59.497339,105827,24431,12104,24431,972,24431,119,24431,27,24431,10,18257,6,1.0283236999966903
3,2,,2026-07-22T11:03:00.526075,105706,24384,12144,24384,1009,24384,130,24384,33,24384,14,18111,12,1.028378299990436
3,2,,2026-07-22T11:03:01.554807,105219,24277,11908,24277,1100,24277,107,24277,28,24277,12,17990,10,1.0284053000068525
3,2,,2026-07-22T11:03:02.584141,105744,24357,12036,24357,1034,24357,128,24357,24,24357,15,18360,2,1.028958299997612
3,2,,2026-07-22T11:03:03.613708,106148,24417,12102,24417,1055,24417,113,24417,41,24417,16,18254,9,1.0291741999972146
3,2,,2026-07-22T11:03:04.643085,105359,24402,12084,24402,1007,24402,136,24402,28,24402,10,18041,7,1.0290141999867046
3,2,,2026-07-22T11:03:05.671821,105297,24233,12037,24233,1041,24233,119,24233,16,24233,12,18224,4,1.0283429000119213
3,2,,2026-07-22T11:03:06.701138,105583,24555,12248,24555,1061,24555,134,24555,32,24555,8,18515,9,1.0289390000107232
3,2,,2026-07-22T11:03:07.730380,105855,24465,12230,24465,996,24465,126,24465,25,24465,13,18294,1,1.0288943000050494
3,2,,2026-07-22T11:03:08.759384,105933,24155,11954,24155,1065,24155,116,24156,31,24156,13,18425,8,1.028648899999098
3,2,,2026-07-22T11:03:09.786620,105348,24410,12123,24410,1016,24410,111,24409,31,24409,12,18225,6,1.0269083000021055
3,2,,2026-07-22T11:03:10.815060,105293,24223,12044,24223,988,24223,111,24223,27,24223,16,18354,6,1.0281441999977687
3,2,,2026-07-22T11:03:11.845842,106014,24419,12074,24419,1021,24419,128,24419,36,24419,20,18575,6,1.0304432999982964
3,2,,2026-07-22T11:03:12.875307,105277,24636,12127,24636,1071,24636,119,24636,30,24636,15,18259,3,1.029080199994496
3,2,,2026-07-22T11:03:13.903512,105311,24579,12154,24579,1051,24579,125,24579,29,24579,15,18355,8,1.027856899992912
3,2,,2026-07-22T11:03:14.931832,105981,24491,12124,24491,1045,24491,118,24491,37,24491,7,18166,6,1.0279642000095919
3,2,,2026-07-22T11:03:15.961733,105749,24506,12189,24506,1037,24506,118,24506,25,24506,14,18277,9,1.0294085000059567
3,2,,2026-07-22T11:03:16.990524,105397,24380,12245,24380,1045,24380,110,24380,24,24380,11,17938,10,1.0283931999874767
3,2,,2026-07-22T11:03:18.019790,106066,24593,12149,24593,1055,24593,127,24593,33,24593,13,18342,9,1.0289155000064056
3,2,,2026-07-22T11:03:19.049160,105653,24474,12154,24474,1065,24474,132,24474,24,24474,16,18199,7,1.0289772999967681
3,2,,2026-07-22T11:03:20.079572,105200,24110,11970,24110,997,24110,120,24110,34,24110,24,18476,3,1.030072099994868
3,2,,2026-07-22T11:03:21.108215,105955,24121,11915,24121,1024,24121,133,24121,29,24121,7,18165,7,1.0282940000033705
3,2,,2026-07-22T11:03:22.137823,105507,24132,11840,24132,993,24132,130,24132,30,24132,15,18259,4,1.0291911999956938
3,2,,2026-07-22T11:03:23.167025,105436,24294,12165,24294,989,24294,145,24294,30,24294,11,18390,12,1.0288203999953112
3,2,,2026-07-22T11:03:24.195545,105804,24299,12096,24299,1038,24299,120,24299,38,24299,9,18295,6,1.028154400002677
3,2,,2026-07-22T11:03:25.225382,106264,24519,12278,24519,1043,24519,113,24519,26,24519,16,18171,6,1.0294714999909047
3,2,,2026-07-22T11:03:26.255053,105729,24501,12096,24501,1035,24501,112,24501,29,24501,13,18514,9,1.0292938999918988
3,2,,2026-07-22T11:03:27.284202,105746,24851,12213,24851,1068,24851,122,24851,27,24851,18,18112,8,1.028752700003679
3,2,,2026-07-22T11:03:28.312840,105635,24779,12393,24779,1073,24779,131,24779,22,24779,7,18302,8,1.0282957000017632
3,2,,2026-07-22T11:03:29.341960,105739,24463,12194,24463,1029,24463,111,24463,38,24463,10,18260,8,1.0287459999963176
3,2,,2026-07-22T11:03:30.371175,106102,24482,12125,24482,1081,24482,131,24482,28,24482,13,18261,10,1.0288409999920987
3,2,,2026-07-22T11:03:31.399492,105590,24569,12184,24569,1078,24569,125,24569,32,24569,12,18053,6,1.027938199986238
3,2,,2026-07-22T11:03:32.428966,105433,24554,12113,24554,1012,24554,116,24554,36,24554,12,17977,5,1.0291051999956835
3,2,,2026-07-22T11:03:33.458497,105243,24375,11943,24375,1075,24375,125,24375,34,24375,13,18119,10,1.0291631000000052
3,2,,2026-07-22T11:03:34.488337,105888,24665,12192,24665,1082,24665,128,24665,34,24665,14,18262,7,1.0294365000008838
3,2,,2026-07-22T11:03:35.516564,105678,24426,12104,24426,1027,24426,119,24426,35,24426,8,18058,4,1.027866400007042
3,2,,2026-07-22T11:03:36.545993,105760,24384,11915,24384,1084,24384,120,24384,29,24384,12,18094,8,1.029073999990942
3,2,,2026-07-22T11:03:37.576684,105388,24413,12089,24413,1101,24413,140,24413,25,24413,10,18354,6,1.0303476999979466
3,2,,2026-07-22T11:03:38.605831,105801,24427,12055,24427,1036,24427,125,24427,32,24427,12,18193,9,1.028735300002154
3,2,,2026-07-22T11:03:39.634419,105872,24381,12192,24381,1103,24381,124,24381,29,24381,10,18261,8,1.0281236000009812
3,2,,2026-07-22T11:03:40.663183,105542,24249,12073,24249,976,24249,125,24249,27,24249,11,18010,10,1.028414000000339
3,2,,2026-07-22T11:03:41.691406,105812,24094,11833,24094,1080,24094,115,24094,30,24094,14,18117,6,1.0278058999974746
3,2,,2026-07-22T11:03:42.720361,106016,24406,12128,24406,1027,24406,127,24406,35,24406,13,18067,8,1.0285653000028105
3,2,,2026-07-22T11:03:43.749297,105311,24565,12132,24565,1053,24565,105,24565,28,24566,14,18016,7,1.0285896999994293
3,2,,2026-07-22T11:03:44.779157,105809,24132,12043,24132,1062,24132,138,24132,44,24131,19,18331,9,1.02945990000444
3,2,,2026-07-22T11:03:45.810101,105765,24299,12115,24299,1008,24299,136,24299,30,24299,14,18382,9,1.030483099995763
3,2,,2026-07-22T11:03:46.839937,105834,24675,12155,24675,1057,24675,132,24675,42,24675,12,18174,10,1.0294277999928454
3,2,,2026-07-22T11:03:47.869513,105183,24338,12179,24338,1031,24338,110,24338,34,24338,18,18134,5,1.029175200004829
3,2,,2026-07-22T11:03:48.898163,105672,24331,12138,24331,1040,24331,122,24331,30,24331,16,18271,4,1.0282666999992216
3,2,,2026-07-22T11:03:49.926413,105530,24277,12036,24277,989,24277,104,24277,26,24277,11,18328,9,1.027747600004659
3,2,,2026-07-22T11:03:50.955567,105753,24340,11894,24340,1102,24340,110,24340,34,24340,18,18580,7,1.0286926000117091
3,2,,2026-07-22T11:03:51.983842,105478,24668,12310,24668,1065,24668,125,24668,32,24668,12,18363,6,1.0279057000007015
3,2,,2026-07-22T11:03:53.013354,106303,24372,11884,24372,1006,24372,127,24372,37,24372,24,18390,11,1.0291044000041438
3,2,,2026-07-22T11:03:54.041646,105232,24301,12184,24301,1012,24301,122,24301,22,24301,9,18092,13,1.027877799991984
3,2,,2026-07-22T11:03:55.070264,105726,24444,11901,24444,1049,24444,128,24444,31,24445,19,18351,5,1.028241899999557
3,2,,2026-07-22T11:03:56.098560,106270,24585,12304,24585,1018,24585,138,24585,27,24584,9,18256,10,1.0279265999997733
3,2,,2026-07-22T11:03:57.128494,105515,24352,11985,24352,1039,24352,129,24352,39,24352,7,18537,7,1.0295501999935368
3,2,,2026-07-22T11:03:58.157624,105708,24481,12040,24481,1089,24481,124,24481,33,24481,14,18273,6,1.0288151999993715
3,2,,2026-07-22T11:03:59.186685,105431,24403,12167,24403,1073,24403,104,24403,34,24403,11,18358,10,1.028688400008832
3,2,,2026-07-22T11:04:00.214800,105981,24415,12174,24415,1059,24415,106,24415,30,24415,16,18285,8,1.027721800011932
3,2,,2026-07-22T11:04:01.245116,105951,24569,12000,24569,1051,24569,129,24569,35,24569,11,18354,13,1.0300260000076378
3,2,,2026-07-22T11:04:02.275202,105526,24368,12136,24368,1087,24368,99,24368,35,24368,16,18280,3,1.0296836999914376
3,2,,2026-07-22T11:04:03.304003,106141,24453,12194,24453,1028,24453,119,24453,28,24453,7,18139,6,1.0285398999985773
3,2,,2026-07-22T11:04:04.333985,106035,24424,12165,24424,1051,24424,108,24424,41,24424,8,18271,5,1.0296362999943085
3,2,,2026-07-22T11:04:05.362924,105727,24572,12161,24572,1053,24572,125,24572,27,24572,18,18318,5,1.0285549000109313
3,2,,2026-07-22T11:04:06.391904,105869,24418,11920,24418,1100,24418,120,24418,40,24418,14,18524,7,1.028575099990121
3,2,,2026-07-22T11:04:07.420354,106313,24365,12083,24365,992,24365,117,24365,44,24365,12,18191,8,1.0280119000090053
3,2,,2026-07-22T11:04:08.449824,105853,24409,12216,24409,1021,24409,115,24409,41,24409,14,18354,8,1.0291052000102354
3,2,,2026-07-22T11:04:09.479108,105642,24569,12147,24569,1075,24569,111,24569,36,24569,11,18433,10,1.0289426999952411
3,2,,2026-07-22T11:04:10.508382,106074,24543,12251,24543,1038,24543,123,24543,19,24543,11,18143,6,1.028886699990835
3,2,,2026-07-22T11:04:11.536932,105761,24505,12133,24505,1053,24505,126,24505,23,24505,11,18268,6,1.0282358999975258
3,2,,2026-07-22T11:04:12.564635,106016,24229,11954,24229,996,24229,125,24229,25,24229,10,18192,7,1.027334600003087
3,2,,2026-07-22T11:04:13.595499,105457,24355,12024,24355,1059,24355,115,24355,20,24355,14,18107,10,1.0304816999996547
3,2,,2026-07-22T11:04:14.623316,105967,24547,11986,24547,1030,24547,118,24547,29,24547,11,18349,12,1.0274939000082668
3,2,,2026-07-22T11:04:15.652302,104667,24232,12091,24232,982,24232,118,24232,34,24232,14,18106,6,1.0286517999920761
3,2,,2026-07-22T11:04:16.680434,105148,24269,11948,24269,1000,24269,136,24269,32,24269,11,18437,7,1.027734999996028
3,2,,2026-07-22T11:04:17.710022,106424,24650,11987,24650,1007,24650,124,24650,39,24650,12,18329,6,1.0292637999955332
3,2,,2026-07-22T11:04:18.739848,105748,24474,12101,24474,1075,24474,103,24474,36,24474,15,18309,6,1.029394199998933
3,2,,2026-07-22T11:04:19.768892,106072,24508,12142,24508,1090,24508,129,24508,34,24508,11,18336,6,1.028696300010779
3,2,,2026-07-22T11:04:20.797571,105854,24373,12060,24373,1035,24373,117,24373,40,24373,8,18475,9,1.0283366000076057
3,2,,2026-07-22T11:04:21.826733,105584,24302,12062,24302,1001,24302,110,24302,25,24302,14,18497,7,1.0287801999947987
3,2,,2026-07-22T11:04:22.856039,105909,24464,12172,24464,1031,24464,97,24464,26,24464,15,18347,4,1.0289400000037858
3,2,,2026-07-22T11:04:23.884785,105266,24169,12018,24169,1009,24169,125,24169,27,24169,13,18445,4,1.028445300005842
3,2,,2026-07-22T11:04:24.913487,105000,24396,12023,24397,1068,24397,120,24397,26,24397,14,18213,6,1.0283291999949142
3,2,,2026-07-22T11:04:25.942889,105227,24451,12037,24450,1016,24450,106,24450,37,24450,15,18327,14,1.0289425999944797
3,2,,2026-07-22T11:04:26.971802,106048,24664,12186,24664,1046,24664,115,24664,27,24664,14,18351,6,1.0285193000017898
3,2,,2026-07-22T11:04:28.001226,105532,24300,12083,24300,1059,24300,114,24300,25,24300,10,18387,7,1.029048700002022
3,2,,2026-07-22T11:04:29.030490,105901,24502,12178,24502,1029,24502,126,24502,28,24502,12,18037,2,1.0289175999932922
3,2,,2026-07-22T11:04:30.059041,105844,24719,12371,24719,1033,24719,104,24719,31,24719,12,18288,7,1.0281896999949822
3,2,,2026-07-22T11:04:31.088684,105829,24539,12172,24539,1061,24539,121,24540,19,24540,10,18165,8,1.0293049000028986
3,2,,2026-07-22T11:04:32.115150,105965,24451,12104,24451,1000,24451,119,24450,29,24450,14,18224,13,1.0261368000064977
3,2,,2026-07-22T11:04:33.143541,105677,24475,12110,24475,1060,24475,113,24475,31,24475,8,18411,8,1.0281838000082644
3,2,,2026-07-22T11:04:34.172440,105921,24300,12039,24300,1069,24300,132,24300,25,24300,15,18441,7,1.0285227999993367
3,2,,2026-07-22T11:04:35.201314,105725,24540,12115,24540,1071,24540,100,24540,26,24540,15,18360,1,1.028513600002043
3,2,,2026-07-22T11:04:36.230841,105983,24663,12214,24663,1100,24663,102,24663,20,24663,13,18279,9,1.0291302999976324
3,2,,2026-07-22T11:04:37.260705,105815,24278,12079,24279,1052,24279,122,24279,36,24279,21,18256,5,1.0294359999970766
3,2,,2026-07-22T11:04:38.290076,105706,24521,12119,24520,1032,24521,125,24521,27,24521,14,18455,11,1.0289546999993036
3,2,,2026-07-22T11:04:39.319407,105730,24562,12185,24562,1024,24561,133,24561,22,24561,14,18539,11,1.0289465999958338
3,2,,2026-07-22T11:04:40.348126,105554,24643,12049,24643,1004,24643,128,24643,32,24643,14,18380,12,1.0283406999951694
3,2,,2026-07-22T11:04:41.378031,105972,24477,12181,24477,1062,24477,116,24477,35,24477,11,18439,8,1.029565700009698
3,2,,2026-07-22T11:04:42.407490,105441,24515,12132,24515,1031,24515,135,24515,26,24515,13,18159,10,1.0290650999959325
3,2,,2026-07-22T11:04:43.436220,106013,24438,12073,24438,1037,24438,118,24438,31,24438,17,18351,8,1.0283608000027016
3,2,,2026-07-22T11:04:44.465303,105921,24551,12169,24551,1028,24551,130,24551,23,24551,10,18457,9,1.0287106000032509
3,2,,2026-07-22T11:04:45.494887,105529,24349,12020,24349,1012,24349,127,24350,38,24350,9,18299,9,1.0292041000066092
3,2,,2026-07-22T11:04:46.524977,105874,24561,12145,24561,1093,24561,115,24560,30,24560,14,18558,6,1.0297153999999864
3,2,,2026-07-22T11:04:47.553365,105005,24277,12068,24277,990,24277,110,24277,32,24277,12,18108,10,1.027993499999866
3,2,,2026-07-22T11:04:48.582370,105623,24446,12009,24446,1114,24446,131,24446,42,24446,14,18477,6,1.0286593999917386
3,2,,2026-07-22T11:04:49.611879,105401,24154,11984,24154,1034,24154,101,24154,30,24154,17,18465,7,1.029130900002201
3,2,,2026-07-22T11:04:50.641416,105630,24376,12042,24376,1040,24376,117,24376,37,24376,15,18466,8,1.0291574000002583
3,2,,2026-07-22T11:04:51.669414,106155,24413,12181,24413,1044,24413,130,24413,32,24413,17,18213,5,1.0275891000055708
3,2,,2026-07-22T11:04:52.697961,106302,24638,12174,24638,1033,24638,119,24638,26,24638,17,18539,6,1.0281924000009894
3,2,,2026-07-22T11:04:53.728111,105101,24384,12078,24384,983,24384,129,24384,28,24384,17,18152,4,1.029791600012686
3,2,,2026-07-22T11:04:54.758177,105846,24302,12125,24302,1066,24302,120,24302,37,24302,11,18268,8,1.0296560999995563
3,2,,2026-07-22T11:04:55.786887,105738,24535,12229,24535,1037,24535,123,24535,31,24535,21,18378,7,1.0282537000020966
3,2,,2026-07-22T11:04:56.815525,105842,24487,12126,24488,1062,24488,107,24488,25,24488,14,18332,5,1.0282501000037882
3,2,,2026-07-22T11:04:57.845735,105725,24575,12170,24574,1008,24574,113,24574,27,24574,10,18253,6,1.029844899996533
3,2,,2026-07-22T11:04:58.875451,106202,24351,12137,24351,1051,24351,107,24351,28,24351,11,18398,9,1.02930870000273
3,2,,2026-07-22T11:04:59.905224,106197,24733,12090,24733,1063,24733,112,24733,35,24733,9,18249,4,1.0293837999925017
3,2,,2026-07-22T11:05:00.934350,105914,24591,12173,24591,1092,24591,138,24591,32,24591,19,18279,6,1.0287718000035966
3,2,,2026-07-22T11:05:01.962929,105715,24482,12135,24482,1109,24482,98,24482,29,24482,13,18378,10,1.0281506000028457
3,2,,2026-07-22T11:05:02.993104,105300,24724,12072,24724,1065,24724,131,24724,33,24724,10,18436,6,1.029733600007603
3,2,,2026-07-22T11:05:04.023544,105628,24379,12148,24379,983,24379,128,24379,30,24379,10,18088,7,1.0299514000071213
3,2,,2026-07-22T11:05:05.052724,105650,24227,12091,24227,983,24227,125,24227,35,24227,14,18295,10,1.028690099992673
3,2,,2026-07-22T11:05:06.081538,104764,24163,11999,24163,1089,24163,116,24163,26,24163,12,18479,3,1.02844969999569
3,2,,2026-07-22T11:05:07.111752,105695,24356,12008,24356,1043,24356,111,24356,38,24356,8,18056,11,1.02981579999323
3,2,,2026-07-22T11:05:08.140690,105548,24262,12113,24262,1025,24262,110,24262,25,24262,12,18253,9,1.0284648000088055
3,2,,2026-07-22T11:05:09.169545,105737,24312,12017,24312,1009,24312,126,24312,36,24312,18,18421,6,1.0283182999992277
3,2,,2026-07-22T11:05:10.198416,105209,24529,12368,24529,1018,24529,125,24529,27,24529,13,18210,4,1.028441999995266
3,2,,2026-07-22T11:05:11.227565,105368,24629,12194,24629,1108,24629,123,24629,27,24629,11,18086,3,1.0288016000122298
3,2,,2026-07-22T11:05:12.256811,105636,24547,12119,24547,1073,24547,112,24548,32,24548,13,18363,9,1.0288836999970954
3,2,,2026-07-22T11:05:13.285973,105355,24595,12163,24595,1042,24595,123,24594,42,24594,11,18242,4,1.028803200009861
3,2,,2026-07-22T11:05:14.314442,106059,24570,12113,24570,1045,24570,112,24570,29,24570,16,18312,6,1.0281050000048708
3,2,,2026-07-22T11:05:15.344114,105498,24379,12035,24379,1075,24379,132,24379,32,24379,7,18056,7,1.0292649000039091
3,2,,2026-07-22T11:05:16.374168,105971,24614,12270,24614,1091,24614,121,24614,24,24614,10,18421,8,1.0296558999980334
3,2,,2026-07-22T11:05:17.404460,104891,24294,11802,24294,1004,24294,106,24294,30,24294,15,18271,6,1.029919600012363
3,2,,2026-07-22T11:05:18.433578,105922,24434,12073,24434,1044,24435,138,24435,37,24435,14,18258,3,1.0287618000002112
3,2,,2026-07-22T11:05:19.462408,104982,24247,12033,24247,1032,24246,100,24246,38,24246,9,18388,6,1.0284514000086347
3,2,,2026-07-22T11:05:20.491949,106183,24680,12270,24680,1012,24680,124,24680,26,24680,10,18404,4,1.0291628999984823
3,2,,2026-07-22T11:05:21.520796,105326,24700,12185,24700,1045,24700,109,24700,28,24700,11,18554,6,1.0284657000011066
3,2,,2026-07-22T11:05:22.550074,106430,24518,12082,24518,1056,24518,121,24518,29,24518,9,18559,14,1.0288641000079224
3,2,,2026-07-22T11:05:23.579012,105846,24482,12072,24482,994,24482,119,24482,27,24482,15,18514,7,1.028534299999592
3,2,,2026-07-22T11:05:24.608569,105512,24333,12078,24333,1006,24333,115,24333,31,24333,14,18377,9,1.0291977000015322
3,2,,2026-07-22T11:05:25.637393,105647,24535,12022,24535,1066,24535,124,24535,38,24535,16,18213,6,1.0285027000063565
3,2,,2026-07-22T11:05:26.666049,105895,24459,11996,24459,986,24459,112,24459,32,24459,11,18436,13,1.0283253000088735
3,2,,2026-07-22T11:05:27.694787,105237,24275,12027,24275,1080,24275,111,24275,28,24275,16,18467,5,1.0284298999904422
3,2,,2026-07-22T11:05:28.724439,105351,24429,12098,24429,1019,24429,122,24429,28,24429,16,18332,12,1.0292828000092413
3,2,,2026-07-22T11:05:29.753540,105729,24598,11964,24598,1085,24598,119,24598,27,24598,14,18582,8,1.0286422000062885
3,2,,2026-07-22T11:05:30.782826,105179,24304,11980,24304,999,24304,147,24304,30,24304,8,18700,6,1.0289281000004848
3,2,,2026-07-22T11:05:31.812765,105485,24467,12118,24467,998,24467,112,24467,29,24467,9,18297,8,1.0295427000091877
3,2,,2026-07-22T11:05:32.842708,105686,24767,12344,24767,1059,24767,112,24767,33,24767,9,18387,4,1.0295876000018325
3,2,,2026-07-22T11:05:33.870227,105229,24472,12147,24472,1071,24472,122,24472,26,24472,10,18392,9,1.0271893000026466
3,2,,2026-07-22T11:05:34.900524,105120,24290,11932,24290,1037,24290,131,24290,29,24290,17,18157,4,1.0300150999973994
3,2,,2026-07-22T11:05:35.929779,105454,24758,12210,24758,1044,24758,106,24758,27,24758,10,18438,11,1.0288989999971818
3,2,,2026-07-22T11:05:36.959384,105606,24327,11996,24327,1037,24327,127,24327,29,24327,15,18284,6,1.0292162999976426
3,2,,2026-07-22T11:05:37.987953,105039,24445,12048,24445,1010,24445,122,24445,38,24445,10,18206,3,1.0281736999895656
3,2,,2026-07-22T11:05:39.017446,106187,24477,12113,24477,1053,24477,128,24477,29,24477,13,18350,13,1.029106400004821
3,2,,2026-07-22T11:05:40.046996,104846,24582,12076,24582,1082,24582,123,24582,33,24582,18,18123,3,1.029203400001279
3,2,,2026-07-22T11:05:41.074507,105602,24276,12139,24276,1042,24276,114,24276,30,24276,9,18203,8,1.0271759000024758
3,2,,2026-07-22T11:05:42.102541,105036,24214,11965,24214,1068,24214,97,24214,24,24214,14,18136,8,1.0277400000049965
3,2,,2026-07-22T11:05:43.129970,105334,24552,12165,24552,1061,24552,122,24552,31,24552,10,18256,7,1.0271849999990081
3,2,,2026-07-22T11:05:44.156786,104908,24303,12074,24303,984,24303,137,24303,34,24303,14,18192,8,1.026569500012556
3,2,,2026-07-22T11:05:45.186538,105168,24408,11981,24408,1066,24408,120,24408,31,24408,10,18200,4,1.0294751999899745
3,2,,2026-07-22T11:05:46.216178,105477,24536,12011,24536,1073,24536,113,24536,26,24536,10,18489,8,1.0292656999954488
3,2,,2026-07-22T11:05:47.244710,105096,24268,12125,24268,1040,24268,110,24268,27,24268,14,18404,7,1.028136099994299
3,2,,2026-07-22T11:05:48.273655,104907,24442,11870,24442,1034,24442,108,24442,25,24442,14,18263,6,1.0285620000067865
3,2,,2026-07-22T11:05:49.302643,105243,24493,12073,24493,1043,24493,126,24493,35,24493,9,18092,3,1.0285941000038292
3,2,,2026-07-22T11:05:50.331216,105313,24196,11847,24196,1019,24196,130,24196,32,24196,13,18280,7,1.0281949999916833
3,2,,2026-07-22T11:05:51.361097,105638,24770,12364,24770,1075,24770,118,24770,35,24770,10,18405,7,1.0294936999998754
3,2,,2026-07-22T11:05:52.389407,106061,24567,12027,24567,1068,24567,126,24567,35,24567,14,18623,11,1.0279439000005368
3,2,,2026-07-22T11:05:53.418434,105622,24595,12008,24595,1041,24595,124,24595,35,24595,8,18546,11,1.0286415000009583
3,2,,2026-07-22T11:05:54.447679,105393,24409,11999,24409,1067,24409,113,24409,28,24409,6,18556,8,1.028841299994383
3,2,,2026-07-22T11:05:55.476438,105767,24679,12079,24679,1032,24679,135,24679,31,24679,15,18092,8,1.028460699992138
3,2,,2026-07-22T11:05:56.504923,105268,24479,12127,24479,1037,24479,117,24479,28,24479,10,18244,11,1.028120700008003
3,2,,2026-07-22T11:05:57.534126,105341,24489,12128,24489,1024,24489,125,24489,24,24489,9,18287,9,1.0288341999985278
3,2,,2026-07-22T11:05:58.562626,105050,24382,11936,24382,1028,24382,109,24382,32,24382,7,18415,9,1.0281203999911668
3,2,,2026-07-22T11:05:59.591748,105449,24526,12112,24526,1081,24526,136,24526,28,24526,6,18203,5,1.0287742000073195
3,2,,2026-07-22T11:06:00.620121,104958,24526,12043,24526,995,24526,121,24526,32,24526,14,18298,8,1.0280307000066387
3,2,,2026-07-22T11:06:01.648967,105169,24440,12006,24440,1060,24440,118,24440,31,24440,14,18274,7,1.0284836000064388
3,2,,2026-07-22T11:06:02.678973,105354,24395,11973,24395,1048,24395,115,24395,26,24395,8,18434,6,1.0295632000052137
3,2,,2026-07-22T11:06:03.708223,105440,24585,12093,24585,1079,24585,114,24585,31,24585,13,18399,8,1.0289492000010796
3,2,,2026-07-22T11:06:04.736912,105685,24629,12226,24629,1025,24629,127,24629,26,24629,13,18199,7,1.0283086999988882
3,2,,2026-07-22T11:06:05.765564,104867,24364,11992,24364,1039,24364,128,24364,29,24364,18,18416,7,1.0282817999977851
3,2,,2026-07-22T11:06:06.794233,105708,24525,12055,24525,1017,24525,119,24525,31,24525,13,18467,9,1.0282798999978695
3,2,,2026-07-22T11:06:07.822761,105128,24600,12100,24600,1082,24600,108,24600,33,24600,23,18291,6,1.0281211999972584
3,2,,2026-07-22T11:06:08.851546,105402,24289,12040,24289,1007,24289,108,24289,32,24289,14,18285,10,1.0284186000062618
3,2,,2026-07-22T11:06:09.881009,105361,24508,11931,24508,1028,24508,117,24508,28,24508,11,18497,8,1.0290835999912815
3,2,,2026-07-22T11:06:10.910421,105166,24385,12109,24385,1015,24385,119,24385,34,24385,13,18440,14,1.0289966999989701
3,2,,2026-07-22T11:06:11.939532,105085,24205,11949,24205,1034,24205,129,24205,29,24205,10,18224,8,1.0287865999998758
3,2,,2026-07-22T11:06:12.969067,105063,24771,12285,24771,1003,24771,96,24771,27,24771,7,18352,6,1.0291099999885773
3,2,,2026-07-22T11:06:13.998745,104999,24561,12111,24561,1047,24561,121,24561,35,24561,11,18034,10,1.029300099995453
3,2,,2026-07-22T11:06:15.028013,105367,24520,12208,24520,1063,24520,115,24520,20,24520,18,18237,5,1.0287690999975894
3,2,,2026-07-22T11:06:16.056750,104979,24416,12110,24416,1061,24416,118,24416,31,24416,11,18379,7,1.028287499997532
3,2,,2026-07-22T11:06:17.085514,105269,24418,12011,24418,1015,24418,111,24418,34,24418,9,18441,6,1.0283527999999933
3,2,,2026-07-22T11:06:18.114593,105867,24682,12405,24682,1042,24682,134,24682,31,24682,11,18472,8,1.02867560001323
3,2,,2026-07-22T11:06:19.143355,105412,24503,12064,24503,1079,24503,108,24503,27,24503,10,18302,9,1.0284410000022035
3,2,,2026-07-22T11:06:20.172549,105053,24412,12159,24412,1035,24412,104,24412,27,24412,19,18451,8,1.02876530001231
3,2,,2026-07-22T11:06:21.201093,104702,24247,11824,24247,1049,24247,118,24247,34,24247,14,18196,10,1.0281581000017468
3,2,,2026-07-22T11:06:22.230346,104890,24308,12222,24308,1046,24308,107,24308,23,24308,19,18179,4,1.0288738000090234
3,2,,2026-07-22T11:06:23.259089,105155,24509,12115,24509,1010,24509,106,24509,33,24509,11,18318,12,1.028375199995935
3,2,,2026-07-22T11:06:24.288008,105567,24200,11920,24200,1014,24200,104,24200,31,24200,19,18209,9,1.0285494999989169
3,2,,2026-07-22T11:06:25.317876,105535,24550,12059,24550,1058,24550,123,24550,30,24550,14,18278,6,1.029536799993366
3,2,,2026-07-22T11:06:26.348428,105625,24502,12265,24502,1063,24502,103,24502,36,24502,12,18298,8,1.0301826000068104
3,2,,2026-07-22T11:06:27.378114,105092,24677,12204,24677,1003,24677,135,24677,41,24677,8,18353,6,1.0293220000021392
3,2,,2026-07-22T11:06:28.407069,104881,24232,11938,24232,1052,24232,128,24232,30,24232,6,18293,8,1.028622699988773
3,2,,2026-07-22T11:06:29.436809,104915,24100,11875,24100,972,24100,130,24100,23,24100,19,18417,8,1.0292917999904603
3,2,,2026-07-22T11:06:30.466424,105187,24299,11899,24299,1025,24299,116,24299,30,24299,8,18096,5,1.029301899994607
3,2,,2026-07-22T11:06:31.496544,105227,24243,11875,24243,1034,24243,111,24243,38,24243,9,18381,6,1.0296543000004021
3,2,,2026-07-22T11:06:32.525951,105470,24539,12011,24539,1036,24539,112,24539,26,24539,8,18052,3,1.0289734999969369
3,2,,2026-07-22T11:06:33.554516,105284,24594,12096,24594,1064,24594,135,24594,30,24594,12,18390,9,1.0281631000107154
3,2,,2026-07-22T11:06:34.583523,105324,24546,12101,24546,1073,24546,123,24546,31,24546,12,18220,4,1.0286084999970626
3,2,,2026-07-22T11:06:35.611919,105766,24438,12239,24438,1020,24438,132,24438,31,24438,19,18404,8,1.0280078000068897
3,2,,2026-07-22T11:06:36.640575,105214,24260,12089,24260,988,24260,127,24260,45,24260,10,18446,8,1.0283478000055766
3,2,,2026-07-22T11:06:37.668914,105227,24351,12000,24351,1033,24351,122,24351,31,24351,13,18169,4,1.027959600003669
3,2,,2026-07-22T11:06:38.697550,104907,24711,12153,24711,981,24711,128,24711,39,24711,9,18386,12,1.0282940000033705
3,2,,2026-07-22T11:06:39.726509,105873,24454,12051,24454,1021,24454,117,24454,37,24454,13,18369,5,1.0286765999917407
3,2,,2026-07-22T11:06:40.756954,105195,24348,11954,24348,1055,24348,126,24348,20,24348,7,18394,7,1.0300210999994306
3,2,,2026-07-22T11:06:41.786052,105639,24478,12210,24478,1033,24478,128,24478,25,24478,9,18618,12,1.0288096000003861
3,2,,2026-07-22T11:06:42.816593,105033,24276,12006,24276,1037,24276,106,24276,18,24276,10,18167,6,1.030210699987947
3,2,,2026-07-22T11:06:43.844864,105395,24372,12154,24372,1050,24372,113,24372,27,24372,6,18219,2,1.0278847000008682
3,2,,2026-07-22T11:06:44.873866,104965,24116,11984,24116,1049,24116,121,24116,28,24116,8,18240,9,1.0285965999937616
3,2,,2026-07-22T11:06:45.903059,105137,24556,12259,24556,1027,24556,119,24556,33,24556,11,18274,9,1.0288459000003058
3,2,,2026-07-22T11:06:46.932194,105369,24362,12085,24362,1044,24362,109,24362,29,24362,14,18135,6,1.028740599998855
3,2,,2026-07-22T11:06:47.962055,105112,24217,12007,24217,1066,24217,117,24217,22,24217,6,18146,6,1.029460999998264
3,2,,2026-07-22T11:06:48.990414,105597,24297,11976,24297,990,24297,130,24297,42,24297,10,18305,4,1.0280080999946222
3,2,,2026-07-22T11:06:50.020668,105562,24629,12067,24629,1063,24629,126,24629,33,24629,15,18324,2,1.029923999987659
3,2,,2026-07-22T11:06:51.049177,105424,24359,12115,24359,1001,24359,134,24359,29,24359,7,18254,10,1.0281610999954864
3,2,,2026-07-22T11:06:52.076666,104650,24198,11988,24198,1052,24198,117,24198,29,24198,10,18168,6,1.0271487999998499
3,2,,2026-07-22T11:06:53.106631,104848,24314,12153,24314,1027,24314,113,24314,33,24314,12,18136,8,1.0298100000072736
3,2,,2026-07-22T11:06:54.135251,104766,24320,11928,24320,1055,24320,142,24320,38,24320,10,18305,10,1.0282607999979518
3,2,,2026-07-22T11:06:55.164565,105156,24717,12111,24717,1070,24717,139,24717,23,24717,16,18094,8,1.0289220999984536
3,2,,2026-07-22T11:06:56.194432,105428,24237,12071,24237,1071,24237,125,24237,25,24237,12,18364,9,1.0294704999978421
3,2,,2026-07-22T11:06:57.223776,105764,24574,12143,24574,1094,24574,112,24574,33,24574,9,18185,7,1.0289456000027712
3,2,,2026-07-22T11:06:58.252780,105408,24470,12192,24470,1008,24470,115,24470,31,24470,8,18193,2,1.0286116999923252
3,2,,2026-07-22T11:06:59.281698,104913,24292,11978,24292,960,24292,122,24292,28,24292,12,18210,8,1.028558799996972
3,2,,2026-07-22T11:07:00.311091,105560,24460,12185,24460,1021,24460,120,24460,32,24460,12,18181,9,1.0290244999923743
3,2,,2026-07-22T11:07:01.340053,105141,24586,12105,24586,1071,24586,123,24586,32,24586,12,18121,4,1.0284707999962848
3,2,,2026-07-22T11:07:02.369802,104592,24145,11858,24145,1048,24145,112,24145,39,24145,13,18148,9,1.0293501999985892
3,2,,2026-07-22T11:07:03.399198,105271,24538,12228,24538,1128,24538,109,24538,30,24538,12,18056,6,1.0289972000027774
3,2,,2026-07-22T11:07:04.428342,105873,24653,12144,24653,1022,24653,120,24653,26,24653,13,18279,10,1.0286166000005323
3,2,,2026-07-22T11:07:05.457018,105421,24437,12170,24437,1062,24437,134,24437,30,24437,12,18274,11,1.0282025999913458
3,2,,2026-07-22T11:07:06.486703,105297,24246,12047,24246,980,24246,119,24246,24,24246,8,18422,8,1.0293270999973174
3,2,,2026-07-22T11:07:07.515801,105540,24574,12082,24574,1015,24574,114,24574,25,24574,13,18212,6,1.0287056999950437
3,2,,2026-07-22T11:07:08.546113,105654,24611,12252,24611,1051,24611,137,24611,41,24611,16,18150,8,1.0298584999982268
3,2,,2026-07-22T11:07:09.575725,105267,24439,11990,24439,1088,24439,128,24439,30,24439,12,18324,12,1.0291867000050843
3,2,,2026-07-22T11:07:10.605017,104670,24427,12100,24427,1069,24427,131,24427,37,24427,14,17999,9,1.028900599994813
3,2,,2026-07-22T11:07:11.634410,104840,24032,11828,24032,1000,24032,129,24032,26,24032,18,18114,5,1.0291014000104042
3,2,,2026-07-22T11:07:12.663234,104084,24081,11824,24081,1002,24081,117,24081,37,24081,6,18339,3,1.0285491999966325
3,2,,2026-07-22T11:07:13.692536,104998,24541,12234,24541,1054,24541,114,24541,27,24541,11,18212,8,1.0289293999958318
3,2,,2026-07-22T11:07:14.721217,104383,23969,11959,23969,1014,23969,122,23969,28,23969,15,18045,7,1.0283128000010038
3,2,,2026-07-22T11:07:15.749840,105015,24280,12003,24280,1064,24280,127,24280,23,24280,13,18158,10,1.0281926000025123
3,2,,2026-07-22T11:07:16.779792,105194,24743,12546,24743,1069,24743,132,24743,28,24743,14,18083,10,1.0295361000025878
3,2,,2026-07-22T11:07:17.809000,104932,24176,11869,24176,1072,24176,112,24176,37,24176,13,17988,3,1.0287711999990279
3,2,,2026-07-22T11:07:18.837565,104841,24404,12136,24404,1033,24404,114,24404,21,24404,11,18191,7,1.0281369000003906
3,2,,2026-07-22T11:07:19.866417,104626,24106,11987,24106,1059,24106,108,24106,34,24106,9,18379,6,1.028491999997641
3,2,,2026-07-22T11:07:20.895437,105177,24498,12086,24498,1024,24498,113,24498,26,24498,11,18521,9,1.0286422000062885
3,2,,2026-07-22T11:07:21.924678,104685,24375,12146,24375,1032,24375,108,24375,30,24375,8,18169,5,1.0288508999947226
3,2,,2026-07-22T11:07:22.953554,105197,24490,12213,24490,1078,24490,113,24490,23,24490,8,18551,7,1.0285017999995034
3,2,,2026-07-22T11:07:23.983675,105370,24547,12151,24547,1065,24547,128,24547,32,24547,6,18224,7,1.0297621999925468
3,2,,2026-07-22T11:07:25.013770,105410,24354,12034,24354,1026,24354,116,24354,32,24355,11,18335,7,1.0295993000036106
3,2,,2026-07-22T11:07:26.043640,105745,24303,12154,24303,1004,24303,120,24303,36,24302,9,18204,9,1.0293602000019746
3,2,,2026-07-22T11:07:27.073404,105421,24421,12101,24421,1045,24421,125,24421,23,24421,20,18303,4,1.029384299996309
3,2,,2026-07-22T11:07:28.102912,105738,24221,12085,24221,1018,24221,123,24221,31,24221,8,18165,4,1.0291122999915387
3,2,,2026-07-22T11:07:29.131718,104756,24271,12086,24271,991,24271,129,24271,30,24271,10,18429,6,1.0284509000048274
3,2,,2026-07-22T11:07:30.161126,104972,24414,12059,24414,1071,24414,108,24414,27,24414,10,18289,8,1.0291109000099823
3,2,,2026-07-22T11:07:31.189077,104908,24258,12044,24258,1019,24258,116,24258,37,24258,20,18331,10,1.0276015999988886
3,2,,2026-07-22T11:07:32.217075,104600,24455,12057,24455,1063,24455,117,24455,28,24455,11,18231,5,1.0277453000016976
3,2,,2026-07-22T11:07:33.246532,104702,24413,11978,24413,1066,24413,106,24413,31,24413,9,18098,5,1.0292167000006884
3,2,,2026-07-22T11:07:34.274494,104477,24380,11895,24380,1043,24380,129,24380,38,24380,10,18276,5,1.0275997999997344
3,2,,2026-07-22T11:07:35.301822,105126,24399,12128,24399,1091,24399,105,24399,35,24399,10,18062,6,1.0270767999900272
3,2,,2026-07-22T11:07:36.330726,105361,24406,12110,24406,1015,24406,121,24406,36,24406,13,17985,10,1.0286397999880137
3,2,,2026-07-22T11:07:37.360162,104385,24487,12280,24487,1033,24487,143,24487,38,24487,12,18279,7,1.0290512000065064
3,2,,2026-07-22T11:07:38.389228,104951,24180,11989,24180,992,24180,114,24180,33,24180,14,18236,7,1.0287193999974988
3,2,,2026-07-22T11:07:39.416545,105305,24452,12296,24452,1031,24452,103,24452,39,24452,22,18309,6,1.0270784000022104
3,2,,2026-07-22T11:07:40.446619,104089,24388,12082,24388,1030,24388,116,24388,39,24388,12,18037,4,1.0297707999998238
3,2,,2026-07-22T11:07:41.475301,104970,24468,12112,24468,1016,24468,119,24468,24,24468,12,18114,5,1.0282091000117362
3,2,,2026-07-22T11:07:42.504021,104948,24281,12015,24281,1011,24281,135,24281,37,24281,11,17931,9,1.0283722000021953
3,2,,2026-07-22T11:07:43.533129,104916,24720,12274,24720,1075,24720,130,24720,37,24720,19,18309,15,1.0287323000084143
3,2,,2026-07-22T11:07:44.563379,104980,24241,12126,24241,992,24241,93,24241,32,24241,15,18287,6,1.029854799999157
3,2,,2026-07-22T11:07:45.592538,104374,24013,11908,24013,1009,24013,116,24013,37,24013,16,18403,9,1.028784900001483
3,2,,2026-07-22T11:07:46.621733,104872,24364,12085,24364,1079,24364,104,24364,28,24364,14,18178,13,1.0288156000024173
3,2,,2026-07-22T11:07:47.650330,104484,24333,12123,24333,1023,24333,101,24333,33,24333,8,18120,7,1.028286399989156
3,2,,2026-07-22T11:07:48.680159,104870,24291,12084,24291,1037,24291,116,24291,35,24291,5,18100,5,1.0294569999969099
3,2,,2026-07-22T11:07:49.709412,105442,24541,12078,24541,1080,24541,110,24541,24,24541,16,18070,9,1.0288514999992913
3,2,,2026-07-22T11:07:50.737122,104302,24268,12107,24268,1023,24268,119,24268,33,24268,14,18245,8,1.0273232000035932
3,2,,2026-07-22T11:07:51.766759,104946,24369,12077,24369,1049,24369,97,24369,32,24369,21,18027,4,1.0292319000000134
3,2,,2026-07-22T11:07:52.793770,104634,24190,12148,24190,1032,24190,124,24190,32,24190,12,18099,8,1.0266567999933613
3,2,,2026-07-22T11:07:53.823059,104737,24172,11992,24172,998,24172,117,24172,22,24173,7,18107,3,1.0290620000014314
3,2,,2026-07-22T11:07:54.852080,105037,24441,12103,24441,1057,24441,115,24441,15,24440,13,18442,10,1.0286446999962209
3,2,,2026-07-22T11:07:55.881757,104740,24189,11972,24189,1066,24189,111,24189,34,24189,17,18098,8,1.0292934000026435
3,2,,2026-07-22T11:07:56.910083,105067,24363,12232,24363,998,24363,120,24363,27,24363,7,18299,8,1.0279452999966452
3,2,,2026-07-22T11:07:57.939381,104086,24296,12188,24296,1027,24296,115,24296,24,24296,6,18148,10,1.0289512000017567
3,2,,2026-07-22T11:07:58.968281,104710,24281,12108,24281,996,24281,111,24281,22,24281,7,18074,3,1.028564299995196
3,2,,2026-07-22T11:07:59.997706,105002,24297,11950,24297,979,24297,126,24297,27,24297,12,18153,6,1.0290613999968627
3,2,,2026-07-22T11:08:01.027729,104794,24345,12102,24345,1016,24345,122,24345,33,24345,14,18282,12,1.0296855000051437
3,2,,2026-07-22T11:08:02.057015,105060,24398,12212,24398,1078,24398,121,24398,31,24398,15,18008,4,1.0288761999981944
3,2,,2026-07-22T11:08:03.086297,104682,24228,12089,24228,1020,24228,135,24228,32,24228,11,18205,8,1.0289426999952411
3,2,,2026-07-22T11:08:04.115404,105247,24454,12098,24454,1046,24454,112,24454,37,24454,10,17996,6,1.0287153999961447
3,2,,2026-07-22T11:08:05.145712,104363,24449,12199,24449,1035,24449,136,24449,35,24449,7,18107,7,1.0299522999994224
3,2,,2026-07-22T11:08:06.174775,105479,24490,12257,24490,1076,24490,121,24490,30,24490,7,18340,7,1.0287177999998676
3,2,,2026-07-22T11:08:07.203597,104845,24526,12060,24526,1029,24526,128,24526,31,24526,9,18403,3,1.028453899998567
3,2,,2026-07-22T11:08:08.233129,104591,24517,12168,24517,1019,24517,121,24517,26,24517,10,17915,9,1.0291520999890054
3,2,,2026-07-22T11:08:09.263276,104510,24308,12181,24308,1021,24308,110,24308,32,24308,8,18044,10,1.0297525000059977
3,2,,2026-07-22T11:08:10.292457,105069,23994,12010,23994,1016,23994,126,23994,31,23994,10,18276,9,1.0288011000084225
3,2,,2026-07-22T11:08:11.321404,104792,24336,12023,24336,1093,24336,126,24336,37,24336,15,18200,8,1.0285803000006126
3,2,,2026-07-22T11:08:12.351141,104552,24271,12042,24271,1061,24271,119,24271,35,24271,15,18358,10,1.0293654999986757
3,2,,2026-07-22T11:08:13.380598,104685,24138,11980,24138,1066,24138,106,24138,37,24138,9,18119,3,1.029044700000668
3,2,,2026-07-22T11:08:14.409490,105307,24840,12327,24840,1040,24840,127,24840,25,24840,11,18388,11,1.0284993999957805
3,2,,2026-07-22T11:08:15.438949,104572,24237,12084,24237,1044,24237,111,24237,26,24237,15,17991,8,1.0291250000009313
3,2,,2026-07-22T11:08:16.467823,105044,24400,12290,24400,1032,24400,102,24400,34,24400,16,18098,4,1.0285456999990856
3,2,,2026-07-22T11:08:17.498578,104675,24310,11954,24310,1011,24310,108,24310,35,24310,10,18076,12,1.0303337999939686
3,2,,2026-07-22T11:08:18.528178,104352,24475,12039,24475,1089,24475,101,24475,31,24475,11,18467,6,1.029205999991973
3,2,,2026-07-22T11:08:19.557468,104902,24337,12044,24337,1057,24337,100,24337,34,24337,15,18247,7,1.0288970999972662
3,2,,2026-07-22T11:08:20.587043,104655,24298,12086,24298,1034,24298,122,24298,25,24298,8,18290,7,1.0292174000060186
3,2,,2026-07-22T11:08:21.617006,104464,24223,12060,24223,1089,24223,113,24223,29,24223,17,18000,8,1.0295764000038616
3,2,,2026-07-22T11:08:22.646105,104027,24019,11879,24019,1029,24019,114,24019,25,24019,11,18070,6,1.0287177999998676
3,2,,2026-07-22T11:08:23.675525,104594,24543,12127,24543,1051,24543,117,24543,22,24543,9,17977,6,1.0290149000065867
3,2,,2026-07-22T11:08:24.704292,104937,24432,12039,24432,1065,24432,119,24432,29,24433,11,18244,12,1.0284124000027077
3,2,,2026-07-22T11:08:25.734504,104835,24266,12064,24266,1038,24266,107,24266,23,24265,12,18032,6,1.0298106999980519
3,2,,2026-07-22T11:08:26.764491,104940,24434,12172,24434,1027,24434,111,24434,24,24434,5,18318,11,1.0296490999899106
3,2,,2026-07-22T11:08:27.793703,105233,24341,11964,24341,1027,24341,117,24341,31,24341,11,18587,11,1.0288526999938767
3,2,,2026-07-22T11:08:28.823062,105080,24251,12009,24251,1074,24251,111,24251,23,24251,20,18124,5,1.0289886999962619
3,2,,2026-07-22T11:08:29.851521,104746,24147,11789,24147,1016,24147,106,24147,27,24147,12,18122,5,1.0280843000073219
3,2,,2026-07-22T11:08:30.880540,104433,24318,12048,24318,1003,24318,146,24318,40,24318,9,18125,7,1.0286550000018906
3,2,,2026-07-22T11:08:31.909312,104415,24297,12112,24297,980,24297,110,24297,23,24297,16,18171,9,1.028384899997036
3,2,,2026-07-22T11:08:32.938235,104673,24402,12047,24402,988,24402,122,24402,27,24402,7,18039,7,1.0286527999996906
3,2,,2026-07-22T11:08:33.967466,104426,24497,12120,24497,1014,24497,115,24497,28,24497,15,18098,4,1.0288874999969266
3,2,,2026-07-22T11:08:34.997477,105602,24227,11939,24227,1070,24227,121,24227,35,24227,11,18184,5,1.0296517999959178
3,2,,2026-07-22T11:08:36.026542,105387,24502,12201,24502,1009,24502,142,24502,21,24502,5,18139,8,1.028662600001553
3,2,,2026-07-22T11:08:37.055418,104210,24146,12026,24146,942,24146,124,24146,32,24146,9,18446,3,1.0285150999989128
3,2,,2026-07-22T11:08:38.085076,104671,24505,12066,24505,1048,24505,107,24505,31,24505,8,18209,7,1.029254299995955
3,2,,2026-07-22T11:08:39.114618,104346,24473,12074,24473,1070,24473,103,24473,31,24473,15,18060,7,1.0291552999988198
3,2,,2026-07-22T11:08:40.143963,104927,24485,12064,24485,1064,24485,104,24485,32,24485,15,18457,2,1.0288694000046235
3,2,,2026-07-22T11:08:41.172600,104272,24295,12099,24295,1021,24295,120,24295,22,24295,11,17997,9,1.0281742999941343
3,2,,2026-07-22T11:08:42.201554,105268,24353,11986,24353,1043,24353,110,24353,23,24353,8,18034,10,1.028581700011273
3,2,,2026-07-22T11:08:43.231509,104254,24651,12284,24651,1091,24651,132,24651,35,24651,12,18064,10,1.0295576999924378
3,2,,2026-07-22T11:08:44.260797,104962,24377,12074,24377,1008,24377,102,24377,29,24377,10,17945,9,1.0288934999989579
3,2,,2026-07-22T11:08:45.290315,104690,24378,12073,24378,1028,24378,112,24378,29,24378,12,18042,4,1.0290607000060845
3,2,,2026-07-22T11:08:46.319433,104927,24485,12088,24485,1009,24485,136,24485,32,24485,17,18279,6,1.0287392000027467
3,2,,2026-07-22T11:08:47.349256,104799,24315,11964,24315,1026,24315,125,24315,35,24315,16,18312,7,1.0294556000008015
3,2,,2026-07-22T11:08:48.378670,104498,24233,12001,24233,1030,24233,112,24233,28,24233,12,17877,5,1.0289566999999806
3,2,,2026-07-22T11:08:49.407553,104748,24168,11933,24168,1027,24168,121,24168,26,24168,8,18151,4,1.028510299991467
3,2,,2026-07-22T11:08:50.436507,104279,24412,12193,24412,1041,24412,104,24413,26,24413,9,18361,5,1.028583899998921
3,2,,2026-07-22T11:08:51.465027,104542,24284,11929,24284,1074,24284,135,24283,35,24283,12,17964,6,1.0281737000041176
3,2,,2026-07-22T11:08:52.495641,104098,24163,11906,24163,1014,24163,104,24163,31,24163,12,18285,3,1.0301787999924272
3,2,,2026-07-22T11:08:53.523761,104705,24347,12036,24347,1023,24347,110,24347,31,24347,15,18487,9,1.0277118000085466
3,2,,2026-07-22T11:08:54.551680,104830,24441,12113,24441,996,24441,127,24441,18,24441,12,18354,7,1.027581000002101
3,2,,2026-07-22T11:08:55.581025,104526,24103,11987,24103,1029,24103,118,24103,19,24103,11,18308,10,1.0290647000074387
3,2,,2026-07-22T11:08:56.609702,104283,24278,12039,24278,1045,24278,116,24278,34,24278,14,18324,5,1.0282854000106454
3,2,,2026-07-22T11:08:57.640027,104502,24381,12124,24381,1097,24381,129,24381,38,24381,8,18103,5,1.0299568999907933
3,2,,2026-07-22T11:08:58.668688,104711,24490,11966,24490,1048,24490,126,24490,34,24490,7,18100,4,1.0282545000081882
3,2,,2026-07-22T11:08:59.698619,104167,24094,11821,24094,1060,24094,112,24094,30,24094,16,18039,8,1.0295722000009846
3,2,,2026-07-22T11:09:00.727454,104512,24116,11858,24116,1053,24116,115,24116,26,24116,14,18265,7,1.0284481999988202
3,2,,2026-07-22T11:09:01.756335,104401,24254,12061,24254,1027,24254,115,24254,32,24254,12,17946,9,1.0284701000055065
3,2,,2026-07-22T11:09:02.785394,104833,24360,12272,24360,1001,24360,91,24360,32,24360,9,18254,12,1.0287024999997811
3,2,,2026-07-22T11:09:03.815180,104684,24382,11920,24382,1027,24382,137,24382,27,24382,14,18294,9,1.0294244999968214
3,2,,2026-07-22T11:09:04.844528,104973,24348,12030,24348,1024,24348,139,24348,23,24348,18,18388,10,1.0290129999921191
3,2,,2026-07-22T11:09:05.873888,104291,24416,12201,24416,1011,24416,112,24416,31,24417,6,18181,9,1.028979900002014
3,2,,2026-07-22T11:09:06.902838,104775,24083,11953,24083,1068,24083,118,24083,30,24082,7,18159,5,1.0285748000023887
3,2,,2026-07-22T11:09:07.932923,105021,24358,12040,24358,1012,24358,139,24358,30,24358,16,18223,6,1.0296824999968521
3,2,,2026-07-22T11:09:08.962018,103580,24080,11826,24080,1049,24080,110,24080,34,24080,10,18281,5,1.0286936999909813
3,2,,2026-07-22T11:09:09.991067,104856,24456,12068,24456,1055,24456,103,24456,19,24456,11,18353,7,1.028618500000448
3,2,,2026-07-22T11:09:11.020709,104132,24263,12165,24263,978,24263,120,24263,27,24263,7,18277,9,1.0292045999958646
3,2,,2026-07-22T11:09:12.048522,104904,24393,12078,24393,1111,24393,112,24393,33,24393,10,18208,12,1.0274468999996316
3,2,,2026-07-22T11:09:13.078567,104789,24197,11876,24197,1026,24197,122,24197,31,24197,18,18350,7,1.0296530999912648
3,2,,2026-07-22T11:09:14.107441,104655,24156,12015,24156,985,24156,102,24156,28,24156,10,18205,4,1.0284796000050846
3,2,,2026-07-22T11:09:15.136121,105020,24466,12136,24466,1064,24466,145,24466,22,24466,16,18167,7,1.028324300001259
3,2,,2026-07-22T11:09:16.166168,104212,24064,11763,24064,1039,24064,109,24064,19,24064,9,18456,10,1.0296526000020094
3,2,,2026-07-22T11:09:17.196397,104647,24434,12033,24434,1075,24434,96,24434,38,24434,8,18155,7,1.0298429999966174
3,2,,2026-07-22T11:09:18.226490,104595,24323,12058,24323,1038,24323,114,24323,22,24323,13,18310,2,1.0297550999966916
3,2,,2026-07-22T11:09:19.254540,104594,24324,12096,24324,1082,24324,113,24324,28,24324,11,18393,8,1.02760900001158
3,2,,2026-07-22T11:09:20.283669,104094,24215,11940,24215,1028,24215,117,24215,27,24215,15,18111,1,1.0288421000004746
3,2,,2026-07-22T11:09:21.313770,104503,24335,11944,24335,1065,24335,126,24335,41,24335,16,18126,6,1.0297603999933926
3,2,,2026-07-22T11:09:22.343068,104520,24641,12166,24641,1068,24641,121,24641,28,24641,16,18327,7,1.0289269000058994
3,2,,2026-07-22T11:09:23.372933,104659,24310,11972,24310,1030,24310,108,24310,35,24310,12,18151,4,1.0294394999946235
3,2,,2026-07-22T11:09:24.402858,104197,24396,11985,24396,1064,24396,97,24396,27,24396,16,17919,10,1.029553800006397
3,2,,2026-07-22T11:09:25.433445,104631,24595,12172,24595,1031,24595,123,24595,37,24595,2,18248,10,1.0302561999997124
3,2,,2026-07-22T11:09:26.463215,105273,24382,12065,24382,974,24382,121,24382,33,24382,12,18138,8,1.0294309000018984
3,2,,2026-07-22T11:09:27.493182,105046,24370,11924,24370,1042,24370,112,24370,24,24370,9,18056,8,1.0296732999995584
3,2,,2026-07-22T11:09:28.522864,104227,24089,11879,24089,979,24089,120,24089,43,24089,11,18008,7,1.0294228999991901
3,2,,2026-07-22T11:09:29.552228,104475,24138,12055,24138,1036,24138,130,24138,39,24138,11,18162,8,1.0290341999934753
3,2,,2026-07-22T11:09:30.581892,104585,24165,12023,24165,1058,24165,127,24165,21,24165,20,18353,9,1.0292928999988362
3,2,,2026-07-22T11:09:31.610648,105014,24265,12116,24265,1021,24265,126,24265,29,24265,14,18133,5,1.0284899999969639
3,2,,2026-07-22T11:09:32.639593,104679,24001,11923,24001,1011,24001,118,24001,38,24001,13,18391,12,1.0286032000003615
3,2,,2026-07-22T11:09:33.668002,104377,24189,11916,24189,1098,24189,116,24189,30,24189,14,18205,5,1.0280530000018189
3,2,,2026-07-22T11:09:34.697871,105048,24224,11906,24224,1076,24224,117,24224,26,24224,7,18323,8,1.029609100005473
3,2,,2026-07-22T11:09:35.727335,104472,24169,11950,24169,1046,24169,108,24169,32,24169,14,18289,4,1.0291152999998303
3,2,,2026-07-22T11:09:36.756225,104690,24289,11996,24289,1060,24290,119,24290,23,24290,11,18046,3,1.0284933999937493
3,2,,2026-07-22T11:09:37.784778,104738,24421,11990,24421,1037,24420,129,24420,33,24420,24,18074,10,1.028172899998026
3,2,,2026-07-22T11:09:38.813263,104193,24389,12032,24389,1024,24389,109,24389,25,24389,8,18183,6,1.0281218999880366
3,2,,2026-07-22T11:09:39.842560,104636,24361,12029,24361,1025,24361,114,24361,26,24361,11,18054,2,1.0289079999929527
3,2,,2026-07-22T11:09:40.873017,104913,24176,11851,24176,1043,24176,127,24176,43,24176,14,18216,1,1.0300371999910567
3,2,,2026-07-22T11:09:41.902759,104803,24439,11955,24439,1036,24439,126,24439,20,24439,11,18112,5,1.0293252999981632
3,2,,2026-07-22T11:09:42.932151,105141,24478,12047,24478,1027,24478,126,24478,28,24478,16,18330,12,1.0290262999915285
3,2,,2026-07-22T11:09:43.960425,104164,24333,11953,24333,1036,24333,115,24333,22,24333,14,18191,6,1.0279239999945275
3,2,,2026-07-22T11:09:44.990138,105052,24512,11958,24512,1049,24512,112,24512,30,24512,7,18016,6,1.0294560000038473
3,2,,2026-07-22T11:09:46.019314,105319,24475,12198,24475,1090,24475,139,24475,26,24475,13,18313,4,1.028806700007408
3,2,,2026-07-22T11:09:47.048095,104590,24010,11809,24010,1038,24010,106,24010,32,24010,15,18057,5,1.0284036000084598
3,2,,2026-07-22T11:09:48.076653,104650,24320,11991,24320,1010,24321,131,24321,30,24321,16,17991,6,1.0281640000030166
3,2,,2026-07-22T11:09:49.106011,104288,24011,11846,24011,1044,24010,125,24010,23,24010,10,18281,3,1.0290049000032013
3,2,,2026-07-22T11:09:50.134412,104566,24324,12032,24324,1057,24324,121,24324,29,24324,15,17958,1,1.0280671000073198
3,2,,2026-07-22T11:09:51.162538,105056,24256,12070,24256,1004,24256,96,24256,31,24256,11,18117,5,1.027790799998911
3,2,,2026-07-22T11:09:52.192888,104185,24148,11836,24148,1021,24148,109,24148,27,24148,9,18166,4,1.0300930999947013
3,2,,2026-07-22T11:09:53.222376,104869,24291,12157,24291,1015,24291,129,24291,34,24291,7,18225,9,1.0291102000046521
3,2,,2026-07-22T11:09:54.251927,104297,24442,12130,24442,1022,24442,122,24442,26,24442,15,18034,9,1.0291942000039853
3,2,,2026-07-22T11:09:55.281441,104908,24367,11991,24367,1061,24367,97,24367,35,24367,13,18136,7,1.029144100000849
3,2,,2026-07-22T11:09:56.310226,104884,24440,12119,24440,1018,24440,121,24440,33,24440,13,18100,9,1.0283883999945829
3,2,,2026-07-22T11:09:57.339769,104810,24288,12040,24288,1030,24288,112,24288,40,24288,10,18203,9,1.0292105999978958
3,2,,2026-07-22T11:09:58.369024,104200,24043,11945,24043,1017,24043,137,24043,36,24043,12,18173,9,1.028934300004039
3,2,,2026-07-22T11:09:59.399223,104546,24122,12002,24122,1000,24122,98,24122,26,24122,12,18284,8,1.0297948999941582
3,2,,2026-07-22T11:10:00.428422,104750,24652,12227,24652,1056,24652,124,24652,34,24652,11,18290,6,1.0288024000037694
3,2,,2026-07-22T11:10:01.458065,104554,24237,11918,24237,1031,24237,114,24237,32,24237,16,18079,7,1.0292686999891885
3,2,,2026-07-22T11:10:02.487668,104502,24247,11960,24247,1065,24247,117,24247,33,24247,13,18062,13,1.0291835999960313
3,2,,2026-07-22T11:10:03.516390,104487,24356,12168,24356,1042,24356,125,24356,27,24356,13,18061,13,1.028375199995935
3,2,,2026-07-22T11:10:04.545135,104876,24416,12172,24416,1037,24416,118,24416,39,24416,9,18239,11,1.0283684999885736
3,2,,2026-07-22T11:10:05.574196,104041,24304,11958,24304,1019,24304,120,24304,24,24304,13,18279,2,1.0286510000005364
3,2,,2026-07-22T11:10:06.601918,105074,24130,11970,24130,984,24130,122,24130,33,24130,16,18285,13,1.0273253000050317
3,2,,2026-07-22T11:10:07.631656,104015,24372,12172,24373,1019,24373,131,24373,25,24373,12,18133,12,1.0293747999967309
3,2,,2026-07-22T11:10:08.660408,104476,24294,11984,24293,999,24293,103,24293,30,24293,11,18399,11,1.0283507999993162
3,2,,2026-07-22T11:10:09.689463,104269,24322,12112,24322,1007,24322,134,24322,27,24322,7,18318,6,1.028673599998001
3,2,,2026-07-22T11:10:10.718060,104641,24211,11924,24211,1043,24211,127,24211,31,24211,12,18012,7,1.0281861999974353
3,2,,2026-07-22T11:10:11.746751,104635,24388,11949,24388,1014,24388,118,24388,28,24388,9,18256,11,1.0283063999959268
3,2,,2026-07-22T11:10:12.776124,105001,24522,12139,24522,1045,24522,123,24522,36,24522,11,18039,9,1.0290013999911025
3,2,,2026-07-22T11:10:13.805312,104154,24163,11993,24163,1022,24163,121,24163,35,24163,12,17899,9,1.02881659999548
3,2,,2026-07-22T11:10:14.834417,105047,24093,12036,24093,1142,24093,125,24093,36,24093,17,18221,6,1.0286485999968136
3,2,,2026-07-22T11:10:15.864047,104576,24183,11915,24183,1095,24183,105,24183,28,24183,12,18204,5,1.0292625000001863
3,2,,2026-07-22T11:10:16.893664,104648,24142,11982,24142,1057,24142,116,24142,36,24142,8,18175,12,1.0292401000042446
3,2,,2026-07-22T11:10:17.923351,105084,24502,12282,24502,1084,24502,126,24502,29,24502,17,18476,7,1.0293423999974038
3,2,,2026-07-22T11:10:18.952027,104424,24457,12198,24457,1028,24457,111,24457,36,24457,20,18222,7,1.028327599997283
3,2,,2026-07-22T11:10:19.981115,104900,24539,12213,24539,1037,24539,111,24539,33,24539,10,18146,6,1.0288025999907404
3,2,,2026-07-22T11:10:21.010674,103995,24065,11888,24065,1080,24065,117,24065,23,24065,16,17890,7,1.0291655999899376
3,2,,2026-07-22T11:10:22.039729,104265,24099,11912,24099,994,24099,125,24099,34,24099,14,18305,11,1.0287010000029113
3,2,,2026-07-22T11:10:23.068417,104438,24181,11964,24181,1074,24181,117,24181,33,24181,9,18264,4,1.0283304000040516
3,2,,2026-07-22T11:10:24.097255,104184,24402,12014,24402,1034,24402,127,24402,25,24402,11,18240,6,1.0284429999883287
3,2,,2026-07-22T11:10:25.126679,104498,24233,11909,24233,1015,24233,124,24233,31,24233,17,18195,8,1.0289984999981243
3,2,,2026-07-22T11:10:26.156843,104534,24407,12243,24407,1082,24407,123,24407,34,24407,9,18266,5,1.0297990999970352
3,2,,2026-07-22T11:10:27.185985,104841,24381,11966,24381,1056,24381,114,24381,23,24381,19,18336,6,1.028858699995908
3,2,,2026-07-22T11:10:28.216001,104670,24374,11992,24374,1061,24374,110,24374,37,24374,7,18291,6,1.0296442000108073
3,2,,2026-07-22T11:10:29.244867,104446,24121,12071,24121,1018,24121,109,24121,25,24121,8,18169,4,1.0285972999990918
3,2,,2026-07-22T11:10:30.274403,104374,24316,12015,24316,1022,24316,141,24316,30,24316,10,18301,4,1.0291810000053374
3,2,,2026-07-22T11:10:31.303954,104212,24392,12046,24392,1017,24392,94,24392,28,24392,11,18249,3,1.029190599991125
3,2,,2026-07-22T11:10:32.333408,104478,24187,11942,24187,1060,24187,116,24187,28,24187,11,18120,5,1.0290280999906827
3,2,,2026-07-22T11:10:33.362725,104793,24281,12029,24281,1018,24281,133,24281,32,24281,18,18140,11,1.0289429999975255
3,2,,2026-07-22T11:10:34.392278,104526,24371,12326,24371,1021,24371,120,24371,25,24371,17,17970,5,1.029159300000174
3,2,,2026-07-22T11:10:35.421920,104746,24295,11919,24295,1013,24295,117,24295,29,24295,15,18110,13,1.0292179000098258
3,2,,2026-07-22T11:10:36.450809,105010,24067,11837,24067,1021,24067,135,24067,21,24067,11,18281,5,1.0285135000012815
3,2,,2026-07-22T11:10:37.479574,104383,24318,11996,24318,1031,24318,128,24318,24,24318,11,17980,6,1.0283976000064285
3,2,,2026-07-22T11:10:38.506310,104174,23975,11836,23975,1002,23975,103,23975,29,23975,6,18219,4,1.0263437000103295
3,2,,2026-07-22T11:10:39.535462,103638,24142,11980,24142,1003,24142,126,24142,30,24142,17,18284,8,1.0289449999982025
3,2,,2026-07-22T11:10:40.565674,104543,24339,12001,24339,1001,24339,130,24339,26,24339,14,18184,7,1.0297587999957614
3,2,,2026-07-22T11:10:41.594190,104275,24264,12043,24264,1058,24264,123,24264,33,24264,14,18078,9,1.028163900002255
3,2,,2026-07-22T11:10:42.623855,103999,24232,11926,24232,1048,24232,124,24232,23,24232,12,18240,8,1.0292822000046726
3,2,,2026-07-22T11:10:43.650343,104685,24166,12007,24166,1007,24166,139,24166,31,24166,6,18191,7,1.0261712999927113
3,2,,2026-07-22T11:10:44.679620,104105,23997,11901,23997,1020,23997,108,23997,42,23997,14,18022,6,1.0289347000070848
3,2,,2026-07-22T11:10:45.709703,104935,24396,12005,24396,1039,24396,112,24396,37,24396,14,18452,9,1.02973120000388
3,2,,2026-07-22T11:10:46.739481,104350,24172,11991,24172,1001,24172,138,24172,30,24172,14,18263,7,1.029450200003339
3,2,,2026-07-22T11:10:47.770072,104455,24378,12068,24378,1070,24378,127,24378,31,24378,11,18251,6,1.0301560000079917
3,2,,2026-07-22T11:10:48.800023,104581,24193,11944,24193,1045,24193,132,24193,38,24193,12,18288,7,1.0295690999919316
3,2,,2026-07-22T11:10:49.829221,104378,24128,11910,24128,1017,24128,115,24128,31,24128,15,18168,8,1.028813299999456
3,2,,2026-07-22T11:10:50.858648,104627,24379,12124,24379,1085,24379,118,24379,34,24379,14,18243,4,1.0290077999961795
3,2,,2026-07-22T11:10:51.888741,104321,24255,12037,24255,1003,24255,113,24255,29,24255,16,18391,10,1.0296682999905897
3,2,,2026-07-22T11:10:52.918509,104914,24453,12062,24453,1025,24453,126,24453,23,24453,16,18111,6,1.0294481000019005
3,2,,2026-07-22T11:10:53.947573,104503,24243,12099,24243,1030,24243,119,24243,28,24243,9,18405,7,1.02869720000308
3,2,,2026-07-22T11:10:54.976286,104685,24313,12037,24313,1061,24313,107,24313,36,24313,12,18249,7,1.0282695000059903
3,2,,2026-07-22T11:10:56.006272,104830,24475,12180,24475,1062,24475,126,24475,32,24475,18,18173,4,1.0295762000023387
3,2,,2026-07-22T11:10:57.035742,105158,24297,12125,24297,1021,24297,110,24297,38,24297,12,18200,5,1.0290826999989804
3,2,,2026-07-22T11:10:58.064805,105196,24270,12165,24270,1015,24270,118,24270,29,24270,14,18195,12,1.028684200005955
3,2,,2026-07-22T11:10:59.093394,104581,24318,12022,24318,1055,24318,132,24318,30,24318,12,18277,7,1.0281977000122424
3,2,,2026-07-22T11:11:00.122613,104258,24363,12026,24363,1060,24363,131,24363,23,24363,19,18362,6,1.0288462999887997
3,2,,2026-07-22T11:11:01.152443,103753,24251,11959,24251,1063,24251,112,24251,25,24251,13,18051,8,1.0294184999947902
3,2,,2026-07-22T11:11:02.179427,104486,24095,11924,24095,1024,24095,111,24095,21,24095,9,18158,11,1.0266388000018196
3,2,,2026-07-22T11:11:03.208634,104954,24599,12165,24599,1070,24599,112,24599,30,24599,12,18007,2,1.0290201999887358
3,2,,2026-07-22T11:11:04.237807,104513,24213,11950,24213,1002,24213,136,24213,30,24213,15,18280,10,1.0287886000005528
3,2,,2026-07-22T11:11:05.266708,104625,24087,11891,24087,1054,24087,94,24087,28,24087,17,18175,9,1.028487799994764
3,2,,2026-07-22T11:11:06.296138,105295,24216,12042,24216,1006,24216,137,24216,32,24216,10,18275,3,1.02900110000337
3,2,,2026-07-22T11:11:07.326524,104949,24494,12151,24494,1013,24494,130,24494,28,24494,9,17965,8,1.0299774000013713
3,2,,2026-07-22T11:11:08.355346,104889,24231,12013,24231,1007,24231,100,24231,28,24231,15,18244,14,1.0284494000079576
3,2,,2026-07-22T11:11:09.385473,104516,24349,11975,24349,1076,24349,100,24349,36,24349,12,18212,6,1.0297428999911062
3,2,,2026-07-22T11:11:10.414873,104600,23961,11869,23961,1047,23961,119,23961,34,23961,8,18331,8,1.029034999999567
3,2,,2026-07-22T11:11:11.444835,104743,24150,11984,24150,1043,24150,112,24150,43,24150,16,18219,7,1.0295631000044523
3,2,,2026-07-22T11:11:12.475398,104634,24201,11954,24201,1084,24201,132,24201,29,24201,16,18039,3,1.0301426999940304
3,2,,2026-07-22T11:11:13.504373,104802,24451,12188,24451,1069,24451,111,24451,28,24451,7,18270,10,1.0286121999961324
3,2,,2026-07-22T11:11:14.533076,104582,24065,11897,24065,1075,24065,125,24065,24,24065,14,18035,6,1.0283463999949163
3,2,,2026-07-22T11:11:15.561861,104495,24063,11962,24063,1020,24063,128,24063,26,24063,20,18168,9,1.0283958000072744
3,2,,2026-07-22T11:11:16.591134,104600,24452,12069,24452,1065,24452,106,24452,30,24452,8,18056,11,1.0288557000021683
3,2,,2026-07-22T11:11:17.620639,104537,24065,12022,24065,1057,24065,103,24065,28,24065,10,18338,12,1.0291326000005938
3,2,,2026-07-22T11:11:18.649348,104690,24124,11861,24125,1051,24125,129,24125,25,24125,18,18217,7,1.02830140000151
3,2,,2026-07-22T11:11:19.678525,104349,24040,11839,24039,1031,24039,136,24039,37,24039,11,17790,5,1.0287997000123141
3,2,,2026-07-22T11:11:20.708345,104184,24121,12075,24121,1014,24121,110,24121,26,24121,14,18134,5,1.0294690000009723
3,2,,2026-07-22T11:11:21.737896,104766,24187,11939,24187,1080,24187,114,24187,38,24187,13,18143,6,1.0291864000028
3,2,,2026-07-22T11:11:22.766368,104229,24296,11993,24296,1042,24296,124,24296,34,24296,13,18048,2,1.0281239000032656
3,2,,2026-07-22T11:11:23.795068,103897,24052,11976,24052,1047,24052,111,24052,29,24052,17,17952,10,1.0283431999996537
3,2,,2026-07-22T11:11:24.824918,104227,24165,11848,24165,1062,24165,128,24165,22,24165,14,18048,10,1.0294666999980109
3,2,,2026-07-22T11:11:25.855053,104968,24383,12172,24383,1056,24383,144,24383,28,24383,12,18110,6,1.0296732999995584
3,2,,2026-07-22T11:11:26.884607,104572,24360,11952,24360,1016,24360,121,24360,25,24360,7,18295,7,1.0290911000047345
3,2,,2026-07-22T11:11:27.913645,104565,24228,11968,24228,1049,24228,121,24228,27,24228,14,18229,3,1.0286437999893678
3,2,,2026-07-22T11:11:28.944235,104612,24348,12032,24348,1080,24348,99,24348,28,24348,17,18022,5,1.0302627000055509
3,2,,2026-07-22T11:11:29.974868,103968,24033,11925,24033,1052,24033,115,24033,31,24033,17,18366,5,1.0301959000062197
3,2,,2026-07-22T11:11:31.003931,104891,24233,11867,24233,1058,24233,144,24233,34,24233,12,18188,8,1.0286114000045927
3,2,,2026-07-22T11:11:32.033096,104525,24111,11969,24111,974,24111,137,24111,31,24111,18,17990,6,1.0288010999938706
3,2,,2026-07-22T11:11:33.062584,104508,24227,12060,24227,1032,24227,123,24227,33,24227,14,18132,10,1.0290561000001617
3,2,,2026-07-22T11:11:34.092315,104442,24392,12152,24392,1001,24392,106,24392,29,24392,20,18252,5,1.0293505000008736
3,2,,2026-07-22T11:11:35.122439,104270,24536,12087,24536,1104,24536,122,24536,43,24536,14,18137,2,1.029755199997453
3,2,,2026-07-22T11:11:36.151825,104524,23982,11873,23982,1000,23982,98,23982,30,23982,10,18104,3,1.0289818000019295
3,2,,2026-07-22T11:11:37.181105,104708,24562,12234,24562,1074,24562,126,24562,37,24562,9,18006,7,1.028888700006064
3,2,,2026-07-22T11:11:38.210599,104942,24363,12016,24363,1037,24363,107,24363,30,24363,19,18157,10,1.0290886000002502
3,2,,2026-07-22T11:11:39.240269,104211,24169,11900,24169,1026,24169,123,24169,29,24169,11,18041,5,1.0292702000006102
3,2,,2026-07-22T11:11:40.269688,105122,24327,12221,24327,970,24327,138,24327,27,24327,11,18293,12,1.029016300002695
3,2,,2026-07-22T11:11:41.299407,104684,24246,11903,24246,1035,24246,112,24246,33,24246,7,18145,7,1.0293604000034975
3,2,,2026-07-22T11:11:42.328281,103971,24275,11938,24275,958,24275,110,24275,36,24275,9,17965,9,1.028459599998314
3,2,,2026-07-22T11:11:43.357308,104131,24143,12008,24143,1032,24143,123,24143,31,24143,10,18370,6,1.0286742000025697
3,2,,2026-07-22T11:11:44.385564,104378,24240,11967,24240,1043,24240,97,24240,30,24240,14,18039,11,1.0278621000034036
3,2,,2026-07-22T11:11:45.413441,105001,24380,12096,24380,1057,24380,112,24380,22,24380,17,18131,6,1.0275275000021793
3,2,,2026-07-22T11:11:46.441177,104533,24273,12072,24273,1022,24273,108,24273,24,24273,19,18193,14,1.0274592999921879
3,2,,2026-07-22T11:11:47.468618,104647,24402,12049,24402,1048,24402,110,24402,22,24402,12,18159,4,1.0271439000061946
3,2,,2026-07-22T11:11:48.497692,104453,24338,12098,24338,1068,24338,129,24338,23,24338,18,17761,6,1.0286748000071384
3,2,,2026-07-22T11:11:49.526438,104886,24132,11897,24132,1084,24132,118,24132,31,24132,11,18092,4,1.0283627000026172
3,2,,2026-07-22T11:11:50.556024,104091,24247,12014,24247,1039,24247,105,24247,29,24247,11,18177,7,1.0292454000009457
3,2,,2026-07-22T11:11:51.585409,104663,24424,12021,24424,1066,24424,123,24424,36,24424,14,18298,2,1.0288896999991266
3,2,,2026-07-22T11:11:52.614295,103820,24095,12035,24095,1011,24095,99,24095,40,24095,10,18052,6,1.0285895999986678
3,2,,2026-07-22T11:11:53.643181,104304,24288,12092,24288,1030,24288,125,24288,36,24288,11,17721,4,1.028488700001617
3,2,,2026-07-22T11:11:54.672473,104689,24390,12107,24390,1013,24390,107,24390,35,24390,13,18250,7,1.0288983999926131
3,2,,2026-07-22T11:11:55.699882,104401,24272,12126,24272,983,24272,108,24272,23,24272,14,18299,11,1.0270371999940835
3,2,,2026-07-22T11:11:56.728569,104921,24319,12095,24319,984,24319,91,24319,30,24319,17,18335,6,1.0283973000041442
3,2,,2026-07-22T11:11:57.758733,104972,24233,12103,24233,1063,24233,126,24233,27,24233,11,18167,8,1.0297494999977062
3,2,,2026-07-22T11:11:58.788444,103954,24174,11913,24174,1000,24174,124,24174,33,24174,14,18182,5,1.0291692999890074
3,2,,2026-07-22T11:11:59.818765,103993,24186,12109,24186,1024,24186,122,24186,29,24186,13,18348,8,1.0298744000028819
3,2,,2026-07-22T11:12:00.848294,104836,24538,12025,24538,1089,24538,122,24538,32,24538,17,18231,9,1.0291985999938333
3,2,,2026-07-22T11:12:01.877063,104853,24396,12087,24396,1045,24396,119,24396,29,24396,9,18347,8,1.028385800003889
3,2,,2026-07-22T11:12:02.906966,104787,24208,11994,24208,1050,24208,116,24208,30,24208,14,18190,9,1.029523599994718
3,2,,2026-07-22T11:12:03.935828,104888,24440,12016,24440,1102,24440,130,24440,24,24440,11,18288,7,1.0284734000015305
3,2,,2026-07-22T11:12:04.965034,105008,24324,12105,24324,1017,24324,115,24324,31,24324,14,18123,10,1.028806899994379
3,2,,2026-07-22T11:12:05.993887,103962,24158,11971,24158,1048,24158,110,24158,35,24158,15,18216,9,1.0284807999996701
3,2,,2026-07-22T11:12:07.023740,103893,23926,11868,23926,1038,23926,104,23926,20,23926,17,18331,8,1.0294872000085888
3,2,,2026-07-22T11:12:08.053704,104736,24418,12035,24418,1129,24418,135,24418,30,24418,13,18234,7,1.029635299986694
3,2,,2026-07-22T11:12:09.082899,104250,24224,11970,24224,1035,24224,115,24224,24,24224,13,18358,8,1.0287447000009706
3,2,,2026-07-22T11:12:10.111488,104718,24394,12137,24394,1061,24394,120,24394,35,24394,8,18239,3,1.028202200002852
3,2,,2026-07-22T11:12:11.141007,104354,24258,12022,24258,1078,24258,113,24258,33,24258,10,18209,8,1.029052199999569
3,2,,2026-07-22T11:12:12.169853,104632,24213,11990,24213,1036,24213,111,24213,37,24213,16,18376,1,1.0284741999930702
3,2,,2026-07-22T11:12:13.198307,104192,24145,12036,24145,1006,24145,100,24145,29,24145,11,17974,5,1.0281060999986948
3,2,,2026-07-22T11:12:14.227769,104532,24204,11959,24204,1004,24204,115,24204,32,24204,17,17998,10,1.0291450999939116
3,2,,2026-07-22T11:12:15.258038,104824,24504,12147,24504,1064,24504,135,24504,26,24504,14,18011,8,1.02994100000069
3,2,,2026-07-22T11:12:16.288097,104087,24172,11968,24172,1071,24172,106,24172,30,24172,13,18267,4,1.0296508999890648
3,2,,2026-07-22T11:12:17.315973,104042,24227,11930,24227,1083,24227,109,24227,23,24227,10,17857,8,1.0274697999993805
3,2,,2026-07-22T11:12:18.345731,104632,24265,12082,24265,1015,24265,123,24265,31,24265,11,18349,6,1.0294025000039255
3,2,,2026-07-22T11:12:19.375838,104506,24415,12087,24415,1098,24415,113,24415,29,24415,15,17937,5,1.0297396999958437
3,2,,2026-07-22T11:12:20.405114,104491,24280,12039,24280,1036,24280,95,24280,29,24280,14,18406,3,1.0288870999938808
3,2,,2026-07-22T11:12:21.433985,103972,24236,11913,24236,1076,24236,130,24236,42,24236,15,18193,12,1.0284569999930682
3,2,,2026-07-22T11:12:22.462865,104788,24162,12161,24162,1078,24162,133,24162,30,24162,16,18082,8,1.0285131999989972
3,2,,2026-07-22T11:12:23.493297,104435,24461,12262,24461,1048,24461,106,24461,27,24461,10,18106,11,1.0300156999874162
3,2,,2026-07-22T11:12:24.523007,104287,24173,12029,24173,1044,24173,115,24173,31,24173,15,18198,9,1.0293464999995194
3,2,,2026-07-22T11:12:25.553132,104564,24330,12154,24330,1078,24330,123,24330,22,24330,23,18152,8,1.0297516999999061
3,2,,2026-07-22T11:12:26.582615,104087,24357,12088,24357,1073,24357,119,24357,33,24357,12,18021,7,1.0291279000084614
3,2,,2026-07-22T11:12:27.611312,104100,24166,11771,24166,1094,24166,124,24166,28,24166,13,18191,10,1.0283043999952497
3,2,,2026-07-22T11:12:28.640923,104319,24147,11992,24147,1035,24147,116,24147,37,24147,14,18317,5,1.0292172999907052
3,2,,2026-07-22T11:12:29.670306,105377,24518,12166,24518,1029,24519,119,24519,36,24519,13,18316,8,1.0289540999947349
3,2,,2026-07-22T11:12:30.700159,104765,24424,12201,24424,1074,24423,111,24423,26,24423,15,18193,13,1.0293431999889435
3,2,,2026-07-22T11:12:31.729897,104560,24352,12061,24352,1002,24352,127,24352,27,24352,8,18198,8,1.0293492000055267
3,2,,2026-07-22T11:12:32.759426,104943,24412,12202,24412,1031,24412,125,24412,33,24412,13,18192,2,1.029187300009653
3,2,,2026-07-22T11:12:33.789187,104022,23973,11874,23973,1024,23974,98,23974,31,23974,7,18153,8,1.0293871000030776
3,2,,2026-07-22T11:12:34.818222,104463,24389,12074,24389,1056,24388,116,24388,22,24388,10,18239,6,1.0285756999946898
3,2,,2026-07-22T11:12:35.847823,104665,24176,11885,24176,1055,24176,114,24176,25,24176,8,18318,9,1.0292189000028884
3,2,,2026-07-22T11:12:36.877358,104184,24254,12103,24254,1076,24254,107,24254,20,24254,15,18157,9,1.0291582999925595
3,2,,2026-07-22T11:12:37.907159,104451,24183,12096,24183,1026,24183,120,24183,29,24183,14,17960,5,1.0294235000037588
3,2,,2026-07-22T11:12:38.936427,104574,24163,11963,24163,1031,24163,139,24163,22,24163,10,18244,8,1.0288693999900715
3,2,,2026-07-22T11:12:39.965206,104967,24454,12181,24454,1052,24454,123,24454,23,24454,15,18230,10,1.0283714999968652
3,2,,2026-07-22T11:12:40.993442,104032,24033,11816,24033,1009,24033,101,24033,33,24033,17,18210,6,1.0279032999969786
3,2,,2026-07-22T11:12:42.020994,104836,24310,12011,24310,1059,24310,120,24310,33,24310,20,18392,12,1.0272930000064662
3,2,,2026-07-22T11:12:43.049778,104542,24151,11939,24151,1037,24151,126,24151,34,24151,10,18261,8,1.0285023000033107
3,2,,2026-07-22T11:12:44.077316,104679,24184,12002,24184,1064,24184,119,24184,31,24184,15,18256,7,1.0272136000130558
3,2,,2026-07-22T11:12:45.104473,104867,24194,11906,24194,1034,24194,116,24194,25,24194,18,18156,9,1.0269084999890765
3,2,,2026-07-22T11:12:46.132354,104636,24226,12021,24226,1028,24226,121,24226,24,24226,16,18250,5,1.0276439000008395
3,2,,2026-07-22T11:12:47.159788,104190,24565,12046,24565,1073,24565,120,24565,14,24565,10,18100,6,1.0271448999992572
3,2,,2026-07-22T11:12:48.187372,103608,24071,11846,24071,1053,24071,116,24071,23,24071,9,18121,4,1.0273381000006339
3,2,,2026-07-22T11:12:49.216581,104720,24180,12083,24180,972,24180,107,24180,34,24180,13,18195,7,1.0289329999941401
3,2,,2026-07-22T11:12:50.246775,104503,24338,12053,24338,1051,24338,102,24338,37,24338,25,18015,4,1.0297699999937322
3,2,,2026-07-22T11:12:51.275481,104853,24754,12229,24754,1052,24754,116,24754,29,24754,8,18007,8,1.028317899996182
3,2,,2026-07-22T11:12:52.304182,104286,24130,12037,24130,1082,24130,138,24130,41,24130,9,17950,12,1.028334199989331
3,2,,2026-07-22T11:12:53.334340,104641,24257,12041,24257,1012,24257,106,24257,22,24257,10,18362,7,1.0297543999913614
3,2,,2026-07-22T11:12:54.364566,104970,24297,11931,24297,1101,24297,117,24297,44,24297,8,18068,8,1.0299224000045797
3,2,,2026-07-22T11:12:55.392116,104671,24451,12213,24451,1026,24451,95,24451,25,24451,14,18322,4,1.027235000001383
3,2,,2026-07-22T11:12:56.420104,103925,23922,11975,23922,1031,23922,122,23922,19,23922,11,18227,5,1.027711899994756
3,2,,2026-07-22T11:12:57.449550,104020,24377,12027,24377,1065,24377,119,24377,33,24377,12,18178,9,1.0291377999965334
3,2,,2026-07-22T11:12:58.478960,103755,24051,11980,24052,984,24052,125,24052,41,24052,14,18277,5,1.0290666999935638
3,2,,2026-07-22T11:12:59.508187,103989,24253,12066,24252,1020,24252,114,24252,33,24252,11,18199,9,1.0289258999982849
3,2,,2026-07-22T11:13:00.537200,104070,24175,11932,24175,1058,24175,120,24175,37,24175,12,18203,5,1.0286361000034958
3,2,,2026-07-22T11:13:01.566573,104305,24312,11919,24312,1129,24312,122,24312,36,24312,11,18038,7,1.0289784999913536
3,2,,2026-07-22T11:13:02.595014,104093,24107,12046,24107,1068,24107,114,24107,25,24107,11,18025,5,1.0280465999967419
3,2,,2026-07-22T11:13:03.623512,104625,24342,11892,24342,1071,24342,113,24342,31,24342,8,18127,16,1.0281581000017468
3,2,,2026-07-22T11:13:04.653035,104454,24171,11940,24171,1004,24171,119,24171,30,24171,11,18074,7,1.0291383000003407
3,2,,2026-07-22T11:13:05.684853,105190,24298,11927,24298,1075,24298,124,24298,44,24298,12,18607,8,1.0313847999932477
3,2,,2026-07-22T11:13:06.715539,104092,24259,11974,24259,1007,24259,117,24259,29,24259,13,18258,9,1.0302368000120623
3,2,,2026-07-22T11:13:07.743620,104122,24196,11945,24196,1062,24196,124,24196,39,24196,16,17901,7,1.0277602999994997
3,2,,2026-07-22T11:13:08.772813,103928,23986,11820,23986,1011,23986,113,23986,27,23986,15,18018,9,1.028825200002757
3,2,,2026-07-22T11:13:09.802066,105041,24330,12011,24330,1043,24330,107,24330,38,24330,15,18481,9,1.028895299998112
3,2,,2026-07-22T11:13:10.832155,104277,24548,12345,24548,1059,24548,116,24548,27,24548,9,18292,6,1.0296533000073396
3,2,,2026-07-22T11:13:11.860893,104747,24247,12025,24247,1004,24247,108,24247,33,24247,9,18301,8,1.0283799000026193
3,2,,2026-07-22T11:13:12.888920,104476,24218,12012,24218,1007,24218,114,24218,29,24218,18,18369,8,1.0276683999982197
3,2,,2026-07-22T11:13:13.917514,104729,24324,12143,24324,1059,24324,104,24324,38,24324,25,18043,8,1.0282387000042945
3,2,,2026-07-22T11:13:14.946731,104179,24153,11925,24153,1056,24153,109,24153,26,24153,9,18143,10,1.0288772000058088
3,2,,2026-07-22T11:13:15.976096,103943,24095,11908,24095,1038,24095,126,24095,25,24095,9,18095,11,1.0288836999970954
3,2,,2026-07-22T11:13:17.004670,104334,24288,12154,24288,1021,24288,110,24288,23,24288,8,18154,6,1.0282076000003144
3,2,,2026-07-22T11:13:18.034698,104566,24411,12161,24411,1055,24411,118,24411,36,24411,14,18496,9,1.029655799997272
3,2,,2026-07-22T11:13:19.064786,104355,24183,11830,24183,1075,24183,123,24183,29,24183,15,18078,6,1.0297546000074362
3,2,,2026-07-22T11:13:20.093860,104168,23999,12005,23999,1046,23999,122,23999,24,23999,10,18127,6,1.028730000005453
3,2,,2026-07-22T11:13:21.123245,104625,24194,11934,24194,1025,24194,102,24194,36,24194,10,18075,8,1.029040499997791
3,2,,2026-07-22T11:13:22.152666,104713,24376,12004,24376,1049,24376,126,24376,27,24376,11,18344,11,1.0290183000033721
3,2,,2026-07-22T11:13:23.182356,104876,24487,12140,24487,1058,24487,99,24487,38,24487,9,18178,5,1.0293361000076402
3,2,,2026-07-22T11:13:24.211745,104222,24246,12035,24246,1038,24246,113,24246,24,24246,12,18267,10,1.0290253999992274
3,2,,2026-07-22T11:13:25.240830,104722,24054,12043,24054,1046,24054,105,24054,25,24054,11,18040,8,1.028735300002154
3,2,,2026-07-22T11:13:26.270520,104466,24343,12049,24343,1026,24343,107,24343,35,24343,13,18380,8,1.0293677000008756
3,2,,2026-07-22T11:13:27.300671,104829,24101,11990,24101,1041,24101,130,24101,32,24101,18,18034,8,1.0297659000061685
3,2,,2026-07-22T11:13:28.329004,104401,24253,11943,24253,1033,24253,127,24253,28,24253,13,18055,5,1.0278760000073817
3,2,,2026-07-22T11:13:29.357798,104655,24166,12077,24166,1056,24166,137,24166,36,24166,21,18276,4,1.0283477000048151
3,2,,2026-07-22T11:13:30.386791,104696,24451,12112,24451,1010,24451,118,24451,34,24452,7,18052,5,1.0286111000023084
3,2,,2026-07-22T11:13:31.415363,104387,24215,11966,24215,1035,24215,110,24215,26,24214,17,18034,5,1.028193399994052
3,2,,2026-07-22T11:13:32.442792,104218,24231,12032,24231,1041,24231,118,24231,34,24231,18,18073,4,1.0270632000028854
3,2,,2026-07-22T11:13:33.470764,103969,24117,12022,24117,1050,24117,96,24117,27,24117,18,17968,8,1.027614699996775
3,2,,2026-07-22T11:13:34.500906,104592,24315,12116,24315,1012,24315,106,24315,26,24315,14,18140,5,1.0298123999964446
3,2,,2026-07-22T11:13:35.529573,104515,24190,11969,24190,1072,24190,104,24190,29,24190,13,17951,7,1.0283097000065027
3,2,,2026-07-22T11:13:36.558444,104692,24119,11825,24119,1083,24119,122,24119,21,24119,10,18144,12,1.0284511999925599
3,2,,2026-07-22T11:13:37.587035,105642,24358,12058,24358,1038,24358,110,24358,30,24358,8,18346,9,1.028197799998452
3,2,,2026-07-22T11:13:38.617590,105180,24190,11905,24190,1051,24190,124,24190,22,24190,10,18102,7,1.030172999991919
3,2,,2026-07-22T11:13:39.646520,104226,24042,11933,24042,990,24042,121,24042,25,24042,7,18004,7,1.0284633999981452
3,2,,2026-07-22T11:13:40.674862,104600,24271,12040,24271,995,24271,130,24271,31,24271,13,18049,7,1.0280047999985982
3,2,,2026-07-22T11:13:41.704042,104269,24249,11964,24249,1078,24249,134,24249,26,24249,9,18173,5,1.0288085999927716
3,2,,2026-07-22T11:13:42.733698,104765,24432,12033,24432,1032,24432,107,24432,36,24432,12,18204,9,1.0292706999898655
3,2,,2026-07-22T11:13:43.763902,104266,24214,12045,24214,1070,24214,111,24214,29,24214,14,17960,9,1.0298661999986507
3,2,,2026-07-22T11:13:44.793476,105041,24263,12075,24263,1021,24263,112,24263,27,24263,7,18432,13,1.0291803000000073
3,2,,2026-07-22T11:13:45.822857,104385,24213,11835,24213,993,24213,126,24213,25,24213,10,18111,8,1.0290105000021867
3,2,,2026-07-22T11:13:46.852567,105019,24540,12124,24540,1018,24540,131,24540,22,24540,12,18453,10,1.029328800010262
3,2,,2026-07-22T11:13:47.881587,104784,24349,12127,24349,1051,24349,119,24349,30,24349,13,18039,10,1.0286524999974063
3,2,,2026-07-22T11:13:48.910987,104097,24301,12137,24301,1018,24301,110,24301,19,24301,15,18068,5,1.029004399999394
3,2,,2026-07-22T11:13:49.939632,104960,24636,12148,24636,1073,24636,109,24636,18,24636,15,18063,5,1.0282779999979539
3,2,,2026-07-22T11:13:50.969233,104871,24257,12025,24257,1027,24257,112,24257,27,24257,11,17805,9,1.0292054000019561
3,2,,2026-07-22T11:13:51.999128,104920,24294,12163,24294,1036,24294,109,24294,31,24294,13,18278,9,1.0295005000079982
3,2,,2026-07-22T11:13:53.028313,105003,24246,11983,24246,1043,24246,116,24246,21,24246,10,18274,6,1.0288245999981882
3,2,,2026-07-22T11:13:54.057362,104786,24446,12142,24446,1020,24446,117,24446,27,24446,9,18078,8,1.0285440999869024
3,2,,2026-07-22T11:13:55.086335,104268,24197,12102,24197,1039,24197,126,24197,26,24197,9,17987,6,1.0285921000031522
3,2,,2026-07-22T11:13:56.113239,104407,24267,11919,24267,1070,24267,125,24267,22,24267,10,17982,8,1.026557099990896
3,2,,2026-07-22T11:13:57.142118,104651,24112,12091,24112,994,24112,100,24112,45,24112,10,17843,7,1.0285659999935888
3,2,,2026-07-22T11:13:58.170654,104603,24123,11908,24123,1022,24123,130,24123,38,24123,16,17998,6,1.0281536999973468
3,2,,2026-07-22T11:13:59.199815,104901,24090,11898,24090,1053,24090,125,24090,31,24090,6,18009,12,1.0287681000045268
3,2,,2026-07-22T11:14:00.229326,104471,24552,12301,24552,1024,24552,118,24552,32,24552,15,18294,8,1.029093199991621
3,2,,2026-07-22T11:14:01.258788,104416,24374,11929,24374,1026,24374,120,24374,35,24374,13,18186,7,1.0290309999982128
3,2,,2026-07-22T11:14:02.288102,104327,24177,11926,24177,1083,24177,134,24177,18,24177,12,18080,7,1.02894180000294
3,2,,2026-07-22T11:14:03.317203,104495,24378,12108,24379,1051,24379,106,24379,30,24379,8,18217,8,1.0287282000062987
3,2,,2026-07-22T11:14:04.347559,105082,24477,12099,24476,1076,24476,114,24476,36,24476,12,18002,5,1.0299008000001777
3,2,,2026-07-22T11:14:05.377022,105189,24245,11997,24245,1064,24245,111,24245,25,24245,10,18096,7,1.0290344000095502
3,2,,2026-07-22T11:14:06.405678,104505,24062,11875,24062,964,24062,110,24062,25,24062,11,18021,6,1.0283095000049798
3,2,,2026-07-22T11:14:07.435896,105019,24018,11940,24018,1006,24018,112,24018,28,24018,15,18070,7,1.0298589000012726
3,2,,2026-07-22T11:14:08.465243,104753,24273,12137,24274,1052,24274,137,24274,24,24274,14,18343,7,1.0289141000102973
3,2,,2026-07-22T11:14:09.494730,104594,24291,12069,24290,1060,24290,110,24290,40,24290,10,17923,8,1.0291096000000834
3,2,,2026-07-22T11:14:10.523635,104640,24357,12045,24357,1036,24357,124,24357,33,24357,13,18268,6,1.0284349000139628
3,2,,2026-07-22T11:14:11.552692,104525,24204,11933,24204,1066,24204,123,24204,23,24204,20,18193,8,1.028690999999526
3,2,,2026-07-22T11:14:12.581918,105090,24356,12127,24356,1027,24356,107,24356,43,24356,14,18308,4,1.0288660999940475
3,2,,2026-07-22T11:14:13.611363,104610,24292,11940,24292,1091,24292,122,24292,27,24292,13,18211,4,1.0291442000016104
3,2,,2026-07-22T11:14:14.640673,104202,24259,11977,24259,1091,24259,131,24259,28,24259,10,18060,5,1.0289338000002317
3,2,,2026-07-22T11:14:15.669221,105048,24500,12197,24500,1114,24500,117,24500,26,24500,12,18097,8,1.028172699996503
3,2,,2026-07-22T11:14:16.698598,104797,24299,12119,24299,1098,24299,116,24299,30,24299,8,18345,4,1.0290094999945723
3,2,,2026-07-22T11:14:17.728177,105021,24271,12212,24271,1035,24271,127,24271,19,24271,6,18347,5,1.0291679999936605
3,2,,2026-07-22T11:14:18.757648,104193,24230,12117,24231,995,24231,117,24231,30,24231,8,17860,11,1.0290669999958482
3,2,,2026-07-22T11:14:19.787781,105152,24493,12051,24492,1087,24492,112,24492,26,24492,9,18103,7,1.029751900001429
3,2,,2026-07-22T11:14:20.817672,104753,24224,11918,24224,1076,24224,124,24224,35,24224,11,18206,4,1.0294658000057098
3,2,,2026-07-22T11:14:21.847699,105015,24074,11826,24074,1035,24074,121,24074,32,24074,11,18212,8,1.0296034000057261
3,2,,2026-07-22T11:14:22.876734,104394,24179,12064,24179,1054,24179,112,24179,27,24179,17,18194,6,1.0286270000069635
3,2,,2026-07-22T11:14:23.904910,104903,24019,11783,24019,995,24019,129,24019,44,24019,8,18259,4,1.0278399999951944
3,2,,2026-07-22T11:14:24.934236,104283,24246,12137,24246,1051,24246,119,24246,43,24247,20,18007,8,1.028990300008445
3,2,,2026-07-22T11:14:25.964351,104229,24433,12086,24433,1112,24433,115,24433,25,24432,12,18354,11,1.0297825000016019
3,2,,2026-07-22T11:14:26.993122,104908,24427,12051,24427,1041,24427,120,24427,38,24427,19,18002,3,1.0283293000102276
3,2,,2026-07-22T11:14:28.021637,104482,24077,11930,24077,1041,24077,112,24077,30,24077,9,17907,5,1.028183700007503
3,2,,2026-07-22T11:14:29.051104,104055,24356,12053,24356,1002,24356,108,24356,35,24356,15,17942,10,1.0291181999928085
3,2,,2026-07-22T11:14:30.080601,104660,23948,12084,23948,1007,23948,125,23948,29,23948,10,18416,7,1.0291415000101551
3,2,,2026-07-22T11:14:31.110420,104205,24002,11817,24002,1003,24002,139,24002,30,24002,10,18106,5,1.0295193000056315
3,2,,2026-07-22T11:14:32.139836,104115,24267,11982,24267,1080,24267,111,24267,30,24267,8,18071,10,1.029003499992541
3,2,,2026-07-22T11:14:33.169239,104570,24302,12007,24302,1007,24302,115,24302,37,24302,9,18471,10,1.0289986999996472
3,2,,2026-07-22T11:14:34.198066,104178,24448,12174,24448,1022,24448,114,24448,23,24448,13,17943,6,1.0284444999997504
3,2,,2026-07-22T11:14:35.227749,104623,24075,11935,24075,999,24075,106,24075,29,24075,11,18229,7,1.0292312999954447
3,2,,2026-07-22T11:14:36.256766,104729,24156,12106,24156,1051,24156,107,24156,20,24156,7,18202,11,1.0285790000052657
3,2,,2026-07-22T11:14:37.286953,104705,24281,12091,24281,1069,24281,100,24281,27,24281,12,17990,7,1.0297818000108236
3,2,,2026-07-22T11:14:38.316323,105146,24437,12042,24437,1078,24437,130,24437,25,24437,9,18280,7,1.0290325000096345
3,2,,2026-07-22T11:14:39.346454,104910,24414,12045,24414,1055,24414,119,24414,29,24414,11,18112,12,1.0297898999997415
3,2,,2026-07-22T11:14:40.375668,104978,24264,11956,24264,1067,24264,111,24264,32,24264,11,18115,5,1.028844600004959
3,2,,2026-07-22T11:14:41.404684,104433,24205,12125,24205,1072,24205,125,24205,32,24205,6,18207,12,1.028643400000874
3,2,,2026-07-22T11:14:42.435124,104195,24133,11932,24133,1035,24133,120,24133,30,24133,10,17971,6,1.0300416000100086
3,2,,2026-07-22T11:14:43.464692,104573,24135,12037,24135,975,24135,120,24135,28,24135,9,18138,7,1.029161300000851
3,2,,2026-07-22T11:14:44.494292,105027,24472,12271,24472,1025,24472,116,24472,34,24472,14,18253,7,1.029173200004152
3,2,,2026-07-22T11:14:45.523242,104722,24009,11804,24009,1006,24009,123,24009,34,24009,13,18270,5,1.0285485999920638
3,2,,2026-07-22T11:14:46.551790,104195,24418,12043,24418,1056,24418,139,24418,35,24418,8,17999,14,1.028186800002004
3,2,,2026-07-22T11:14:47.578553,104943,24331,12048,24331,1018,24331,124,24331,38,24331,7,17810,9,1.0264390999946045
3,2,,2026-07-22T11:14:48.607263,104540,24117,12028,24117,1015,24117,120,24117,24,24117,15,18095,14,1.0285626999975648
3,2,,2026-07-22T11:14:49.636536,104906,24216,11952,24216,1095,24216,106,24216,27,24216,8,18287,11,1.0289239999983693
3,2,,2026-07-22T11:14:50.665598,104526,24251,11913,24251,1026,24251,96,24251,25,24251,14,17907,5,1.0286443999939365
3,2,,2026-07-22T11:14:51.694036,105086,24338,12015,24338,1053,24338,119,24338,33,24338,15,17960,5,1.0280368999956409
3,2,,2026-07-22T11:14:52.723985,104750,24465,12184,24465,1033,24465,122,24465,22,24465,9,18127,6,1.0294715000054566
3,2,,2026-07-22T11:14:53.752909,104420,24256,11895,24256,1051,24256,131,24256,18,24256,16,17906,9,1.028446399999666
3,2,,2026-07-22T11:14:54.781643,104956,24454,12091,24454,1042,24454,115,24454,30,24454,4,17899,7,1.0283713000098942
3,2,,2026-07-22T11:14:55.810641,104391,24262,11957,24262,1085,24262,115,24262,31,24262,13,18200,8,1.0286671000067145
3,2,,2026-07-22T11:14:56.837761,104230,24157,12004,24157,1061,24157,117,24157,32,24157,9,18424,6,1.0269012999924598
3,2,,2026-07-22T11:14:57.864942,104060,24258,12059,24258,1082,24258,140,24258,24,24258,17,18115,5,1.0269416000082856
3,2,,2026-07-22T11:14:58.894179,104573,24237,11925,24237,1068,24237,102,24237,27,24237,10,18095,6,1.0289746000053128
3,2,,2026-07-22T11:14:59.923198,103889,24156,11850,24156,1105,24156,114,24156,31,24156,5,18237,6,1.0287008000013884
3,2,,2026-07-22T11:15:00.952876,104939,24478,12116,24478,1065,24478,119,24478,32,24478,13,18463,7,1.029294399995706
3,2,,2026-07-22T11:15:01.982612,104948,24417,12021,24417,1083,24417,109,24417,31,24417,15,18045,10,1.029376600010437
3,2,,2026-07-22T11:15:03.012806,104606,24332,12096,24332,1072,24332,115,24332,38,24332,9,18086,8,1.029804799996782
3,2,,2026-07-22T11:15:04.042069,104514,24381,12083,24381,1032,24381,128,24381,29,24381,17,18333,6,1.0288154000008944
3,2,,2026-07-22T11:15:05.070591,104945,24257,11996,24257,1012,24257,126,24257,22,24257,12,18138,9,1.0281451999908313
3,2,,2026-07-22T11:15:06.099289,105035,24373,12061,24373,1065,24373,113,24373,31,24373,10,17995,4,1.02833620000456
3,2,,2026-07-22T11:15:07.129289,104635,24347,11991,24347,1005,24347,118,24347,36,24347,15,17948,6,1.0295815999998013
3,2,,2026-07-22T11:15:08.159074,105105,24272,12090,24272,1016,24272,122,24272,34,24272,12,17944,5,1.0292663000000175
3,2,,2026-07-22T11:15:09.188741,105275,24424,12068,24424,1080,24424,119,24424,25,24424,12,17845,3,1.029277399997227
3,2,,2026-07-22T11:15:10.216789,104611,24550,12197,24550,1021,24550,118,24550,26,24550,11,18268,4,1.0277591000049142
3,2,,2026-07-22T11:15:11.246329,104661,24402,12107,24402,1104,24402,122,24402,38,24402,10,18243,7,1.029204899998149
3,2,,2026-07-22T11:15:12.275668,104825,24153,12070,24153,1003,24153,106,24153,30,24153,10,18409,5,1.0289838000026066
3,2,,2026-07-22T11:15:13.304480,104732,24279,11922,24279,1019,24279,114,24279,32,24279,12,17886,8,1.0284557000122732
3,2,,2026-07-22T11:15:14.333996,105123,24298,12099,24298,1043,24298,118,24298,36,24298,20,17902,5,1.0292104999971343
3,2,,2026-07-22T11:15:15.363187,104623,24230,12116,24230,1017,24230,106,24230,29,24230,12,18236,2,1.028800300002331
3,2,,2026-07-22T11:15:16.392127,105178,24327,12207,24327,1019,24327,114,24327,29,24327,15,18237,6,1.0285315999935847
3,2,,2026-07-22T11:15:17.421517,104499,24291,12119,24291,1027,24291,108,24291,39,24291,11,18199,4,1.0289789999951608
3,2,,2026-07-22T11:15:18.451335,104619,24301,12143,24301,1062,24301,108,24301,29,24301,24,18359,4,1.0294237000052817
3,2,,2026-07-22T11:15:19.481299,104245,24175,11972,24175,1064,24175,121,24175,40,24175,12,18181,6,1.0295864999934565
3,2,,2026-07-22T11:15:20.510473,104360,24179,11951,24179,1034,24179,118,24179,23,24179,14,18208,7,1.0287215999996988
3,2,,2026-07-22T11:15:21.539813,104580,24310,12147,24310,1061,24310,117,24310,36,24310,13,18094,5,1.0289799999882234
3,2,,2026-07-22T11:15:22.569132,104506,23997,11921,23997,1027,23997,138,23997,32,23997,15,18014,3,1.0289682000002358
3,2,,2026-07-22T11:15:23.599177,105025,24334,11932,24334,1102,24334,119,24334,27,24334,16,18106,4,1.0296173999959137
3,2,,2026-07-22T11:15:24.627979,104948,24197,11870,24197,1066,24197,106,24197,28,24197,18,18010,8,1.0284029999893392
3,2,,2026-07-22T11:15:25.657420,104717,24418,12093,24418,1069,24418,111,24418,27,24418,14,18213,11,1.0291110000107437
3,2,,2026-07-22T11:15:26.686161,104454,24142,11847,24142,1083,24142,108,24142,28,24142,11,18102,4,1.0283555000060005
3,2,,2026-07-22T11:15:27.715562,104672,24352,12096,24352,1052,24352,108,24352,38,24352,10,17961,10,1.0290278000029502
3,2,,2026-07-22T11:15:28.745268,104555,24123,11937,24123,997,24123,132,24123,31,24123,8,18061,8,1.0292807999940123
3,2,,2026-07-22T11:15:29.774029,104557,24109,11843,24109,1040,24109,107,24109,24,24109,13,18158,8,1.0283096999919508
3,2,,2026-07-22T11:15:30.803460,104461,24107,12029,24107,1046,24107,106,24107,36,24107,12,18085,15,1.0290610000083689
3,2,,2026-07-22T11:15:31.832864,104706,24214,11881,24214,1071,24214,113,24214,37,24214,15,18172,8,1.0290408000000753
3,2,,2026-07-22T11:15:32.862956,104395,24434,12029,24434,1020,24434,108,24434,31,24435,20,17939,3,1.0296857000066666
3,2,,2026-07-22T11:15:33.892809,104644,24170,12034,24170,1094,24170,96,24170,25,24169,12,18145,3,1.0294223999953829
3,2,,2026-07-22T11:15:34.922627,104851,24097,11909,24097,1049,24097,113,24097,28,24097,12,18432,10,1.0294397999969078
3,2,,2026-07-22T11:15:35.953141,104622,24199,11894,24199,1085,24199,104,24199,30,24199,18,18059,4,1.0300958000007086
3,2,,2026-07-22T11:15:36.982523,104848,24350,12050,24350,1072,24350,97,24350,38,24350,13,18151,6,1.0290341000072658
3,2,,2026-07-22T11:15:38.012954,104694,24303,12090,24303,1129,24303,106,24303,24,24303,13,17969,6,1.0300141000043368
3,2,,2026-07-22T11:15:39.042553,104373,24171,11796,24171,1049,24171,104,24171,22,24171,8,18249,4,1.0291680000082124
3,2,,2026-07-22T11:15:40.072002,104573,24158,12104,24158,991,24158,130,24158,20,24158,12,18352,9,1.0290438000083668
3,2,,2026-07-22T11:15:41.101571,104566,24246,12004,24246,1066,24246,123,24246,24,24246,14,18309,6,1.0291966000077082
3,2,,2026-07-22T11:15:42.129482,104777,24216,12067,24216,1047,24216,117,24216,18,24216,8,18187,9,1.027557200010051
3,2,,2026-07-22T11:15:43.158635,104289,24051,12079,24051,1024,24051,117,24051,26,24051,10,18020,5,1.0287637000001268
3,2,,2026-07-22T11:15:44.185470,104793,24222,11987,24222,1045,24222,117,24222,33,24222,8,17969,8,1.0264406999922357
3,2,,2026-07-22T11:15:45.213263,104578,24353,12106,24353,1098,24353,121,24354,22,24354,12,18222,14,1.02751200000057
3,2,,2026-07-22T11:15:46.240736,104375,24283,12006,24283,1086,24283,114,24282,28,24282,21,18118,4,1.0271366000088165
3,2,,2026-07-22T11:15:47.268115,104177,24060,12008,24060,1019,24060,123,24060,31,24060,11,17949,5,1.027102099993499
3,2,,2026-07-22T11:15:48.297735,104210,24118,11938,24118,1038,24118,114,24118,25,24118,12,18185,10,1.0293742999929236
3,2,,2026-07-22T11:15:49.326870,104720,24289,12084,24289,1034,24289,124,24289,28,24289,13,18375,6,1.0287431000033394
3,2,,2026-07-22T11:15:50.356339,104333,24455,12100,24455,1025,24455,125,24455,27,24455,9,18092,6,1.0291104999923846
3,2,,2026-07-22T11:15:51.386210,104305,24188,11901,24188,1071,24188,123,24188,39,24188,13,18208,9,1.0294909000076586
3,2,,2026-07-22T11:15:52.415020,104546,24186,12025,24186,1050,24186,100,24186,26,24186,15,18000,7,1.0284013000054983
3,2,,2026-07-22T11:15:53.443620,104733,24434,12147,24434,1023,24434,114,24434,30,24434,14,18050,8,1.028211699987878
3,2,,2026-07-22T11:15:54.472970,104528,24172,12060,24172,1005,24172,111,24172,33,24172,10,18167,10,1.0289805999927921
3,2,,2026-07-22T11:15:55.502249,104587,24138,11940,24138,1041,24138,120,24138,26,24138,13,18247,10,1.0289015000016661
3,2,,2026-07-22T11:15:56.530532,104624,24235,11993,24235,1000,24235,138,24235,28,24235,9,18377,3,1.027918799998588
3,2,,2026-07-22T11:15:57.557719,104244,24389,12042,24389,967,24389,119,24389,29,24389,15,18231,7,1.0268221000005724
3,2,,2026-07-22T11:15:58.586501,104647,24004,11930,24004,1050,24004,108,24004,31,24004,11,18300,8,1.0284126999904402
3,2,,2026-07-22T11:15:59.615355,104033,24507,12046,24507,1068,24507,117,24507,33,24507,12,18118,3,1.0285939000023063
3,2,,2026-07-22T11:16:00.642452,104865,24257,12028,24257,1012,24257,111,24257,43,24257,9,18027,9,1.0267943999933777
3,2,,2026-07-22T11:16:01.670354,104771,24281,11970,24281,1052,24281,112,24281,29,24281,14,18065,3,1.0276848999928916
3,2,,2026-07-22T11:16:02.697337,104140,24270,12068,24270,983,24270,121,24270,26,24270,12,17802,11,1.0267476000008173
3,2,,2026-07-22T11:16:03.724369,104358,24240,11943,24240,1027,24240,127,24240,19,24240,12,18068,6,1.0267401000019163
3,2,,2026-07-22T11:16:04.752656,104892,24360,12167,24360,1024,24360,113,24360,18,24360,9,18193,5,1.027971899995464
3,2,,2026-07-22T11:16:05.779591,103837,24083,11895,24083,1027,24083,120,24083,27,24083,12,18091,8,1.026644799989299
3,2,,2026-07-22T11:16:06.809032,105036,24477,12096,24477,1111,24477,104,24477,36,24477,12,18234,5,1.0290739000047324
3,2,,2026-07-22T11:16:07.839156,105118,24310,12179,24310,1014,24310,113,24310,20,24310,15,18031,6,1.0296915999933844
3,2,,2026-07-22T11:16:08.869913,104572,24319,11985,24319,1060,24319,105,24319,22,24319,16,18204,8,1.0304022000054829
3,2,,2026-07-22T11:16:09.898821,104845,24341,11908,24341,985,24341,131,24341,30,24341,14,18124,6,1.0285750000039116
3,2,,2026-07-22T11:16:10.927695,104786,24328,12004,24328,1006,24328,115,24328,30,24328,13,18060,10,1.0284197000000859
3,2,,2026-07-22T11:16:11.956483,104135,24207,11852,24207,1069,24207,121,24207,25,24207,11,18244,8,1.0284252999990713
3,2,,2026-07-22T11:16:12.986569,103980,24166,11923,24166,1097,24166,110,24166,16,24166,9,18055,10,1.0296802999946522
3,2,,2026-07-22T11:16:14.015522,104539,24060,11874,24060,1037,24060,103,24060,33,24060,13,18200,8,1.0285817999974824
3,2,,2026-07-22T11:16:15.044462,104541,24357,11991,24357,1026,24357,122,24357,35,24357,17,17969,6,1.0285876999987522
3,2,,2026-07-22T11:16:16.073563,104068,24167,11924,24167,1031,24167,122,24167,29,24167,7,18080,15,1.0286775999993552
3,2,,2026-07-22T11:16:17.102947,104681,24245,12060,24245,1013,24245,114,24245,39,24245,17,18333,8,1.029025099996943
3,2,,2026-07-22T11:16:18.131632,104545,24320,11887,24320,1122,24320,106,24320,31,24320,15,18014,5,1.0283373999991454
3,2,,2026-07-22T11:16:19.160478,104355,24035,11901,24035,1028,24035,105,24035,29,24035,10,17954,4,1.028494900005171
3,2,,2026-07-22T11:16:20.189399,105066,24242,11941,24243,1015,24243,128,24243,38,24243,7,18049,7,1.0285629999998491
3,2,,2026-07-22T11:16:21.218678,104292,23999,11892,23998,1029,23998,95,23998,27,23998,8,18120,8,1.0289085999975214
3,2,,2026-07-22T11:16:22.247402,105091,24147,11850,24147,998,24147,114,24147,30,24147,12,18159,5,1.028429199999664
3,2,,2026-07-22T11:16:23.276410,104918,24022,11774,24022,1056,24022,128,24022,24,24022,13,18231,5,1.0286232999933418
3,2,,2026-07-22T11:16:24.305115,104884,24240,12054,24240,1022,24240,114,24240,29,24240,10,18033,16,1.0283384999929694
3,2,,2026-07-22T11:16:25.334812,104168,23899,11749,23899,992,23899,108,23899,27,23899,12,18213,9,1.0293212000105996
3,2,,2026-07-22T11:16:26.363487,104769,24224,11967,24224,1056,24224,120,24225,36,24225,12,18021,1,1.028256199992029
3,2,,2026-07-22T11:16:27.393233,104762,24192,11950,24192,1079,24192,108,24191,31,24191,11,18105,4,1.029351699995459
3,2,,2026-07-22T11:16:28.421823,104628,24231,12047,24231,1004,24231,115,24231,34,24231,12,18100,4,1.0283224000013433
3,2,,2026-07-22T11:16:29.451245,104423,24554,12192,24554,1074,24554,141,24554,20,24554,17,18129,9,1.0290337999904295
3,2,,2026-07-22T11:16:30.480570,104796,24418,11916,24418,1093,24418,110,24418,27,24418,16,18091,5,1.0289344000048004
3,2,,2026-07-22T11:16:31.509611,104596,24310,12035,24310,1073,24310,114,24310,37,24310,14,18246,8,1.0287057999958051
3,2,,2026-07-22T11:16:32.539480,104401,24347,11916,24347,1077,24347,114,24347,32,24347,15,17928,7,1.029503499987186
3,2,,2026-07-22T11:16:33.569352,104999,24530,12069,24530,1080,24530,104,24530,35,24530,10,18187,12,1.029497600000468
3,2,,2026-07-22T11:16:34.598309,104879,24379,12031,24379,1034,24379,117,24379,25,24379,10,18183,11,1.028565599990543
3,2,,2026-07-22T11:16:35.627361,104035,24059,11903,24059,998,24059,135,24059,32,24059,10,18169,3,1.0286858000035863
3,2,,2026-07-22T11:16:36.656656,104355,24310,11858,24310,1025,24310,105,24310,24,24310,17,18004,7,1.0289755999983754
3,2,,2026-07-22T11:16:37.686373,104579,24258,12020,24258,1035,24258,114,24258,38,24258,7,18073,8,1.0293337000039173
3,2,,2026-07-22T11:16:38.715394,105302,24648,12246,24648,1075,24648,126,24648,26,24648,10,18106,4,1.0286321000021417
3,2,,2026-07-22T11:16:39.744380,104222,24155,11825,24155,1057,24155,116,24155,25,24155,8,17961,8,1.0286247999902116
3,2,,2026-07-22T11:16:40.772850,104377,24193,11991,24193,1021,24193,124,24193,24,24193,11,18218,4,1.0281223999918438
3,2,,2026-07-22T11:16:41.802152,103883,23851,11950,23851,1001,23851,119,23851,23,23851,17,18157,3,1.0289833999995608
3,2,,2026-07-22T11:16:42.831958,103398,24003,11831,24003,1003,24003,113,24003,30,24003,17,18110,7,1.0294915000122273
3,2,,2026-07-22T11:16:43.861117,103724,24224,11997,24224,1023,24224,110,24224,21,24224,11,18179,5,1.0287626999925124
3,2,,2026-07-22T11:16:44.890321,104629,24131,11905,24131,1067,24131,112,24131,24,24131,16,18287,8,1.0288340999977663
3,2,,2026-07-22T11:16:45.919726,104334,24222,11940,24222,1021,24222,126,24222,34,24222,13,18109,7,1.0290358000056585
3,2,,2026-07-22T11:16:46.947187,104271,24191,11975,24191,1005,24191,110,24191,31,24191,17,18160,7,1.027095299999928
3,2,,2026-07-22T11:16:47.975532,104166,24155,12168,24155,995,24155,116,24155,29,24155,16,18300,7,1.0280701000010595
3,2,,2026-07-22T11:16:49.002678,105049,24138,11975,24138,990,24138,110,24138,22,24138,8,18194,4,1.0268396000028588
3,2,,2026-07-22T11:16:50.030169,104157,24325,11863,24325,1066,24325,123,24325,32,24325,8,17952,9,1.0272463000001153
3,2,,2026-07-22T11:16:51.059339,104928,24221,11914,24221,1039,24221,113,24221,22,24221,15,18147,6,1.0288699000084307
3,2,,2026-07-22T11:16:52.088728,104674,24581,12205,24581,1046,24581,114,24581,34,24581,18,18256,10,1.029027299999143
3,2,,2026-07-22T11:16:53.118562,104904,24467,12139,24467,1064,24467,114,24467,35,24467,10,17963,9,1.0294449999928474
3,2,,2026-07-22T11:16:54.147003,104570,24201,11970,24201,986,24201,119,24201,30,24201,9,17998,7,1.028012700000545
3,2,,2026-07-22T11:16:55.174779,105293,24392,12053,24392,1028,24392,131,24392,32,24392,17,17958,5,1.0273569999990286
3,2,,2026-07-22T11:16:56.204194,104009,24130,11978,24130,1040,24130,118,24130,34,24130,11,17925,9,1.0290826999989804
3,2,,2026-07-22T11:16:57.234248,104710,24339,12061,24339,1075,24339,94,24339,27,24339,13,18144,7,1.0296254999993835
3,2,,2026-07-22T11:16:58.262641,105018,24220,11911,24220,1040,24220,107,24220,35,24220,8,18351,5,1.0279712999908952
3,2,,2026-07-22T11:16:59.291749,104973,24453,12262,24453,1079,24453,114,24453,37,24453,21,18140,6,1.0287230999965686
3,2,,2026-07-22T11:17:00.319637,104777,24391,11849,24391,1003,24391,126,24391,36,24391,11,18233,4,1.0275300000066636
3,2,,2026-07-22T11:17:01.348506,104034,24296,12019,24296,1074,24296,132,24296,27,24296,19,18352,12,1.0286254000093322
3,2,,2026-07-22T11:17:02.377291,104094,24155,11832,24155,986,24155,139,24155,32,24155,14,18257,8,1.0284154999972088
3,2,,2026-07-22T11:17:03.406304,104702,24558,12243,24558,1034,24558,125,24558,35,24558,18,18025,5,1.0287064000003738
3,2,,2026-07-22T11:17:04.436206,104271,23986,11929,23986,1065,23986,109,23986,32,23986,10,18157,5,1.0294912999961525
3,2,,2026-07-22T11:17:05.466112,105077,24258,12009,24258,1057,24258,124,24258,30,24258,8,18470,6,1.0294981000042753
3,2,,2026-07-22T11:17:06.495040,104748,24219,12026,24219,1020,24219,116,24219,30,24219,16,18079,9,1.028499299995019
3,2,,2026-07-22T11:17:07.524753,104898,24219,12062,24219,986,24219,116,24219,29,24219,11,18263,8,1.0293235999997705
3,2,,2026-07-22T11:17:08.555162,104652,24385,11960,24385,1050,24385,114,24385,30,24385,13,18236,7,1.0299831000011181
3,2,,2026-07-22T11:17:09.585375,105289,24398,12055,24398,1033,24398,136,24398,26,24398,12,18222,12,1.0297912999958498
3,2,,2026-07-22T11:17:10.614097,104845,24433,12037,24433,1086,24433,114,24433,31,24433,19,18249,12,1.0283812999987276
3,2,,2026-07-22T11:17:11.642647,105217,24513,12178,24513,1090,24513,110,24513,34,24513,17,18259,11,1.0282694999914384
3,2,,2026-07-22T11:17:12.671015,104901,24224,12013,24224,1072,24224,117,24224,34,24224,17,18169,9,1.0280322000035085
3,2,,2026-07-22T11:17:13.700642,104168,24229,12006,24229,1027,24229,109,24229,30,24229,8,18081,13,1.0292789999948582
3,2,,2026-07-22T11:17:14.730281,104638,24019,12007,24019,1042,24019,103,24019,29,24019,10,18266,7,1.0292239999980666
3,2,,2026-07-22T11:17:15.760031,104527,24195,11920,24195,1046,24195,111,24195,37,24195,11,18104,5,1.029291099999682
3,2,,2026-07-22T11:17:16.789274,104755,24180,12032,24180,1037,24180,97,24180,30,24180,8,18259,7,1.0288830000063172
3,2,,2026-07-22T11:17:17.818229,104515,24398,12106,24398,1031,24398,102,24398,29,24398,13,18179,9,1.0286024000088219
3,2,,2026-07-22T11:17:18.848247,104591,24219,12032,24219,1031,24219,129,24219,22,24219,7,18168,9,1.0296987000037916
3,2,,2026-07-22T11:17:19.877859,104948,24443,11990,24443,1084,24443,124,24443,17,24443,16,18335,7,1.029140999991796
3,2,,2026-07-22T11:17:20.906200,104915,24362,12089,24362,1007,24362,114,24362,35,24362,9,18439,4,1.0279808000050252
3,2,,2026-07-22T11:17:21.935643,104958,24253,11964,24253,1038,24253,126,24253,25,24253,6,18194,11,1.0290396999916993
3,2,,2026-07-22T11:17:22.963725,104556,24439,11978,24439,1090,24439,129,24440,37,24440,9,18136,8,1.027726000000257
3,2,,2026-07-22T11:17:23.992548,104705,24458,12034,24458,1041,24458,131,24457,29,24457,11,18098,7,1.028461800000514
3,2,,2026-07-22T11:17:25.020930,104123,23981,11794,23981,1013,23981,114,23981,25,23981,11,18177,13,1.0280998999951407
3,2,,2026-07-22T11:17:26.051065,104753,24491,11963,24491,1070,24491,113,24491,21,24491,16,18129,10,1.029752100002952
3,2,,2026-07-22T11:17:27.081071,104462,24430,11893,24430,1078,24430,111,24430,26,24430,17,18333,14,1.0295722999871941
3,2,,2026-07-22T11:17:28.110742,104902,24305,12063,24305,982,24305,106,24305,40,24305,15,18237,7,1.0292248000041582
3,2,,2026-07-22T11:17:29.139224,104121,23770,11722,23770,1007,23770,109,23770,34,23770,16,18057,5,1.0281020999973407
3,2,,2026-07-22T11:17:30.167706,104686,24341,11851,24341,1043,24341,118,24341,22,24341,13,18101,5,1.02811029998702
3,2,,2026-07-22T11:17:31.196400,104256,23941,11980,23941,1019,23941,128,23941,34,23941,6,18267,6,1.0283055000036256
3,2,,2026-07-22T11:17:32.225570,104951,24122,11907,24122,933,24122,108,24122,32,24122,10,18127,8,1.0288063000043621
3,2,,2026-07-22T11:17:33.254957,104551,24096,11894,24096,1005,24096,105,24096,32,24096,19,18323,10,1.029006800003117
3,2,,2026-07-22T11:17:34.284994,104204,24202,12092,24202,992,24202,131,24202,21,24202,10,18525,8,1.0296530000050552
3,2,,2026-07-22T11:17:35.314551,105563,24322,11944,24322,1072,24322,101,24322,30,24322,12,18540,13,1.0291627000115113
3,2,,2026-07-22T11:17:36.343497,104849,24376,12171,24376,1058,24376,112,24376,34,24376,12,18265,11,1.0285971999983303
3,2,,2026-07-22T11:17:37.372470,105280,24504,12119,24504,1116,24504,114,24504,37,24504,11,18093,5,1.0286369000095874
3,2,,2026-07-22T11:17:38.401888,104321,24256,11933,24256,1011,24256,119,24256,32,24256,12,18055,9,1.029069600001094
3,2,,2026-07-22T11:17:39.431347,105133,24294,11951,24294,1056,24294,122,24294,31,24294,9,18120,7,1.0289962999959243
3,2,,2026-07-22T11:17:40.460607,104821,24295,11932,24295,1042,24295,130,24295,30,24295,9,18090,7,1.0289086999982828
3,2,,2026-07-22T11:17:41.490233,104847,24488,12071,24488,1061,24488,119,24488,42,24488,13,18234,7,1.0292540000082226
3,2,,2026-07-22T11:17:42.519345,105039,24472,12131,24472,973,24472,127,24472,32,24472,6,18319,8,1.0287222000042675
3,2,,2026-07-22T11:17:43.548754,105214,24513,12100,24513,1048,24513,118,24513,28,24513,15,17929,13,1.0290451999899233
3,2,,2026-07-22T11:17:44.578400,104524,24326,12012,24326,1024,24327,113,24327,41,24327,16,17979,11,1.0292730000073789
3,2,,2026-07-22T11:17:45.608149,104241,24207,11927,24207,1046,24206,123,24206,32,24206,10,18105,10,1.0293954999942798
3,2,,2026-07-22T11:17:46.638408,104875,24240,12068,24240,1098,24240,114,24240,23,24240,12,18178,6,1.0298733999952674
3,2,,2026-07-22T11:17:47.668355,104602,24388,12071,24388,973,24388,111,24388,29,24388,5,17895,9,1.029509899992263
3,2,,2026-07-22T11:17:48.698009,104499,24218,11868,24218,1062,24218,124,24218,30,24218,18,18066,7,1.0291546000080416
3,2,,2026-07-22T11:17:49.726590,105257,24532,12198,24532,1066,24532,122,24532,20,24532,10,18097,9,1.028209300013259
3,2,,2026-07-22T11:17:50.755963,104726,24281,11990,24281,1074,24281,130,24281,27,24281,22,18017,8,1.0290956999961054
3,2,,2026-07-22T11:17:51.784335,105319,24476,12222,24476,1019,24476,116,24476,20,24476,9,18456,8,1.0280259999999544
3,2,,2026-07-22T11:17:52.811434,104462,24238,11828,24238,1005,24238,122,24238,39,24238,5,17910,3,1.026859700010391
3,2,,2026-07-22T11:17:53.838785,104578,24179,12081,24179,1019,24179,94,24179,29,24179,9,17973,5,1.027151699992828
3,2,,2026-07-22T11:17:54.866054,104527,24429,11995,24429,1079,24429,128,24429,41,24429,18,18028,11,1.0268384000082733
3,2,,2026-07-22T11:17:55.896128,104359,24031,11852,24031,1053,24031,125,24031,24,24031,8,18397,12,1.0298150999878999
3,2,,2026-07-22T11:17:56.923320,104827,24283,12074,24283,1044,24283,109,24283,29,24283,8,18182,7,1.0268452000018442
3,2,,2026-07-22T11:17:57.952992,104824,24232,11970,24232,982,24232,123,24232,30,24232,14,18019,3,1.0294697000063024
3,2,,2026-07-22T11:17:58.981356,104666,24343,12128,24343,1058,24343,129,24343,30,24343,13,18353,9,1.0279871999955503
3,2,,2026-07-22T11:18:00.011312,104480,24035,11872,24035,1023,24035,116,24035,31,24035,16,18165,3,1.029677200000151
3,2,,2026-07-22T11:18:01.041017,104884,24265,11849,24265,1025,24265,117,24265,28,24265,3,18182,10,1.0292820000031497
3,2,,2026-07-22T11:18:02.071090,104005,24051,11981,24051,1035,24051,120,24051,26,24051,10,18338,6,1.0296874999912689
3,2,,2026-07-22T11:18:03.100983,104459,24165,11898,24165,1072,24165,98,24165,43,24165,16,18298,9,1.0295141999959014
3,2,,2026-07-22T11:18:04.130363,104923,24442,11974,24442,1003,24442,126,24442,34,24442,11,18035,8,1.0289887000108138
3,2,,2026-07-22T11:18:05.159640,104678,24227,11905,24227,1063,24227,132,24227,34,24228,14,18281,8,1.0289156999933766
3,2,,2026-07-22T11:18:06.188447,104869,24382,12014,24382,1047,24382,111,24382,33,24381,12,18120,9,1.0283772999973735
3,2,,2026-07-22T11:18:07.218831,104779,23991,11745,23991,1034,23991,131,23991,24,23991,11,18461,9,1.0300136000005296
3,2,,2026-07-22T11:18:08.248978,104921,24420,12055,24420,1020,24420,112,24420,31,24420,16,18101,6,1.0297825000016019
3,2,,2026-07-22T11:18:09.277942,104621,24253,11966,24253,1017,24253,107,24253,27,24253,15,18305,7,1.028555699987919
3,2,,2026-07-22T11:18:10.305928,104658,24221,11998,24221,998,24221,124,24221,33,24221,13,18055,4,1.0276290000037989
3,2,,2026-07-22T11:18:11.334503,104917,24045,11839,24045,1031,24045,123,24045,20,24045,14,18407,5,1.0282923999911873
3,2,,2026-07-22T11:18:12.363291,104789,24581,12222,24581,1087,24581,114,24581,35,24582,18,18486,6,1.0284193999978015
3,2,,2026-07-22T11:18:13.392335,104903,24047,11923,24047,1105,24047,120,24047,28,24046,6,18245,9,1.0286613999924157
3,2,,2026-07-22T11:18:14.421388,104782,24351,11838,24351,1094,24351,137,24351,28,24351,17,18129,8,1.0286809999961406
3,2,,2026-07-22T11:18:15.449972,104528,24417,11920,24417,1055,24417,115,24417,35,24417,16,18154,7,1.0282832000084454
3,2,,2026-07-22T11:18:16.479213,104604,24360,12061,24360,1044,24360,117,24360,30,24360,11,18237,8,1.028890900008264
3,2,,2026-07-22T11:18:17.508400,104299,24317,11854,24317,1039,24317,122,24317,40,24317,17,18166,10,1.028829399991082
3,2,,2026-07-22T11:18:18.537617,104705,24346,12006,24346,1012,24346,108,24346,31,24346,6,18178,4,1.0288159999909112
3,2,,2026-07-22T11:18:19.566252,105313,24307,11931,24307,1106,24307,113,24307,26,24307,16,18166,6,1.0282614000025205
3,2,,2026-07-22T11:18:20.595332,104263,24185,11950,24185,1024,24185,103,24185,37,24185,8,18433,10,1.028782699999283
3,2,,2026-07-22T11:18:21.624022,104562,24452,11954,24452,1072,24452,120,24452,28,24452,13,17768,6,1.0283142999978736
3,2,,2026-07-22T11:18:22.653481,105378,24468,12174,24468,1052,24468,112,24468,25,24468,7,18286,6,1.0290513000072679
3,2,,2026-07-22T11:18:23.682887,105177,24511,12016,24511,1121,24511,117,24511,32,24511,10,18130,7,1.029040499997791
3,2,,2026-07-22T11:18:24.711754,104479,24104,11999,24104,984,24104,120,24104,37,24104,9,18049,8,1.0284951999929035
3,2,,2026-07-22T11:18:25.740879,105322,24528,12222,24528,1036,24528,112,24528,27,24528,16,18427,11,1.0287543000013102
3,2,,2026-07-22T11:18:26.770019,104685,24408,12060,24408,1023,24408,106,24408,31,24408,16,18234,7,1.0287602999887895
3,2,,2026-07-22T11:18:27.799166,104654,24047,11699,24047,1066,24047,115,24047,40,24047,13,18243,8,1.0287454000063008
3,2,,2026-07-22T11:18:28.828807,105708,24349,12036,24349,1014,24349,149,24349,28,24349,17,18190,12,1.0292401999904541
3,2,,2026-07-22T11:18:29.859107,104594,24415,12078,24415,1017,24415,134,24415,35,24415,12,18044,5,1.0299144000018714
3,2,,2026-07-22T11:18:30.888884,104718,24244,12061,24244,1048,24244,117,24244,25,24244,11,18258,9,1.0294028000062099
3,2,,2026-07-22T11:18:31.917773,105124,24373,12166,24373,1013,24373,111,24373,24,24373,18,17855,5,1.028511399999843
3,2,,2026-07-22T11:18:32.946391,104842,24355,12056,24355,1052,24355,130,24355,25,24355,18,18209,4,1.0282543999928748
3,2,,2026-07-22T11:18:33.975599,104231,24207,11886,24207,1033,24207,129,24207,32,24207,7,18211,4,1.0288409000058891
3,2,,2026-07-22T11:18:35.005312,104923,24608,12213,24608,1073,24608,107,24608,16,24608,16,18235,13,1.0293125000025611
3,2,,2026-07-22T11:18:36.034469,105740,24407,12082,24407,986,24407,118,24407,37,24407,10,18123,7,1.028732899998431
3,2,,2026-07-22T11:18:37.063423,104824,24321,12019,24321,1061,24321,135,24321,26,24321,15,18143,8,1.0285015999979805
3,2,,2026-07-22T11:18:38.092843,104741,24252,11918,24252,997,24252,132,24252,38,24252,15,18019,3,1.0290872000041418
3,2,,2026-07-22T11:18:39.121569,105149,24309,12141,24309,1024,24309,112,24309,28,24309,12,17968,6,1.0284602000028826
3,2,,2026-07-22T11:18:40.150732,104612,24389,12067,24389,1013,24389,117,24389,31,24389,11,18234,6,1.0288242000096943
3,2,,2026-07-22T11:18:41.180319,105036,24576,12191,24576,1062,24576,114,24576,32,24576,17,18411,3,1.029206899998826
3,2,,2026-07-22T11:18:42.209260,104866,24362,12096,24362,1046,24362,117,24362,37,24362,9,18096,10,1.0285780999984127
3,2,,2026-07-22T11:18:43.238194,104635,24465,12192,24465,1096,24465,119,24465,37,24465,12,18231,8,1.028588099987246
3,2,,2026-07-22T11:18:44.267811,104535,24535,12102,24535,1074,24535,131,24535,26,24535,8,18296,6,1.0293016999930842
3,2,,2026-07-22T11:18:45.296478,105165,24286,11926,24286,1055,24286,110,24286,24,24286,20,18209,5,1.0282814999955008
3,2,,2026-07-22T11:18:46.325851,105073,24457,12087,24457,972,24457,127,24457,34,24457,12,18150,5,1.0289804000058211
3,2,,2026-07-22T11:18:47.354769,104643,24182,12011,24182,1020,24182,110,24182,36,24182,18,18068,4,1.0285466000059387
3,2,,2026-07-22T11:18:48.384268,104574,24391,11931,24391,1036,24391,122,24391,32,24391,20,18208,6,1.0291116000007605
3,2,,2026-07-22T11:18:49.413632,105499,24723,12214,24723,1047,24723,132,24723,32,24723,10,18294,8,1.0288909999944735
3,2,,2026-07-22T11:18:50.442225,104998,24343,12078,24343,1042,24343,113,24343,30,24343,12,18131,5,1.0282273000048008
3,2,,2026-07-22T11:18:51.472053,105116,24381,12214,24381,1026,24381,137,24381,35,24381,11,18177,5,1.0294484000041848
3,2,,2026-07-22T11:18:52.502920,104582,24507,12280,24507,1048,24507,118,24507,23,24507,11,18505,3,1.030502699999488
3,2,,2026-07-22T11:18:53.532891,104680,24117,11964,24117,1043,24117,136,24117,29,24117,11,18288,7,1.0295666000019992
3,2,,2026-07-22T11:18:54.562370,105176,24153,11950,24153,994,24153,120,24153,23,24153,6,18346,8,1.0290996999974595
3,2,,2026-07-22T11:18:55.590480,104748,24211,11989,24211,981,24211,115,24211,26,24211,20,18270,4,1.02774559998943
3,2,,2026-07-22T11:18:56.618249,104961,24343,12099,24343,1042,24343,121,24343,37,24343,9,17850,8,1.0274772999982815
3,2,,2026-07-22T11:18:57.647096,104728,24510,12092,24510,1093,24510,112,24510,30,24510,8,18278,5,1.0285658999928273
3,2,,2026-07-22T11:18:58.673789,104848,24189,11814,24189,991,24189,121,24189,32,24189,12,18262,7,1.0264288000034867
3,2,,2026-07-22T11:18:59.700666,104067,23996,11784,23996,983,23996,125,23996,29,23996,11,18220,6,1.02668999999878
3,2,,2026-07-22T11:19:00.729976,105319,24243,12059,24243,1009,24243,112,24243,30,24243,13,18243,8,1.0289973000035388
3,2,,2026-07-22T11:19:01.759575,104940,24257,11931,24257,1078,24257,118,24257,37,24257,14,18203,8,1.0292781999887666
3,2,,2026-07-22T11:19:02.788457,105142,24420,12021,24420,1036,24420,139,24420,36,24420,16,18469,4,1.0285189999995055
3,2,,2026-07-22T11:19:03.817915,105398,24377,12115,24377,1029,24377,114,24377,32,24377,9,18121,10,1.029085899994243
3,2,,2026-07-22T11:19:04.847071,105130,24507,12023,24507,1071,24507,112,24507,31,24507,9,18223,9,1.0287787999986904
3,2,,2026-07-22T11:19:05.875964,105223,24276,11981,24276,999,24276,107,24276,31,24276,14,18506,6,1.0285953999991762
3,2,,2026-07-22T11:19:06.905258,104928,24368,12034,24368,1013,24368,118,24368,28,24368,17,18521,6,1.028942900011316
3,2,,2026-07-22T11:19:07.935039,104730,24475,12027,24475,1079,24475,138,24475,38,24475,17,18112,7,1.0293780999927549
3,2,,2026-07-22T11:19:08.964450,105343,24404,11953,24404,1061,24404,113,24404,36,24404,15,18286,8,1.028928600004292
3,2,,2026-07-22T11:19:09.993724,104888,24206,11962,24206,1095,24206,123,24206,27,24206,11,18137,11,1.0289464999950724
3,2,,2026-07-22T11:19:11.023247,104959,24116,11923,24116,1061,24116,135,24116,30,24116,23,18077,6,1.0290031000040472
3,2,,2026-07-22T11:19:12.052194,104990,24275,11972,24275,1043,24275,100,24275,37,24275,11,17994,6,1.0285631000006106
3,2,,2026-07-22T11:19:13.081869,105161,24676,12294,24676,1078,24676,114,24676,29,24676,7,18155,9,1.0293169999931706
3,2,,2026-07-22T11:19:14.110529,105550,24041,11919,24041,1045,24041,103,24041,38,24041,8,18537,9,1.0277069000003394
3,2,,2026-07-22T11:19:15.139055,104457,24470,12141,24470,1041,24470,124,24470,31,24470,9,17984,8,1.028249800001504
3,2,,2026-07-22T11:19:16.168117,104543,24151,11883,24151,1010,24151,122,24151,27,24151,14,18220,10,1.0286924999963958
3,2,,2026-07-22T11:19:17.197565,104891,24366,12026,24366,1102,24366,86,24366,34,24366,11,18327,7,1.0290279000037117
3,2,,2026-07-22T11:19:18.226482,104992,24282,11917,24282,1038,24282,121,24282,27,24282,14,18226,12,1.028541600011522
3,2,,2026-07-22T11:19:19.256083,104727,24383,12014,24383,1011,24383,136,24383,31,24383,12,18088,8,1.0292527999990853
3,2,,2026-07-22T11:19:20.285120,105106,24302,12060,24302,1014,24302,123,24302,30,24302,14,18452,7,1.0286354999989271
3,2,,2026-07-22T11:19:21.314455,104969,24424,12088,24424,1015,24424,124,24424,31,24424,13,18143,4,1.0288999000040349
3,2,,2026-07-22T11:19:22.344520,104958,24538,12032,24538,1062,24538,136,24538,34,24538,12,18446,7,1.0296325999952387
3,2,,2026-07-22T11:19:23.373415,104642,24641,12102,24641,985,24641,111,24641,37,24641,10,18296,8,1.0284230000106618
3,2,,2026-07-22T11:19:24.403144,105228,24187,12070,24187,1021,24187,122,24187,32,24187,10,18233,7,1.0293703000061214
3,2,,2026-07-22T11:19:25.432828,105005,24548,12221,24548,1090,24548,113,24548,37,24548,10,18278,3,1.029285600001458
3,2,,2026-07-22T11:19:26.462083,105176,24445,12012,24445,1100,24445,96,24445,25,24445,12,18266,14,1.0288063000043621
3,2,,2026-07-22T11:19:27.491101,105216,24300,11945,24300,1005,24300,101,24300,23,24300,12,18402,10,1.0286949000001187
3,2,,2026-07-22T11:19:28.519812,104717,24130,11859,24130,1096,24130,113,24130,33,24130,12,17892,6,1.028348099993309
3,2,,2026-07-22T11:19:29.548969,105445,24512,12102,24512,1045,24512,126,24512,36,24512,11,18276,8,1.0288196000037715
3,2,,2026-07-22T11:19:30.578320,105241,24539,12100,24539,1065,24539,128,24539,33,24539,21,18480,9,1.0290067000023555
3,2,,2026-07-22T11:19:31.608308,105696,24532,12220,24532,1160,24532,114,24532,25,24532,13,18455,11,1.029587500001071
3,2,,2026-07-22T11:19:32.637166,105329,24416,11926,24416,1121,24416,129,24416,26,24416,9,18280,7,1.028489400006947
3,2,,2026-07-22T11:19:33.665897,105141,24815,12410,24815,1008,24815,123,24815,24,24815,15,18009,7,1.028352299996186
3,2,,2026-07-22T11:19:34.695747,105086,24330,11944,24330,1004,24330,109,24330,25,24330,17,18331,9,1.0294461000012234
3,2,,2026-07-22T11:19:35.724610,104767,24601,12275,24601,1050,24601,106,24601,35,24601,12,18229,5,1.0284832999896025
3,2,,2026-07-22T11:19:36.752801,105341,24510,12125,24510,998,24510,126,24510,23,24510,12,18129,5,1.0278606000065338
3,2,,2026-07-22T11:19:37.782315,104720,24439,12076,24439,1037,24439,135,24439,29,24439,11,18136,12,1.0291640999930678
3,2,,2026-07-22T11:19:38.811907,105346,24404,12103,24404,1069,24404,117,24404,22,24404,14,18441,3,1.029221000004327
3,2,,2026-07-22T11:19:39.840211,105091,24399,12173,24399,1041,24399,112,24399,36,24399,9,18186,9,1.0279546000092523
3,2,,2026-07-22T11:19:40.868959,104906,24444,12076,24444,1093,24444,120,24444,28,24444,11,18018,6,1.0284936999960337
3,2,,2026-07-22T11:19:41.898422,105211,24251,12042,24251,1008,24251,119,24251,31,24251,13,18338,12,1.0290744999947492
3,2,,2026-07-22T11:19:42.928080,105310,24475,12115,24475,1000,24475,111,24475,29,24475,13,18214,14,1.029255599991302
3,2,,2026-07-22T11:19:43.955991,104496,24215,11952,24215,1019,24215,132,24215,29,24215,12,18196,12,1.0274651999934576
3,2,,2026-07-22T11:19:44.985615,105450,24429,12201,24429,1007,24429,118,24429,30,24429,10,18242,6,1.02930940000806
3,2,,2026-07-22T11:19:46.015052,104770,24048,11989,24048,974,24048,124,24048,23,24048,11,18070,4,1.0290603000030387
3,2,,2026-07-22T11:19:47.044070,105256,24303,12048,24303,1030,24303,121,24303,38,24303,13,18158,10,1.0284995999973034
3,2,,2026-07-22T11:19:48.073436,105223,24359,11972,24359,1035,24359,127,24359,42,24359,12,18335,11,1.029001499991864
3,2,,2026-07-22T11:19:49.102519,104855,24352,12015,24352,1034,24352,124,24352,26,24352,10,18072,3,1.0286894000018947
3,2,,2026-07-22T11:19:50.131964,104254,24150,11876,24150,1058,24150,111,24150,28,24150,13,18501,9,1.029084800000419
3,2,,2026-07-22T11:19:51.160639,105559,24467,12149,24467,972,24467,132,24467,27,24467,15,18362,9,1.0282580999919446
3,2,,2026-07-22T11:19:52.190064,105632,24256,11991,24256,1091,24256,125,24256,34,24256,9,18387,9,1.0290412999893306
3,2,,2026-07-22T11:19:53.219747,104956,24596,12183,24596,1053,24596,124,24596,28,24596,15,18269,7,1.029390700001386
3,2,,2026-07-22T11:19:54.249581,105262,23995,11828,23995,1046,23995,122,23995,37,23995,13,18248,4,1.0294737000076566
3,2,,2026-07-22T11:19:55.277936,104855,24267,12127,24267,1058,24267,125,24267,21,24267,16,17943,8,1.028004099993268
3,2,,2026-07-22T11:19:56.306990,105129,24135,11939,24135,1019,24135,115,24135,24,24135,11,18085,6,1.028841100007412
3,2,,2026-07-22T11:19:57.335206,105042,24739,12262,24739,1050,24739,121,24739,37,24739,12,18139,9,1.0278706999961287
3,2,,2026-07-22T11:19:58.365187,105108,24463,12209,24463,1055,24463,118,24463,26,24463,19,18234,9,1.0296070000040345
3,2,,2026-07-22T11:19:59.393032,104921,24293,11954,24293,991,24293,134,24293,31,24293,8,18164,6,1.0275562000024365
3,2,,2026-07-22T11:20:00.422285,104517,24302,12128,24302,1091,24302,115,24302,31,24302,9,18256,6,1.0289786999928765
3,2,,2026-07-22T11:20:01.451714,104215,24113,11904,24113,1062,24113,106,24113,22,24113,14,18197,4,1.0290438999945763
3,2,,2026-07-22T11:20:02.480461,105391,24351,12056,24351,991,24351,113,24351,21,24351,14,18404,6,1.0283593000058318
3,2,,2026-07-22T11:20:03.509544,104828,24085,11904,24085,1050,24085,117,24085,27,24085,14,18058,9,1.0287910000042757
3,2,,2026-07-22T11:20:04.538655,105057,24505,12140,24505,1054,24505,125,24505,30,24505,20,18063,8,1.0287337000045227
3,2,,2026-07-22T11:20:05.568139,105260,24315,12119,24315,1100,24315,103,24315,29,24315,8,18154,7,1.0290802999952575
3,2,,2026-07-22T11:20:06.597141,105030,24297,12088,24297,1018,24297,119,24297,40,24297,12,18088,11,1.0286199999973178
3,2,,2026-07-22T11:20:07.626386,105386,24445,12197,24445,1012,24445,127,24445,25,24445,13,18230,2,1.028900400007842
3,2,,2026-07-22T11:20:08.655608,105450,24345,12035,24345,1039,24345,123,24345,22,24345,13,18298,3,1.0288308000017423
3,2,,2026-07-22T11:20:09.685072,105440,24346,12066,24346,981,24346,125,24346,30,24346,11,18081,12,1.0290959999983897
3,2,,2026-07-22T11:20:10.714628,104799,24229,11952,24229,1033,24229,116,24229,31,24229,17,18337,5,1.0290095000091242
3,2,,2026-07-22T11:20:11.741866,105440,24527,12117,24527,1058,24527,131,24527,24,24527,11,18397,13,1.0268259000004036
3,2,,2026-07-22T11:20:12.771130,104780,24451,12104,24451,1049,24451,122,24451,34,24452,14,18176,7,1.02899599999364
3,2,,2026-07-22T11:20:13.800359,104933,24158,12007,24158,1008,24158,119,24158,25,24157,11,18135,9,1.0288502000039443
3,2,,2026-07-22T11:20:14.829757,104658,24058,11826,24058,996,24058,123,24058,24,24058,10,18383,10,1.0290108999906806
3,2,,2026-07-22T11:20:15.859215,105923,24743,12183,24743,1070,24743,118,24743,39,24743,17,18302,7,1.029116999998223
3,2,,2026-07-22T11:20:16.887681,105556,24503,12174,24503,1031,24503,112,24503,28,24503,8,18092,3,1.0281361999950605
3,2,,2026-07-22T11:20:17.916870,104923,24404,12207,24404,1036,24404,151,24404,32,24404,12,18150,8,1.028791499993531
3,2,,2026-07-22T11:20:18.946778,104507,24324,11956,24324,1007,24324,147,24324,35,24324,12,17972,10,1.0295198999956483
3,2,,2026-07-22T11:20:19.975698,105794,24422,12021,24422,1110,24422,115,24422,35,24422,11,18219,4,1.0284665000071982
3,2,,2026-07-22T11:20:21.004767,104445,24234,12001,24234,1055,24234,123,24234,26,24234,10,18095,13,1.0287039000104414
3,2,,2026-07-22T11:20:22.034241,104882,24371,11968,24371,1030,24371,109,24371,25,24371,12,18223,12,1.0291188999981387
3,2,,2026-07-22T11:20:23.061015,105009,24760,12289,24760,1057,24760,92,24760,34,24760,16,18157,10,1.0264323000010336
3,2,,2026-07-22T11:20:24.089375,104692,24091,11943,24091,1035,24091,133,24091,40,24091,15,18049,7,1.0281645999930333
3,2,,2026-07-22T11:20:25.118147,105406,24453,12271,24453,1023,24453,139,24453,27,24453,10,18309,9,1.0284116999973776
3,2,,2026-07-22T11:20:26.147520,104878,24351,12204,24351,1053,24351,127,24351,36,24351,15,18217,11,1.0289844999933848
3,2,,2026-07-22T11:20:27.176009,105329,24324,12001,24324,1038,24324,117,24324,26,24324,12,18058,4,1.0280297999997856
3,2,,2026-07-22T11:20:28.205059,105861,24415,12001,24415,1049,24415,102,24415,39,24415,10,18220,5,1.0286558999941917
3,2,,2026-07-22T11:20:29.233882,105664,24506,12034,24506,1109,24506,149,24506,33,24506,8,18216,3,1.0284113999950932
3,2,,2026-07-22T11:20:30.263490,105094,24314,12029,24314,1109,24314,124,24314,29,24314,9,18466,8,1.0292301000008592
3,2,,2026-07-22T11:20:31.292695,105672,24515,12046,24515,1064,24515,110,24515,35,24515,16,18315,9,1.0288017999992007
3,2,,2026-07-22T11:20:32.321685,105024,24685,12219,24685,1073,24685,119,24685,21,24685,11,18017,4,1.028617200005101
3,2,,2026-07-22T11:20:33.351166,105386,24504,12145,24504,1060,24504,115,24504,41,24504,15,18262,5,1.0290442999976221
3,2,,2026-07-22T11:20:34.380392,105223,24333,12025,24333,1040,24333,119,24333,31,24333,11,18308,9,1.0288503000047058
3,2,,2026-07-22T11:20:35.410152,105163,24429,12208,24429,976,24429,97,24429,22,24429,9,18385,6,1.0294361999985995
3,2,,2026-07-22T11:20:36.439216,105165,24425,12182,24425,1096,24425,111,24425,29,24425,11,17954,5,1.0287647999939509
3,2,,2026-07-22T11:20:37.467643,105080,24465,12010,24465,1037,24465,98,24465,32,24465,17,18222,6,1.0280583999992814
3,2,,2026-07-22T11:20:38.496513,104903,24280,12025,24280,1041,24280,112,24280,40,24280,13,18307,5,1.028438900000765
3,2,,2026-07-22T11:20:39.525509,105076,24536,12050,24536,1020,24536,121,24536,48,24536,12,18366,6,1.0286533999897074
3,2,,2026-07-22T11:20:40.554887,105343,24502,12074,24502,1044,24502,128,24502,29,24502,12,18355,5,1.0290165999904275
3,2,,2026-07-22T11:20:41.583394,105220,24463,12108,24463,1058,24463,141,24463,34,24463,11,18414,7,1.0281332000013208
3,2,,2026-07-22T11:20:42.613327,105125,24033,11896,24033,1020,24033,104,24033,24,24033,12,18265,2,1.029554900000221
3,2,,2026-07-22T11:20:43.641638,105437,24186,11883,24186,1007,24186,118,24186,34,24186,9,18203,9,1.0278278999903705
3,2,,2026-07-22T11:20:44.670812,104941,24406,12070,24406,1077,24406,116,24406,23,24406,16,18194,7,1.028823700005887
3,2,,2026-07-22T11:20:45.700317,105276,24540,12137,24540,1047,24540,136,24540,38,24540,8,18335,7,1.0291328000021167
3,2,,2026-07-22T11:20:46.730199,105642,24286,12169,24286,1053,24286,119,24286,30,24286,12,18245,5,1.0294723999977577
3,2,,2026-07-22T11:20:47.759133,105298,24362,12047,24362,1077,24362,132,24362,28,24362,14,18393,9,1.028619599994272
3,2,,2026-07-22T11:20:48.788525,105037,24251,12015,24251,1031,24251,135,24251,36,24251,15,18286,10,1.0290201000025263
3,2,,2026-07-22T11:20:49.817977,105778,24624,12095,24624,1043,24624,148,24624,38,24624,11,18311,6,1.0290798000060022
3,2,,2026-07-22T11:20:50.846914,105270,24576,12279,24576,1027,24576,122,24576,38,24576,15,18111,6,1.0285424999892712
3,2,,2026-07-22T11:20:51.876321,105219,24320,12108,24320,1093,24320,121,24320,28,24320,17,18284,8,1.0290000999957556
3,2,,2026-07-22T11:20:52.905418,105536,24430,12165,24430,1040,24430,116,24430,37,24430,13,18125,8,1.0287154999969061
3,2,,2026-07-22T11:20:53.934220,105900,24589,12172,24589,1054,24589,112,24589,34,24589,19,18312,7,1.0284112999943318
3,2,,2026-07-22T11:20:54.963323,105467,24412,12065,24412,1056,24412,119,24412,41,24412,11,18280,13,1.028752700003679
3,2,,2026-07-22T11:20:55.990660,105439,24326,12100,24326,1070,24326,120,24326,26,24326,13,18195,3,1.0270141000073636
3,2,,2026-07-22T11:20:57.017681,104783,24095,12035,24095,985,24095,128,24095,29,24095,7,18024,9,1.0268200999998953
3,2,,2026-07-22T11:20:58.044522,105546,24489,12095,24489,1148,24489,121,24489,33,24489,6,18254,5,1.0264870000100927
3,2,,2026-07-22T11:20:59.073969,104874,24338,12047,24338,1069,24338,126,24338,30,24338,13,18324,6,1.0291310000029625
3,2,,2026-07-22T11:21:00.101168,105091,24411,12119,24411,1001,24411,121,24411,26,24411,10,18213,8,1.026821999999811
3,2,,2026-07-22T11:21:01.131103,104923,24066,11824,24066,1014,24066,106,24066,37,24067,15,18180,6,1.0296319000044605
3,2,,2026-07-22T11:21:02.157265,105187,24494,12187,24494,1030,24494,112,24494,24,24493,13,18181,6,1.0257702999952016
3,2,,2026-07-22T11:21:03.184167,105779,24514,12142,24514,1059,24514,123,24514,29,24514,14,18198,6,1.0267371999943862
3,2,,2026-07-22T11:21:04.213641,105058,24493,12282,24493,1047,24493,108,24493,22,24493,10,18179,11,1.0292916000034893
3,2,,2026-07-22T11:21:05.242731,105056,24502,12069,24502,1036,24502,117,24502,32,24502,10,18252,5,1.0287604000041028
3,2,,2026-07-22T11:21:06.271836,104822,24242,11976,24242,1028,24242,109,24242,26,24242,19,18255,8,1.0287018999952124
3,2,,2026-07-22T11:21:07.301016,105070,24302,12073,24302,1008,24302,123,24302,23,24302,7,18147,9,1.0288006000046153
3,2,,2026-07-22T11:21:08.330747,104559,24065,11787,24065,1057,24065,118,24065,20,24065,14,18183,5,1.0293362999946112
3,2,,2026-07-22T11:21:09.359285,104649,24299,12116,24299,1044,24299,103,24299,20,24299,11,18096,6,1.0282097999879625
3,2,,2026-07-22T11:21:10.388457,105104,24434,12163,24434,1074,24434,124,24434,31,24434,20,18202,9,1.0288603999943007
3,2,,2026-07-22T11:21:11.417190,105328,24510,12405,24510,1038,24510,125,24510,22,24510,10,18265,11,1.0283569000021089
3,2,,2026-07-22T11:21:12.447601,105272,24210,12129,24210,1044,24210,122,24210,23,24210,10,18175,7,1.0300177000026451
3,2,,2026-07-22T11:21:13.477299,105837,24819,12236,24819,1026,24819,125,24819,37,24819,8,18255,5,1.0292588000011165
3,2,,2026-07-22T11:21:14.506504,105674,24478,12107,24478,1013,24478,128,24478,18,24478,13,18381,9,1.028756700005033
3,2,,2026-07-22T11:21:15.534694,104669,24112,11914,24112,1074,24112,131,24112,26,24112,12,18178,6,1.0278443999995943
3,2,,2026-07-22T11:21:16.564306,104892,24150,11956,24150,1035,24150,123,24150,25,24150,10,18358,6,1.0292211000050884
3,2,,2026-07-22T11:21:17.594917,105300,24464,12088,24464,1054,24464,125,24464,29,24464,7,18317,7,1.0301042000064626
3,2,,2026-07-22T11:21:18.624113,104989,24320,12107,24320,1011,24320,128,24320,34,24320,17,18268,9,1.02878179999243
3,2,,2026-07-22T11:21:19.653649,104511,24122,11848,24122,1035,24122,127,24122,38,24122,10,18290,7,1.0291624999954365
3,2,,2026-07-22T11:21:20.681871,105314,24384,12056,24384,1011,24384,100,24384,30,24384,10,18171,8,1.0279000000009546
3,2,,2026-07-22T11:21:21.710478,104486,23923,11886,23923,917,23923,132,23923,25,23923,13,18133,15,1.0281928999902448
3,2,,2026-07-22T11:21:22.739955,105387,24195,11907,24195,1033,24195,113,24195,30,24195,11,18287,11,1.0291164999944158
3,2,,2026-07-22T11:21:23.769217,105794,24469,12072,24469,1096,24469,116,24469,31,24469,15,18161,10,1.0288817000109702
3,2,,2026-07-22T11:21:24.798990,105207,24577,12083,24577,1083,24577,134,24577,31,24577,16,18101,5,1.0293927999882726
3,2,,2026-07-22T11:21:25.828543,104996,24335,11877,24335,1051,24335,109,24335,36,24335,15,18204,5,1.0291837000113446
3,2,,2026-07-22T11:21:26.857722,105160,24289,11928,24289,1061,24289,137,24289,28,24289,10,18177,6,1.028810899995733
3,2,,2026-07-22T11:21:27.887217,105555,24560,12305,24560,1052,24560,137,24560,25,24560,14,18109,7,1.0291605000093114
3,2,,2026-07-22T11:21:28.917215,104772,24316,12060,24316,1057,24316,119,24316,34,24316,15,18047,13,1.029623200010974
3,2,,2026-07-22T11:21:29.947173,105153,24477,12163,24477,989,24477,109,24477,26,24477,7,18156,11,1.029563899995992
3,2,,2026-07-22T11:21:30.975966,105084,24218,12051,24218,1054,24218,109,24218,28,24218,14,18131,8,1.0283613999927184
3,2,,2026-07-22T11:21:32.004704,105149,24219,12012,24219,1019,24219,97,24219,36,24219,10,18138,6,1.0283353999984683
3,2,,2026-07-22T11:21:33.033335,104662,24253,11980,24253,1048,24253,120,24253,28,24253,9,18198,9,1.0282630000001518
3,2,,2026-07-22T11:21:34.062944,105169,24155,11866,24155,1001,24155,118,24155,26,24155,22,18256,4,1.0292430000117747
3,2,,2026-07-22T11:21:35.092114,104791,24250,12085,24250,1035,24250,130,24250,24,24250,10,18041,8,1.0287834000046132
3,2,,2026-07-22T11:21:36.121956,105812,24426,12011,24426,1055,24426,117,24426,34,24426,14,18283,10,1.0293784999958007
3,2,,2026-07-22T11:21:37.150786,104973,24481,12146,24481,1092,24481,147,24481,36,24481,7,18200,8,1.0284429000021191
3,2,,2026-07-22T11:21:38.177839,105665,24487,12085,24487,1010,24487,118,24488,37,24488,9,18243,3,1.0266853000066476
3,2,,2026-07-22T11:21:39.206743,104968,24246,11980,24246,1050,24246,130,24245,27,24245,20,18195,7,1.0287175999983447
3,2,,2026-07-22T11:21:40.235837,105333,24540,12038,24540,1055,24540,123,24540,21,24540,20,18206,4,1.028721399998176
3,2,,2026-07-22T11:21:41.265553,104845,24177,12030,24177,1047,24177,122,24177,27,24177,17,18238,10,1.0293498000100954
3,2,,2026-07-22T11:21:42.295803,105441,24494,11989,24494,1026,24494,114,24494,37,24494,10,18260,9,1.02987659999053
3,2,,2026-07-22T11:21:43.324591,104586,24402,12100,24402,1047,24402,133,24402,27,24402,11,18265,9,1.028379600000335
3,2,,2026-07-22T11:21:44.354007,105132,24513,12037,24513,1031,24513,123,24513,40,24513,10,18280,5,1.0290647000074387
3,2,,2026-07-22T11:21:45.399288,107076,24707,12284,24707,1066,24707,138,24707,26,24707,18,18659,8,1.044956400000956
3,2,,2026-07-22T11:21:46.428750,104611,24266,11987,24266,1056,24266,117,24266,41,24266,13,18104,8,1.0292352999967989
3,2,,2026-07-22T11:21:47.458486,105246,24427,11959,24427,1018,24427,113,24427,39,24427,18,18247,7,1.0294048999930965
3,2,,2026-07-22T11:21:48.487497,105279,24328,12014,24328,1051,24328,120,24328,38,24328,6,18341,8,1.0286415000009583
3,2,,2026-07-22T11:21:49.516663,105055,24406,12137,24406,977,24406,118,24406,41,24406,11,18378,2,1.0288231000013184
3,2,,2026-07-22T11:21:50.544985,106427,24739,12231,24739,1065,24739,135,24739,31,24739,9,18412,7,1.027940200001467
3,2,,2026-07-22T11:21:51.573689,105255,24349,12007,24349,1086,24349,120,24349,28,24349,12,18356,6,1.0284216000000015
3,2,,2026-07-22T11:21:52.602759,105059,24429,11929,24429,1105,24429,146,24429,28,24429,21,18384,11,1.0286895999888657
3,2,,2026-07-22T11:21:53.632216,105347,24376,11942,24376,1025,24376,117,24376,30,24376,10,18083,5,1.029078000006848
3,3,,2026-07-22T11:22:08.140616,105145,23400,12124,23400,138,23400,196,23400,73,23400,15,18461,9,1.0289507999987109
3,3,,2026-07-22T11:22:09.169737,105442,23335,12253,23335,124,23335,193,23335,69,23335,12,18498,6,1.0287423999980092
3,3,,2026-07-22T11:22:10.200354,105717,23289,12109,23289,144,23289,186,23289,60,23289,16,18819,7,1.030308800007333
3,3,,2026-07-22T11:22:11.229659,104719,23290,12109,23290,129,23290,186,23290,75,23290,10,18422,6,1.028952599997865
3,3,,2026-07-22T11:22:12.258955,105527,23409,12255,23409,149,23409,185,23409,63,23409,14,18485,6,1.0288969999965047
3,3,,2026-07-22T11:22:13.288400,105002,23301,12024,23301,124,23301,216,23301,72,23301,17,18272,7,1.0290785999968648
3,3,,2026-07-22T11:22:14.316620,105641,23601,12212,23601,135,23601,195,23601,68,23601,8,18471,13,1.0278073999943445
3,3,,2026-07-22T11:22:15.345854,105304,23333,12080,23333,129,23333,172,23333,70,23333,17,18761,6,1.0288083999912487
3,3,,2026-07-22T11:22:16.374613,105530,23530,12330,23530,131,23530,176,23530,76,23530,4,18684,9,1.0283316999993986
3,3,,2026-07-22T11:22:17.403403,104837,23239,12145,23239,146,23239,205,23239,71,23239,13,18356,8,1.028423900002963
3,3,,2026-07-22T11:22:18.432064,105283,23364,12137,23364,130,23364,198,23364,76,23364,6,18387,1,1.0283065999974497
3,3,,2026-07-22T11:22:19.461740,105213,23429,12262,23429,104,23429,194,23429,61,23429,12,18752,8,1.0292962999956217
3,3,,2026-07-22T11:22:20.490394,106232,23602,12303,23602,135,23602,181,23602,60,23602,13,18655,10,1.0283063999959268
3,3,,2026-07-22T11:22:21.520155,105310,23631,12347,23631,122,23631,181,23631,73,23631,11,18521,4,1.029421800005366
3,3,,2026-07-22T11:22:22.549667,105942,23294,12234,23294,163,23294,167,23294,77,23294,7,18676,9,1.0291544000065187
3,3,,2026-07-22T11:22:23.579234,105886,23295,12195,23295,136,23295,203,23295,66,23295,15,18636,8,1.029229799998575
3,3,,2026-07-22T11:22:24.608667,105382,23491,12136,23491,151,23491,200,23491,58,23491,7,18622,8,1.029099599996698
3,3,,2026-07-22T11:22:25.637828,105995,23318,12181,23318,111,23318,222,23318,60,23318,10,18591,12,1.02876460000698
3,3,,2026-07-22T11:22:26.667322,105856,23476,12121,23476,124,23476,203,23476,66,23476,11,18300,5,1.029111700001522
3,3,,2026-07-22T11:22:27.696814,104860,23444,12366,23444,125,23444,201,23444,63,23444,14,18676,10,1.0291414000093937
3,3,,2026-07-22T11:22:28.725909,105392,23505,12118,23505,143,23505,201,23505,63,23505,19,18491,11,1.0286308000067947
3,3,,2026-07-22T11:22:29.755434,105419,23356,12124,23356,138,23356,206,23356,66,23356,10,18747,11,1.0291329000028782
3,3,,2026-07-22T11:22:30.784076,104871,23440,12231,23440,131,23440,207,23440,65,23440,12,18606,3,1.0283214000082808
3,3,,2026-07-22T11:22:31.813901,105323,23507,12177,23507,130,23507,203,23507,59,23507,17,18588,8,1.029482600002666
3,3,,2026-07-22T11:22:32.842240,105926,23623,12348,23623,140,23623,191,23623,86,23623,15,18502,6,1.0279568999976618
3,3,,2026-07-22T11:22:33.870813,105240,23547,12159,23547,153,23547,178,23547,61,23547,8,18562,8,1.0281881999981124
3,3,,2026-07-22T11:22:34.899528,105482,23523,12219,23523,135,23523,185,23523,60,23523,11,18663,11,1.0283110000018496
3,3,,2026-07-22T11:22:35.928510,105666,23282,12160,23282,133,23282,185,23282,76,23282,15,18659,9,1.0286807000084082
3,3,,2026-07-22T11:22:36.957351,105671,23612,12361,23612,136,23612,199,23612,69,23612,14,18479,11,1.0284873999917181
3,3,,2026-07-22T11:22:37.986927,105881,23534,12208,23534,142,23534,194,23534,68,23534,18,18717,8,1.0291845000028843
3,3,,2026-07-22T11:22:39.015681,105562,23388,12187,23388,132,23388,212,23388,65,23388,12,18580,7,1.0284460999973817
3,3,,2026-07-22T11:22:40.045248,105995,23633,12277,23633,118,23633,193,23633,71,23633,10,18679,10,1.0291983999923104
3,3,,2026-07-22T11:22:41.074938,105486,23355,12183,23355,144,23355,206,23355,52,23355,10,18745,8,1.029295699991053
3,3,,2026-07-22T11:22:42.103850,105246,23258,12060,23258,121,23258,219,23258,59,23258,17,18735,4,1.0285423000023002
3,3,,2026-07-22T11:22:43.133204,105292,23518,12270,23518,138,23518,211,23518,64,23518,13,18653,8,1.0289906000107294
3,3,,2026-07-22T11:22:44.160568,105177,23319,12116,23319,135,23319,197,23319,49,23319,13,18543,6,1.0270137000043178
3,3,,2026-07-22T11:22:45.189176,105316,23328,12014,23328,153,23328,220,23328,76,23329,14,18583,16,1.0283756999997422
3,3,,2026-07-22T11:22:46.217467,105461,23405,12283,23405,134,23405,200,23405,66,23404,12,18592,6,1.0279326000018045
3,3,,2026-07-22T11:22:47.247801,105416,23367,12187,23367,100,23367,210,23367,59,23367,10,18583,14,1.029969600000186
3,3,,2026-07-22T11:22:48.277897,105736,23303,12085,23303,131,23303,194,23303,51,23303,11,18546,13,1.0297928000072716
3,3,,2026-07-22T11:22:49.307021,105605,23581,12278,23581,151,23581,179,23581,86,23581,15,18413,7,1.0288578000036068
3,3,,2026-07-22T11:22:50.336302,104998,23340,12103,23340,145,23340,185,23340,76,23340,13,18283,10,1.028910499997437
3,3,,2026-07-22T11:22:51.365930,105582,23420,12141,23420,135,23420,179,23420,74,23420,19,18449,9,1.0292090000002645
3,3,,2026-07-22T11:22:52.395409,105690,23416,12013,23416,145,23416,175,23416,51,23416,13,18517,6,1.0291262999962782
3,3,,2026-07-22T11:22:53.424295,105676,23526,12330,23526,117,23526,191,23526,55,23526,8,18353,10,1.0285276000067824
3,3,,2026-07-22T11:22:54.453777,105253,23383,12368,23383,119,23383,188,23383,65,23383,11,18744,8,1.0290917999955127
3,3,,2026-07-22T11:22:55.482698,105366,23436,12350,23436,139,23436,185,23436,64,23436,9,18585,8,1.0285077000007732
3,3,,2026-07-22T11:22:56.511993,105401,23457,12256,23457,146,23457,200,23457,62,23457,14,18564,7,1.028904999999213
3,3,,2026-07-22T11:22:57.541197,106179,23612,12397,23612,127,23612,225,23612,60,23612,10,18608,7,1.0287754999881145
3,3,,2026-07-22T11:22:58.568824,105195,23380,12130,23380,123,23380,165,23380,59,23380,16,18335,9,1.027357300001313
3,3,,2026-07-22T11:22:59.596200,104878,23240,12098,23240,126,23240,228,23240,71,23240,15,18654,6,1.0271607000031509
3,3,,2026-07-22T11:23:00.625914,105561,23003,11885,23003,128,23003,194,23003,64,23003,11,18600,8,1.029337800006033
3,3,,2026-07-22T11:23:01.654395,104609,23342,12148,23342,133,23342,198,23342,77,23342,11,18459,9,1.0281258999893907
3,3,,2026-07-22T11:23:02.681648,105460,23492,12293,23492,118,23492,206,23492,51,23492,16,18694,7,1.0270523999934085
3,3,,2026-07-22T11:23:03.710951,105037,23152,12114,23152,127,23152,214,23152,61,23152,9,18715,7,1.0289323000033619
3,3,,2026-07-22T11:23:04.738571,105782,23341,12279,23341,143,23341,188,23341,59,23341,12,18377,10,1.0272710999997798
3,3,,2026-07-22T11:23:05.765173,105461,23475,12270,23475,137,23475,216,23475,63,23475,15,18461,10,1.026373100001365
3,3,,2026-07-22T11:23:06.794398,105144,23597,12331,23597,150,23597,210,23597,53,23597,12,18531,5,1.0290202999894973
3,3,,2026-07-22T11:23:07.823572,105372,23392,12248,23392,124,23392,177,23392,63,23392,10,18559,9,1.0288395999959903
3,3,,2026-07-22T11:23:08.852537,105026,23695,12375,23695,136,23695,166,23695,58,23695,11,18431,10,1.0285796000098344
3,3,,2026-07-22T11:23:09.880950,105548,23527,12127,23527,142,23527,212,23527,76,23527,13,18367,9,1.0280506999988575
3,3,,2026-07-22T11:23:10.910686,105788,23572,12296,23572,114,23572,209,23572,55,23572,12,18581,6,1.0294335999933537
3,3,,2026-07-22T11:23:11.939788,105646,23494,12252,23494,131,23494,192,23494,71,23494,14,18703,8,1.0287461999978404
3,3,,2026-07-22T11:23:12.968310,105818,23444,12427,23444,122,23444,202,23444,68,23444,9,18461,9,1.0281733000010718
3,3,,2026-07-22T11:23:13.998640,105539,23508,12229,23508,120,23508,196,23508,72,23508,11,18316,10,1.029953100005514
3,3,,2026-07-22T11:23:15.028036,105167,23284,12185,23284,117,23284,200,23284,72,23284,15,18343,9,1.0290075999946566
3,3,,2026-07-22T11:23:16.057051,105354,23390,12144,23390,103,23390,195,23390,65,23390,14,18682,7,1.0286469999991823
3,3,,2026-07-22T11:23:17.085022,105486,23527,12234,23527,129,23527,247,23527,65,23527,15,18693,7,1.0275999000004958
3,3,,2026-07-22T11:23:18.113999,105396,23627,12289,23627,152,23627,202,23627,61,23627,12,18372,6,1.0286987999861594
3,3,,2026-07-22T11:23:19.143727,105328,23352,12143,23352,137,23352,172,23352,64,23352,17,18564,10,1.0292970000009518
3,3,,2026-07-22T11:23:20.173014,105465,23502,12294,23502,137,23502,201,23502,71,23502,13,18498,8,1.0289130000019213
3,3,,2026-07-22T11:23:21.201744,105199,23448,12327,23448,121,23448,194,23448,72,23448,13,18386,5,1.0283527999999933
3,3,,2026-07-22T11:23:22.231481,105027,23412,12260,23412,144,23412,201,23412,65,23412,10,18617,4,1.0293642000033287
3,3,,2026-07-22T11:23:23.261775,104601,23435,12328,23435,124,23435,232,23435,73,23435,11,18657,9,1.02991720000864
3,3,,2026-07-22T11:23:24.291300,105644,23706,12409,23706,130,23706,173,23706,64,23706,16,18637,6,1.0292121000093175
3,3,,2026-07-22T11:23:25.319513,105125,23602,12383,23602,146,23602,199,23602,53,23602,14,18315,7,1.0278346000122838
3,3,,2026-07-22T11:23:26.347923,105352,23309,12137,23309,144,23309,205,23309,68,23309,17,18584,5,1.0280313000112073
3,3,,2026-07-22T11:23:27.377746,104594,23179,12005,23179,139,23179,197,23179,61,23179,14,18647,14,1.0295459000044502
3,3,,2026-07-22T11:23:28.407019,105321,23525,12278,23525,150,23525,197,23525,77,23525,10,18574,6,1.0289457000035327
3,3,,2026-07-22T11:23:29.436913,105023,23561,12192,23561,126,23561,191,23561,77,23561,12,18821,6,1.0295264000014868
3,3,,2026-07-22T11:23:30.467662,105951,23371,12294,23371,137,23371,201,23371,75,23371,8,18542,10,1.0303371000045445
3,3,,2026-07-22T11:23:31.497432,105421,23080,11839,23080,124,23080,187,23080,59,23080,13,18483,8,1.0293296000018017
3,3,,2026-07-22T11:23:32.527180,105338,23494,12085,23494,137,23494,202,23494,66,23494,7,18672,8,1.0293469000025652
3,3,,2026-07-22T11:23:33.556717,105405,23534,12236,23534,152,23534,217,23534,53,23534,11,18602,5,1.0291649999999208
3,3,,2026-07-22T11:23:34.585966,105380,23536,12256,23536,155,23536,203,23537,77,23537,10,18532,3,1.028868199995486
3,3,,2026-07-22T11:23:35.614565,105224,23406,12253,23406,127,23406,176,23405,51,23405,24,18416,6,1.0282164000091143
3,3,,2026-07-22T11:23:36.643778,105140,23254,12152,23254,127,23254,198,23254,74,23255,15,18515,9,1.028914900001837
3,3,,2026-07-22T11:23:37.672499,105561,23316,12167,23316,144,23316,193,23316,60,23315,8,18508,8,1.028269199989154
3,3,,2026-07-22T11:23:38.701682,105253,23116,12000,23116,121,23116,179,23116,81,23116,14,18591,11,1.0287741999927675
3,3,,2026-07-22T11:23:39.731560,105182,23197,12098,23197,137,23197,179,23197,54,23197,11,18890,11,1.029512800014345
3,3,,2026-07-22T11:23:40.761084,106005,23571,12309,23571,151,23571,193,23571,70,23571,20,18637,7,1.0291467000060948
3,3,,2026-07-22T11:23:41.790980,104878,23378,12197,23378,131,23378,211,23378,61,23378,20,18540,11,1.0294515999994474
3,3,,2026-07-22T11:23:42.820134,105709,23183,12098,23183,109,23183,190,23183,50,23183,15,18725,10,1.0284308999980567
3,3,,2026-07-22T11:23:43.848782,104838,23150,11901,23150,143,23150,204,23150,60,23150,10,18636,11,1.0282915999996476
3,3,,2026-07-22T11:23:44.877183,105098,23274,12189,23274,125,23274,194,23274,54,23274,10,18402,8,1.028048599997419
3,3,,2026-07-22T11:23:45.905986,105649,23284,12049,23284,146,23284,211,23284,75,23284,10,18554,14,1.0283580999966944
3,3,,2026-07-22T11:23:46.934487,105914,23484,12356,23484,158,23484,214,23484,54,23484,10,18541,10,1.0281090999924345
3,3,,2026-07-22T11:23:47.963459,105125,23420,12056,23420,147,23420,187,23420,72,23420,18,18383,5,1.0286056000040844
3,3,,2026-07-22T11:23:48.992844,105610,23433,12300,23433,125,23433,189,23433,84,23433,10,18668,10,1.0289521999948192
3,3,,2026-07-22T11:23:50.022264,104875,23166,12199,23166,134,23166,196,23166,66,23166,13,18492,0,1.02905679999094
3,3,,2026-07-22T11:23:51.050917,105492,23442,12315,23442,138,23442,194,23442,64,23442,10,18479,9,1.0282834000099683
3,3,,2026-07-22T11:23:52.080391,104752,23182,12183,23182,140,23182,195,23182,63,23182,17,18513,10,1.0291459000000032
3,3,,2026-07-22T11:23:53.108943,105140,23259,12140,23259,119,23259,202,23259,62,23259,13,18273,7,1.028157900000224
3,3,,2026-07-22T11:23:54.138134,105580,23623,12489,23623,140,23623,187,23623,69,23623,10,18315,8,1.0288306000002194
3,3,,2026-07-22T11:23:55.167477,105386,23406,12038,23406,144,23406,213,23406,72,23406,14,18358,14,1.0289881999924546
3,3,,2026-07-22T11:23:56.197139,105842,23496,12103,23496,131,23496,201,23496,72,23496,16,18570,13,1.0293278000026476
3,3,,2026-07-22T11:23:57.227635,105147,23309,12065,23309,142,23309,185,23309,74,23309,17,18510,7,1.0300734999909764
3,3,,2026-07-22T11:23:58.257078,105754,23402,12245,23402,123,23402,186,23402,59,23402,17,18330,4,1.0290647999936482
3,3,,2026-07-22T11:23:59.286300,105630,23348,12122,23348,141,23348,193,23348,66,23348,14,18682,6,1.0288450000080047
3,3,,2026-07-22T11:24:00.316297,105551,23238,12180,23238,132,23238,198,23238,75,23238,17,18773,7,1.0295563000108814
3,3,,2026-07-22T11:24:01.345570,105615,23492,12075,23492,128,23492,209,23492,77,23492,10,18456,9,1.0288323999993736
3,3,,2026-07-22T11:24:02.374298,105435,23467,12217,23467,135,23467,180,23467,65,23467,10,18417,6,1.0283125999994809
3,3,,2026-07-22T11:24:03.403704,104743,23286,12130,23286,147,23286,187,23286,59,23286,13,18590,12,1.0290303000074346
3,3,,2026-07-22T11:24:04.432385,105416,23131,12000,23131,116,23131,201,23131,81,23131,13,18561,6,1.0282791000063298
3,3,,2026-07-22T11:24:05.461934,105703,23389,12185,23389,147,23389,205,23389,72,23389,13,18584,14,1.0291384000011021
3,3,,2026-07-22T11:24:06.491177,105998,23484,12166,23484,130,23484,188,23484,63,23484,12,18601,9,1.0289040000061505
3,3,,2026-07-22T11:24:07.520305,105491,23630,12284,23630,146,23630,206,23630,62,23630,12,18293,7,1.0288089999958174
3,3,,2026-07-22T11:24:08.548910,105216,23287,12060,23287,130,23287,215,23287,67,23287,13,18511,5,1.0282737000088673
3,3,,2026-07-22T11:24:09.578585,105495,23427,12177,23427,147,23427,191,23427,62,23427,13,18692,5,1.0292505999968853
3,3,,2026-07-22T11:24:10.607210,105569,23334,12170,23334,130,23334,192,23334,60,23334,15,18495,11,1.0282470000092871
3,3,,2026-07-22T11:24:11.636344,105990,23450,12203,23450,131,23450,214,23450,75,23450,14,18725,5,1.0287860999960685
3,3,,2026-07-22T11:24:12.666445,105288,23283,12117,23283,149,23283,166,23283,81,23283,14,18371,9,1.0297161000053165
3,3,,2026-07-22T11:24:13.696067,105837,23246,12120,23246,139,23246,191,23246,63,23246,7,18559,7,1.029228500003228
3,3,,2026-07-22T11:24:14.725027,105303,23354,12201,23354,113,23354,189,23354,65,23354,13,18393,4,1.028439999994589
3,3,,2026-07-22T11:24:15.753871,105017,23573,12327,23573,134,23573,186,23573,65,23573,15,18398,8,1.0284321999934036
3,3,,2026-07-22T11:24:16.783364,105311,23320,12177,23320,126,23320,199,23320,57,23320,7,18429,10,1.0290883999987273
3,3,,2026-07-22T11:24:17.813933,105500,23522,12366,23522,130,23522,196,23522,55,23522,14,18585,4,1.0302021999959834
3,3,,2026-07-22T11:24:18.841312,105098,22995,12136,22995,163,22995,188,22995,63,22995,11,18572,10,1.0269264999951702
3,3,,2026-07-22T11:24:19.870254,106156,23473,12179,23473,117,23473,190,23473,74,23473,10,18430,5,1.0285989999974845
3,3,,2026-07-22T11:24:20.899154,105670,23617,12253,23617,146,23617,209,23617,60,23617,16,18571,7,1.0285521000041626
3,3,,2026-07-22T11:24:21.928571,105508,23361,12197,23361,113,23361,181,23361,70,23361,15,18835,7,1.0290539999987232
3,3,,2026-07-22T11:24:22.957898,105122,23105,12204,23105,108,23105,197,23105,54,23105,9,18562,5,1.0289595999929588
3,3,,2026-07-22T11:24:23.987221,105381,23137,11950,23137,137,23137,203,23137,58,23137,7,18647,1,1.02893669999321
3,3,,2026-07-22T11:24:25.016890,105271,23210,12115,23210,122,23210,210,23210,59,23210,10,18269,13,1.0292997999931686
3,3,,2026-07-22T11:24:26.045873,105233,23371,12168,23372,124,23372,181,23372,63,23372,10,18387,10,1.0285411000077147
3,3,,2026-07-22T11:24:27.075724,105442,23062,12094,23061,129,23061,166,23061,67,23061,13,18768,10,1.0294335999933537
3,3,,2026-07-22T11:24:28.104510,105701,23370,12366,23370,124,23370,183,23370,61,23370,12,18421,10,1.0283752000104869
3,3,,2026-07-22T11:24:29.133154,104854,23218,12032,23218,136,23218,196,23218,67,23218,9,18405,6,1.028185899995151
3,3,,2026-07-22T11:24:30.161969,105327,23675,12336,23675,142,23675,201,23675,80,23675,3,18516,9,1.0285704999987502
3,3,,2026-07-22T11:24:31.190829,104888,23165,12063,23165,148,23165,208,23165,68,23165,15,18578,10,1.0284528999909526
3,3,,2026-07-22T11:24:32.219038,105545,23409,12165,23409,147,23409,198,23409,55,23409,4,18586,5,1.0278461999987485
3,3,,2026-07-22T11:24:33.248631,105890,23474,12154,23474,133,23474,229,23474,56,23474,12,18669,7,1.0292523999960395
3,3,,2026-07-22T11:24:34.277942,106000,23498,12269,23498,137,23498,185,23498,64,23498,10,18841,4,1.028931900000316
3,3,,2026-07-22T11:24:35.307847,105385,23616,12333,23616,115,23616,186,23616,67,23616,19,18642,8,1.0294692000024952
3,3,,2026-07-22T11:24:36.336453,105496,23189,12211,23189,135,23189,178,23189,63,23189,17,18479,7,1.0282293999916874
3,3,,2026-07-22T11:24:37.365147,105932,23664,12338,23664,122,23664,184,23664,73,23664,15,18655,9,1.0283464000094682
3,3,,2026-07-22T11:24:38.395234,105659,23618,12377,23618,143,23618,207,23618,54,23618,16,18506,3,1.0297818000108236
3,3,,2026-07-22T11:24:39.423975,105722,23446,12315,23446,134,23446,209,23446,65,23446,9,18433,7,1.0284315000026254
3,3,,2026-07-22T11:24:40.452828,105190,23418,12309,23418,121,23418,191,23418,74,23418,12,18320,3,1.0284221000038087
3,3,,2026-07-22T11:24:41.482092,105438,23276,12211,23276,125,23276,213,23276,77,23276,14,18470,6,1.0289011999993818
3,3,,2026-07-22T11:24:42.511606,105451,23461,12242,23461,126,23461,207,23461,76,23461,8,18679,9,1.0291252000024542
3,3,,2026-07-22T11:24:43.540574,106155,23295,12180,23295,123,23295,171,23295,57,23295,20,18642,11,1.028642100005527
3,3,,2026-07-22T11:24:44.569529,105295,23377,12200,23377,127,23377,192,23377,65,23377,12,18266,7,1.028593799986993
3,3,,2026-07-22T11:24:45.597993,104651,23156,12108,23156,121,23156,201,23156,62,23156,20,18470,10,1.0281342999951448
3,3,,2026-07-22T11:24:46.626753,105506,23524,12294,23524,130,23524,209,23524,59,23524,15,18518,7,1.0284089000051608
3,3,,2026-07-22T11:24:47.655266,105780,23365,12201,23365,137,23365,192,23365,66,23365,18,18623,10,1.028044399994542
3,3,,2026-07-22T11:24:48.684044,105208,23581,12305,23581,162,23581,214,23581,65,23581,13,18469,3,1.0283639000117546
3,3,,2026-07-22T11:24:49.712685,105155,23189,12176,23189,129,23189,217,23189,79,23189,15,18591,7,1.0282716999936383
3,3,,2026-07-22T11:24:50.741467,105161,23287,12066,23287,126,23287,184,23287,81,23287,6,18629,5,1.0283122999971965
3,3,,2026-07-22T11:24:51.770481,105127,23116,12133,23116,121,23116,188,23116,86,23116,13,18349,8,1.02863570000045
3,3,,2026-07-22T11:24:52.799381,105546,23216,12080,23216,107,23216,217,23216,73,23216,6,18736,16,1.028534299999592
3,3,,2026-07-22T11:24:53.829152,105371,23188,12061,23188,137,23188,188,23188,85,23188,15,18449,8,1.0293544000014663
3,3,,2026-07-22T11:24:54.858930,105583,23553,12276,23553,133,23553,226,23553,70,23553,15,18529,10,1.0292821000039112
3,3,,2026-07-22T11:24:55.888285,105417,23525,12254,23525,148,23525,232,23525,67,23525,11,18521,5,1.0289979000081075
3,3,,2026-07-22T11:24:56.917684,105450,23566,12362,23566,123,23566,219,23566,69,23566,16,18451,9,1.0289771000097971
3,3,,2026-07-22T11:24:57.947079,105584,23370,12226,23370,128,23370,204,23370,58,23370,10,18566,8,1.0290602999884868
3,3,,2026-07-22T11:24:58.975918,105582,23526,12403,23526,136,23526,178,23526,59,23526,15,18364,3,1.0284836000064388
3,3,,2026-07-22T11:25:00.005313,105386,23488,12249,23488,134,23488,199,23488,70,23488,18,18687,12,1.02902859999449
3,3,,2026-07-22T11:25:01.034288,104873,23302,12085,23302,127,23302,181,23302,69,23302,12,18488,7,1.0284274000005098
3,3,,2026-07-22T11:25:02.063244,105752,23201,12100,23201,141,23201,199,23201,57,23202,9,18482,8,1.0285938000015449
3,3,,2026-07-22T11:25:03.092901,105631,23416,12304,23416,145,23416,210,23416,59,23415,18,18291,2,1.0292153999907896
3,3,,2026-07-22T11:25:04.122159,105537,23305,12142,23305,133,23305,190,23305,65,23305,21,18483,7,1.0288921000028495
3,3,,2026-07-22T11:25:05.151280,105392,23094,12035,23094,142,23094,185,23094,76,23094,10,18628,5,1.028764399990905
3,3,,2026-07-22T11:25:06.181382,105738,23383,12148,23383,115,23383,224,23383,56,23383,12,18276,5,1.0296843000105582
3,3,,2026-07-22T11:25:07.210906,105610,23405,12247,23405,134,23405,221,23405,70,23405,14,18700,6,1.0291819999984
3,3,,2026-07-22T11:25:08.239868,104960,23236,12024,23236,144,23236,200,23236,53,23236,14,18488,8,1.0285972999990918
3,3,,2026-07-22T11:25:09.268403,105904,23563,12340,23563,139,23563,178,23563,80,23563,15,18277,4,1.0281548999919323
3,3,,2026-07-22T11:25:10.298356,105776,23398,12263,23398,123,23398,163,23398,69,23398,10,18540,8,1.029576899993117
3,3,,2026-07-22T11:25:11.327939,104868,23279,12056,23279,108,23279,210,23279,63,23279,10,18753,11,1.0292356999998447
3,3,,2026-07-22T11:25:12.357375,105461,23441,12259,23441,120,23441,198,23441,65,23441,21,18649,1,1.0290710000117542
3,3,,2026-07-22T11:25:13.386853,105457,23490,12245,23490,134,23490,185,23490,56,23490,11,18411,7,1.0290992999944137
3,3,,2026-07-22T11:25:14.416585,105256,23702,12374,23702,140,23702,187,23702,64,23702,12,18547,5,1.0293525999877602
3,3,,2026-07-22T11:25:15.445992,105672,23353,12240,23353,118,23353,197,23353,51,23353,5,18224,1,1.0290329999988899
3,3,,2026-07-22T11:25:16.475442,105157,23389,12130,23389,127,23389,197,23389,65,23389,22,18869,9,1.0290772000007564
3,3,,2026-07-22T11:25:17.504914,105836,23630,12322,23630,147,23630,186,23630,64,23630,15,18693,11,1.0291239000071073
3,3,,2026-07-22T11:25:18.533659,105306,23446,12181,23446,152,23446,200,23446,66,23446,19,18508,13,1.0284003000124358
3,3,,2026-07-22T11:25:19.562487,105665,23328,12299,23328,124,23328,201,23328,72,23328,13,18607,10,1.0283773000119254
3,3,,2026-07-22T11:25:20.592115,105754,23583,12349,23583,132,23583,213,23583,61,23583,10,18447,8,1.0291970999969635
3,3,,2026-07-22T11:25:21.621565,106007,23181,12073,23181,136,23181,217,23181,56,23181,12,18542,7,1.029068100004224
3,3,,2026-07-22T11:25:22.650123,105414,23465,12269,23465,127,23465,217,23465,71,23465,15,18410,7,1.0282106999948155
3,3,,2026-07-22T11:25:23.680565,105904,23631,12323,23631,143,23631,205,23631,65,23631,16,18349,12,1.0300699999934295
3,3,,2026-07-22T11:25:24.710016,105976,23378,12320,23378,137,23378,191,23378,68,23378,14,18306,5,1.0290404000115814
3,3,,2026-07-22T11:25:25.738856,105745,23516,12247,23516,144,23516,204,23516,79,23516,20,18591,7,1.0285005000041565
3,3,,2026-07-22T11:25:26.767679,105567,23518,12218,23518,126,23518,213,23518,69,23518,10,18732,9,1.02842810000584
3,3,,2026-07-22T11:25:27.797232,104918,22904,11941,22904,110,22904,208,22904,59,22904,14,18525,10,1.0291848000051687
3,3,,2026-07-22T11:25:28.826997,105076,23416,12253,23416,140,23416,194,23416,60,23416,18,18680,8,1.0294052999961423
3,3,,2026-07-22T11:25:29.856186,104785,23578,12178,23578,139,23578,210,23578,74,23578,9,18669,6,1.028762200003257
3,3,,2026-07-22T11:25:30.885403,105358,23437,12262,23437,149,23437,193,23437,67,23437,8,18567,12,1.0289473999873735
3,3,,2026-07-22T11:25:31.914910,105353,23291,12087,23291,135,23291,184,23291,67,23291,12,18639,6,1.0291271000023698
3,3,,2026-07-22T11:25:32.943569,105170,23119,12035,23119,124,23119,167,23119,59,23119,14,18410,8,1.0283284000033746
3,3,,2026-07-22T11:25:33.972127,105106,23357,12288,23357,157,23357,200,23357,72,23357,16,18337,6,1.0281832000036957
3,3,,2026-07-22T11:25:35.001627,105720,23468,12177,23468,126,23468,193,23468,76,23468,9,18573,9,1.0290741000062553
3,3,,2026-07-22T11:25:36.030180,105615,23549,12186,23549,130,23549,181,23549,75,23549,16,18544,6,1.0282071999972686
3,3,,2026-07-22T11:25:37.059544,105791,23395,12261,23395,128,23395,184,23395,63,23395,18,18521,12,1.0290273999999044
3,3,,2026-07-22T11:25:38.085815,105998,23507,12286,23507,134,23507,202,23507,83,23507,14,18414,5,1.025917799997842
3,3,,2026-07-22T11:25:39.115339,105133,23414,12412,23414,153,23414,183,23414,50,23414,13,18453,6,1.029351899996982
3,3,,2026-07-22T11:25:40.145496,105276,23070,12147,23070,130,23070,208,23070,55,23070,16,18674,8,1.0298058999906061
3,3,,2026-07-22T11:25:41.174849,105667,23631,12223,23631,126,23631,196,23631,78,23631,10,18435,4,1.028980600007344
3,3,,2026-07-22T11:25:42.204138,105417,23226,12004,23226,154,23226,197,23226,68,23226,16,18315,6,1.0289083999959985
3,3,,2026-07-22T11:25:43.232803,105435,23134,12149,23134,131,23134,179,23134,58,23134,22,18558,8,1.0283665000024484
3,3,,2026-07-22T11:25:44.262118,104886,23205,12065,23205,118,23205,217,23205,76,23205,8,18546,8,1.0289234000083525
3,3,,2026-07-22T11:25:45.290686,105311,23613,12487,23613,110,23613,189,23613,52,23613,11,18618,11,1.0281445999862626
3,3,,2026-07-22T11:25:46.317824,105716,23652,12342,23652,124,23652,220,23652,62,23652,12,18583,11,1.0268424000096275
3,3,,2026-07-22T11:25:47.345554,105323,23009,11885,23009,120,23009,201,23009,61,23009,10,18700,7,1.0274519000086002
3,3,,2026-07-22T11:25:48.373291,105574,23321,12208,23321,142,23321,192,23321,74,23321,10,18591,7,1.027436000003945
3,3,,2026-07-22T11:25:49.402452,105165,23351,12132,23351,130,23351,197,23351,63,23351,11,18415,11,1.0288503000047058
3,3,,2026-07-22T11:25:50.431290,105806,23366,12212,23366,138,23366,198,23366,62,23366,18,18588,10,1.0284685000078753
3,3,,2026-07-22T11:25:51.459762,105460,23327,12130,23327,130,23327,196,23327,62,23327,12,18549,5,1.0281119999999646
3,3,,2026-07-22T11:25:52.489415,105075,23139,11961,23139,134,23139,195,23139,64,23139,9,18598,4,1.0292819000023883
3,3,,2026-07-22T11:25:53.519096,105765,23328,12256,23328,150,23328,200,23328,69,23328,12,18305,14,1.0292505999968853
3,3,,2026-07-22T11:25:54.548574,106099,23472,12240,23472,137,23472,190,23472,73,23472,6,18492,3,1.0290145000035409
3,3,,2026-07-22T11:25:55.577847,105480,23381,12110,23381,133,23381,175,23381,66,23381,18,18528,8,1.0288892999960808
3,3,,2026-07-22T11:25:56.606311,105695,23407,12220,23407,125,23407,198,23407,71,23407,12,18488,4,1.0281211999972584
3,3,,2026-07-22T11:25:57.636318,105453,23247,12118,23247,123,23247,168,23247,77,23247,7,18564,4,1.0295964999968419
3,3,,2026-07-22T11:25:58.665586,105851,23570,12397,23570,135,23570,166,23570,61,23570,12,18728,7,1.0288733000052162
3,3,,2026-07-22T11:25:59.694530,105454,23451,12371,23451,135,23451,211,23451,66,23451,16,18447,3,1.0285430999938399
3,3,,2026-07-22T11:26:00.723234,105697,23428,12174,23428,134,23428,184,23428,55,23428,11,18685,11,1.02833620000456
3,3,,2026-07-22T11:26:01.753773,105677,23566,12368,23566,141,23566,204,23566,57,23566,19,18453,4,1.0301922999933595
3,3,,2026-07-22T11:26:02.781068,105809,23776,12561,23776,130,23776,188,23776,65,23776,13,18688,10,1.0269759000075283
3,3,,2026-07-22T11:26:03.809954,105439,23349,12160,23349,125,23349,182,23349,76,23349,10,18512,4,1.0286732000095071
3,3,,2026-07-22T11:26:04.839682,105225,23525,12263,23525,127,23525,195,23525,79,23525,14,18605,7,1.029353899997659
3,3,,2026-07-22T11:26:05.869644,105618,23494,12433,23494,141,23494,182,23494,64,23494,14,18441,11,1.0290152999950806
3,3,,2026-07-22T11:26:06.899631,105061,23146,11844,23146,125,23146,201,23146,63,23146,10,18478,9,1.0296451000031084
3,3,,2026-07-22T11:26:07.928865,105318,23250,12134,23250,131,23250,189,23250,73,23250,8,18490,7,1.0288714000053005
3,3,,2026-07-22T11:26:08.958895,105406,23273,12151,23273,126,23273,203,23273,68,23273,10,18612,2,1.0296117000107188
3,3,,2026-07-22T11:26:09.989110,105722,23407,12327,23407,122,23407,200,23407,61,23407,15,18523,9,1.0297043999889866
3,3,,2026-07-22T11:26:11.018978,105540,23409,12232,23409,114,23409,186,23409,61,23409,14,18443,9,1.0291935999994166
3,3,,2026-07-22T11:26:12.048956,105843,23321,12141,23321,134,23321,191,23321,70,23321,9,18689,8,1.029600500012748
3,3,,2026-07-22T11:26:13.077043,104686,23230,12102,23230,134,23230,196,23230,56,23230,12,18462,8,1.0277600999979768
3,3,,2026-07-22T11:26:14.106987,105488,23433,12328,23433,142,23433,174,23433,64,23433,13,18528,11,1.029615899999044
3,3,,2026-07-22T11:26:15.136203,105318,23348,12208,23348,132,23348,190,23348,63,23348,11,18491,6,1.028796800004784
3,3,,2026-07-22T11:26:16.165020,104346,23127,12043,23127,134,23127,198,23127,68,23127,12,18683,10,1.0284384000115097
3,3,,2026-07-22T11:26:17.194306,105506,23404,12257,23404,130,23404,201,23404,58,23404,17,18580,7,1.0289190000039525
3,3,,2026-07-22T11:26:18.222461,105841,23458,12093,23458,122,23458,195,23458,63,23458,13,18626,8,1.0277893999882508
3,3,,2026-07-22T11:26:19.250664,105215,23147,12091,23147,110,23147,203,23147,75,23147,19,18681,11,1.0277902999951039
3,3,,2026-07-22T11:26:20.279298,105250,23312,12146,23312,160,23312,174,23312,54,23312,14,18761,8,1.0283430999988923
3,3,,2026-07-22T11:26:21.308361,105800,23396,12315,23396,145,23396,203,23396,81,23396,18,18554,6,1.028712799990899
3,3,,2026-07-22T11:26:22.338554,104972,23305,12156,23305,134,23306,171,23306,55,23306,14,18631,5,1.0297912999958498
3,3,,2026-07-22T11:26:23.367881,105131,23439,12283,23439,145,23438,205,23438,49,23438,11,18554,8,1.028872599999886
3,3,,2026-07-22T11:26:24.397013,105465,23347,12080,23347,143,23347,195,23347,58,23347,11,18581,13,1.028729799989378
3,3,,2026-07-22T11:26:25.426554,105793,23705,12268,23705,146,23705,202,23705,69,23705,10,18686,5,1.029152500006603
3,3,,2026-07-22T11:26:26.456323,105554,23241,12168,23241,124,23241,180,23241,57,23241,18,18600,15,1.0293803999957163
3,3,,2026-07-22T11:26:27.486014,105904,23342,12218,23342,123,23342,206,23342,64,23342,14,18547,15,1.0291877999989083
3,3,,2026-07-22T11:26:28.514123,105648,23279,12177,23279,135,23279,177,23279,64,23279,12,18749,13,1.0277325000060955
3,3,,2026-07-22T11:26:29.542666,105808,23490,12338,23490,121,23490,181,23490,64,23490,15,18408,3,1.0281670999975177
3,3,,2026-07-22T11:26:30.572534,105481,23221,12095,23221,143,23221,192,23221,66,23221,16,18621,12,1.029426400011289
3,3,,2026-07-22T11:26:31.602398,105760,23416,12223,23416,126,23416,185,23416,58,23416,20,18464,7,1.0293759000051068
3,3,,2026-07-22T11:26:32.631641,106001,23460,12214,23460,128,23460,225,23460,79,23460,13,18714,3,1.0288417999981903
3,3,,2026-07-22T11:26:33.660792,105537,23426,12289,23426,139,23426,214,23426,70,23426,18,18775,10,1.02879060000123
3,3,,2026-07-22T11:26:34.690576,105747,23603,12229,23603,139,23603,198,23603,72,23603,16,18729,5,1.0294226999976672
3,3,,2026-07-22T11:26:35.719725,105618,23492,12432,23492,129,23492,207,23492,62,23492,9,18521,3,1.0288504000054672
3,3,,2026-07-22T11:26:36.748199,105199,23106,11953,23106,137,23106,192,23106,66,23106,18,18461,5,1.0280873000010615
3,3,,2026-07-22T11:26:37.777597,106020,23481,12346,23481,124,23481,184,23481,71,23481,13,18591,5,1.0290213999978732
3,3,,2026-07-22T11:26:38.807730,105419,23233,12024,23233,143,23233,202,23233,65,23233,18,18604,6,1.0297479000000749
3,3,,2026-07-22T11:26:39.836011,105716,23439,12190,23439,123,23439,216,23439,51,23439,14,18419,10,1.027860000001965
3,3,,2026-07-22T11:26:40.865391,105123,23324,12243,23324,145,23324,180,23324,77,23324,15,18551,8,1.0290048000024399
3,3,,2026-07-22T11:26:41.893554,104883,23098,12167,23098,138,23098,212,23098,43,23098,16,18703,6,1.0277495999907842
3,3,,2026-07-22T11:26:42.923684,105374,23446,12380,23446,132,23446,199,23446,78,23446,13,18702,4,1.0298391999967862
3,3,,2026-07-22T11:26:43.953759,105885,23303,12297,23303,132,23303,197,23303,68,23303,8,18684,12,1.0297000999999
3,3,,2026-07-22T11:26:44.982516,105543,23187,12198,23187,139,23187,180,23187,57,23187,6,18337,12,1.028383600001689
3,3,,2026-07-22T11:26:46.011061,105087,23291,12162,23291,140,23291,178,23291,64,23291,16,18464,6,1.0281478999968385
3,3,,2026-07-22T11:26:47.040548,105180,23305,12274,23305,140,23305,183,23305,54,23305,14,18517,5,1.0291118000022834
3,3,,2026-07-22T11:26:48.070799,106386,23473,12170,23473,125,23473,194,23473,55,23473,7,18686,7,1.029746400003205
3,3,,2026-07-22T11:26:49.098478,105939,23375,12378,23375,121,23375,205,23375,54,23375,11,18665,9,1.027290300000459
3,3,,2026-07-22T11:26:50.127993,105078,23203,12053,23203,142,23203,201,23203,60,23203,14,18441,9,1.029139699996449
3,3,,2026-07-22T11:26:51.158042,105710,23503,12376,23503,136,23503,222,23503,59,23503,14,18576,14,1.0296857000066666
3,3,,2026-07-22T11:26:52.187448,105451,23252,12182,23252,127,23252,205,23252,77,23252,11,18451,6,1.029068100004224
3,3,,2026-07-22T11:26:53.216178,104853,23314,12150,23314,128,23314,173,23314,64,23314,19,18627,12,1.0283987000002526
3,3,,2026-07-22T11:26:54.245098,105107,23126,12038,23126,129,23126,212,23126,71,23126,9,18412,16,1.0286740000010468
3,3,,2026-07-22T11:26:55.274623,105245,23270,11966,23270,132,23270,196,23270,67,23270,16,18756,5,1.029154000003473
3,3,,2026-07-22T11:26:56.303928,105079,23317,12149,23317,115,23317,201,23317,66,23317,17,18547,5,1.0289366000070004
3,3,,2026-07-22T11:26:57.332924,105404,23464,12333,23464,136,23464,173,23464,63,23464,14,18449,4,1.0285984999936773
3,3,,2026-07-22T11:26:58.361985,105176,23289,12214,23289,122,23289,201,23289,59,23289,16,18426,6,1.0286373999988427
3,3,,2026-07-22T11:26:59.390491,105550,23647,12364,23647,143,23647,200,23647,71,23647,13,18471,11,1.028116499990574
3,3,,2026-07-22T11:27:00.419766,105268,23213,12125,23213,127,23213,189,23213,77,23213,11,18767,6,1.0289409999968484
3,3,,2026-07-22T11:27:01.449208,105795,23210,12213,23210,116,23210,203,23210,86,23210,11,18605,8,1.0290775000030408
3,3,,2026-07-22T11:27:02.478872,105137,23275,12103,23275,144,23275,191,23275,58,23275,11,18569,5,1.0292776999995112
3,3,,2026-07-22T11:27:03.506676,104997,23108,11947,23108,148,23108,225,23108,55,23108,11,18301,6,1.0274881000077585
3,3,,2026-07-22T11:27:04.535778,105323,23456,12159,23456,149,23456,217,23456,70,23456,12,18467,5,1.028872800001409
3,3,,2026-07-22T11:27:05.564990,105679,23437,12295,23437,158,23437,205,23437,61,23437,11,18685,8,1.0288333000062266
3,3,,2026-07-22T11:27:06.593728,105097,23473,12236,23473,131,23473,238,23473,57,23474,11,18548,8,1.028379399998812
3,3,,2026-07-22T11:27:07.622521,105695,23360,12162,23360,145,23360,190,23360,73,23359,5,18588,10,1.028417499997886
3,3,,2026-07-22T11:27:08.652058,105959,23626,12406,23626,152,23626,188,23626,75,23626,9,18545,8,1.0291460000007646
3,3,,2026-07-22T11:27:09.679929,105745,23409,12362,23409,129,23409,178,23409,65,23409,15,18605,8,1.0274967000004835
3,3,,2026-07-22T11:27:10.707478,105362,23234,12234,23234,102,23234,203,23234,66,23234,9,18295,4,1.027205700011109
3,3,,2026-07-22T11:27:11.736834,105655,23380,12194,23380,139,23380,198,23380,67,23380,16,18541,8,1.0290005999995628
3,3,,2026-07-22T11:27:12.765775,105155,23267,12124,23267,141,23267,222,23267,51,23267,13,18389,9,1.0286212000064552
3,3,,2026-07-22T11:27:13.795185,105225,23299,12150,23299,126,23299,192,23299,83,23299,10,18409,9,1.029099599996698
3,3,,2026-07-22T11:27:14.826002,105683,23595,12399,23595,144,23595,190,23595,68,23595,9,18772,4,1.0304478999896673
3,3,,2026-07-22T11:27:15.855651,105172,23080,12113,23080,142,23080,201,23080,67,23080,11,18406,7,1.0292527000128757
3,3,,2026-07-22T11:27:16.885225,105532,23397,12172,23397,140,23397,190,23397,60,23397,17,18566,8,1.0291293000045698
3,3,,2026-07-22T11:27:17.914604,105559,23385,12175,23385,115,23385,191,23385,68,23385,18,18800,12,1.0288755000074161
3,3,,2026-07-22T11:27:18.943616,105624,23712,12481,23712,134,23712,207,23712,67,23712,11,18354,11,1.0286580000101821
3,3,,2026-07-22T11:27:19.973732,105781,23060,12043,23060,121,23060,205,23060,71,23060,5,18662,11,1.0297698999929707
3,3,,2026-07-22T11:27:21.004037,105817,23473,12364,23473,143,23473,194,23473,54,23473,12,18700,6,1.0297472000092966
3,3,,2026-07-22T11:27:22.033053,105263,23298,12014,23298,134,23298,195,23298,62,23298,15,18119,5,1.0286020999919856
3,3,,2026-07-22T11:27:23.061699,105760,23448,12219,23448,156,23449,200,23449,71,23449,13,18615,5,1.028285499996855
3,3,,2026-07-22T11:27:24.090432,105534,23443,12340,23443,128,23442,201,23442,66,23442,9,18483,12,1.028337099996861
3,3,,2026-07-22T11:27:25.120007,104969,23357,12104,23357,139,23357,211,23357,63,23357,11,18615,12,1.029208899999503
3,3,,2026-07-22T11:27:26.148824,105699,23585,12276,23585,129,23585,203,23585,74,23585,8,18472,7,1.0284785999974702
3,3,,2026-07-22T11:27:27.178051,105905,23618,12455,23618,127,23618,197,23618,65,23618,13,18511,11,1.0287965000024997
3,3,,2026-07-22T11:27:28.207446,105416,23220,12209,23220,142,23220,183,23220,59,23220,11,18496,6,1.0290053000062471
3,3,,2026-07-22T11:27:29.236745,105982,23204,12221,23204,136,23204,202,23204,67,23204,19,18558,8,1.028895499999635
3,3,,2026-07-22T11:27:30.265461,105737,23554,12375,23554,147,23554,201,23554,69,23554,13,18543,6,1.0283654000086244
3,3,,2026-07-22T11:27:31.294869,105323,23396,12202,23396,149,23396,219,23396,69,23396,10,18485,7,1.0290423999977065
3,3,,2026-07-22T11:27:32.324069,105602,23258,12164,23258,149,23258,176,23258,56,23258,14,18748,5,1.0286690999928396
3,3,,2026-07-22T11:27:33.353230,105353,23323,12204,23323,154,23323,180,23323,77,23323,7,18543,8,1.0288139000040246
3,3,,2026-07-22T11:27:34.381998,105034,23099,12158,23099,134,23099,197,23099,68,23099,11,18590,7,1.0283803999918746
3,3,,2026-07-22T11:27:35.411906,105766,23314,12247,23314,134,23314,220,23314,69,23314,12,18636,6,1.0295309999928577
3,3,,2026-07-22T11:27:36.441857,105154,23445,12414,23445,155,23445,208,23445,56,23445,12,18642,13,1.0295323000027565
3,3,,2026-07-22T11:27:37.470870,105306,23214,12171,23214,128,23214,220,23214,70,23214,15,18466,4,1.0286054000025615
3,3,,2026-07-22T11:27:38.499764,105844,23256,12050,23256,130,23256,196,23256,54,23256,13,18393,9,1.0284804000111762
3,3,,2026-07-22T11:27:39.529353,105512,23321,12124,23321,132,23321,200,23321,64,23321,14,18382,6,1.0291574000002583
3,3,,2026-07-22T11:27:40.559021,106052,23443,12253,23443,154,23443,185,23443,69,23443,11,18518,5,1.0292887999967206
3,3,,2026-07-22T11:27:41.588077,105446,23239,12100,23239,138,23239,215,23239,70,23239,9,18447,8,1.0285893000109354
3,3,,2026-07-22T11:27:42.617194,105716,23413,12098,23413,129,23413,204,23413,57,23413,12,18740,11,1.0286926999979187
3,3,,2026-07-22T11:27:43.646345,105592,23357,12281,23357,127,23357,194,23357,56,23357,17,18700,9,1.0288025000045309
3,3,,2026-07-22T11:27:44.675920,105890,23594,12399,23594,109,23594,194,23594,62,23594,13,18532,9,1.0291861000005156
3,3,,2026-07-22T11:27:45.705971,105228,23515,12256,23515,125,23515,219,23515,60,23515,14,18444,5,1.0297174000006635
3,3,,2026-07-22T11:27:46.734899,105435,23563,12437,23563,133,23563,208,23563,60,23563,13,18535,6,1.0285723999986658
3,3,,2026-07-22T11:27:47.764161,106157,23640,12427,23640,137,23640,222,23640,68,23640,10,18465,5,1.0288654999894788
3,3,,2026-07-22T11:27:48.793135,106406,23273,12223,23273,126,23273,206,23273,59,23273,17,18492,5,1.0286018000042532
3,3,,2026-07-22T11:27:49.822021,105863,23323,12224,23323,125,23323,220,23323,55,23323,11,18666,11,1.0284857000078773
3,3,,2026-07-22T11:27:50.851483,105287,23325,12188,23325,143,23325,208,23325,71,23325,13,18785,14,1.029070300006424
3,3,,2026-07-22T11:27:51.881116,105077,23262,12046,23262,152,23262,188,23262,66,23262,8,18417,11,1.029253399989102
3,3,,2026-07-22T11:27:52.909886,105119,23359,12255,23359,147,23359,172,23359,59,23359,19,18543,7,1.0283760000020266
3,3,,2026-07-22T11:27:53.939050,105955,23579,12319,23579,133,23579,192,23579,78,23579,17,18632,8,1.0287812000024132
3,3,,2026-07-22T11:27:54.968846,106295,23515,12286,23515,140,23515,191,23515,48,23515,16,18501,8,1.0293718000029912
3,3,,2026-07-22T11:27:55.997742,105825,23282,12141,23282,118,23282,204,23282,69,23282,11,18547,7,1.0285313000058522
3,3,,2026-07-22T11:27:57.026940,105625,23516,12205,23516,136,23516,192,23516,67,23516,14,18928,7,1.0289059999922756
3,3,,2026-07-22T11:27:58.055764,105619,23457,12418,23457,146,23457,190,23457,68,23457,9,18671,6,1.0283984999987297
3,3,,2026-07-22T11:27:59.085410,105473,23522,12328,23522,147,23522,194,23522,63,23522,11,18437,7,1.0292061000072863
3,3,,2026-07-22T11:28:00.113006,105903,23425,12297,23425,118,23425,194,23425,67,23425,12,18316,10,1.027218700008234
3,3,,2026-07-22T11:28:01.142167,105602,23474,12385,23474,129,23474,186,23474,62,23474,14,18435,11,1.0288755999936257
3,3,,2026-07-22T11:28:02.171508,105815,23440,12311,23440,138,23440,180,23440,64,23440,12,18678,5,1.0289703000016743
3,3,,2026-07-22T11:28:03.200504,105557,23154,12195,23154,123,23154,184,23154,55,23154,10,18623,6,1.0285876999987522
3,3,,2026-07-22T11:28:04.227457,105466,23273,12157,23273,133,23273,209,23273,65,23273,10,18517,7,1.0265565000008792
3,3,,2026-07-22T11:28:05.257020,105947,23334,12222,23334,133,23334,200,23334,72,23334,17,18660,5,1.0293533000076422
3,3,,2026-07-22T11:28:06.287138,105865,23407,12215,23407,144,23407,206,23407,61,23407,15,18547,4,1.0297535999998217
3,3,,2026-07-22T11:28:07.316755,105627,23398,12316,23398,125,23398,206,23398,84,23398,16,18318,5,1.0292042999935802
3,3,,2026-07-22T11:28:08.344306,104759,23305,12186,23305,147,23305,197,23305,56,23305,17,18425,7,1.0272105000040028
3,3,,2026-07-22T11:28:09.371302,105902,23419,12219,23419,136,23419,217,23419,62,23419,15,18612,3,1.026851099988562
3,3,,2026-07-22T11:28:10.399362,105468,23159,12090,23159,126,23159,198,23159,65,23159,12,18652,7,1.0277981999970507
3,3,,2026-07-22T11:28:11.428637,105300,23566,12269,23566,131,23566,216,23566,60,23566,7,18523,8,1.0289768000075128
3,3,,2026-07-22T11:28:12.457117,105425,23628,12279,23628,127,23628,207,23628,88,23628,17,18516,7,1.0281550000072457
3,3,,2026-07-22T11:28:13.484314,105367,23073,12124,23073,130,23073,196,23073,69,23073,8,18377,8,1.026883700003964
3,3,,2026-07-22T11:28:14.512377,104842,23317,12114,23317,143,23317,208,23317,66,23318,23,18569,10,1.0277413000003435
3,3,,2026-07-22T11:28:15.542250,105119,23244,12089,23244,120,23244,212,23244,61,23243,14,18557,9,1.0294489999942016
3,3,,2026-07-22T11:28:16.571284,105592,23352,12161,23352,141,23352,212,23352,69,23352,10,18755,9,1.0285833999951137
3,3,,2026-07-22T11:28:17.599984,105845,23352,12279,23352,146,23352,210,23352,60,23352,15,18795,13,1.0283138999948278
3,3,,2026-07-22T11:28:18.628796,105484,23305,12157,23305,142,23305,207,23305,48,23305,9,18657,10,1.028466899995692
3,3,,2026-07-22T11:28:19.658200,105046,23236,12140,23236,126,23236,189,23236,71,23236,11,18625,8,1.0290420999954222
3,3,,2026-07-22T11:28:20.687132,106096,23502,12354,23502,141,23502,205,23502,67,23502,13,18671,11,1.0285509999957867
3,3,,2026-07-22T11:28:21.716335,105864,23495,12273,23495,128,23495,189,23495,64,23495,11,18580,7,1.0287943000002997
3,3,,2026-07-22T11:28:22.745661,105554,23425,12279,23425,126,23425,210,23425,61,23425,12,18499,10,1.028917800009367
3,3,,2026-07-22T11:28:23.774995,105276,23384,12231,23384,172,23384,191,23384,59,23384,15,18624,5,1.028989200000069
3,3,,2026-07-22T11:28:24.804197,105183,23244,12046,23244,130,23244,181,23244,80,23244,12,18761,4,1.0288601999927778
3,3,,2026-07-22T11:28:25.832670,105609,23238,12225,23238,149,23238,175,23238,62,23238,10,18702,8,1.028047499989043
3,3,,2026-07-22T11:28:26.862538,105976,23416,12314,23416,143,23416,166,23416,53,23416,11,18391,3,1.0295851000119
3,3,,2026-07-22T11:28:27.891974,105256,23322,12176,23322,139,23322,236,23322,58,23322,8,18505,4,1.0291063000040594
3,3,,2026-07-22T11:28:28.921438,105882,23325,12288,23325,144,23325,213,23325,63,23325,9,18629,5,1.0290423999977065
3,3,,2026-07-22T11:28:29.951131,105950,23576,12443,23576,135,23576,226,23576,74,23576,11,18586,7,1.0292573000042466
3,3,,2026-07-22T11:28:30.980430,105870,23532,12259,23532,137,23532,206,23532,55,23532,13,18543,9,1.0289086999982828
3,3,,2026-07-22T11:28:32.008808,105688,23440,12186,23440,127,23440,218,23440,70,23440,13,18631,6,1.0280567000008887
3,3,,2026-07-22T11:28:33.039006,105598,23394,12313,23394,150,23394,210,23394,50,23394,11,18585,4,1.0298310999933165
3,3,,2026-07-22T11:28:34.069395,105783,23309,12215,23309,145,23309,201,23309,59,23309,17,18692,9,1.0299644999904558
3,3,,2026-07-22T11:28:35.098362,105179,23480,12225,23480,133,23480,210,23480,77,23480,16,18510,4,1.0285067000077106
3,3,,2026-07-22T11:28:36.128426,105438,23646,12295,23646,139,23646,186,23646,71,23646,15,18633,6,1.0296921999979531
3,3,,2026-07-22T11:28:37.158349,105553,23232,12140,23232,144,23232,183,23232,58,23232,13,18765,8,1.0295405000069877
3,3,,2026-07-22T11:28:38.187477,105606,23596,12439,23596,134,23596,178,23596,66,23596,10,18723,8,1.0287488000030862
3,3,,2026-07-22T11:28:39.217144,105808,23393,12325,23393,119,23393,195,23393,60,23393,14,18586,9,1.0291678000066895
3,3,,2026-07-22T11:28:40.245907,105466,23366,12274,23366,124,23366,191,23366,57,23366,12,18489,5,1.028356700000586
3,3,,2026-07-22T11:28:41.275764,105815,23424,12284,23424,118,23424,200,23424,72,23424,15,18518,4,1.029457899989211
3,3,,2026-07-22T11:28:42.304611,105704,23516,12263,23516,142,23516,207,23516,71,23516,9,18694,4,1.02845630000229
3,3,,2026-07-22T11:28:43.334527,105673,23371,12194,23371,123,23371,192,23371,69,23371,21,18577,11,1.029481699995813
3,3,,2026-07-22T11:28:44.363664,106182,23649,12364,23649,128,23649,182,23649,63,23649,10,18433,10,1.0287278999894625
3,3,,2026-07-22T11:28:45.393227,105228,23528,12470,23528,137,23528,227,23528,64,23528,11,18218,10,1.0292142999969656
3,3,,2026-07-22T11:28:46.423815,105341,23462,12222,23462,114,23462,190,23462,56,23462,15,18678,8,1.0302231000096072
3,3,,2026-07-22T11:28:47.453912,105851,23308,12171,23308,138,23308,207,23308,68,23308,7,18299,8,1.0296766999963438
3,3,,2026-07-22T11:28:48.484513,105428,23447,12386,23447,142,23447,188,23447,58,23447,11,18625,3,1.0300691000011284
3,3,,2026-07-22T11:28:49.513453,105852,23508,12203,23508,130,23508,216,23508,72,23508,9,18521,6,1.028619599994272
3,3,,2026-07-22T11:28:50.542924,105656,23199,12139,23199,147,23199,179,23199,71,23199,10,18536,11,1.0291534999996657
3,3,,2026-07-22T11:28:51.573535,105714,23479,12286,23479,145,23479,189,23479,60,23479,20,18478,9,1.0302184000029229
3,3,,2026-07-22T11:28:52.603016,105337,23522,12248,23522,142,23522,197,23522,57,23522,10,18501,6,1.029036099993391
3,3,,2026-07-22T11:28:53.632221,106031,23598,12329,23598,166,23598,209,23598,73,23598,16,18481,5,1.0288398999982746
3,3,,2026-07-22T11:28:54.661076,105166,23355,12148,23355,139,23355,184,23355,60,23355,11,18700,13,1.028505899987067
3,3,,2026-07-22T11:28:55.690763,104990,23107,12167,23107,125,23107,182,23107,77,23107,9,18665,8,1.0293131000071298
3,3,,2026-07-22T11:28:56.720263,105863,23457,12270,23457,126,23457,201,23457,66,23457,17,18500,5,1.0290399999939837
3,3,,2026-07-22T11:28:57.749406,106495,23782,12490,23782,142,23782,189,23782,70,23782,9,18658,4,1.0287517000106163
3,3,,2026-07-22T11:28:58.778559,105751,23457,12311,23457,123,23457,194,23457,63,23457,9,18496,12,1.028794799989555
3,3,,2026-07-22T11:28:59.807973,105430,23328,12135,23328,132,23328,200,23328,62,23328,11,18693,12,1.0290502999996534
3,3,,2026-07-22T11:29:00.836827,106351,23408,12334,23408,138,23408,184,23408,58,23408,9,18726,8,1.0284986000042409
3,3,,2026-07-22T11:29:01.866216,105231,23333,12228,23333,148,23333,228,23333,71,23333,9,18560,3,1.029075800004648
3,3,,2026-07-22T11:29:02.895937,105795,23475,12277,23475,120,23475,185,23475,74,23475,17,18653,8,1.0293511000054423
3,3,,2026-07-22T11:29:03.925792,104975,23088,12049,23088,132,23088,196,23088,53,23088,10,18592,12,1.0294379000115441
3,3,,2026-07-22T11:29:04.955110,105740,23540,12384,23541,150,23541,191,23541,59,23541,10,18764,4,1.0289488999987952
3,3,,2026-07-22T11:29:05.983366,104891,23261,12232,23260,150,23260,195,23260,55,23260,10,18420,17,1.0278611999965506
3,3,,2026-07-22T11:29:07.013489,105080,23394,12236,23394,124,23394,219,23394,62,23394,11,18508,8,1.0297516999999061
3,3,,2026-07-22T11:29:08.043418,106225,23585,12332,23585,140,23585,186,23585,67,23585,10,18471,6,1.029518299998017
3,3,,2026-07-22T11:29:09.071515,106281,23425,12228,23425,112,23425,206,23425,58,23425,12,18792,8,1.0277437000040663
3,3,,2026-07-22T11:29:10.101175,105539,23569,12247,23569,127,23569,197,23569,66,23569,12,18481,9,1.029354800004512
3,3,,2026-07-22T11:29:11.130783,105807,23432,12298,23432,141,23432,184,23432,50,23432,19,18757,7,1.0291652000014437
3,3,,2026-07-22T11:29:12.159582,105851,23355,12237,23355,151,23355,203,23355,63,23355,11,18795,5,1.0284475999942515
3,3,,2026-07-22T11:29:13.189306,105306,23423,12291,23423,133,23423,192,23423,55,23423,9,18717,8,1.0293223000044236
3,3,,2026-07-22T11:29:14.218324,105199,23332,12243,23332,113,23332,182,23332,59,23332,18,18381,5,1.0285526000079699
3,3,,2026-07-22T11:29:15.248109,105457,23415,12288,23415,119,23415,222,23415,54,23415,16,18699,5,1.0293890000029933
3,3,,2026-07-22T11:29:16.277830,105782,23437,12201,23437,136,23437,195,23437,59,23437,14,18731,6,1.0292977999924915
3,3,,2026-07-22T11:29:17.307322,106028,23348,12091,23348,159,23348,183,23348,75,23348,7,18440,5,1.0291209999995772
3,3,,2026-07-22T11:29:18.336593,105724,23747,12399,23747,125,23747,211,23747,62,23747,17,18389,3,1.0288876999984495
3,3,,2026-07-22T11:29:19.365467,105926,23325,12192,23326,132,23326,164,23326,51,23326,20,18677,8,1.0284952000074554
3,3,,2026-07-22T11:29:20.394996,105458,23456,12333,23455,136,23455,186,23455,65,23455,9,18460,6,1.0291749000025447
3,3,,2026-07-22T11:29:21.425568,105183,23426,12370,23426,144,23426,195,23426,62,23426,9,18640,13,1.0302164000022458
3,3,,2026-07-22T11:29:22.454675,105777,23408,12202,23408,155,23408,191,23408,57,23408,16,18705,9,1.0287194999982603
3,3,,2026-07-22T11:29:23.484863,106465,23600,12460,23600,136,23600,206,23600,69,23600,18,18593,10,1.0297720000089612
3,3,,2026-07-22T11:29:24.514702,105148,23120,12143,23120,120,23120,190,23120,60,23120,10,18356,6,1.0293975999957183
3,3,,2026-07-22T11:29:25.543670,105275,23143,12044,23143,132,23143,203,23143,61,23143,17,18748,12,1.02848740000627
3,3,,2026-07-22T11:29:26.572120,105158,23414,12148,23414,106,23414,203,23414,70,23414,14,18366,10,1.0281163999898126
3,3,,2026-07-22T11:29:27.602329,105834,23172,12121,23172,128,23172,191,23172,64,23172,14,18448,7,1.0297484999900917
3,3,,2026-07-22T11:29:28.631811,105742,23464,12333,23464,116,23464,193,23464,71,23464,13,18372,8,1.0291724999988219
3,3,,2026-07-22T11:29:29.660495,106509,23448,12164,23448,107,23448,183,23448,66,23448,12,18747,6,1.0283042000082787
3,3,,2026-07-22T11:29:30.690784,105733,23292,12171,23292,142,23292,226,23292,66,23292,12,18439,10,1.0298858000023756
3,3,,2026-07-22T11:29:31.719729,105638,23301,12188,23301,110,23301,193,23301,64,23301,13,18439,11,1.0284900999977253
3,3,,2026-07-22T11:29:32.749021,104538,23035,12090,23035,133,23035,178,23035,76,23035,13,18598,5,1.0288722999976017
3,3,,2026-07-22T11:29:33.778204,105451,23156,12043,23156,158,23156,214,23156,58,23156,14,18590,12,1.028790399999707
3,3,,2026-07-22T11:29:34.808561,105177,23207,12099,23207,131,23207,198,23207,58,23207,12,18624,2,1.0300015999964671
3,3,,2026-07-22T11:29:35.837769,105439,23368,12160,23368,142,23368,177,23368,71,23368,8,18524,8,1.028830299997935
3,3,,2026-07-22T11:29:36.867938,106255,23397,12322,23397,148,23397,210,23397,56,23397,16,18475,11,1.0297279999940656
3,3,,2026-07-22T11:29:37.897877,105752,23208,12154,23208,139,23208,188,23208,58,23208,6,18987,8,1.0294412000075681
3,3,,2026-07-22T11:29:38.926702,105776,23484,12323,23484,131,23484,210,23484,62,23484,16,18444,8,1.0284145000041462
3,3,,2026-07-22T11:29:39.956944,105862,23410,12373,23410,130,23410,192,23410,70,23410,14,18668,5,1.029829699997208
3,3,,2026-07-22T11:29:40.986297,105723,23369,12084,23369,129,23369,211,23369,60,23369,12,18727,11,1.0289232000068296
3,3,,2026-07-22T11:29:42.015205,106051,23560,12374,23560,144,23560,197,23560,69,23560,12,18861,10,1.0285387000039918
3,3,,2026-07-22T11:29:43.044120,106088,23512,12314,23512,136,23512,214,23512,68,23512,7,18391,15,1.0286361000034958
3,3,,2026-07-22T11:29:44.073470,105587,23404,12210,23404,124,23404,200,23404,63,23404,10,18296,7,1.0289451999997254
3,3,,2026-07-22T11:29:45.103530,105422,23465,12352,23465,143,23465,205,23465,68,23465,13,18674,5,1.029684900000575
3,3,,2026-07-22T11:29:46.132590,105716,23399,12270,23399,134,23399,202,23399,73,23399,18,18562,9,1.0286823000060394
3,3,,2026-07-22T11:29:47.161663,105412,23464,12194,23464,143,23464,193,23464,68,23464,15,18508,6,1.0286512000020593
3,3,,2026-07-22T11:29:48.191232,105835,23340,12130,23340,126,23340,223,23340,69,23340,13,18509,7,1.0291664000105811
3,3,,2026-07-22T11:29:49.220091,105701,23404,12264,23404,158,23404,199,23404,53,23404,14,18597,12,1.028491099990788
3,3,,2026-07-22T11:29:50.248704,105507,23367,12219,23367,122,23367,179,23367,82,23367,10,18383,7,1.0281961000000592
3,3,,2026-07-22T11:29:51.277958,106319,23527,12278,23527,113,23527,224,23527,81,23527,15,18473,6,1.0288827000040328
3,3,,2026-07-22T11:29:52.306212,105314,23314,12168,23314,141,23314,200,23314,66,23314,14,18515,7,1.027849599995534
3,3,,2026-07-22T11:29:53.335916,105590,23250,12159,23250,138,23250,206,23250,61,23250,8,18110,6,1.029221000004327
3,3,,2026-07-22T11:29:54.364620,105800,23534,12343,23534,120,23534,220,23534,57,23534,6,18513,9,1.0283401000051526
3,3,,2026-07-22T11:29:55.394174,105491,23309,12141,23309,141,23309,211,23309,67,23309,7,18870,6,1.029209800006356
3,3,,2026-07-22T11:29:56.423902,105400,23456,12251,23456,140,23456,189,23456,65,23456,14,18608,6,1.0293425999989267
3,3,,2026-07-22T11:29:57.453729,105552,23455,12091,23455,141,23455,206,23455,82,23455,14,18608,10,1.029436099997838
3,3,,2026-07-22T11:29:58.482688,105720,23400,12184,23400,144,23400,223,23400,54,23400,17,18629,8,1.0284898999962024
3,3,,2026-07-22T11:29:59.512210,105717,23091,12028,23091,141,23091,203,23091,54,23091,11,18495,8,1.0291263000108302
3,3,,2026-07-22T11:30:00.541423,105321,23467,12285,23467,151,23467,199,23467,72,23467,16,18451,14,1.028842200001236
3,3,,2026-07-22T11:30:01.570595,105278,23617,12356,23617,147,23617,215,23617,76,23617,10,18400,3,1.0288949999958277
3,3,,2026-07-22T11:30:02.599450,105700,23246,12265,23246,124,23246,161,23246,56,23246,10,18599,10,1.0285236000054283
3,3,,2026-07-22T11:30:03.628893,105864,23522,12337,23522,161,23522,193,23522,64,23522,16,18427,7,1.0290607000060845
3,3,,2026-07-22T11:30:04.657994,105649,23304,12284,23304,141,23304,199,23304,60,23304,14,18535,10,1.028790399999707
3,3,,2026-07-22T11:30:05.687275,105630,23447,12308,23447,163,23447,181,23447,65,23447,11,18857,8,1.0288999000040349
3,3,,2026-07-22T11:30:06.716234,105224,23571,12252,23571,158,23571,176,23571,57,23571,9,18565,4,1.0286083999963012
3,3,,2026-07-22T11:30:07.745994,105584,23744,12465,23744,148,23744,200,23744,62,23744,13,18521,3,1.0293875000061234
3,3,,2026-07-22T11:30:08.775402,105646,23211,12075,23211,119,23211,204,23211,62,23211,11,18456,5,1.0290136000112398
3,3,,2026-07-22T11:30:09.804125,105178,23178,12215,23178,130,23178,187,23178,55,23178,5,18540,8,1.0283400000043912
3,3,,2026-07-22T11:30:10.832300,105304,23467,12326,23467,110,23467,162,23467,74,23467,9,18439,6,1.027816800007713
3,3,,2026-07-22T11:30:11.861462,105064,23310,12160,23310,121,23310,187,23310,70,23310,9,18410,13,1.0289458999905037
3,3,,2026-07-22T11:30:12.891422,105705,23486,12389,23486,127,23486,178,23486,59,23486,14,18599,2,1.0295555000047898
3,3,,2026-07-22T11:30:13.920608,104992,23381,12133,23381,151,23381,209,23381,68,23381,11,18599,9,1.0288155999878654
3,3,,2026-07-22T11:30:14.949850,105380,23386,12249,23386,130,23386,198,23386,51,23386,17,18465,8,1.0289166000002297
3,3,,2026-07-22T11:30:15.978269,105335,23231,12280,23231,149,23231,184,23231,58,23231,12,18569,4,1.0280585000000428
3,3,,2026-07-22T11:30:17.008009,105569,23551,12275,23551,132,23551,202,23551,65,23551,12,18178,6,1.0293400999944424
3,3,,2026-07-22T11:30:18.036877,105189,23406,12223,23406,145,23406,186,23406,69,23406,12,18427,10,1.0284203000046546
3,3,,2026-07-22T11:30:19.064322,104853,23280,12122,23280,135,23280,209,23280,73,23280,17,18591,4,1.0270357000117656
3,3,,2026-07-22T11:30:20.092576,105606,23332,12251,23332,109,23332,188,23332,64,23332,14,18495,4,1.0278983000025619
3,3,,2026-07-22T11:30:21.123154,105649,23512,12321,23512,131,23512,189,23512,60,23512,12,18502,4,1.030217999999877
3,3,,2026-07-22T11:30:22.152481,105842,23323,12208,23323,134,23323,206,23323,64,23323,11,18637,4,1.0289022999932058
3,3,,2026-07-22T11:30:23.182941,105514,23488,12338,23488,160,23488,198,23488,64,23488,10,18593,8,1.0301047999964794
3,3,,2026-07-22T11:30:24.212529,105116,23258,12067,23258,139,23258,191,23258,56,23258,11,18826,9,1.029160199992475
3,3,,2026-07-22T11:30:25.241237,105379,23379,12252,23379,116,23379,216,23379,62,23379,12,18537,6,1.0284100999997463
3,3,,2026-07-22T11:30:26.270358,105141,23463,12246,23463,142,23463,204,23463,51,23463,14,18170,10,1.0287487999885343
3,3,,2026-07-22T11:30:27.297897,105394,23342,12234,23342,140,23342,185,23342,60,23342,5,18470,3,1.0271008999989135
3,3,,2026-07-22T11:30:28.326144,104103,23204,11939,23204,138,23204,188,23204,52,23204,13,18328,13,1.0279990999988513
3,3,,2026-07-22T11:30:29.355752,104955,23249,12164,23249,136,23249,207,23249,57,23249,14,18406,9,1.0291877999989083
3,3,,2026-07-22T11:30:30.384910,105160,23180,12068,23180,139,23180,195,23180,60,23180,11,18587,7,1.0287443999986863
3,3,,2026-07-22T11:30:31.413533,105475,23275,12276,23275,126,23275,228,23275,59,23275,15,18327,3,1.0282900000020163
3,3,,2026-07-22T11:30:32.443019,105845,23354,12173,23354,141,23354,179,23354,63,23354,12,18560,9,1.0291946999932406
3,3,,2026-07-22T11:30:33.473825,105490,23443,12274,23443,142,23443,214,23443,61,23443,16,18473,4,1.0304728000046453
3,3,,2026-07-22T11:30:34.503682,105598,23241,12156,23241,134,23241,219,23241,69,23241,16,18441,3,1.0295102999953087
3,3,,2026-07-22T11:30:35.532805,105841,23592,12407,23592,150,23592,176,23592,72,23592,7,18693,9,1.0286052000010386
3,3,,2026-07-22T11:30:36.561788,105052,23022,11952,23022,148,23022,158,23022,70,23022,20,18487,7,1.0285097000014503
3,3,,2026-07-22T11:30:37.591773,105712,23662,12435,23662,146,23662,218,23662,73,23662,10,18282,6,1.0295785999915097
3,3,,2026-07-22T11:30:38.620330,105334,23205,11980,23205,140,23205,192,23205,66,23205,12,18278,15,1.0281862999981968
3,3,,2026-07-22T11:30:39.649608,105583,23550,12386,23550,135,23550,223,23550,66,23550,14,18512,8,1.0288677999924403
3,3,,2026-07-22T11:30:40.677781,105497,23278,12082,23278,128,23278,198,23278,54,23278,10,18371,9,1.027805999998236
3,3,,2026-07-22T11:30:41.707602,105032,23234,12167,23234,134,23234,200,23234,55,23234,17,18494,4,1.0294720000092639
3,3,,2026-07-22T11:30:42.737157,105008,23407,12217,23407,134,23407,179,23407,55,23407,12,18272,6,1.0290525000018533
3,3,,2026-07-22T11:30:43.766607,104992,23291,12238,23291,140,23291,207,23291,64,23291,12,18455,6,1.0289703000016743
3,3,,2026-07-22T11:30:44.796141,104756,23047,12093,23047,148,23047,202,23047,77,23047,13,18452,6,1.0290842000104021
3,3,,2026-07-22T11:30:45.824901,105313,23144,12118,23144,124,23144,199,23144,52,23144,19,18638,5,1.028353400004562
3,3,,2026-07-22T11:30:46.853770,105433,23428,12289,23428,136,23428,184,23428,87,23428,8,18659,5,1.0284809000004316
3,3,,2026-07-22T11:30:47.882630,105052,23256,12256,23256,133,23256,200,23256,53,23256,9,18419,14,1.0285146000096574
3,3,,2026-07-22T11:30:48.912261,105303,23776,12423,23776,135,23776,221,23776,66,23776,11,18359,8,1.0292018999898573
3,3,,2026-07-22T11:30:49.940657,105528,23613,12255,23613,145,23613,208,23613,68,23613,16,18627,8,1.027985799999442
3,3,,2026-07-22T11:30:50.970351,105366,23573,12391,23573,121,23573,211,23573,73,23573,17,18749,5,1.0293107999896165
3,3,,2026-07-22T11:30:51.999858,105032,23343,12260,23343,126,23343,189,23343,72,23343,15,18484,4,1.02908789999492
3,3,,2026-07-22T11:30:53.028509,105507,23194,12218,23194,143,23194,180,23194,60,23194,9,18735,5,1.0282899999874644
3,3,,2026-07-22T11:30:54.058218,105641,23723,12364,23723,136,23723,220,23723,54,23723,14,18787,8,1.0294140999903902
3,3,,2026-07-22T11:30:55.086596,105228,23485,12286,23485,155,23485,195,23485,72,23485,10,18511,2,1.028041099998518
3,3,,2026-07-22T11:30:56.115511,105102,23555,12333,23555,138,23555,204,23555,67,23555,19,18545,11,1.0285775000083959
3,3,,2026-07-22T11:30:57.144372,105080,23407,12167,23407,146,23407,211,23407,60,23407,14,18331,6,1.028465800001868
3,3,,2026-07-22T11:30:58.174217,105011,23221,12205,23221,131,23221,178,23221,72,23221,17,18468,8,1.0294708000001265
3,3,,2026-07-22T11:30:59.203256,105592,23506,12349,23506,132,23506,187,23506,72,23506,13,18531,10,1.028678000002401
3,3,,2026-07-22T11:31:00.231913,105194,23430,12200,23430,132,23430,221,23430,70,23430,16,18796,4,1.0282963000063319
3,3,,2026-07-22T11:31:01.260490,104934,23333,12165,23333,114,23333,216,23333,70,23333,14,18480,9,1.0282890999951633
3,3,,2026-07-22T11:31:02.289934,105962,23478,12169,23478,147,23478,182,23478,72,23478,15,18498,13,1.028930100001162
3,3,,2026-07-22T11:31:03.317587,105335,23423,12132,23423,136,23423,205,23423,62,23423,15,18653,6,1.0271860999928322
3,3,,2026-07-22T11:31:04.346953,105555,23236,12082,23236,127,23236,203,23236,57,23236,11,18690,6,1.0289933000021847
3,3,,2026-07-22T11:31:05.375943,105018,23018,12094,23018,140,23018,198,23018,65,23018,12,18661,5,1.0286833999998635
3,3,,2026-07-22T11:31:06.404293,105543,23262,12155,23262,136,23262,214,23262,64,23262,8,18650,7,1.0280092000029981
3,3,,2026-07-22T11:31:07.433421,105206,23300,12226,23300,132,23300,180,23300,57,23300,13,18529,7,1.0288081999897258
3,3,,2026-07-22T11:31:08.462378,104783,23607,12372,23607,139,23607,211,23607,69,23607,16,18546,2,1.0285809000051813
3,3,,2026-07-22T11:31:09.491741,105907,23341,12209,23341,128,23341,180,23341,63,23341,15,18739,7,1.0289258999982849
3,3,,2026-07-22T11:31:10.520813,105772,23352,12058,23352,118,23352,199,23352,71,23352,11,18459,4,1.028709299993352
3,3,,2026-07-22T11:31:11.550403,105243,23506,12243,23506,143,23506,186,23506,57,23506,20,18174,6,1.0291847999906167
3,3,,2026-07-22T11:31:12.580033,105485,23483,12276,23483,121,23483,202,23483,76,23483,14,18596,4,1.029245900004753
3,3,,2026-07-22T11:31:13.608424,104909,23376,12305,23376,125,23376,213,23376,54,23376,9,18369,10,1.0279957000020659
3,3,,2026-07-22T11:31:14.639292,104589,23160,12143,23160,126,23160,202,23160,76,23160,8,18216,10,1.0304653000057442
3,3,,2026-07-22T11:31:15.668814,104942,23341,12259,23341,126,23341,198,23341,60,23341,5,18499,10,1.0292023999936646
3,3,,2026-07-22T11:31:16.698885,104797,23112,12130,23112,133,23112,179,23112,59,23112,12,18502,12,1.0297849999915343
3,3,,2026-07-22T11:31:17.727499,105605,23314,12131,23314,126,23314,228,23314,80,23314,15,18531,7,1.0282297000085237
3,3,,2026-07-22T11:31:18.757364,105021,23311,12032,23311,145,23311,208,23311,60,23311,19,18540,5,1.0294501000025775
3,3,,2026-07-22T11:31:19.785901,104659,23200,11990,23200,133,23200,186,23200,74,23200,11,18615,7,1.0281415000063134
3,3,,2026-07-22T11:31:20.814554,104984,23303,12175,23303,121,23303,202,23303,57,23303,18,18453,5,1.0282723999989685
3,3,,2026-07-22T11:31:21.843491,105325,23304,12201,23305,139,23305,181,23305,75,23305,11,18445,3,1.0285681999957887
3,3,,2026-07-22T11:31:22.872477,105089,23332,12386,23331,144,23331,209,23331,58,23331,15,18465,13,1.028695200002403
3,3,,2026-07-22T11:31:23.901869,104550,23177,12216,23177,123,23177,168,23177,69,23177,12,18350,8,1.0289411999983713
3,3,,2026-07-22T11:31:24.931608,105260,23227,12203,23227,149,23227,207,23227,51,23227,12,18606,6,1.0293276000011247
3,3,,2026-07-22T11:31:25.960546,105691,23552,12295,23552,125,23552,195,23552,71,23552,15,18360,4,1.028515799989691
3,3,,2026-07-22T11:31:26.988963,105436,23464,12242,23464,130,23464,189,23464,59,23464,12,18471,9,1.0281408000009833
3,3,,2026-07-22T11:31:28.018529,105048,23270,12085,23270,140,23270,194,23270,47,23270,16,18548,4,1.029108400005498
3,3,,2026-07-22T11:31:29.048036,106037,23468,12339,23468,145,23468,201,23468,68,23468,16,18697,14,1.029130199996871
3,3,,2026-07-22T11:31:30.076580,105857,23471,12334,23471,134,23471,201,23471,65,23471,8,18695,6,1.02818350000598
3,3,,2026-07-22T11:31:31.106851,105205,23489,12249,23489,128,23489,197,23489,70,23489,14,18736,5,1.0298753999959445
3,3,,2026-07-22T11:31:32.136264,105435,23607,12534,23607,134,23607,198,23607,61,23607,18,18538,10,1.0290677000011783
3,3,,2026-07-22T11:31:33.166256,105247,23191,12216,23191,130,23191,206,23191,78,23191,11,18734,5,1.0296205999911763
3,3,,2026-07-22T11:31:34.195028,105475,23676,12302,23676,136,23676,193,23676,73,23676,9,18403,5,1.0282561000058195
3,3,,2026-07-22T11:31:35.225458,104912,23126,12169,23126,125,23126,244,23126,55,23126,9,18474,8,1.0301014999859035
3,3,,2026-07-22T11:31:36.254828,105369,23594,12417,23594,170,23594,228,23594,70,23594,14,18590,11,1.0289600000105565
3,3,,2026-07-22T11:31:37.284183,105589,23482,12378,23482,137,23482,190,23482,68,23482,9,18416,7,1.0289415000006557
3,3,,2026-07-22T11:31:38.314245,105706,23655,12404,23655,127,23655,194,23655,60,23655,15,18548,6,1.029614600003697
3,3,,2026-07-22T11:31:39.343447,105306,23417,12229,23417,141,23417,182,23417,56,23417,9,18635,8,1.0288616999896476
3,3,,2026-07-22T11:31:40.373525,105389,23235,12210,23235,141,23235,207,23235,63,23235,13,18596,7,1.0297068000072613
3,3,,2026-07-22T11:31:41.401902,105381,23509,12294,23509,127,23509,209,23509,45,23509,17,18456,6,1.0279883999901358
3,3,,2026-07-22T11:31:42.430425,105322,23187,12204,23187,131,23188,205,23188,65,23188,11,18313,8,1.0280206000024918
3,3,,2026-07-22T11:31:43.460725,105296,23413,12327,23413,137,23412,187,23412,72,23412,23,18579,7,1.0299755000014557
3,3,,2026-07-22T11:31:44.490415,105212,23434,12164,23434,130,23434,217,23434,64,23434,10,18455,7,1.029337999993004
3,3,,2026-07-22T11:31:45.519829,105262,23355,12214,23355,139,23355,206,23355,60,23355,11,18416,6,1.0290439000091283
3,3,,2026-07-22T11:31:46.546730,105120,23267,12214,23267,112,23267,188,23267,68,23267,10,18423,12,1.026578699995298
3,3,,2026-07-22T11:31:47.574860,104852,23290,12306,23290,131,23290,183,23290,78,23290,15,18126,2,1.0279346999886911
3,3,,2026-07-22T11:31:48.604233,105274,23314,12288,23314,161,23314,171,23314,76,23314,10,18474,4,1.0289710000070045
3,3,,2026-07-22T11:31:49.633917,105213,23346,12255,23346,145,23346,194,23346,55,23346,11,18607,9,1.0292840000038268
3,3,,2026-07-22T11:31:50.662842,105398,23347,12249,23347,138,23347,220,23347,65,23347,11,18419,2,1.0285038000001805
3,3,,2026-07-22T11:31:51.692213,105426,23416,12242,23416,140,23416,197,23416,56,23416,18,18541,6,1.0289869999978691
3,3,,2026-07-22T11:31:52.721189,105497,23479,12373,23479,150,23479,192,23479,61,23479,6,18448,8,1.0285894999979064
3,3,,2026-07-22T11:31:53.751108,105110,23389,12281,23389,134,23389,215,23389,66,23389,13,18412,6,1.0294519000017317
3,3,,2026-07-22T11:31:54.779784,105390,23434,12306,23434,137,23434,225,23434,60,23434,11,18534,6,1.0282920000026934
3,3,,2026-07-22T11:31:55.808328,105055,23179,12098,23179,142,23179,202,23179,58,23179,12,18553,4,1.028067999999621
3,3,,2026-07-22T11:31:56.837327,105538,23458,12358,23458,126,23459,217,23459,74,23459,11,18553,8,1.0286135999922408
3,3,,2026-07-22T11:31:57.867118,105076,23407,12175,23407,144,23406,194,23406,61,23406,8,18329,12,1.0293987000040943
3,3,,2026-07-22T11:31:58.895092,104800,23384,12436,23384,133,23384,182,23384,62,23384,9,18536,6,1.027663400003803
3,3,,2026-07-22T11:31:59.925424,105484,23211,12155,23211,139,23211,192,23211,67,23211,6,18472,6,1.0298889999976382
3,3,,2026-07-22T11:32:00.954936,105141,23462,12341,23462,138,23462,209,23462,71,23462,14,18590,9,1.0291142000060063
3,3,,2026-07-22T11:32:01.984856,105539,23408,12262,23408,142,23408,200,23408,71,23408,13,18789,7,1.0294322000117972
3,3,,2026-07-22T11:32:03.013498,105491,23558,12353,23558,116,23558,184,23558,80,23558,16,18516,6,1.0282777000102215
3,3,,2026-07-22T11:32:04.042459,105341,23585,12401,23585,135,23585,205,23585,73,23585,8,18455,9,1.0286156000074698
3,3,,2026-07-22T11:32:05.071252,105025,23370,12244,23371,126,23371,200,23371,65,23371,13,18651,14,1.0284265000082087
3,3,,2026-07-22T11:32:06.098076,104947,23361,12295,23360,142,23360,177,23360,64,23360,9,18317,3,1.0264260999974795
3,3,,2026-07-22T11:32:07.126507,105009,23248,12161,23248,121,23248,180,23248,63,23248,16,18560,8,1.0282024000043748
3,3,,2026-07-22T11:32:08.157041,104930,23251,12089,23251,161,23251,177,23251,66,23251,9,18503,9,1.030148999998346
3,3,,2026-07-22T11:32:09.186616,105912,23488,12372,23488,116,23488,221,23488,51,23488,11,18350,4,1.0291867000050843
3,3,,2026-07-22T11:32:10.215014,105061,23508,12407,23508,135,23508,186,23508,60,23508,12,18452,5,1.0280479000066407
3,3,,2026-07-22T11:32:11.243793,104914,23571,12299,23571,165,23571,207,23571,64,23571,23,18450,4,1.0283779000019422
3,3,,2026-07-22T11:32:12.272477,104516,23307,12136,23307,116,23307,182,23307,74,23307,11,18662,8,1.0282944999926258
3,3,,2026-07-22T11:32:13.303084,105464,23277,12076,23277,134,23277,216,23277,53,23277,13,18319,16,1.030181599999196
3,3,,2026-07-22T11:32:14.332025,105113,23082,12126,23082,158,23082,202,23082,50,23082,15,18599,9,1.0285760999977356
3,3,,2026-07-22T11:32:15.360485,105357,23477,12269,23477,137,23477,196,23477,69,23477,11,18319,4,1.0280798000021605
3,3,,2026-07-22T11:32:16.390084,105226,23138,12172,23138,131,23138,207,23138,56,23138,11,18630,7,1.029293300001882
3,3,,2026-07-22T11:32:17.419859,105697,23538,12341,23538,125,23538,216,23538,75,23538,13,18409,6,1.0293856000062078
3,3,,2026-07-22T11:32:18.448991,105108,23347,12343,23347,135,23347,200,23347,61,23347,15,18349,11,1.0287508000037633
3,3,,2026-07-22T11:32:19.478664,105239,23160,12250,23160,115,23160,202,23160,78,23160,14,18497,7,1.0292719999997644
3,3,,2026-07-22T11:32:20.507957,105025,23342,12211,23342,139,23342,211,23342,69,23342,11,18452,10,1.0289172000047984
3,3,,2026-07-22T11:32:21.537147,105737,23508,12296,23508,157,23508,194,23508,59,23508,13,18478,5,1.02879790001316
3,3,,2026-07-22T11:32:22.566677,105044,23273,12086,23273,131,23273,188,23273,59,23273,10,18444,9,1.0290406999993138
3,3,,2026-07-22T11:32:23.596373,105550,23126,12167,23126,126,23126,178,23126,60,23126,10,18407,5,1.0292271000071196
3,3,,2026-07-22T11:32:24.625649,105439,23371,12222,23371,160,23371,212,23371,56,23371,10,18271,11,1.0289219000114826
3,3,,2026-07-22T11:32:25.654361,104792,23051,12041,23051,162,23051,201,23051,62,23051,8,18535,6,1.0283931000012672
3,3,,2026-07-22T11:32:26.684044,105395,23418,12216,23418,122,23418,213,23418,74,23418,18,18524,11,1.0293177999992622
3,3,,2026-07-22T11:32:27.711898,105060,23121,12091,23121,132,23121,211,23121,58,23121,13,18601,7,1.0274703999893973
3,3,,2026-07-22T11:32:28.739677,105440,23414,12291,23414,135,23414,208,23414,66,23414,14,18672,9,1.0275436000083573
3,3,,2026-07-22T11:32:29.769082,105319,23330,12281,23330,133,23330,194,23330,61,23330,13,18403,8,1.0291315999929793
3,3,,2026-07-22T11:32:30.797454,104803,23275,12086,23275,145,23275,180,23275,72,23275,11,18453,13,1.0280358999880264
3,3,,2026-07-22T11:32:31.826924,105597,23247,12192,23247,107,23247,205,23247,83,23247,12,18659,11,1.0291282999969553
3,3,,2026-07-22T11:32:32.857030,105098,23523,12310,23523,143,23523,206,23523,81,23523,9,18403,9,1.0297332999907667
3,3,,2026-07-22T11:32:33.886104,105269,23558,12442,23558,122,23558,211,23558,77,23558,11,18569,4,1.0286683000013
3,3,,2026-07-22T11:32:34.915864,104935,23273,12304,23273,127,23273,190,23273,103,23273,11,18374,7,1.029379700004938
3,3,,2026-07-22T11:32:35.944524,105471,23389,12283,23389,135,23389,179,23389,60,23389,16,18344,12,1.0283002000069246
3,3,,2026-07-22T11:32:36.974039,105531,23249,12384,23249,149,23249,202,23249,59,23249,9,18544,4,1.0291432999947574
3,3,,2026-07-22T11:32:38.003322,105607,23376,12433,23376,145,23376,181,23376,62,23376,16,18658,8,1.028897500000312
3,3,,2026-07-22T11:32:39.032695,105488,23319,12314,23319,140,23319,177,23319,60,23319,15,18422,8,1.0289910999999847
3,3,,2026-07-22T11:32:40.062156,104840,22930,12003,22930,144,22930,212,22930,62,22930,11,18497,9,1.029037900007097
3,3,,2026-07-22T11:32:41.091778,104610,23457,12308,23457,168,23457,201,23457,74,23457,12,18322,11,1.0292551000020467
3,3,,2026-07-22T11:32:42.118379,105024,23350,12235,23350,130,23350,201,23350,70,23350,12,18359,7,1.0262240000010934
3,3,,2026-07-22T11:32:43.146207,104432,23104,12041,23104,126,23104,186,23104,56,23104,15,18416,9,1.027539100003196
3,3,,2026-07-22T11:32:44.175334,105064,23417,12251,23417,125,23417,197,23417,66,23417,13,18368,8,1.028787100003683
3,3,,2026-07-22T11:32:45.204540,105478,23223,12107,23223,139,23223,213,23223,65,23223,18,18624,9,1.0288116999872727
3,3,,2026-07-22T11:32:46.232612,105017,23307,12240,23307,140,23307,201,23307,72,23307,17,18297,5,1.0276358999981312
3,3,,2026-07-22T11:32:47.261076,104873,23236,12286,23236,136,23236,185,23236,65,23236,12,18702,4,1.0282532999990508
3,3,,2026-07-22T11:32:48.290714,105239,23077,12044,23077,136,23077,185,23077,72,23077,8,18531,6,1.0292020000051707
3,3,,2026-07-22T11:32:49.319700,104927,23414,12193,23414,136,23414,202,23414,71,23414,14,18561,11,1.0285484000050928
3,3,,2026-07-22T11:32:50.348776,105209,23314,12262,23314,142,23314,194,23314,52,23314,17,18298,8,1.0286629000038374
3,3,,2026-07-22T11:32:51.377453,104811,22983,12092,22983,141,22983,202,22983,64,22983,13,18538,6,1.0282582999934675
3,3,,2026-07-22T11:32:52.405776,104471,23109,12128,23109,131,23109,188,23109,67,23109,16,18632,9,1.027944600005867
3,3,,2026-07-22T11:32:53.435507,105180,23310,12262,23310,137,23310,194,23310,67,23310,19,18625,6,1.029356300001382
3,3,,2026-07-22T11:32:54.463882,105140,23211,12094,23211,124,23211,221,23211,67,23211,9,18761,6,1.0279966999951284
3,3,,2026-07-22T11:32:55.492576,105135,23213,12114,23213,117,23213,208,23213,75,23213,15,18439,12,1.0282479000015883
3,3,,2026-07-22T11:32:56.522342,105250,23377,12185,23377,118,23377,177,23377,67,23377,12,18486,11,1.0293860999954632
3,3,,2026-07-22T11:32:57.552033,105291,23460,12412,23460,128,23460,210,23460,61,23460,16,18789,7,1.0292974000039976
3,3,,2026-07-22T11:32:58.580974,105377,23467,12261,23467,140,23467,214,23467,78,23467,20,18225,10,1.0286157000082312
3,3,,2026-07-22T11:32:59.610597,105409,23390,12272,23390,147,23390,198,23390,64,23390,10,18466,11,1.0291794999939157
3,3,,2026-07-22T11:33:00.639988,105060,23414,12089,23414,138,23415,221,23415,55,23415,11,18397,7,1.0289822000049753
3,3,,2026-07-22T11:33:01.669134,104872,23176,12267,23176,134,23175,195,23175,60,23175,12,18514,4,1.0286936000047717
3,3,,2026-07-22T11:33:02.697572,104429,23342,12018,23342,133,23342,200,23342,61,23342,20,18252,8,1.028039600001648
3,3,,2026-07-22T11:33:03.726559,105234,23345,12167,23345,148,23345,168,23345,62,23345,25,18529,7,1.0286054000025615
3,3,,2026-07-22T11:33:04.755988,84889,19213,9769,19213,113,19213,141,19213,62,19213,7,22191,3,1.0290466000005836
3,3,,2026-07-22T11:33:05.785947,0,2958,0,2958,0,2958,0,2958,0,2958,0,37032,0,1.028288400004385
3,3,,2026-07-22T11:33:06.813086,73520,16662,8473,16662,113,16662,111,16662,41,16662,10,22519,9,1.0268408999982057
3,3,,2026-07-22T11:33:07.841793,104349,23153,12004,23153,127,23153,192,23153,65,23153,15,18328,11,1.0284337000048254
3,3,,2026-07-22T11:33:08.871339,105052,23277,12145,23277,129,23277,195,23277,65,23277,11,18552,4,1.0291595000016969
3,3,,2026-07-22T11:33:09.901261,104702,23433,12229,23433,144,23433,197,23433,67,23433,9,18754,3,1.0295413999992888
3,3,,2026-07-22T11:33:10.930398,104732,23375,12229,23375,142,23375,204,23375,54,23375,18,18642,6,1.0285405999893555
3,3,,2026-07-22T11:33:11.959865,104443,23194,12108,23194,140,23194,213,23194,72,23194,16,18700,9,1.029098700004397
3,3,,2026-07-22T11:33:12.990104,104742,23338,12191,23338,131,23338,205,23338,54,23338,11,18367,8,1.0299201000016183
3,3,,2026-07-22T11:33:14.019195,104827,23244,12258,23244,141,23244,169,23244,72,23244,18,18337,3,1.0286534000042593
3,3,,2026-07-22T11:33:15.048208,104799,23315,12267,23315,145,23315,178,23315,64,23315,9,18612,12,1.0286480000067968
3,3,,2026-07-22T11:33:16.076501,104905,23210,12168,23210,148,23210,205,23210,62,23210,15,18391,7,1.0279655000049388
3,3,,2026-07-22T11:33:17.104084,104895,23194,12279,23194,141,23194,208,23194,74,23194,14,18476,5,1.0271861999935936
3,3,,2026-07-22T11:33:18.131338,104685,23208,12341,23208,123,23208,176,23208,62,23208,9,18464,4,1.0269924999884097
3,3,,2026-07-22T11:33:19.158985,104326,23303,12236,23303,151,23303,175,23303,61,23303,17,18509,5,1.027374700002838
3,3,,2026-07-22T11:33:20.187132,104755,23143,12263,23143,124,23143,192,23143,53,23143,11,18488,7,1.0278825999994297
3,3,,2026-07-22T11:33:21.215314,104519,23037,12129,23037,160,23037,223,23037,69,23037,18,18666,7,1.0278988999925787
3,3,,2026-07-22T11:33:22.242873,105129,23424,12321,23424,133,23424,201,23424,64,23424,17,18407,10,1.0272012000059476
3,3,,2026-07-22T11:33:23.269743,104504,23295,12061,23295,122,23295,177,23295,63,23295,20,18549,6,1.0265287999936845
3,3,,2026-07-22T11:33:24.298352,104830,23246,12215,23246,141,23246,203,23246,60,23246,16,18416,7,1.0283223999867914
3,3,,2026-07-22T11:33:25.326707,104600,23324,12263,23324,146,23324,191,23324,60,23324,12,18511,6,1.0280464999959804
3,3,,2026-07-22T11:33:26.355789,104419,23228,12101,23228,137,23228,201,23228,57,23228,16,18497,4,1.028681099996902
3,3,,2026-07-22T11:33:27.385452,105644,23418,12292,23418,139,23418,202,23418,69,23418,8,18422,10,1.0292807000078028
3,3,,2026-07-22T11:33:28.414533,104598,23303,12316,23303,117,23303,199,23303,73,23303,12,18637,6,1.0286926999979187
3,3,,2026-07-22T11:33:29.444462,105371,23302,12265,23302,136,23302,195,23302,65,23302,15,18460,7,1.0294441000005463
3,3,,2026-07-22T11:33:30.474548,105343,23359,12201,23359,154,23359,213,23359,78,23359,14,18557,8,1.0296783999947365
3,3,,2026-07-22T11:33:31.503391,105166,23291,12145,23291,126,23291,198,23291,70,23291,11,18435,0,1.02844529999129
3,3,,2026-07-22T11:33:32.532934,104446,23300,12182,23300,158,23300,207,23300,67,23300,10,18511,8,1.029183999999077
3,3,,2026-07-22T11:33:33.561735,105098,23249,12195,23249,134,23249,179,23249,75,23249,14,18606,9,1.0284078999975463
3,3,,2026-07-22T11:33:34.591959,105373,23083,12209,23083,131,23083,180,23083,65,23083,9,18858,8,1.0298725000029663
3,3,,2026-07-22T11:33:35.621595,105314,23143,12201,23143,155,23143,162,23143,55,23143,9,18592,4,1.0292465000093216
3,3,,2026-07-22T11:33:36.651561,105108,23306,12249,23306,127,23306,198,23306,55,23306,9,18688,7,1.0295630999899004
3,3,,2026-07-22T11:33:37.680901,105342,23356,12286,23356,132,23356,211,23356,70,23356,15,18819,5,1.0289474000019254
3,3,,2026-07-22T11:33:38.709707,104780,23575,12390,23575,152,23575,210,23575,73,23575,15,18397,8,1.0284230000106618
3,3,,2026-07-22T11:33:39.740066,104429,23226,12142,23226,125,23226,199,23226,70,23226,13,18392,6,1.0299852000025567
3,3,,2026-07-22T11:33:40.769897,105602,23485,12279,23486,136,23486,204,23486,58,23486,15,18445,9,1.0292774000117788
3,3,,2026-07-22T11:33:41.799593,104888,23131,12123,23130,148,23130,190,23130,68,23130,10,18501,7,1.0293228000082308
3,3,,2026-07-22T11:33:42.828606,104883,23336,12124,23336,146,23336,197,23336,55,23336,14,18242,4,1.0287032999913208
3,3,,2026-07-22T11:33:43.857846,105308,23360,12257,23360,147,23360,177,23360,58,23360,10,18484,8,1.0288485999917611
3,3,,2026-07-22T11:33:44.887530,105709,23307,12208,23307,121,23307,196,23307,58,23307,15,18733,6,1.0293425999989267
3,3,,2026-07-22T11:33:45.917088,104649,23243,12199,23243,143,23243,199,23243,69,23243,14,18660,12,1.029221899996628
3,3,,2026-07-22T11:33:46.946253,104903,23096,12115,23096,128,23096,186,23096,66,23096,11,18597,4,1.0287637000001268
3,3,,2026-07-22T11:33:47.975425,104749,23003,11961,23003,131,23003,178,23003,54,23003,9,18646,1,1.0287953000079142
3,3,,2026-07-22T11:33:49.004483,104701,23181,12140,23181,105,23181,196,23181,57,23181,15,18628,12,1.028682200005278
3,3,,2026-07-22T11:33:50.034363,105033,23324,12137,23324,130,23324,169,23324,51,23324,19,18568,4,1.0294940999883693
3,3,,2026-07-22T11:33:51.063194,104594,23445,12185,23445,140,23445,191,23445,67,23445,18,18332,6,1.0285350999911316
3,3,,2026-07-22T11:33:52.092460,105177,23158,12073,23158,138,23158,175,23159,69,23159,13,18583,6,1.0288905000052182
3,3,,2026-07-22T11:33:53.122319,105254,23340,12231,23340,120,23340,175,23339,82,23339,13,18614,7,1.02945990000444
3,3,,2026-07-22T11:33:54.151881,104621,23386,12208,23386,133,23386,202,23386,72,23386,15,18486,6,1.0291402999864658
3,3,,2026-07-22T11:33:55.180955,104806,23184,12103,23184,148,23184,211,23184,73,23184,8,18694,7,1.0287076000095112
3,3,,2026-07-22T11:33:56.210021,104739,23211,12187,23211,137,23211,197,23211,57,23211,13,18424,9,1.0287022000120487
3,3,,2026-07-22T11:33:57.239467,104729,23250,12104,23250,121,23250,216,23250,67,23250,11,18361,6,1.0290902999986429
3,3,,2026-07-22T11:33:58.269537,104548,23288,12193,23288,150,23288,212,23288,72,23288,14,18659,6,1.0296204000042053
3,3,,2026-07-22T11:33:59.299897,105426,23480,12261,23480,159,23480,202,23480,60,23480,13,18546,5,1.0299945000006119
3,3,,2026-07-22T11:34:00.328994,104893,23280,12197,23280,120,23280,173,23280,69,23280,12,18784,10,1.028703999996651
3,3,,2026-07-22T11:34:01.358237,104146,23086,12165,23086,150,23086,221,23086,66,23086,18,18660,6,1.0288644000102067
3,3,,2026-07-22T11:34:02.387219,104974,23460,12234,23460,129,23460,215,23460,73,23460,10,18697,6,1.028568900001119
3,3,,2026-07-22T11:34:03.416604,104464,23069,12070,23069,142,23069,202,23069,64,23069,14,18624,6,1.0290161000011722
3,3,,2026-07-22T11:34:04.445505,104789,22999,12012,22999,128,22999,202,22999,66,22999,16,18376,11,1.028581499995198
3,3,,2026-07-22T11:34:05.475041,104833,23585,12432,23585,153,23585,217,23585,51,23585,7,18482,13,1.0292061000072863
3,3,,2026-07-22T11:34:06.504799,104343,23198,12200,23198,132,23198,196,23198,69,23198,10,18632,8,1.029346199997235
3,3,,2026-07-22T11:34:07.532812,104889,23288,12159,23288,145,23288,190,23288,67,23288,11,18443,7,1.0276125999953365
3,3,,2026-07-22T11:34:08.561667,104518,23234,12025,23234,139,23234,220,23234,64,23234,17,18695,13,1.0285623999952804
3,3,,2026-07-22T11:34:09.590918,104308,23117,12141,23117,123,23117,216,23117,59,23117,9,18383,11,1.0289113000035286
3,3,,2026-07-22T11:34:10.620207,104639,22965,12022,22965,127,22965,190,22965,70,22965,8,18396,7,1.02890409999236
3,3,,2026-07-22T11:34:11.650024,105453,23356,12320,23356,112,23356,194,23356,55,23356,10,18597,2,1.0294936999998754
3,3,,2026-07-22T11:34:12.679479,104436,22987,11988,22987,146,22987,201,22987,54,22987,16,18444,7,1.0290531999926316
3,3,,2026-07-22T11:34:13.709679,104584,23236,12239,23236,124,23236,202,23236,68,23236,13,18602,11,1.0298333999962779
3,3,,2026-07-22T11:34:14.739018,104394,23249,12270,23249,119,23249,206,23249,53,23249,18,18627,8,1.0289844999933848
3,3,,2026-07-22T11:34:15.768381,105006,22921,11939,22921,120,22921,197,22921,69,22921,10,18601,8,1.028971099993214
3,3,,2026-07-22T11:34:16.797370,104946,23279,12242,23279,129,23279,187,23279,66,23279,21,18515,13,1.0285855999973137
3,3,,2026-07-22T11:34:17.826916,105360,23265,12205,23265,128,23265,190,23265,57,23265,12,18663,9,1.029150500005926
3,3,,2026-07-22T11:34:18.856417,105254,23321,12304,23321,146,23321,191,23321,59,23321,21,18545,11,1.02909300000465
3,3,,2026-07-22T11:34:19.886065,105288,23465,12215,23465,138,23465,208,23465,49,23465,18,18601,8,1.0292984999978216
3,3,,2026-07-22T11:34:20.915771,104471,23120,12114,23120,153,23120,197,23120,67,23120,17,18699,9,1.0293069000035757
3,3,,2026-07-22T11:34:21.944046,104882,23307,12253,23307,132,23307,180,23307,70,23307,15,18399,8,1.0278631999972276
3,3,,2026-07-22T11:34:22.973723,104430,22832,11996,22832,124,22832,160,22832,73,22832,10,18496,9,1.02930940000806
3,3,,2026-07-22T11:34:24.003159,104414,23378,12226,23378,139,23378,219,23378,67,23378,10,18444,9,1.0289535999909276
3,3,,2026-07-22T11:34:25.033526,104764,23202,12217,23202,139,23202,195,23202,69,23202,11,18629,5,1.029913399994257
3,3,,2026-07-22T11:34:26.062869,104337,23101,12135,23101,142,23101,165,23101,52,23101,16,18564,12,1.028927899998962
3,3,,2026-07-22T11:34:27.092432,105593,23529,12301,23529,147,23529,207,23529,73,23529,13,18584,6,1.0291751000040676
3,3,,2026-07-22T11:34:28.121352,104526,23226,12191,23226,129,23226,216,23226,82,23226,13,18702,5,1.0285291000036523
3,3,,2026-07-22T11:34:29.151766,104294,22994,12016,22994,131,22994,202,22994,61,22994,13,18320,5,1.029989899994689
3,3,,2026-07-22T11:34:30.181323,104871,23181,12066,23181,139,23181,204,23181,36,23181,11,18614,6,1.0291948999947635
3,3,,2026-07-22T11:34:31.210101,104912,23272,12190,23272,140,23272,200,23272,77,23272,15,18553,7,1.0283831999986432
3,3,,2026-07-22T11:34:32.238627,104939,23136,12164,23136,143,23136,196,23136,66,23136,10,18510,6,1.0281246000085957
3,3,,2026-07-22T11:34:33.267818,104871,23044,11943,23044,121,23044,195,23044,59,23044,13,18632,5,1.0288787000026787
3,3,,2026-07-22T11:34:34.297380,104168,23140,12021,23140,149,23140,181,23140,71,23140,8,18732,8,1.0292467000108445
3,3,,2026-07-22T11:34:35.326590,105057,23246,12180,23246,155,23246,188,23246,64,23246,18,18543,8,1.0288860000000568
3,3,,2026-07-22T11:34:36.356134,104374,22904,11996,22904,124,22904,199,22904,61,22904,10,18689,6,1.0291551999980584
3,3,,2026-07-22T11:34:37.385159,105250,23418,12297,23418,141,23418,208,23418,60,23418,11,18547,9,1.0286951000016415
3,3,,2026-07-22T11:34:38.413821,104324,23052,11994,23052,130,23052,189,23052,59,23052,11,18375,9,1.0282653999893228
3,3,,2026-07-22T11:34:39.443324,104786,23497,12327,23497,142,23497,182,23497,63,23497,15,18503,17,1.029174299997976
3,3,,2026-07-22T11:34:40.473435,104515,23187,12151,23187,142,23187,212,23187,56,23187,11,18347,6,1.0297286999993958
3,3,,2026-07-22T11:34:41.502661,105298,23117,12131,23117,129,23117,181,23117,68,23117,19,18566,8,1.028808700008085
3,3,,2026-07-22T11:34:42.532211,104195,22999,12207,22999,132,22999,200,22999,55,22999,11,18556,9,1.0291703999973834
3,3,,2026-07-22T11:34:43.561736,104609,23165,12151,23165,142,23165,205,23165,75,23165,11,18336,6,1.0291557000018656
3,3,,2026-07-22T11:34:44.591825,104513,23366,12171,23366,120,23366,167,23366,80,23366,19,18359,2,1.0297303999977885
3,3,,2026-07-22T11:34:45.621607,104170,23232,12173,23232,124,23232,190,23232,59,23232,13,18291,8,1.029399299994111
3,3,,2026-07-22T11:34:46.651593,104979,23049,12143,23049,140,23049,181,23049,78,23049,12,18442,6,1.0295821000036085
3,3,,2026-07-22T11:34:47.680841,104743,23230,12080,23230,128,23230,183,23230,73,23230,16,18480,7,1.028857600002084
3,3,,2026-07-22T11:34:48.710298,104662,23333,12227,23333,135,23333,199,23333,63,23333,15,18596,6,1.02906850000727
3,3,,2026-07-22T11:34:49.740206,104381,23082,12097,23082,122,23082,173,23082,58,23082,10,18740,10,1.0295284000021638
3,3,,2026-07-22T11:34:50.769189,104270,23174,12250,23174,139,23174,192,23174,70,23174,17,18728,10,1.0285938000015449
3,3,,2026-07-22T11:34:51.798046,104370,23038,12018,23038,135,23038,191,23038,59,23038,17,18592,8,1.0284969000058481
3,3,,2026-07-22T11:34:52.827594,104782,23095,12127,23095,135,23095,204,23095,67,23095,7,18651,5,1.0291944000055082
3,3,,2026-07-22T11:34:53.856822,105193,23074,12183,23074,151,23074,173,23074,55,23074,10,18627,9,1.0288234999898123
3,3,,2026-07-22T11:34:54.886330,104797,23300,12319,23300,133,23300,180,23300,56,23300,8,18315,7,1.029022899994743
3,3,,2026-07-22T11:34:55.914569,104829,23153,12179,23153,126,23153,179,23153,68,23153,17,18677,9,1.0278931000066223
3,3,,2026-07-22T11:34:56.944186,104948,23280,12207,23280,156,23280,201,23280,59,23280,8,18460,10,1.02921019999485
3,3,,2026-07-22T11:34:57.972737,105408,23465,12202,23465,137,23465,202,23465,58,23465,11,18770,6,1.0281014000065625
3,3,,2026-07-22T11:34:59.002034,104749,23172,12150,23172,123,23172,221,23172,54,23172,5,18382,11,1.028989400001592
3,3,,2026-07-22T11:35:00.031350,104233,23205,12169,23205,133,23205,209,23205,54,23205,13,18586,6,1.0290007000003243
3,3,,2026-07-22T11:35:01.059821,104390,23326,12318,23326,131,23326,184,23326,56,23326,10,18567,8,1.028109899998526
3,3,,2026-07-22T11:35:02.089461,104864,23285,12243,23285,132,23285,192,23285,59,23285,13,18445,9,1.029238000002806
3,3,,2026-07-22T11:35:03.119441,105071,23189,12045,23189,131,23189,213,23189,76,23189,10,18548,12,1.0295956999907503
3,3,,2026-07-22T11:35:04.149018,105536,23361,12268,23361,119,23361,170,23361,60,23361,20,18576,11,1.0291989999968791
3,3,,2026-07-22T11:35:05.178467,105138,23588,12384,23588,133,23588,196,23588,74,23588,18,18154,4,1.0290360000071814
3,3,,2026-07-22T11:35:06.208252,104647,23265,12191,23265,130,23265,196,23265,77,23265,11,18567,8,1.029405900000711
3,3,,2026-07-22T11:35:07.237553,105174,23337,12148,23337,130,23337,202,23337,65,23337,14,18686,9,1.028837999998359
3,3,,2026-07-22T11:35:08.267086,104138,23275,12235,23275,144,23275,197,23275,83,23275,15,18355,5,1.0291820999991614
3,3,,2026-07-22T11:35:09.296069,104658,23038,12149,23038,148,23038,181,23038,63,23038,9,18623,10,1.0286049999995157
3,3,,2026-07-22T11:35:10.322538,104135,23451,12321,23451,126,23451,195,23451,57,23451,14,18522,4,1.0261361000011675
3,3,,2026-07-22T11:35:11.349411,104437,23129,12166,23129,120,23129,196,23129,59,23129,15,18633,12,1.026668000005884
3,3,,2026-07-22T11:35:12.375939,105004,23243,12122,23243,166,23243,208,23243,55,23243,15,18613,7,1.026298400000087
3,3,,2026-07-22T11:35:13.403234,104975,23181,12191,23181,157,23181,221,23181,57,23181,6,18418,7,1.027050100004999
3,3,,2026-07-22T11:35:14.430384,104272,23137,12027,23137,124,23137,202,23137,67,23137,5,18510,3,1.0268110999895725
3,3,,2026-07-22T11:35:15.458365,104226,23195,12042,23195,137,23195,209,23195,72,23195,11,18513,5,1.027753100002883
3,3,,2026-07-22T11:35:16.486180,103770,23325,12243,23325,136,23325,179,23325,54,23325,14,18559,11,1.0275564000039594
3,3,,2026-07-22T11:35:17.516021,103876,23052,12076,23052,126,23052,220,23052,63,23052,7,18443,8,1.0295501000073273
3,3,,2026-07-22T11:35:18.543419,104529,23297,12243,23297,120,23297,203,23297,65,23297,14,18594,5,1.0270944999938365
3,3,,2026-07-22T11:35:19.572473,104134,23098,12056,23098,130,23098,220,23098,65,23098,9,18425,6,1.028690999999526
3,3,,2026-07-22T11:35:20.599622,104844,23043,12225,23043,146,23043,197,23043,70,23043,13,18322,9,1.0268662000016775
3,3,,2026-07-22T11:35:21.627088,104593,23399,12199,23399,132,23399,206,23399,57,23399,11,18415,10,1.0271166999882553
3,3,,2026-07-22T11:35:22.656201,104278,23329,12237,23329,139,23329,185,23329,60,23329,11,18368,8,1.0288170999992872
3,3,,2026-07-22T11:35:23.684112,105151,23359,12398,23359,140,23359,194,23359,70,23359,8,18351,8,1.027552800005651
3,3,,2026-07-22T11:35:24.712984,104648,23157,12167,23157,138,23157,192,23157,72,23157,12,18560,7,1.0284793000028003
3,3,,2026-07-22T11:35:25.743062,104652,23155,12160,23155,139,23155,193,23155,65,23155,18,18535,7,1.0296837000059895
3,3,,2026-07-22T11:35:26.769892,104531,23357,12288,23357,126,23357,185,23357,77,23357,15,18628,6,1.0264603999967221
3,3,,2026-07-22T11:35:27.798704,103799,22997,11916,22997,159,22997,228,22997,71,22997,10,18520,8,1.0285367000033148
3,3,,2026-07-22T11:35:28.825950,104699,23299,12172,23299,119,23299,185,23299,71,23299,8,18474,8,1.0269662000064272
3,3,,2026-07-22T11:35:29.854795,104989,23297,12266,23297,128,23297,208,23297,62,23297,13,18672,7,1.028584800005774
3,3,,2026-07-22T11:35:30.884733,105199,23235,12054,23235,134,23235,206,23235,70,23235,13,18626,8,1.029442500002915
3,3,,2026-07-22T11:35:31.914638,104958,23095,12262,23095,127,23095,179,23095,65,23095,12,18877,5,1.0294420999998692
3,3,,2026-07-22T11:35:32.943555,105482,23575,12348,23575,151,23575,184,23575,61,23575,11,18525,8,1.028525300003821
3,3,,2026-07-22T11:35:33.973492,104693,23339,12196,23339,143,23339,190,23339,61,23339,16,18394,8,1.029559500006144
3,3,,2026-07-22T11:35:35.002571,104955,23217,12196,23217,132,23217,194,23217,59,23217,7,18275,5,1.0287291999993613
3,3,,2026-07-22T11:35:36.031897,104352,23081,12153,23081,145,23081,173,23081,78,23081,14,18434,9,1.0289399000030244
3,3,,2026-07-22T11:35:37.060345,104832,23224,12104,23224,133,23224,200,23224,69,23224,17,18627,4,1.0279996000026586
3,3,,2026-07-22T11:35:38.089500,104728,23278,12183,23278,126,23278,204,23278,72,23278,13,18412,5,1.0287811000016518
3,3,,2026-07-22T11:35:39.118508,104777,23159,12237,23159,133,23159,191,23159,61,23159,16,18455,4,1.028688600010355
3,3,,2026-07-22T11:35:40.147111,104696,23644,12374,23644,125,23644,194,23644,59,23644,13,18776,6,1.028223600005731
3,3,,2026-07-22T11:35:41.175882,104735,23115,12131,23115,130,23115,223,23115,60,23115,14,18621,7,1.0284016000077827
3,3,,2026-07-22T11:35:42.204514,104606,23319,12262,23319,139,23319,210,23319,75,23319,12,18664,6,1.0282594000018435
3,3,,2026-07-22T11:35:43.234699,105214,23160,12115,23160,126,23160,199,23160,75,23160,8,18385,8,1.0297957000002498
3,3,,2026-07-22T11:35:44.263573,104389,23084,12050,23084,138,23084,183,23084,63,23084,17,18345,8,1.0284549000061816
3,3,,2026-07-22T11:35:45.292317,104556,23299,12131,23299,149,23299,211,23299,63,23299,9,18568,6,1.0283598999958485
3,3,,2026-07-22T11:35:46.321577,104770,23161,12058,23161,143,23161,192,23161,79,23161,11,18636,5,1.028889799999888
3,3,,2026-07-22T11:35:47.350591,103885,23293,12166,23293,121,23293,177,23293,44,23293,13,18546,11,1.0286286000045948
3,3,,2026-07-22T11:35:48.379473,104765,23514,12343,23514,115,23514,197,23514,58,23514,17,18404,11,1.0284788999997545
3,3,,2026-07-22T11:35:49.409130,105077,23353,12275,23353,133,23353,194,23353,60,23353,12,18460,8,1.0291853999951854
3,3,,2026-07-22T11:35:50.438745,105042,23809,12493,23809,153,23809,179,23809,70,23809,12,18496,7,1.029259999995702
3,3,,2026-07-22T11:35:51.468517,104609,23253,12239,23253,143,23253,175,23253,57,23253,7,18450,9,1.029335600003833
3,3,,2026-07-22T11:35:52.497702,104515,23317,12145,23317,142,23317,186,23317,69,23317,9,18378,14,1.0287186999921687
3,3,,2026-07-22T11:35:53.527148,105273,23329,12276,23329,128,23329,184,23329,56,23329,9,18629,11,1.0289530000009108
3,3,,2026-07-22T11:35:54.555968,104941,23154,12146,23154,145,23154,197,23154,64,23154,15,18286,8,1.0284260000044014
3,3,,2026-07-22T11:35:55.585928,104850,23369,12180,23369,147,23369,205,23369,68,23369,12,18625,5,1.0295481999928597
3,3,,2026-07-22T11:35:56.615603,104484,23325,12233,23325,130,23325,201,23325,56,23325,12,18751,6,1.029274100001203
3,3,,2026-07-22T11:35:57.644606,105066,23147,12057,23147,137,23147,208,23147,69,23147,11,18616,10,1.0286503000097582
3,3,,2026-07-22T11:35:58.673423,104458,22945,11834,22945,138,22945,188,22945,59,22945,14,18652,5,1.0284522000001743
3,3,,2026-07-22T11:35:59.702461,104926,23014,12193,23014,139,23014,193,23014,58,23014,11,18648,4,1.0286642999999458
3,3,,2026-07-22T11:36:00.731508,104658,22930,12077,22930,162,22930,183,22930,62,22930,14,18751,9,1.0286536000057822
3,3,,2026-07-22T11:36:01.760962,104964,23200,12125,23200,144,23200,191,23200,70,23200,15,18467,10,1.0289604000136023
3,3,,2026-07-22T11:36:02.790285,104958,23224,12148,23224,131,23224,212,23224,62,23224,15,18712,4,1.0289239999983693
3,3,,2026-07-22T11:36:03.819134,105269,23358,12255,23359,123,23359,198,23359,66,23359,12,18443,10,1.0284395000053337
3,3,,2026-07-22T11:36:04.849169,104361,23125,12040,23124,119,23124,191,23124,49,23124,9,18667,8,1.029599400004372
3,3,,2026-07-22T11:36:05.878737,105206,23092,12163,23092,142,23092,192,23092,66,23092,15,18526,11,1.0291702000104124
3,3,,2026-07-22T11:36:06.908694,104991,23375,12260,23375,135,23375,210,23375,73,23375,14,18561,5,1.029510400010622
3,3,,2026-07-22T11:36:07.937829,104976,23260,12279,23260,115,23260,200,23260,67,23260,11,18386,9,1.0287668999953894
3,3,,2026-07-22T11:36:08.967400,104138,23165,12219,23165,105,23165,195,23165,55,23165,15,18478,10,1.0292179999960354
3,3,,2026-07-22T11:36:09.997368,105021,23197,12214,23197,134,23197,198,23197,72,23197,17,18502,4,1.029508599996916
3,3,,2026-07-22T11:36:11.026900,104341,23125,11961,23125,144,23125,206,23125,70,23125,8,18691,15,1.0290441000106512
3,3,,2026-07-22T11:36:12.055143,104475,23224,12281,23224,131,23224,168,23224,76,23224,16,18182,7,1.0278246000088984
3,3,,2026-07-22T11:36:13.085185,104963,23118,11893,23118,142,23118,172,23118,67,23118,13,18520,5,1.0296392000018386
3,3,,2026-07-22T11:36:14.114870,104466,23242,12246,23242,131,23242,194,23242,70,23242,14,18551,8,1.029326799995033
3,3,,2026-07-22T11:36:15.144826,104746,23231,12087,23231,137,23231,188,23231,62,23231,18,18660,3,1.0295443999930285
3,3,,2026-07-22T11:36:16.175565,104757,23458,12389,23458,129,23458,181,23458,58,23458,14,18294,4,1.030327699991176
3,3,,2026-07-22T11:36:17.205494,105269,23182,12271,23182,138,23182,187,23182,76,23182,13,18669,12,1.0294409000052838
3,3,,2026-07-22T11:36:18.236006,104854,23220,12203,23220,131,23220,185,23220,65,23220,12,18614,12,1.0301363000035053
3,3,,2026-07-22T11:36:19.264207,104649,23270,12285,23270,128,23270,205,23270,61,23270,11,18463,8,1.0277499000076205
3,3,,2026-07-22T11:36:20.294011,104914,23326,12258,23326,131,23326,187,23326,73,23326,17,18392,8,1.0293814999895403
3,3,,2026-07-22T11:36:21.323150,104457,23221,12033,23221,138,23221,204,23221,62,23221,11,18446,6,1.028803399996832
3,3,,2026-07-22T11:36:22.352309,104012,23145,12204,23145,147,23145,172,23145,83,23145,9,18636,7,1.0287564000027487
3,3,,2026-07-22T11:36:23.380210,105444,23497,12325,23497,141,23497,203,23497,65,23497,13,18393,8,1.0275171999965096
3,3,,2026-07-22T11:36:24.409106,104916,23338,12241,23338,140,23339,182,23340,52,23340,7,18460,3,1.0286487999983365
3,3,,2026-07-22T11:36:25.438123,104410,23188,12098,23188,141,23187,177,23186,67,23186,23,18537,11,1.028615200004424
3,3,,2026-07-22T11:36:26.467244,104910,23198,12149,23198,144,23198,181,23198,56,23198,15,18596,6,1.0287538999982644
3,3,,2026-07-22T11:36:27.495803,104189,23215,12190,23215,129,23215,213,23215,59,23215,15,18755,7,1.0281316000036895
3,3,,2026-07-22T11:36:28.524950,103880,23047,12013,23047,127,23047,206,23048,60,23048,11,18560,12,1.0287076000095112
3,3,,2026-07-22T11:36:29.553652,104008,22925,12064,22925,132,22925,176,22924,73,22924,11,18635,9,1.0283250999927986
3,3,,2026-07-22T11:36:30.582439,104736,23202,12091,23202,143,23202,204,23202,67,23202,15,18601,11,1.0284135000110837
3,3,,2026-07-22T11:36:31.612040,104534,23181,12246,23181,126,23181,192,23181,73,23181,12,18572,7,1.029209999993327
3,3,,2026-07-22T11:36:32.641308,104706,22986,12032,22986,139,22986,176,22986,73,22986,16,18589,14,1.0288565999944694
3,3,,2026-07-22T11:36:33.670403,104351,23428,12288,23428,149,23428,189,23428,63,23428,18,18651,6,1.0287087999895448
3,3,,2026-07-22T11:36:34.699625,104676,23480,12446,23480,128,23480,192,23480,55,23480,11,18459,4,1.0288139000040246
3,3,,2026-07-22T11:36:35.729216,104254,22910,12006,22910,125,22910,182,22910,65,22910,14,18127,7,1.0290657000005012
3,3,,2026-07-22T11:36:36.758781,104489,23407,12133,23407,149,23407,195,23407,62,23407,13,18541,10,1.029093399993144
3,3,,2026-07-22T11:36:37.788092,104384,23284,12217,23284,142,23284,198,23284,53,23284,13,18500,11,1.0289085999975214
3,3,,2026-07-22T11:36:38.817790,104162,23329,12228,23329,142,23329,191,23329,56,23329,15,18599,10,1.0293092999927467
3,3,,2026-07-22T11:36:39.847128,105078,22970,12014,22970,130,22970,204,22970,60,22970,9,18396,5,1.0289275999966776
3,3,,2026-07-22T11:36:40.876498,104901,23335,12154,23335,139,23335,202,23335,61,23335,10,18673,5,1.0289448000112316
3,3,,2026-07-22T11:36:41.906420,105327,23226,12259,23226,137,23226,200,23226,44,23226,9,18470,5,1.0295110000006389
3,3,,2026-07-22T11:36:42.935435,104162,23053,11997,23053,127,23053,207,23053,48,23053,16,18473,6,1.0285818000120344
3,3,,2026-07-22T11:36:43.965099,104335,22946,11987,22946,124,22946,196,22946,62,22946,10,18236,10,1.0292744000034872
3,3,,2026-07-22T11:36:44.993618,104613,23353,12160,23353,128,23353,206,23353,63,23353,14,18265,8,1.0280578999954741
3,3,,2026-07-22T11:36:46.022558,103917,23120,12012,23120,125,23120,206,23120,68,23120,14,18705,9,1.028551499999594
3,3,,2026-07-22T11:36:47.052047,104666,23144,12101,23144,144,23144,211,23144,69,23144,16,18530,6,1.0291170999989845
3,3,,2026-07-22T11:36:48.081396,104637,23086,12093,23086,147,23086,184,23086,62,23086,8,18269,5,1.0289736999984598
3,3,,2026-07-22T11:36:49.111002,104812,23435,12309,23435,150,23435,181,23435,73,23435,9,18714,6,1.0292156000068644
3,3,,2026-07-22T11:36:50.140724,105358,23595,12315,23595,150,23595,207,23595,63,23595,18,18455,12,1.0293575999967288
3,3,,2026-07-22T11:36:51.169161,104051,22888,12034,22888,135,22888,195,22888,69,22888,12,18559,3,1.0281280999915907
3,3,,2026-07-22T11:36:52.199096,104765,23443,12264,23443,130,23443,205,23443,88,23443,7,18527,13,1.029537900001742
3,3,,2026-07-22T11:36:53.228041,105438,23160,11980,23160,142,23160,195,23160,56,23160,10,18572,4,1.0284972000081325
3,3,,2026-07-22T11:36:54.256171,104654,23262,12279,23262,139,23262,194,23262,62,23262,14,18413,8,1.0277492000022903
3,3,,2026-07-22T11:36:55.285191,104575,23383,12210,23383,151,23383,185,23383,66,23383,20,18567,7,1.0287376000051154
3,3,,2026-07-22T11:36:56.314445,104076,23290,12165,23290,134,23290,223,23290,74,23290,10,18637,9,1.028873700008262
3,3,,2026-07-22T11:36:57.343874,104548,23294,12137,23294,136,23294,184,23294,70,23294,9,18606,9,1.028952799999388
3,3,,2026-07-22T11:36:58.372304,104321,23248,12082,23248,129,23248,193,23248,70,23248,19,18568,7,1.0280347999942023
3,3,,2026-07-22T11:36:59.401053,104797,23052,12053,23052,141,23052,204,23052,72,23052,13,18365,9,1.0283505000115838
3,3,,2026-07-22T11:37:00.429687,104808,23123,12126,23123,134,23123,166,23123,66,23123,10,18696,7,1.028231299991603
3,3,,2026-07-22T11:37:01.458730,105384,23195,12122,23195,149,23195,219,23195,62,23195,12,18394,7,1.028683299999102
3,3,,2026-07-22T11:37:02.487350,104877,23341,12427,23341,161,23341,196,23341,67,23341,12,18474,6,1.0282800999993924
3,3,,2026-07-22T11:37:03.516647,104749,23286,12180,23286,125,23286,192,23286,75,23286,16,18535,14,1.0289656999957515
3,3,,2026-07-22T11:37:04.545350,104573,23378,12201,23378,142,23378,209,23378,70,23378,9,18593,7,1.0283497999917017
3,3,,2026-07-22T11:37:05.574588,104378,23200,12155,23200,130,23200,174,23200,62,23200,15,18455,3,1.0288880000007339
3,3,,2026-07-22T11:37:06.603536,104822,23202,12117,23202,121,23202,172,23202,71,23202,18,18460,8,1.0285835999966366
3,3,,2026-07-22T11:37:07.633339,103922,22927,12019,22927,129,22927,171,22927,67,22927,15,18387,8,1.029441399994539
3,3,,2026-07-22T11:37:08.662550,104868,23273,12176,23273,144,23273,168,23273,70,23273,10,18302,12,1.0288329000031808
3,3,,2026-07-22T11:37:09.691775,104051,23232,12105,23232,152,23232,195,23232,54,23232,20,18360,12,1.028900999997859
3,3,,2026-07-22T11:37:10.721222,104224,23021,12074,23021,142,23021,186,23021,60,23022,20,18155,1,1.0290589999931399
3,3,,2026-07-22T11:37:11.751406,104221,23084,12110,23084,141,23084,195,23084,56,23083,10,18421,8,1.0298012999992352
3,3,,2026-07-22T11:37:12.781742,104085,23036,12038,23036,124,23036,178,23036,66,23036,13,18676,12,1.029893600003561
3,3,,2026-07-22T11:37:13.810254,104830,23209,12114,23209,107,23209,192,23209,55,23209,10,18487,9,1.0281107999908272
3,3,,2026-07-22T11:37:14.838745,104255,23093,12200,23093,135,23093,179,23093,63,23093,14,18550,2,1.028197599996929
3,3,,2026-07-22T11:37:15.867886,104354,23271,12253,23271,121,23271,191,23271,51,23271,9,18371,6,1.0287725999951363
3,3,,2026-07-22T11:37:16.897056,104652,23340,12276,23340,155,23340,193,23340,53,23340,11,18403,9,1.0288010999938706
3,3,,2026-07-22T11:37:17.926293,104920,23199,12158,23199,144,23199,225,23199,71,23199,19,18451,12,1.0288555000006454
3,3,,2026-07-22T11:37:18.955197,104121,22976,11950,22976,135,22976,176,22976,74,22976,13,18581,7,1.0285241000092356
3,3,,2026-07-22T11:37:19.985327,104726,23187,12095,23187,132,23188,187,23188,66,23188,10,18544,7,1.0297178000037093
3,3,,2026-07-22T11:37:21.014943,105270,23610,12489,23610,131,23609,197,23609,63,23609,10,18454,9,1.0292225999874063
3,3,,2026-07-22T11:37:22.044092,104651,23116,12180,23116,127,23116,191,23116,62,23116,16,18245,6,1.0287342999945395
3,3,,2026-07-22T11:37:23.073658,105079,23278,12142,23278,135,23278,205,23278,73,23278,16,18495,5,1.0291347000020323
3,3,,2026-07-22T11:37:24.102791,104910,23076,12163,23076,161,23076,210,23076,62,23076,7,18601,7,1.028754699989804
3,3,,2026-07-22T11:37:25.132192,104822,23121,12104,23121,127,23121,209,23121,53,23121,20,18625,7,1.0290336000034586
3,3,,2026-07-22T11:37:26.160898,104248,23307,12075,23307,155,23307,196,23307,63,23307,10,18348,5,1.0283994000055827
3,3,,2026-07-22T11:37:27.190443,104786,23199,12300,23199,134,23199,180,23199,77,23199,14,18499,7,1.0291606999962823
3,3,,2026-07-22T11:37:28.219537,104562,23181,12127,23181,158,23181,193,23181,84,23181,11,18512,7,1.0287323999946238
3,3,,2026-07-22T11:37:29.249849,104281,23075,12103,23075,115,23075,216,23075,68,23075,9,18389,4,1.0298821999895154
3,3,,2026-07-22T11:37:30.279658,105082,23196,12279,23196,135,23196,202,23196,70,23196,15,18596,9,1.0294002999871736
3,3,,2026-07-22T11:37:31.309285,104194,23365,12331,23365,130,23365,197,23365,57,23365,11,18424,7,1.0292024000082165
3,3,,2026-07-22T11:37:32.338623,104406,23061,12186,23061,120,23061,178,23061,64,23061,9,18464,7,1.0289489999995567
3,3,,2026-07-22T11:37:33.367667,104156,23193,12212,23193,123,23193,190,23193,69,23193,17,18453,10,1.0286459999915678
3,3,,2026-07-22T11:37:34.397026,104424,23100,12154,23100,136,23100,160,23100,51,23100,11,18682,6,1.0290662000043085
3,3,,2026-07-22T11:37:35.425910,104866,23195,12163,23195,148,23195,219,23195,73,23195,9,18532,3,1.028468900010921
3,3,,2026-07-22T11:37:36.454494,104746,22952,12040,22952,151,22952,182,22952,65,22952,14,18451,6,1.0282523999921978
3,3,,2026-07-22T11:37:37.483581,104340,23219,12268,23219,150,23219,164,23219,69,23219,15,18421,6,1.028691700004856
3,3,,2026-07-22T11:37:38.513345,104552,23218,12266,23218,148,23218,176,23218,65,23218,8,18451,9,1.0293396999913966
3,3,,2026-07-22T11:37:39.542713,104772,22934,11885,22934,142,22934,199,22934,57,22934,6,18491,8,1.0289760000014212
3,3,,2026-07-22T11:37:40.572265,105015,23229,12119,23229,137,23229,198,23229,61,23229,11,18642,6,1.0291907000064384
3,3,,2026-07-22T11:37:41.601586,104611,23154,12141,23154,152,23154,196,23154,69,23154,9,18783,11,1.0289210999908391
3,3,,2026-07-22T11:37:42.631078,104995,23264,12050,23264,141,23264,185,23264,86,23264,9,18593,9,1.0290871000033803
3,3,,2026-07-22T11:37:43.661124,105148,23260,12096,23260,135,23260,184,23260,68,23260,8,18440,5,1.0296955999947386
3,3,,2026-07-22T11:37:44.690003,105150,23281,12195,23281,121,23281,184,23281,52,23281,16,18439,7,1.028513600002043
3,3,,2026-07-22T11:37:45.719265,104904,23297,12259,23297,158,23297,194,23297,56,23297,16,18552,7,1.028931000008015
3,3,,2026-07-22T11:37:46.749840,104657,23435,12399,23435,144,23435,210,23435,71,23435,13,18623,5,1.0302029000013135
3,3,,2026-07-22T11:37:47.779514,104419,23326,12277,23326,130,23326,179,23326,75,23326,11,18535,9,1.02927169999748
3,3,,2026-07-22T11:37:48.809107,104311,22989,12045,22989,146,22989,180,22989,72,22989,12,18666,7,1.029201400000602
3,3,,2026-07-22T11:37:49.838337,104809,22894,11959,22894,133,22894,188,22894,59,22894,13,18518,5,1.0288711999892257
3,3,,2026-07-22T11:37:50.868229,103953,22946,11939,22946,132,22946,208,22946,69,22946,11,18487,6,1.0294777000090107
3,3,,2026-07-22T11:37:51.898975,104763,23152,12102,23152,115,23152,208,23152,65,23153,10,18289,7,1.0303227999975206
3,3,,2026-07-22T11:37:52.928017,104188,23183,12047,23183,148,23183,174,23183,70,23182,7,18658,12,1.02869869999995
3,3,,2026-07-22T11:37:53.957525,105272,23019,12030,23019,134,23019,190,23019,73,23019,19,18529,3,1.0291252000024542
3,3,,2026-07-22T11:37:54.986581,104314,23173,12204,23173,139,23173,203,23173,71,23173,20,18450,5,1.0286694999958854
3,3,,2026-07-22T11:37:56.016161,104406,23178,12140,23178,128,23178,191,23178,62,23178,12,18748,8,1.029192799993325
3,3,,2026-07-22T11:37:57.045224,105419,23189,12139,23189,135,23189,193,23189,74,23189,11,18550,8,1.028716800006805
3,3,,2026-07-22T11:37:58.074462,104741,23207,12282,23207,128,23207,200,23207,65,23207,10,18479,9,1.0288498000008985
3,3,,2026-07-22T11:37:59.103692,104441,23153,12217,23154,154,23154,187,23154,66,23154,9,18374,5,1.0288532999984454
3,3,,2026-07-22T11:38:00.133061,104567,23184,12186,23183,130,23183,201,23183,67,23183,13,18384,4,1.0289943999960087
3,3,,2026-07-22T11:38:01.163509,104432,23235,12197,23235,134,23235,207,23235,74,23235,10,18480,6,1.030057099997066
3,3,,2026-07-22T11:38:02.192695,104260,23070,12068,23070,130,23070,160,23070,66,23070,10,18303,9,1.0288570999982767
3,3,,2026-07-22T11:38:03.222598,104652,23292,12232,23292,128,23292,186,23292,58,23292,16,18400,9,1.0295436000014888
3,3,,2026-07-22T11:38:04.252405,104840,23279,12273,23279,132,23279,188,23279,66,23279,14,18398,4,1.0293878000084078
3,3,,2026-07-22T11:38:05.281490,104049,23172,12017,23172,131,23172,203,23172,62,23172,10,18417,8,1.0286772999970708
3,3,,2026-07-22T11:38:06.310620,104728,23413,12347,23413,132,23413,192,23413,65,23413,13,18673,7,1.0287664999923436
3,3,,2026-07-22T11:38:07.339318,105236,23298,12347,23298,155,23298,195,23298,53,23298,13,18415,7,1.0283462000079453
3,3,,2026-07-22T11:38:08.368520,104675,23181,12132,23181,125,23181,221,23181,60,23181,14,18477,11,1.0287935999949696
3,3,,2026-07-22T11:38:09.395772,104684,22958,11900,22958,137,22958,179,22958,72,22958,14,18451,11,1.0269559000007575
3,3,,2026-07-22T11:38:10.424262,104501,23109,12056,23109,151,23109,214,23109,65,23109,13,18733,9,1.028228000010131
3,3,,2026-07-22T11:38:11.452440,104845,23359,12202,23359,133,23359,200,23359,78,23359,10,18724,13,1.0277290999947581
3,3,,2026-07-22T11:38:12.482602,104937,23275,12117,23275,117,23275,182,23275,71,23275,19,18474,10,1.0297041000012541
3,3,,2026-07-22T11:38:13.512037,105344,23156,12118,23156,163,23156,217,23156,66,23156,13,18355,7,1.0289412999991328
3,3,,2026-07-22T11:38:14.541511,104618,23176,12170,23176,127,23176,192,23176,58,23176,14,18531,1,1.0291559000033885
3,3,,2026-07-22T11:38:15.570195,104977,23030,12167,23030,151,23030,189,23030,73,23030,13,18482,7,1.028318800003035
3,3,,2026-07-22T11:38:16.599598,104284,22856,11939,22856,129,22856,168,22856,59,22856,8,18437,4,1.0290202999894973
3,3,,2026-07-22T11:38:17.628676,104542,23232,12159,23232,153,23232,199,23232,50,23232,14,18648,8,1.0286925999971572
3,3,,2026-07-22T11:38:18.658114,104434,23317,12098,23317,155,23317,199,23317,69,23317,12,18487,8,1.0289381000038702
3,3,,2026-07-22T11:38:19.686550,104014,22866,12124,22866,145,22866,183,22866,58,22866,16,18240,9,1.0280059999931837
3,3,,2026-07-22T11:38:20.715799,104710,23191,12208,23191,131,23191,171,23191,71,23191,15,18514,9,1.0288426999904914
3,3,,2026-07-22T11:38:21.744920,104376,23002,12024,23002,149,23002,180,23002,57,23002,7,18482,3,1.0286687000043457
3,3,,2026-07-22T11:38:22.774306,105249,23528,12276,23528,143,23528,223,23528,52,23528,11,18478,10,1.029046900002868
3,3,,2026-07-22T11:38:23.803049,104845,23374,12263,23374,119,23374,192,23374,62,23374,20,18559,4,1.02833400000236
3,3,,2026-07-22T11:38:24.830577,105329,23398,12242,23398,132,23398,211,23398,79,23398,14,18510,6,1.0271632999938447
3,3,,2026-07-22T11:38:25.858530,104111,23268,12188,23268,145,23268,200,23268,68,23268,13,18650,6,1.0277332999976352
3,3,,2026-07-22T11:38:26.887392,104466,23279,12166,23279,142,23279,184,23279,56,23279,10,18485,5,1.0286063000094146
3,3,,2026-07-22T11:38:27.916538,104433,23135,12268,23135,132,23135,196,23135,79,23135,10,18609,10,1.0288593000004767
3,3,,2026-07-22T11:38:28.943880,104391,23202,12098,23202,135,23202,190,23202,66,23202,12,18455,10,1.0269520999863744
3,3,,2026-07-22T11:38:29.970976,104362,23225,12284,23225,125,23225,194,23225,53,23225,12,18540,5,1.026794899997185
3,3,,2026-07-22T11:38:30.999897,104452,23060,12049,23060,137,23060,191,23060,62,23060,24,18599,8,1.0286100999946939
3,3,,2026-07-22T11:38:32.026565,105227,23453,12195,23453,118,23453,190,23453,54,23453,21,18353,9,1.0263638000033097
3,3,,2026-07-22T11:38:33.055093,104341,22944,12047,22944,121,22944,173,22944,69,22944,14,18552,5,1.0283301999879768
3,3,,2026-07-22T11:38:34.083838,104309,23097,12078,23097,143,23097,186,23097,55,23097,10,18337,6,1.0284231999976328
3,3,,2026-07-22T11:38:35.113318,104678,22837,11933,22837,149,22837,192,22837,63,22838,10,18365,10,1.0290867000003345
3,3,,2026-07-22T11:38:36.142538,104829,23460,12160,23460,143,23460,181,23460,69,23459,10,18498,10,1.0288543999922695
3,3,,2026-07-22T11:38:37.171373,104815,23325,12332,23325,140,23325,199,23325,56,23325,15,18696,6,1.028496200000518
3,3,,2026-07-22T11:38:38.201297,104352,23259,12111,23260,149,23260,186,23260,49,23260,11,18500,7,1.0297076999995625
3,3,,2026-07-22T11:38:39.232158,104488,23160,12084,23159,152,23159,200,23159,64,23159,7,18476,15,1.0304667999880621
3,3,,2026-07-22T11:38:40.261394,104867,23279,12285,23279,143,23279,203,23279,57,23279,20,18313,11,1.028873700008262
3,3,,2026-07-22T11:38:41.290605,104489,22965,11991,22965,121,22965,190,22965,54,22965,9,18650,7,1.0288429999927757
3,3,,2026-07-22T11:38:42.319547,105089,23150,12160,23150,145,23150,181,23150,75,23150,13,18472,8,1.0285348000033991
3,3,,2026-07-22T11:38:43.348990,103379,23219,12180,23219,147,23219,194,23219,72,23219,10,18375,8,1.0290720999910263
3,3,,2026-07-22T11:38:44.377138,103854,22847,11888,22847,131,22847,211,22847,71,22847,10,18281,10,1.0278249000111828
3,3,,2026-07-22T11:38:45.406430,103963,23269,12098,23269,147,23269,197,23269,78,23269,11,18491,5,1.0289358000009088
3,3,,2026-07-22T11:38:46.435388,104358,23452,12288,23452,148,23452,204,23452,59,23452,9,18519,8,1.0286190000042552
3,3,,2026-07-22T11:38:47.465295,104944,23226,12359,23226,137,23226,194,23226,67,23226,17,18549,9,1.0295526999980211
3,3,,2026-07-22T11:38:48.493879,103938,23038,11965,23038,138,23038,167,23038,64,23038,8,18447,9,1.0282126999954926
3,3,,2026-07-22T11:38:49.523741,104488,23481,12277,23481,144,23481,189,23481,76,23481,8,18583,14,1.0294865000032587
3,3,,2026-07-22T11:38:50.552390,104333,23099,12211,23099,122,23099,188,23099,70,23099,10,18568,7,1.028275799995754
3,3,,2026-07-22T11:38:51.583082,104829,23404,12052,23404,115,23404,226,23404,76,23404,9,18580,3,1.030327300002682
3,3,,2026-07-22T11:38:52.611810,105012,23315,12184,23316,125,23316,187,23316,69,23316,14,18699,12,1.0283803999918746
3,3,,2026-07-22T11:38:53.640989,104511,23235,12144,23234,129,23234,204,23234,59,23234,8,18676,15,1.0287966000032611
3,3,,2026-07-22T11:38:54.669964,104613,23512,12241,23512,151,23512,204,23512,61,23512,13,18502,9,1.0285704000125406
3,3,,2026-07-22T11:38:55.699975,104739,23141,11972,23141,120,23141,203,23141,68,23141,21,18465,8,1.0295941999938805
3,3,,2026-07-22T11:38:56.729213,104906,23423,12214,23423,143,23423,185,23423,60,23423,12,18549,8,1.0289183999993838
3,3,,2026-07-22T11:38:57.758759,104644,23171,12207,23171,157,23171,192,23171,79,23171,11,18613,8,1.0291380999988178
3,3,,2026-07-22T11:38:58.787506,104383,23180,12273,23180,131,23180,219,23180,67,23180,11,18685,8,1.0283687000046484
3,3,,2026-07-22T11:38:59.817467,104352,23012,12071,23012,146,23012,189,23012,76,23012,14,18554,7,1.029553299988038
3,3,,2026-07-22T11:39:00.846325,104373,23129,12086,23129,134,23129,196,23129,53,23129,18,18555,10,1.0284317000041483
3,3,,2026-07-22T11:39:01.875827,104520,23279,12344,23279,147,23279,184,23279,68,23279,14,18373,6,1.0291108000092208
3,3,,2026-07-22T11:39:02.904715,104656,23350,12183,23350,133,23350,203,23351,67,23351,14,18578,6,1.0285533999995096
3,3,,2026-07-22T11:39:03.933713,104306,23110,12076,23110,141,23110,221,23109,62,23109,13,18599,9,1.0286708000057843
3,3,,2026-07-22T11:39:04.963002,104740,23199,12235,23199,128,23199,208,23199,77,23199,9,18405,10,1.0289065999968443
3,3,,2026-07-22T11:39:05.991645,104146,22709,12008,22709,124,22709,162,22709,58,22709,13,18310,8,1.028222699998878
3,3,,2026-07-22T11:39:07.020499,104710,23154,12365,23154,141,23154,185,23154,68,23154,13,18739,6,1.028411800012691
3,3,,2026-07-22T11:39:08.049776,104962,23215,12145,23215,154,23215,191,23215,79,23215,9,18648,1,1.0288896999991266
3,3,,2026-07-22T11:39:09.078338,104336,23082,12134,23082,130,23082,210,23082,56,23082,12,18708,12,1.0281569000071613
3,3,,2026-07-22T11:39:10.107205,104766,23162,12260,23162,142,23162,175,23162,66,23162,11,18659,7,1.028521100000944
3,3,,2026-07-22T11:39:11.136746,104729,23370,12273,23370,155,23370,196,23370,71,23370,15,18352,7,1.0292907999973977
3,3,,2026-07-22T11:39:12.165689,104795,23272,12203,23272,134,23272,214,23272,68,23272,11,18697,10,1.0286166000005323
3,3,,2026-07-22T11:39:13.195219,104373,23162,12085,23162,133,23162,197,23162,69,23162,11,18537,7,1.029070499993395
3,3,,2026-07-22T11:39:14.224831,105159,23391,12304,23391,111,23391,190,23391,74,23391,10,18604,8,1.0292085999972187
3,3,,2026-07-22T11:39:15.254580,104416,23159,12099,23159,145,23159,186,23159,66,23159,16,18864,6,1.0293881000106921
3,3,,2026-07-22T11:39:16.283267,104569,23191,12299,23191,149,23191,197,23191,59,23191,5,18615,3,1.0283901000075275
3,3,,2026-07-22T11:39:17.312275,104639,23238,12051,23238,133,23238,194,23238,57,23239,17,18532,4,1.028656199996476
3,3,,2026-07-22T11:39:18.342032,103972,22946,12018,22946,144,22946,172,22946,78,22945,16,18546,6,1.0293746999959694
3,3,,2026-07-22T11:39:19.370773,105025,23228,11995,23228,132,23228,183,23228,56,23228,13,18508,3,1.028296099990257
3,3,,2026-07-22T11:39:20.400536,104650,23443,12359,23443,125,23443,157,23443,64,23443,11,18610,8,1.0293201000022236
3,3,,2026-07-22T11:39:21.429622,105147,23015,12048,23015,142,23015,207,23015,60,23015,14,18658,8,1.0287810000008903
3,3,,2026-07-22T11:39:22.457705,104545,23172,11988,23172,154,23172,198,23172,52,23172,16,18600,4,1.027697099998477
3,3,,2026-07-22T11:39:23.486630,104615,22785,11925,22785,147,22785,182,22785,48,22785,12,18423,5,1.0285673000034876
3,3,,2026-07-22T11:39:24.515513,104470,23119,12033,23119,156,23119,208,23119,65,23119,7,18527,7,1.0284694000001764
3,3,,2026-07-22T11:39:25.545081,105125,22987,12065,22987,158,22987,171,22987,66,22987,11,18535,8,1.0291829999914626
3,3,,2026-07-22T11:39:26.574700,105213,23511,12355,23511,143,23511,200,23511,62,23511,10,18493,7,1.029202699995949
3,3,,2026-07-22T11:39:27.604626,104954,23497,12302,23497,138,23497,188,23497,59,23497,17,18446,6,1.0295449999975972
3,3,,2026-07-22T11:39:28.633486,104560,23098,12284,23098,153,23098,172,23098,59,23098,10,18510,6,1.0284238000022015
3,3,,2026-07-22T11:39:29.662966,104477,23107,12199,23107,140,23107,192,23107,54,23107,14,18380,7,1.0290665000065928
3,3,,2026-07-22T11:39:30.691667,105166,23106,12183,23106,136,23106,200,23106,60,23106,9,18710,8,1.0283157999947434
3,3,,2026-07-22T11:39:31.720879,104483,23152,12032,23152,147,23152,184,23152,54,23152,18,18823,7,1.0288624000095297
3,3,,2026-07-22T11:39:32.749703,104621,23327,12088,23327,135,23327,219,23328,56,23328,15,18437,13,1.028421300012269
3,3,,2026-07-22T11:39:33.778198,104649,23320,12248,23320,123,23320,199,23319,52,23319,15,18508,2,1.0280921999947168
3,3,,2026-07-22T11:39:34.806893,105295,23394,12255,23394,121,23394,215,23394,63,23394,10,18609,8,1.0283483999955934
3,3,,2026-07-22T11:39:35.837144,105128,23269,12099,23269,139,23269,221,23269,61,23269,9,18289,8,1.0299042999977246
3,3,,2026-07-22T11:39:36.866620,104808,23120,12149,23121,149,23121,200,23121,57,23121,13,18548,9,1.029049800010398
3,3,,2026-07-22T11:39:37.895625,104863,23127,12194,23126,128,23126,198,23126,70,23126,11,18338,6,1.028591399997822
3,3,,2026-07-22T11:39:38.925438,105188,23494,12281,23494,153,23494,193,23494,63,23494,12,18784,10,1.029405900000711
3,3,,2026-07-22T11:39:39.955485,104807,23068,12038,23068,134,23068,191,23068,66,23068,17,18461,8,1.0296589999925345
3,3,,2026-07-22T11:39:40.984467,104178,22799,11859,22799,142,22799,155,22799,64,22799,11,18408,4,1.0285746000008658
3,3,,2026-07-22T11:39:42.013737,104443,23195,12146,23195,137,23195,218,23195,74,23195,10,18548,8,1.0288686999992933
3,3,,2026-07-22T11:39:43.043294,104694,23221,12044,23221,143,23221,214,23221,66,23221,15,18455,10,1.0292270999925677
3,3,,2026-07-22T11:39:44.072801,104526,23178,12091,23178,132,23178,183,23178,87,23178,10,18461,10,1.0291739000094822
3,3,,2026-07-22T11:39:45.101695,103959,23030,12183,23030,124,23031,205,23031,59,23031,11,18501,7,1.0285391000070376
3,3,,2026-07-22T11:39:46.130709,104171,23086,11955,23086,143,23085,194,23085,75,23085,14,18315,5,1.0286625000007916
3,3,,2026-07-22T11:39:47.159326,104918,23260,12126,23260,145,23260,211,23260,70,23260,8,18581,8,1.0282411000080174
3,3,,2026-07-22T11:39:48.188405,104638,22985,12134,22985,138,22985,188,22985,78,22985,9,18373,7,1.0287890000035986
3,3,,2026-07-22T11:39:49.217962,105256,23374,12235,23374,129,23374,186,23374,70,23374,3,18531,6,1.0291509999951813
3,3,,2026-07-22T11:39:50.247311,104406,23341,12204,23341,140,23341,229,23341,59,23341,13,18699,12,1.0289539000077639
3,3,,2026-07-22T11:39:51.276073,104938,23248,12168,23248,142,23248,207,23248,72,23248,12,18535,4,1.02838819999306
3,3,,2026-07-22T11:39:52.304785,104418,23056,12127,23056,144,23056,166,23057,61,23057,12,18657,11,1.0283987000002526
3,3,,2026-07-22T11:39:53.332869,104805,23396,12281,23396,125,23396,189,23395,80,23395,19,18576,14,1.027649299998302
3,3,,2026-07-22T11:39:54.361843,104389,23181,12060,23181,144,23181,179,23181,67,23181,12,18389,7,1.0286000999913085
3,3,,2026-07-22T11:39:55.390577,104868,23368,12155,23368,141,23368,176,23368,64,23368,15,18470,8,1.0283905000105733
3,3,,2026-07-22T11:39:56.420498,104761,23130,12058,23130,142,23130,195,23130,69,23130,11,18673,7,1.029597200002172
3,3,,2026-07-22T11:39:57.449462,105213,23074,11988,23074,131,23074,182,23074,65,23074,12,18653,4,1.0285358000110136
3,3,,2026-07-22T11:39:58.478236,104502,23001,12046,23001,151,23001,226,23001,72,23001,8,18808,7,1.028434300009394
3,3,,2026-07-22T11:39:59.504725,104802,23477,12338,23477,122,23477,222,23477,63,23477,14,18322,8,1.0261976000037976
3,3,,2026-07-22T11:40:00.533887,104527,23221,12164,23221,146,23221,201,23221,67,23221,9,18494,8,1.0289301999873715
3,3,,2026-07-22T11:40:01.562742,104060,22987,12051,22987,128,22987,192,22987,63,22987,15,18666,6,1.028517799990368
3,3,,2026-07-22T11:40:02.590747,104844,23357,12213,23357,151,23357,205,23357,66,23357,10,18610,7,1.0277080999949249
3,3,,2026-07-22T11:40:03.620560,104738,23071,12280,23071,132,23071,197,23071,62,23071,8,18354,6,1.0294705999986036
3,3,,2026-07-22T11:40:04.649559,105059,23089,12075,23089,140,23089,207,23089,51,23089,12,18580,7,1.028619399992749
3,3,,2026-07-22T11:40:05.678804,104806,22991,11963,22991,140,22991,201,22991,66,22991,17,18857,5,1.0288620000064839
3,3,,2026-07-22T11:40:06.706794,104611,23367,12174,23367,150,23367,193,23367,58,23367,10,18383,8,1.0276259999955073
3,3,,2026-07-22T11:40:07.736312,104416,23203,12066,23203,131,23203,200,23203,64,23203,12,18389,7,1.0290221000032034
3,3,,2026-07-22T11:40:08.765452,104885,23428,12295,23428,161,23428,192,23428,65,23428,10,18507,8,1.0286826000083238
3,3,,2026-07-22T11:40:09.794905,104460,23284,12311,23284,140,23284,191,23284,67,23284,9,18556,6,1.0290553999948315
3,3,,2026-07-22T11:40:10.823416,104888,23142,12142,23142,152,23142,184,23142,69,23142,11,18602,7,1.0281205999926897
3,3,,2026-07-22T11:40:11.852908,104502,22991,12147,22991,124,22991,200,22991,62,22991,14,18450,5,1.0290990999928908
3,3,,2026-07-22T11:40:12.882623,104798,23294,12247,23294,126,23294,180,23294,64,23294,13,18638,9,1.0292980000085663
3,3,,2026-07-22T11:40:13.912706,104622,22981,12076,22981,156,22981,197,22981,86,22981,13,18710,0,1.0296862999966834
3,3,,2026-07-22T11:40:14.942440,104491,23141,12212,23141,154,23141,205,23141,71,23141,16,18595,8,1.029357199993683
3,3,,2026-07-22T11:40:15.970993,105191,23443,12240,23443,133,23443,189,23443,64,23443,13,18714,12,1.02836440000101
3,3,,2026-07-22T11:40:17.000787,104264,22982,12014,22982,117,22982,198,22982,64,22982,13,18476,9,1.029414499993436
3,3,,2026-07-22T11:40:18.030182,104536,23224,12219,23224,134,23224,186,23224,74,23224,11,18442,4,1.028928799991263
3,3,,2026-07-22T11:40:19.059461,105045,23358,12201,23358,148,23358,169,23358,68,23358,14,18561,10,1.0288789000042016
3,3,,2026-07-22T11:40:20.089094,105220,23106,12038,23107,149,23107,185,23107,82,23107,13,18578,6,1.0292852999991737
3,3,,2026-07-22T11:40:21.118557,105039,23261,12263,23260,139,23260,185,23260,61,23260,14,18248,8,1.0291389000049094
3,3,,2026-07-22T11:40:22.146900,104794,23010,12031,23010,132,23010,207,23010,83,23010,11,18402,8,1.027944400004344
3,3,,2026-07-22T11:40:23.175518,104683,23155,12263,23155,129,23155,181,23155,56,23155,12,18444,5,1.028263700005482
3,3,,2026-07-22T11:40:24.203703,104721,23210,12158,23210,130,23210,173,23210,73,23210,12,18500,4,1.0277990000031423
3,3,,2026-07-22T11:40:25.232529,104776,23180,12234,23180,145,23180,201,23180,61,23180,18,18531,6,1.0284576999983983
3,3,,2026-07-22T11:40:26.261556,105079,23277,12208,23277,138,23277,202,23277,60,23277,17,18505,5,1.0286480999930063
3,3,,2026-07-22T11:40:27.291528,104500,23125,12183,23125,127,23125,204,23125,58,23125,16,18598,3,1.0295934000023408
3,3,,2026-07-22T11:40:28.321561,104846,23311,12246,23311,161,23311,210,23311,80,23311,14,18425,5,1.0296226999926148
3,3,,2026-07-22T11:40:29.351896,104494,22831,11939,22831,134,22831,185,22831,70,22831,8,18665,9,1.0299009000009391
3,3,,2026-07-22T11:40:30.380303,105033,23000,12173,23000,155,23000,172,23000,51,23000,13,18437,8,1.0280168000026606
3,3,,2026-07-22T11:40:31.409030,104471,22789,11904,22789,133,22789,171,22789,70,22789,14,18452,10,1.0283888000121806
3,3,,2026-07-22T11:40:32.439488,104595,22971,12210,22971,140,22971,173,22971,59,22971,15,18331,6,1.0300750999886077
3,3,,2026-07-22T11:40:33.469116,105005,23180,12236,23180,121,23180,181,23180,65,23180,14,18583,8,1.0292175999929896
3,3,,2026-07-22T11:40:34.498451,104790,23401,12280,23401,139,23401,184,23401,72,23401,17,18606,5,1.0290104000014253
3,3,,2026-07-22T11:40:35.528332,104605,23138,12005,23138,138,23138,183,23138,69,23138,12,18433,7,1.029463200000464
3,3,,2026-07-22T11:40:36.557333,104774,23354,12223,23354,120,23354,215,23354,61,23354,15,18557,9,1.0286495000036666
3,3,,2026-07-22T11:40:37.587233,104673,23042,12137,23042,153,23042,203,23042,70,23042,14,18383,6,1.0295141999959014
3,3,,2026-07-22T11:40:38.615975,104357,23315,12252,23315,132,23315,191,23315,55,23315,16,18516,9,1.0283142999978736
3,3,,2026-07-22T11:40:39.644721,104092,23147,12233,23147,148,23147,172,23147,70,23147,15,18517,6,1.02832959999796
3,3,,2026-07-22T11:40:40.674384,104367,22895,11929,22895,134,22895,196,22895,66,22895,6,18602,11,1.0292946999979904
3,3,,2026-07-22T11:40:41.703184,104900,23138,12066,23138,130,23138,188,23138,75,23138,12,18735,6,1.0284112999943318
3,3,,2026-07-22T11:40:42.732771,104933,23269,12140,23269,103,23269,213,23269,69,23269,14,18354,7,1.0292008999967948
3,3,,2026-07-22T11:40:43.761784,104867,23323,12246,23323,114,23323,182,23323,81,23323,15,18616,8,1.0287220000027446
3,3,,2026-07-22T11:40:44.790378,104619,23241,12246,23241,146,23241,175,23241,62,23241,11,18618,5,1.0282204000104684
3,3,,2026-07-22T11:40:45.821210,104333,22985,11944,22985,140,22985,193,22985,52,22985,8,18429,10,1.0304988999996567
3,3,,2026-07-22T11:40:46.850918,104961,23521,12259,23521,145,23521,197,23521,63,23521,17,18791,8,1.0293923999997787
3,3,,2026-07-22T11:40:47.879370,104824,23045,12054,23045,103,23045,197,23045,71,23045,13,18521,7,1.0280898000055458
3,3,,2026-07-22T11:40:48.908822,104993,23118,12186,23118,132,23118,204,23118,67,23118,15,18423,7,1.0290586999908555
3,3,,2026-07-22T11:40:49.938509,105068,23356,12329,23356,125,23356,153,23356,66,23356,14,18469,9,1.0293040000105975
3,3,,2026-07-22T11:40:50.966130,105296,23170,12072,23170,140,23170,191,23170,64,23170,16,18714,5,1.0272866999875987
3,3,,2026-07-22T11:40:51.994108,104154,22807,11998,22807,124,22807,174,22807,76,22807,15,18691,7,1.0276254000054905
3,3,,2026-07-22T11:40:53.022109,104561,23519,12382,23519,146,23519,173,23519,65,23519,10,18480,7,1.0277004999952624
3,3,,2026-07-22T11:40:54.049647,105090,23401,12291,23401,133,23401,185,23401,79,23401,12,18347,12,1.0271952000039164
3,3,,2026-07-22T11:40:55.078544,104838,23519,12354,23519,141,23519,185,23519,63,23519,15,18641,7,1.0285834000096656
3,3,,2026-07-22T11:40:56.107158,104615,23233,12215,23233,127,23233,172,23233,75,23233,17,18290,6,1.028262399995583
3,3,,2026-07-22T11:40:57.136248,104041,23215,12176,23215,136,23215,211,23215,65,23215,15,18306,8,1.0286980000091717
3,3,,2026-07-22T11:40:58.166135,105068,23358,12281,23358,137,23358,165,23358,73,23358,15,18486,5,1.0295124999975087
3,3,,2026-07-22T11:40:59.195641,105159,23355,12392,23355,120,23355,207,23355,65,23355,16,18473,9,1.029065199996694
3,3,,2026-07-22T11:41:00.223593,105220,23186,12025,23186,154,23186,195,23186,72,23186,9,18450,9,1.0275820000097156
3,3,,2026-07-22T11:41:01.252263,104566,22997,12107,22997,135,22997,201,22997,65,22997,17,18545,11,1.0284123000019463
3,3,,2026-07-22T11:41:02.281358,104519,23184,11980,23184,154,23184,206,23184,73,23184,8,18540,9,1.02869649999775
3,3,,2026-07-22T11:41:03.310379,105077,23384,12297,23384,113,23384,187,23384,69,23384,11,18530,7,1.028666999991401
3,3,,2026-07-22T11:41:04.339606,104732,23340,12426,23340,140,23340,183,23340,61,23340,16,18618,6,1.0288732000044547
3,3,,2026-07-22T11:41:05.369012,104556,23190,12220,23190,140,23190,186,23190,78,23190,5,18618,3,1.0289520000078483
3,3,,2026-07-22T11:41:06.397841,104617,23333,12233,23333,128,23333,199,23333,70,23333,13,18586,7,1.0284732000000076
3,3,,2026-07-22T11:41:07.426694,104935,23114,12138,23114,151,23114,190,23114,65,23114,12,18642,7,1.0284679000033066
3,3,,2026-07-22T11:41:08.455870,104743,22878,11906,22878,130,22878,195,22878,62,22878,17,18462,11,1.0287566000042716
3,3,,2026-07-22T11:41:09.485489,104293,23108,12064,23108,139,23108,200,23108,61,23108,19,18517,8,1.0293002999969758
3,3,,2026-07-22T11:41:10.514167,105295,23198,12114,23198,160,23198,209,23198,67,23198,8,18504,4,1.0283381000044756
3,3,,2026-07-22T11:41:11.542706,104171,23070,12065,23070,118,23070,202,23070,58,23070,8,18599,6,1.0281386999995448
3,3,,2026-07-22T11:41:12.572228,104217,23278,12078,23278,130,23278,197,23278,62,23278,9,18622,8,1.029152699993574
3,3,,2026-07-22T11:41:13.602302,104532,23463,12341,23463,150,23463,199,23463,54,23463,12,18605,12,1.0296756000025198
3,3,,2026-07-22T11:41:14.630145,104522,23446,12230,23446,135,23446,195,23446,70,23446,13,18507,8,1.027461999998195
3,3,,2026-07-22T11:41:15.658887,104665,23323,12120,23323,145,23323,204,23323,65,23323,13,18508,8,1.0283947999996599
3,3,,2026-07-22T11:41:16.688326,104736,23174,12032,23174,153,23174,189,23174,62,23174,10,18528,8,1.0291086999932304
3,3,,2026-07-22T11:41:17.717654,104894,23434,12189,23434,134,23434,197,23434,78,23434,18,18531,10,1.0289317999995546
3,3,,2026-07-22T11:41:18.747291,105177,23209,12207,23209,132,23209,187,23209,73,23209,18,18524,5,1.0292678999976488
3,3,,2026-07-22T11:41:19.775871,104938,23013,12149,23013,139,23013,183,23013,66,23013,12,18664,7,1.028225999994902
3,3,,2026-07-22T11:41:20.805667,104703,23291,12181,23291,135,23291,209,23291,61,23291,19,18478,4,1.029411399998935
3,3,,2026-07-22T11:41:21.835719,105131,23723,12501,23723,156,23724,183,23724,64,23724,16,18626,7,1.0296280999900773
3,3,,2026-07-22T11:41:22.865132,104620,23171,12111,23171,142,23170,195,23170,53,23170,13,18321,8,1.0290306999959284
3,3,,2026-07-22T11:41:23.894748,105790,23403,12226,23403,122,23403,199,23403,64,23403,10,18425,5,1.029211100001703
3,3,,2026-07-22T11:41:24.925028,104414,23140,12051,23140,133,23140,192,23140,65,23140,12,18219,5,1.029889199999161
3,3,,2026-07-22T11:41:25.954550,104811,23036,11824,23036,132,23036,200,23036,62,23036,12,18410,10,1.0291326999868033
3,3,,2026-07-22T11:41:26.983396,104792,23162,12083,23162,136,23162,217,23162,51,23162,15,18621,7,1.0284550999931525
3,3,,2026-07-22T11:41:28.013146,104927,23300,12255,23300,147,23300,192,23300,69,23300,12,18543,8,1.0293940999981714
3,3,,2026-07-22T11:41:29.042097,105280,23135,12242,23135,160,23135,174,23135,61,23135,9,18626,8,1.028586999993422
3,3,,2026-07-22T11:41:30.071379,105307,23396,12141,23396,146,23396,217,23396,73,23396,11,18563,2,1.028903899990837
3,3,,2026-07-22T11:41:31.100430,104170,23142,11951,23142,153,23142,199,23142,72,23142,22,18617,4,1.0286833999998635
3,3,,2026-07-22T11:41:32.129536,104323,23146,12171,23146,129,23146,200,23146,61,23146,11,18497,5,1.0287341000075685
3,3,,2026-07-22T11:41:33.158470,103784,22681,11884,22681,145,22681,172,22681,55,22681,14,18565,8,1.0285238000069512
3,3,,2026-07-22T11:41:34.187555,104954,22982,12146,22982,146,22982,167,22982,52,22982,13,18719,4,1.0286912000010489
3,3,,2026-07-22T11:41:35.217381,104391,23293,12118,23293,150,23293,240,23293,57,23293,9,18624,5,1.0294364000001224
3,3,,2026-07-22T11:41:36.246515,104838,23137,12150,23137,143,23137,182,23137,77,23137,7,18444,6,1.0288514999992913
3,3,,2026-07-22T11:41:37.275202,104096,23147,12088,23147,129,23147,187,23147,71,23147,15,18265,9,1.0283061999944039
3,3,,2026-07-22T11:41:38.301933,104684,23184,12150,23184,139,23184,213,23184,67,23184,13,18449,11,1.026385700009996
3,3,,2026-07-22T11:41:39.330467,104247,22935,11989,22935,134,22935,227,22935,76,22935,9,18609,7,1.0283504999970319
3,3,,2026-07-22T11:41:40.359897,104809,23113,12104,23113,126,23113,188,23113,71,23113,14,18535,6,1.0290763999946648
3,3,,2026-07-22T11:41:41.389953,104748,23466,12211,23466,120,23466,203,23466,70,23466,10,18447,10,1.02966679999372
3,3,,2026-07-22T11:41:42.420005,105050,23250,12060,23250,153,23250,187,23250,72,23250,14,18401,15,1.0295645000005607
3,3,,2026-07-22T11:41:43.449438,105385,23411,12277,23411,141,23411,197,23411,68,23411,9,18733,6,1.0291107000084594
3,3,,2026-07-22T11:41:44.479148,105306,23028,12023,23028,151,23028,203,23028,79,23028,11,18408,9,1.0292850000114413
3,3,,2026-07-22T11:41:45.508427,104714,23375,12204,23375,138,23375,189,23375,72,23375,8,18508,6,1.028862899998785
3,3,,2026-07-22T11:41:46.535776,105204,23297,12194,23297,151,23297,196,23297,63,23297,14,18458,8,1.0269707999977982
3,3,,2026-07-22T11:41:47.564533,104589,23208,12059,23208,145,23208,188,23208,76,23208,21,18708,10,1.028458499989938
3,3,,2026-07-22T11:41:48.593495,104708,23003,11994,23003,141,23003,175,23003,55,23003,9,18645,7,1.0285765000007814
3,3,,2026-07-22T11:41:49.622036,104428,23159,12119,23159,127,23159,195,23159,64,23159,13,18692,8,1.0281826999998884
3,3,,2026-07-22T11:41:50.651785,104910,23050,12060,23050,125,23050,208,23050,59,23050,13,18551,14,1.0293377000052715
3,3,,2026-07-22T11:41:51.681392,105494,23037,12053,23037,144,23037,215,23037,61,23037,11,18770,6,1.0291915999987395
3,3,,2026-07-22T11:41:52.708360,104839,23387,12149,23387,145,23387,196,23387,68,23387,13,18666,4,1.026625200000126
3,3,,2026-07-22T11:41:53.736239,104131,23281,12250,23281,127,23281,174,23281,61,23281,13,18542,13,1.0276241999963531
3,3,,2026-07-22T11:41:54.763555,105221,23256,12155,23256,133,23256,201,23256,51,23256,11,18605,8,1.0270616999914637
3,3,,2026-07-22T11:41:55.792060,104466,23289,12182,23289,134,23289,197,23289,70,23289,11,18568,10,1.028178199994727
3,3,,2026-07-22T11:41:56.822434,104896,23219,12136,23219,132,23219,192,23219,59,23219,15,18666,7,1.0300092000106815
3,3,,2026-07-22T11:41:57.852678,104924,22970,12169,22970,136,22970,197,22970,64,22970,12,18628,12,1.0298803000041516
3,3,,2026-07-22T11:41:58.881787,104330,22982,12107,22982,153,22982,176,22982,67,22982,20,18516,5,1.0286385000072187
3,3,,2026-07-22T11:41:59.910885,104743,23081,12146,23081,133,23081,174,23081,64,23081,13,18643,12,1.0287110999925062
3,3,,2026-07-22T11:42:00.941046,105201,23425,12159,23425,141,23425,183,23425,59,23425,16,18593,6,1.0297243999957573
3,3,,2026-07-22T11:42:01.970975,105056,23137,12050,23137,133,23137,222,23137,59,23137,15,18606,1,1.0295049999986077
3,3,,2026-07-22T11:42:02.999595,105214,23134,12122,23134,127,23134,199,23134,71,23134,10,18607,14,1.0282531999982893
3,3,,2026-07-22T11:42:04.028658,104826,23308,12190,23308,152,23308,176,23308,62,23308,11,18300,6,1.0286622999992687
3,3,,2026-07-22T11:42:05.058559,105177,23316,12198,23316,138,23316,188,23316,67,23316,17,18654,5,1.0294857999979286
3,3,,2026-07-22T11:42:06.088373,104883,23185,12171,23185,139,23185,179,23185,66,23185,13,18768,12,1.0294658999919193
3,3,,2026-07-22T11:42:07.118532,105034,23189,12161,23189,146,23189,193,23189,64,23189,14,18758,4,1.0298088000126882
3,3,,2026-07-22T11:42:08.147850,104951,23299,12087,23299,145,23299,213,23299,54,23299,17,18909,6,1.0289436000020942
3,3,,2026-07-22T11:42:09.176618,104886,23037,12085,23037,157,23037,204,23037,51,23037,16,18466,7,1.0283800999895902
3,3,,2026-07-22T11:42:10.206209,104895,23300,12137,23300,141,23300,200,23300,74,23300,11,18678,4,1.0292162999976426
3,3,,2026-07-22T11:42:11.235896,104495,23002,11954,23002,129,23002,184,23002,50,23002,12,18403,11,1.0293141000001924
3,3,,2026-07-22T11:42:12.264669,104555,23200,12208,23200,120,23200,183,23200,69,23200,17,18683,6,1.0284156999987317
3,3,,2026-07-22T11:42:13.294766,104463,23007,12047,23007,121,23007,183,23008,71,23008,10,18610,11,1.0297682999953395
3,3,,2026-07-22T11:42:14.324047,104822,23283,12196,23283,148,23283,178,23282,65,23282,12,18559,4,1.0288018999999622
3,3,,2026-07-22T11:42:15.354959,104627,23094,12131,23094,130,23094,211,23094,67,23094,13,18606,5,1.0305031000025338
3,3,,2026-07-22T11:42:16.384621,105389,23639,12364,23639,140,23639,219,23639,63,23639,14,18509,10,1.0292883000074653
3,3,,2026-07-22T11:42:17.413935,104782,23239,12186,23239,132,23239,168,23239,80,23239,11,19018,6,1.0289560000092024
3,3,,2026-07-22T11:42:18.443002,104618,23041,11992,23041,139,23041,201,23041,58,23041,11,18283,3,1.028695400003926
3,3,,2026-07-22T11:42:19.470323,104519,23029,12160,23029,137,23029,170,23029,57,23029,19,18604,8,1.0269609000097262
3,3,,2026-07-22T11:42:20.499712,104214,23365,12092,23365,167,23365,199,23365,81,23365,14,18435,8,1.0290635999990627
3,3,,2026-07-22T11:42:21.527877,104830,23776,12387,23776,168,23776,183,23776,59,23776,12,18676,7,1.027840999988257
3,3,,2026-07-22T11:42:22.556424,104325,23099,12079,23099,132,23099,185,23099,65,23099,9,18322,7,1.028246100002434
3,3,,2026-07-22T11:42:23.586211,104678,22989,11903,22989,142,22989,193,22989,57,22989,11,18712,5,1.0293736000021454
3,3,,2026-07-22T11:42:24.615731,104448,23182,12140,23182,142,23182,188,23182,63,23182,7,18721,9,1.0291537000011886
3,3,,2026-07-22T11:42:25.644130,104954,23386,12155,23386,145,23386,180,23386,58,23386,8,18455,6,1.0280304000043543
3,3,,2026-07-22T11:42:26.674292,104108,23119,12062,23119,128,23119,181,23119,63,23119,15,18623,15,1.0297221999935573
3,3,,2026-07-22T11:42:27.704325,104893,23209,12171,23209,140,23209,187,23209,69,23209,10,18553,6,1.0296187000058126
3,3,,2026-07-22T11:42:28.732991,104907,23105,12111,23105,143,23105,200,23105,78,23105,11,18882,5,1.0282718999951612
3,3,,2026-07-22T11:42:29.760483,104939,23097,12293,23097,138,23097,179,23097,73,23097,16,18575,7,1.027109400005429
3,3,,2026-07-22T11:42:30.786636,104265,23007,12093,23007,152,23007,170,23007,60,23007,11,18565,8,1.0258123999956297
3,3,,2026-07-22T11:42:31.815792,104794,22975,12001,22975,133,22975,183,22975,68,22975,8,18705,4,1.0289524999971036
3,3,,2026-07-22T11:42:32.845433,104593,23186,12192,23186,124,23186,171,23186,70,23186,12,18493,19,1.0293206999922404
3,3,,2026-07-22T11:42:33.874167,105056,23204,12232,23204,136,23204,195,23204,67,23204,11,18584,1,1.0283737999998266
3,3,,2026-07-22T11:42:34.904291,104935,23195,12107,23195,109,23195,214,23195,61,23195,16,18509,6,1.0296945000009146
3,3,,2026-07-22T11:42:35.933501,105196,23393,12202,23393,112,23393,205,23393,79,23393,16,18497,9,1.0287128999916604
3,3,,2026-07-22T11:42:36.961868,104999,23463,12273,23463,145,23463,181,23463,69,23463,11,18507,10,1.0279974000004586
3,3,,2026-07-22T11:42:37.991184,105305,23332,12260,23332,134,23332,178,23332,76,23332,12,18766,2,1.0289435000013327
3,3,,2026-07-22T11:42:39.020900,104799,23265,12133,23265,122,23265,214,23265,64,23265,12,18720,7,1.0293685000069672
3,3,,2026-07-22T11:42:40.050427,105232,23448,12214,23448,130,23448,188,23448,67,23448,13,18783,8,1.0290264000068419
3,3,,2026-07-22T11:42:41.079645,104753,23335,12181,23335,135,23335,200,23335,56,23335,11,18651,7,1.0287937999964925
3,3,,2026-07-22T11:42:42.108540,104914,23211,12047,23211,106,23211,206,23211,77,23211,15,18496,2,1.0285011000087252
3,3,,2026-07-22T11:42:43.139350,104681,23447,12291,23447,143,23447,207,23447,60,23447,9,18415,7,1.0304121999943163
3,3,,2026-07-22T11:42:44.168198,105785,23109,12062,23109,128,23109,192,23109,65,23109,13,18835,4,1.0284319999918807
3,3,,2026-07-22T11:42:45.198020,104538,23421,12103,23421,114,23421,192,23421,62,23421,17,18705,9,1.0294432000082452
3,3,,2026-07-22T11:42:46.227405,105278,23437,12231,23437,122,23437,203,23437,69,23437,15,18493,3,1.0290263000060804
3,3,,2026-07-22T11:42:47.257941,104846,23142,12050,23142,122,23142,207,23142,56,23142,10,18659,10,1.0301545999973314
3,3,,2026-07-22T11:42:48.287427,105164,23363,12179,23363,132,23363,176,23363,49,23363,8,18082,5,1.0290901999978814
3,3,,2026-07-22T11:42:49.316814,104748,23227,12186,23227,142,23227,197,23227,68,23227,10,18745,11,1.0290686999942409
3,3,,2026-07-22T11:42:50.345999,104742,23206,12237,23206,128,23206,182,23206,73,23206,15,18287,8,1.0288283999980194
3,3,,2026-07-22T11:42:51.375059,104861,23060,12182,23060,123,23060,193,23060,57,23060,16,18751,4,1.0286485999968136
3,3,,2026-07-22T11:42:52.405087,104687,23191,12106,23191,138,23191,206,23191,67,23191,9,18524,5,1.029688399998122
3,3,,2026-07-22T11:42:53.433857,105107,23432,12262,23432,147,23432,200,23432,58,23432,20,18737,9,1.028371899999911
3,3,,2026-07-22T11:42:54.463967,105092,23400,12333,23400,144,23400,187,23400,73,23400,9,18829,8,1.029660200001672
3,3,,2026-07-22T11:42:55.493729,104935,23327,12182,23327,152,23327,192,23327,77,23327,21,18501,8,1.029397300007986
3,3,,2026-07-22T11:42:56.524030,104449,22978,11911,22978,126,22978,176,22978,66,22978,16,18408,7,1.0299052000045776
3,3,,2026-07-22T11:42:57.553969,105029,23313,12156,23313,142,23313,196,23313,68,23313,8,18638,4,1.0295664000004763
3,3,,2026-07-22T11:42:58.583588,104991,23213,12294,23213,153,23213,176,23213,72,23213,7,18736,11,1.02924129999883
3,3,,2026-07-22T11:42:59.612313,104143,23111,12074,23111,137,23111,178,23111,52,23111,12,18553,9,1.0283259999996517
3,3,,2026-07-22T11:43:00.642235,104968,23331,12192,23331,138,23331,195,23331,74,23331,7,18496,9,1.0295423000061419
3,3,,2026-07-22T11:43:01.672381,105324,23404,12226,23404,144,23404,205,23404,69,23404,11,18400,8,1.0297437999979593
3,3,,2026-07-22T11:43:02.702310,105281,23375,12419,23375,148,23375,204,23375,49,23375,11,18665,9,1.0296902999980375
3,3,,2026-07-22T11:43:03.731660,104978,23044,12051,23044,119,23044,181,23044,68,23044,11,18696,4,1.028933199995663
3,3,,2026-07-22T11:43:04.760479,104937,23147,12100,23147,146,23147,185,23147,69,23147,11,18790,10,1.0284675000002608
3,3,,2026-07-22T11:43:05.789856,104263,23283,12123,23283,126,23283,201,23283,59,23283,6,18447,8,1.0290020999964327
3,3,,2026-07-22T11:43:06.819529,104744,23052,12095,23052,118,23052,178,23052,61,23052,15,18409,10,1.0293229000089923
3,3,,2026-07-22T11:43:07.849818,105023,23318,12252,23318,153,23318,178,23318,70,23318,22,18553,8,1.0298974999896018
3,3,,2026-07-22T11:43:08.879477,105108,23234,12213,23234,150,23234,221,23234,75,23234,15,18239,11,1.0292722000012873
3,3,,2026-07-22T11:43:09.907873,104651,23166,12338,23166,161,23166,181,23166,65,23166,16,18844,4,1.0279964999936055
3,3,,2026-07-22T11:43:10.938392,104206,23155,12121,23155,128,23155,192,23155,66,23155,11,18687,5,1.0301905000087572
3,3,,2026-07-22T11:43:11.967730,104809,23282,12264,23282,133,23282,192,23282,67,23282,14,18570,5,1.0290498999966076
3,3,,2026-07-22T11:43:12.997595,105135,23245,12183,23245,145,23245,191,23245,78,23245,9,18818,7,1.0294217000046046
3,3,,2026-07-22T11:43:14.026869,104685,23304,12237,23304,142,23304,175,23304,81,23304,17,18443,8,1.0288394000090193
3,3,,2026-07-22T11:43:15.056243,105536,23482,12215,23482,125,23482,197,23482,75,23482,20,18678,11,1.028992700012168
3,3,,2026-07-22T11:43:16.084991,104871,23181,12229,23181,115,23181,202,23181,67,23181,18,18673,5,1.0283969000010984
3,3,,2026-07-22T11:43:17.113890,104605,23166,12085,23166,139,23166,197,23166,81,23166,11,18558,9,1.028465800001868
3,3,,2026-07-22T11:43:18.143341,104653,23189,12071,23189,128,23189,200,23189,70,23189,15,18597,10,1.0290583000023616
3,3,,2026-07-22T11:43:19.173202,105408,23431,12224,23431,140,23431,163,23431,58,23431,11,18715,7,1.0294690000009723
3,3,,2026-07-22T11:43:20.204012,105009,23202,12325,23202,138,23202,180,23202,57,23202,14,18531,6,1.0304513000010047
3,3,,2026-07-22T11:43:21.233107,105240,23282,12204,23282,130,23282,195,23282,64,23282,12,18547,12,1.028681299998425
3,3,,2026-07-22T11:43:22.262790,105322,23363,12317,23363,129,23363,195,23363,56,23363,11,18695,4,1.0293813999887789
3,3,,2026-07-22T11:43:23.291796,104647,23131,12161,23131,138,23131,191,23131,66,23131,10,18525,12,1.0286127999861492
3,3,,2026-07-22T11:43:24.321939,105132,23135,12182,23135,142,23135,177,23135,60,23135,17,18673,4,1.0297622000070987
3,3,,2026-07-22T11:43:25.351123,105150,23397,12160,23397,129,23397,195,23397,52,23397,18,18782,7,1.0287787999986904
3,3,,2026-07-22T11:43:26.379715,105307,23354,12244,23354,152,23354,211,23354,68,23354,12,18458,13,1.028209700001753
3,3,,2026-07-22T11:43:27.409223,105295,23213,12080,23213,156,23213,203,23213,61,23213,12,18478,14,1.0291329000028782
3,3,,2026-07-22T11:43:28.439477,104997,23314,12232,23314,147,23314,186,23314,53,23314,13,18452,9,1.0298607000004267
3,3,,2026-07-22T11:43:29.468191,105294,23330,12239,23330,131,23330,206,23330,63,23330,21,18636,13,1.028375199995935
3,3,,2026-07-22T11:43:30.497544,104832,23262,12308,23262,113,23262,196,23262,64,23262,13,18209,8,1.0289790999959223
3,3,,2026-07-22T11:43:31.527049,104911,23355,12332,23355,126,23355,201,23355,51,23355,16,18588,7,1.0290606999915326
3,3,,2026-07-22T11:43:32.556564,104671,23165,12195,23165,131,23165,205,23165,66,23165,8,18662,9,1.029121399988071
3,3,,2026-07-22T11:43:33.583705,104625,23167,12261,23167,134,23167,186,23167,75,23167,8,18504,8,1.0267610000009881
3,3,,2026-07-22T11:43:34.611195,105229,23406,12133,23406,134,23406,210,23406,77,23406,20,18423,7,1.0271877000050154
3,3,,2026-07-22T11:43:35.638242,105070,23577,12329,23577,135,23577,193,23577,79,23577,16,18458,10,1.0267825000046287
3,3,,2026-07-22T11:43:36.665403,104860,23219,12079,23219,127,23219,186,23219,63,23219,12,18467,5,1.0269177000009222
3,3,,2026-07-22T11:43:37.692596,105009,23017,12121,23017,117,23017,197,23017,56,23017,18,18224,12,1.0269963000027929
3,3,,2026-07-22T11:43:38.722035,104276,23139,12145,23139,145,23139,206,23139,67,23139,9,18630,14,1.0291731999896
3,3,,2026-07-22T11:43:39.749086,105137,23251,12161,23251,121,23251,206,23251,84,23251,14,18484,4,1.0267284000001382
3,3,,2026-07-22T11:43:40.777490,105388,23083,12166,23083,129,23083,199,23083,73,23083,11,18577,9,1.0281470000045374
3,3,,2026-07-22T11:43:41.807397,104870,23362,12107,23362,120,23362,210,23362,76,23362,17,18401,9,1.0295213999925181
3,3,,2026-07-22T11:43:42.836843,105156,23228,12154,23228,142,23228,190,23228,67,23228,11,18637,13,1.0290387999993982
3,3,,2026-07-22T11:43:43.865675,104740,23234,12219,23234,138,23234,201,23234,52,23234,14,18421,8,1.0284265999944182
3,3,,2026-07-22T11:43:44.893931,104620,23374,12216,23374,146,23374,184,23375,51,23375,10,18596,8,1.0278556999983266
3,3,,2026-07-22T11:43:45.924666,104715,22995,12038,22995,128,22995,209,22994,77,22994,16,18650,12,1.0303528999938862
3,3,,2026-07-22T11:43:46.953122,104778,23173,12033,23173,142,23173,209,23173,62,23173,16,18658,8,1.0280243000015616
3,3,,2026-07-22T11:43:47.982724,104427,23052,12125,23052,131,23052,222,23052,63,23052,15,18575,13,1.0291770000039833
3,3,,2026-07-22T11:43:49.011525,104688,23222,12201,23222,120,23222,194,23222,65,23222,11,18614,10,1.0284131999942474
3,3,,2026-07-22T11:43:50.041494,104724,23044,12112,23044,161,23044,191,23044,60,23044,15,18348,4,1.029588799996418
3,3,,2026-07-22T11:43:51.071250,105354,23393,12143,23393,124,23393,204,23393,79,23393,14,18546,8,1.029352800003835
3,3,,2026-07-22T11:43:52.100002,105343,23064,12118,23064,161,23064,198,23064,70,23064,11,18722,5,1.0282834999961779
3,3,,2026-07-22T11:43:53.128770,105167,23449,12302,23449,146,23449,217,23449,64,23449,13,18585,6,1.0283860999916214
3,3,,2026-07-22T11:43:54.158120,105199,23307,12291,23307,126,23307,202,23307,66,23307,16,18691,9,1.0289622000127565
3,3,,2026-07-22T11:43:55.186824,105248,23302,12258,23302,125,23302,201,23302,58,23302,14,18609,4,1.0282096000009915
3,3,,2026-07-22T11:43:56.216462,105199,23217,12160,23217,137,23217,205,23217,53,23217,13,18455,10,1.0292808999947738
3,3,,2026-07-22T11:43:57.245893,104510,23015,12025,23015,136,23015,184,23015,58,23015,15,18558,8,1.0289588000014191
3,3,,2026-07-22T11:43:58.274944,105013,23335,12342,23335,153,23335,203,23335,68,23335,9,18558,7,1.0284616999997525
3,3,,2026-07-22T11:43:59.304591,105325,23122,12215,23122,127,23122,209,23122,66,23122,16,18672,5,1.0292524000105914
3,3,,2026-07-22T11:44:00.334261,104628,23070,12118,23070,146,23070,207,23070,56,23071,15,18365,7,1.0291469000076177
3,3,,2026-07-22T11:44:01.363395,105532,23372,12300,23372,131,23372,196,23372,56,23371,20,18639,5,1.0287376000051154
3,3,,2026-07-22T11:44:02.392105,104804,23425,12268,23425,154,23425,166,23425,62,23425,18,18731,6,1.028293899988057
3,3,,2026-07-22T11:44:03.422716,104818,23208,12189,23208,138,23208,210,23208,74,23208,20,18559,8,1.0302226000058
3,3,,2026-07-22T11:44:04.451589,105306,23319,12295,23319,145,23319,193,23319,66,23319,13,18413,16,1.0284513999940827
3,3,,2026-07-22T11:44:05.480122,104539,23362,12164,23362,141,23362,212,23362,87,23362,10,18620,6,1.0282265999994706
3,3,,2026-07-22T11:44:06.509066,104267,23157,12034,23157,145,23157,188,23157,70,23157,10,18627,5,1.0285424000030616
3,3,,2026-07-22T11:44:07.538421,104782,23159,12125,23159,130,23159,192,23159,70,23159,11,18388,6,1.0289910999999847
3,3,,2026-07-22T11:44:08.567399,104678,23237,12133,23237,126,23237,214,23237,62,23237,13,18459,4,1.0286653999937698
3,3,,2026-07-22T11:44:09.595357,105468,23072,12051,23072,139,23072,178,23072,58,23072,19,18256,9,1.0275893999933032
3,3,,2026-07-22T11:44:10.624490,104758,23244,12172,23244,140,23244,195,23244,56,23244,9,18497,12,1.0287680000037653
3,3,,2026-07-22T11:44:11.654416,105020,23145,12095,23145,134,23145,197,23145,81,23145,11,18494,8,1.0294882000016514
3,3,,2026-07-22T11:44:12.683260,105607,23436,12118,23436,139,23436,195,23436,63,23436,18,18370,9,1.0283717999991495
3,3,,2026-07-22T11:44:13.712476,105168,23678,12492,23678,142,23678,207,23678,84,23678,14,18485,9,1.0289542999962578
3,3,,2026-07-22T11:44:14.742599,105236,23123,12130,23123,126,23123,182,23123,78,23123,9,18670,14,1.0297079000010854
3,3,,2026-07-22T11:44:15.772281,104559,23272,12096,23272,127,23272,203,23272,67,23272,11,18617,4,1.0292772999964654
3,3,,2026-07-22T11:44:16.801661,104930,23258,12209,23258,154,23258,189,23258,59,23258,13,18469,3,1.0289078000059817
3,3,,2026-07-22T11:44:17.830030,105161,23263,12048,23263,145,23263,223,23263,72,23263,10,18503,5,1.0279776999959722
3,3,,2026-07-22T11:44:18.858657,105485,23295,12210,23295,136,23295,186,23295,57,23295,8,18485,4,1.0282665999984602
3,3,,2026-07-22T11:44:19.889265,105668,23563,12190,23563,119,23563,205,23563,73,23563,12,18881,8,1.0303049999929499
3,3,,2026-07-22T11:44:20.919839,104579,23222,12176,23222,112,23222,198,23222,58,23222,18,18339,3,1.03018560000055
3,3,,2026-07-22T11:44:21.948906,104810,22858,12037,22858,132,22858,201,22858,67,22858,13,18791,9,1.0285986999952001
3,3,,2026-07-22T11:44:22.978312,105081,23353,12265,23353,136,23353,204,23353,71,23353,14,18633,4,1.0289531000016723
3,3,,2026-07-22T11:44:24.008328,105609,23402,12272,23402,146,23402,205,23402,67,23402,13,18460,11,1.029651200005901
3,3,,2026-07-22T11:44:25.038781,105285,23286,12236,23286,144,23286,202,23286,63,23286,14,18524,12,1.0300490000081481
3,3,,2026-07-22T11:44:26.068163,104446,23355,12309,23355,115,23355,173,23355,81,23355,13,18687,8,1.028900799996336
3,3,,2026-07-22T11:44:27.096915,105164,23412,12303,23412,151,23412,203,23412,65,23412,15,18691,4,1.0283651999925496
3,3,,2026-07-22T11:44:28.125704,104907,23157,12048,23157,146,23157,190,23157,62,23157,9,18615,4,1.028437799992389
3,3,,2026-07-22T11:44:29.155317,104819,23357,12315,23357,120,23357,188,23357,70,23357,10,18590,11,1.0291499000013573
3,3,,2026-07-22T11:44:30.185067,105608,23307,12395,23307,137,23307,218,23307,77,23307,15,18724,5,1.0292734999966342
3,3,,2026-07-22T11:44:31.214389,105415,23195,12195,23195,149,23195,212,23195,71,23195,13,18482,7,1.0289492000010796
3,3,,2026-07-22T11:44:32.243497,104654,23337,12150,23337,126,23337,191,23337,49,23337,12,18628,13,1.0287213000119664
3,3,,2026-07-22T11:44:33.273409,104905,23405,12303,23405,126,23405,194,23405,65,23405,18,18678,7,1.0295413999992888
3,3,,2026-07-22T11:44:34.302944,105593,23281,12062,23281,130,23281,201,23281,67,23281,14,18713,9,1.029144100000849
3,3,,2026-07-22T11:44:35.332292,104368,23276,12089,23276,140,23276,219,23276,52,23276,9,18625,6,1.028951700005564
3,3,,2026-07-22T11:44:36.361476,104885,23231,12249,23231,130,23231,202,23231,63,23231,6,18715,9,1.028784199996153
3,3,,2026-07-22T11:44:37.391589,105039,23250,12201,23250,149,23250,207,23250,65,23250,12,18418,5,1.029716000004555
3,3,,2026-07-22T11:44:38.421480,105382,23396,12151,23396,118,23396,225,23396,90,23396,13,18740,8,1.0294995000003837
3,3,,2026-07-22T11:44:39.450544,104778,23378,12229,23378,149,23378,202,23378,78,23378,6,18377,1,1.0287119999993593
3,3,,2026-07-22T11:44:40.480992,105714,23449,12378,23449,139,23449,199,23449,52,23449,15,18476,10,1.030056700008572
3,3,,2026-07-22T11:44:41.508263,105408,23094,12100,23094,126,23094,203,23094,78,23094,10,18583,7,1.0269370000023628
3,3,,2026-07-22T11:44:42.538483,104809,23304,12196,23304,123,23304,222,23304,71,23304,15,18579,7,1.0299200000008568
3,3,,2026-07-22T11:44:43.567268,105117,23463,12361,23463,147,23463,209,23463,65,23463,14,18678,7,1.0282489999954123
3,3,,2026-07-22T11:44:44.596546,104993,23194,12305,23194,117,23194,180,23194,68,23194,15,18815,9,1.02890920000209
3,3,,2026-07-22T11:44:45.626629,105125,23242,12118,23242,135,23242,200,23242,76,23242,10,18715,6,1.0296445999993011
3,3,,2026-07-22T11:44:46.656636,105130,23433,12269,23433,141,23433,183,23433,60,23433,14,18623,9,1.0296376000042073
3,3,,2026-07-22T11:44:47.687397,104630,23298,12036,23298,115,23298,185,23298,59,23298,14,18644,3,1.030341599995154
3,3,,2026-07-22T11:44:48.717765,105221,23092,12252,23092,137,23092,208,23092,71,23092,18,18588,4,1.0300023000017973
3,3,,2026-07-22T11:44:49.745107,105041,23339,12243,23339,142,23339,213,23339,50,23339,15,18362,5,1.0270072999992408
3,3,,2026-07-22T11:44:50.773990,104799,23187,12167,23187,149,23187,210,23187,63,23187,9,18801,11,1.028619599994272
3,3,,2026-07-22T11:44:51.802787,104430,23363,12302,23363,137,23363,212,23363,75,23364,11,18447,9,1.0284153000102378
3,3,,2026-07-22T11:44:52.832033,105117,23340,12317,23340,125,23340,207,23340,59,23339,16,18540,6,1.0288317000085954
3,3,,2026-07-22T11:44:53.859925,105177,23417,12167,23417,126,23417,183,23417,72,23417,12,18478,10,1.0275316000042949
3,3,,2026-07-22T11:44:54.888726,104676,22794,12073,22794,129,22794,199,22794,64,22794,9,18497,8,1.0284904000000097
3,3,,2026-07-22T11:44:55.917910,105435,23422,12186,23422,145,23422,214,23422,56,23422,13,18530,13,1.0288393999944674
3,3,,2026-07-22T11:44:56.946407,104593,23279,12225,23279,114,23279,186,23279,61,23279,8,18550,11,1.0280921000085073
3,3,,2026-07-22T11:44:57.975559,105067,23233,12219,23233,122,23233,210,23233,56,23233,12,18489,7,1.0287420000095153
3,3,,2026-07-22T11:44:59.005294,105077,23225,12130,23225,144,23226,189,23226,55,23226,9,18635,9,1.029336699997657
3,3,,2026-07-22T11:45:00.032612,105165,23222,12100,23222,155,23221,186,23221,65,23221,9,18747,11,1.026983100004145
3,3,,2026-07-22T11:45:01.062271,105234,23363,12252,23363,133,23363,189,23363,42,23363,11,18475,9,1.0294613000005484
3,3,,2026-07-22T11:45:02.091548,104993,23119,12136,23119,139,23119,192,23119,59,23119,13,18434,11,1.0288924000051338
3,3,,2026-07-22T11:45:03.120057,104945,23329,12340,23329,131,23329,193,23329,67,23329,12,18336,10,1.0281600000016624
3,3,,2026-07-22T11:45:04.148921,105427,23383,12212,23383,143,23383,211,23383,69,23383,11,18323,7,1.0284574000106659
3,3,,2026-07-22T11:45:05.177829,104773,23358,12142,23358,138,23358,217,23358,80,23358,14,18767,10,1.028515800004243
3,3,,2026-07-22T11:45:06.207564,104584,23121,12003,23121,151,23121,177,23121,63,23121,10,18753,15,1.0293070000043372
3,3,,2026-07-22T11:45:07.236505,105288,23287,12208,23287,127,23287,200,23287,90,23287,5,18963,4,1.0285604000091553
3,3,,2026-07-22T11:45:08.265510,105488,23559,12364,23559,145,23559,202,23559,61,23559,24,18667,9,1.028627299994696
3,3,,2026-07-22T11:45:09.293593,104777,23380,12242,23380,119,23380,224,23380,46,23380,19,18367,3,1.0277085000125226
3,3,,2026-07-22T11:45:10.322623,105048,23465,12200,23465,145,23465,180,23465,68,23465,16,18279,6,1.0287154999969061
3,3,,2026-07-22T11:45:11.351769,104928,23244,12126,23244,127,23244,193,23244,64,23244,8,18657,5,1.028783799993107
3,3,,2026-07-22T11:45:12.377892,104716,22899,11991,22899,118,22899,183,22899,79,22899,14,18443,5,1.0257380999973975
3,3,,2026-07-22T11:45:13.405779,104794,23079,12113,23079,134,23079,175,23079,52,23079,13,18755,9,1.0276346999889938
3,3,,2026-07-22T11:45:14.435205,104507,23111,12219,23111,128,23111,200,23111,68,23111,9,18448,12,1.0290884999994887
3,3,,2026-07-22T11:45:15.464407,105181,22999,12001,22999,143,22999,216,22999,74,22999,10,18795,7,1.028834699987783
3,3,,2026-07-22T11:45:16.493343,105382,23504,12304,23504,144,23504,200,23504,75,23504,12,18628,8,1.02857710000535
3,3,,2026-07-22T11:45:17.522835,105087,23167,12104,23167,124,23167,203,23167,40,23167,11,18693,4,1.029097599996021
3,3,,2026-07-22T11:45:18.551755,104896,23236,12163,23236,135,23236,206,23236,66,23236,14,18492,6,1.0284899000107544
3,3,,2026-07-22T11:45:19.580991,105041,23547,12261,23547,137,23547,177,23547,70,23547,10,18401,5,1.028836700003012
3,3,,2026-07-22T11:45:20.610172,105064,23188,12102,23188,126,23188,190,23188,78,23188,12,18483,6,1.0288066000066465
3,3,,2026-07-22T11:45:21.639817,105050,23288,12102,23288,113,23288,202,23288,66,23288,20,18574,7,1.029296599997906
3,3,,2026-07-22T11:45:22.668900,104883,23453,12313,23453,145,23453,206,23453,53,23453,11,18441,9,1.028727799988701
3,3,,2026-07-22T11:45:23.699528,104764,23200,12287,23200,127,23200,171,23200,64,23200,10,18477,9,1.0302545000013197
3,3,,2026-07-22T11:45:24.729306,104832,23274,12120,23274,128,23274,193,23274,63,23274,9,18498,12,1.0294044000038411
3,3,,2026-07-22T11:45:25.758556,105209,23367,12185,23367,129,23367,211,23367,65,23367,12,18604,14,1.0288154000008944
3,3,,2026-07-22T11:45:26.788759,104810,23314,12152,23314,132,23314,213,23314,60,23314,16,18526,6,1.029806099992129
3,3,,2026-07-22T11:45:27.817633,104670,23311,12142,23311,137,23311,200,23311,56,23311,11,18465,3,1.0283786999934819
3,3,,2026-07-22T11:45:28.846781,105242,23117,12200,23117,146,23117,195,23117,63,23117,14,18730,15,1.0287444999994477
3,3,,2026-07-22T11:45:29.875262,105271,23346,12247,23346,118,23346,183,23346,56,23346,12,18584,6,1.0281133000098635
3,3,,2026-07-22T11:45:30.904894,104857,23315,12307,23315,138,23315,192,23315,70,23315,15,18451,12,1.0292316999984905
3,3,,2026-07-22T11:45:31.934086,104903,23082,11986,23082,128,23082,176,23082,70,23082,11,18647,5,1.028827200003434
3,3,,2026-07-22T11:45:32.963603,105209,23441,12253,23441,129,23441,188,23441,78,23441,7,18500,6,1.0291693000035593
3,3,,2026-07-22T11:45:33.993165,105509,23219,12078,23219,125,23219,191,23219,66,23219,10,18484,8,1.02921459999925
3,3,,2026-07-22T11:45:35.023471,104833,23019,12106,23019,128,23019,218,23019,54,23019,15,18675,10,1.0299534999940079
3,3,,2026-07-22T11:45:36.052990,104914,23295,12141,23295,130,23295,177,23295,68,23295,14,18385,9,1.029134399999748
3,3,,2026-07-22T11:45:37.082274,104915,23066,12158,23066,138,23066,196,23066,61,23066,14,18781,10,1.0288923000043724
3,3,,2026-07-22T11:45:38.111404,104851,23297,12032,23297,144,23297,209,23297,62,23297,11,18494,3,1.0287615999986883
3,3,,2026-07-22T11:45:39.140252,105401,23351,12171,23351,118,23351,188,23351,81,23351,10,18569,7,1.0285278000083053
3,3,,2026-07-22T11:45:40.169074,104581,23264,12185,23264,138,23264,188,23264,73,23264,12,18384,9,1.02850899999612
3,3,,2026-07-22T11:45:41.198032,105411,23566,12441,23566,142,23567,197,23567,59,23567,17,18558,2,1.028598199991393
3,3,,2026-07-22T11:45:42.226938,105297,23291,12197,23291,139,23290,215,23290,73,23290,10,18654,6,1.0285106000083033
3,3,,2026-07-22T11:45:43.257244,105446,22948,11913,22948,143,22948,188,22948,67,22948,8,18524,8,1.0299064999999246
3,3,,2026-07-22T11:45:44.286039,105430,23382,12199,23382,139,23382,219,23382,80,23382,7,18755,10,1.028382500007865
3,3,,2026-07-22T11:45:45.314938,105097,23346,12301,23346,138,23346,218,23346,49,23346,10,18457,10,1.0285148000111803
3,3,,2026-07-22T11:45:46.343901,105145,23186,12100,23186,122,23186,214,23186,64,23186,12,18605,5,1.028564499996719
3,3,,2026-07-22T11:45:47.373085,105024,23132,12157,23132,124,23132,192,23132,74,23132,11,18748,6,1.028764200003934
3,3,,2026-07-22T11:45:48.402688,105713,23140,12086,23140,120,23140,183,23140,79,23140,12,18536,7,1.0285609000129625
3,3,,2026-07-22T11:45:49.432128,105070,23313,12241,23313,135,23313,183,23313,73,23313,18,18493,12,1.0290938999969512
3,3,,2026-07-22T11:45:50.461300,105887,23611,12450,23611,144,23611,195,23611,60,23611,13,18661,8,1.0288362999999663
3,3,,2026-07-22T11:45:51.490877,105193,23112,12109,23112,118,23112,213,23112,69,23112,9,18359,8,1.0292210999905365
3,3,,2026-07-22T11:45:52.520036,105720,23203,12270,23203,132,23203,182,23203,63,23203,11,18543,9,1.0287992000085069
3,3,,2026-07-22T11:45:53.549519,105428,23291,12153,23291,124,23291,204,23291,76,23291,12,18683,4,1.0291499000013573
3,3,,2026-07-22T11:45:54.578404,105318,23157,12108,23157,135,23157,192,23157,71,23157,11,18510,7,1.0285072999977274
3,3,,2026-07-22T11:45:55.608136,105477,23156,12154,23156,138,23156,177,23156,65,23156,9,18511,7,1.0293835999909788
3,3,,2026-07-22T11:45:56.637927,104587,23343,12280,23343,157,23343,176,23343,67,23343,13,18559,13,1.0293906000006245
3,3,,2026-07-22T11:45:57.666893,105630,23394,12335,23394,123,23394,180,23394,62,23394,15,18433,5,1.0284911999915494
3,3,,2026-07-22T11:45:58.695021,105046,23377,12241,23377,136,23377,182,23377,68,23377,11,18543,8,1.0277418000041507
3,3,,2026-07-22T11:45:59.723975,105795,23101,11933,23101,159,23101,196,23101,61,23101,5,18835,5,1.0285887000063667
3,3,,2026-07-22T11:46:00.752594,105178,23202,12198,23202,117,23202,203,23202,55,23202,11,18597,5,1.0282611000002362
3,3,,2026-07-22T11:46:01.783405,105507,23599,12429,23599,138,23599,214,23599,66,23599,11,18580,7,1.0304458000027807
3,3,,2026-07-22T11:46:02.812892,105738,23482,12388,23482,141,23482,197,23482,81,23482,12,18578,7,1.0291389000049094
3,3,,2026-07-22T11:46:03.843061,104910,23224,12269,23224,110,23224,211,23224,72,23224,12,18772,11,1.0297088000079384
3,3,,2026-07-22T11:46:04.873133,105034,23386,12196,23386,153,23386,216,23386,73,23386,17,18829,8,1.029646099996171
3,3,,2026-07-22T11:46:05.903546,104690,23055,12038,23055,134,23055,190,23055,66,23055,12,18437,6,1.0299314000003505
3,3,,2026-07-22T11:46:06.934312,105451,23154,12062,23154,121,23154,202,23154,85,23154,12,18726,7,1.030373600005987
3,3,,2026-07-22T11:46:07.962669,105572,23316,12367,23316,119,23316,218,23316,62,23316,11,18370,6,1.0279289999889443
3,3,,2026-07-22T11:46:08.991917,104708,23493,12217,23493,141,23493,191,23493,70,23493,10,18490,7,1.0289000999910058
3,3,,2026-07-22T11:46:10.020854,104873,23310,12165,23310,135,23310,205,23310,65,23310,11,18461,5,1.0286145999998553
3,3,,2026-07-22T11:46:11.049249,104960,23365,12289,23365,134,23365,202,23365,70,23365,13,18345,4,1.0280085999984294
3,3,,2026-07-22T11:46:12.078427,105438,23536,12378,23536,129,23536,197,23536,67,23536,13,18234,9,1.0288130000117235
3,3,,2026-07-22T11:46:13.107421,104738,23381,12195,23381,138,23381,214,23381,78,23381,15,18590,6,1.028589399997145
3,3,,2026-07-22T11:46:14.133954,104890,23013,12082,23013,125,23013,210,23013,61,23013,15,18524,8,1.026176100000157
3,3,,2026-07-22T11:46:15.161751,105161,23184,12027,23184,134,23184,200,23184,76,23184,14,18535,5,1.0275395999924513
3,3,,2026-07-22T11:46:16.191741,104843,23356,12321,23356,133,23356,188,23356,61,23356,15,18792,12,1.0295662999997148
3,3,,2026-07-22T11:46:17.221428,105404,23541,12311,23541,143,23541,220,23541,65,23541,9,18583,9,1.0292743000027258
3,3,,2026-07-22T11:46:18.250110,105629,23316,12215,23316,135,23316,207,23316,71,23316,8,18775,8,1.0281617000000551
3,3,,2026-07-22T11:46:19.278672,104815,23308,12181,23308,122,23308,195,23308,59,23308,13,18757,7,1.0281875999935437
3,3,,2026-07-22T11:46:20.307902,104987,23168,12095,23168,126,23168,212,23168,60,23168,16,18719,6,1.02884769999946
3,3,,2026-07-22T11:46:21.336859,105096,23254,12192,23254,141,23254,198,23254,66,23254,13,18622,11,1.0285629999998491
3,3,,2026-07-22T11:46:22.365720,105811,23438,12375,23438,126,23438,199,23438,62,23438,9,18582,11,1.0285058000008576
3,3,,2026-07-22T11:46:23.394776,105515,23429,12345,23429,125,23429,175,23429,69,23429,13,18544,8,1.0286613999924157
3,3,,2026-07-22T11:46:24.424352,105543,23341,12277,23341,132,23341,182,23341,73,23341,22,18364,11,1.0291313999914564
3,3,,2026-07-22T11:46:25.453683,105355,23039,11997,23039,127,23039,217,23039,73,23039,10,18498,8,1.0286771000100998
3,3,,2026-07-22T11:46:26.482763,105208,23401,12104,23401,145,23401,191,23401,55,23401,11,18377,7,1.028675800000201
3,3,,2026-07-22T11:46:27.511287,105198,23522,12355,23522,144,23522,187,23522,77,23522,12,18566,8,1.028169400000479
3,3,,2026-07-22T11:46:28.541637,105291,23177,12187,23177,121,23177,205,23177,63,23177,12,18693,12,1.0299699000024702
3,3,,2026-07-22T11:46:29.570807,105584,23758,12307,23758,137,23758,178,23758,81,23758,11,18628,3,1.0287960999994539
3,3,,2026-07-22T11:46:30.599889,105497,23170,12069,23170,145,23170,193,23170,58,23170,16,18615,7,1.0287624999909895
3,3,,2026-07-22T11:46:31.628394,105993,23501,12332,23501,126,23501,206,23501,61,23501,20,18815,3,1.0281207999942126
3,3,,2026-07-22T11:46:32.657450,105464,23554,12364,23554,123,23554,222,23554,69,23555,15,18618,5,1.0286636000091676
3,3,,2026-07-22T11:46:33.687008,104870,23285,12101,23285,130,23285,197,23285,74,23284,15,18572,7,1.0291822999861324
3,3,,2026-07-22T11:46:34.716988,105248,23111,12096,23111,152,23111,210,23111,73,23111,8,18777,11,1.0296618999855127
3,3,,2026-07-22T11:46:35.745840,105434,23547,12354,23547,142,23547,189,23547,65,23547,15,18716,4,1.0284596999990754
3,3,,2026-07-22T11:46:36.775171,104609,23148,12067,23148,163,23148,230,23148,69,23148,14,18474,6,1.028925499995239
3,3,,2026-07-22T11:46:37.804293,105206,23345,12341,23345,123,23345,188,23345,65,23345,15,18658,9,1.0287461999978404
3,3,,2026-07-22T11:46:38.833723,105432,23400,12174,23400,138,23400,198,23400,68,23400,11,18422,5,1.0289709999924526
3,3,,2026-07-22T11:46:39.862172,105290,23140,12068,23140,110,23140,187,23140,63,23140,11,18846,3,1.0280760000023292
3,3,,2026-07-22T11:46:40.891111,105226,23086,12088,23086,106,23086,192,23086,75,23086,10,18688,5,1.0286341999890283
3,3,,2026-07-22T11:46:41.920602,104913,23108,12179,23108,117,23108,189,23108,63,23108,11,18496,10,1.0291136000014376
3,3,,2026-07-22T11:46:42.949925,105758,23268,12259,23268,111,23268,194,23268,65,23268,13,18518,6,1.028964500001166
3,3,,2026-07-22T11:46:43.978431,106006,23463,12278,23463,150,23463,197,23463,45,23463,18,18672,9,1.0281193000118947
3,3,,2026-07-22T11:46:45.007461,105450,23408,12270,23408,150,23408,175,23408,69,23408,13,18431,7,1.0286708000057843
3,3,,2026-07-22T11:46:46.037058,105381,23507,12322,23507,143,23507,198,23507,45,23507,10,18522,8,1.0292073000018718
3,3,,2026-07-22T11:46:47.066313,105895,23438,12192,23438,118,23438,202,23438,83,23438,11,18548,5,1.0289185000001453
3,3,,2026-07-22T11:46:48.095076,105133,23317,12177,23317,143,23317,190,23317,76,23317,8,18429,4,1.0284099999989849
3,3,,2026-07-22T11:46:49.124038,105087,23149,12232,23149,134,23149,200,23149,51,23149,16,18626,6,1.0285904000047594
3,3,,2026-07-22T11:46:50.151154,105560,23293,12126,23293,150,23293,203,23293,61,23293,20,18531,6,1.0267875999998068
3,3,,2026-07-22T11:46:51.180188,105198,23280,12228,23280,130,23280,206,23280,69,23280,10,18600,7,1.0288428999920143
3,3,,2026-07-22T11:46:52.208578,105404,23379,12232,23379,133,23379,196,23379,67,23379,11,18567,3,1.0280396999878576
3,3,,2026-07-22T11:46:53.238724,105254,23078,12242,23078,123,23078,173,23078,61,23078,11,18653,7,1.0298556000052486
3,3,,2026-07-22T11:46:54.268416,104804,23008,12050,23008,135,23008,222,23008,64,23008,14,18882,9,1.0291869999928167
3,3,,2026-07-22T11:46:55.297614,105011,23104,12229,23104,117,23104,182,23104,55,23104,11,18468,8,1.0288206999975955
3,3,,2026-07-22T11:46:56.326942,104839,23178,12149,23178,109,23178,184,23178,70,23178,17,18345,8,1.0289454000012483
3,3,,2026-07-22T11:46:57.355870,104986,23213,12157,23213,137,23213,207,23213,77,23213,5,18426,8,1.0284899999969639
3,3,,2026-07-22T11:46:58.385813,104970,23072,12124,23072,137,23072,202,23072,55,23072,14,18357,10,1.0295659999974305
3,3,,2026-07-22T11:46:59.415410,105491,23292,12275,23292,133,23292,195,23292,57,23292,18,18380,6,1.0291996000014478
3,3,,2026-07-22T11:47:00.444413,104673,22986,12006,22986,148,22986,205,22986,63,22986,14,18523,8,1.028641199998674
3,3,,2026-07-22T11:47:01.474288,105101,23147,12114,23147,155,23147,193,23147,66,23147,11,18607,7,1.0294598000036785
3,3,,2026-07-22T11:47:02.503629,105517,23359,12203,23359,134,23359,196,23359,73,23359,13,18480,6,1.0289661999995587
3,3,,2026-07-22T11:47:03.532495,105010,23483,12259,23483,134,23483,207,23483,73,23483,14,18635,11,1.0284814999904484
3,3,,2026-07-22T11:47:04.561251,104778,23194,12127,23194,149,23194,206,23194,72,23195,10,18478,6,1.0283663000009255
3,3,,2026-07-22T11:47:05.591239,105208,23138,12303,23138,143,23138,218,23138,56,23137,12,18733,9,1.0296200000011595
3,3,,2026-07-22T11:47:06.620860,105679,23476,12314,23476,141,23476,223,23476,76,23476,14,18695,10,1.0292401000042446
3,3,,2026-07-22T11:47:07.650106,104711,23364,12274,23364,122,23364,199,23364,71,23364,13,18491,8,1.028773900005035
3,3,,2026-07-22T11:47:08.678719,105582,23242,12385,23242,130,23242,194,23242,80,23242,8,18540,10,1.028228900002432
