N,input_state,basis,time,herald,singles_ch2,coinc_ch2,singles_ch4,coinc_ch4,singles_ch6,coinc_ch6,singles_ch8,coinc_ch8,singles_ch10,coinc_ch10,singles_ch12,coinc_ch12,singles_ch7,coinc_ch7,int_time
6,0,,2026-07-30T20:32:58.722212,2046748,82242,25264,82242,14894,82242,5254,82242,1141,82242,181,82242,41,221021,152,20.031482200021856
6,0,,2026-07-30T20:33:18.749655,2048334,81959,25073,81959,14911,81959,5276,81959,1106,81959,178,81959,28,220708,140,20.027227899990976
6,0,,2026-07-30T20:33:38.778355,2048667,82319,25475,82319,14672,82319,5219,82319,1145,82319,169,82319,34,220413,124,20.0285872000386
6,0,,2026-07-30T20:33:58.808220,2048885,82353,25399,82353,14930,82353,5362,82353,1057,82353,169,82353,37,221096,156,20.029614400002174
6,0,,2026-07-30T20:34:18.838827,2048143,81841,25122,81841,14819,81841,5233,81841,1139,81841,163,81841,34,220828,125,20.030147100042086
6,0,,2026-07-30T20:34:38.868613,2052172,82231,25381,82231,14809,82231,5245,82231,1118,82231,173,82231,33,220844,149,20.029423100000713
6,0,,2026-07-30T20:34:58.898502,2052728,81289,25195,81289,14892,81289,5156,81289,1085,81289,169,81289,32,221428,145,20.02963030000683
6,0,,2026-07-30T20:35:18.926102,2050308,81978,25315,81978,14877,81978,5156,81978,1206,81978,143,81978,28,221169,142,20.027322500012815
6,0,,2026-07-30T20:35:38.954393,2052280,82538,25120,82538,14745,82538,5185,82538,1084,82538,150,82538,30,221222,159,20.028137700050138
6,0,,2026-07-30T20:35:58.982397,2052216,82276,25182,82276,14878,82276,5176,82276,1121,82276,189,82276,35,222118,137,20.027898699976504
6,0,,2026-07-30T20:36:19.012670,2048738,82232,25378,82232,14968,82232,5094,82232,1082,82232,150,82232,32,221292,129,20.029959000006784
6,0,,2026-07-30T20:36:39.042443,2050281,82214,25311,82214,14826,82214,5072,82214,1107,82214,169,82214,29,219964,155,20.029481199977454
6,0,,2026-07-30T20:36:59.071157,2047974,80910,24815,80910,14895,80910,4991,80910,1107,80910,177,80910,25,221303,140,20.028410199971404
6,0,,2026-07-30T20:37:19.101853,2051782,81662,25038,81662,14899,81662,5200,81662,1106,81662,153,81662,36,220986,132,20.030453699990176
6,0,,2026-07-30T20:37:39.129851,2050848,81394,25157,81394,14594,81394,5236,81394,1018,81394,166,81394,34,220451,141,20.027593199978583
6,0,,2026-07-30T20:37:59.157369,2050436,81810,25163,81810,14867,81810,5227,81810,1089,81810,171,81810,36,220450,153,20.02729240001645
6,0,,2026-07-30T20:38:19.186501,2049849,81894,25189,81894,14612,81894,5204,81894,1130,81894,179,81894,30,220265,131,20.028958099952433
6,0,,2026-07-30T20:38:39.212937,2048477,82069,25434,82069,14857,82069,5026,82069,1084,82069,171,82069,31,220482,140,20.026183100009803
6,0,,2026-07-30T20:38:59.241699,2047671,81726,24974,81726,14840,81726,5229,81726,1086,81726,169,81726,28,219909,134,20.02854660002049
6,0,,2026-07-30T20:39:19.269977,2047299,81713,25113,81713,14820,81713,5240,81713,1076,81713,159,81713,36,219965,146,20.028090799984057
6,0,,2026-07-30T20:39:39.299021,2049566,81672,25116,81672,14572,81672,5250,81672,1105,81672,196,81672,35,219606,115,20.02878029999556
6,0,,2026-07-30T20:39:59.328128,2047759,81357,24906,81357,14905,81357,5124,81357,1068,81357,163,81357,30,219322,114,20.028851100010797
6,0,,2026-07-30T20:40:19.357433,2046500,81443,25030,81443,14721,81443,5034,81443,1099,81443,166,81443,27,219694,133,20.029084900044836
6,0,,2026-07-30T20:40:39.387297,2046015,81908,25362,81908,14667,81908,5358,81908,1098,81908,182,81908,29,219673,131,20.029583499999717
6,0,,2026-07-30T20:40:59.416418,2048776,81215,24788,81215,14549,81215,5230,81215,1104,81215,202,81215,43,219909,123,20.02884789998643
6,0,,2026-07-30T20:41:19.445972,2046078,81651,24947,81651,14810,81651,5205,81651,1129,81651,152,81651,27,219493,142,20.029329199984204
6,0,,2026-07-30T20:41:39.475122,2045182,81501,24926,81501,14574,81501,5222,81501,1148,81501,184,81501,24,219413,134,20.028852900024503
6,0,,2026-07-30T20:41:59.503753,2042918,81455,25048,81455,14629,81455,5123,81455,1145,81455,167,81455,35,220631,155,20.02836280001793
6,0,,2026-07-30T20:42:19.533055,2041012,81390,25044,81390,14741,81390,5073,81390,1093,81390,167,81390,26,219488,120,20.02905799995642
6,0,,2026-07-30T20:42:39.562846,2041310,81022,24698,81022,14740,81022,5120,81022,1140,81022,162,81022,34,219450,130,20.02945929998532
6,0,,2026-07-30T20:42:59.591865,2041202,81474,24862,81474,14731,81474,5066,81474,1059,81474,186,81474,31,219706,141,20.02875589998439
6,0,,2026-07-30T20:43:19.620725,2039523,81107,24722,81107,14684,81107,5191,81107,1137,81107,160,81107,25,219932,118,20.028552300005686
6,0,,2026-07-30T20:43:39.649622,2037662,81175,24917,81175,14665,81175,5067,81175,1139,81175,171,81175,49,219648,136,20.0285709000309
6,0,,2026-07-30T20:43:59.676470,2039172,81285,25082,81285,14647,81285,5136,81285,1130,81285,175,81285,20,219438,105,20.02662949997466
6,0,,2026-07-30T20:44:19.705873,2036143,80947,25016,80947,14576,80947,5047,80947,1147,80947,149,80947,26,219542,130,20.029218399955425
6,0,,2026-07-30T20:44:39.734023,2034358,81217,25036,81217,14757,81217,5064,81217,1141,81217,172,81217,32,219046,138,20.027892199985217
6,0,,2026-07-30T20:44:59.762931,2033529,81340,24835,81340,14761,81340,5278,81340,1078,81340,177,81340,29,218186,137,20.02862300002016
6,0,,2026-07-30T20:45:19.791915,2033087,81450,24979,81450,14690,81450,5176,81450,1057,81450,182,81450,39,219213,126,20.02865519997431
6,0,,2026-07-30T20:45:39.818723,2029932,81271,24917,81271,14538,81271,5170,81271,1127,81271,157,81271,34,218754,132,20.026497300015762
6,0,,2026-07-30T20:45:59.847565,2030675,81053,24735,81053,14575,81053,5106,81053,1089,81053,170,81053,23,218239,129,20.028634499991313
6,0,,2026-07-30T20:46:19.874424,2031488,80877,24809,80877,14617,80877,5158,80877,1131,80877,166,80877,37,218749,128,20.026680800016038
6,0,,2026-07-30T20:46:39.904115,2030703,81256,24921,81256,14906,81256,5192,81256,1170,81256,171,81256,24,218584,137,20.029530700005125
6,0,,2026-07-30T20:46:59.932022,2032059,81255,24861,81255,14655,81255,5140,81255,1159,81255,170,81255,42,219233,137,20.02762970002368
6,0,,2026-07-30T20:47:19.961064,2030894,81101,24739,81101,14670,81101,5176,81101,1102,81101,158,81101,34,219111,119,20.028852300019935
6,0,,2026-07-30T20:47:39.990914,2030066,80979,24795,80979,14671,80979,5157,80979,1114,80979,166,80979,28,218775,125,20.02952209999785
6,0,,2026-07-30T20:48:00.018857,2031357,80914,24860,80914,14631,80914,5177,80914,1145,80914,177,80914,29,218928,129,20.027627100003883
6,0,,2026-07-30T20:48:20.048573,2034225,81407,25086,81407,14689,81407,5073,81407,1149,81407,171,81407,27,219566,162,20.029508200008422
6,0,,2026-07-30T20:48:40.078809,2031926,81096,24795,81096,14718,81096,5171,81096,1152,81096,167,81096,25,219251,127,20.029976000019815
6,0,,2026-07-30T20:49:00.105562,2031029,81655,24882,81655,14840,81655,5156,81655,1142,81655,156,81655,28,219258,148,20.02651060000062
6,0,,2026-07-30T20:49:20.133884,2032112,81132,24991,81132,14387,81132,5294,81132,1084,81132,157,81132,32,219437,133,20.028082099976018
6,0,,2026-07-30T20:49:40.162266,2033315,81570,25249,81570,14613,81570,5132,81570,1174,81570,180,81570,33,219056,154,20.028220299980603
6,0,,2026-07-30T20:50:00.190131,2035345,81295,24868,81295,14900,81295,5077,81295,1088,81295,184,81295,38,219143,133,20.027639299980365
6,0,,2026-07-30T20:50:20.220330,2037032,81905,25134,81905,14712,81905,5267,81905,1112,81905,192,81905,34,220490,124,20.029916800034698
6,0,,2026-07-30T20:50:40.250427,2034106,81856,25128,81856,14822,81856,5130,81856,1180,81856,174,81856,23,219608,126,20.029795000038575
6,0,,2026-07-30T20:51:00.279044,2035955,81624,25141,81624,14662,81624,5177,81624,1132,81624,174,81624,28,220207,113,20.02829520002706
6,0,,2026-07-30T20:51:20.307922,2038588,81578,25304,81578,14659,81578,5212,81578,1108,81578,155,81578,34,219238,126,20.028611100045964
6,0,,2026-07-30T20:51:40.337191,2039567,81543,24975,81543,14962,81543,5168,81543,1114,81543,186,81543,26,221041,141,20.028848999994807
6,0,,2026-07-30T20:52:00.365953,2039754,81915,25208,81915,14860,81915,5132,81915,1161,81915,166,81915,33,220363,130,20.02852230001008
6,0,,2026-07-30T20:52:20.394771,2040891,81978,25267,81978,14837,81978,5187,81978,1119,81978,176,81978,25,220984,132,20.028569099958986
6,0,,2026-07-30T20:52:40.423747,2039869,82034,25201,82034,14883,82034,5204,82034,1057,82034,171,82034,26,220310,150,20.028634099988267
6,0,,2026-07-30T20:53:00.453158,2040240,81586,25126,81586,14790,81586,5264,81586,1133,81586,193,81586,21,220602,134,20.029144699976314
6,0,,2026-07-30T20:53:20.481769,2038850,81323,25045,81323,14702,81323,5150,81323,1123,81323,155,81323,27,220186,163,20.02825259999372
6,0,,2026-07-30T20:53:40.511034,2040771,81679,25102,81679,14889,81679,5237,81679,1124,81679,160,81679,30,219410,126,20.029005100019276
6,0,,2026-07-30T20:54:00.541140,2042204,81615,25139,81615,14701,81615,5180,81615,1106,81615,181,81615,31,219950,130,20.029709599970374
6,0,,2026-07-30T20:54:20.570494,2040381,81787,25152,81787,14810,81787,5158,81787,1105,81787,178,81787,26,220876,128,20.0290634999983
6,0,,2026-07-30T20:54:40.599605,2043779,81839,25406,81839,14792,81839,5180,81839,1119,81839,153,81839,31,220614,143,20.028763000038452
6,0,,2026-07-30T20:55:00.628514,2044339,81685,25068,81685,14816,81685,5246,81685,1079,81685,155,81685,38,219984,107,20.02862090000417
6,0,,2026-07-30T20:55:20.656572,2044309,82072,25250,82072,14884,82072,5200,82072,1155,82072,169,82072,25,220632,149,20.02775839995593
6,0,,2026-07-30T20:55:40.685354,2045736,81649,25249,81649,14741,81649,5034,81649,1148,81649,174,81649,32,220249,121,20.028492100012954
6,0,,2026-07-30T20:56:00.714830,2046522,82180,25168,82180,14926,82180,5192,82180,1120,82180,161,82180,42,220666,154,20.02919109998038
6,0,,2026-07-30T20:56:20.745069,2048323,81588,25222,81588,14933,81588,5272,81588,1077,81588,179,81588,33,220879,165,20.03002479998395
6,0,,2026-07-30T20:56:40.774896,2046412,82046,25223,82046,14817,82046,5342,82046,1034,82046,181,82046,28,220002,141,20.029567299992777
6,0,,2026-07-30T20:57:00.803957,2048076,81796,25098,81796,14755,81796,5152,81796,1087,81796,180,81796,32,220782,123,20.02872269996442
6,0,,2026-07-30T20:57:20.833645,2048299,82049,25225,82049,14875,82049,5288,82049,1110,82049,173,82049,26,221192,138,20.029397699981928
6,0,,2026-07-30T20:57:40.862026,2051169,81734,25211,81734,14668,81734,5202,81734,1115,81734,178,81734,32,221368,144,20.02813970000716
6,0,,2026-07-30T20:58:00.889127,2049331,81039,24859,81039,14571,81039,5109,81039,1088,81039,180,81039,27,220839,127,20.02689710003324
6,0,,2026-07-30T20:58:20.918585,2051371,81608,25210,81608,14710,81608,5222,81608,1069,81608,204,81608,35,220987,140,20.029193599999417
6,0,,2026-07-30T20:58:40.947766,2050277,81925,25408,81925,14815,81925,5248,81925,1086,81925,166,81925,27,221645,144,20.02884600003017
6,0,,2026-07-30T20:59:00.976920,2049789,81914,25455,81914,14801,81914,5207,81914,1124,81914,183,81914,36,221365,95,20.02889860002324
6,0,,2026-07-30T20:59:21.007958,2052181,82171,25244,82171,15081,82171,5156,82171,1044,82171,169,82171,24,221961,124,20.03085809998447
6,0,,2026-07-30T20:59:41.037484,2052302,81792,25183,81792,14681,81792,5327,81792,1088,81792,179,81792,26,221160,124,20.02919720002683
6,0,,2026-07-30T21:00:01.067218,2050785,82147,25273,82147,14739,82147,5261,82147,1138,82147,178,82147,35,221660,118,20.02943769999547
6,0,,2026-07-30T21:00:21.096830,2054672,81699,25198,81699,14726,81699,5113,81699,1080,81699,166,81699,18,221595,134,20.02929509995738
6,0,,2026-07-30T21:00:41.125269,2051371,81707,25014,81707,14937,81707,5249,81707,1057,81707,173,81707,31,221216,124,20.02828029997181
6,0,,2026-07-30T21:01:01.153625,2052708,82105,25195,82105,14810,82105,5185,82105,1092,82105,162,82105,24,220831,139,20.02809530001832
6,0,,2026-07-30T21:01:21.183092,2050070,81176,25033,81176,14562,81176,5108,81176,1113,81176,169,81176,23,220558,128,20.029197599971667
6,0,,2026-07-30T21:01:41.210258,2052185,81834,25400,81834,14724,81834,5213,81834,1094,81834,175,81834,31,220995,137,20.026915099995676
6,0,,2026-07-30T21:02:01.239366,2046237,81052,24975,81052,14798,81052,5081,81052,1023,81052,150,81052,34,219592,131,20.02884039998753
6,0,,2026-07-30T21:02:21.268528,2050526,81857,25028,81857,14806,81857,5222,81857,1181,81857,158,81857,20,220989,127,20.02885399997467
6,0,,2026-07-30T21:02:41.297352,2048615,81733,25084,81733,14705,81733,5172,81733,1125,81733,158,81733,32,220267,125,20.02859439997701
6,0,,2026-07-30T21:03:01.326809,2049768,82404,25494,82404,14714,82404,5270,82404,1113,82404,169,82404,29,220871,134,20.029197999974713
6,0,,2026-07-30T21:03:21.356353,2048639,81878,25393,81878,14771,81878,5178,81878,1082,81878,159,81878,29,221345,138,20.02921760000754
6,0,,2026-07-30T21:03:41.384957,2052472,81733,25275,81733,14883,81733,5051,81733,1102,81733,158,81733,30,220428,115,20.028195899969433
6,0,,2026-07-30T21:04:01.413920,2052000,82460,25531,82460,14897,82460,5150,82460,1077,82460,183,82460,27,220574,136,20.028737500018906
6,0,,2026-07-30T21:04:21.440678,2052552,81597,25170,81597,14635,81597,5137,81597,1130,81597,171,81597,32,220173,134,20.02646259998437
6,0,,2026-07-30T21:04:41.469367,2050096,81915,25017,81915,14988,81915,5283,81915,1096,81915,195,81915,25,220372,130,20.028490600001533
6,0,,2026-07-30T21:05:01.499634,2050400,81666,25030,81666,14753,81666,5028,81666,1100,81666,182,81666,40,220657,122,20.0298979000072
6,0,,2026-07-30T21:05:21.529600,2051943,81735,25228,81735,14788,81735,5111,81735,1037,81735,175,81735,36,220051,136,20.029594100022223
6,0,,2026-07-30T21:05:41.559638,2047931,81432,25051,81432,14589,81432,5028,81432,1139,81432,164,81432,26,221178,135,20.029747600026894
6,0,,2026-07-30T21:06:01.588602,2049796,81234,25148,81234,14811,81234,5027,81234,1156,81234,157,81234,31,219816,145,20.028715000022203
6,0,,2026-07-30T21:06:21.617097,2049688,81726,25321,81726,14570,81726,4983,81726,1140,81726,158,81726,33,220035,118,20.028267599991523
6,0,,2026-07-30T21:06:41.646398,2047419,81435,25039,81435,14547,81435,5046,81435,1038,81436,173,81436,35,220187,148,20.029017799999565
6,0,,2026-07-30T21:07:01.674810,2046268,82025,25313,82025,14704,82025,5127,82025,1049,82024,141,82024,31,219810,143,20.028263100015465
6,0,,2026-07-30T21:07:21.704864,2046706,81634,25146,81634,14561,81634,5261,81634,1091,81634,178,81634,31,219199,144,20.029841399984434
6,0,,2026-07-30T21:07:41.731790,2047379,81732,25231,81732,14726,81732,5210,81732,1062,81732,191,81732,37,219865,144,20.026653299981263
6,0,,2026-07-30T21:08:01.759859,2043077,81473,24756,81473,14647,81473,5167,81473,1089,81473,157,81473,27,219251,125,20.02788559999317
6,0,,2026-07-30T21:08:21.789755,2043349,81313,24977,81313,14560,81313,5199,81313,1173,81313,166,81313,28,219444,147,20.02962819999084
6,0,,2026-07-30T21:08:41.820682,2043794,81583,25081,81583,14705,81583,5193,81583,1077,81583,178,81583,25,219755,122,20.030592299997807
6,0,,2026-07-30T21:09:01.850335,2044475,81583,24950,81583,14667,81583,5117,81583,1103,81583,165,81583,32,219784,141,20.02933779999148
6,0,,2026-07-30T21:09:21.879055,2043573,81978,25032,81978,14725,81978,5181,81978,1137,81978,155,81978,35,219478,149,20.02847079996718
6,0,,2026-07-30T21:09:41.908402,2038483,81304,24813,81304,14658,81304,5097,81304,1083,81304,162,81304,29,219899,123,20.029100499989
6,0,,2026-07-30T21:10:01.938184,2041283,81464,24888,81464,14538,81464,5108,81464,1068,81464,176,81464,17,219667,139,20.02953419997357
6,0,,2026-07-30T21:10:21.967290,2038616,81201,24865,81201,14429,81201,5016,81201,1113,81201,174,81201,43,219395,111,20.028861200029496
6,0,,2026-07-30T21:10:41.996066,2040423,81207,24919,81207,14509,81207,5038,81207,1123,81207,182,81207,32,219540,157,20.02847959997598
6,0,,2026-07-30T21:11:02.025949,2041520,81405,25257,81405,14604,81405,5104,81405,1111,81405,185,81405,30,219636,116,20.029554500011727
6,0,,2026-07-30T21:11:22.053615,2037605,81448,24804,81448,14543,81448,5038,81448,1100,81448,157,81448,33,219605,128,20.027413800009526
6,0,,2026-07-30T21:11:42.082322,2034639,81334,24970,81334,14518,81334,5121,81334,1103,81334,179,81334,26,219141,141,20.028539899969473
6,0,,2026-07-30T21:12:02.112002,2037359,80929,24831,80929,14352,80929,5161,80929,1129,80929,159,80929,33,219118,130,20.029414999997243
6,0,,2026-07-30T21:12:22.140602,2036613,81290,24988,81290,14432,81290,5200,81290,1091,81290,178,81290,34,219050,126,20.028407599951606
6,0,,2026-07-30T21:12:42.167505,2035434,81497,25173,81497,14650,81497,5218,81497,1120,81497,180,81497,36,218887,117,20.026678200054448
6,0,,2026-07-30T21:13:02.196461,2033436,81149,24758,81149,14553,81149,5058,81149,1145,81149,160,81149,34,219397,139,20.028866700013168
6,0,,2026-07-30T21:13:22.225475,2034537,80908,25062,80908,14494,80908,5086,80908,1111,80908,165,80908,28,219820,144,20.028703600051813
6,0,,2026-07-30T21:13:42.255621,2032513,80850,24810,80850,14657,80850,5016,80850,1057,80850,183,80850,27,218469,136,20.029850999999326
6,0,,2026-07-30T21:14:02.285307,2029461,81741,25202,81741,14688,81741,5111,81741,1131,81741,152,81741,29,217874,124,20.029471699963324
6,0,,2026-07-30T21:14:22.313899,2028733,81049,24877,81049,14461,81049,5060,81049,1053,81049,163,81049,26,218674,132,20.028324700018857
6,0,,2026-07-30T21:14:42.342456,2032058,81398,24923,81398,14569,81398,5204,81398,1148,81398,183,81398,29,219168,120,20.028221699991263
6,0,,2026-07-30T21:15:02.371553,2031679,80943,24731,80943,14682,80943,4979,80943,1181,80943,189,80943,28,219031,125,20.028832699987106
6,0,,2026-07-30T21:15:22.400710,2032271,82328,25152,82328,14865,82328,5269,82328,1077,82328,185,82328,35,219756,161,20.028928600018844
6,0,,2026-07-30T21:15:42.429634,2033127,81477,25069,81477,14608,81477,5131,81477,1156,81477,181,81477,31,219903,137,20.028611300047487
6,0,,2026-07-30T21:16:02.458979,2035563,81305,24884,81305,14583,81305,5228,81305,1079,81305,155,81305,34,220441,145,20.029075199970976
6,0,,2026-07-30T21:16:22.488336,2034814,81593,25181,81593,14701,81593,5131,81593,1088,81593,146,81593,29,220234,129,20.029088800016325
6,0,,2026-07-30T21:16:42.515115,2035955,82058,25026,82058,14822,82058,5186,82058,1162,82058,157,82058,25,220645,134,20.026562899991404
6,0,,2026-07-30T21:17:02.545600,2034977,81498,25017,81498,14433,81498,5098,81498,1134,81498,166,81498,39,219324,131,20.03029389999574
6,0,,2026-07-30T21:17:22.575598,2035768,81275,25217,81275,14588,81275,5147,81275,1136,81275,203,81275,35,219418,129,20.029681999993045
6,0,,2026-07-30T21:17:42.627926,2039426,82345,25233,82345,14734,82345,5277,82345,1115,82345,174,82345,29,220569,129,20.051999300019816
6,0,,2026-07-30T21:18:02.656765,2038472,81623,25501,81623,14628,81623,5025,81623,1069,81623,162,81623,26,220241,134,20.028652900015004
6,0,,2026-07-30T21:18:22.685295,2037511,81688,25134,81688,14763,81688,4978,81688,1082,81688,175,81688,28,220154,128,20.02824040001724
6,0,,2026-07-30T21:18:42.714473,2040139,82230,25415,82230,14567,82230,5090,82230,1109,82230,166,82230,22,220388,132,20.028897100011818
6,0,,2026-07-30T21:19:02.745076,2041751,81917,25136,81917,14742,81917,5260,81917,1101,81917,159,81917,26,219773,149,20.030311699956656
6,0,,2026-07-30T21:19:22.773340,2041226,81957,25225,81957,14742,81957,5209,81957,1066,81957,162,81957,37,221007,134,20.027983400039375
6,0,,2026-07-30T21:19:42.802950,2038316,81718,25084,81718,14632,81718,5115,81718,1073,81718,175,81718,26,219819,125,20.029379299958237
6,0,,2026-07-30T21:20:02.832218,2044970,81857,25090,81857,14523,81857,5241,81857,1142,81857,164,81857,45,221072,146,20.02901130000828
6,0,,2026-07-30T21:20:22.861622,2043880,81640,25144,81640,14726,81640,5075,81640,1078,81640,161,81640,38,220486,149,20.029123399988748
6,0,,2026-07-30T21:20:42.888529,2045045,81716,25146,81716,14857,81716,5167,81716,1099,81716,171,81716,25,221107,155,20.026619200012647
6,0,,2026-07-30T21:21:02.917481,2041213,81776,25030,81776,14466,81776,5118,81776,1080,81776,170,81776,25,219952,123,20.02880119998008
6,0,,2026-07-30T21:21:22.948529,2043133,81777,24925,81777,14750,81777,5133,81777,1110,81777,181,81777,32,220011,124,20.030725500022527
6,0,,2026-07-30T21:21:42.976373,2044268,81935,25061,81935,14889,81935,5302,81935,1084,81935,175,81935,29,220125,129,20.027598599961493
6,0,,2026-07-30T21:22:03.003543,2043992,82386,25325,82386,14930,82386,5182,82386,1099,82386,175,82386,35,220447,135,20.027071100019384
6,0,,2026-07-30T21:22:23.032663,2046528,81838,25109,81838,14902,81838,5142,81838,1085,81838,171,81838,29,220640,153,20.02895140001783
6,0,,2026-07-30T21:22:43.059777,2047859,81422,25021,81422,14792,81422,4978,81422,1115,81422,173,81422,27,220994,140,20.02685670001665
6,0,,2026-07-30T21:23:03.088887,2047986,81387,25268,81387,14599,81387,5160,81387,1104,81387,192,81387,32,221028,125,20.028932000044733
6,0,,2026-07-30T21:23:23.117596,2051088,81598,24950,81598,14854,81598,5145,81598,1019,81598,163,81598,31,221254,157,20.02844039996853
6,0,,2026-07-30T21:23:43.146721,2048180,81658,25292,81658,14693,81658,5125,81658,1141,81658,176,81658,34,221807,139,20.028905600018334
6,0,,2026-07-30T21:24:03.175731,2045960,81819,25212,81819,14896,81819,5037,81819,1069,81819,159,81819,26,220522,115,20.028714299958665
6,0,,2026-07-30T21:24:23.203643,2045499,81347,25028,81347,14751,81347,5225,81347,1098,81347,171,81347,28,221258,139,20.02765250002267
6,0,,2026-07-30T21:24:43.233413,2045680,81634,24956,81634,14878,81634,5053,81634,1068,81634,159,81634,38,220371,132,20.02947970002424
6,0,,2026-07-30T21:25:03.262651,2046554,81582,24958,81582,14784,81582,4999,81582,1084,81582,150,81582,34,221578,144,20.029021999973338
6,0,,2026-07-30T21:25:23.290947,2045378,81502,25124,81502,14691,81502,5158,81502,1100,81502,160,81502,30,219712,134,20.027868299977854
6,0,,2026-07-30T21:25:43.320712,2046351,81495,25206,81495,14643,81495,5154,81495,1065,81495,159,81495,18,220526,157,20.029427299974486
6,0,,2026-07-30T21:26:03.351092,2047088,81756,25050,81756,14719,81756,5201,81756,1075,81756,188,81756,25,220846,132,20.030040300043765
6,0,,2026-07-30T21:26:23.379522,2048535,81308,25101,81308,14583,81308,5120,81308,1057,81308,165,81308,27,220807,126,20.028112199972384
6,0,,2026-07-30T21:26:43.408253,2049107,81843,25355,81843,14505,81843,5139,81843,1094,81843,152,81843,32,220362,102,20.02841690002242
6,0,,2026-07-30T21:27:03.436941,2047572,81846,25081,81846,14731,81846,5104,81846,1083,81846,166,81846,23,221236,149,20.02847010002006
6,0,,2026-07-30T21:27:23.466511,2045844,81252,25109,81252,14755,81252,4905,81252,1112,81252,176,81252,34,220133,147,20.029395700024907
6,0,,2026-07-30T21:27:43.495748,2048530,81611,25226,81611,14634,81611,5054,81611,1078,81611,173,81611,19,220632,124,20.02898170001572
6,0,,2026-07-30T21:28:03.525914,2050447,81860,25204,81860,14854,81860,5102,81860,1154,81860,187,81860,37,220079,130,20.029992300027516
6,0,,2026-07-30T21:28:23.554879,2049720,81981,25302,81981,14711,81981,5053,81981,1104,81981,198,81981,19,221211,158,20.02868160000071
6,0,,2026-07-30T21:28:43.584003,2046543,81606,25144,81606,14713,81606,5231,81606,1065,81606,138,81606,29,220642,145,20.028944099962246
6,0,,2026-07-30T21:29:03.613048,2047412,81951,25402,81951,14737,81951,5337,81951,1107,81951,187,81951,30,220972,114,20.028841499995906
6,0,,2026-07-30T21:29:23.642544,2048850,81422,25261,81422,14717,81422,5052,81422,1054,81422,144,81422,30,220330,117,20.029220500029624
6,0,,2026-07-30T21:29:43.671818,2050495,81781,24982,81781,14745,81781,5178,81781,1102,81781,162,81781,21,220494,126,20.029024000046775
6,0,,2026-07-30T21:30:03.700829,2046874,81467,25127,81467,14609,81467,5145,81467,1137,81467,170,81467,28,220701,139,20.028651800006628
6,0,,2026-07-30T21:30:23.730412,2047560,81990,25418,81990,14561,81990,5147,81990,1113,81990,152,81990,34,219851,145,20.029304799973033
6,0,,2026-07-30T21:30:43.759412,2046569,81865,25148,81865,14830,81865,5073,81865,1115,81865,164,81865,18,220613,119,20.028644700010773
6,0,,2026-07-30T21:31:03.790284,2045577,81854,25199,81854,14687,81854,5072,81854,1113,81854,168,81854,33,220004,145,20.030569900001865
6,0,,2026-07-30T21:31:23.820441,2044674,81361,24970,81361,14625,81361,5067,81361,1135,81361,167,81361,30,219417,137,20.02985669998452
6,0,,2026-07-30T21:31:43.850032,2045374,81757,24969,81757,14653,81757,5114,81757,1173,81757,161,81757,26,219991,114,20.02917090000119
6,0,,2026-07-30T21:32:03.879987,2042904,81104,24986,81104,14575,81104,5129,81104,1135,81104,161,81104,21,220327,138,20.029699700011406
6,0,,2026-07-30T21:32:23.908367,2045679,81178,24881,81178,14759,81178,5153,81178,1058,81178,148,81178,35,219109,126,20.028119799972046
6,0,,2026-07-30T21:32:43.938452,2043897,81409,25204,81409,14573,81409,5198,81409,1140,81409,167,81409,25,219528,137,20.029765299987048
6,0,,2026-07-30T21:33:03.967745,2042804,81320,25132,81320,14606,81320,5191,81320,1126,81320,183,81320,31,220383,131,20.028928800020367
6,0,,2026-07-30T21:33:23.997268,2041125,81822,24935,81822,14716,81822,5087,81822,1136,81822,162,81822,37,218632,133,20.029137199977413
6,0,,2026-07-30T21:33:44.026228,2040082,81398,24800,81398,14617,81398,5214,81398,1019,81398,130,81398,19,219771,147,20.028641299984884
6,0,,2026-07-30T21:34:04.055131,2039623,81717,24914,81717,14800,81717,5114,81717,1060,81717,182,81717,33,219765,129,20.02861560002202
6,0,,2026-07-30T21:34:24.083686,2033425,80896,24629,80896,14701,80896,5051,80896,1043,80896,172,80896,25,219381,128,20.028227999981027
6,0,,2026-07-30T21:34:44.111586,2039489,81707,24971,81707,15004,81707,5120,81707,1102,81707,150,81707,30,219752,124,20.02766210003756
6,0,,2026-07-30T21:35:04.142237,2039588,81316,24922,81316,14624,81316,5096,81316,1059,81316,164,81316,26,219207,139,20.030371800006833
6,0,,2026-07-30T21:35:24.172206,2037829,81625,24960,81625,14719,81625,5221,81625,1126,81625,158,81625,32,218851,129,20.029576500004623
6,0,,2026-07-30T21:35:44.199959,2037382,81338,24941,81338,14478,81338,5162,81338,1108,81338,180,81338,29,219656,127,20.02745789999608
6,0,,2026-07-30T21:36:04.228921,2037022,81445,24931,81445,14496,81445,5210,81445,1113,81445,174,81445,33,218528,150,20.028777699975763
6,0,,2026-07-30T21:36:24.258274,2035422,81005,24853,81005,14623,81005,5092,81005,1128,81005,160,81005,34,220056,137,20.0290128000197
6,0,,2026-07-30T21:36:44.287847,2035148,81819,25009,81819,14660,81819,5149,81819,1109,81819,160,81819,28,219089,144,20.0293168000062
6,0,,2026-07-30T21:37:04.317731,2033828,81199,24841,81199,14572,81199,5125,81199,1112,81199,158,81199,34,218889,112,20.02962370001478
6,0,,2026-07-30T21:37:24.346429,2032512,80774,24827,80774,14482,80774,5045,80774,1068,80774,184,80774,28,219335,131,20.02845719998004
6,0,,2026-07-30T21:37:44.375864,2033561,81072,24739,81072,14687,81072,5138,81072,1112,81072,153,81072,29,219184,128,20.029140099999495
6,0,,2026-07-30T21:38:04.406015,2032025,81774,25086,81774,14711,81774,5066,81774,1106,81774,153,81774,27,218870,152,20.029743499995675
6,0,,2026-07-30T21:38:24.433671,2032685,81562,24770,81562,14775,81562,5031,81562,1046,81562,153,81562,28,218563,135,20.027362400025595
6,0,,2026-07-30T21:38:44.462795,2027945,81363,24997,81363,14471,81363,5093,81363,1102,81363,164,81363,27,218603,127,20.02889780001715
6,0,,2026-07-30T21:39:04.491369,2026284,80993,24868,80993,14452,80993,5145,80993,1037,80993,167,80993,31,218603,156,20.02827080001589
6,0,,2026-07-30T21:39:24.520777,2027353,81398,25028,81398,14399,81398,5187,81398,1111,81398,159,81398,38,218219,144,20.02910129999509
6,0,,2026-07-30T21:39:44.549332,2026846,81420,24988,81420,14642,81420,5240,81420,1112,81420,168,81420,31,219194,139,20.0283352000406
6,0,,2026-07-30T21:40:04.579498,2029366,81360,24904,81360,14622,81360,5175,81360,1083,81360,151,81360,29,219165,133,20.029745500010904
6,0,,2026-07-30T21:40:24.607449,2030229,81134,25123,81134,14592,81134,5149,81134,1096,81134,180,81134,36,218740,129,20.027706699969713
6,0,,2026-07-30T21:40:44.636020,2031703,81506,24957,81506,14731,81506,5186,81506,1046,81506,174,81506,26,219513,118,20.02837030001683
6,0,,2026-07-30T21:41:04.663835,2037064,81703,25090,81703,14723,81703,5111,81703,1097,81703,164,81703,25,219830,143,20.02750319999177
6,0,,2026-07-30T21:41:24.693839,2036615,82012,25188,82012,14853,82012,5153,82012,1079,82012,193,82012,20,219938,135,20.029672600037884
6,0,,2026-07-30T21:41:44.722454,2038638,81908,25225,81908,14805,81908,5219,81908,1134,81908,183,81908,26,219834,131,20.028320000041276
6,0,,2026-07-30T21:42:04.751021,2035469,81684,25109,81684,14645,81684,5116,81684,1141,81684,146,81684,16,220378,137,20.028352399996947
6,0,,2026-07-30T21:42:24.779678,2037961,82266,25136,82266,14915,82266,5102,82266,1121,82266,172,82266,21,220136,124,20.028384000004735
6,0,,2026-07-30T21:42:44.808997,2040020,82095,25295,82095,14901,82095,5017,82095,1123,82095,187,82095,27,220142,126,20.0290115000098
6,0,,2026-07-30T21:43:04.838101,2040862,81997,25215,81997,14682,81997,5268,81997,1097,81997,181,81997,32,220415,121,20.028862399980426
6,0,,2026-07-30T21:43:24.868359,2038798,81567,25105,81567,14734,81567,5107,81567,1093,81567,168,81567,26,220253,129,20.029983400017954
6,0,,2026-07-30T21:43:44.897251,2043711,81973,25276,81973,14796,81973,5077,81973,1156,81973,182,81973,34,221109,141,20.02865340001881
6,0,,2026-07-30T21:44:04.926322,2042595,81926,25427,81926,14720,81926,5108,81926,1086,81926,187,81926,31,220044,141,20.028760299959686
6,0,,2026-07-30T21:44:24.954921,2041941,81699,25137,81699,14833,81699,5245,81699,1065,81699,157,81699,22,220085,130,20.02836890000617
6,0,,2026-07-30T21:44:44.983384,2042616,82055,25275,82055,14835,82055,5285,82055,1079,82055,155,82055,30,220612,124,20.028167000040412
6,0,,2026-07-30T21:45:05.012842,2045110,81932,25193,81932,14746,81932,5203,81932,1083,81932,165,81932,23,221379,140,20.02915179997217
6,0,,2026-07-30T21:45:25.040680,2043514,81913,24952,81913,14884,81913,5101,81913,1105,81913,156,81913,29,220642,131,20.02749990002485
6,0,,2026-07-30T21:45:45.066974,2043696,82189,25126,82189,14992,82189,5153,82189,1143,82189,184,82189,31,221260,147,20.02609030000167
6,0,,2026-07-30T21:46:05.094781,2046750,81449,25245,81449,14801,81449,5121,81449,1091,81449,158,81449,28,221059,141,20.02764039998874
6,0,,2026-07-30T21:46:25.123222,2042841,82215,25287,82215,14886,82215,5121,82215,1121,82215,184,82215,21,220593,143,20.028124500007834
6,0,,2026-07-30T21:46:45.152361,2044620,82071,25275,82071,14660,82071,5207,82071,1052,82071,175,82071,27,221653,141,20.02897159999702
6,0,,2026-07-30T21:47:05.181364,2048872,82166,25338,82166,14950,82166,5206,82166,1069,82166,163,82166,25,221004,145,20.02866939996602
6,0,,2026-07-30T21:47:25.210232,2049004,81921,25321,81921,14953,81921,5251,81921,1097,81921,187,81921,33,221557,138,20.02855719998479
6,0,,2026-07-30T21:47:45.239579,2049159,81708,25266,81708,14535,81708,5116,81708,1102,81708,167,81708,16,222165,121,20.029191999987233
6,0,,2026-07-30T21:48:05.268660,2048175,81728,25292,81728,14648,81728,5149,81728,1087,81728,142,81728,26,220029,118,20.028764399990905
6,0,,2026-07-30T21:48:25.299039,2049963,82158,25638,82158,14720,82158,5120,82158,1070,82158,186,82158,40,221756,126,20.030097500013653
6,0,,2026-07-30T21:48:45.328722,2048508,81989,25447,81989,14635,81989,5140,81989,1085,81989,202,81989,26,221441,139,20.02943039999809
6,0,,2026-07-30T21:49:05.357312,2045770,81703,25245,81703,14611,81703,5228,81703,1063,81703,157,81703,13,220120,129,20.028273999982048
6,0,,2026-07-30T21:49:25.385884,2047262,81861,25295,81861,14839,81861,5193,81861,1120,81861,162,81861,24,220715,137,20.02839390002191
6,0,,2026-07-30T21:49:45.415078,2048608,81359,25350,81359,14465,81359,5213,81359,1105,81359,172,81359,35,219645,137,20.02892620000057
6,0,,2026-07-30T21:50:05.443798,2049904,82342,25329,82342,15068,82342,5197,82342,1105,82342,185,82342,34,221319,161,20.028459099994507
6,0,,2026-07-30T21:50:25.473076,2049056,81706,25298,81706,14590,81706,5246,81706,1055,81706,167,81706,28,220902,132,20.029060299973935
6,0,,2026-07-30T21:50:45.502261,2048916,81796,25116,81796,14992,81796,5073,81796,1073,81796,180,81796,23,220421,165,20.029994999989867
6,0,,2026-07-30T21:51:05.529909,2049646,81599,25174,81599,14872,81599,5231,81599,1112,81599,186,81599,31,220769,135,20.02838040003553
6,0,,2026-07-30T21:51:25.559148,2049518,81836,25393,81836,14763,81836,5077,81836,1131,81836,186,81836,24,220609,120,20.029938700026833
6,0,,2026-07-30T21:51:45.587902,2048148,82153,25513,82153,14976,82153,5095,82153,1089,82153,163,82153,27,220333,121,20.029491599998437
6,0,,2026-07-30T21:52:05.615711,2048161,81889,25293,81889,14823,81889,5090,81889,1100,81889,165,81889,29,220697,138,20.0284837000072
6,0,,2026-07-30T21:52:25.643815,2051251,81811,25324,81811,14812,81811,5233,81811,1081,81811,183,81811,26,220700,139,20.02886399999261
6,0,,2026-07-30T21:52:45.672367,2046679,81598,25313,81598,14670,81598,5147,81598,1083,81598,140,81598,30,220474,108,20.029261599993333
6,0,,2026-07-30T21:53:05.701432,2049308,81328,25323,81328,14728,81328,5093,81328,1066,81328,166,81328,42,220823,142,20.02980249997927
6,0,,2026-07-30T21:53:25.730991,2049262,82005,25456,82005,14957,82005,5058,82005,1074,82005,163,82005,35,220637,159,20.030202000052668
6,0,,2026-07-30T21:53:45.759360,2049038,81984,25341,81984,14838,81984,5138,81984,1084,81984,152,81984,26,220975,149,20.029058900021482
6,0,,2026-07-30T21:54:05.787111,2047833,82023,25195,82023,15000,82023,5130,82023,1077,82023,148,82023,23,220487,141,20.028497399995103
6,0,,2026-07-30T21:54:25.814508,2047162,81547,25242,81547,14821,81547,5034,81547,1117,81547,174,81547,38,219984,162,20.028230500000063
6,0,,2026-07-30T21:54:45.842028,2047059,82234,25469,82234,14874,82234,5196,82234,1082,82234,160,82234,30,220563,118,20.02832490002038
6,0,,2026-07-30T21:55:05.869810,2046797,81580,25197,81580,14695,81580,5096,81580,1105,81580,168,81580,33,220310,142,20.028558299993165
6,0,,2026-07-30T21:55:25.896420,2043764,81462,25285,81462,14803,81462,5080,81462,1100,81462,169,81462,24,219844,147,20.027383900014684
6,0,,2026-07-30T21:55:45.924476,2044544,81978,25346,81978,14744,81978,5174,81978,1076,81978,167,81978,24,220947,141,20.028822399966884
6,0,,2026-07-30T21:56:05.952937,2043479,81205,25160,81205,14727,81205,5184,81205,1095,81205,158,81205,39,219665,125,20.02925810002489
6,0,,2026-07-30T21:56:25.979299,2038504,81384,25005,81384,14749,81384,5218,81384,1046,81384,161,81384,31,219563,145,20.02710719994502
6,0,,2026-07-30T21:56:46.008279,2042600,82002,25247,82002,15009,82002,5144,82002,1121,82002,160,82002,26,218936,133,20.029816199967172
6,0,,2026-07-30T21:57:06.036108,2044004,81665,25179,81665,14744,81665,5179,81665,1143,81665,168,81665,38,219737,125,20.028585400024895
6,0,,2026-07-30T21:57:26.063971,2039024,81647,25404,81647,14797,81647,5085,81647,1061,81647,178,81647,29,219938,160,20.02860869996948
6,0,,2026-07-30T21:57:46.091696,2038374,81369,25265,81369,14576,81369,5189,81369,1096,81369,158,81369,29,220596,103,20.0284418000374
6,0,,2026-07-30T21:58:06.119263,2038453,81681,25114,81681,14773,81681,5075,81681,1087,81681,162,81681,28,219390,125,20.028280499973334
6,0,,2026-07-30T21:58:26.147359,2040952,81342,25273,81342,14582,81342,5141,81342,1107,81342,168,81342,28,219214,134,20.028816899983212
6,0,,2026-07-30T21:58:46.174964,2038324,81151,25037,81151,14607,81151,5044,81151,1050,81151,186,81151,25,219611,127,20.02835929999128
6,0,,2026-07-30T21:59:06.202818,2039454,81399,25032,81399,14773,81399,5128,81399,1147,81399,170,81399,32,218912,120,20.028579899983015
6,0,,2026-07-30T21:59:26.231601,2037179,81210,25049,81210,14776,81210,5075,81210,1169,81210,171,81210,29,219748,140,20.02951280004345
6,0,,2026-07-30T21:59:46.259034,2036276,81555,25132,81555,14655,81555,5073,81555,1092,81555,185,81556,31,218772,142,20.028173200029414
6,0,,2026-07-30T22:00:06.287813,2033373,81302,25163,81302,14707,81302,4991,81302,1078,81302,169,81301,36,219592,125,20.02946360001806
6,0,,2026-07-30T22:00:26.315431,2033280,81485,24915,81485,14874,81485,5188,81485,1132,81485,174,81485,39,218615,101,20.02828909998061
6,0,,2026-07-30T22:00:46.342794,2032064,81460,25334,81460,14761,81460,5168,81460,988,81460,186,81460,29,218524,134,20.02818369999295
6,0,,2026-07-30T22:01:06.371126,2033565,80999,25308,80999,14262,80999,5232,80999,1098,80999,168,80999,25,219064,130,20.029009699996095
6,0,,2026-07-30T22:01:26.399244,2031171,81528,25094,81528,14718,81528,5130,81528,1147,81528,175,81528,26,219147,131,20.02877069998067
6,0,,2026-07-30T22:01:46.428136,2028467,81361,25063,81361,14773,81361,5100,81361,1107,81361,168,81361,28,218569,138,20.029506699997
6,0,,2026-07-30T22:02:06.456411,2030525,81215,25005,81215,14646,81215,5089,81215,1077,81215,151,81215,14,218687,109,20.028956099995412
6,0,,2026-07-30T22:02:26.483587,2028267,81291,24961,81291,14691,81291,5052,81291,1045,81291,165,81291,34,219141,143,20.027825199998915
6,0,,2026-07-30T22:02:46.513574,2028728,81354,25185,81354,14691,81354,5074,81354,1103,81354,170,81354,26,218495,122,20.03051630000118
6,0,,2026-07-30T22:03:06.541305,2025867,81396,24821,81396,14896,81396,5137,81396,1106,81396,157,81396,25,218585,123,20.02837949997047
6,0,,2026-07-30T22:03:26.569718,2026992,81115,24859,81115,14655,81115,5125,81115,1087,81115,152,81115,27,218555,149,20.029091499978676
6,0,,2026-07-30T22:03:46.598110,2029926,81071,25154,81071,14550,81071,5185,81071,1136,81071,166,81071,35,219481,141,20.02900929999305
6,0,,2026-07-30T22:04:06.627144,2029150,81535,25053,81535,14724,81535,5087,81535,1157,81535,144,81535,34,220005,124,20.02969250001479
6,0,,2026-07-30T22:04:26.656212,2032472,81966,25248,81966,14714,81966,5081,81966,1108,81966,152,81966,33,219636,125,20.02974389999872
6,0,,2026-07-30T22:04:46.684731,2031118,81699,25181,81699,14893,81699,5131,81699,1057,81699,154,81699,31,219634,157,20.029242599965073
6,0,,2026-07-30T22:05:06.712713,2031185,81943,25242,81943,14919,81943,5198,81943,1084,81943,178,81943,23,219802,114,20.028654299967457
6,0,,2026-07-30T22:05:26.740958,2031273,81484,25303,81484,14824,81484,5163,81484,1070,81484,174,81484,39,219391,122,20.028956900001504
6,0,,2026-07-30T22:05:46.769209,2035939,81679,25304,81679,14905,81679,5175,81679,1114,81679,182,81679,40,220202,133,20.028867499961052
6,0,,2026-07-30T22:06:06.796512,2038347,81812,25273,81812,14866,81812,5244,81812,1086,81812,164,81812,24,220654,138,20.027957399957813
6,0,,2026-07-30T22:06:26.824825,2041737,81931,25240,81931,14991,81931,5096,81931,1127,81931,162,81931,35,221154,152,20.02896950003924
6,0,,2026-07-30T22:06:46.851607,2038796,81804,25238,81804,14625,81804,5197,81804,1131,81804,183,81804,32,220471,123,20.027351400000043
6,0,,2026-07-30T22:07:06.879827,2041311,81803,25241,81803,14889,81803,5165,81803,1098,81803,148,81803,36,220609,140,20.028971099993214
6,0,,2026-07-30T22:07:26.908095,2040769,81960,25545,81960,14945,81960,5217,81960,1092,81960,167,81960,25,220400,138,20.028890900022816
6,0,,2026-07-30T22:07:46.938202,2038381,81749,25295,81749,14948,81749,5090,81749,1048,81749,165,81749,27,219607,115,20.030722700001206
6,0,,2026-07-30T22:08:06.966188,2039331,82313,25393,82313,14795,82313,5197,82313,1094,82314,174,82314,29,220001,139,20.02850239997497
6,0,,2026-07-30T22:08:26.994076,2041074,81900,25209,81900,14891,81900,5142,81900,1079,81899,180,81899,38,220725,146,20.028450200043153
6,0,,2026-07-30T22:08:47.022112,2042310,82066,25437,82066,14810,82066,5160,82066,1092,82066,167,82066,31,221429,145,20.028705500008073
6,0,,2026-07-30T22:09:07.050816,2041255,81873,25522,81873,14876,81873,5162,81873,1033,81873,170,81873,25,220923,168,20.029368999996223
6,0,,2026-07-30T22:09:27.078763,2042295,81511,25205,81511,14834,81511,5169,81511,1099,81511,161,81511,27,220697,146,20.028532900032587
6,0,,2026-07-30T22:09:47.107889,2044510,81981,25348,81981,14880,81981,5168,81981,1109,81981,155,81981,33,221171,125,20.029735999996774
6,0,,2026-07-30T22:10:07.136775,2047659,82086,25421,82086,14918,82086,5166,82086,1088,82086,179,82086,41,220958,137,20.02947219996713
6,0,,2026-07-30T22:10:27.165579,2045992,81689,25331,81689,14883,81689,5149,81689,1153,81689,182,81689,28,221162,136,20.029397699981928
6,0,,2026-07-30T22:10:47.194134,2045327,82172,25581,82172,14809,82172,5139,82172,1147,82172,190,82172,28,221207,136,20.02906560001429
6,0,,2026-07-30T22:11:07.221651,2046484,82272,25546,82272,14827,82272,5411,82272,1111,82272,169,82272,27,221274,126,20.02811750001274
6,0,,2026-07-30T22:11:27.251043,2047414,81853,25120,81853,15032,81853,5231,81853,1102,81853,175,81853,26,220978,128,20.0299767999677
6,0,,2026-07-30T22:11:47.284727,2050235,81841,25442,81841,14743,81841,5282,81841,1107,81841,151,81841,38,220683,110,20.0342251000111
6,0,,2026-07-30T22:12:07.312128,2049651,81839,25269,81839,14883,81839,5050,81839,1120,81839,158,81839,27,221116,136,20.028180699970108
6,0,,2026-07-30T22:12:27.341393,2049087,82552,25648,82552,14981,82552,5229,82552,1099,82552,164,82552,30,221899,106,20.02989589999197
6,0,,2026-07-30T22:12:47.370692,2051043,81531,25361,81531,14784,81531,5027,81531,1021,81531,154,81531,27,220414,138,20.029831199964974
6,1,,2026-07-30T22:13:09.398371,2047935,111314,48386,111314,17430,111314,4331,111314,719,111314,98,111314,22,218719,120,20.027801299991552
6,1,,2026-07-30T22:13:29.426771,2045040,111554,48375,111554,17381,111554,4499,111554,729,111554,86,111554,23,218008,132,20.02888030000031
6,1,,2026-07-30T22:13:49.456834,2049341,110975,48118,110975,17210,110975,4335,110975,683,110975,84,110975,21,219764,140,20.030626599967945
6,1,,2026-07-30T22:14:09.484486,2046386,111588,48484,111588,17379,111588,4414,111588,757,111588,87,111588,27,219548,140,20.02803290000884
6,1,,2026-07-30T22:14:29.513954,2044973,111194,48475,111194,17344,111194,4422,111194,694,111194,78,111194,36,219074,133,20.03012429998489
6,1,,2026-07-30T22:14:49.541747,2044985,111821,48786,111821,17289,111821,4389,111821,668,111821,91,111821,26,218758,143,20.028353100002278
6,1,,2026-07-30T22:15:09.569067,2047423,111871,48656,111871,17324,111871,4495,111871,757,111871,84,111871,22,219230,160,20.027921200031415
6,1,,2026-07-30T22:15:29.597941,2049351,111334,48523,111334,17387,111334,4398,111334,714,111334,82,111334,17,218283,128,20.029527600039728
6,1,,2026-07-30T22:15:49.626284,2048551,111734,48563,111734,17519,111734,4400,111734,743,111734,93,111734,15,218863,119,20.028816600039136
6,1,,2026-07-30T22:16:09.654596,2049784,111184,48275,111184,17427,111184,4327,111184,737,111184,86,111185,22,218662,151,20.02893250004854
6,1,,2026-07-30T22:16:29.683611,2046474,111496,48452,111496,17448,111496,4447,111496,672,111496,81,111495,22,219416,128,20.029510400025174
6,1,,2026-07-30T22:16:49.711935,2050591,111955,48770,111955,17416,111955,4460,111955,750,111955,87,111955,31,218853,130,20.0288903999608
6,1,,2026-07-30T22:17:09.738508,2049510,110984,47981,110984,17465,110984,4328,110984,693,110984,88,110984,25,219061,163,20.02716739999596
6,1,,2026-07-30T22:17:29.767037,2049696,111473,48723,111473,17273,111473,4386,111473,706,111473,89,111473,30,218140,141,20.029162599996198
6,1,,2026-07-30T22:17:49.795226,2049432,110931,48213,110931,17324,110931,4321,110931,746,110931,98,110931,25,219016,137,20.02874919999158
6,1,,2026-07-30T22:18:09.822914,2049633,111342,48786,111342,17295,111342,4427,111342,676,111342,88,111342,16,219030,119,20.02826280001318
6,1,,2026-07-30T22:18:29.850966,2049573,111813,48823,111813,17548,111813,4470,111813,655,111813,74,111813,25,219373,142,20.028608999971766
6,1,,2026-07-30T22:18:49.879311,2049071,111053,48040,111053,17264,111053,4411,111053,693,111053,93,111053,22,218138,141,20.028890100016724
6,1,,2026-07-30T22:19:09.906240,2049899,111713,48587,111713,17248,111713,4307,111713,789,111713,90,111713,18,217447,118,20.027481299999636
6,1,,2026-07-30T22:19:29.934351,2046354,111364,48554,111364,17208,111364,4328,111364,741,111364,92,111364,26,218245,123,20.028739500034135
6,1,,2026-07-30T22:19:49.962971,2049456,111401,48093,111401,17287,111401,4394,111401,751,111401,84,111401,33,217748,131,20.029165899963118
6,1,,2026-07-30T22:20:09.990613,2045843,111179,48091,111179,17308,111179,4415,111179,690,111179,76,111179,26,218332,142,20.028067100036424
6,1,,2026-07-30T22:20:30.019081,2048158,110769,47890,110769,17202,110769,4349,110769,693,110769,79,110769,28,217991,129,20.02902840002207
6,1,,2026-07-30T22:20:50.047284,2044695,111104,48217,111104,17390,111104,4334,111104,690,111104,62,111104,18,217780,120,20.028828499955125
6,1,,2026-07-30T22:21:10.075296,2042417,111746,48766,111746,17567,111746,4446,111746,688,111746,83,111746,22,218055,143,20.028549399983604
6,1,,2026-07-30T22:21:30.103816,2043495,111518,48250,111518,17222,111518,4426,111518,742,111518,104,111518,27,217649,149,20.029071800003294
6,1,,2026-07-30T22:21:50.132465,2041635,110729,47943,110729,17244,110729,4373,110729,698,110729,89,110729,27,217689,132,20.029171000001952
6,1,,2026-07-30T22:22:10.162067,2041256,111166,48256,111166,17241,111166,4507,111166,691,111166,82,111166,25,217546,129,20.0300463999738
6,1,,2026-07-30T22:22:30.190505,2041295,111150,48345,111150,17347,111150,4456,111150,730,111150,80,111150,20,217063,139,20.02889449999202
6,1,,2026-07-30T22:22:50.219593,2041315,110436,48045,110436,17171,110436,4397,110436,727,110436,105,110436,24,217591,125,20.029703800042626
6,1,,2026-07-30T22:23:10.247766,2040519,111328,48315,111328,17275,111328,4474,111328,723,111328,92,111328,20,217718,140,20.028671999985818
6,1,,2026-07-30T22:23:30.275833,2039421,110982,48189,110982,17389,110982,4397,110982,700,110982,93,110982,17,217922,127,20.0285458000144
6,1,,2026-07-30T22:23:50.303791,2039398,111258,48278,111258,17267,111258,4379,111258,705,111258,83,111258,26,218133,145,20.0285030999803
6,1,,2026-07-30T22:24:10.333208,2038563,111823,48414,111823,17519,111823,4436,111823,695,111823,93,111823,19,217780,123,20.029845899960492
6,1,,2026-07-30T22:24:30.362581,2037681,111509,48683,111509,17342,111509,4469,111509,752,111509,77,111509,16,217046,135,20.02987430000212
6,1,,2026-07-30T22:24:50.390824,2037160,111078,48035,111078,17452,111078,4376,111078,768,111078,85,111078,23,217986,118,20.02870049997
6,1,,2026-07-30T22:25:10.418361,2033596,110342,47651,110342,17388,110342,4428,110342,734,110342,99,110342,28,217242,116,20.02821259998018
6,1,,2026-07-30T22:25:30.446841,2034541,110755,48028,110755,17327,110755,4328,110755,719,110755,80,110755,14,217563,141,20.029077899991535
6,1,,2026-07-30T22:25:50.473572,2036595,110780,48146,110780,17318,110780,4414,110780,759,110780,97,110780,18,217829,129,20.027229900006205
6,1,,2026-07-30T22:26:10.501856,2033198,110857,48112,110857,17261,110857,4395,110857,716,110857,93,110857,22,217147,124,20.028816299978644
6,1,,2026-07-30T22:26:30.530347,2033422,110925,48137,110925,17165,110925,4408,110925,706,110925,95,110926,22,216820,134,20.028985499986447
6,1,,2026-07-30T22:26:50.558683,2031619,110705,47979,110705,17382,110705,4392,110705,714,110705,97,110704,20,217219,150,20.02881389996037
6,1,,2026-07-30T22:27:10.586889,2030280,110952,48130,110952,17507,110952,4441,110952,700,110952,85,110952,18,217753,152,20.028674700006377
6,1,,2026-07-30T22:27:30.615331,2031157,111062,48107,111062,17500,111062,4413,111062,713,111062,87,111062,23,216973,142,20.02891950000776
6,1,,2026-07-30T22:27:50.641344,2032326,111068,48108,111068,17332,111068,4390,111068,720,111068,86,111068,24,217441,131,20.026604100014083
6,1,,2026-07-30T22:28:10.669214,2028442,111570,48180,111570,17532,111570,4426,111570,745,111570,90,111570,21,217535,123,20.028509799973108
6,1,,2026-07-30T22:28:30.697231,2028164,111244,48254,111244,17442,111244,4431,111244,684,111244,89,111244,26,217337,120,20.028505700000096
6,1,,2026-07-30T22:28:50.726072,2032339,110786,48310,110786,17490,110786,4411,110786,638,110786,113,110786,19,217300,122,20.029358199972194
6,1,,2026-07-30T22:29:10.753467,2030469,110836,48523,110836,17183,110836,4333,110836,676,110836,65,110836,13,218172,135,20.02790059999097
6,1,,2026-07-30T22:29:30.781168,2027825,111215,48328,111215,17403,111215,4448,111215,698,111215,82,111215,29,218815,127,20.02823709999211
6,1,,2026-07-30T22:29:50.810235,2031297,111506,48226,111506,17451,111506,4540,111506,695,111506,85,111506,25,217810,127,20.029670800024178
6,1,,2026-07-30T22:30:10.836386,2029841,111714,48628,111714,17340,111714,4463,111714,771,111714,76,111714,20,217280,125,20.026604300015606
6,1,,2026-07-30T22:30:30.864622,2030835,110809,48042,110809,17470,110809,4393,110809,710,110809,84,110809,24,218055,140,20.02881129999878
6,1,,2026-07-30T22:30:50.894311,2033113,111633,48560,111633,17563,111633,4492,111633,729,111633,64,111633,19,217730,135,20.029992200026754
6,1,,2026-07-30T22:31:10.921645,2032714,111372,47850,111372,17637,111372,4443,111372,755,111372,96,111372,14,218354,125,20.027835300017614
6,1,,2026-07-30T22:31:30.949756,2034383,111672,48294,111672,17555,111672,4426,111672,747,111672,82,111672,27,218681,164,20.02872760000173
6,1,,2026-07-30T22:31:50.978328,2033047,111169,48473,111169,17290,111169,4393,111169,739,111169,86,111169,18,218557,140,20.029062299989164
6,1,,2026-07-30T22:32:11.007563,2035061,111604,48566,111604,17417,111604,4442,111604,667,111604,102,111604,26,218351,136,20.029708899965044
6,1,,2026-07-30T22:32:31.036155,2034432,112310,48728,112310,17613,112310,4413,112310,739,112310,90,112310,22,217542,110,20.029033899947535
6,1,,2026-07-30T22:32:51.064278,2036808,111390,48496,111390,17401,111390,4398,111390,741,111390,85,111390,24,218459,112,20.02863559999969
6,1,,2026-07-30T22:33:11.092202,2035940,111033,48162,111033,17532,111033,4468,111033,691,111033,78,111033,14,218777,140,20.028415100008715
6,1,,2026-07-30T22:33:31.120829,2038114,111022,48187,111022,17339,111022,4432,111022,689,111022,95,111022,20,218681,143,20.02913419995457
6,1,,2026-07-30T22:33:51.148567,2036152,111210,48601,111210,17145,111210,4284,111210,744,111210,88,111210,23,218483,143,20.028235400037374
6,1,,2026-07-30T22:34:11.177229,2042123,111387,48601,111387,17323,111387,4360,111387,740,111387,89,111387,24,218521,159,20.029158900026232
6,1,,2026-07-30T22:34:31.206468,2036090,111447,48428,111447,17202,111447,4487,111447,689,111447,79,111447,29,218451,142,20.029697000049055
6,1,,2026-07-30T22:34:51.234245,2042052,111841,48494,111841,17230,111841,4395,111841,715,111841,74,111841,21,218914,111,20.028261500003282
6,1,,2026-07-30T22:35:11.260849,2039604,111204,48298,111204,17324,111204,4456,111204,759,111204,110,111204,22,219280,130,20.02720049995696
6,1,,2026-07-30T22:35:31.287978,2039328,110972,48314,110972,17291,110972,4354,110972,683,110972,79,110972,20,218567,141,20.027775100024883
6,1,,2026-07-30T22:35:51.316585,2042192,111601,48154,111601,17596,111601,4477,111601,729,111601,81,111601,23,219620,125,20.02914439997403
6,1,,2026-07-30T22:36:11.345432,2045392,111590,48649,111590,17534,111590,4284,111590,739,111590,73,111590,21,218646,142,20.029313499981072
6,1,,2026-07-30T22:36:31.373936,2042542,111152,48478,111152,16974,111152,4416,111152,696,111152,89,111152,17,219387,124,20.02888840000378
6,1,,2026-07-30T22:36:51.402132,2043548,112088,48488,112088,17567,112088,4575,112088,710,112088,85,112088,24,218408,125,20.028594300034456
6,1,,2026-07-30T22:37:11.431021,2045120,111602,48664,111602,17439,111602,4438,111602,702,111602,91,111602,13,218071,140,20.029393700009678
6,1,,2026-07-30T22:37:31.459228,2045479,111569,48618,111569,17430,111569,4464,111569,711,111569,86,111569,29,218947,137,20.0286484999815
6,1,,2026-07-30T22:37:51.486211,2043854,111368,48412,111368,17358,111368,4355,111368,697,111368,94,111368,28,219226,114,20.02744780003559
6,1,,2026-07-30T22:38:11.514537,2046202,111498,48559,111498,17486,111498,4347,111498,696,111498,85,111498,17,218174,139,20.02879579999717
6,1,,2026-07-30T22:38:31.543418,2044992,111847,48407,111847,17625,111847,4393,111847,683,111847,89,111847,27,217977,161,20.029323099995963
6,1,,2026-07-30T22:38:51.571343,2048579,111507,48398,111507,17313,111507,4492,111507,744,111507,95,111507,24,219088,156,20.028392600012012
6,1,,2026-07-30T22:39:11.599610,2045754,111256,48392,111256,17493,111256,4453,111256,735,111256,95,111256,26,219058,126,20.028515000012703
6,1,,2026-07-30T22:39:31.627412,2047358,111340,48545,111340,17167,111340,4323,111340,706,111340,96,111340,25,219055,136,20.02825719997054
6,1,,2026-07-30T22:39:51.656389,2045838,111413,48410,111413,17408,111413,4461,111413,693,111413,79,111413,25,218230,125,20.029402800020762
6,1,,2026-07-30T22:40:11.684681,2047192,111014,48204,111014,17382,111014,4413,111014,755,111014,96,111014,29,218912,136,20.028818399994634
6,1,,2026-07-30T22:40:31.712282,2046711,110623,48037,110623,17322,110623,4474,110623,718,110623,89,110623,30,218888,148,20.028093600005377
6,1,,2026-07-30T22:40:51.741486,2045608,111543,48669,111543,17401,111543,4363,111543,761,111543,105,111543,15,218780,161,20.029601999965962
6,1,,2026-07-30T22:41:11.770406,2047122,111093,48484,111093,17493,111093,4370,111093,614,111093,84,111093,24,218390,122,20.02924979996169
6,1,,2026-07-30T22:41:31.799911,2045347,111953,48773,111953,17611,111953,4457,111953,751,111953,77,111953,18,218627,146,20.029961499967612
6,1,,2026-07-30T22:41:51.828315,2044678,111477,48452,111477,17492,111477,4301,111477,686,111477,69,111477,23,217956,133,20.0288903999608
6,1,,2026-07-30T22:42:11.857500,2043322,110952,48416,110952,17506,110952,4311,110952,754,110952,81,110952,15,218032,136,20.029610700032208
6,1,,2026-07-30T22:42:31.887172,2044002,110559,47999,110559,17517,110559,4276,110559,711,110559,91,110559,18,218294,138,20.03006540000206
6,1,,2026-07-30T22:42:51.915937,2041648,111198,48249,111198,17421,111198,4423,111198,729,111198,92,111198,27,217977,120,20.0292472000001
6,1,,2026-07-30T22:43:11.944616,2042542,111147,48379,111147,17542,111147,4351,111147,695,111147,107,111147,24,217184,122,20.029091999982484
6,1,,2026-07-30T22:43:31.973992,2039229,111227,48373,111227,17421,111227,4355,111227,729,111227,81,111227,23,217246,129,20.029785899969283
6,1,,2026-07-30T22:43:52.002139,2037768,110936,48228,110936,17208,110936,4465,110936,712,110936,102,110936,16,217541,136,20.028461099951528
6,1,,2026-07-30T22:44:12.030566,2040147,111660,48410,111660,17603,111660,4479,111660,762,111660,83,111660,27,217443,127,20.02890470001148
6,1,,2026-07-30T22:44:32.058775,2037516,110854,47906,110854,17278,110854,4420,110854,742,110854,90,110854,19,216886,151,20.028602999984287
6,1,,2026-07-30T22:44:52.086813,2040305,111309,48494,111309,17451,111309,4356,111309,725,111309,94,111309,33,217420,124,20.028394199965987
6,1,,2026-07-30T22:45:12.115133,2037476,110924,48176,110924,17406,110924,4395,110924,712,110924,85,110924,30,217777,120,20.02875589998439
6,1,,2026-07-30T22:45:32.142720,2037332,111111,48409,111111,17407,111111,4456,111111,741,111111,85,111111,23,217613,136,20.02803360001417
6,1,,2026-07-30T22:45:52.171080,2036969,111057,48550,111057,17059,111057,4352,111057,735,111057,71,111057,17,217559,127,20.02874169999268
6,1,,2026-07-30T22:46:12.200301,2035848,110445,47851,110445,17197,110445,4403,110445,691,110445,92,110445,25,217633,159,20.02955729997484
6,1,,2026-07-30T22:46:32.229391,2033632,110650,47937,110650,17118,110650,4374,110650,746,110650,84,110650,30,216386,140,20.029456500022206
6,1,,2026-07-30T22:46:52.258751,2037221,111609,48127,111609,17430,111609,4506,111609,724,111609,85,111609,19,218122,137,20.029289700032678
6,1,,2026-07-30T22:47:12.286451,2032404,111000,48250,111000,17099,111000,4432,111000,773,111000,76,111000,20,216643,146,20.028079300012905
6,1,,2026-07-30T22:47:32.315926,2033616,110937,48065,110937,17419,110937,4246,110937,686,110937,94,110937,20,218130,132,20.029850999999326
6,1,,2026-07-30T22:47:52.344145,2031341,110701,48157,110701,17338,110701,4401,110701,710,110701,99,110701,31,217015,129,20.028704299998935
6,1,,2026-07-30T22:48:12.370381,2029579,111305,48339,111305,17560,111305,4302,111305,714,111305,89,111305,22,217110,121,20.026690699975006
6,1,,2026-07-30T22:48:32.397556,2028754,111098,48113,111098,17420,111098,4450,111098,740,111098,76,111098,24,217442,134,20.02766740001971
6,1,,2026-07-30T22:48:52.425965,2029378,110999,48156,110999,17206,110999,4463,110999,742,110999,87,110999,25,217174,139,20.028734100051224
6,1,,2026-07-30T22:49:12.454790,2031471,110842,48063,110842,17231,110842,4382,110842,705,110842,78,110842,29,216483,122,20.0292890999699
6,1,,2026-07-30T22:49:32.482834,2029312,111074,48260,111074,17203,111074,4397,111074,736,111074,89,111074,35,216917,139,20.028447100019548
6,1,,2026-07-30T22:49:52.511505,2028319,111472,48249,111472,17601,111472,4435,111472,732,111472,92,111472,23,216787,115,20.02901690005092
6,1,,2026-07-30T22:50:12.540470,2030342,111236,48194,111236,17386,111236,4407,111236,719,111236,67,111236,16,218154,133,20.02934870001627
6,1,,2026-07-30T22:50:32.568255,2029298,111679,48378,111679,17505,111679,4495,111679,745,111679,79,111679,26,217071,124,20.028172399965115
6,1,,2026-07-30T22:50:52.596090,2027678,111613,48108,111613,17511,111613,4425,111613,696,111613,104,111613,28,217787,132,20.028259599988814
6,1,,2026-07-30T22:51:12.624705,2031140,111254,47860,111254,17461,111254,4461,111254,750,111254,85,111254,29,217379,126,20.029081699962262
6,1,,2026-07-30T22:51:32.653153,2033122,111295,48121,111295,17325,111295,4374,111295,700,111295,84,111295,21,218151,150,20.02881869999692
6,1,,2026-07-30T22:51:52.682333,2031571,111043,48187,111043,17252,111043,4476,111043,734,111043,81,111043,18,218305,120,20.029547800018918
6,1,,2026-07-30T22:52:12.710291,2030813,111154,48035,111154,17124,111154,4367,111154,703,111154,79,111154,20,217716,132,20.02836690004915
6,1,,2026-07-30T22:52:32.739241,2032614,111454,48429,111454,17452,111454,4393,111454,706,111454,71,111454,17,217444,131,20.029112499963958
6,1,,2026-07-30T22:52:52.767666,2032277,111269,47935,111269,17444,111269,4333,111269,700,111269,97,111269,26,217882,131,20.02877149998676
6,1,,2026-07-30T22:53:12.795506,2031463,111145,48368,111145,17146,111145,4383,111145,652,111145,86,111145,27,219198,135,20.02822959999321
6,1,,2026-07-30T22:53:32.823628,2034455,111200,47785,111200,17399,111200,4472,111200,717,111200,77,111200,29,218649,138,20.02849850000348
6,1,,2026-07-30T22:53:52.850047,2034283,111025,48090,111025,17353,111025,4373,111025,750,111025,95,111025,15,217589,129,20.026852799986955
6,1,,2026-07-30T22:54:12.879262,2038708,111150,48247,111150,17294,111150,4358,111150,743,111150,72,111150,23,217938,139,20.029664400033653
6,1,,2026-07-30T22:54:32.907958,2036818,111804,48308,111804,17410,111804,4394,111804,729,111804,90,111804,23,217815,140,20.029079400002956
6,1,,2026-07-30T22:54:52.936486,2040314,111259,48402,111259,17420,111259,4513,111259,737,111259,102,111259,29,218708,142,20.028860099962912
6,1,,2026-07-30T22:55:12.965244,2041068,111086,48085,111086,17485,111086,4396,111086,758,111086,91,111086,25,218068,127,20.029126000008546
6,1,,2026-07-30T22:55:32.994076,2040632,111684,48389,111684,17497,111684,4414,111684,701,111684,82,111684,26,218588,134,20.029099600040354
6,1,,2026-07-30T22:55:53.022739,2038493,111720,48227,111720,17489,111720,4502,111720,747,111720,83,111720,18,219538,126,20.028897000011057
6,1,,2026-07-30T22:56:13.051393,2040818,111059,47917,111059,17534,111059,4402,111059,737,111059,91,111059,17,217757,137,20.02896729996428
6,1,,2026-07-30T22:56:33.080232,2041454,111040,48291,111040,17392,111040,4447,111040,717,111040,103,111040,22,218537,137,20.029192699992564
6,1,,2026-07-30T22:56:53.109612,2041044,111522,48363,111522,17262,111522,4336,111522,647,111522,87,111522,22,218612,135,20.029762400023174
6,1,,2026-07-30T22:57:13.138619,2042047,111978,48536,111978,17303,111978,4410,111978,720,111978,84,111978,28,219003,132,20.02939250000054
6,1,,2026-07-30T22:57:33.166442,2043174,111512,48350,111512,17475,111512,4275,111512,696,111512,93,111512,23,219278,132,20.028162300004624
6,1,,2026-07-30T22:57:53.195634,2040898,111651,48453,111651,17338,111651,4327,111651,711,111651,93,111651,35,218896,137,20.02945199998794
6,1,,2026-07-30T22:58:13.224431,2043924,111278,48288,111278,17393,111278,4374,111278,713,111278,89,111278,21,218667,138,20.02903979999246
6,1,,2026-07-30T22:58:33.253674,2042673,111479,48315,111479,17410,111479,4444,111479,769,111479,89,111479,20,218365,140,20.029567799996585
6,1,,2026-07-30T22:58:53.282059,2043042,112057,48724,112057,17470,112057,4403,112057,711,112057,77,112057,23,219328,137,20.028765099996235
6,1,,2026-07-30T22:59:13.309620,2042399,111211,48503,111211,17437,111211,4450,111211,718,111211,87,111211,20,218258,119,20.02792809996754
6,1,,2026-07-30T22:59:33.338622,2047176,111831,48794,111831,17259,111831,4383,111831,736,111831,84,111831,29,218821,124,20.029439500009175
6,1,,2026-07-30T22:59:53.367443,2043552,111266,48115,111266,17602,111266,4377,111266,731,111266,90,111266,19,218131,119,20.029188599961344
6,1,,2026-07-30T23:00:13.395487,2044839,112047,48300,112047,17557,112047,4376,112047,725,112047,86,112047,23,218200,137,20.028405099990778
6,1,,2026-07-30T23:00:33.423895,2047712,110624,47922,110624,17152,110624,4389,110624,690,110624,77,110624,35,219033,144,20.02874929999234
6,1,,2026-07-30T23:00:53.452306,2042956,111089,48291,111089,17362,111089,4361,111089,704,111089,94,111089,29,218452,136,20.028703399992082
6,1,,2026-07-30T23:01:13.482368,2047889,111623,48573,111623,17297,111623,4351,111623,700,111623,83,111623,26,218057,138,20.030368499981705
6,1,,2026-07-30T23:01:33.510876,2044687,111295,48100,111295,17288,111295,4161,111295,735,111295,89,111295,20,218538,136,20.028842200001236
6,1,,2026-07-30T23:01:53.539592,2045825,111272,48295,111272,17201,111272,4411,111272,734,111272,80,111272,26,219462,116,20.029016599990427
6,1,,2026-07-30T23:02:13.567384,2044688,111578,48789,111578,17235,111578,4470,111578,695,111578,91,111578,21,217878,145,20.028123299998697
6,1,,2026-07-30T23:02:33.595573,2043472,110967,48154,110967,17343,110967,4305,110967,696,110967,80,110967,23,218082,141,20.02851620002184
6,1,,2026-07-30T23:02:53.624597,2046845,111558,48543,111558,17397,111559,4305,111559,778,111559,89,111559,24,218139,133,20.029314999992494
6,1,,2026-07-30T23:03:13.652546,2040929,111087,48286,111087,17276,111086,4383,111086,691,111086,93,111086,15,218216,133,20.02828570001293
6,1,,2026-07-30T23:03:33.680598,2041460,111540,48287,111540,17410,111540,4506,111540,681,111540,95,111540,23,218080,130,20.028381099982653
6,1,,2026-07-30T23:03:53.708667,2042112,111106,48299,111106,17408,111106,4443,111106,696,111106,78,111106,23,218056,147,20.028466199990362
6,1,,2026-07-30T23:04:13.737597,2041511,111085,48340,111085,17094,111085,4240,111085,725,111085,99,111085,23,218483,126,20.029273500025738
6,1,,2026-07-30T23:04:33.766388,2042419,111359,48301,111359,17275,111359,4398,111359,703,111359,86,111359,15,218145,116,20.029133900010493
6,1,,2026-07-30T23:04:53.795162,2041181,111767,48233,111767,17679,111767,4374,111767,703,111767,76,111767,25,217559,146,20.029090200026985
6,1,,2026-07-30T23:05:13.824521,2041918,111666,48610,111666,17535,111666,4387,111666,698,111666,99,111666,16,218599,117,20.029704299988225
6,1,,2026-07-30T23:05:33.852626,2038735,110976,47930,110976,17200,110976,4512,110976,706,110976,98,110976,24,218526,126,20.028402699972503
6,1,,2026-07-30T23:05:53.881504,2038692,111466,48438,111466,17323,111466,4374,111466,716,111466,84,111466,20,217890,107,20.02917829999933
6,1,,2026-07-30T23:06:13.910607,2039059,111131,48111,111131,17203,111131,4381,111131,679,111131,93,111131,19,217831,139,20.029392700002063
6,1,,2026-07-30T23:06:33.939341,2038252,111123,47875,111123,17398,111123,4483,111123,669,111123,75,111123,18,218196,153,20.02893359999871
6,1,,2026-07-30T23:06:53.969141,2035751,110337,47859,110337,16988,110337,4314,110337,709,110337,101,110337,19,217937,134,20.030088600004092
6,1,,2026-07-30T23:07:13.998804,2037184,110959,47718,110959,17368,110959,4435,110959,717,110959,79,110959,20,217622,147,20.029924600035883
6,1,,2026-07-30T23:07:34.027517,2035565,111008,48273,111008,17434,111008,4337,111008,636,111008,100,111008,31,217629,121,20.02898499998264
6,1,,2026-07-30T23:07:54.056519,2034419,110773,47968,110773,17115,110773,4414,110773,749,110773,82,110773,28,217544,138,20.029340199951548
6,1,,2026-07-30T23:08:14.085644,2033820,110580,47881,110580,16991,110580,4462,110580,676,110580,90,110580,19,217578,116,20.029342100024223
6,1,,2026-07-30T23:08:34.114023,2033603,111050,48017,111050,17284,111050,4454,111050,713,111050,78,111050,22,217420,160,20.028686099976767
6,1,,2026-07-30T23:08:54.141029,2033093,111299,48045,111299,17431,111299,4371,111299,701,111299,86,111299,31,218033,141,20.027305399999022
6,1,,2026-07-30T23:09:14.168825,2029722,111137,48026,111137,17168,111137,4414,111137,720,111137,106,111137,25,217147,138,20.02819179999642
6,1,,2026-07-30T23:09:34.196921,2031800,110299,47506,110299,17314,110299,4343,110299,712,110299,87,110299,16,217839,132,20.02828570001293
6,1,,2026-07-30T23:09:54.225994,2031254,110864,48076,110864,17435,110864,4422,110864,706,110864,93,110864,27,217240,132,20.029440900019836
6,1,,2026-07-30T23:10:14.254142,2029445,110443,47605,110443,17162,110443,4282,110443,682,110443,72,110443,19,217102,142,20.02845540002454
6,1,,2026-07-30T23:10:34.282579,2028090,110502,47632,110502,17152,110502,4408,110502,709,110502,89,110502,25,216971,132,20.028731699974742
6,1,,2026-07-30T23:10:54.311553,2029531,110681,48124,110681,17131,110681,4420,110681,728,110681,97,110681,29,215937,148,20.02924800000619
6,1,,2026-07-30T23:11:14.341101,2027992,110811,48065,110811,17301,110811,4316,110811,744,110811,85,110811,27,216808,117,20.02973850001581
6,1,,2026-07-30T23:11:34.369274,2026794,110404,47554,110404,17280,110404,4418,110404,715,110404,91,110404,22,216005,141,20.028461099951528
6,1,,2026-07-30T23:11:54.397550,2025216,111148,47888,111148,17409,111148,4430,111148,683,111148,93,111148,23,216955,134,20.028564299980644
6,1,,2026-07-30T23:12:14.426905,2025936,111124,48197,111124,17183,111124,4403,111124,688,111124,91,111124,26,215477,127,20.029600300011225
6,1,,2026-07-30T23:12:34.453339,2024904,110980,48391,110980,17219,110980,4334,110980,729,110980,96,110980,30,216825,154,20.02663560002111
6,1,,2026-07-30T23:12:54.480248,2024441,111026,48309,111026,17299,111026,4159,111026,716,111026,76,111026,25,216918,143,20.027317799977027
6,1,,2026-07-30T23:13:14.510210,2022309,111572,48174,111572,17292,111572,4330,111572,686,111572,99,111572,27,216694,147,20.030349700013176
6,1,,2026-07-30T23:13:34.538141,2025905,110949,47731,110949,17494,110949,4342,110949,709,110949,77,110949,17,217408,123,20.028154300001916
6,1,,2026-07-30T23:13:54.567188,2023735,110477,47861,110477,17326,110477,4366,110477,712,110477,107,110477,25,217327,115,20.029319099965505
6,1,,2026-07-30T23:14:14.596631,2024698,111011,47999,111011,17186,111011,4461,111011,729,111011,77,111011,21,217619,121,20.0296802999801
6,1,,2026-07-30T23:14:34.625520,2024977,111220,47894,111220,17452,111220,4396,111220,720,111220,79,111220,31,216931,161,20.029100099985953
6,1,,2026-07-30T23:14:54.654150,2026954,111551,48441,111551,17186,111551,4380,111551,716,111551,80,111551,17,216883,136,20.02890059998026
6,1,,2026-07-30T23:15:14.682235,2029689,110624,47991,110624,17255,110624,4415,110624,685,110624,77,110624,25,217698,145,20.028386699967086
6,1,,2026-07-30T23:15:34.710406,2031738,111131,48488,111131,17163,111131,4333,111131,732,111131,79,111131,18,217702,141,20.0284599000006
6,1,,2026-07-30T23:15:54.738820,2032493,111444,48460,111444,17423,111444,4358,111444,708,111444,86,111444,24,217338,114,20.028644900012296
6,1,,2026-07-30T23:16:14.767218,2033886,111787,48302,111787,17600,111787,4407,111787,747,111787,92,111787,29,217617,115,20.028605100000277
6,1,,2026-07-30T23:16:34.796851,2031720,111413,48457,111413,17258,111413,4410,111413,714,111413,101,111413,20,217337,122,20.029798400006257
6,1,,2026-07-30T23:16:54.825557,2035036,111501,48489,111501,17394,111501,4457,111501,718,111501,80,111501,25,217285,118,20.028894999995828
6,1,,2026-07-30T23:17:14.853919,2034843,111654,48303,111654,17659,111654,4438,111654,688,111654,94,111654,29,218801,138,20.02863720001187
6,1,,2026-07-30T23:17:34.882269,2039737,111702,48716,111702,17557,111702,4376,111702,666,111702,105,111702,24,218743,135,20.028615799965337
6,1,,2026-07-30T23:17:54.911731,2037721,111698,48286,111698,17403,111698,4410,111698,732,111698,84,111698,27,218904,143,20.029800099960994
6,1,,2026-07-30T23:18:14.941446,2036762,111834,48670,111834,17635,111834,4448,111834,742,111834,89,111834,23,218096,133,20.02996080002049
6,1,,2026-07-30T23:18:34.970458,2040096,111581,48541,111581,17482,111581,4358,111581,725,111581,94,111581,28,218849,121,20.02912479999941
6,1,,2026-07-30T23:18:54.999257,2039681,112352,49013,112352,17344,112352,4442,112352,718,112352,78,112352,28,218944,134,20.02896480000345
6,1,,2026-07-30T23:19:15.027639,2039731,111453,48369,111453,17401,111453,4234,111453,709,111453,99,111453,28,218671,126,20.02863419998903
6,1,,2026-07-30T23:19:35.056118,2042326,111378,48273,111378,17534,111378,4429,111378,742,111378,81,111378,29,218128,134,20.028796900005545
6,1,,2026-07-30T23:19:55.083998,2043054,111632,48377,111632,17428,111632,4342,111632,717,111632,81,111632,19,218978,129,20.028131500002928
6,1,,2026-07-30T23:20:15.112852,2041693,112179,48467,112179,17576,112179,4417,112179,752,112179,79,112179,20,218966,137,20.029096300015226
6,1,,2026-07-30T23:20:35.141555,2046479,111766,48606,111766,17330,111766,4359,111766,736,111766,100,111766,26,218379,146,20.02884049998829
6,1,,2026-07-30T23:20:55.169498,2045144,111318,48125,111318,17483,111318,4473,111318,745,111318,92,111318,11,218718,149,20.02819520002231
6,1,,2026-07-30T23:21:15.197948,2041637,111108,48347,111108,17218,111108,4384,111108,762,111108,93,111108,24,218984,141,20.028729299956467
6,1,,2026-07-30T23:21:35.226016,2039300,111507,48361,111507,17395,111507,4422,111507,705,111507,89,111507,27,218413,126,20.02830410003662
6,1,,2026-07-30T23:21:55.255311,2041378,111418,48291,111418,17245,111418,4322,111418,744,111418,74,111418,18,219356,153,20.029529499995988
6,1,,2026-07-30T23:22:15.284238,2043177,111563,48555,111563,17146,111563,4441,111563,661,111563,88,111563,23,218714,132,20.029042000009213
6,1,,2026-07-30T23:22:35.313767,2043061,111088,48182,111088,17108,111088,4380,111088,734,111088,89,111088,19,218907,128,20.029766499996185
6,1,,2026-07-30T23:22:55.342078,2043009,111194,48128,111194,17428,111194,4375,111194,718,111194,88,111194,31,218810,128,20.028527200047392
6,1,,2026-07-30T23:23:15.370401,2040678,111601,48711,111601,17341,111601,4211,111601,690,111601,93,111601,20,218734,134,20.028513800003566
6,1,,2026-07-30T23:23:35.399056,2044321,112098,48496,112098,17500,112098,4497,112098,633,112098,78,112098,27,218871,138,20.028968899976462
6,1,,2026-07-30T23:23:55.427868,2042357,111310,48441,111310,17293,111310,4392,111310,729,111310,84,111310,27,218124,129,20.02905399998417
6,1,,2026-07-30T23:24:15.456245,2043787,111710,48498,111710,17590,111710,4370,111710,666,111710,89,111710,20,219437,141,20.028567300003488
6,1,,2026-07-30T23:24:35.486318,2044323,111969,48470,111969,17531,111969,4451,111969,732,111969,102,111969,29,218992,132,20.030356300005224
6,1,,2026-07-30T23:24:55.514933,2046674,111821,48742,111821,17529,111821,4327,111821,688,111821,79,111821,17,219597,156,20.028945599973667
6,1,,2026-07-30T23:25:15.544604,2044728,111583,48393,111583,17424,111583,4411,111583,709,111583,98,111583,23,218193,130,20.02982150000753
6,1,,2026-07-30T23:25:35.573953,2046219,111415,48331,111415,17531,111415,4327,111415,712,111415,103,111415,15,218586,129,20.02948430000106
6,1,,2026-07-30T23:25:55.602467,2046167,111314,48380,111314,17419,111314,4345,111314,687,111314,87,111314,33,218477,123,20.028632099973038
6,1,,2026-07-30T23:26:15.631542,2045814,111086,48355,111086,17263,111086,4312,111086,730,111086,81,111086,19,218880,129,20.029292099992745
6,1,,2026-07-30T23:26:35.661728,2044719,111648,48719,111648,17310,111648,4368,111648,724,111648,75,111648,20,219183,127,20.03036910004448
6,1,,2026-07-30T23:26:55.690976,2044462,111446,48295,111446,17184,111446,4407,111446,673,111446,84,111446,23,217986,153,20.029053599981125
6,1,,2026-07-30T23:27:15.719872,2043592,111341,48323,111341,17403,111341,4411,111341,685,111341,86,111341,25,218763,148,20.029119700018782
6,1,,2026-07-30T23:27:35.747819,2046995,111473,48746,111473,17274,111473,4379,111473,732,111473,88,111473,25,218302,135,20.02822139998898
6,1,,2026-07-30T23:27:55.775940,2043678,111401,48045,111401,17434,111401,4382,111401,754,111402,87,111402,16,218409,140,20.028453600010835
6,1,,2026-07-30T23:28:15.805554,2043761,111299,48674,111299,17200,111299,4346,111299,684,111298,82,111298,37,218283,129,20.029816000023857
6,1,,2026-07-30T23:28:35.834685,2043907,111305,48336,111305,17461,111305,4374,111305,719,111305,90,111305,17,218342,128,20.029364500020165
6,1,,2026-07-30T23:28:55.862886,2041454,111578,48528,111578,17251,111578,4366,111578,665,111578,81,111578,27,218155,128,20.02841129997978
6,1,,2026-07-30T23:29:15.891131,2042514,111220,48204,111220,17264,111220,4353,111220,735,111220,90,111220,27,218053,125,20.028474699996877
6,1,,2026-07-30T23:29:35.919280,2041170,110844,47985,110844,17098,110844,4376,110844,705,110844,99,110844,21,218427,108,20.02835849998519
6,1,,2026-07-30T23:29:55.947287,2040406,111242,47987,111242,17424,111242,4427,111242,708,111242,93,111242,19,217566,116,20.028321699996013
6,1,,2026-07-30T23:30:15.975460,2037622,110525,47683,110525,17280,110525,4348,110525,657,110525,97,110525,36,217909,157,20.028457800042816
6,1,,2026-07-30T23:30:36.004016,2041633,111530,48627,111530,17278,111530,4242,111530,720,111530,76,111530,25,217363,145,20.028779399988707
6,1,,2026-07-30T23:30:56.033752,2040301,111485,48544,111485,17252,111485,4349,111485,717,111485,86,111485,22,218373,134,20.030007100023795
6,1,,2026-07-30T23:31:16.062883,2038770,110488,47542,110488,17509,110488,4395,110488,754,110488,89,110488,19,217614,130,20.029269299993757
6,1,,2026-07-30T23:31:36.091247,2037382,111243,48171,111243,17376,111243,4404,111243,723,111243,103,111243,28,217586,138,20.028573899995536
6,1,,2026-07-30T23:31:56.119161,2036368,111581,48362,111581,17460,111581,4293,111581,703,111581,99,111581,25,217662,156,20.028121699986514
6,1,,2026-07-30T23:32:16.148213,2034210,111027,48243,111027,17331,111027,4389,111027,728,111027,90,111027,30,217871,165,20.02919450000627
6,1,,2026-07-30T23:32:36.177556,2034439,110807,48184,110807,17312,110807,4420,110807,719,110807,99,110807,24,217358,113,20.029573400039226
6,1,,2026-07-30T23:32:56.205425,2034588,110903,47837,110903,17237,110903,4353,110903,720,110903,82,110903,29,217394,146,20.028117900015786
6,1,,2026-07-30T23:33:16.234069,2031606,110838,47580,110838,17529,110838,4381,110838,685,110838,90,110838,21,217164,147,20.028837299963925
6,1,,2026-07-30T23:33:36.262295,2031657,111286,48164,111286,17346,111286,4453,111286,682,111286,86,111286,23,216992,100,20.028476600011345
6,1,,2026-07-30T23:33:56.291584,2030902,110371,48090,110371,17109,110371,4223,110371,666,110371,87,110371,19,217194,134,20.02948720002314
6,1,,2026-07-30T23:34:16.318322,2032054,110894,47990,110894,17398,110894,4337,110894,678,110894,104,110894,26,217721,133,20.026939400006086
6,1,,2026-07-30T23:34:36.346830,2031292,110818,48168,110818,17056,110818,4353,110818,710,110818,79,110818,13,217288,128,20.028805100009777
6,1,,2026-07-30T23:34:56.375616,2030385,110733,47788,110733,17461,110733,4423,110733,744,110733,97,110733,24,216623,114,20.02895599999465
6,1,,2026-07-30T23:35:16.402794,2029668,110584,47905,110584,17091,110584,4414,110584,751,110584,95,110584,21,217300,138,20.027404399996158
6,1,,2026-07-30T23:35:36.430384,2029560,110942,48015,110942,17187,110942,4302,110942,732,110942,80,110942,26,216738,124,20.027841500006616
6,1,,2026-07-30T23:35:56.458340,2027376,111185,48235,111185,17400,111185,4375,111185,710,111185,87,111185,23,217638,123,20.028189999982715
6,1,,2026-07-30T23:36:16.487734,2027655,110734,48039,110734,17362,110734,4433,110734,726,110734,92,110734,27,216778,117,20.02958440000657
6,1,,2026-07-30T23:36:36.515831,2026223,110703,47813,110703,17368,110703,4492,110703,721,110703,93,110703,26,216587,123,20.028299500001594
6,1,,2026-07-30T23:36:56.544553,2025877,110655,47936,110655,17194,110655,4363,110655,698,110655,90,110655,27,215904,125,20.02898310002638
6,1,,2026-07-30T23:37:16.572721,2021504,110501,48014,110501,17241,110501,4451,110501,682,110501,80,110501,29,216756,103,20.0283369999961
6,1,,2026-07-30T23:37:36.601720,2024290,110516,47772,110516,17244,110516,4413,110516,718,110516,95,110516,24,217323,134,20.02916729997378
6,1,,2026-07-30T23:37:56.631149,2025019,111377,48322,111377,17417,111377,4390,111377,732,111377,93,111377,27,217043,142,20.0296472000191
6,1,,2026-07-30T23:38:16.659580,2022605,110939,47697,110939,17608,110939,4444,110939,715,110939,79,110939,24,216565,130,20.028503399982583
6,1,,2026-07-30T23:38:36.687814,2024801,111143,48082,111143,17579,111143,4318,111143,699,111143,78,111143,19,216392,130,20.02851199998986
6,1,,2026-07-30T23:38:56.716368,2028037,110995,48127,110995,17227,110995,4438,110995,708,110995,98,110995,26,217030,114,20.028714600019157
6,1,,2026-07-30T23:39:16.745018,2026934,111008,48422,111008,17348,111008,4391,111008,735,111008,86,111008,20,217299,149,20.028907399973832
6,1,,2026-07-30T23:39:36.773470,2025686,111363,48532,111363,17347,111363,4436,111363,678,111363,85,111363,21,217823,146,20.02860449999571
6,1,,2026-07-30T23:39:56.801527,2026751,111593,48408,111593,17356,111593,4497,111593,707,111593,91,111593,18,216969,134,20.028343399986625
6,1,,2026-07-30T23:40:16.830738,2027718,111120,48173,111120,17446,111120,4428,111120,692,111120,89,111120,20,217114,140,20.02940929995384
6,1,,2026-07-30T23:40:36.860212,2025199,111053,48195,111053,17414,111053,4401,111053,659,111053,76,111053,22,217658,134,20.029560900002252
6,1,,2026-07-30T23:40:56.889299,2029116,111345,48447,111345,17490,111345,4450,111345,724,111345,96,111345,22,216989,143,20.029253399989102
6,1,,2026-07-30T23:41:16.917494,2027213,110854,48395,110854,17354,110854,4435,110854,687,110854,93,110854,26,217604,133,20.02834110002732
6,1,,2026-07-30T23:41:36.946795,2029725,111518,48603,111518,17328,111518,4404,111518,714,111518,107,111518,29,217891,150,20.029429499991238
6,1,,2026-07-30T23:41:56.976003,2030338,111250,48176,111250,17470,111250,4407,111250,736,111250,125,111250,20,217882,138,20.029332700010855
6,1,,2026-07-30T23:42:17.003986,2032326,111483,48363,111483,17376,111483,4370,111483,701,111483,88,111483,22,217170,147,20.028283999999985
6,1,,2026-07-30T23:42:37.032775,2030602,111061,48169,111061,17249,111061,4357,111061,713,111061,94,111061,35,217694,127,20.02893979998771
6,1,,2026-07-30T23:42:57.062152,2031785,111525,48599,111525,17367,111525,4464,111525,689,111525,81,111525,15,216898,120,20.029560900002252
6,1,,2026-07-30T23:43:17.091216,2031526,111458,48170,111458,17466,111458,4390,111458,729,111458,94,111458,34,218022,145,20.029197299969383
6,1,,2026-07-30T23:43:37.119571,2031733,111680,48737,111680,17497,111680,4291,111680,725,111680,87,111680,28,217900,137,20.028564600041136
6,1,,2026-07-30T23:43:57.148135,2035395,111432,48309,111432,17517,111432,4422,111432,712,111432,92,111432,29,218136,130,20.028729799960274
6,1,,2026-07-30T23:44:17.178358,2036116,111222,48479,111222,17330,111222,4541,111222,683,111222,99,111222,19,217928,152,20.03042710002046
6,1,,2026-07-30T23:44:37.206186,2037873,112057,48900,112057,17412,112057,4409,112058,714,112058,93,112058,15,217927,146,20.028002200007904
6,1,,2026-07-30T23:44:57.233804,2038162,112378,49246,112378,17461,112378,4454,112377,667,112377,84,112377,24,218732,138,20.027805699966848
6,1,,2026-07-30T23:45:17.262203,2036496,111531,48424,111531,17485,111531,4383,111531,686,111531,98,111531,23,218309,136,20.02857949997997
6,1,,2026-07-30T23:45:37.291588,2040732,112030,48911,112030,17579,112030,4313,112030,716,112030,81,112030,19,219109,146,20.02953980001621
6,1,,2026-07-30T23:45:57.320029,2038697,111243,48239,111243,17361,111243,4282,111243,675,111243,86,111243,26,218745,117,20.028593399969395
6,1,,2026-07-30T23:46:17.382541,2042466,111912,48765,111912,17584,111912,4384,111912,697,111912,91,111912,28,218097,153,20.062698499998078
6,1,,2026-07-30T23:46:37.412302,2039271,111654,48524,111654,17409,111654,4425,111654,721,111654,97,111654,26,218935,144,20.029258099966682
6,1,,2026-07-30T23:46:57.441186,2037409,111391,48204,111391,17427,111391,4457,111391,737,111391,90,111391,18,217898,143,20.028948999999557
6,1,,2026-07-30T23:47:17.468621,2038075,111519,48197,111519,17520,111519,4445,111519,775,111519,97,111519,22,218788,122,20.02763570001116
6,1,,2026-07-30T23:47:37.497935,2039242,111696,48818,111696,17155,111696,4402,111696,739,111696,99,111696,21,219159,131,20.02945150004234
6,1,,2026-07-30T23:47:57.525523,2041875,111897,48698,111897,17519,111897,4443,111897,719,111897,92,111897,17,217944,140,20.027658900013193
6,1,,2026-07-30T23:48:17.551760,2040642,111287,48262,111287,17338,111287,4390,111287,708,111287,73,111287,23,218729,132,20.026456899999175
6,1,,2026-07-30T23:48:37.580591,2038876,111799,48664,111799,17575,111799,4385,111799,763,111799,85,111799,23,217741,110,20.0291789000039
6,1,,2026-07-30T23:48:57.608847,2042487,111421,48323,111421,17492,111421,4463,111421,698,111421,78,111421,25,219071,138,20.028401000017766
6,1,,2026-07-30T23:49:17.636877,2043015,112112,48837,112112,17458,112112,4406,112112,727,112112,86,112112,24,218557,132,20.028290199988987
6,1,,2026-07-30T23:49:37.665783,2044416,111157,48467,111157,17352,111157,4337,111157,634,111157,71,111157,27,218783,130,20.02901399997063
6,1,,2026-07-30T23:49:57.694340,2041486,111293,48558,111293,17469,111293,4438,111293,719,111293,85,111293,26,218677,133,20.028697600006126
6,1,,2026-07-30T23:50:17.722463,2043129,111023,48335,111023,17519,111023,4357,111023,679,111023,99,111023,26,219316,129,20.0282572999713
6,1,,2026-07-30T23:50:37.750632,2044563,112080,49029,112080,17340,112080,4504,112080,689,112080,91,112080,19,219388,139,20.028359499992803
6,1,,2026-07-30T23:50:57.779167,2044179,111303,48599,111303,17473,111303,4386,111303,658,111303,71,111303,28,218385,126,20.02855340001406
6,1,,2026-07-30T23:51:17.808814,2043907,111552,48215,111552,17385,111552,4464,111552,679,111552,72,111552,21,219171,143,20.02984000003198
6,1,,2026-07-30T23:51:37.836892,2044432,111639,48504,111639,17330,111639,4430,111639,726,111639,71,111639,18,219264,139,20.028203999972902
6,1,,2026-07-30T23:51:57.865332,2043136,111315,48260,111315,17263,111315,4398,111315,705,111315,101,111315,34,218719,125,20.028619999997318
6,1,,2026-07-30T23:52:17.894962,2042708,111602,48553,111602,17269,111602,4341,111602,735,111602,91,111602,16,218755,146,20.029641599976458
6,1,,2026-07-30T23:52:37.923248,2041024,111283,48157,111283,17435,111283,4359,111283,683,111283,81,111283,21,217828,123,20.028421299997717
6,1,,2026-07-30T23:52:57.952881,2043397,111683,48842,111683,17434,111683,4289,111683,686,111683,87,111683,24,218372,130,20.02977560000727
6,2,,2026-07-30T23:53:32.252129,2037967,124792,60187,124792,17799,124792,3801,124792,522,124792,58,124792,24,217636,121,20.028483500005677
6,2,,2026-07-30T23:53:52.279695,2038179,125541,59986,125541,18045,125541,3944,125541,551,125541,58,125541,21,216975,135,20.027718400000595
6,2,,2026-07-30T23:54:12.308289,2040660,125319,60274,125319,17747,125319,3881,125319,528,125319,75,125319,24,217172,152,20.028782100009266
6,2,,2026-07-30T23:54:32.336138,2039195,125407,60005,125407,17850,125407,3824,125407,530,125407,62,125407,28,217767,124,20.02796610002406
6,2,,2026-07-30T23:54:52.364876,2037630,124867,59543,124867,18065,124867,3891,124867,542,124867,58,124867,23,216789,140,20.02888840000378
6,2,,2026-07-30T23:55:12.394686,2036937,126055,60731,126055,17925,126055,3966,126055,527,126055,60,126055,24,216965,143,20.030030000023544
6,2,,2026-07-30T23:55:32.423943,2037437,125224,60010,125224,17783,125224,3921,125224,575,125224,69,125224,23,215868,125,20.02927009999985
6,2,,2026-07-30T23:55:52.451318,2035106,125334,60092,125334,17986,125334,3760,125334,547,125334,69,125334,14,215584,131,20.027404099993873
6,2,,2026-07-30T23:56:12.479626,2035917,125152,60285,125152,18014,125152,3886,125152,525,125152,52,125152,20,216085,137,20.028438100009225
6,2,,2026-07-30T23:56:32.507965,2031541,125421,60138,125421,17785,125421,3759,125421,558,125421,51,125421,25,216413,119,20.028437300003134
6,2,,2026-07-30T23:56:52.537013,2033267,126228,60170,126228,18150,126228,3860,126228,522,126228,60,126228,18,216967,154,20.029152699979022
6,2,,2026-07-30T23:57:12.567281,2032675,125246,59875,125246,17913,125246,3913,125246,562,125246,59,125246,18,217465,124,20.030387400009204
6,2,,2026-07-30T23:57:32.595904,2031893,125184,60095,125184,17837,125184,3720,125184,548,125184,59,125184,28,215588,128,20.02879040001426
6,2,,2026-07-30T23:57:52.624304,2034786,125172,60097,125172,17948,125172,3798,125172,526,125172,66,125172,10,216160,140,20.028505499998573
6,2,,2026-07-30T23:58:12.653492,2032252,125036,59830,125036,17859,125036,3822,125036,500,125036,64,125036,30,216606,122,20.029259200033266
6,2,,2026-07-30T23:58:32.682895,2029624,125616,60301,125616,18043,125616,3901,125616,566,125616,54,125616,18,216699,141,20.029492100002244
6,2,,2026-07-30T23:58:52.711841,2028731,125591,59997,125591,17953,125591,3956,125591,560,125591,57,125591,17,215538,125,20.028986199991778
6,2,,2026-07-30T23:59:12.741603,2032749,125350,60322,125350,18023,125350,3947,125350,518,125350,50,125350,31,216203,135,20.029905000003055
6,2,,2026-07-30T23:59:32.770613,2029748,125367,60017,125367,17992,125367,3836,125367,538,125367,58,125367,23,216079,145,20.029107699985616
6,2,,2026-07-30T23:59:52.798833,2027609,125475,60039,125475,18388,125475,3850,125475,498,125475,54,125475,29,216988,136,20.0283206999884
6,2,,2026-07-31T00:00:12.825130,2025696,125544,60380,125544,17852,125544,3909,125544,544,125544,57,125544,19,216053,142,20.026466900017112
6,2,,2026-07-31T00:00:32.854124,2024315,125470,60372,125470,18103,125470,3945,125470,569,125470,49,125470,18,215524,139,20.02923759998521
6,2,,2026-07-31T00:00:52.880954,2022674,124915,59862,124915,17918,124915,3905,124915,553,124915,50,124915,26,215616,119,20.026991299993824
6,2,,2026-07-31T00:01:12.909665,2026119,125114,59735,125114,17961,125114,3864,125114,557,125114,59,125114,23,216277,127,20.028878599987365
6,2,,2026-07-31T00:01:32.939198,2026166,125069,59985,125069,17997,125069,3888,125069,541,125069,55,125069,21,216269,148,20.02963639999507
6,2,,2026-07-31T00:01:52.968054,2027437,125699,59979,125699,18085,125699,3997,125699,544,125699,55,125699,24,216131,143,20.028948799998034
6,2,,2026-07-31T00:02:12.996520,2027969,125901,60276,125901,18090,125901,3954,125901,541,125901,57,125901,14,216673,130,20.028639799973462
6,2,,2026-07-31T00:02:33.025375,2030307,125980,60388,125980,18090,125980,3834,125980,549,125980,58,125980,20,216802,138,20.02888569998322
6,2,,2026-07-31T00:02:53.053917,2028698,125199,60084,125199,18159,125199,3860,125199,502,125199,61,125199,27,216904,140,20.028481900051702
6,2,,2026-07-31T00:03:13.082642,2030795,126101,60453,126101,17765,126101,3916,126101,513,126101,50,126101,25,216137,149,20.028810399991926
6,2,,2026-07-31T00:03:33.110646,2029226,125475,60102,125475,18060,125475,3861,125475,526,125475,45,125475,11,217400,123,20.028149600024335
6,2,,2026-07-31T00:03:53.138716,2031788,126282,60348,126282,18142,126282,3950,126282,541,126282,48,126282,21,216527,134,20.02816799998982
6,2,,2026-07-31T00:04:13.167479,2029544,126145,60566,126145,17986,126145,3997,126145,512,126145,70,126145,26,217230,117,20.02889369998593
6,2,,2026-07-31T00:04:33.196635,2032651,126325,60539,126325,18057,126325,3844,126325,527,126325,61,126325,39,217050,119,20.029311100021005
6,2,,2026-07-31T00:04:53.226375,2033674,126204,60511,126204,18063,126204,3929,126204,538,126204,50,126204,18,218213,133,20.029914600017946
6,2,,2026-07-31T00:05:13.255185,2035495,125522,60208,125522,18001,125522,3907,125522,532,125522,68,125522,22,217160,135,20.028825699992012
6,2,,2026-07-31T00:05:33.284157,2034966,126353,60790,126353,17984,126353,3891,126353,558,126353,56,126353,16,217478,127,20.029079199943226
6,2,,2026-07-31T00:05:53.312775,2033834,125618,60131,125618,18187,125618,3861,125618,505,125618,55,125618,26,217126,114,20.02872139995452
6,2,,2026-07-31T00:06:13.341687,2036951,126139,60569,126139,17954,126139,3972,126139,496,126139,60,126139,25,218670,142,20.028976599976886
6,2,,2026-07-31T00:06:33.370019,2033525,126434,60557,126434,18317,126434,3977,126434,473,126434,74,126434,21,217091,122,20.028441999980714
6,2,,2026-07-31T00:06:53.398348,2034186,124989,60167,124989,17940,124989,3856,124989,526,124989,62,124989,26,217095,126,20.028438600013033
6,2,,2026-07-31T00:07:13.428325,2039347,125793,60533,125793,18115,125793,3860,125793,523,125793,61,125793,24,216770,130,20.030050500005018
6,2,,2026-07-31T00:07:33.457245,2036295,126120,60566,126120,18196,126120,3871,126120,516,126120,55,126120,21,217806,120,20.029047599993646
6,2,,2026-07-31T00:07:53.485667,2038466,125763,60205,125763,18125,125763,3962,125763,529,125763,53,125763,23,218242,117,20.02855129999807
6,2,,2026-07-31T00:08:13.513232,2038729,126114,60764,126114,18193,126114,3944,126114,545,126114,67,126114,20,218105,138,20.027667099959217
6,2,,2026-07-31T00:08:33.542150,2037625,125967,60664,125967,17844,125967,3886,125967,530,125967,67,125967,24,217942,138,20.029019100009464
6,2,,2026-07-31T00:08:53.571235,2040292,126710,60969,126710,18261,126710,3977,126710,519,126710,59,126710,22,218472,128,20.029152799979784
6,2,,2026-07-31T00:09:13.598930,2041722,126190,60436,126190,18149,126190,3995,126190,493,126190,49,126190,19,218286,131,20.02779520000331
6,2,,2026-07-31T00:09:33.628229,2041043,125874,60670,125874,17985,125874,3862,125874,572,125874,56,125874,31,217958,149,20.029501600016374
6,2,,2026-07-31T00:09:53.656771,2041810,126282,60725,126282,18321,126282,3943,126282,567,126282,57,126282,10,217659,149,20.028709200036246
6,2,,2026-07-31T00:10:13.686126,2039674,126376,60850,126376,18149,126376,3969,126376,550,126376,63,126376,19,217347,143,20.029395800025668
6,2,,2026-07-31T00:10:33.715425,2040605,126326,60861,126326,18277,126326,3865,126326,572,126326,58,126326,29,217498,151,20.029433299961966
6,2,,2026-07-31T00:10:53.743010,2039778,125861,60606,125861,18022,125861,3936,125861,542,125861,55,125861,25,217045,131,20.027660799969453
6,2,,2026-07-31T00:11:13.771429,2038634,126032,60908,126032,18022,126032,3890,126032,563,126032,52,126032,23,216685,150,20.028586799977347
6,2,,2026-07-31T00:11:33.799145,2039716,125911,60845,125911,17988,125911,3914,125911,572,125911,70,125911,12,218142,138,20.027798200026155
6,2,,2026-07-31T00:11:53.827837,2039233,125727,60203,125727,18152,125727,3913,125727,516,125727,61,125727,28,218417,148,20.028893599985167
6,2,,2026-07-31T00:12:13.856080,2040236,126357,60738,126357,18254,126357,3890,126357,519,126357,69,126357,14,217546,136,20.028276400000323
6,2,,2026-07-31T00:12:33.884665,2042121,126588,60852,126588,18026,126588,3842,126588,538,126588,63,126588,18,218956,127,20.02875190001214
6,2,,2026-07-31T00:12:53.913386,2041232,126174,60638,126174,17976,126174,4109,126174,548,126174,72,126174,15,217778,137,20.028799399966374
6,2,,2026-07-31T00:13:13.941872,2041460,125577,60501,125577,18059,125577,4010,125577,533,125577,55,125577,20,217541,125,20.02849450003123
6,2,,2026-07-31T00:13:33.970234,2042873,125828,60766,125828,17801,125828,3942,125828,478,125828,61,125828,23,218270,151,20.02841949998401
6,2,,2026-07-31T00:13:54.000579,2041989,125913,60443,125913,17977,125913,3897,125913,533,125914,55,125914,27,218537,132,20.030340299999807
6,2,,2026-07-31T00:14:14.029055,2041425,125979,60857,125979,17820,125979,3865,125979,533,125978,66,125978,26,217584,135,20.02847770001972
6,2,,2026-07-31T00:14:34.057050,2043463,126468,60746,126468,18344,126468,3842,126468,549,126468,63,126468,22,218232,140,20.028064799960703
6,2,,2026-07-31T00:14:54.086423,2043948,125953,60669,125953,18025,125953,3839,125953,544,125953,67,125953,29,218234,133,20.029483299993444
6,2,,2026-07-31T00:15:14.115648,2042410,125815,60990,125815,17906,125815,3896,125815,482,125815,50,125815,33,216607,135,20.02932889998192
6,2,,2026-07-31T00:15:34.144423,2043103,125739,60135,125739,17902,125739,3892,125739,530,125739,55,125739,26,217421,137,20.028847599984147
6,2,,2026-07-31T00:15:54.172944,2043472,126190,60980,126190,18049,126190,3849,126190,549,126190,69,126190,29,217194,115,20.02852150000399
6,2,,2026-07-31T00:16:14.200970,2042086,126174,60488,126174,18045,126174,3922,126174,493,126174,53,126174,26,216915,129,20.028043000027537
6,2,,2026-07-31T00:16:34.230618,2041700,125460,60198,125460,18097,125460,3849,125460,522,125460,66,125460,22,217107,148,20.02984309999738
6,2,,2026-07-31T00:16:54.258456,2042318,125958,60749,125958,18007,125958,3919,125958,487,125958,54,125958,20,216575,131,20.02801810001256
6,2,,2026-07-31T00:17:14.287809,2042812,126265,60464,126265,18177,126265,3886,126265,492,126265,49,126265,22,217877,121,20.02944169996772
6,2,,2026-07-31T00:17:34.317565,2041800,126186,60384,126186,18089,126186,3834,126186,546,126186,59,126186,22,217580,132,20.029806500009727
6,2,,2026-07-31T00:17:54.347168,2040823,126048,60451,126048,17897,126048,3935,126048,533,126048,66,126048,24,217719,140,20.029445699998178
6,2,,2026-07-31T00:18:14.375987,2039774,126166,60787,126166,18050,126166,3875,126166,492,126166,60,126166,20,217453,122,20.02885659999447
6,2,,2026-07-31T00:18:34.405455,2038733,125666,60275,125666,18089,125666,3920,125666,537,125666,56,125666,19,216693,127,20.029506499995477
6,2,,2026-07-31T00:18:54.435458,2038600,125966,60397,125966,18134,125966,4022,125966,555,125966,67,125966,28,217606,146,20.030052200017963
6,2,,2026-07-31T00:19:14.464413,2038144,125682,60256,125682,17939,125682,3806,125682,529,125682,73,125682,22,216821,141,20.02897230000235
6,2,,2026-07-31T00:19:34.494404,2037644,126091,60341,126091,18073,126091,3955,126091,539,126091,63,126091,28,217358,111,20.030003699997906
6,2,,2026-07-31T00:19:54.523597,2034581,125367,60233,125367,17919,125367,3865,125367,530,125367,68,125367,35,217047,160,20.02925719995983
6,2,,2026-07-31T00:20:14.552192,2037681,124801,59695,124801,17980,124801,3961,124801,525,124801,63,124801,20,217429,135,20.028634599992074
6,2,,2026-07-31T00:20:34.580944,2034143,125705,60441,125705,17906,125705,3896,125705,529,125705,63,125705,16,216191,142,20.02880059997551
6,2,,2026-07-31T00:20:54.609384,2033630,125222,59942,125222,17959,125222,3864,125222,524,125222,59,125222,16,215176,124,20.028506999951787
6,2,,2026-07-31T00:21:14.635444,2034612,125719,60619,125719,17937,125719,3913,125719,517,125719,67,125719,15,216618,138,20.026206200011075
6,2,,2026-07-31T00:21:34.663390,2033798,125461,60361,125461,17931,125461,3893,125461,534,125461,50,125461,27,216906,133,20.028165599971544
6,2,,2026-07-31T00:21:54.692234,2035783,125616,60384,125616,17786,125616,3880,125616,541,125616,51,125616,24,216709,129,20.028887899999972
6,2,,2026-07-31T00:22:14.721294,2032448,125387,60225,125387,17975,125387,3925,125387,545,125387,53,125387,22,216816,142,20.02911529998528
6,2,,2026-07-31T00:22:34.750033,2029418,125507,60140,125507,17942,125507,3780,125507,515,125507,45,125507,24,216698,116,20.028837500023656
6,2,,2026-07-31T00:22:54.778992,2030406,125542,60359,125542,18119,125542,3845,125542,547,125542,37,125542,19,216202,146,20.029023400042206
6,2,,2026-07-31T00:23:14.805847,2030615,125492,60024,125492,17962,125492,4080,125492,534,125492,52,125492,33,216505,119,20.026826000015717
6,2,,2026-07-31T00:23:34.834263,2029077,125166,59689,125166,18193,125166,3934,125166,563,125166,65,125166,22,215688,130,20.028487600036897
6,2,,2026-07-31T00:23:54.862069,2030008,125697,60385,125697,17972,125697,3961,125697,478,125697,50,125697,34,216360,137,20.027875099971425
6,2,,2026-07-31T00:24:14.891868,2026658,125301,59909,125301,18004,125301,3965,125301,511,125301,55,125301,14,215231,129,20.02986549999332
6,2,,2026-07-31T00:24:34.922094,2027700,125049,59948,125049,17966,125049,3887,125049,553,125049,65,125049,30,216171,115,20.030192899983376
6,2,,2026-07-31T00:24:54.951062,2028541,124793,59653,124793,17750,124793,3896,124793,520,124793,72,124793,20,215691,147,20.029052099969704
6,2,,2026-07-31T00:25:14.978612,2026259,125251,60085,125251,17918,125251,3851,125251,492,125251,65,125251,26,216144,127,20.02767139999196
6,2,,2026-07-31T00:25:35.007214,2024176,125146,59894,125146,18089,125146,3872,125146,554,125146,42,125146,25,215308,134,20.028653499961365
6,2,,2026-07-31T00:25:55.036468,2024006,125571,60306,125571,17887,125571,3924,125571,538,125571,52,125571,19,216247,121,20.02932100003818
6,2,,2026-07-31T00:26:15.065344,2025060,125883,59953,125883,18176,125883,3968,125883,529,125883,57,125883,37,215892,115,20.028970599989407
6,2,,2026-07-31T00:26:35.096025,2025375,125392,60133,125392,18012,125392,3892,125392,498,125392,52,125392,30,216220,111,20.03070200001821
6,2,,2026-07-31T00:26:55.124422,2023574,125078,59957,125078,18166,125078,3818,125078,516,125078,59,125078,23,216569,144,20.0284334999742
6,2,,2026-07-31T00:27:15.154779,2024408,125592,60213,125592,17940,125592,3925,125592,542,125592,59,125592,20,216378,134,20.030390200030524
6,2,,2026-07-31T00:27:35.185300,2024266,126048,60628,126048,18188,126048,3881,126048,520,126048,56,126048,21,216504,139,20.030396099959034
6,2,,2026-07-31T00:27:55.213702,2024558,125103,59951,125103,17959,125103,3879,125103,523,125103,63,125103,19,215936,140,20.02849050000077
6,2,,2026-07-31T00:28:15.242727,2025421,125218,60144,125218,17838,125218,3822,125218,550,125218,62,125218,29,216661,161,20.029107699985616
6,2,,2026-07-31T00:28:35.271399,2024778,125794,60520,125794,18029,125794,3944,125794,562,125794,57,125794,16,216735,149,20.028685099969152
6,2,,2026-07-31T00:28:55.299751,2028614,126014,60616,126014,18168,126014,3880,126014,526,126014,59,126014,12,215764,152,20.02843639999628
6,2,,2026-07-31T00:29:15.328308,2027239,126331,60305,126331,18161,126331,3929,126331,537,126331,58,126331,22,216713,139,20.028594899980817
6,2,,2026-07-31T00:29:35.367892,2027035,124867,59938,124867,17885,124867,3862,124867,512,124867,58,124867,22,217494,146,20.039610099978745
6,2,,2026-07-31T00:29:55.396418,2028925,125783,60559,125783,17984,125783,3930,125783,538,125783,62,125783,13,216712,133,20.028626399987843
6,2,,2026-07-31T00:30:15.425970,2026798,125953,60500,125953,18041,125953,3835,125953,549,125953,56,125953,26,217022,120,20.029415299999528
6,2,,2026-07-31T00:30:35.454599,2029025,126272,60471,126272,17976,126272,3961,126272,564,126272,51,126272,20,216979,133,20.02858779998496
6,2,,2026-07-31T00:30:55.482604,2030572,125441,59997,125441,18196,125441,3865,125441,545,125441,74,125441,18,217454,140,20.02803899999708
6,2,,2026-07-31T00:31:15.511590,2033673,126150,61026,126150,17890,126150,3816,126150,551,126150,52,126150,18,217190,148,20.029008799989242
6,2,,2026-07-31T00:31:35.538336,2032165,125615,60270,125615,18018,125615,3895,125615,510,125615,54,125615,22,217339,125,20.026799399987794
6,2,,2026-07-31T00:31:55.566702,2029433,126199,60245,126199,18053,126199,3880,126199,542,126199,51,126199,22,217569,156,20.028593000024557
6,2,,2026-07-31T00:32:15.595516,2035118,126508,60806,126508,18218,126508,4017,126508,505,126508,52,126508,14,217523,139,20.028835999954026
6,2,,2026-07-31T00:32:35.625042,2034908,125448,60410,125448,17913,125448,3904,125448,527,125448,67,125448,30,217576,109,20.02956070000073
6,2,,2026-07-31T00:32:55.654685,2035189,125972,60389,125972,18179,125972,3856,125972,501,125972,45,125972,29,218199,110,20.029679099970963
6,2,,2026-07-31T00:33:15.683954,2033783,126460,60985,126460,17970,126460,3933,126460,510,126460,56,126460,18,217761,129,20.02932019997388
6,2,,2026-07-31T00:33:35.711274,2035825,125691,60656,125691,18058,125691,3840,125691,554,125691,43,125691,25,217926,127,20.02741129999049
6,2,,2026-07-31T00:33:55.739532,2035857,126054,60426,126054,18016,126054,3822,126054,528,126054,53,126054,14,217505,124,20.02840950002428
6,2,,2026-07-31T00:34:15.768963,2034605,126112,60631,126112,17997,126112,3917,126112,547,126112,53,126112,21,216558,133,20.029451399983373
6,2,,2026-07-31T00:34:35.798051,2036520,125640,60111,125640,18156,125640,3706,125640,524,125640,56,125640,21,217854,131,20.02912809996633
6,2,,2026-07-31T00:34:55.826359,2036013,126498,60642,126498,18200,126498,3912,126498,566,126498,68,126498,21,217573,151,20.02842889999738
6,2,,2026-07-31T00:35:15.854786,2038712,125727,60613,125727,18038,125727,3883,125727,538,125727,43,125727,24,216725,139,20.02854909998132
6,2,,2026-07-31T00:35:35.883882,2035336,125816,60685,125816,17754,125816,3882,125816,518,125816,58,125816,31,217849,132,20.029134100012016
6,2,,2026-07-31T00:35:55.912524,2036854,125770,60402,125770,17960,125770,4019,125770,555,125770,65,125770,18,217172,111,20.028732599981595
6,2,,2026-07-31T00:36:15.942670,2037808,125712,60549,125712,18048,125712,3833,125712,492,125712,61,125712,25,217900,122,20.030139399983454
6,2,,2026-07-31T00:36:35.969059,2037793,126889,61450,126889,17946,126889,3956,126889,511,126889,75,126889,31,217872,130,20.026432200043928
6,2,,2026-07-31T00:36:55.997988,2039617,125740,60514,125740,17789,125740,4028,125740,512,125740,52,125740,23,217528,119,20.029160899983253
6,2,,2026-07-31T00:37:16.026423,2039768,125650,60290,125650,18015,125650,3795,125650,534,125650,51,125650,18,217625,143,20.02838570001768
6,2,,2026-07-31T00:37:36.055103,2036815,126045,60683,126045,17932,126045,3879,126045,542,126045,46,126045,26,217136,129,20.028626599989366
6,2,,2026-07-31T00:37:56.083552,2037590,125926,60704,125926,17961,125926,3942,125926,550,125926,56,125926,23,217965,167,20.0284497999819
6,2,,2026-07-31T00:38:16.112646,2039074,126066,60693,126066,17915,126066,3845,126066,541,126066,50,126066,24,217050,125,20.029115799989086
6,2,,2026-07-31T00:38:36.141735,2041952,126301,60671,126301,18032,126301,3810,126301,514,126301,39,126301,15,217797,139,20.029084000037983
6,2,,2026-07-31T00:38:56.170493,2042472,125656,60592,125656,18096,125656,3766,125656,560,125656,50,125656,19,217059,128,20.028813300014008
6,2,,2026-07-31T00:39:16.198639,2041112,126167,60554,126167,18036,126167,3899,126167,513,126167,51,126167,21,218194,134,20.028127999976277
6,2,,2026-07-31T00:39:36.226523,2040927,125480,60445,125480,17948,125480,3908,125480,529,125480,59,125480,18,216599,125,20.027783099969383
6,2,,2026-07-31T00:39:56.255175,2041902,126378,60647,126378,17889,126378,3964,126378,510,126378,56,126378,29,216427,161,20.02867480000714
6,2,,2026-07-31T00:40:16.283491,2039232,125518,60107,125518,17898,125518,3895,125518,503,125518,60,125518,26,216502,156,20.028345400001854
6,2,,2026-07-31T00:40:36.312378,2038773,126051,60775,126051,17933,126051,3832,126051,553,126051,66,126051,17,217209,129,20.028896700008772
6,2,,2026-07-31T00:40:56.342743,2040751,125915,60734,125915,17938,125915,3866,125915,500,125915,49,125915,24,216683,129,20.030326100008097
6,2,,2026-07-31T00:41:16.373719,2041671,125743,60485,125743,17945,125743,3818,125743,528,125743,59,125743,23,216859,124,20.030845600005705
6,2,,2026-07-31T00:41:36.402675,2039959,125603,60388,125603,18019,125603,3857,125603,538,125603,61,125603,30,216833,122,20.028884200030006
6,2,,2026-07-31T00:41:56.429685,2039217,125421,60175,125421,17951,125421,3878,125421,505,125421,52,125421,18,217213,159,20.027028499986045
6,2,,2026-07-31T00:42:16.457755,2039341,125685,60315,125685,17988,125685,3849,125685,499,125685,71,125685,27,216655,144,20.0282140999916
6,2,,2026-07-31T00:42:36.487094,2037054,125413,60378,125413,17891,125413,3849,125413,566,125413,57,125413,32,216692,115,20.029324700008146
6,2,,2026-07-31T00:42:56.516564,2038035,125368,60101,125368,17932,125368,3946,125368,524,125368,65,125368,19,216257,142,20.029463699960615
6,2,,2026-07-31T00:43:16.545489,2036099,125259,60293,125259,17789,125259,3927,125259,512,125259,51,125260,28,217074,119,20.028913200017996
6,2,,2026-07-31T00:43:36.573228,2035101,125488,60141,125488,17738,125488,3835,125488,541,125488,53,125487,23,217012,122,20.02779710001778
6,2,,2026-07-31T00:43:56.601813,2035505,125885,60192,125885,18069,125885,3950,125885,522,125885,47,125885,18,216124,115,20.028636200004257
6,2,,2026-07-31T00:44:16.628923,2036589,125758,60562,125758,18134,125758,3870,125758,509,125758,61,125758,16,216079,146,20.027220299991313
6,2,,2026-07-31T00:44:36.656631,2035425,125172,60456,125172,17907,125172,3867,125172,518,125172,62,125172,19,216782,129,20.027772700006608
6,2,,2026-07-31T00:44:56.685720,2034912,124638,59932,124638,17875,124638,3886,124638,501,124638,59,124638,26,216052,118,20.02915600000415
6,2,,2026-07-31T00:45:16.712441,2032522,124999,60149,124999,17510,124999,3794,124999,506,124999,66,124999,15,216503,143,20.026780999964103
6,2,,2026-07-31T00:45:36.740550,2031085,125078,60061,125078,17960,125078,3840,125078,474,125078,68,125078,15,216332,142,20.02817549998872
6,2,,2026-07-31T00:45:56.769657,2030407,124845,60022,124845,17835,124845,3741,124845,591,124845,66,124845,20,215958,143,20.02920930000255
6,2,,2026-07-31T00:46:16.798140,2030908,125281,60121,125281,18200,125281,3832,125281,541,125281,50,125281,19,216434,144,20.02846750000026
6,2,,2026-07-31T00:46:36.827439,2027727,125243,59697,125243,18049,125243,3960,125243,543,125243,56,125243,19,216367,139,20.02923699998064
6,2,,2026-07-31T00:46:56.856238,2029550,124840,59776,124840,17769,124840,3848,124840,489,124840,58,124840,20,216365,142,20.028794999991078
6,2,,2026-07-31T00:47:16.883683,2026727,125429,59943,125429,18026,125429,3873,125429,529,125429,66,125429,21,215705,161,20.027346800023224
6,2,,2026-07-31T00:47:36.912167,2029073,125637,60008,125637,18190,125637,3844,125637,535,125637,66,125637,27,215924,121,20.028611799993087
6,2,,2026-07-31T00:47:56.940430,2026103,125841,60365,125841,18097,125841,3902,125841,514,125842,61,125842,20,215928,131,20.0282775000087
6,2,,2026-07-31T00:48:16.970086,2024133,125413,59976,125413,18096,125413,3868,125413,567,125412,56,125412,24,215778,130,20.029661900014617
6,2,,2026-07-31T00:48:36.997826,2027285,125390,59993,125390,17663,125390,3862,125390,579,125390,43,125390,10,216904,151,20.02777739998419
6,2,,2026-07-31T00:48:57.026257,2024385,125303,60162,125303,18012,125303,3832,125303,479,125303,59,125303,28,215789,141,20.028494400030468
6,2,,2026-07-31T00:49:17.054301,2023362,125468,60427,125468,17769,125468,3998,125468,531,125468,43,125468,22,215898,138,20.028022500046063
6,2,,2026-07-31T00:49:37.083456,2023369,125139,60053,125139,18111,125139,3830,125139,514,125139,54,125139,21,215105,133,20.029082900029607
6,2,,2026-07-31T00:49:57.113639,2019730,125751,60084,125751,18011,125751,3906,125751,541,125751,61,125751,25,215625,143,20.030166599957738
6,2,,2026-07-31T00:50:17.142260,2020292,125335,60187,125335,17825,125335,3854,125335,524,125335,56,125335,25,216610,149,20.028618700045627
6,2,,2026-07-31T00:50:37.171073,2020171,125299,59784,125299,18019,125299,3932,125299,547,125299,45,125299,23,215680,127,20.02887889998965
6,2,,2026-07-31T00:50:57.199361,2019621,125260,60111,125260,17630,125260,3894,125260,526,125260,60,125260,21,216264,127,20.028294699965045
6,2,,2026-07-31T00:51:17.228197,2020788,125314,59852,125314,18085,125314,3965,125314,522,125314,55,125314,30,215217,151,20.028719800000545
6,2,,2026-07-31T00:51:37.257169,2016025,125771,60396,125771,17777,125771,3884,125771,493,125771,48,125771,27,215464,107,20.028971299994737
6,2,,2026-07-31T00:51:57.287266,2019961,125146,60124,125146,17890,125146,3806,125146,532,125146,54,125146,22,215636,127,20.030062600038946
6,2,,2026-07-31T00:52:17.316017,2019563,125841,59969,125841,18290,125841,3867,125841,517,125841,59,125841,21,216071,151,20.02868089999538
6,2,,2026-07-31T00:52:37.345449,2020096,125386,60177,125386,17966,125386,3806,125386,544,125386,65,125386,20,216435,136,20.029426100023557
6,2,,2026-07-31T00:52:57.374223,2022843,124926,59887,124926,17838,124926,3861,124926,529,124926,42,124926,12,216526,126,20.028717300039716
6,2,,2026-07-31T00:53:17.403834,2019267,125517,59854,125517,18203,125517,3822,125517,613,125517,59,125517,18,217377,142,20.02956459997222
6,2,,2026-07-31T00:53:37.432418,2021771,126155,60522,126155,18014,126155,3893,126155,500,126155,58,126155,20,216388,119,20.02854649996152
6,2,,2026-07-31T00:53:57.461462,2022477,125287,60323,125287,17831,125287,3810,125287,524,125287,64,125287,19,216970,111,20.0290396999917
6,2,,2026-07-31T00:54:17.490348,2022650,125186,60089,125186,17931,125186,3963,125186,565,125186,57,125186,26,216065,133,20.028822299966123
6,2,,2026-07-31T00:54:37.518275,2025371,126492,60747,126492,17959,126492,3952,126492,549,126492,60,126492,24,216269,135,20.02788090001559
6,2,,2026-07-31T00:54:57.546625,2026129,125921,60797,125921,17750,125921,3871,125921,493,125921,59,125921,26,216957,127,20.02822209999431
6,2,,2026-07-31T00:55:17.576028,2023063,125694,60457,125694,17824,125694,3905,125694,531,125694,54,125694,19,216292,120,20.02940379997017
6,2,,2026-07-31T00:55:37.605199,2025234,125584,60330,125584,17984,125584,3864,125584,520,125584,62,125584,15,217009,146,20.029140900005586
6,2,,2026-07-31T00:55:57.634137,2022349,125244,60235,125244,17967,125244,3802,125244,515,125244,49,125244,21,215647,137,20.028862399980426
6,2,,2026-07-31T00:56:17.663484,2024570,125526,60322,125526,18049,125526,3817,125526,505,125526,67,125526,22,217162,149,20.02934299997287
6,2,,2026-07-31T00:56:37.692458,2028544,126476,60745,126476,18137,126476,3967,126476,541,126476,48,126476,19,216389,128,20.028879899997264
6,2,,2026-07-31T00:56:57.722101,2028633,125487,60174,125487,18016,125487,3731,125487,524,125487,59,125487,21,217269,148,20.02960680000251
6,2,,2026-07-31T00:57:17.748878,2028077,125760,60503,125760,17971,125760,3748,125760,537,125760,59,125760,25,216579,137,20.026660300034564
6,2,,2026-07-31T00:57:37.778215,2031017,126370,60619,126370,18346,126370,3792,126370,522,126370,52,126370,19,217981,141,20.02933699998539
6,2,,2026-07-31T00:57:57.805864,2033354,125695,60309,125695,18106,125695,3900,125695,555,125695,60,125695,12,217428,137,20.027523099968676
6,2,,2026-07-31T00:58:17.834938,2032309,126199,60747,126199,17953,126199,3920,126199,534,126199,55,126199,23,216634,121,20.02892009995412
6,2,,2026-07-31T00:58:37.861139,2034727,125489,60369,125489,17961,125489,3792,125489,507,125489,67,125489,16,216810,133,20.026216500031296
6,2,,2026-07-31T00:58:57.890081,2031886,126117,60270,126117,18216,126117,3938,126117,535,126117,59,126117,18,216717,132,20.02903299999889
6,2,,2026-07-31T00:59:17.918777,2034776,126376,60812,126376,17902,126376,4012,126376,502,126376,55,126376,25,216819,154,20.02869229996577
6,2,,2026-07-31T00:59:37.947305,2033674,125525,60613,125525,17873,125525,3777,125525,560,125525,53,125525,27,217382,142,20.028516300022602
6,2,,2026-07-31T00:59:57.976422,2036572,125605,60334,125605,18034,125605,3939,125605,501,125605,40,125605,20,217259,147,20.029014700034168
6,2,,2026-07-31T01:00:18.006236,2034447,125864,60223,125864,18101,125864,3818,125864,552,125864,50,125864,26,217112,153,20.02978279994568
6,2,,2026-07-31T01:00:38.033206,2035986,126317,60826,126317,18065,126317,3858,126317,496,126317,53,126317,22,218345,121,20.026960299990606
6,2,,2026-07-31T01:00:58.060825,2035829,126069,60433,126069,18105,126069,3931,126069,545,126069,64,126069,24,217258,139,20.027769699983764
6,2,,2026-07-31T01:01:18.089542,2034894,125844,60282,125844,18076,125844,3935,125844,539,125844,72,125844,19,217356,147,20.028713300009258
6,2,,2026-07-31T01:01:38.118241,2037927,125888,60588,125888,17985,125888,4061,125888,501,125888,54,125888,27,218015,153,20.02861400000984
6,2,,2026-07-31T01:01:58.147775,2034843,125925,60599,125925,18076,125925,3881,125925,550,125925,53,125925,19,216773,151,20.029526399972383
6,2,,2026-07-31T01:02:18.176633,2038461,125657,60015,125657,18100,125657,3810,125657,548,125657,62,125657,18,217625,143,20.028812600008678
6,2,,2026-07-31T01:02:38.203448,2037417,126542,61302,126542,17897,126542,3764,126542,547,126542,68,126542,20,217770,125,20.026794800010975
6,2,,2026-07-31T01:02:58.232072,2036932,125794,60563,125794,17841,125794,3747,125794,572,125794,46,125794,24,217342,125,20.02870540000731
6,2,,2026-07-31T01:03:18.261059,2036585,126087,60399,126087,17992,126087,3907,126087,536,126087,59,126087,23,216881,128,20.02895470004296
6,2,,2026-07-31T01:03:38.287356,2041606,126031,60300,126031,18075,126031,3942,126031,529,126031,64,126031,24,218421,137,20.0262985000154
6,2,,2026-07-31T01:03:58.314794,2036412,125778,60749,125778,17936,125778,3887,125778,533,125778,71,125778,22,217305,129,20.027502099983394
6,2,,2026-07-31T01:04:18.344127,2037444,126191,60599,126191,17996,126191,3914,126191,567,126191,50,126191,23,217648,150,20.02930659998674
6,2,,2026-07-31T01:04:38.373486,2039012,125866,60419,125866,18068,125866,3908,125866,496,125866,73,125866,21,217680,150,20.02936149999732
6,2,,2026-07-31T01:04:58.403242,2038586,126095,60743,126095,17881,126095,3937,126095,531,126095,59,126095,21,217379,135,20.02970600000117
6,2,,2026-07-31T01:05:18.431512,2039080,125535,60423,125535,17965,125535,3764,125535,557,125535,62,125535,19,216946,130,20.028272999974433
6,2,,2026-07-31T01:05:38.460159,2036938,125742,60360,125742,18122,125742,3794,125742,536,125742,53,125742,26,217721,126,20.02858909999486
6,2,,2026-07-31T01:05:58.488913,2036335,125040,60211,125040,18039,125040,3781,125040,513,125040,71,125040,25,216894,123,20.028742199996486
6,2,,2026-07-31T01:06:18.518299,2037778,125604,60154,125604,18098,125604,3849,125604,537,125604,66,125604,30,216781,128,20.02929670002777
6,2,,2026-07-31T01:06:38.547221,2037142,125643,60267,125643,17997,125643,3847,125643,523,125643,73,125643,21,217710,142,20.0287101000431
6,2,,2026-07-31T01:06:58.575819,2038244,125619,60328,125619,18015,125619,3789,125619,525,125619,70,125619,14,216463,132,20.02853640000103
6,2,,2026-07-31T01:07:18.603469,2036319,126087,60694,126087,18069,126087,3948,126087,514,126087,53,126087,28,216923,125,20.02756740001496
6,2,,2026-07-31T01:07:38.633003,2033989,125446,60108,125446,17842,125446,3908,125446,522,125446,57,125446,22,216496,128,20.029580399976112
6,2,,2026-07-31T01:07:58.662405,2040164,125841,60795,125841,17990,125841,3830,125841,518,125841,61,125841,28,216720,143,20.029296100023203
6,2,,2026-07-31T01:08:18.691015,2033126,125409,59880,125409,17901,125409,3826,125409,514,125409,54,125409,22,216297,143,20.028573299990967
6,2,,2026-07-31T01:08:38.719248,2034129,125164,59911,125164,17739,125164,3979,125164,568,125164,56,125164,20,216983,152,20.028218999970704
6,2,,2026-07-31T01:08:58.748701,2033820,126146,60514,126146,18023,126146,3914,126146,510,126146,47,126146,20,216870,120,20.029415700002573
6,2,,2026-07-31T01:09:18.778503,2032915,124687,59581,124687,17967,124687,3753,124687,512,124687,64,124687,22,216292,127,20.02971399994567
6,2,,2026-07-31T01:09:38.807110,2032112,126288,60259,126288,18112,126288,3830,126288,547,126288,63,126288,17,216287,127,20.02861470001517
6,2,,2026-07-31T01:09:58.836355,2032803,125506,60213,125506,17916,125506,3903,125506,472,125506,62,125506,22,215688,115,20.02924989996245
6,2,,2026-07-31T01:10:18.865692,2027348,124983,59947,124983,17584,124983,3800,124983,503,124983,49,124983,25,215886,131,20.029256999958307
6,2,,2026-07-31T01:10:38.895231,2030796,125492,60054,125492,18050,125492,3783,125492,494,125492,64,125492,13,216562,148,20.029426500026602
6,2,,2026-07-31T01:10:58.924628,2028661,125465,60162,125465,17751,125465,3959,125465,505,125465,57,125465,21,216351,126,20.02934040001128
6,2,,2026-07-31T01:11:18.952990,2025277,124830,59966,124830,17821,124830,3761,124830,542,124830,49,124830,20,216013,132,20.02827010001056
6,2,,2026-07-31T01:11:38.983121,2028222,125299,59949,125299,17775,125299,3778,125299,542,125299,74,125299,26,216574,142,20.03011490002973
6,2,,2026-07-31T01:11:59.011034,2029887,125803,60174,125803,17786,125803,4005,125803,535,125803,51,125803,15,216682,136,20.02781200001482
6,2,,2026-07-31T01:12:19.040533,2025241,125230,59709,125230,17795,125230,3854,125230,544,125230,51,125230,24,215952,120,20.02954580000369
6,2,,2026-07-31T01:12:39.069123,2025346,125407,60073,125407,18047,125407,3920,125407,506,125407,54,125407,22,216426,124,20.028433099971153
6,2,,2026-07-31T01:12:59.109391,2024448,125626,60306,125626,17963,125626,3818,125626,554,125626,53,125626,20,215614,110,20.04011270002229
6,2,,2026-07-31T01:13:19.155028,2029762,125521,60176,125521,18163,125521,3763,125521,491,125521,53,125521,22,216756,134,20.028769899974577
6,2,,2026-07-31T01:13:39.183056,2023651,124950,59624,124950,18057,124950,3882,124950,524,124950,55,124950,30,216047,143,20.027971800009254
6,2,,2026-07-31T01:13:59.212111,2024130,125089,59694,125089,17852,125089,3938,125089,528,125089,56,125089,21,216145,149,20.029087200004142
6,2,,2026-07-31T01:14:19.239868,2021361,125377,59947,125377,18208,125377,3826,125377,523,125377,66,125377,32,216556,127,20.027711600007024
6,2,,2026-07-31T01:14:39.269242,2020365,124451,59549,124451,17937,124451,3844,124451,479,124451,56,124451,24,215552,143,20.029302800016012
6,2,,2026-07-31T01:14:59.298372,2021867,124672,60006,124672,17727,124672,3844,124672,489,124672,58,124672,26,216049,138,20.028969300037716
6,2,,2026-07-31T01:15:19.327077,2020092,125468,60006,125468,17877,125468,3934,125468,561,125468,59,125468,25,215479,133,20.028670400031842
6,2,,2026-07-31T01:15:39.356699,2020291,125263,59968,125263,18046,125263,3886,125263,542,125263,57,125263,21,215986,136,20.02957150002476
6,2,,2026-07-31T01:15:59.385096,2018368,125389,60215,125389,17876,125389,3981,125389,533,125389,56,125389,24,215735,125,20.028383199998643
6,2,,2026-07-31T01:16:19.414204,2018399,124395,59476,124395,18020,124395,3860,124395,545,124395,53,124395,18,216039,133,20.029071400000248
6,2,,2026-07-31T01:16:39.442306,2017657,125229,60337,125229,17884,125229,3821,125229,546,125229,58,125229,26,215611,141,20.027980299957562
6,2,,2026-07-31T01:16:59.471342,2021411,125401,60290,125401,18085,125401,3802,125401,573,125401,50,125401,14,216236,136,20.029031399986707
6,2,,2026-07-31T01:17:19.500840,2021195,125751,60455,125751,17918,125751,3970,125751,520,125751,57,125751,35,215910,141,20.029448900022544
6,2,,2026-07-31T01:17:39.531585,2021586,125390,60349,125390,18205,125390,3951,125390,544,125390,57,125390,27,216164,123,20.030694599961862
6,2,,2026-07-31T01:17:59.560259,2019446,126123,60425,126123,18088,126123,3970,126123,549,126123,45,126123,22,215687,134,20.02864380000392
6,2,,2026-07-31T01:18:19.588764,2017960,124822,60159,124822,17723,124822,3874,124822,519,124822,41,124822,17,215984,138,20.028478499967605
6,2,,2026-07-31T01:18:39.617969,2019726,126077,60418,126077,17869,126077,3954,126077,513,126077,56,126077,20,215290,138,20.029061699984595
6,2,,2026-07-31T01:18:59.647672,2020214,125856,60220,125856,18041,125856,3890,125856,520,125856,60,125856,22,215609,142,20.029659199994057
6,2,,2026-07-31T01:19:19.675691,2019178,126373,60377,126373,18114,126373,3957,126373,530,126373,49,126373,26,215537,145,20.027983799984213
6,2,,2026-07-31T01:19:39.705067,2021200,126305,60586,126305,18012,126305,3943,126305,560,126305,57,126305,18,217264,154,20.029296300024725
6,2,,2026-07-31T01:19:59.733563,2024900,125903,60331,125903,18104,125903,3871,125903,559,125903,58,125903,20,216226,128,20.028398199996445
6,2,,2026-07-31T01:20:19.763026,2024103,125826,60698,125826,18278,125826,3810,125826,495,125826,53,125826,25,216308,145,20.02933660004055
6,2,,2026-07-31T01:20:39.791661,2025791,126520,60541,126520,18211,126520,3845,126520,543,126520,59,126520,25,216304,143,20.02844369999366
6,2,,2026-07-31T01:20:59.820759,2024934,125951,60386,125951,17983,125951,3905,125951,542,125951,56,125951,11,215980,130,20.029046099982224
6,2,,2026-07-31T01:21:19.849857,2027284,125506,60306,125506,18067,125506,3835,125506,526,125506,57,125506,20,217099,115,20.0290916999802
6,2,,2026-07-31T01:21:39.878215,2030618,125400,59944,125400,18091,125400,3825,125400,506,125400,48,125400,19,217358,154,20.028267400048207
6,2,,2026-07-31T01:21:59.905866,2030195,125907,60555,125907,18075,125907,3982,125907,541,125907,64,125907,21,217000,137,20.02757269999711
6,2,,2026-07-31T01:22:19.934091,2027583,125584,60263,125584,18111,125584,3813,125584,559,125584,52,125584,30,217051,122,20.028291299997363
6,2,,2026-07-31T01:22:39.962690,2033194,125350,60194,125350,17970,125350,3919,125350,538,125350,51,125350,22,217267,141,20.028565699991304
6,2,,2026-07-31T01:22:59.991425,2033203,126770,60652,126770,18116,126770,3974,126770,553,126770,55,126770,16,217327,140,20.028722499962896
6,2,,2026-07-31T01:23:20.020528,2030508,125944,60646,125944,18086,125944,3905,125944,529,125944,64,125944,20,216971,119,20.028991999977734
6,2,,2026-07-31T01:23:40.049587,2031775,126102,60444,126102,18049,126102,3917,126102,530,126102,71,126102,26,217772,148,20.029038300039247
6,2,,2026-07-31T01:24:00.075760,2033192,126082,60484,126083,18086,126083,3855,126083,563,126083,58,126083,14,217898,128,20.026089899998624
6,2,,2026-07-31T01:24:20.104984,2034282,126043,60622,126042,17928,126042,3925,126042,529,126042,45,126042,27,217420,128,20.029229399980977
6,2,,2026-07-31T01:24:40.134095,2032557,126312,60616,126312,18081,126312,3851,126312,536,126312,61,126312,30,217464,145,20.029101699998137
6,2,,2026-07-31T01:25:00.161189,2035464,126045,60719,126045,18079,126045,3794,126045,557,126045,44,126045,22,217140,134,20.027042800036725
6,2,,2026-07-31T01:25:20.191417,2035583,126019,60430,126019,18167,126019,3912,126019,496,126019,68,126019,13,218303,114,20.030116499983706
6,2,,2026-07-31T01:25:40.221207,2034112,125575,60235,125575,18004,125575,3854,125575,525,125575,54,125575,21,217320,121,20.02963629999431
6,2,,2026-07-31T01:26:00.250214,2034570,125431,60176,125431,18177,125431,3807,125431,498,125431,69,125431,24,217369,105,20.02886540000327
6,2,,2026-07-31T01:26:20.279015,2035580,125833,60404,125833,17898,125833,3927,125833,543,125833,56,125833,21,217085,124,20.028784900030587
6,2,,2026-07-31T01:26:40.308687,2037025,126017,60306,126017,18193,126017,3849,126017,522,126017,63,126017,25,217439,145,20.02961139997933
6,2,,2026-07-31T01:27:00.338278,2034514,125317,60200,125317,17819,125317,3886,125317,545,125317,66,125317,20,217264,138,20.029495599970687
6,2,,2026-07-31T01:27:20.368578,2036554,125726,60591,125726,18031,125726,3768,125726,533,125726,50,125726,14,217494,137,20.030191600031685
6,2,,2026-07-31T01:27:40.397949,2034956,125663,60210,125663,17724,125663,3832,125663,517,125663,55,125663,23,217122,112,20.029288700025063
6,2,,2026-07-31T01:28:00.426684,2033741,125436,60168,125436,18037,125436,3868,125436,474,125436,63,125436,22,217045,136,20.02873110002838
6,2,,2026-07-31T01:28:20.455696,2035198,126033,60416,126033,17886,126033,3913,126033,501,126033,63,126033,30,217670,129,20.028946699982043
6,2,,2026-07-31T01:28:40.484725,2037541,126008,60291,126008,17916,126008,3943,126008,544,126008,59,126008,21,216248,142,20.028981300012674
6,2,,2026-07-31T01:29:00.514019,2035615,125690,60313,125690,18027,125690,3844,125690,561,125690,54,125690,18,216138,139,20.029211700020824
6,2,,2026-07-31T01:29:20.542966,2034490,125604,60370,125604,17940,125604,3902,125604,505,125604,52,125604,17,216598,126,20.028900299977977
6,2,,2026-07-31T01:29:40.571902,2033998,126203,60239,126203,18164,126203,3990,126203,538,126203,61,126203,20,216977,131,20.02887139999075
6,2,,2026-07-31T01:30:00.599105,2034518,126078,60602,126078,17983,126078,3828,126078,543,126078,56,126078,26,217742,120,20.02713830000721
6,2,,2026-07-31T01:30:20.628312,2032840,125958,60353,125958,18136,125958,3789,125958,517,125958,73,125958,25,216470,113,20.029233600012958
6,2,,2026-07-31T01:30:40.658314,2030343,125092,59988,125092,17835,125092,3950,125092,539,125092,61,125092,29,215632,128,20.02999299997464
6,2,,2026-07-31T01:31:00.687354,2033441,125273,60175,125273,18032,125273,3888,125273,515,125273,65,125273,17,216955,144,20.029140900005586
6,2,,2026-07-31T01:31:20.717525,2029948,125560,60324,125560,17818,125560,3991,125560,501,125560,66,125560,22,215786,136,20.03010530001484
6,2,,2026-07-31T01:31:40.745803,2029867,125566,60337,125566,18018,125566,3899,125566,499,125566,58,125566,23,216822,133,20.0282229000004
6,2,,2026-07-31T01:32:00.774899,2026588,125301,60109,125301,17893,125301,3857,125301,553,125301,68,125301,27,216463,123,20.028994400054216
6,2,,2026-07-31T01:32:20.803329,2029442,125117,60035,125117,17732,125117,3892,125117,476,125117,56,125117,24,216651,137,20.028290799993556
6,2,,2026-07-31T01:32:40.832141,2027000,126007,60352,126007,18119,126007,3921,126007,525,126007,72,126007,11,215552,106,20.028785999980755
6,2,,2026-07-31T01:33:00.861112,2026901,125587,59920,125587,18149,125587,3923,125587,517,125587,40,125587,23,214810,125,20.028916599985678
6,2,,2026-07-31T01:33:20.890341,2025696,125197,59915,125197,17756,125197,3949,125197,494,125197,68,125197,27,215300,129,20.029163600003812
6,3,,2026-07-31T01:33:51.154025,2024308,142863,75141,142863,18186,142863,3134,142863,323,142863,36,142863,21,214840,115,20.02623760001734
6,3,,2026-07-31T01:34:11.182636,2024980,142619,74835,142619,18132,142619,3148,142619,316,142619,34,142619,25,215452,134,20.028570899972692
6,3,,2026-07-31T01:34:31.211539,2026172,142817,75120,142817,18160,142817,3182,142817,335,142817,32,142817,23,215671,117,20.028830699971877
6,3,,2026-07-31T01:34:51.241449,2022453,142728,74758,142728,18313,142728,3185,142728,336,142728,34,142728,25,215692,134,20.029820600000676
6,3,,2026-07-31T01:35:11.268932,2025432,143109,75383,143109,18205,143109,3108,143109,357,143109,26,143109,20,215490,130,20.02740119997179
6,3,,2026-07-31T01:35:31.297483,2023730,142374,75019,142374,18107,142374,3182,142374,326,142374,30,142374,17,215258,139,20.028617199975997
6,3,,2026-07-31T01:35:51.327463,2023485,142746,75154,142746,18223,142746,3168,142746,323,142746,45,142746,21,215892,123,20.029788400046527
6,3,,2026-07-31T01:36:11.356386,2023103,143466,75344,143466,18394,143466,3173,143466,346,143466,40,143466,20,216134,129,20.028935799957253
6,3,,2026-07-31T01:36:31.386533,2023154,142647,74909,142647,18076,142647,3133,142647,344,142647,28,142647,12,216316,118,20.030040199984796
6,3,,2026-07-31T01:36:51.415020,2019654,142603,75001,142603,18249,142603,3090,142603,335,142603,27,142603,23,215629,123,20.02831269998569
6,3,,2026-07-31T01:37:11.444648,2023607,143014,75517,143014,18223,143014,3077,143014,319,143014,25,143014,33,215977,130,20.02964670001529
6,3,,2026-07-31T01:37:31.474633,2022076,142949,75271,142949,18176,142949,3241,142949,298,142949,28,142949,17,216116,123,20.029912900005
6,3,,2026-07-31T01:37:51.502977,2021873,142304,74902,142304,18256,142304,3193,142304,369,142304,38,142304,17,215571,135,20.028317000018433
6,3,,2026-07-31T01:38:11.532174,2021860,142797,75168,142797,18090,142797,3177,142797,339,142797,30,142797,30,216142,135,20.029162199993152
6,3,,2026-07-31T01:38:31.560447,2025151,143316,75393,143316,18448,143316,3191,143316,329,143316,32,143316,25,215468,115,20.028136599983554
6,3,,2026-07-31T01:38:51.589250,2022725,143737,75825,143737,18080,143737,3230,143737,311,143737,35,143737,21,215848,135,20.028684600023553
6,3,,2026-07-31T01:39:11.618829,2021560,142955,75469,142955,18074,142955,3122,142955,340,142955,31,142955,16,215232,111,20.029467299988028
6,3,,2026-07-31T01:39:31.649263,2021833,143097,75290,143097,18305,143097,3151,143097,329,143097,29,143097,22,215764,124,20.030302800005302
6,3,,2026-07-31T01:39:51.678208,2025651,143526,75600,143526,18032,143526,3075,143526,326,143526,30,143526,23,215641,122,20.028859800018836
6,3,,2026-07-31T01:40:11.707904,2024653,142516,75138,142516,18079,142516,3157,142516,349,142516,33,142516,25,216261,135,20.02960539999185
6,3,,2026-07-31T01:40:31.738091,2026786,142956,74959,142956,18175,142956,3098,142956,343,142956,34,142956,19,215949,138,20.030110299994703
6,3,,2026-07-31T01:40:51.767504,2026463,143324,75116,143324,18313,143324,3079,143324,357,143324,27,143324,20,217001,129,20.029331199999433
6,3,,2026-07-31T01:41:11.797010,2025137,142887,75017,142887,18366,142887,3161,142887,303,142887,33,142887,24,216321,152,20.029380800027866
6,3,,2026-07-31T01:41:31.825426,2027247,142732,75374,142732,18190,142732,3054,142732,318,142732,28,142732,18,216083,129,20.028297299984843
6,3,,2026-07-31T01:41:51.854960,2028211,143252,75486,143252,18122,143252,3162,143252,347,143252,25,143252,22,216160,157,20.02939789998345
6,3,,2026-07-31T01:42:11.883328,2028599,143655,76020,143655,18027,143655,3125,143655,334,143655,28,143655,23,215242,121,20.028290899994317
6,3,,2026-07-31T01:42:31.912941,2031242,143659,75769,143659,18276,143659,3101,143659,362,143659,35,143659,25,216897,146,20.02935680001974
6,3,,2026-07-31T01:42:51.942582,2027450,142841,75480,142841,18111,142841,3121,142841,323,142841,36,142841,28,216696,124,20.029613199993037
6,3,,2026-07-31T01:43:11.972076,2029087,143153,75253,143153,18271,143153,3270,143153,307,143153,34,143153,24,217288,143,20.02936469996348
6,3,,2026-07-31T01:43:32.001410,2030114,143309,75674,143309,18384,143309,3127,143309,355,143309,16,143309,24,216407,133,20.029252699983772
6,3,,2026-07-31T01:43:52.028567,2030520,143195,75350,143195,18162,143195,3176,143195,367,143195,29,143195,27,216333,130,20.027047500014305
6,3,,2026-07-31T01:44:12.084046,2035919,142956,75495,142956,18122,142956,3171,142956,295,142956,32,142956,21,217242,150,20.05547809996642
6,3,,2026-07-31T01:44:32.112414,2033580,143895,75867,143895,18385,143895,3176,143895,303,143895,26,143895,21,216291,133,20.02841189998435
6,3,,2026-07-31T01:44:52.140524,2032705,143182,75516,143182,18099,143182,3129,143182,325,143183,40,143183,17,217169,131,20.027998199977446
6,3,,2026-07-31T01:45:12.169608,2032471,142925,75957,142925,18133,142925,3132,142925,333,142924,34,142924,19,217699,128,20.02900389995193
6,3,,2026-07-31T01:45:32.197875,2031245,143176,75472,143176,18183,143176,3054,143176,317,143176,34,143176,26,216768,133,20.028144400042947
6,3,,2026-07-31T01:45:52.226232,2031638,142656,75304,142656,18210,142656,3080,142656,338,142656,39,142656,22,215451,141,20.028235399979167
6,3,,2026-07-31T01:46:12.255434,2033449,143802,76070,143802,18187,143802,3127,143802,304,143802,25,143802,28,216998,112,20.029016599990427
6,3,,2026-07-31T01:46:32.283184,2034357,143690,75940,143690,18284,143690,3113,143690,335,143690,31,143690,24,216177,144,20.02758580003865
6,3,,2026-07-31T01:46:52.312250,2035270,143546,75957,143546,18306,143546,3111,143546,334,143546,40,143546,21,216838,127,20.028965300007258
6,3,,2026-07-31T01:47:12.340164,2036240,143354,75882,143354,18275,143354,3181,143354,348,143354,37,143354,18,215610,128,20.027788100007456
6,3,,2026-07-31T01:47:32.368727,2036743,143141,75822,143141,18121,143141,3177,143141,349,143141,38,143141,28,215910,125,20.028510899981484
6,3,,2026-07-31T01:47:52.398089,2034327,142751,75466,142751,18135,142751,3082,142751,333,142751,27,142751,30,217379,136,20.02921810001135
6,3,,2026-07-31T01:48:12.427343,2036650,143272,75559,143272,18220,143272,3104,143272,332,143272,34,143272,28,215941,129,20.029138199985027
6,3,,2026-07-31T01:48:32.456146,2035596,143040,75702,143040,18216,143040,3109,143040,341,143040,43,143040,29,216217,113,20.02868099999614
6,3,,2026-07-31T01:48:52.485300,2035337,143244,75385,143244,18589,143244,3137,143244,308,143244,35,143244,24,216455,124,20.029072899953462
6,3,,2026-07-31T01:49:12.514146,2032495,142779,75384,142779,18264,142779,3196,142779,329,142779,39,142779,25,215572,148,20.02875000005588
6,3,,2026-07-31T01:49:32.543089,2034139,143196,75488,143196,18341,143196,3149,143196,320,143196,22,143196,15,215834,143,20.028886200045235
6,3,,2026-07-31T01:49:52.571608,2037303,143058,75205,143058,18429,143058,3148,143058,294,143058,25,143058,26,216127,106,20.028430700011086
6,3,,2026-07-31T01:50:12.600068,2031665,143624,75626,143624,18275,143624,3089,143624,334,143624,43,143624,19,215814,119,20.02834699995583
6,3,,2026-07-31T01:50:32.629706,2034456,143046,75347,143046,18206,143046,3193,143046,346,143046,40,143046,28,216038,148,20.02955080004176
6,3,,2026-07-31T01:50:52.659236,2032099,143029,75440,143029,18089,143029,3027,143029,301,143029,33,143029,30,216285,129,20.02932749997126
6,3,,2026-07-31T01:51:12.688415,2031382,143727,75528,143727,18368,143727,3271,143727,313,143727,35,143727,23,215306,134,20.029018600005656
6,3,,2026-07-31T01:51:32.717453,2031764,142733,75425,142733,18336,142733,3112,142733,334,142733,28,142733,26,216083,134,20.028943999961484
6,3,,2026-07-31T01:51:52.745517,2033288,142624,75431,142624,18144,142624,3128,142624,315,142624,30,142624,23,216223,150,20.027996599965263
6,3,,2026-07-31T01:52:12.773971,2030431,142480,75408,142480,18065,142480,3014,142480,319,142480,30,142480,21,215689,141,20.02833639999153
6,3,,2026-07-31T01:52:32.802833,2029175,141977,74770,141977,17962,141977,3050,141977,325,141977,24,141977,24,215854,125,20.028739199973643
6,3,,2026-07-31T01:52:52.829942,2029186,142496,74927,142496,18127,142496,3191,142496,345,142496,42,142496,25,215870,121,20.027024399954826
6,3,,2026-07-31T01:53:12.858395,2026292,142520,75091,142520,18136,142520,3152,142520,341,142520,30,142520,31,215091,123,20.028533899981994
6,3,,2026-07-31T01:53:32.887389,2025545,142471,75376,142471,18041,142471,3173,142471,323,142471,36,142471,23,214219,141,20.028889499953948
6,3,,2026-07-31T01:53:52.915333,2026663,142343,74737,142343,18208,142343,3108,142343,295,142343,29,142343,23,214967,140,20.027864400006365
6,3,,2026-07-31T01:54:12.942974,2027349,142195,75146,142195,18197,142195,3002,142195,288,142195,27,142195,19,215091,135,20.027684600034263
6,3,,2026-07-31T01:54:32.972154,2024443,142541,75137,142541,18280,142541,3133,142541,317,142541,33,142541,29,215154,136,20.029152300034184
6,3,,2026-07-31T01:54:52.998977,2022635,142787,75329,142787,18027,142787,3197,142787,322,142787,27,142787,29,214674,128,20.026626400009263
6,3,,2026-07-31T01:55:13.027995,2023957,143068,75481,143068,18042,143068,3037,143068,286,143068,39,143068,24,215060,137,20.029031799989752
6,3,,2026-07-31T01:55:33.057052,2023841,142746,75118,142746,18270,142746,2966,142746,340,142746,32,142746,22,215722,145,20.028988599951845
6,3,,2026-07-31T01:55:53.086202,2022417,142495,75172,142495,18050,142496,3177,142496,350,142496,26,142496,27,215299,140,20.02908079995541
6,3,,2026-07-31T01:56:13.116992,2022748,142334,74942,142334,17999,142333,3179,142333,331,142333,39,142333,20,215826,124,20.03055150003638
6,3,,2026-07-31T01:56:33.146029,2020473,142281,74992,142281,18172,142281,3101,142281,311,142281,40,142281,27,215502,126,20.02894789999118
6,3,,2026-07-31T01:56:53.174556,2025092,143169,75692,143169,18238,143169,3156,143169,323,143169,29,143169,28,215858,125,20.028448699973524
6,3,,2026-07-31T01:57:13.202052,2019889,142589,74926,142589,18336,142589,3070,142589,343,142589,29,142589,32,215758,150,20.027304400049616
6,3,,2026-07-31T01:57:33.230686,2021917,142340,74826,142340,18250,142340,3125,142340,326,142340,30,142340,22,215402,123,20.028450699988753
6,3,,2026-07-31T01:57:53.257681,2018239,142333,75147,142333,18157,142333,3136,142333,312,142333,24,142333,17,215575,132,20.026928399980534
6,3,,2026-07-31T01:58:13.286935,2020547,142737,75238,142737,18126,142737,3220,142737,337,142737,37,142737,18,215557,124,20.029259599978104
6,3,,2026-07-31T01:58:33.316411,2019139,142615,75388,142615,17974,142615,3170,142615,333,142615,38,142615,17,215662,133,20.029420500039123
6,3,,2026-07-31T01:58:53.344843,2020224,142777,75235,142777,18297,142777,3220,142777,342,142777,33,142777,24,215099,112,20.02833580004517
6,3,,2026-07-31T01:59:13.373935,2020240,142377,75219,142377,18190,142377,3164,142377,295,142377,49,142377,25,215427,145,20.02896419999888
6,3,,2026-07-31T01:59:33.403153,2021450,142089,74811,142089,18215,142089,3117,142089,320,142089,31,142089,30,215117,124,20.029100799991284
6,3,,2026-07-31T01:59:53.432241,2018881,143182,75620,143182,18399,143182,3061,143182,342,143182,29,143182,17,215820,140,20.028957200003788
6,3,,2026-07-31T02:00:13.462527,2021248,142706,75394,142706,18154,142706,3149,142706,301,142706,25,142706,14,215908,138,20.03011950000655
6,3,,2026-07-31T02:00:33.491843,2022041,142856,75548,142856,17979,142856,3137,142856,324,142856,39,142856,18,215765,113,20.029161899990868
6,3,,2026-07-31T02:00:53.518980,2021155,143096,75332,143096,18230,143096,3089,143096,336,143096,32,143096,28,215460,134,20.027097399986815
6,3,,2026-07-31T02:01:13.547937,2021314,143388,75628,143388,18269,143388,3241,143388,320,143388,31,143388,30,215658,129,20.028862399980426
6,3,,2026-07-31T02:01:33.577588,2023298,144082,76333,144082,18262,144082,3164,144082,321,144082,29,144082,20,215187,116,20.02950350003084
6,3,,2026-07-31T02:01:53.605839,2023811,143393,75461,143393,18267,143393,3235,143393,326,143393,32,143393,22,215945,140,20.02807150001172
6,3,,2026-07-31T02:02:13.635001,2024646,143680,75534,143680,18184,143680,3117,143680,312,143680,30,143680,18,215628,148,20.028987300000153
6,3,,2026-07-31T02:02:33.665195,2023573,142849,75381,142849,17921,142849,3183,142849,340,142849,30,142849,18,215401,151,20.030064499995206
6,3,,2026-07-31T02:02:53.694350,2026715,142599,75075,142599,18049,142599,3159,142599,329,142599,39,142599,26,216225,155,20.028911100002006
6,3,,2026-07-31T02:03:13.723442,2026321,142998,75209,142998,18304,142998,3230,142998,337,142998,32,142998,19,215316,122,20.02897409995785
6,3,,2026-07-31T02:03:33.752011,2027025,142879,74972,142879,18276,142879,3129,142879,323,142879,42,142879,16,215730,135,20.028485900023952
6,3,,2026-07-31T02:03:53.778948,2027519,142898,75131,142898,18346,142898,3153,142898,308,142898,28,142898,27,216149,136,20.026861599995755
6,3,,2026-07-31T02:04:13.808558,2026519,143285,75610,143285,18428,143285,3039,143285,337,143285,22,143285,22,215367,130,20.029557300033048
6,3,,2026-07-31T02:04:33.835957,2027883,142741,75394,142741,18191,142741,3196,142741,344,142741,32,142741,18,216412,138,20.027257499983534
6,3,,2026-07-31T02:04:53.865444,2028706,143218,75569,143218,18059,143218,3263,143218,311,143218,32,143218,23,215550,147,20.029463100014254
6,3,,2026-07-31T02:05:13.894368,2031093,142679,75271,142679,18134,142679,3171,142679,340,142679,26,142679,22,216077,127,20.028700099966954
6,3,,2026-07-31T02:05:33.922612,2029195,142975,75433,142975,18254,142975,3104,142975,342,142975,35,142975,22,216521,131,20.028068599989638
6,3,,2026-07-31T02:05:53.950285,2031621,142495,74909,142495,18223,142495,3024,142495,301,142495,47,142495,27,216646,121,20.027637399965897
6,3,,2026-07-31T02:06:13.979346,2031573,143421,75717,143421,18037,143421,3211,143421,343,143421,28,143421,26,216378,133,20.028985299984924
6,3,,2026-07-31T02:06:34.005937,2030439,142957,75229,142957,18297,142957,3103,142957,333,142957,28,142957,21,216706,146,20.02659640001366
6,3,,2026-07-31T02:06:54.033218,2029877,143561,75786,143561,18391,143561,3160,143561,316,143561,37,143561,19,215373,129,20.02715789998183
6,3,,2026-07-31T02:07:14.062127,2030995,142940,75372,142940,18283,142941,3102,142941,344,142941,35,142941,18,216426,135,20.028833999997005
6,3,,2026-07-31T02:07:34.091766,2031926,142809,75544,142809,17856,142808,3205,142808,297,142808,43,142808,26,216622,126,20.02949509996688
6,3,,2026-07-31T02:07:54.120095,2032439,142934,75351,142934,18287,142934,3132,142934,317,142934,33,142934,20,216219,116,20.028232100012247
6,3,,2026-07-31T02:08:14.148516,2033309,143543,75512,143543,18218,143543,3230,143543,312,143543,30,143543,19,216709,140,20.028315000003204
6,3,,2026-07-31T02:08:34.177275,2031389,143124,75548,143124,18080,143124,3114,143124,353,143124,27,143124,25,215697,123,20.02868520002812
6,3,,2026-07-31T02:08:54.205960,2032815,143583,75640,143583,18252,143583,3201,143583,293,143583,40,143583,34,217065,124,20.02855540002929
6,3,,2026-07-31T02:09:14.234936,2035160,142937,75528,142937,18043,142937,3282,142937,344,142937,31,142937,24,216833,126,20.02886119997129
6,3,,2026-07-31T02:09:34.263907,2032125,142906,75397,142906,18191,142906,3152,142906,319,142906,29,142906,17,215643,136,20.02887560002273
6,3,,2026-07-31T02:09:54.292701,2031976,142861,75269,142861,18240,142861,3053,142861,331,142861,33,142861,23,216382,124,20.028743000002578
6,3,,2026-07-31T02:10:14.321758,2034285,142682,75353,142682,18125,142682,3155,142682,288,142682,29,142682,21,216139,135,20.02890470001148
6,3,,2026-07-31T02:10:34.350428,2034184,143170,75171,143170,18295,143170,3201,143170,348,143170,27,143170,19,216635,127,20.028590800007805
6,3,,2026-07-31T02:10:54.379285,2031311,142221,74608,142221,17823,142221,3176,142221,336,142221,44,142221,25,215342,144,20.028710399987176
6,3,,2026-07-31T02:11:14.409116,2031867,142248,75279,142248,18063,142248,3167,142248,313,142248,28,142248,25,215710,140,20.029657300037798
6,3,,2026-07-31T02:11:34.438490,2030605,142740,75009,142740,18157,142740,3137,142740,306,142740,32,142740,19,215806,124,20.029223799996544
6,3,,2026-07-31T02:11:54.464951,2033587,142902,75263,142902,18254,142902,3094,142902,337,142902,33,142902,32,216505,121,20.026435800013132
6,3,,2026-07-31T02:12:14.492437,2029963,142001,75033,142001,18152,142001,3111,142001,311,142001,34,142001,20,215855,124,20.027487099985592
6,3,,2026-07-31T02:12:34.521157,2029808,142232,75046,142232,18126,142232,3073,142232,312,142232,35,142232,29,215243,119,20.028578800032847
6,3,,2026-07-31T02:12:54.550350,2032701,142927,75172,142927,18233,142927,3210,142927,316,142927,33,142927,16,215289,120,20.029145499982405
6,3,,2026-07-31T02:13:14.577612,2029813,142507,75372,142507,18065,142507,3113,142507,303,142507,35,142507,14,214779,143,20.027155999967363
6,3,,2026-07-31T02:13:34.607133,2027923,143064,75701,143064,18256,143064,3145,143064,316,143064,43,143064,20,216120,130,20.029436599987093
6,3,,2026-07-31T02:13:54.637683,2029081,142913,75130,142913,18414,142913,3183,142913,330,142913,32,142913,17,215548,130,20.030387299950235
6,3,,2026-07-31T02:14:14.666082,2027388,142683,75251,142683,18010,142683,3108,142683,287,142683,30,142683,22,215684,130,20.0282581000356
6,3,,2026-07-31T02:14:34.696223,2025524,142498,74853,142498,18033,142498,3219,142498,300,142498,33,142498,14,214849,119,20.02998170000501
6,3,,2026-07-31T02:14:54.723287,2025874,142383,74836,142383,18117,142383,3037,142383,315,142383,31,142383,18,216212,128,20.026804999972228
6,3,,2026-07-31T02:15:14.751958,2022099,142782,75250,142782,17887,142782,3155,142782,308,142782,30,142782,24,214289,141,20.028638499963563
6,3,,2026-07-31T02:15:34.780911,2021328,143341,75074,143341,18274,143341,3274,143341,304,143341,36,143341,15,214627,140,20.02879040001426
6,3,,2026-07-31T02:15:54.809922,2022192,142778,75453,142778,18164,142778,3101,142778,333,142778,35,142778,20,215593,132,20.028935400012415
6,3,,2026-07-31T02:16:14.838910,2022274,142902,75344,142902,18163,142902,3068,142902,320,142902,41,142902,18,215465,137,20.028855099983048
6,3,,2026-07-31T02:16:34.868102,2021372,142379,75315,142379,18095,142379,3097,142379,306,142379,32,142379,23,215403,149,20.028977199981455
6,3,,2026-07-31T02:16:54.897950,2020524,142288,74718,142288,18339,142288,3110,142288,295,142288,24,142288,25,214751,158,20.029655399965122
6,3,,2026-07-31T02:17:14.927011,2022864,142187,74594,142187,18139,142187,3158,142187,314,142187,29,142187,26,214525,166,20.02889180002967
6,3,,2026-07-31T02:17:34.955361,2024865,143737,75567,143737,18389,143737,3186,143737,345,143737,31,143737,25,216032,121,20.028180499968585
6,3,,2026-07-31T02:17:54.985104,2022229,143491,75559,143491,18384,143491,3259,143491,343,143491,33,143491,21,215374,134,20.02958180004498
6,3,,2026-07-31T02:18:15.014872,2021795,142981,74923,142981,18435,142981,3212,142981,310,142981,25,142981,31,215542,127,20.029592099948786
6,3,,2026-07-31T02:18:35.043463,2021180,143073,75338,143073,17767,143073,3146,143073,318,143073,26,143073,22,215122,126,20.02841879997868
6,3,,2026-07-31T02:18:55.071656,2020133,142499,74812,142499,18237,142499,3118,142499,305,142499,25,142499,25,215811,111,20.028121799987275
6,3,,2026-07-31T02:19:15.100523,2021602,142794,75016,142794,18207,142794,3095,142794,307,142794,37,142794,18,215592,126,20.028732699982356
6,3,,2026-07-31T02:19:35.130118,2019807,142894,75451,142894,18225,142894,3088,142894,333,142894,40,142894,25,215553,141,20.029505099984817
6,3,,2026-07-31T02:19:55.158709,2020040,142382,75077,142382,18065,142382,3146,142382,360,142382,32,142382,16,215939,136,20.028429199999664
6,3,,2026-07-31T02:20:15.188040,2022128,143179,75621,143179,18032,143179,3206,143179,334,143179,31,143179,17,215275,149,20.029195600014646
6,3,,2026-07-31T02:20:35.217178,2022074,143443,75620,143443,18292,143443,3251,143443,299,143443,36,143443,28,216041,113,20.02898250002181
6,3,,2026-07-31T02:20:55.246719,2024069,143236,75469,143236,18328,143236,3290,143236,320,143236,27,143236,23,216231,110,20.029445499996655
6,3,,2026-07-31T02:21:15.275118,2022678,142602,75292,142602,17819,142602,3129,142602,347,142602,39,142602,14,215872,117,20.028232699958608
6,3,,2026-07-31T02:21:35.301986,2021848,143228,75311,143228,18441,143228,3146,143228,325,143228,31,143228,24,215763,154,20.026699100038968
6,3,,2026-07-31T02:21:55.331505,2021029,143340,75695,143340,18343,143340,3150,143340,339,143340,32,143340,20,216136,119,20.029533400025684
6,3,,2026-07-31T02:22:15.361182,2021920,143189,75453,143189,18198,143189,3226,143189,338,143189,38,143189,25,216090,112,20.029507600003853
6,3,,2026-07-31T02:22:35.390277,2023554,142339,75109,142339,18101,142339,3284,142339,323,142339,24,142339,27,215727,128,20.028931299981195
6,3,,2026-07-31T02:22:55.420101,2024839,143312,75704,143312,18156,143312,3225,143312,303,143312,40,143312,21,215538,115,20.02971620002063
6,3,,2026-07-31T02:23:15.446869,2023321,143552,75771,143552,18348,143552,3109,143552,329,143552,28,143552,16,216514,134,20.026592900045216
6,3,,2026-07-31T02:23:35.476159,2026090,143151,75613,143151,18149,143151,3142,143151,333,143151,39,143151,14,216154,118,20.029240700008813
6,3,,2026-07-31T02:23:55.504779,2026742,143127,75236,143127,18327,143127,3174,143127,323,143127,35,143127,29,215470,104,20.028472999983933
6,3,,2026-07-31T02:24:15.534037,2028292,143413,75955,143413,18184,143413,3223,143413,354,143413,32,143413,23,216742,117,20.029127399961
6,3,,2026-07-31T02:24:35.564841,2026603,142242,75020,142242,17896,142242,3177,142242,320,142242,30,142242,28,216728,119,20.03066830005264
6,3,,2026-07-31T02:24:55.593975,2028344,143158,75438,143158,18332,143158,3126,143158,304,143158,24,143158,25,216992,131,20.02898450003704
6,3,,2026-07-31T02:25:15.621579,2027374,143235,75478,143235,18331,143235,3096,143235,322,143235,32,143235,16,216283,142,20.027492100023665
6,3,,2026-07-31T02:25:35.649415,2030616,143780,76063,143780,18149,143780,3191,143780,324,143780,34,143780,28,216504,134,20.02779640001245
6,3,,2026-07-31T02:25:55.676546,2027992,142407,74850,142407,18070,142407,3146,142407,363,142407,25,142407,16,215623,121,20.026945000048727
6,3,,2026-07-31T02:26:15.706008,2028505,142971,75191,142971,18125,142971,3052,142971,274,142971,35,142971,22,216762,131,20.029264199954923
6,3,,2026-07-31T02:26:35.735286,2030874,143370,75863,143370,18145,143370,3143,143370,365,143370,34,143370,19,216560,144,20.02915610000491
6,3,,2026-07-31T02:26:55.764025,2029525,142930,75912,142930,17876,142930,3125,142930,296,142930,41,142930,30,216244,142,20.02847289998317
6,3,,2026-07-31T02:27:15.792489,2032486,142619,75346,142619,18196,142619,3170,142619,312,142619,31,142619,31,216185,148,20.02824769995641
6,3,,2026-07-31T02:27:35.819664,2031394,143888,75791,143888,18380,143888,3156,143888,310,143888,29,143888,31,216402,126,20.027005599986296
6,3,,2026-07-31T02:27:55.848014,2030560,143186,75524,143186,18203,143186,3133,143186,330,143186,33,143186,18,216163,110,20.028395999979693
6,3,,2026-07-31T02:28:15.876773,2032775,143567,75829,143567,18187,143567,3171,143567,332,143567,37,143567,14,216321,138,20.02864989999216
6,3,,2026-07-31T02:28:35.906150,2031217,142794,74979,142794,17945,142794,3226,142794,368,142794,33,142794,24,216488,130,20.029197599971667
6,3,,2026-07-31T02:28:55.935991,2033363,143132,75283,143132,18362,143132,3032,143132,297,143133,40,143133,19,216944,119,20.029621199995745
6,3,,2026-07-31T02:29:15.964826,2030213,143131,75069,143131,18363,143131,3101,143131,325,143130,38,143130,30,215350,123,20.028655599977355
6,3,,2026-07-31T02:29:35.994583,2030871,142753,75169,142753,18110,142753,3137,142753,276,142753,30,142753,24,216813,144,20.02960750000784
6,3,,2026-07-31T02:29:56.023124,2032704,143086,75870,143086,18009,143086,3128,143086,341,143086,30,143086,29,215828,138,20.02842419996159
6,3,,2026-07-31T02:30:16.052495,2034282,143861,75748,143861,18239,143861,3152,143861,337,143861,37,143861,25,215831,138,20.029229999985546
6,3,,2026-07-31T02:30:36.080125,2032102,142782,75057,142782,18102,142783,3265,142783,330,142783,32,142783,20,215381,117,20.027477699972223
6,3,,2026-07-31T02:30:56.108402,2032416,142456,75443,142456,17932,142455,3180,142455,314,142455,30,142455,33,216139,132,20.028165800031275
6,3,,2026-07-31T02:31:16.137581,2030797,142336,75335,142336,18107,142336,3159,142336,313,142336,28,142336,20,215840,146,20.02872960001696
6,3,,2026-07-31T02:31:36.167189,2030644,142864,75359,142864,18169,142864,3085,142864,323,142864,34,142864,21,214910,122,20.029435799981
6,3,,2026-07-31T02:31:56.196604,2031285,143058,75405,143058,18060,143058,3175,143058,296,143058,32,143058,23,216684,120,20.029241500014905
6,3,,2026-07-31T02:32:16.226047,2028945,142490,75026,142490,18129,142490,3190,142490,326,142490,26,142490,16,215642,134,20.029244800040033
6,3,,2026-07-31T02:32:36.255837,2028012,142828,75271,142828,18256,142828,3123,142828,313,142828,37,142828,19,215809,125,20.029570600017905
6,3,,2026-07-31T02:32:56.282778,2028095,143167,75640,143167,18228,143167,3102,143167,338,143167,21,143167,19,216086,116,20.026821599982213
6,3,,2026-07-31T02:33:16.312602,2028530,141868,74645,141868,18153,141868,3056,141868,321,141868,23,141868,25,215126,121,20.029675900004804
6,3,,2026-07-31T02:33:36.342558,2026648,143076,75449,143076,18054,143076,3078,143076,330,143076,29,143076,18,215837,119,20.029775800008792
6,3,,2026-07-31T02:33:56.371698,2026313,142785,75273,142785,17914,142785,3073,142785,351,142785,32,142785,23,215898,130,20.028965700010303
6,3,,2026-07-31T02:34:16.402621,2024098,141714,74528,141714,17848,141714,3135,141714,319,141714,26,141714,23,215514,126,20.030774599988945
6,3,,2026-07-31T02:34:36.431240,2024694,142027,74507,142027,18076,142027,3171,142027,305,142027,25,142027,24,214895,144,20.02833780000219
6,3,,2026-07-31T02:34:56.458370,2026137,142254,74671,142254,17948,142254,3266,142254,342,142254,27,142254,28,215320,119,20.027015500003472
6,3,,2026-07-31T02:35:16.485462,2022880,142954,75174,142954,18234,142954,3123,142954,335,142954,22,142954,20,214742,130,20.02691070002038
6,3,,2026-07-31T02:35:36.514297,2020554,142845,75148,142845,18041,142845,3165,142845,292,142845,34,142845,23,214567,112,20.028738700028043
6,3,,2026-07-31T02:35:56.543234,2023671,142291,74783,142291,18097,142291,3158,142291,297,142291,35,142291,27,214935,133,20.02876070002094
6,3,,2026-07-31T02:36:16.571502,2020384,142536,75034,142536,17980,142536,3179,142536,372,142536,35,142536,21,214458,148,20.028137999994215
6,3,,2026-07-31T02:36:36.599971,2020744,142845,74742,142845,18137,142845,3200,142845,342,142845,27,142845,20,215338,149,20.028275300050154
6,3,,2026-07-31T02:36:56.629631,2021155,141967,74583,141967,18164,141967,3036,141967,307,141967,29,141967,23,215451,130,20.029490999993868
6,3,,2026-07-31T02:37:16.659406,2023405,142188,74795,142188,18004,142188,3152,142188,347,142188,29,142188,21,214529,127,20.029661200009286
6,3,,2026-07-31T02:37:36.687534,2022586,143123,75651,143123,18002,143123,3134,143123,302,143123,34,143123,22,215086,121,20.027967599977273
6,3,,2026-07-31T02:37:56.716203,2020874,143090,75409,143090,17900,143090,3110,143090,329,143090,31,143090,32,215375,128,20.028472499980126
6,3,,2026-07-31T02:38:16.744703,2021119,142920,75507,142920,17967,142920,3208,142920,364,142920,28,142920,24,215149,125,20.02826539997477
6,3,,2026-07-31T02:38:36.773618,2019907,142997,74980,142997,18267,142997,3279,142997,361,142997,37,142997,19,215456,128,20.028770800039638
6,3,,2026-07-31T02:38:56.803062,2017508,143069,75328,143069,18051,143069,3194,143069,343,143069,31,143069,28,215366,129,20.029275899985805
6,3,,2026-07-31T02:39:16.831718,2017916,142820,75428,142820,18045,142820,3123,142820,339,142820,37,142820,20,215307,124,20.028494099969976
6,3,,2026-07-31T02:39:36.862145,2015924,142929,74901,142929,18260,142929,3089,142929,347,142929,37,142929,21,214887,136,20.030236900027376
6,3,,2026-07-31T02:39:56.890696,2017783,142896,74935,142896,18223,142896,3198,142896,324,142896,36,142896,19,215399,154,20.02838510001311
6,3,,2026-07-31T02:40:16.919963,2017174,142783,75302,142783,18219,142783,3164,142783,346,142783,41,142783,26,215388,133,20.02908300003037
6,3,,2026-07-31T02:40:36.948278,2019797,142434,74907,142434,18122,142434,3186,142434,333,142434,43,142434,28,215045,137,20.028178800013848
6,3,,2026-07-31T02:40:56.978465,2018041,142787,75099,142787,18307,142787,3072,142787,333,142787,39,142787,22,215942,119,20.03000530001009
6,3,,2026-07-31T02:41:17.007841,2017981,143082,75289,143082,18297,143082,3113,143082,322,143082,35,143082,26,216316,138,20.02920119999908
6,3,,2026-07-31T02:41:37.037232,2018564,142995,75266,142995,18283,142995,3164,142995,307,142995,29,142995,18,216193,128,20.029168100038078
6,3,,2026-07-31T02:41:57.065835,2022266,142539,75128,142539,18068,142539,3211,142539,326,142539,32,142539,23,215986,118,20.028333999973256
6,3,,2026-07-31T02:42:17.095390,2019251,142902,75170,142902,18059,142902,3193,142902,324,142902,34,142902,27,215361,131,20.029347500007134
6,3,,2026-07-31T02:42:37.124653,2021588,142706,75061,142706,18048,142706,3118,142706,319,142706,28,142706,24,215880,126,20.029155600001104
6,3,,2026-07-31T02:42:57.154237,2020055,143047,75483,143047,18198,143047,3193,143047,328,143047,40,143047,23,215562,116,20.02940120000858
6,3,,2026-07-31T02:43:17.183880,2020424,142171,75023,142171,18068,142171,3144,142171,316,142171,23,142171,13,215090,126,20.029388000024483
6,3,,2026-07-31T02:43:37.213426,2019857,141938,74577,141938,18107,141938,3130,141938,343,141938,22,141938,22,216561,149,20.029377099999692
6,3,,2026-07-31T02:43:57.242112,2017819,142580,74964,142580,18201,142580,3058,142580,313,142580,40,142580,28,215792,124,20.028552900010254
6,3,,2026-07-31T02:44:17.271281,2019437,142448,74952,142448,18152,142448,3142,142448,317,142448,29,142448,33,215518,134,20.028956399997696
6,3,,2026-07-31T02:44:37.300177,2022838,143324,75416,143324,18303,143324,3042,143324,317,143324,45,143324,24,215492,140,20.028748999990057
6,3,,2026-07-31T02:44:57.328950,2024336,143406,75748,143406,18228,143406,3160,143406,320,143406,32,143406,23,215823,156,20.028652300010435
6,3,,2026-07-31T02:45:17.357930,2026240,143270,75225,143270,18310,143270,3224,143270,363,143270,34,143270,24,216228,141,20.028820499952417
6,3,,2026-07-31T02:45:37.387140,2023615,142514,75352,142514,18158,142514,3134,142514,300,142514,36,142514,25,215606,146,20.02903120004339
6,3,,2026-07-31T02:45:57.415226,2024259,142758,75262,142758,18004,142758,3280,142758,305,142758,32,142758,28,216109,146,20.02783370000543
6,3,,2026-07-31T02:46:17.444686,2023560,142480,75274,142480,18260,142480,3136,142480,299,142480,50,142480,17,215522,135,20.02930140000535
6,3,,2026-07-31T02:46:37.472069,2029629,143480,75469,143480,18252,143480,3141,143480,321,143480,23,143480,23,215517,127,20.02722879999783
6,3,,2026-07-31T02:46:57.501172,2026219,143561,76045,143561,18290,143561,3095,143561,305,143561,32,143561,16,216006,132,20.029077299986966
6,3,,2026-07-31T02:47:17.531464,2026547,143230,75450,143230,18236,143230,3279,143230,342,143230,39,143230,22,216266,161,20.03007110004546
6,3,,2026-07-31T02:47:37.559952,2027813,143064,75538,143064,18031,143064,3125,143064,324,143064,27,143064,20,215921,130,20.028330100001767
6,3,,2026-07-31T02:47:57.588655,2028518,143442,75781,143442,18313,143442,3169,143442,336,143442,31,143442,21,215720,126,20.028562500025146
6,3,,2026-07-31T02:48:17.618349,2029854,142683,75281,142683,17959,142683,3176,142683,321,142683,26,142683,24,216815,125,20.02951140003279
6,3,,2026-07-31T02:48:37.647734,2028162,143151,75312,143151,18258,143151,3047,143151,327,143151,35,143151,24,217058,127,20.029235899972264
6,3,,2026-07-31T02:48:57.675827,2029629,143028,75540,143028,18075,143028,3145,143028,335,143028,31,143028,21,216152,118,20.027948899951298
6,3,,2026-07-31T02:49:17.704427,2029977,143059,75367,143059,18053,143059,3108,143059,334,143059,37,143059,30,216890,146,20.028432800027076
6,3,,2026-07-31T02:49:37.732983,2029690,143503,75403,143503,18415,143503,3065,143503,328,143503,39,143503,24,216685,131,20.028320400044322
6,3,,2026-07-31T02:49:57.762147,2030904,143145,75145,143145,18304,143145,3184,143145,323,143145,32,143145,20,215990,151,20.028928499959875
6,3,,2026-07-31T02:50:17.790698,2031943,142826,75438,142826,17884,142826,3117,142826,350,142826,33,142827,21,216194,134,20.028430800011847
6,3,,2026-07-31T02:50:37.820106,2031885,143133,75307,143133,18343,143133,3149,143133,281,143133,32,143132,29,216324,127,20.029186200001277
6,3,,2026-07-31T02:50:57.849354,2030492,143094,75462,143094,17950,143094,3114,143094,315,143094,26,143094,20,216698,143,20.029087799950503
6,3,,2026-07-31T02:51:17.878369,2030228,142743,75347,142743,18213,142743,3081,142743,336,142743,36,142743,29,216675,134,20.028828600014094
6,3,,2026-07-31T02:51:37.906233,2030926,143434,75436,143434,18392,143434,3189,143434,329,143434,25,143434,26,216631,129,20.027681400009897
6,3,,2026-07-31T02:51:57.935156,2032229,142635,75263,142635,18005,142635,3087,142635,314,142635,39,142635,17,215671,154,20.02877969999099
6,3,,2026-07-31T02:52:17.963908,2030885,142502,75119,142502,18083,142502,3085,142502,373,142502,38,142502,29,216380,136,20.028558499994688
6,3,,2026-07-31T02:52:37.992367,2033672,142378,74736,142378,18215,142378,3128,142378,310,142378,46,142378,26,216714,133,20.028310400026385
6,3,,2026-07-31T02:52:58.023277,2029195,143114,75531,143114,18029,143114,3033,143114,306,143114,22,143114,27,215696,137,20.03063569997903
6,3,,2026-07-31T02:53:18.052553,2030834,142759,75039,142759,18252,142759,3070,142759,319,142759,28,142759,18,216128,125,20.029073400015477
6,3,,2026-07-31T02:53:38.081479,2029577,142798,75301,142798,18250,142798,3094,142798,290,142798,27,142798,23,215551,149,20.028694299980998
6,3,,2026-07-31T02:53:58.108341,2029514,142548,74997,142548,18090,142548,3167,142548,336,142548,38,142548,22,215502,127,20.02674569998635
6,3,,2026-07-31T02:54:18.137053,2029174,142750,74843,142750,18336,142750,3160,142750,314,142750,32,142750,29,215627,125,20.02854239998851
6,3,,2026-07-31T02:54:38.166727,2029459,142347,75172,142347,17912,142347,3115,142347,311,142347,33,142347,26,216431,136,20.02948089997517
6,3,,2026-07-31T02:54:58.195581,2029346,142643,75128,142643,18355,142643,3053,142643,286,142643,37,142643,18,214988,143,20.028709799982607
6,3,,2026-07-31T02:55:18.225009,2024873,142733,75152,142733,17752,142733,3126,142733,330,142733,41,142733,21,215541,122,20.029158400022425
6,3,,2026-07-31T02:55:38.253891,2027326,141975,74557,141975,17968,141975,3065,141975,350,141975,36,141975,21,215173,108,20.028734899999108
6,3,,2026-07-31T02:55:58.283430,2025864,143248,75206,143248,18193,143248,3131,143248,323,143248,35,143248,24,215068,128,20.029347100004088
6,3,,2026-07-31T02:56:18.311568,2023955,142321,74838,142321,18006,142321,3124,142321,289,142321,35,142321,25,215029,108,20.027894099999685
6,3,,2026-07-31T02:56:38.340233,2024790,142619,74534,142619,18320,142619,3191,142619,313,142619,25,142619,25,214903,142,20.02840189996641
6,3,,2026-07-31T02:56:58.370479,2024411,142287,74806,142287,18048,142287,3158,142287,298,142287,26,142287,36,216136,140,20.030061800032854
6,3,,2026-07-31T02:57:18.398964,2022616,143194,75505,143194,18287,143194,3114,143194,304,143194,32,143194,13,215931,140,20.02820379997138
6,3,,2026-07-31T02:57:38.429519,2021895,141743,74565,141743,17826,141743,3198,141743,328,141743,32,141743,32,215538,134,20.030352200032212
6,3,,2026-07-31T02:57:58.459682,2021376,142178,74622,142178,18245,142178,3059,142178,342,142178,25,142178,24,214361,150,20.029948199982755
6,3,,2026-07-31T02:58:18.488785,2020782,142370,75016,142370,18085,142370,3149,142370,299,142370,46,142370,21,215154,142,20.028919300006237
6,3,,2026-07-31T02:58:38.518002,2021724,143263,75466,143263,18209,143263,3149,143263,328,143263,26,143263,17,215337,139,20.02901679999195
6,3,,2026-07-31T02:58:58.547182,2020144,142957,75038,142957,18209,142957,3190,142957,351,142957,33,142957,34,213846,139,20.028954299981706
6,3,,2026-07-31T02:59:18.575459,2021656,142368,74962,142368,18133,142368,3086,142368,336,142368,34,142368,36,214698,110,20.02807339996798
6,3,,2026-07-31T02:59:38.605754,2018370,142267,74843,142267,17996,142267,3186,142267,315,142267,32,142267,18,214857,115,20.030131399980746
6,3,,2026-07-31T02:59:58.634172,2020209,142177,74745,142177,17966,142177,3053,142177,313,142177,25,142177,14,215249,115,20.02822809998179
6,3,,2026-07-31T03:00:18.662749,2022108,142675,74710,142675,18375,142675,3090,142675,323,142675,29,142675,26,214735,135,20.028392200008966
6,3,,2026-07-31T03:00:38.690997,2018489,142615,74885,142615,18280,142615,3244,142615,308,142615,26,142615,31,214431,143,20.02810930000851
6,3,,2026-07-31T03:00:58.719588,2020219,142433,75121,142433,18072,142433,3205,142433,356,142433,35,142433,26,215083,128,20.02857819997007
6,3,,2026-07-31T03:01:18.747130,2018141,142240,74738,142240,18150,142240,3172,142240,318,142240,31,142240,26,215471,129,20.027371100033633
6,3,,2026-07-31T03:01:38.776085,2016492,142303,74918,142303,18088,142303,3106,142303,327,142303,37,142303,30,215558,131,20.028738800028805
6,3,,2026-07-31T03:01:58.805784,2018432,142383,74983,142383,18028,142383,3208,142383,318,142383,36,142383,21,215048,132,20.029469900007825
6,3,,2026-07-31T03:02:18.835380,2019002,142417,75084,142417,18177,142417,3172,142417,321,142417,34,142417,24,215544,148,20.029484800004866
6,3,,2026-07-31T03:02:38.862417,2015178,142903,75222,142903,18354,142903,3165,142903,285,142903,37,142903,32,215307,114,20.026889399974607
6,3,,2026-07-31T03:02:58.891288,2015055,142691,75557,142691,17808,142691,3066,142691,345,142691,41,142691,20,214868,126,20.02869110001484
6,3,,2026-07-31T03:03:18.919762,2012759,142475,75100,142475,18257,142475,3125,142475,347,142475,28,142475,15,214388,130,20.02825919998577
6,3,,2026-07-31T03:03:38.947758,2017460,142533,74908,142533,18150,142533,3162,142533,346,142533,32,142533,33,215864,137,20.027852799976245
6,3,,2026-07-31T03:03:58.977313,2015799,142905,75174,142905,18368,142905,3174,142905,327,142905,30,142905,23,216106,138,20.029485900013242
6,3,,2026-07-31T03:04:19.007054,2017626,143131,75576,143131,18160,143131,3072,143131,321,143131,33,143131,25,214150,118,20.029531900014263
6,3,,2026-07-31T03:04:39.033821,2017423,142869,75497,142869,18254,142869,3154,142869,314,142869,20,142869,27,215638,127,20.026492600038182
6,3,,2026-07-31T03:04:59.062793,2016344,143095,75508,143095,18234,143095,3195,143095,337,143095,31,143095,26,215731,113,20.028906799969263
6,3,,2026-07-31T03:05:19.091754,2016519,142848,75236,142848,18187,142848,3092,142848,299,142848,39,142848,24,215119,145,20.028742099995725
6,3,,2026-07-31T03:05:39.120120,2016030,142684,75283,142684,17929,142684,3116,142684,278,142684,37,142684,10,214475,116,20.028171200014185
6,3,,2026-07-31T03:05:59.148212,2018239,142303,75042,142303,17943,142303,3090,142303,338,142303,38,142303,21,215471,123,20.02792349999072
6,3,,2026-07-31T03:06:19.177470,2019307,143141,75397,143141,18180,143141,3136,143141,311,143141,31,143141,31,215448,137,20.029105100024026
6,3,,2026-07-31T03:06:39.206530,2021147,143368,75804,143368,18243,143368,3124,143368,314,143368,34,143368,30,214657,144,20.028881300007924
6,3,,2026-07-31T03:06:59.235135,2020485,142661,75222,142661,18239,142661,3176,142661,318,142661,24,142661,25,215583,138,20.028473699989263
6,3,,2026-07-31T03:07:19.263439,2019678,143342,76061,143342,18006,143342,3035,143342,323,143342,29,143342,31,216022,127,20.028118899965193
6,3,,2026-07-31T03:07:39.292407,2022311,142697,75753,142697,17782,142697,3175,142697,296,142697,38,142697,19,215289,137,20.028684099961538
6,3,,2026-07-31T03:07:59.318706,2026132,142313,75191,142313,17911,142313,3131,142313,333,142313,27,142313,18,215827,120,20.026157699991018
6,3,,2026-07-31T03:08:19.348172,2025481,143537,75622,143537,18203,143537,3193,143537,327,143537,39,143537,26,215404,125,20.0292974000331
6,3,,2026-07-31T03:08:39.377007,2026353,143288,75686,143288,18203,143288,3120,143288,369,143288,30,143288,25,216424,141,20.02859920001356
6,3,,2026-07-31T03:08:59.405866,2025565,142578,75249,142578,18233,142578,3237,142578,321,142578,29,142578,20,215521,143,20.028668700018898
6,3,,2026-07-31T03:09:19.434343,2025933,142407,75317,142407,18042,142407,3110,142407,309,142407,39,142407,23,216303,113,20.02825540001504
6,3,,2026-07-31T03:09:39.463030,2024673,142980,75259,142980,18115,142980,3200,142980,312,142980,31,142980,16,215914,115,20.02849499997683
6,3,,2026-07-31T03:09:59.492035,2025808,143232,75169,143232,18505,143232,3194,143232,319,143232,38,143232,19,215700,122,20.028795999998692
6,3,,2026-07-31T03:10:19.521313,2026625,143007,75544,143007,18230,143007,3192,143007,343,143007,28,143007,23,216174,112,20.02908780000871
6,3,,2026-07-31T03:10:39.549796,2028895,143586,75735,143586,18194,143586,3192,143586,305,143586,26,143586,20,216761,127,20.028313099988736
6,3,,2026-07-31T03:10:59.578901,2027472,142194,74945,142194,18154,142194,3074,142194,330,142194,37,142194,30,215125,155,20.02889159996994
6,3,,2026-07-31T03:11:19.609239,2028792,143369,75616,143369,18242,143369,3133,143369,296,143369,38,143369,19,216123,162,20.03004990000045
6,3,,2026-07-31T03:11:39.637397,2029089,143726,75791,143726,18180,143726,3213,143726,340,143726,30,143726,27,216214,130,20.02802689996315
6,3,,2026-07-31T03:11:59.667136,2025709,143225,75544,143225,18164,143225,3163,143225,327,143225,34,143225,30,216091,156,20.029648300027475
6,3,,2026-07-31T03:12:19.696239,2029221,143880,75598,143880,18595,143880,3208,143880,328,143880,26,143880,27,215945,142,20.02888650004752
6,3,,2026-07-31T03:12:39.725477,2029993,142964,75742,142964,18280,142964,3111,142964,334,142964,30,142964,26,215987,135,20.02913640002953
6,3,,2026-07-31T03:12:59.755558,2029421,142978,75562,142978,18155,142978,3099,142978,368,142978,27,142978,32,216909,132,20.029824200028088
6,3,,2026-07-31T03:13:19.785504,2030239,143735,76053,143735,18428,143735,3061,143735,323,143735,27,143735,21,216566,122,20.02976689999923
6,3,,2026-07-31T03:13:39.814052,2030568,143185,75778,143185,18145,143185,3228,143185,302,143185,22,143185,28,216291,126,20.028375199995935
6,4,,2026-07-31T03:14:09.919391,2029129,161878,93712,161878,17092,161878,1978,161878,110,161878,31,161878,39,214926,132,20.0281532999943
6,4,,2026-07-31T03:14:29.948535,2031221,162311,94015,162311,17090,162311,2013,162311,93,162311,18,162311,33,215199,145,20.028991500032134
6,4,,2026-07-31T03:14:49.975209,2033293,162153,94054,162153,16979,162153,2024,162153,140,162153,19,162153,34,215823,128,20.02660450001713
6,4,,2026-07-31T03:15:10.003083,2031159,161938,93794,161938,17161,161938,2070,161938,106,161938,18,161938,23,214959,134,20.02775319997454
6,4,,2026-07-31T03:15:30.029996,2029804,161749,93678,161749,17090,161749,2132,161749,112,161749,21,161749,26,215667,160,20.02689450001344
6,4,,2026-07-31T03:15:50.058661,2028872,160901,92568,160901,16955,160901,2064,160901,93,160901,28,160901,30,214626,135,20.028639000025578
6,4,,2026-07-31T03:16:10.087951,2030016,162139,93935,162139,17074,162139,1947,162139,94,162139,29,162139,33,215823,132,20.02906620001886
6,4,,2026-07-31T03:16:30.117433,2029774,161494,93774,161494,16979,161494,2007,161494,114,161494,22,161494,26,214771,125,20.029152500035707
6,4,,2026-07-31T03:16:50.144437,2028260,161721,93573,161721,16974,161721,1964,161721,106,161721,21,161721,19,215129,155,20.026816199999303
6,4,,2026-07-31T03:17:10.175310,2029550,161505,93502,161505,16986,161505,2071,161505,104,161505,22,161505,36,215505,143,20.030674799985718
6,4,,2026-07-31T03:17:30.204425,2028793,160940,93055,160940,16990,160940,1945,160940,106,160940,31,160940,38,214729,133,20.028942200005986
6,4,,2026-07-31T03:17:50.233401,2024599,161994,93740,161994,17115,161994,1955,161994,94,161994,17,161994,31,214324,129,20.028809099982027
6,4,,2026-07-31T03:18:10.262321,2029148,161030,92940,161030,16753,161030,2087,161030,86,161030,21,161030,28,213763,115,20.02877630002331
6,4,,2026-07-31T03:18:30.291614,2028145,161397,93328,161397,17020,161397,2008,161397,118,161397,32,161397,36,214380,131,20.02909239998553
6,4,,2026-07-31T03:18:50.319513,2025320,161488,93355,161488,16935,161488,2084,161488,127,161488,24,161488,25,214094,119,20.027752899972256
6,4,,2026-07-31T03:19:10.348725,2024180,161651,93406,161651,17114,161651,1974,161651,93,161651,22,161651,32,214311,127,20.029130699986126
6,4,,2026-07-31T03:19:30.377092,2025007,161993,93817,161993,16993,161993,2038,161993,108,161993,25,161993,35,214610,119,20.028162400005385
6,4,,2026-07-31T03:19:50.406181,2021609,161292,93328,161292,16919,161292,2152,161292,105,161292,29,161292,41,214455,126,20.028904100006912
6,4,,2026-07-31T03:20:10.435206,2025713,160850,92789,160850,17109,160850,2016,160850,113,160850,34,160850,34,214391,139,20.028862500039395
6,4,,2026-07-31T03:20:30.463881,2023496,160513,92714,160514,16838,160514,2042,160514,112,160514,28,160514,39,214121,154,20.02849579998292
6,4,,2026-07-31T03:20:50.493494,2019993,160402,92612,160401,17107,160401,2015,160401,108,160401,20,160401,28,213967,131,20.029490899993107
6,4,,2026-07-31T03:21:10.523482,2023028,160785,93068,160785,16934,160785,1926,160785,112,160785,22,160785,36,214705,163,20.02984999999171
6,4,,2026-07-31T03:21:30.552593,2019086,161214,93303,161214,17063,161214,1973,161214,97,161214,18,161214,30,213631,138,20.02887149999151
6,4,,2026-07-31T03:21:50.580309,2019626,162084,93734,162084,17046,162084,2040,162084,107,162084,34,162084,30,214670,142,20.027552599960472
6,4,,2026-07-31T03:22:10.607579,2016707,161199,92912,161199,16965,161199,2024,161199,107,161199,23,161199,25,213718,138,20.027044599992223
6,4,,2026-07-31T03:22:30.636692,2018332,161536,93025,161536,17064,161536,1960,161536,93,161536,24,161536,37,213784,123,20.02904310001759
6,4,,2026-07-31T03:22:50.666807,2017993,161028,92757,161028,16836,161028,2075,161028,110,161028,23,161028,24,212631,113,20.02987420000136
6,4,,2026-07-31T03:23:10.696229,2015065,161760,93535,161760,17125,161760,2104,161760,108,161760,20,161760,26,213897,138,20.029184499988332
6,4,,2026-07-31T03:23:30.723825,2016408,161406,93158,161406,16942,161406,1989,161406,116,161406,20,161406,33,213298,124,20.027527400001418
6,4,,2026-07-31T03:23:50.752078,2015420,160461,92391,160461,17076,160461,2029,160461,124,160461,28,160461,34,214397,128,20.028111699968576
6,4,,2026-07-31T03:24:10.789649,2014175,161283,92915,161283,17005,161283,2035,161283,119,161283,18,161283,25,213578,142,20.037437300023157
6,4,,2026-07-31T03:24:30.819910,2013350,161187,93081,161187,17085,161187,1974,161187,123,161187,30,161187,20,213713,122,20.030103800003417
6,4,,2026-07-31T03:24:50.849027,2013537,161193,92915,161193,17278,161193,1936,161193,110,161193,20,161193,25,213585,156,20.028865100000985
6,4,,2026-07-31T03:25:10.878759,2011299,161053,92709,161053,17067,161053,2029,161053,128,161053,21,161053,31,213375,137,20.029603100032546
6,4,,2026-07-31T03:25:30.905676,2012167,160924,93010,160924,16907,160924,2019,160924,118,160924,24,160924,32,213493,127,20.02678160002688
6,4,,2026-07-31T03:25:50.933359,2012822,161014,93320,161014,16817,161014,1984,161014,106,161014,16,161014,30,213833,128,20.02758349996293
6,4,,2026-07-31T03:26:10.960770,2012202,161425,93475,161425,16917,161425,2025,161425,97,161425,24,161425,32,213796,134,20.027234499983024
6,4,,2026-07-31T03:26:30.987034,2010853,161093,93326,161093,16886,161093,2040,161093,99,161093,29,161093,21,213402,133,20.02620509994449
6,4,,2026-07-31T03:26:51.015929,2010753,161317,93442,161317,16998,161317,2061,161317,109,161317,30,161317,31,212891,131,20.028894299990498
6,4,,2026-07-31T03:27:11.045128,2014895,161450,93532,161450,17019,161450,2002,161450,108,161450,16,161450,25,214206,128,20.028947599988896
6,4,,2026-07-31T03:27:31.071510,2010628,161971,93815,161971,17095,161971,1939,161971,96,161971,27,161971,30,212460,133,20.026177800027654
6,4,,2026-07-31T03:27:51.100563,2014557,161539,93378,161539,17143,161539,1981,161539,118,161539,21,161539,25,214340,111,20.0288647999987
6,4,,2026-07-31T03:28:11.127993,2011357,161615,93133,161615,17025,161615,2030,161615,117,161615,26,161615,24,213974,129,20.027388499991503
6,4,,2026-07-31T03:28:31.155606,2013186,162058,93916,162058,17031,162058,2004,162058,120,162058,24,162058,18,213954,131,20.02754510001978
6,4,,2026-07-31T03:28:51.182550,2013351,162520,93967,162520,17125,162520,1923,162520,117,162520,19,162520,28,213981,132,20.02692680002656
6,4,,2026-07-31T03:29:11.210694,2013851,161692,93160,161692,17272,161692,2000,161692,142,161692,19,161692,25,213623,130,20.02802209998481
6,4,,2026-07-31T03:29:31.238382,2008394,161111,93061,161111,16951,161111,2010,161111,115,161111,14,161111,25,214063,135,20.02764039998874
6,4,,2026-07-31T03:29:51.265417,2014689,162031,93662,162031,16924,162031,2063,162031,99,162031,25,162031,28,214105,130,20.026883999991696
6,4,,2026-07-31T03:30:11.294135,2013277,161579,93358,161579,17199,161579,2052,161579,103,161579,24,161579,28,213217,123,20.028592300019227
6,4,,2026-07-31T03:30:31.321735,2015829,161933,94032,161933,17061,161933,2022,161933,113,161933,28,161933,35,214396,135,20.027377100021113
6,4,,2026-07-31T03:30:51.348135,2013892,161113,93102,161113,17120,161113,2042,161113,112,161113,34,161113,28,214022,138,20.026354299974628
6,4,,2026-07-31T03:31:11.375574,2015264,161605,93071,161605,17099,161605,2006,161605,111,161605,22,161605,27,214446,132,20.02733640000224
6,4,,2026-07-31T03:31:31.403011,2015390,161231,93430,161231,17113,161231,1943,161231,132,161231,34,161231,23,214923,133,20.027375000005122
6,4,,2026-07-31T03:31:51.429891,2019075,161955,93997,161955,16975,161955,2014,161955,109,161955,19,161955,27,214978,126,20.02671130001545
6,4,,2026-07-31T03:32:11.458674,2014929,161363,93355,161363,16851,161363,2025,161363,102,161363,26,161363,37,214862,145,20.02875870000571
6,4,,2026-07-31T03:32:31.486451,2017870,161092,93055,161092,17222,161092,1976,161092,109,161092,20,161092,30,215242,116,20.02758170000743
6,4,,2026-07-31T03:32:51.513100,2019588,161575,93313,161575,17110,161575,2043,161575,94,161575,20,161575,25,214496,116,20.026538200036157
6,4,,2026-07-31T03:33:11.540210,2020640,161719,93355,161719,17120,161719,2004,161719,131,161719,24,161719,22,214970,131,20.026997599983588
6,4,,2026-07-31T03:33:31.567467,2021786,162112,93965,162112,16969,162112,2032,162112,118,162112,25,162112,32,214582,126,20.027167099993676
6,4,,2026-07-31T03:33:51.594422,2021226,162182,93719,162182,17064,162182,2081,162182,111,162182,22,162182,23,215128,137,20.026962800009642
6,4,,2026-07-31T03:34:11.622889,2023167,162444,93819,162444,17056,162444,2041,162444,112,162444,23,162444,36,214679,124,20.02846810000483
6,4,,2026-07-31T03:34:31.649779,2023989,162738,94031,162738,17196,162738,2013,162738,118,162738,25,162738,35,214462,134,20.026712200022303
6,4,,2026-07-31T03:34:51.677087,2025138,162558,93964,162558,17121,162558,2088,162558,104,162558,26,162558,34,214716,133,20.02722609997727
6,4,,2026-07-31T03:35:11.704033,2023964,161898,93629,161898,17200,161898,2027,161898,115,161898,20,161898,37,215366,102,20.02689580002334
6,4,,2026-07-31T03:35:31.730721,2021576,162040,93780,162040,16960,162040,2080,162040,106,162040,30,162040,31,214985,123,20.02653089998057
6,4,,2026-07-31T03:35:51.757709,2024687,161867,93387,161867,16957,161867,2008,161867,135,161867,13,161867,18,215449,128,20.02696799999103
6,4,,2026-07-31T03:36:11.785090,2021219,162222,93784,162222,17017,162222,1990,162222,130,162222,33,162222,23,215177,107,20.027250300045125
6,4,,2026-07-31T03:36:31.812561,2024121,162155,93457,162155,17265,162155,2033,162155,111,162155,21,162155,27,215699,144,20.027360200008843
6,4,,2026-07-31T03:36:51.840059,2027160,161197,92979,161197,16981,161197,1949,161197,95,161197,18,161197,17,214631,146,20.027344100002665
6,4,,2026-07-31T03:37:11.867725,2024534,162274,93835,162274,16970,162274,2079,162274,124,162274,31,162274,32,214810,150,20.027449999994133
6,4,,2026-07-31T03:37:31.895160,2024109,161799,93802,161799,17014,161799,1963,161799,112,161799,21,161799,17,215190,112,20.027408999972977
6,4,,2026-07-31T03:37:51.924230,2025167,161797,93336,161797,17136,161797,1997,161797,99,161797,25,161797,33,215621,133,20.028852100018412
6,4,,2026-07-31T03:38:11.951045,2025699,162320,93485,162320,16996,162320,2027,162320,97,162320,34,162320,29,214517,112,20.026708399993367
6,4,,2026-07-31T03:38:31.977985,2025542,161927,93768,161927,17048,161927,2014,161927,116,161927,22,161927,27,214819,123,20.026902899960987
6,4,,2026-07-31T03:38:52.005441,2026320,161970,93519,161970,16974,161970,2055,161970,100,161970,24,161970,26,214333,114,20.027274299995042
6,4,,2026-07-31T03:39:12.036572,2022711,161385,93175,161385,16934,161385,2094,161385,92,161385,26,161385,28,214491,146,20.030961599957664
6,4,,2026-07-31T03:39:32.071286,2026367,162540,93970,162540,17559,162540,2023,162540,115,162540,21,162540,30,215071,153,20.026942600030452
6,4,,2026-07-31T03:39:52.097970,2026207,160901,92855,160901,16968,160901,1954,160901,116,160901,20,160901,32,213775,130,20.026494099991396
6,4,,2026-07-31T03:40:12.125999,2026880,161674,93091,161674,17158,161674,2035,161674,119,161674,32,161674,32,214108,142,20.027893899998162
6,4,,2026-07-31T03:40:32.152303,2024700,161763,93382,161763,16935,161763,2031,161763,112,161763,29,161763,31,214670,159,20.0262302000192
6,4,,2026-07-31T03:40:52.178645,2026639,160755,92634,160755,17193,160755,1982,160755,113,160755,27,160755,32,214758,136,20.026360200019553
6,4,,2026-07-31T03:41:12.204913,2024265,161217,93040,161217,17087,161217,2059,161217,94,161217,23,161217,24,214820,105,20.02622810000321
6,4,,2026-07-31T03:41:32.231906,2025597,161319,93099,161319,16976,161319,1994,161319,117,161319,25,161319,29,214477,148,20.02687339996919
6,4,,2026-07-31T03:41:52.258491,2023667,161080,93028,161080,16985,161080,1996,161080,121,161080,23,161080,26,214325,155,20.02652750001289
6,4,,2026-07-31T03:42:12.286711,2024884,161779,93670,161779,16613,161779,1981,161779,104,161779,34,161779,26,215204,156,20.02814239996951
6,4,,2026-07-31T03:42:32.313717,2022673,160459,92554,160459,16641,160459,2077,160459,126,160459,31,160459,29,213670,113,20.026819499966223
6,4,,2026-07-31T03:42:52.341366,2024200,161325,92849,161325,17076,161325,2065,161325,119,161325,29,161325,36,213882,130,20.02741260000039
6,4,,2026-07-31T03:43:12.368721,2024097,160492,92902,160492,16756,160492,1994,160492,121,160492,23,160492,26,213593,123,20.02725929999724
6,4,,2026-07-31T03:43:32.396168,2016657,161075,92750,161075,17244,161075,2031,161075,128,161075,23,161075,28,213633,137,20.02728089998709
6,4,,2026-07-31T03:43:52.422914,2019164,161155,93175,161155,17010,161155,2018,161155,107,161155,21,161155,30,214008,119,20.02668240002822
6,4,,2026-07-31T03:44:12.451312,2017651,161346,93626,161346,16926,161346,1956,161346,102,161346,23,161346,41,215043,123,20.02819099999033
6,4,,2026-07-31T03:44:32.479184,2018347,161573,93512,161573,17008,161573,1987,161573,87,161573,28,161573,27,215163,123,20.027670399984345
6,4,,2026-07-31T03:44:52.506454,2019141,161427,92909,161427,16970,161427,2129,161427,110,161427,21,161427,24,214014,124,20.027061100001447
6,4,,2026-07-31T03:45:12.533155,2017142,160977,93016,160977,16885,160977,2058,160977,110,160977,25,160977,22,213661,122,20.026563099992927
6,4,,2026-07-31T03:45:32.561370,2017491,160977,92673,160977,17064,160977,2027,160977,113,160977,18,160977,37,213751,113,20.028134800028056
6,4,,2026-07-31T03:45:52.588651,2015107,161966,93441,161966,17256,161966,2019,161966,119,161966,25,161966,24,213859,116,20.02711610001279
6,4,,2026-07-31T03:46:12.616325,2015881,162017,93578,162017,17439,162017,2001,162017,106,162017,22,162017,29,214010,129,20.02754699997604
6,4,,2026-07-31T03:46:32.645046,2011528,161145,93071,161145,17016,161145,2058,161145,108,161145,26,161145,33,212704,130,20.028496899991296
6,4,,2026-07-31T03:46:52.672633,2017517,160702,92655,160702,17111,160702,2016,160702,123,160702,30,160702,31,213368,132,20.027421700011473
6,4,,2026-07-31T03:47:12.700464,2015212,161069,92944,161069,16893,161069,2031,161069,115,161069,28,161069,48,213836,138,20.027730200032238
6,4,,2026-07-31T03:47:32.727524,2013158,160942,92885,160942,16814,160942,2048,160942,96,160942,23,160942,32,213910,135,20.026890499982983
6,4,,2026-07-31T03:47:52.755746,2011773,161540,93140,161540,17087,161540,2120,161540,118,161540,29,161540,27,213049,129,20.02804369997466
6,4,,2026-07-31T03:48:12.782672,2013340,162267,93871,162267,17120,162267,2039,162267,96,162267,31,162267,34,214010,123,20.02682560001267
6,4,,2026-07-31T03:48:32.810309,2010601,162198,93911,162198,16935,162198,2099,162198,84,162198,28,162198,26,213131,162,20.027510299987625
6,4,,2026-07-31T03:48:52.836862,2011942,161284,93017,161284,17071,161284,2041,161284,125,161284,25,161284,19,213685,137,20.026473800011445
6,4,,2026-07-31T03:49:12.863260,2011397,161836,93502,161836,16960,161836,2037,161836,121,161836,19,161836,29,213119,125,20.026352300017606
6,4,,2026-07-31T03:49:32.890163,2011132,161369,93255,161369,17073,161369,1970,161369,107,161369,30,161369,23,213477,144,20.026829099981114
6,4,,2026-07-31T03:49:52.918833,2006431,160953,93316,160953,16897,160953,2032,160953,105,160953,21,160953,27,213058,143,20.02860210003564
6,4,,2026-07-31T03:50:12.946479,2008379,161911,93525,161911,17058,161911,2097,161911,125,161911,30,161911,26,213309,139,20.027436999953352
6,4,,2026-07-31T03:50:32.972978,2008361,160804,93286,160804,16727,160804,1967,160804,119,160804,29,160804,23,213523,129,20.026475799968466
6,4,,2026-07-31T03:50:53.000744,2012899,162099,93798,162099,17260,162099,1990,162099,95,162099,30,162099,37,213975,111,20.027564399992116
6,4,,2026-07-31T03:51:13.029622,2013422,162210,94154,162210,17052,162210,2059,162210,121,162210,18,162210,29,214669,142,20.028747999982443
6,4,,2026-07-31T03:51:33.055993,2014520,162083,93944,162083,17190,162083,1989,162083,103,162083,26,162083,26,214636,136,20.026133500039577
6,4,,2026-07-31T03:51:53.083262,2014837,161013,93194,161013,16998,161013,2096,161013,120,161013,20,161013,27,214116,133,20.027219599985983
6,4,,2026-07-31T03:52:13.110363,2017088,161428,93778,161428,16831,161428,2006,161428,113,161428,30,161428,36,213657,140,20.027023800008465
6,4,,2026-07-31T03:52:33.138981,2017909,162122,93843,162122,17332,162122,2051,162122,101,162122,22,162122,24,214834,138,20.028558299993165
6,4,,2026-07-31T03:52:53.166575,2019004,162144,94014,162144,17063,162144,1994,162144,106,162144,24,162144,26,214537,127,20.0273986000102
6,4,,2026-07-31T03:53:13.195436,2016361,162277,93991,162277,17072,162277,2035,162277,108,162277,15,162277,25,214619,115,20.02869730000384
6,4,,2026-07-31T03:53:33.223308,2017662,162247,93906,162247,17075,162247,2003,162247,105,162247,28,162247,29,214332,134,20.02766719995998
6,4,,2026-07-31T03:53:53.251635,2019361,161694,93735,161694,17086,161694,2065,161694,103,161694,21,161694,32,214892,136,20.028090199979488
6,4,,2026-07-31T03:54:13.280752,2020645,161637,93443,161637,17170,161637,2043,161637,104,161637,25,161637,27,214536,120,20.029010300000664
6,4,,2026-07-31T03:54:33.308115,2019533,162427,94057,162427,17112,162427,2043,162427,131,162427,29,162427,29,214554,114,20.027177400013898
6,4,,2026-07-31T03:54:53.335657,2020295,162027,94210,162027,16958,162027,2020,162027,115,162027,22,162027,34,214616,129,20.0273659999948
6,4,,2026-07-31T03:55:13.365697,2020707,161470,93741,161470,17180,161470,2028,161470,102,161470,27,161470,26,214124,123,20.029868499957956
6,4,,2026-07-31T03:55:33.393487,2020185,162050,93850,162050,16812,162050,2013,162050,106,162050,29,162050,30,214371,120,20.027704900014214
6,4,,2026-07-31T03:55:53.421603,2024544,161484,93138,161484,17008,161484,2001,161484,114,161484,18,161484,28,214788,115,20.02795449999394
6,4,,2026-07-31T03:56:13.449097,2024022,162389,94093,162389,16954,162389,2014,162389,121,162389,33,162389,25,215607,148,20.027371900039725
6,4,,2026-07-31T03:56:33.477571,2023552,161809,93892,161809,17127,161809,2034,161809,119,161809,14,161809,25,215468,128,20.028311699978076
6,4,,2026-07-31T03:56:53.505721,2027053,161548,93837,161548,16798,161548,1982,161548,106,161548,24,161548,30,215115,136,20.027825199998915
6,4,,2026-07-31T03:57:13.532461,2027593,161764,93978,161764,16832,161764,1990,161764,116,161764,31,161764,27,215759,131,20.026589299959596
6,4,,2026-07-31T03:57:33.559746,2027190,162181,93826,162181,17154,162181,2008,162181,122,162181,30,162181,31,215807,135,20.02719719999004
6,4,,2026-07-31T03:57:53.587884,2029567,162603,93979,162603,17251,162603,1990,162603,112,162603,26,162603,31,215722,128,20.02794030000223
6,4,,2026-07-31T03:58:13.616948,2029101,162480,94376,162480,16979,162480,2083,162480,103,162480,17,162480,39,215556,138,20.028835300006904
6,4,,2026-07-31T03:58:33.643952,2025989,162268,94143,162268,17062,162268,1960,162268,115,162268,29,162268,27,216403,165,20.026775099977385
6,4,,2026-07-31T03:58:53.669928,2023093,161963,93666,161963,17252,161963,2021,161963,105,161963,25,161963,29,214804,139,20.02597900002729
6,4,,2026-07-31T03:59:13.696877,2024633,162199,93884,162199,17094,162199,2093,162199,118,162199,23,162199,29,214919,111,20.026886200008448
6,4,,2026-07-31T03:59:33.723704,2024666,161311,93518,161311,16905,161311,1981,161311,128,161311,25,161311,23,215871,134,20.02668959996663
6,4,,2026-07-31T03:59:53.752009,2027536,162312,93870,162312,17018,162312,1989,162312,96,162312,23,162312,32,214062,123,20.028195399965625
6,4,,2026-07-31T04:00:13.778829,2026007,161505,93233,161505,17103,161505,2096,161505,83,161505,31,161505,34,214656,119,20.026685399992857
6,4,,2026-07-31T04:00:33.806039,2026557,163126,94057,163126,17264,163126,2033,163126,124,163126,28,163126,41,215161,147,20.027148200024385
6,4,,2026-07-31T04:00:53.835317,2024728,161936,93817,161936,17068,161936,1942,161936,117,161936,19,161936,36,214667,134,20.02922090003267
6,4,,2026-07-31T04:01:13.863405,2025221,162141,93375,162141,17135,162141,2132,162141,106,162141,13,162141,33,214917,129,20.0278787999996
6,4,,2026-07-31T04:01:33.892029,2023830,161317,93391,161317,16980,161317,2032,161317,118,161317,27,161317,27,214774,134,20.028545000008307
6,4,,2026-07-31T04:01:53.924649,2025839,161941,93834,161941,17430,161941,1992,161941,112,161941,24,161941,23,214956,149,20.032491500023752
6,4,,2026-07-31T04:02:13.952705,2026238,162143,93608,162143,17306,162143,2023,162143,109,162143,18,162143,28,214508,128,20.027917200000957
6,4,,2026-07-31T04:02:33.980246,2026877,161471,92971,161471,16919,161471,2055,161471,116,161471,27,161471,28,214217,145,20.027410399983637
6,4,,2026-07-31T04:02:54.007007,2025498,161907,93235,161907,17129,161907,2066,161907,94,161907,34,161907,32,214280,126,20.02662279998185
6,4,,2026-07-31T04:03:14.034556,2023385,161221,93359,161221,16902,161221,1989,161221,133,161221,22,161221,31,214648,133,20.027344300004188
6,4,,2026-07-31T04:03:34.064160,2025047,161326,93408,161326,17057,161326,1922,161326,117,161326,25,161326,27,214929,118,20.029465599975083
6,4,,2026-07-31T04:03:54.090998,2026537,160970,92797,160970,16971,160970,2023,160970,92,160970,26,160970,31,215106,147,20.026627100014593
6,4,,2026-07-31T04:04:14.119458,2028121,162102,93538,162102,17170,162102,2022,162102,107,162102,27,162102,24,215023,144,20.028262300009374
6,4,,2026-07-31T04:04:34.148116,2025332,161524,93445,161524,17162,161524,1978,161524,112,161524,28,161524,33,214935,138,20.028456399973948
6,4,,2026-07-31T04:04:54.175462,2024193,161873,93709,161873,16984,161873,1992,161873,114,161873,20,161873,30,214077,107,20.02716690005036
6,4,,2026-07-31T04:05:14.202266,2023795,160928,93048,160928,17082,160928,1911,160928,97,160928,23,160928,24,214133,127,20.026678000052925
6,4,,2026-07-31T04:05:34.230357,2024631,161472,93555,161472,16920,161472,1994,161472,131,161472,18,161472,33,214370,141,20.027982000028715
6,4,,2026-07-31T04:05:54.258341,2023000,160864,93021,160864,16996,160864,2027,160864,106,160864,30,160864,27,215626,132,20.02767420001328
6,4,,2026-07-31T04:06:14.284731,2023796,161557,93503,161557,17144,161557,2049,161557,95,161557,29,161557,32,214887,140,20.026301399979275
6,4,,2026-07-31T04:06:34.311793,2021590,160674,92917,160674,16918,160674,1999,160674,124,160674,30,160674,34,213534,111,20.02685039996868
6,4,,2026-07-31T04:06:54.338557,2020784,160900,92955,160900,16929,160900,2027,160900,92,160900,19,160900,32,214132,123,20.02664840000216
6,4,,2026-07-31T04:07:14.365600,2022255,160345,92866,160345,16797,160345,2016,160345,102,160345,25,160345,31,214103,134,20.0269126999774
6,4,,2026-07-31T04:07:34.393673,2020742,160927,93344,160927,16919,160927,2022,160927,117,160927,18,160927,25,213260,139,20.02798160002567
6,4,,2026-07-31T04:07:54.420737,2018795,161157,93126,161157,16724,161157,1966,161157,107,161157,19,161157,30,214218,140,20.026826500019524
6,4,,2026-07-31T04:08:14.449305,2019580,161823,93660,161823,17159,161823,2028,161823,113,161823,36,161823,29,213281,154,20.028352799999993
6,4,,2026-07-31T04:08:34.477954,2018086,160935,93145,160935,16984,160935,1942,160935,120,160935,25,160935,24,214685,132,20.02840330003528
6,4,,2026-07-31T04:08:54.505083,2014537,160684,92701,160684,16980,160684,2000,160684,99,160684,26,160684,20,214193,125,20.0270518999896
6,4,,2026-07-31T04:09:14.531580,2016484,160883,92975,160883,17118,160883,2013,160883,108,160883,29,160883,28,213159,114,20.026340799988247
6,4,,2026-07-31T04:09:34.558857,2016559,162023,94053,162023,16896,162023,2092,162023,101,162023,26,162023,36,213829,141,20.02716190001229
6,4,,2026-07-31T04:09:54.586907,2014216,160954,93207,160954,17024,160954,2118,160954,108,160954,23,160954,23,213957,131,20.02783360000467
6,4,,2026-07-31T04:10:14.613818,2013776,160485,93016,160485,16930,160485,2050,160485,88,160485,20,160485,29,213859,128,20.026743799971882
6,4,,2026-07-31T04:10:34.641330,2014296,161579,93573,161579,17130,161579,2066,161579,116,161579,18,161579,37,214534,138,20.027371699979994
6,4,,2026-07-31T04:10:54.667938,2011319,161260,93444,161260,17073,161260,1983,161260,125,161260,24,161260,29,213230,121,20.026523699983954
6,4,,2026-07-31T04:11:14.695607,2011849,160701,92884,160701,17212,160701,2039,160701,113,160701,28,160701,30,213203,137,20.027426599990577
6,4,,2026-07-31T04:11:34.722390,2011362,160994,93123,160994,17074,160994,2048,160994,104,160994,24,160994,28,213965,131,20.02659099997254
6,4,,2026-07-31T04:11:54.748092,2010896,162013,93618,162013,16976,162013,1977,162013,115,162013,26,162013,22,213528,123,20.02562960004434
6,4,,2026-07-31T04:12:14.775545,2007987,161050,92814,161050,17036,161050,1950,161050,102,161050,25,161050,31,213324,136,20.027436600008514
6,4,,2026-07-31T04:12:34.801314,2007737,160926,93115,160926,16915,160926,2023,160926,109,160926,37,160926,21,212614,132,20.02576260000933
6,4,,2026-07-31T04:12:54.829599,2010229,161299,93279,161299,16991,161299,1958,161299,119,161299,22,161299,35,214017,143,20.028221899992786
6,4,,2026-07-31T04:13:14.859545,2008870,161650,93454,161650,17180,161650,2072,161650,121,161650,26,161650,30,212956,144,20.029818999988493
6,4,,2026-07-31T04:13:34.887094,2005265,161030,93145,161030,16970,161030,2089,161030,119,161030,19,161030,31,212656,135,20.027378600032534
6,4,,2026-07-31T04:13:54.913977,2005641,161631,93166,161631,17129,161632,1946,161632,112,161632,28,161632,27,213362,115,20.0267747999751
6,4,,2026-07-31T04:14:14.940969,2006848,161559,93424,161559,16752,161558,2027,161558,111,161558,24,161558,31,213285,139,20.02689919999102
6,4,,2026-07-31T04:14:34.968176,2006327,160987,93132,160987,17028,160987,2035,160987,114,160987,13,160987,32,213172,132,20.02695590001531
6,4,,2026-07-31T04:14:54.997018,2009653,161843,93281,161843,17115,161843,2016,161843,114,161843,28,161843,31,213094,137,20.028703399992082
6,4,,2026-07-31T04:15:15.024733,2011543,161433,93627,161433,16939,161433,2070,161433,106,161433,29,161433,33,214105,126,20.02755729999626
6,4,,2026-07-31T04:15:35.053026,2013602,161976,93794,161976,17015,161976,2026,161976,114,161976,19,161976,24,214115,128,20.028281399980187
6,4,,2026-07-31T04:15:55.079628,2011417,161770,93426,161770,17158,161770,2058,161770,109,161770,24,161770,25,215388,127,20.02646530000493
6,4,,2026-07-31T04:16:15.106347,2017255,162262,93772,162262,17381,162262,2060,162262,128,162262,31,162262,24,214755,104,20.02660590002779
6,4,,2026-07-31T04:16:35.135191,2012745,162270,94061,162270,17029,162270,2054,162270,123,162270,27,162270,26,214344,148,20.028663200035226
6,4,,2026-07-31T04:16:55.162118,2015789,162043,94119,162043,17188,162043,2015,162043,120,162043,23,162043,43,214263,131,20.0267773999949
6,4,,2026-07-31T04:17:15.189423,2017163,161915,93556,161915,17216,161915,1976,161915,122,161915,18,161915,27,214567,144,20.027129800000694
6,4,,2026-07-31T04:17:35.216147,2018785,162214,94080,162214,17291,162214,1993,162214,122,162214,22,162214,25,214011,128,20.026530599978287
6,4,,2026-07-31T04:17:55.244432,2016784,162135,93637,162135,17311,162135,1996,162135,109,162135,37,162135,27,214692,143,20.028172899968922
6,4,,2026-07-31T04:18:15.271619,2017507,162767,94101,162767,17275,162767,2050,162767,105,162767,28,162767,31,213626,133,20.027054800011683
6,4,,2026-07-31T04:18:35.299629,2016936,162159,93524,162159,17040,162159,2061,162159,98,162159,22,162159,25,214490,128,20.02787140000146
6,4,,2026-07-31T04:18:55.327202,2018853,161726,93384,161726,17088,161726,1997,161726,114,161726,28,161726,32,214434,122,20.027300099958666
6,4,,2026-07-31T04:19:15.356457,2022049,161661,93186,161661,17352,161661,2008,161661,109,161661,23,161661,25,215077,135,20.029129299975466
6,4,,2026-07-31T04:19:35.383998,2022383,162435,94023,162435,17031,162435,2017,162435,130,162435,34,162435,39,214564,114,20.027380599989556
6,4,,2026-07-31T04:19:55.411611,2020085,161193,93135,161193,16964,161193,2008,161193,104,161193,19,161193,20,214996,132,20.027482700010296
6,4,,2026-07-31T04:20:15.439450,2023000,161678,93382,161678,17211,161678,1954,161678,134,161678,30,161678,27,214790,111,20.02766199997859
6,4,,2026-07-31T04:20:35.468865,2023951,162256,93646,162256,17017,162256,2008,162256,120,162256,15,162256,28,214706,130,20.029250199964736
6,4,,2026-07-31T04:20:55.497057,2026784,162500,93956,162501,17357,162501,2029,162501,105,162501,40,162501,27,216066,153,20.02791609999258
6,4,,2026-07-31T04:21:15.525986,2025606,162329,93952,162328,17158,162328,2024,162328,103,162328,30,162328,20,215637,132,20.028809700044803
6,4,,2026-07-31T04:21:35.553293,2026700,162156,93777,162156,17089,162156,1988,162156,103,162156,24,162156,24,215220,103,20.02710390003631
6,4,,2026-07-31T04:21:55.582897,2025042,162550,93908,162550,17302,162550,2113,162550,132,162550,28,162550,21,214735,127,20.02954120002687
6,4,,2026-07-31T04:22:15.610048,2024189,162134,93698,162134,17075,162134,1964,162134,103,162134,24,162134,40,215253,127,20.026926599966828
6,4,,2026-07-31T04:22:35.637524,2021526,162087,93870,162087,16844,162087,2045,162087,105,162087,34,162087,37,215277,136,20.027226300037
6,4,,2026-07-31T04:22:55.666461,2021472,161877,93484,161877,16942,161877,2020,161877,136,161877,25,161877,22,214605,105,20.028764999995474
6,4,,2026-07-31T04:23:15.693706,2024920,161793,93823,161793,16910,161793,2057,161793,109,161793,25,161793,30,215221,129,20.02700920001371
6,4,,2026-07-31T04:23:35.721330,2024452,162145,93736,162145,16752,162145,2058,162145,113,162145,30,162145,33,215301,165,20.027497400005814
6,4,,2026-07-31T04:23:55.749112,2023857,161713,93643,161713,17163,161713,1987,161713,106,161713,32,161713,24,215201,137,20.02777139999671
6,4,,2026-07-31T04:24:15.776294,2022918,160996,93187,160996,16923,160996,2010,160996,114,160996,31,160996,27,215130,115,20.02706210000906
6,4,,2026-07-31T04:24:35.805374,2022888,161724,93423,161724,17048,161724,2019,161724,108,161724,19,161724,31,214755,127,20.02888639998855
6,4,,2026-07-31T04:24:55.835620,2027004,162266,93766,162266,17186,162266,2066,162266,107,162266,24,162266,29,215475,136,20.03000480000628
6,4,,2026-07-31T04:25:15.862554,2022300,161347,93486,161347,16987,161347,2110,161347,90,161347,30,161347,30,214161,140,20.026706099975854
6,4,,2026-07-31T04:25:35.891668,2023567,161558,93216,161558,17185,161558,1966,161558,117,161558,29,161558,31,214887,108,20.028972000000067
6,4,,2026-07-31T04:25:55.919305,2023179,161966,94139,161966,16914,161966,1981,161966,113,161966,13,161966,35,215386,160,20.027437900018413
6,4,,2026-07-31T04:26:15.946562,2024333,161931,94025,161931,17109,161931,2039,161931,108,161931,17,161931,33,214676,123,20.027092600008473
6,4,,2026-07-31T04:26:35.972518,2025172,161763,93474,161763,17157,161763,2096,161763,96,161763,28,161763,32,214431,116,20.02582620002795
6,4,,2026-07-31T04:26:56.002039,2022796,160984,93285,160984,16801,160984,2061,160984,106,160984,26,160984,31,214754,122,20.029375199985225
6,4,,2026-07-31T04:27:16.029574,2024122,162245,93627,162245,17117,162245,2030,162245,121,162245,32,162245,28,215483,141,20.027217600028962
6,4,,2026-07-31T04:27:36.058478,2022486,161642,93764,161642,17052,161642,2075,161642,102,161642,31,161642,30,214765,124,20.02881139999954
6,4,,2026-07-31T04:27:56.087317,2022877,161638,93501,161638,16924,161638,1974,161638,130,161638,26,161638,40,214176,112,20.02864029997727
6,4,,2026-07-31T04:28:16.117194,2023118,161825,93885,161825,17058,161825,2091,161825,97,161825,31,161825,22,214297,142,20.029661300010048
6,4,,2026-07-31T04:28:36.146222,2022497,161402,93142,161402,17204,161402,2023,161402,94,161402,32,161402,19,214843,120,20.0288040000014
6,4,,2026-07-31T04:28:56.173609,2023970,161691,93429,161691,17152,161691,2020,161691,103,161691,18,161691,19,214266,137,20.027123800013214
6,4,,2026-07-31T04:29:16.200538,2020818,161052,93178,161052,17086,161052,2082,161052,113,161052,29,161052,20,213731,127,20.02669169998262
6,4,,2026-07-31T04:29:36.228027,2021095,160873,93079,160873,17077,160873,1920,160873,116,160873,20,160873,26,214384,155,20.027308300021105
6,4,,2026-07-31T04:29:56.255398,2020779,161609,93543,161609,17114,161609,2032,161609,115,161609,34,161609,29,213312,154,20.02724089997355
6,4,,2026-07-31T04:30:16.283199,2019147,161287,93352,161287,17126,161287,1983,161287,98,161287,20,161287,34,214943,146,20.027642600005493
6,4,,2026-07-31T04:30:36.310144,2014989,161139,93091,161139,17261,161139,2053,161139,103,161139,31,161139,37,213436,145,20.026852299983148
6,4,,2026-07-31T04:30:56.337477,2017483,161102,93335,161102,17065,161102,1973,161102,120,161102,31,161102,35,213879,138,20.027215800015256
6,4,,2026-07-31T04:31:16.367102,2019041,162442,94211,162442,17052,162442,2058,162442,88,162442,35,162442,33,214484,136,20.029408999951556
6,4,,2026-07-31T04:31:36.393763,2014767,160903,92670,160903,17184,160903,2027,160903,106,160903,24,160903,38,213118,127,20.026423799979966
6,4,,2026-07-31T04:31:56.422232,2014836,161111,92938,161111,17118,161111,2058,161111,106,161111,34,161111,31,213277,124,20.028332100016996
6,4,,2026-07-31T04:32:16.449226,2014013,160992,93568,160992,16799,160992,1983,160992,116,160992,17,160992,39,212744,155,20.026880499965046
6,4,,2026-07-31T04:32:36.477511,2014790,161291,93553,161291,16814,161291,2023,161291,110,161291,28,161291,29,213914,114,20.028263499960303
6,4,,2026-07-31T04:32:56.505074,2014234,161564,93483,161564,17180,161564,1963,161564,108,161564,24,161564,28,213720,134,20.027334599988535
6,4,,2026-07-31T04:33:16.534232,2011879,161369,93097,161369,17185,161369,2013,161369,131,161369,25,161369,27,213438,124,20.028970399987884
6,4,,2026-07-31T04:33:36.560925,2011039,161539,93158,161539,17295,161539,1994,161539,119,161539,31,161539,29,212915,111,20.026560799975414
6,4,,2026-07-31T04:33:56.590863,2011981,161356,93302,161356,17009,161356,2129,161356,105,161356,25,161356,37,213793,139,20.02977840002859
6,4,,2026-07-31T04:34:16.618697,2010109,161457,93333,161457,17046,161457,1993,161457,116,161457,32,161457,13,213540,121,20.027621200017165
6,4,,2026-07-31T04:34:36.645246,2010671,161584,93565,161584,17198,161584,2004,161584,98,161584,30,161584,30,212846,121,20.02637610002421
6,4,,2026-07-31T04:34:56.672624,2011827,161416,93564,161416,16967,161416,2034,161416,124,161416,35,161416,34,214075,121,20.027318899985403
6,4,,2026-07-31T04:35:16.700181,2008896,161212,93278,161212,17000,161212,2005,161212,115,161212,28,161212,28,213488,133,20.0273748000036
6,4,,2026-07-31T04:35:36.729418,2010139,161264,93428,161264,17038,161264,2046,161264,120,161264,27,161264,21,213376,113,20.0290379000362
6,4,,2026-07-31T04:35:56.757791,2006993,161527,93794,161527,17079,161527,1926,161527,119,161527,27,161527,23,212789,120,20.02814589999616
6,4,,2026-07-31T04:36:16.784915,2009328,161337,93327,161337,17103,161337,2045,161337,124,161337,25,161337,27,214013,161,20.026957699970808
6,4,,2026-07-31T04:36:36.811871,2007921,161104,93344,161104,17063,161104,1949,161104,108,161104,30,161104,17,213531,138,20.0269077999983
6,4,,2026-07-31T04:36:56.840086,2006432,161250,93633,161250,16989,161250,2026,161250,93,161250,28,161250,30,213866,147,20.028046899999026
6,4,,2026-07-31T04:37:16.868562,2005954,161150,93475,161150,17073,161150,1982,161150,109,161150,18,161150,20,213247,134,20.028264499967918
6,4,,2026-07-31T04:37:36.895271,2003168,161734,93751,161734,17149,161734,1995,161734,97,161734,27,161734,24,213162,120,20.02647270000307
6,4,,2026-07-31T04:37:56.922469,2005389,160592,93215,160592,17067,160592,2048,160592,115,160592,25,160592,29,212301,120,20.026997399982065
6,4,,2026-07-31T04:38:16.948534,2006682,162261,93928,162261,17201,162261,1976,162261,96,162261,20,162261,34,212567,116,20.025869700009935
6,4,,2026-07-31T04:38:36.977621,2007670,161482,93459,161482,17153,161482,1942,161482,99,161482,24,161482,34,213761,152,20.028925799997523
6,4,,2026-07-31T04:38:57.004806,2009691,162241,93930,162241,16983,162241,2044,162241,102,162241,22,162241,27,214284,123,20.02709109999705
6,4,,2026-07-31T04:39:17.031657,2009042,161639,93529,161639,17213,161639,2050,161639,92,161639,21,161639,22,213890,120,20.026811800024007
6,4,,2026-07-31T04:39:37.060272,2010278,162285,93809,162285,17272,162285,1992,162285,104,162285,25,162285,27,214193,130,20.02855129999807
6,4,,2026-07-31T04:39:57.087960,2008462,161404,93548,161404,16897,161404,2025,161404,108,161404,27,161404,30,214093,139,20.027530999970622
6,4,,2026-07-31T04:40:17.116466,2007373,161717,93792,161717,17105,161717,1934,161717,113,161717,29,161717,35,212876,119,20.028367799997795
6,4,,2026-07-31T04:40:37.144041,2010651,161716,93644,161716,17015,161716,1983,161716,128,161716,29,161716,17,213788,138,20.027359600004274
6,4,,2026-07-31T04:40:57.170428,2007462,161403,93674,161403,17029,161403,2073,161403,103,161403,20,161403,33,214094,134,20.02611999999499
6,4,,2026-07-31T04:41:17.198072,2011651,162160,93618,162160,17354,162160,2033,162160,101,162160,27,162160,31,213491,137,20.027589500008617
6,4,,2026-07-31T04:41:37.225846,2009738,161838,93922,161838,17112,161838,2003,161838,114,161838,24,161838,22,213541,134,20.027521199954208
6,4,,2026-07-31T04:41:57.252565,2013349,161867,93719,161867,16963,161867,2041,161867,112,161867,24,161867,29,214474,120,20.02606989996275
6,4,,2026-07-31T04:42:17.280212,2012632,162228,93970,162228,17103,162228,2051,162228,118,162228,29,162228,29,213904,134,20.027526699996088
6,4,,2026-07-31T04:42:37.309710,2014497,162379,93884,162379,17251,162379,2054,162379,103,162379,29,162379,31,214506,123,20.02940659999149
6,4,,2026-07-31T04:42:57.336359,2013809,162661,93963,162661,17171,162661,1993,162661,111,162661,22,162661,16,214296,138,20.026398099958897
6,4,,2026-07-31T04:43:17.362931,2015281,161284,93184,161284,17079,161284,2059,161284,109,161284,21,161284,30,214608,145,20.026425799995195
6,4,,2026-07-31T04:43:37.391663,2015018,161915,93386,161915,17084,161915,2030,161915,126,161915,19,161915,36,214254,130,20.028594199975487
6,4,,2026-07-31T04:43:57.418848,2015760,161969,93815,161969,17257,161969,2040,161969,109,161969,24,161969,28,214717,124,20.027060799999163
6,4,,2026-07-31T04:44:17.445587,2017448,161603,93354,161603,16939,161603,2013,161603,106,161603,25,161603,18,213604,130,20.02658290002728
6,4,,2026-07-31T04:44:37.473095,2017057,162328,93715,162328,17007,162328,1916,162328,104,162328,26,162328,26,214625,116,20.02734570001485
6,4,,2026-07-31T04:44:57.501600,2019725,162117,93768,162117,17081,162117,2013,162117,99,162117,21,162117,25,214232,126,20.02834969997639
6,4,,2026-07-31T04:45:17.529800,2018939,161856,93622,161856,17162,161856,1978,161856,104,161856,32,161856,31,214904,139,20.028029899985995
6,4,,2026-07-31T04:45:37.556615,2018453,161332,93439,161332,17183,161332,1978,161332,109,161332,22,161332,33,214169,145,20.02663679997204
6,4,,2026-07-31T04:45:57.584619,2017060,161579,93665,161579,17105,161579,2024,161579,125,161579,27,161579,29,214909,125,20.02788780000992
6,4,,2026-07-31T04:46:17.611195,2019385,161576,93317,161576,16980,161576,2015,161576,90,161576,20,161576,30,214986,112,20.026480600005016
6,4,,2026-07-31T04:46:37.638094,2019150,161178,93566,161178,16900,161178,2044,161178,111,161178,25,161178,36,215371,142,20.02679299999727
6,4,,2026-07-31T04:46:57.664241,2022937,162005,93652,162005,16959,162005,2011,162005,93,162005,22,162005,47,214219,122,20.025979200028814
6,4,,2026-07-31T04:47:17.691462,2021028,161516,93311,161516,17049,161516,2134,161516,112,161516,27,161516,27,215121,121,20.027168300002813
6,4,,2026-07-31T04:47:37.718833,2021408,162174,93704,162174,17099,162174,2110,162174,111,162174,29,162174,25,214684,130,20.02721400000155
6,4,,2026-07-31T04:47:57.747532,2023692,162095,93343,162095,17151,162095,2069,162095,119,162095,27,162095,21,214750,129,20.02854590001516
6,4,,2026-07-31T04:48:17.775042,2020404,161073,93104,161073,17000,161073,2000,161073,104,161073,29,161073,22,214143,124,20.027320399996825
6,4,,2026-07-31T04:48:37.804524,2019506,161293,93033,161293,17066,161293,1973,161293,121,161293,13,161293,24,214896,158,20.029210500011686
6,4,,2026-07-31T04:48:57.831865,2020662,161114,92774,161114,17119,161114,1976,161114,120,161114,23,161114,32,214103,136,20.027043399983086
6,4,,2026-07-31T04:49:17.859401,2021840,161281,93061,161281,17044,161281,1953,161281,97,161281,22,161281,26,213712,114,20.027405600005295
6,4,,2026-07-31T04:49:37.886291,2024287,161257,93198,161257,17043,161257,2052,161257,96,161257,25,161257,30,214403,116,20.02677880000556
6,4,,2026-07-31T04:49:57.914404,2023200,161674,93683,161674,16865,161674,2040,161674,106,161674,18,161674,27,215118,118,20.027910399949178
6,4,,2026-07-31T04:50:17.943166,2021139,161557,93429,161557,16944,161557,2043,161557,110,161557,27,161557,14,214622,125,20.028687299985904
6,4,,2026-07-31T04:50:37.971749,2024315,161116,93474,161116,16840,161116,2002,161116,108,161116,23,161116,36,214331,137,20.028247500013094
6,4,,2026-07-31T04:50:57.998329,2021884,161266,93079,161266,17094,161266,1987,161266,103,161266,26,161266,33,214265,129,20.02636999997776
6,4,,2026-07-31T04:51:18.027261,2020958,161624,93554,161624,17015,161624,2012,161624,100,161624,31,161624,21,214744,141,20.02887850004481
6,4,,2026-07-31T04:51:38.054127,2021787,162107,93905,162107,16976,162107,1992,162107,105,162107,28,162107,28,214296,133,20.0266558000003
6,4,,2026-07-31T04:51:58.081165,2020931,161726,93432,161726,17072,161726,2003,161726,110,161726,26,161726,33,213610,158,20.026883299986366
6,4,,2026-07-31T04:52:18.110583,2020715,160591,92772,160591,16887,160591,1993,160591,109,160591,29,160591,30,214438,159,20.02928229997633
6,4,,2026-07-31T04:52:38.139304,2018427,161669,93500,161669,16931,161669,1968,161669,121,161669,30,161669,28,213937,135,20.028476999956183
6,4,,2026-07-31T04:52:58.166032,2020033,160711,93030,160711,17020,160711,1927,160711,112,160711,16,160711,21,213462,125,20.026555599994026
6,4,,2026-07-31T04:53:18.195651,2018736,160428,92547,160428,16867,160428,2040,160428,105,160428,28,160429,27,213377,131,20.029368499992415
6,4,,2026-07-31T04:53:38.222153,2016132,160742,92824,160742,17010,160742,1963,160742,116,160742,23,160741,31,214495,134,20.026282999955583
6,4,,2026-07-31T04:53:58.249335,2018438,160322,92578,160322,16922,160322,2031,160322,115,160322,24,160322,28,213198,115,20.027059000043664
6,5,,2026-07-31T04:54:28.439574,2016281,169526,103077,169526,14869,169526,1249,169526,31,169526,53,169526,35,213253,142,20.029432000010274
6,5,,2026-07-31T04:54:48.469444,2017327,169201,102214,169201,15229,169201,1178,169201,32,169201,42,169201,38,213856,155,20.029609700024594
6,5,,2026-07-31T04:55:08.499403,2012386,169749,103013,169749,15089,169749,1153,169749,29,169749,51,169749,42,213260,112,20.029679399973247
6,5,,2026-07-31T04:55:28.528983,2013153,168670,102313,168670,15004,168670,1189,168670,29,168670,53,168670,46,212541,122,20.029518399969675
6,5,,2026-07-31T04:55:48.558056,2013325,169379,102893,169379,15007,169379,1111,169379,32,169379,52,169379,41,212301,150,20.028671400039457
6,5,,2026-07-31T04:56:08.586487,2013708,170164,103262,170164,15080,170164,1160,170164,28,170164,47,170164,45,212743,136,20.028181699977722
6,5,,2026-07-31T04:56:28.615288,2012223,168926,102282,168926,15104,168926,1214,168926,35,168926,34,168926,38,213214,115,20.028502799978014
6,5,,2026-07-31T04:56:48.644091,2011317,169038,102437,169038,15064,169038,1201,169038,28,169038,54,169038,26,212869,122,20.028580000041984
6,5,,2026-07-31T04:57:08.673361,2010662,168894,102599,168894,14857,168894,1195,168894,26,168894,37,168894,32,213435,128,20.02902980003273
6,5,,2026-07-31T04:57:28.702938,2011049,170022,103125,170022,14953,170022,1196,170022,28,170022,32,170022,35,212955,134,20.029300800000783
6,5,,2026-07-31T04:57:48.731585,2013474,169422,102671,169422,14873,169422,1132,169422,33,169422,49,169422,26,213635,115,20.028422700008377
6,5,,2026-07-31T04:58:08.760764,2011849,170190,103169,170190,14994,170190,1175,170190,32,170190,42,170190,26,213303,151,20.028940899996087
6,5,,2026-07-31T04:58:28.790698,2010730,169830,103120,169830,15240,169830,1165,169830,37,169830,42,169830,32,214312,122,20.029707700014114
6,5,,2026-07-31T04:58:48.819868,2012270,169561,102338,169561,15176,169561,1194,169561,29,169561,36,169561,42,213572,156,20.02883149997797
6,5,,2026-07-31T04:59:08.848772,2008909,169557,102856,169557,15081,169557,1249,169557,36,169557,50,169557,30,212560,136,20.028601699974388
6,5,,2026-07-31T04:59:28.879001,2012178,170174,103251,170174,15214,170174,1160,170174,33,170174,46,170174,41,213918,123,20.03000119997887
6,5,,2026-07-31T04:59:48.907976,2013594,169442,102833,169442,15012,169442,1173,169442,37,169442,39,169442,34,214075,131,20.028846300032455
6,5,,2026-07-31T05:00:08.937505,2009624,169670,102874,169670,15024,169670,1205,169670,39,169670,43,169670,46,212946,140,20.029289499972947
6,5,,2026-07-31T05:00:28.968096,2010995,169034,102650,169034,15008,169034,1195,169034,33,169034,47,169034,32,213544,136,20.03027829999337
6,5,,2026-07-31T05:00:48.996831,2014692,170133,103269,170133,15078,170133,1184,170133,34,170133,43,170133,43,214165,123,20.028496799990535
6,5,,2026-07-31T05:01:09.025985,2012346,168880,102679,168880,15029,168880,1171,168880,24,168880,49,168880,35,213125,126,20.028981300012674
6,5,,2026-07-31T05:01:29.056319,2014891,170004,103297,170004,15142,170004,1184,170004,33,170004,50,170004,29,213619,148,20.0300195000018
6,5,,2026-07-31T05:01:49.084998,2012237,170076,103094,170076,14831,170076,1142,170076,34,170076,55,170076,34,213518,141,20.028446100011934
6,5,,2026-07-31T05:02:09.113487,2017522,169703,103309,169703,14800,169703,1166,169703,38,169703,35,169703,48,214065,140,20.028263200016227
6,5,,2026-07-31T05:02:29.142985,2015784,170154,103362,170154,15093,170154,1121,170154,28,170154,45,170154,34,212667,145,20.029294300009497
6,5,,2026-07-31T05:02:49.172470,2014374,170113,103560,170113,15147,170113,1145,170113,31,170113,42,170113,29,214128,136,20.029213199974038
6,5,,2026-07-31T05:03:09.201877,2018144,171619,103101,171619,15097,171619,1221,171619,32,171619,33,171619,38,214980,139,20.028739500034135
6,5,,2026-07-31T05:03:29.230561,1206148,149359,61052,149359,8890,149359,696,149359,21,149359,32,149359,35,323921,83,20.028435999993235
6,5,,2026-07-31T05:03:49.261089,0,450311,0,450317,0,450317,0,450317,0,450317,0,450317,0,702133,0,20.029257600021083
6,5,,2026-07-31T05:04:09.291589,0,86,0,90,0,90,0,90,0,90,0,90,0,731,0,20.02830999996513
6,5,,2026-07-31T05:04:29.321019,0,40,0,39,0,39,0,39,0,39,0,39,0,712,0,20.028188600030262
6,5,,2026-07-31T05:04:49.350830,0,24,0,23,0,23,0,23,0,23,0,23,0,866,0,20.028962899988983
6,5,,2026-07-31T05:05:09.381143,0,6,0,6,0,6,0,6,0,6,0,6,0,1005,0,20.029224099998828
6,5,,2026-07-31T05:05:29.409798,0,0,0,2,0,2,0,2,0,2,0,2,0,1011,0,20.027842000010423
6,5,,2026-07-31T05:05:49.439720,0,0,0,0,0,0,0,0,0,0,0,0,0,962,0,20.028658299997915
6,5,,2026-07-31T05:06:09.469424,0,0,0,0,0,0,0,0,0,0,0,0,0,540,0,20.028417799971066
6,5,,2026-07-31T05:06:29.499592,0,0,0,0,0,0,0,0,0,0,0,0,0,131,0,20.0289419000037
6,5,,2026-07-31T05:06:49.529420,0,0,0,0,0,0,0,0,0,0,0,0,0,24,0,20.028442200040445
6,5,,2026-07-31T05:07:09.560195,0,0,0,0,0,0,0,0,0,0,0,0,0,3,0,20.029482700047083
6,5,,2026-07-31T05:07:29.591059,0,0,0,0,0,0,0,0,0,0,0,0,0,2,0,20.029874500003643
6,5,,2026-07-31T05:07:49.621253,0,0,0,0,0,0,0,0,0,0,0,0,0,0,0,20.02892549999524
6,5,,2026-07-31T05:08:09.650939,0,0,0,0,0,0,0,0,0,0,0,0,0,0,0,20.028756799991243
6,5,,2026-07-31T05:08:29.681473,0,0,0,0,0,0,0,0,0,0,0,0,0,0,0,20.0294547000085
6,5,,2026-07-31T05:08:49.712181,0,0,0,0,0,0,0,0,0,0,0,0,0,0,0,20.029417199955788
6,5,,2026-07-31T05:09:09.742163,0,0,0,0,0,0,0,0,0,0,0,0,0,0,0,20.028725099982694
6,5,,2026-07-31T05:09:29.772573,0,0,0,0,0,0,0,0,0,0,0,0,0,0,0,20.029274599975906
6,5,,2026-07-31T05:09:49.802635,0,0,0,0,0,0,0,0,0,0,0,0,0,0,0,20.02900189999491
6,5,,2026-07-31T05:10:09.833249,0,0,0,0,0,0,0,0,0,0,0,0,0,0,0,20.029581499984488
6,5,,2026-07-31T05:10:29.862851,0,0,0,0,0,0,0,0,0,0,0,0,0,0,0,20.02857879997464
6,5,,2026-07-31T05:10:49.893333,0,0,0,0,0,0,0,0,0,0,0,0,0,0,0,20.029293600004166
6,5,,2026-07-31T05:11:09.922748,0,0,0,0,0,0,0,0,0,0,0,0,0,0,0,20.028322000056505
6,5,,2026-07-31T05:11:29.952738,0,0,0,0,0,0,0,0,0,0,0,0,0,1,0,20.02868230000604
6,5,,2026-07-31T05:11:49.983947,0,0,0,0,0,0,0,0,0,0,0,0,0,0,0,20.029971699987072
6,5,,2026-07-31T05:12:10.014536,0,0,0,0,0,0,0,0,0,0,0,0,0,0,0,20.02928780001821
6,5,,2026-07-31T05:12:30.044162,0,0,0,0,0,0,0,0,0,0,0,0,0,0,0,20.02874530002009
6,5,,2026-07-31T05:12:50.074187,0,0,0,0,0,0,0,0,0,0,0,0,0,1,0,20.028805999958422
6,5,,2026-07-31T05:13:10.104409,0,0,0,0,0,0,0,0,0,0,0,0,0,0,0,20.029007699980866
6,5,,2026-07-31T05:13:30.135069,0,0,0,0,0,0,0,0,0,0,0,0,0,0,0,20.029265200020745
6,5,,2026-07-31T05:13:50.166543,0,0,0,0,0,0,0,0,0,0,0,0,0,0,0,20.03020519996062
6,5,,2026-07-31T05:14:10.195898,0,0,0,0,0,0,0,0,0,0,0,0,0,0,0,20.028237399994396
6,5,,2026-07-31T05:14:30.224546,0,0,0,0,0,0,0,0,0,0,0,0,0,0,0,20.027693899988662
6,5,,2026-07-31T05:14:50.254867,0,0,0,0,0,0,0,0,0,0,0,0,0,0,0,20.029283499985468
6,5,,2026-07-31T05:15:10.285570,0,0,0,0,0,0,0,0,0,0,0,0,0,0,0,20.02949390001595
6,5,,2026-07-31T05:15:30.315755,0,0,0,0,0,0,0,0,0,0,0,0,0,0,0,20.029081400018185
6,5,,2026-07-31T05:15:50.346572,0,0,0,0,0,0,0,0,0,0,0,0,0,0,0,20.02964650001377
6,5,,2026-07-31T05:16:10.376701,0,0,0,0,0,0,0,0,0,0,0,0,0,1,0,20.028854899981525
6,5,,2026-07-31T05:16:30.406722,0,0,0,0,0,0,0,0,0,0,0,0,0,0,0,20.02895140001783
6,5,,2026-07-31T05:16:50.436577,0,0,0,0,0,0,0,0,0,0,0,0,0,0,0,20.02861470001517
6,5,,2026-07-31T05:17:10.467875,0,0,0,0,0,0,0,0,0,0,0,0,0,0,0,20.03000740002608
6,5,,2026-07-31T05:17:30.497743,0,0,0,0,0,0,0,0,0,0,0,0,0,0,0,20.028644000005443
6,5,,2026-07-31T05:17:50.527721,0,0,0,0,0,0,0,0,0,0,0,0,0,0,0,20.028917299991008
6,5,,2026-07-31T05:18:10.557377,0,0,0,0,0,0,0,0,0,0,0,0,0,1,0,20.028569599962793
6,5,,2026-07-31T05:18:30.586846,0,0,0,0,0,0,0,0,0,0,0,0,0,0,0,20.02838169998722
6,5,,2026-07-31T05:18:50.616617,0,0,0,0,0,0,0,0,0,0,0,0,0,0,0,20.02876199997263
6,5,,2026-07-31T05:19:10.647510,0,0,0,0,0,0,0,0,0,0,0,0,0,0,0,20.029771299974527
6,5,,2026-07-31T05:19:30.677243,0,0,0,0,0,0,0,0,0,0,0,0,0,0,0,20.028697400004603
6,5,,2026-07-31T05:19:50.706780,0,0,0,0,0,0,0,0,0,0,0,0,0,0,0,20.028581199992914
6,5,,2026-07-31T05:20:10.736297,0,0,0,0,0,0,0,0,0,0,0,0,0,0,0,20.028338700009044
6,5,,2026-07-31T05:20:30.766370,0,0,0,0,0,0,0,0,0,0,0,0,0,0,0,20.028485200018622
6,5,,2026-07-31T05:20:50.796946,0,0,0,0,0,0,0,0,0,0,0,0,0,0,0,20.0294132999843
6,5,,2026-07-31T05:21:10.827520,0,0,0,0,0,0,0,0,0,0,0,0,0,0,0,20.029505799990147
6,5,,2026-07-31T05:21:30.857208,0,0,0,0,0,0,0,0,0,0,0,0,0,0,0,20.02857630001381
6,5,,2026-07-31T05:21:50.887963,0,0,0,0,0,0,0,0,0,0,0,0,0,1,0,20.02933160000248
6,5,,2026-07-31T05:22:10.918566,0,0,0,0,0,0,0,0,0,0,0,0,0,0,0,20.0293181000161
6,5,,2026-07-31T05:22:30.949408,0,0,0,0,0,0,0,0,0,0,0,0,0,0,0,20.029476499999873
6,5,,2026-07-31T05:22:50.980887,0,0,0,0,0,0,0,0,0,0,0,0,0,1,0,20.029804499994498
6,5,,2026-07-31T05:23:11.012451,0,0,0,0,0,0,0,0,0,0,0,0,0,0,0,20.030330100038555
6,5,,2026-07-31T05:23:31.042032,0,0,0,0,0,0,0,0,0,0,0,0,0,0,0,20.028612599999178
6,5,,2026-07-31T05:23:51.070657,0,0,0,0,0,0,0,0,0,0,0,0,0,0,0,20.027554400032386
6,5,,2026-07-31T05:24:11.098564,0,0,0,0,0,0,0,0,0,0,0,0,0,2,0,20.02716929995222
6,5,,2026-07-31T05:24:31.126285,0,0,0,0,0,0,0,0,0,0,0,0,0,5,0,20.026976499997545
6,5,,2026-07-31T05:24:51.155411,0,0,0,0,0,0,0,0,0,0,0,0,0,5,0,20.02805319998879
6,5,,2026-07-31T05:25:11.183929,0,0,0,0,0,0,0,0,0,0,0,0,0,1,0,20.027680099999998
6,5,,2026-07-31T05:25:31.214002,0,0,0,0,0,0,0,0,0,0,0,0,0,4,0,20.028975800029002
6,5,,2026-07-31T05:25:51.244363,0,0,0,0,0,0,0,0,0,0,0,0,0,3,0,20.02925399999367
6,5,,2026-07-31T05:26:11.272767,0,0,0,0,0,0,0,0,0,0,0,0,0,2,0,20.027307699958328
6,5,,2026-07-31T05:26:31.303200,0,0,0,0,0,0,0,0,0,0,0,0,0,3,0,20.029198799980804
6,5,,2026-07-31T05:26:51.330679,0,0,0,0,0,0,0,0,0,0,0,0,0,3,0,20.02669379999861
6,5,,2026-07-31T05:27:11.360410,0,0,0,0,0,0,0,0,0,0,0,0,0,2,0,20.028579999983776
6,5,,2026-07-31T05:27:31.392365,0,0,0,0,0,0,0,0,0,0,0,0,0,3,0,20.030737599998247
6,5,,2026-07-31T05:27:51.422351,0,0,0,0,0,0,0,0,0,0,0,0,0,6,0,20.029003600007854
6,5,,2026-07-31T05:28:11.451008,0,0,0,0,0,0,0,0,0,0,0,0,0,3,0,20.028084499994293
6,5,,2026-07-31T05:28:31.480640,0,0,0,0,0,0,0,0,0,0,0,0,0,4,0,20.028459499997552
6,5,,2026-07-31T05:28:51.509878,0,0,0,0,0,0,0,0,0,0,0,0,0,2,0,20.028224500012584
6,5,,2026-07-31T05:29:11.539220,0,0,0,0,0,0,0,0,0,0,0,0,0,1,0,20.028209800017066
6,5,,2026-07-31T05:29:31.570393,0,0,0,0,0,0,0,0,0,0,0,0,0,4,0,20.02970049995929
6,5,,2026-07-31T05:29:51.599967,0,0,0,0,0,0,0,0,0,0,0,0,0,3,0,20.028683900018223
6,5,,2026-07-31T05:30:11.628696,0,0,0,0,0,0,0,0,0,0,0,0,0,3,0,20.027652599965222
6,5,,2026-07-31T05:30:31.659306,0,0,0,0,0,0,0,0,0,0,0,0,0,3,0,20.029405800043605
6,5,,2026-07-31T05:30:51.687367,0,0,0,0,0,0,0,0,0,0,0,0,0,2,0,20.027176600007806
6,5,,2026-07-31T05:31:11.717131,0,0,0,0,0,0,0,0,0,0,0,0,0,4,0,20.02867410000181
6,5,,2026-07-31T05:31:31.746731,0,0,0,0,0,0,0,0,0,0,0,0,0,5,0,20.028458399989177
6,5,,2026-07-31T05:31:51.778307,0,0,0,0,0,0,0,0,0,0,0,0,0,3,0,20.03002689999994
6,5,,2026-07-31T05:32:11.809002,0,0,0,0,0,0,0,0,0,0,0,0,0,4,0,20.029466600040905
6,5,,2026-07-31T05:32:31.838347,0,0,0,0,0,0,0,0,0,0,0,0,0,3,0,20.02828149998095
6,5,,2026-07-31T05:32:51.867523,0,0,0,0,0,0,0,0,0,0,0,0,0,3,0,20.02823779999744
6,5,,2026-07-31T05:33:11.896806,0,0,0,0,0,0,0,0,0,0,0,0,0,3,0,20.028213200042956
6,5,,2026-07-31T05:33:31.926428,0,0,0,0,0,0,0,0,0,0,0,0,0,3,0,20.02854110003682
6,5,,2026-07-31T05:33:51.955865,0,0,0,0,0,0,0,0,0,0,0,0,0,4,0,20.028549299982842
6,5,,2026-07-31T05:34:11.987373,0,0,0,0,0,0,0,0,0,0,0,0,0,3,0,20.030191700032447
6,5,,2026-07-31T05:34:32.018963,0,0,0,0,0,0,0,0,0,0,0,0,0,3,0,20.03037839999888
6,5,,2026-07-31T05:34:52.047711,0,0,0,0,0,0,0,0,0,0,0,0,0,5,0,20.027890499972273
6,5,,2026-07-31T05:35:12.075457,0,0,0,0,0,0,0,0,0,0,0,0,0,11,0,20.02700260002166
6,5,,2026-07-31T05:35:32.105765,0,0,0,0,0,0,0,0,0,0,0,0,0,17,0,20.0293851000024
6,5,,2026-07-31T05:35:52.134104,0,0,0,0,0,0,0,0,0,0,0,0,0,116,0,20.027224899968132
6,5,,2026-07-31T05:36:12.163575,0,0,0,0,0,0,0,0,0,0,0,0,0,113,0,20.02861749997828
6,5,,2026-07-31T05:36:32.191140,0,0,0,0,0,0,0,0,0,0,0,0,0,85,0,20.02674720005598
6,5,,2026-07-31T05:36:52.222092,0,0,0,0,0,0,0,0,0,0,0,0,0,109,0,20.02992580004502
6,5,,2026-07-31T05:37:12.251395,0,0,0,0,0,0,0,0,0,0,0,0,0,107,0,20.02837630000431
6,5,,2026-07-31T05:37:32.281144,0,0,0,0,0,0,0,0,0,0,0,0,0,122,0,20.028559500002302
6,5,,2026-07-31T05:37:52.310367,0,0,0,0,0,0,0,0,0,0,0,0,0,148,0,20.028178599954117
6,5,,2026-07-31T05:38:12.338163,0,0,0,0,0,0,0,0,0,0,0,0,0,161,0,20.026956699963193
6,5,,2026-07-31T05:38:32.367105,0,0,0,0,0,0,0,0,0,0,0,0,0,165,0,20.02792339998996
6,5,,2026-07-31T05:38:52.398180,0,0,0,0,0,0,0,0,0,0,0,0,0,144,0,20.029719699989073
6,5,,2026-07-31T05:39:12.426582,0,0,0,0,0,0,0,0,0,0,0,0,0,157,0,20.027373899996746
6,5,,2026-07-31T05:39:32.456731,0,0,0,0,0,0,0,0,0,0,0,0,0,174,0,20.028973200009204
6,5,,2026-07-31T05:39:52.487197,0,0,0,0,0,0,0,0,0,0,0,0,0,141,0,20.02927830000408
6,5,,2026-07-31T05:40:12.517357,0,0,0,0,0,0,0,0,0,0,0,0,0,178,0,20.029047299991362
6,5,,2026-07-31T05:40:32.548239,0,0,0,0,0,0,0,0,0,0,0,0,0,135,0,20.0298106999835
6,5,,2026-07-31T05:40:52.578236,0,0,0,0,0,0,0,0,0,0,0,0,0,130,0,20.028904800012242
6,5,,2026-07-31T05:41:12.607685,0,0,0,0,0,0,0,0,0,0,0,0,0,121,0,20.02845719998004
6,5,,2026-07-31T05:41:32.638610,0,0,0,0,0,0,0,0,0,0,0,0,0,136,0,20.02965189999668
6,5,,2026-07-31T05:41:52.669578,0,0,0,0,0,0,0,0,0,0,0,0,0,149,0,20.02935799997067
6,5,,2026-07-31T05:42:12.699025,0,0,0,0,0,0,0,0,0,0,0,0,0,153,0,20.028377100010403
6,5,,2026-07-31T05:42:32.729765,0,0,0,0,0,0,0,0,0,0,0,0,0,151,0,20.029517199960537
6,5,,2026-07-31T05:42:52.760369,0,0,0,0,0,0,0,0,0,0,0,0,0,147,0,20.02945929998532
6,5,,2026-07-31T05:43:12.791309,0,0,0,0,0,0,0,0,0,0,0,0,0,164,0,20.029752800008282
6,5,,2026-07-31T05:43:32.821646,0,0,0,0,0,0,0,0,0,0,0,0,0,147,0,20.0290749000269
6,5,,2026-07-31T05:43:52.851091,0,0,0,0,0,0,0,0,0,0,0,0,0,171,0,20.028468500007875
6,5,,2026-07-31T05:44:12.880264,0,0,0,0,0,0,0,0,0,0,0,0,0,160,0,20.02818889997434
6,5,,2026-07-31T05:44:32.909401,0,0,0,0,0,0,0,0,0,0,0,0,0,184,0,20.028043600032106
6,5,,2026-07-31T05:44:52.937729,0,0,0,0,0,0,0,0,0,0,0,0,0,164,0,20.02750860003289
6,5,,2026-07-31T05:45:12.968408,0,0,0,0,0,0,0,0,0,0,0,0,0,221,0,20.029511000029743
6,5,,2026-07-31T05:45:32.999833,0,0,0,0,0,0,0,0,0,0,0,0,0,220,0,20.030181300011463
6,5,,2026-07-31T05:45:53.030342,0,0,0,0,0,0,0,0,0,0,0,0,0,254,0,20.02953980001621
6,5,,2026-07-31T05:46:13.059976,0,0,0,0,0,0,0,0,0,0,0,0,0,247,0,20.02855940000154
6,5,,2026-07-31T05:46:33.089507,0,0,0,0,0,0,0,0,0,0,0,0,0,254,0,20.028493000019807
6,5,,2026-07-31T05:46:53.119039,0,0,0,0,0,0,0,0,0,0,0,0,0,275,0,20.028715599968564
6,5,,2026-07-31T05:47:13.149065,0,0,0,0,0,0,0,0,0,0,0,0,0,244,0,20.02910390001489
6,5,,2026-07-31T05:47:33.180884,0,0,0,0,0,0,0,0,0,0,0,0,0,316,0,20.030750299978536
6,5,,2026-07-31T05:47:53.213317,0,0,0,0,0,0,0,0,0,0,0,0,0,282,0,20.029363800014835
6,5,,2026-07-31T05:48:13.242540,0,0,0,0,0,0,0,0,0,0,0,0,0,308,0,20.027837399975397
6,5,,2026-07-31T05:48:33.272725,0,0,0,0,0,0,0,0,0,0,0,0,0,333,0,20.029187600011937
6,5,,2026-07-31T05:48:53.302699,0,0,0,0,0,0,0,0,0,0,0,0,0,420,0,20.028833799995482
6,5,,2026-07-31T05:49:13.332644,0,0,0,0,0,0,0,0,0,0,0,0,0,365,0,20.028964299999643
6,5,,2026-07-31T05:49:33.362196,0,0,0,0,0,0,0,0,0,0,0,0,0,624,0,20.02826950000599
6,5,,2026-07-31T05:49:53.392513,0,0,0,0,0,0,0,0,0,0,0,0,0,514,0,20.029074399964884
6,5,,2026-07-31T05:50:13.422037,0,0,0,0,0,0,0,0,0,0,0,0,0,392,0,20.028366199985612
6,5,,2026-07-31T05:50:33.452327,0,0,0,0,0,0,0,0,0,0,0,0,0,389,0,20.029095400008373
6,5,,2026-07-31T05:50:53.482439,0,0,0,0,0,0,0,0,0,0,0,0,0,467,0,20.028981299954467
6,5,,2026-07-31T05:51:13.513236,0,0,0,0,0,0,0,0,0,0,0,0,0,750,0,20.02944650000427
6,5,,2026-07-31T05:51:33.543440,0,0,0,0,0,0,0,0,0,0,0,0,0,435,0,20.028836800018325
6,5,,2026-07-31T05:51:53.573224,0,0,0,0,0,0,0,0,0,0,0,0,0,541,0,20.028817599988542
6,5,,2026-07-31T05:52:13.603071,0,0,0,0,0,0,0,0,0,0,0,0,0,559,0,20.02884029998677
6,5,,2026-07-31T05:52:33.632772,0,0,0,0,0,0,0,0,0,0,0,0,0,551,0,20.0286066000117
6,5,,2026-07-31T05:52:53.662917,0,0,0,0,0,0,0,0,0,0,0,0,0,637,0,20.029016599990427
6,5,,2026-07-31T05:53:13.692240,0,0,0,0,0,0,0,0,0,0,0,0,0,551,0,20.028367299993988
6,5,,2026-07-31T05:53:33.722869,0,0,0,0,0,0,0,0,0,0,0,0,0,625,0,20.029602999973577
6,5,,2026-07-31T05:53:53.752291,0,0,0,0,0,0,0,0,0,0,0,0,0,597,0,20.0283608000027
6,5,,2026-07-31T05:54:13.781710,0,0,0,0,0,0,0,0,0,0,0,0,0,771,0,20.028152300044894
6,5,,2026-07-31T05:54:33.810769,0,0,0,0,0,0,0,0,0,0,0,0,0,673,0,20.028044799983036
6,5,,2026-07-31T05:54:53.837626,0,0,0,0,0,0,0,0,0,0,0,0,0,765,0,20.026198600011412
6,5,,2026-07-31T05:55:13.867964,0,0,0,0,0,0,0,0,0,0,0,0,0,776,0,20.029493899957743
6,5,,2026-07-31T05:55:33.898611,0,0,0,0,0,0,0,0,0,0,0,0,0,863,0,20.029498699994292
6,5,,2026-07-31T05:55:53.929388,0,0,0,0,0,0,0,0,0,0,0,0,0,811,0,20.029668400005903
6,5,,2026-07-31T05:56:13.958896,0,0,0,0,0,0,0,0,0,0,0,0,0,792,0,20.028445600008126
6,5,,2026-07-31T05:56:33.985244,0,0,0,0,0,0,0,0,0,0,0,0,0,834,0,20.02571950003039
6,5,,2026-07-31T05:56:54.015393,0,0,0,0,0,0,0,0,0,0,0,0,0,861,0,20.029134600015823
6,5,,2026-07-31T05:57:14.043347,0,0,0,0,0,0,0,0,0,0,0,0,0,912,0,20.027179599972442
6,5,,2026-07-31T05:57:34.072112,0,0,0,0,0,0,0,0,0,0,0,0,0,881,0,20.027868199977092
6,5,,2026-07-31T05:57:54.101979,0,0,0,0,0,0,0,0,0,0,0,0,0,823,0,20.029052300029434
6,5,,2026-07-31T05:58:14.131632,0,0,0,0,0,0,0,0,0,0,0,0,0,832,0,20.028749499993864
6,5,,2026-07-31T05:58:34.158725,0,0,0,0,0,0,0,0,0,0,0,0,0,816,0,20.026569499983452
6,5,,2026-07-31T05:58:54.188757,0,0,0,0,0,0,0,0,0,0,0,0,0,909,0,20.028931299981195
6,5,,2026-07-31T05:59:14.218953,0,0,0,0,0,0,0,0,0,0,0,0,0,889,0,20.02908580005169
6,5,,2026-07-31T05:59:34.248672,0,0,0,0,0,0,0,0,0,0,0,0,0,931,0,20.02852160000475
6,5,,2026-07-31T05:59:54.279291,0,0,0,0,0,0,0,0,0,0,0,0,0,860,0,20.029330499994103
6,5,,2026-07-31T06:00:14.308360,0,0,0,0,0,0,0,0,0,0,0,0,0,915,0,20.028059599979315
6,5,,2026-07-31T06:00:34.338123,0,0,0,0,0,0,0,0,0,0,0,0,0,884,0,20.02870460000122
6,5,,2026-07-31T06:00:54.370430,0,0,0,0,0,0,0,0,0,0,0,0,0,877,0,20.030991700012237
6,5,,2026-07-31T06:01:14.400280,0,0,0,0,0,0,0,0,0,0,0,0,0,892,0,20.028878699988127
6,5,,2026-07-31T06:01:34.429949,0,0,0,0,0,0,0,0,0,0,0,0,0,919,0,20.02856810000958
6,5,,2026-07-31T06:01:54.460320,0,0,0,0,0,0,0,0,0,0,0,0,0,954,0,20.02936599997338
6,5,,2026-07-31T06:02:14.489619,0,0,0,0,0,0,0,0,0,0,0,0,0,882,0,20.028445400006603
6,5,,2026-07-31T06:02:34.519469,0,0,0,0,0,0,0,0,0,0,0,0,0,916,0,20.028799700026866
6,5,,2026-07-31T06:02:54.550260,0,0,0,0,0,0,0,0,0,0,0,0,0,953,0,20.029514599998947
6,5,,2026-07-31T06:03:14.578763,0,0,0,0,0,0,0,0,0,0,0,0,0,887,0,20.02757410000777
6,5,,2026-07-31T06:03:34.605004,0,0,0,0,0,0,0,0,0,0,0,0,0,986,0,20.025732700014487
6,5,,2026-07-31T06:03:54.635070,0,0,0,0,0,0,0,0,0,0,0,0,0,937,0,20.029199599986896
6,5,,2026-07-31T06:04:14.664497,0,0,0,0,0,0,0,0,0,0,0,0,0,909,0,20.02843289996963
6,5,,2026-07-31T06:04:34.693729,0,0,0,0,0,0,0,0,0,0,0,0,0,951,0,20.028361700009555
6,5,,2026-07-31T06:04:54.723721,0,0,0,0,0,0,0,0,0,0,0,0,0,957,0,20.028970999992453
6,5,,2026-07-31T06:05:14.752514,0,0,0,0,0,0,0,0,0,0,0,0,0,959,0,20.027943500026595
6,5,,2026-07-31T06:05:34.780820,0,0,0,0,0,0,0,0,0,0,0,0,0,877,0,20.027436600008514
6,5,,2026-07-31T06:05:54.812052,0,0,0,0,0,0,0,0,0,0,0,0,0,944,0,20.03010879998328
6,5,,2026-07-31T06:06:14.842601,0,0,0,0,0,0,0,0,0,0,0,0,0,923,0,20.02954590000445
6,5,,2026-07-31T06:06:34.873382,0,0,0,0,0,0,0,0,0,0,0,0,0,959,0,20.02971760003129
6,5,,2026-07-31T06:06:54.902786,0,0,0,0,0,0,0,0,0,0,0,0,0,903,0,20.02827139996225
6,5,,2026-07-31T06:07:14.932314,0,0,0,0,0,0,0,0,0,0,0,0,0,971,0,20.028355600021314
6,5,,2026-07-31T06:07:34.961240,0,0,0,0,0,0,0,0,0,0,0,0,0,1016,0,20.027983999985736
6,5,,2026-07-31T06:07:54.989644,0,0,0,0,0,0,0,0,0,0,0,0,0,964,0,20.02753560000565
6,5,,2026-07-31T06:08:15.018844,0,0,0,0,0,0,0,0,0,0,0,0,0,904,0,20.028154100000393
6,5,,2026-07-31T06:08:35.048992,0,0,0,0,0,0,0,0,0,0,0,0,0,987,0,20.02887689997442
6,5,,2026-07-31T06:08:55.079513,0,0,0,0,0,0,0,0,0,0,0,0,0,938,0,20.029375299985986
6,5,,2026-07-31T06:09:15.108263,0,0,0,0,0,0,0,0,0,0,0,0,0,930,0,20.02780730003724
6,5,,2026-07-31T06:09:35.137966,0,0,0,0,0,0,0,0,0,0,0,0,0,954,0,20.028664899989963
6,5,,2026-07-31T06:09:55.167089,0,0,0,0,0,0,0,0,0,0,0,0,0,953,0,20.02821550000226
6,5,,2026-07-31T06:10:15.197172,0,0,0,0,0,0,0,0,0,0,0,0,0,997,0,20.028856099990662
6,5,,2026-07-31T06:10:35.226670,0,0,0,0,0,0,0,0,0,0,0,0,0,918,0,20.02850789995864
6,5,,2026-07-31T06:10:55.256993,0,0,0,0,0,0,0,0,0,0,0,0,0,885,0,20.029035300016403
6,5,,2026-07-31T06:11:15.286619,0,0,0,0,0,0,0,0,0,0,0,0,0,948,0,20.028447100019548
6,5,,2026-07-31T06:11:35.316269,0,0,0,0,0,0,0,0,0,0,0,0,0,1008,0,20.02863819996128
6,5,,2026-07-31T06:11:55.346722,0,0,0,0,0,0,0,0,0,0,0,0,0,944,0,20.02928699995391
6,5,,2026-07-31T06:12:15.376255,0,0,0,0,0,0,0,0,0,0,0,0,0,969,0,20.028447999968193
6,5,,2026-07-31T06:12:35.405920,0,0,0,0,0,0,0,0,0,0,0,0,0,1088,0,20.028496899991296
6,5,,2026-07-31T06:12:55.434766,0,0,0,0,0,0,0,0,0,0,0,0,0,998,0,20.027857800014317
6,5,,2026-07-31T06:13:15.464595,0,0,0,0,0,0,0,0,0,0,0,0,0,942,0,20.028699100017548
6,5,,2026-07-31T06:13:35.493963,0,0,0,0,0,0,0,0,0,0,0,0,0,984,0,20.02831869997317
6,5,,2026-07-31T06:13:55.523996,0,0,0,0,0,0,0,0,0,0,0,0,0,1004,0,20.028810199990403
6,5,,2026-07-31T06:14:15.554397,0,0,0,0,0,0,0,0,0,0,0,0,0,1017,0,20.029184100043494
6,5,,2026-07-31T06:14:35.584015,0,0,0,0,0,0,0,0,0,0,0,0,0,990,0,20.02848380000796
6,5,,2026-07-31T06:14:55.613537,0,0,0,0,0,0,0,0,0,0,0,0,0,1001,0,20.028366499987897
6,5,,2026-07-31T06:15:15.645048,0,0,0,0,0,0,0,0,0,0,0,0,0,1018,0,20.03013969998574
6,5,,2026-07-31T06:15:35.674097,0,0,0,0,0,0,0,0,0,0,0,0,0,923,0,20.02798780001467
6,5,,2026-07-31T06:15:55.703488,0,0,0,0,0,0,0,0,0,0,0,0,0,1005,0,20.028306199994404
6,5,,2026-07-31T06:16:15.734080,0,0,0,0,0,0,0,0,0,0,0,0,0,1005,0,20.029263600008562
6,5,,2026-07-31T06:16:35.765228,0,0,0,0,0,0,0,0,0,0,0,0,0,1075,0,20.030109499988612
6,5,,2026-07-31T06:16:55.795304,0,0,0,0,0,0,0,0,0,0,0,0,0,1087,0,20.028873900009785
6,5,,2026-07-31T06:17:15.826151,0,0,0,0,0,0,0,0,0,0,0,0,0,1016,0,20.029419199971016
6,5,,2026-07-31T06:17:35.856066,0,0,0,0,0,0,0,0,0,0,0,0,0,1007,0,20.0288053000113
6,5,,2026-07-31T06:17:55.885074,0,0,0,0,0,0,0,0,0,0,0,0,0,945,0,20.02811409998685
6,5,,2026-07-31T06:18:15.914712,0,0,0,0,0,0,0,0,0,0,0,0,0,978,0,20.02861139999004
6,5,,2026-07-31T06:18:35.944858,0,0,0,0,0,0,0,0,0,0,0,0,0,892,0,20.029029200028162
6,5,,2026-07-31T06:18:55.975243,0,0,0,0,0,0,0,0,0,0,0,0,0,965,0,20.029159599973354
6,5,,2026-07-31T06:19:16.005474,0,0,0,0,0,0,0,0,0,0,0,0,0,1038,0,20.028989300015382
6,5,,2026-07-31T06:19:36.034888,0,0,0,0,0,0,0,0,0,0,0,0,0,940,0,20.02835179999238
6,5,,2026-07-31T06:19:56.065842,0,0,0,0,0,0,0,0,0,0,0,0,0,1033,0,20.02971889998298
6,5,,2026-07-31T06:20:16.092968,0,0,0,0,0,0,0,0,0,0,0,0,0,944,0,20.026360800024122
6,5,,2026-07-31T06:20:36.121526,0,0,0,0,0,0,0,0,0,0,0,0,0,1010,0,20.027587799995672
6,5,,2026-07-31T06:20:56.152313,0,0,0,0,0,0,0,0,0,0,0,0,0,1001,0,20.029618999978993
6,5,,2026-07-31T06:21:16.183283,0,0,0,0,0,0,0,0,0,0,0,0,0,1021,0,20.02975200000219
6,5,,2026-07-31T06:21:36.214043,0,0,0,0,0,0,0,0,0,0,0,0,0,986,0,20.029368100047577
6,5,,2026-07-31T06:21:56.244153,0,0,0,0,0,0,0,0,0,0,0,0,0,1056,0,20.028893499984406
6,5,,2026-07-31T06:22:16.274529,0,0,0,2,0,2,0,2,0,2,0,2,0,1004,0,20.029258300026413
6,5,,2026-07-31T06:22:36.304508,0,1,0,3,0,3,0,3,0,3,0,3,0,1080,0,20.02860789996339
6,5,,2026-07-31T06:22:56.333729,0,2,0,5,0,5,0,5,0,5,0,5,0,933,0,20.02810470003169
6,5,,2026-07-31T06:23:16.363531,0,4,0,5,0,5,0,5,0,5,0,5,0,916,0,20.02878970000893
6,5,,2026-07-31T06:23:36.393502,0,8,0,7,0,6,0,6,0,6,0,6,0,1052,0,20.02861749997828
6,5,,2026-07-31T06:23:56.423812,0,12,0,9,0,9,0,9,0,9,0,9,0,1072,0,20.029044099966995
6,5,,2026-07-31T06:24:16.453945,0,7,0,7,0,7,0,7,0,7,0,7,0,1077,0,20.0291612999863
6,5,,2026-07-31T06:24:36.485625,0,6,0,7,0,7,0,7,0,7,0,7,0,998,0,20.030243400018662
6,5,,2026-07-31T06:24:56.515168,0,11,0,12,0,12,0,12,0,12,0,12,0,1028,0,20.028524500026833
6,5,,2026-07-31T06:25:16.545960,0,12,0,11,0,11,0,11,0,11,0,11,0,924,0,20.029306499985978
6,5,,2026-07-31T06:25:36.574768,0,16,0,14,0,14,0,14,0,14,0,14,0,957,0,20.0278003999847
6,5,,2026-07-31T06:25:56.604992,0,27,0,21,0,21,0,21,0,21,0,21,0,941,0,20.028906500025187
6,5,,2026-07-31T06:26:16.635318,0,16,0,17,0,17,0,17,0,17,0,17,0,798,0,20.029003800009377
6,5,,2026-07-31T06:26:36.664967,0,25,0,21,0,21,0,21,0,21,0,21,0,995,0,20.02851529995678
6,5,,2026-07-31T06:26:56.695850,0,26,0,27,0,26,0,27,0,26,0,26,0,894,0,20.02989120001439
6,5,,2026-07-31T06:27:16.725078,0,24,0,26,0,26,0,26,0,26,0,26,0,766,0,20.02822760003619
6,5,,2026-07-31T06:27:36.755333,0,35,0,31,0,31,0,31,0,31,0,31,0,825,0,20.028926800005138
6,5,,2026-07-31T06:27:56.785707,0,35,0,36,0,36,0,36,0,36,0,36,0,783,0,20.029325900017284
6,5,,2026-07-31T06:28:16.814489,0,35,0,33,0,33,0,33,0,33,0,33,0,648,0,20.02784719999181
6,5,,2026-07-31T06:28:36.843476,0,40,0,38,0,38,0,38,0,38,0,38,0,693,0,20.028080499963835
6,5,,2026-07-31T06:28:56.873795,0,54,0,49,0,49,0,49,0,49,0,49,0,640,0,20.02929940004833
6,5,,2026-07-31T06:29:16.904945,0,44,0,41,0,41,0,41,0,41,0,41,0,768,0,20.03010879998328
6,5,,2026-07-31T06:29:36.934792,0,60,0,66,0,66,0,66,0,66,0,66,0,646,0,20.028611699992325
6,5,,2026-07-31T06:29:56.966232,0,61,0,61,0,61,0,61,0,61,0,61,0,774,0,20.030116499983706
6,5,,2026-07-31T06:30:16.996000,0,54,0,56,0,56,0,56,0,56,0,56,0,650,0,20.028810399991926
6,5,,2026-07-31T06:30:37.026550,0,73,0,77,0,77,0,77,0,77,0,77,0,669,0,20.029388699971605
6,5,,2026-07-31T06:30:57.055230,0,82,0,83,0,83,0,83,0,83,0,83,0,560,0,20.027655399986543
6,5,,2026-07-31T06:31:17.085506,0,89,0,91,0,91,0,91,0,91,0,91,0,533,0,20.02910060004797
6,5,,2026-07-31T06:31:37.116769,0,85,0,84,0,84,0,84,0,84,0,84,0,723,0,20.03005260002101
6,5,,2026-07-31T06:31:57.146375,0,92,0,98,0,98,0,98,0,98,0,98,0,769,0,20.028426100034267
6,5,,2026-07-31T06:32:17.176342,0,108,0,97,0,97,0,97,0,97,0,97,0,496,0,20.028723799972795
6,5,,2026-07-31T06:32:37.206819,0,103,0,102,0,102,0,102,0,102,0,102,0,518,0,20.029362600005697
6,5,,2026-07-31T06:32:57.236725,0,103,0,106,0,106,0,106,0,106,0,106,0,541,0,20.02871830004733
6,5,,2026-07-31T06:33:17.267200,0,104,0,106,0,106,0,106,0,106,0,106,0,592,0,20.02942159998929
6,5,,2026-07-31T06:33:37.296063,0,106,0,106,0,106,0,106,0,106,0,106,0,506,0,20.027806300029624
6,5,,2026-07-31T06:33:57.327576,0,145,0,147,0,147,0,147,0,147,0,147,0,547,0,20.030133899999782
6,5,,2026-07-31T06:34:17.357709,0,148,0,155,0,155,0,155,0,155,0,155,0,488,0,20.02898980001919
6,6,,2026-07-31T06:34:46.224216,0,0,0,0,0,0,0,0,0,0,0,0,0,0,0,20.029217200004496
6,6,,2026-07-31T06:35:06.254399,0,169,0,169,0,169,0,169,0,169,0,169,0,488,0,20.028992899984587
6,6,,2026-07-31T06:35:26.283705,0,255,0,273,0,273,0,273,0,273,0,273,0,576,0,20.028163200011477
6,6,,2026-07-31T06:35:46.314333,0,315,0,329,0,329,0,329,0,329,0,329,0,577,0,20.029517899965867
6,6,,2026-07-31T06:36:06.345125,0,1617135,0,1617135,0,1617135,0,1617135,0,1617135,0,1617135,0,514,0,20.029295600019395
6,6,,2026-07-31T06:36:26.375861,0,877711,0,877711,0,877711,0,877711,0,877711,0,877711,0,917,0,20.029282599978615
6,6,,2026-07-31T06:36:46.405446,0,503682,0,503682,0,503682,0,503682,0,503682,0,503682,0,2766393,0,20.028547599969897
6,6,,2026-07-31T06:37:06.435562,0,294691,0,294691,0,294691,0,294691,0,294691,0,294691,0,1653039,0,20.02885529998457
6,6,,2026-07-31T06:37:26.465087,0,177750,0,177750,0,177750,0,177750,0,177750,0,177750,0,1104724,0,20.028459699999075
6,6,,2026-07-31T06:37:46.495149,0,111195,0,111195,0,111195,0,111195,0,111195,0,111195,0,799743,0,20.028863899991848
6,6,,2026-07-31T06:38:06.524905,1,74163,0,74163,0,74163,0,74163,0,74163,0,74163,0,624661,0,20.029576600005385
6,6,,2026-07-31T06:38:26.554979,0,53941,0,53941,0,53941,0,53941,0,53941,0,53941,0,522657,0,20.028921900026035
6,6,,2026-07-31T06:38:46.583433,9,42782,0,42782,0,42782,0,42782,0,42782,0,42782,0,462500,0,20.02833629999077
6,6,,2026-07-31T06:39:06.614102,0,36489,0,36489,0,36489,0,36489,0,36489,0,36489,0,429928,0,20.029429499991238
6,6,,2026-07-31T06:39:26.642069,14,33076,0,33076,0,33076,0,33076,0,33076,0,33076,0,408477,0,20.027862799994182
6,6,,2026-07-31T06:39:46.672087,0,31305,0,31305,0,31305,0,31305,0,31305,0,31305,0,397201,0,20.02889639994828
6,6,,2026-07-31T06:40:06.701224,39,29908,0,29908,0,29908,0,29908,0,29908,0,29908,0,389728,0,20.02897899999516
6,6,,2026-07-31T06:40:26.731055,0,29563,0,29563,0,29563,0,29563,0,29563,0,29563,0,387995,0,20.028569499962032
6,6,,2026-07-31T06:40:46.760779,51,29060,0,29060,0,29060,0,29060,0,29060,0,29060,0,383928,0,20.029488099971786
6,6,,2026-07-31T06:41:06.790770,0,28943,0,28943,0,28943,0,28943,0,28943,0,28943,0,383515,0,20.02882080001291
6,6,,2026-07-31T06:41:26.820715,64,28804,0,28804,0,28804,0,28804,0,28804,0,28804,0,380924,0,20.029708600020967
6,6,,2026-07-31T06:41:46.850445,0,28888,0,28888,0,28888,0,28888,0,28888,0,28888,0,381304,0,20.028401100018527
6,6,,2026-07-31T06:42:06.879913,108,28607,1,28607,0,28607,0,28607,0,28607,0,28607,0,381083,0,20.02930189995095
6,6,,2026-07-31T06:42:26.909820,0,28237,0,28237,0,28237,0,28237,0,28237,0,28237,0,380983,0,20.028643400000874
6,6,,2026-07-31T06:42:46.938997,132,28319,2,28319,0,28319,0,28319,0,28319,0,28319,0,379036,0,20.02895400003763
6,6,,2026-07-31T06:43:06.966492,0,28184,0,28184,0,28184,0,28184,0,28184,0,28184,0,379364,0,20.026739900000393
6,6,,2026-07-31T06:43:26.995723,288,28179,0,28179,0,28179,0,28179,0,28179,0,28179,0,378324,0,20.0290634999983
6,6,,2026-07-31T06:43:47.025322,0,27952,0,27952,0,27952,0,27952,0,27952,0,27952,0,379078,0,20.028426499979105
6,6,,2026-07-31T06:44:07.054138,222,28452,3,28452,0,28452,0,28452,0,28452,0,28452,0,377513,0,20.028752899961546
6,6,,2026-07-31T06:44:27.084646,0,27736,0,27736,0,27736,0,27736,0,27736,0,27736,0,378594,0,20.029253399989102
6,6,,2026-07-31T06:44:47.112369,1506,28249,34,28249,7,28249,0,28249,0,28249,0,28249,0,378572,0,20.027403699990828
6,6,,2026-07-31T06:45:07.142195,0,28338,0,28338,0,28338,0,28338,0,28338,0,28338,0,378043,0,20.028642199991737
6,6,,2026-07-31T06:45:27.171139,2704,28311,93,28311,15,28311,1,28311,0,28311,0,28311,0,376638,0,20.028612900001463
6,6,,2026-07-31T06:45:47.201789,0,28098,0,28098,0,28098,0,28098,0,28098,0,28098,0,377868,0,20.029557599977124
6,6,,2026-07-31T06:46:07.231398,22919,29291,1007,29291,142,29291,5,29291,0,29291,1,29291,1,375002,2,20.029288200021256
6,6,,2026-07-31T06:46:27.262745,0,27886,0,27886,0,27886,0,27886,0,27886,0,27886,0,377256,0,20.02975330001209
6,6,,2026-07-31T06:46:47.293260,9363,28418,380,28418,45,28418,1,28418,0,28418,0,28418,0,375130,0,20.03039169998374
6,6,,2026-07-31T06:47:07.323722,0,28220,0,28220,0,28220,0,28220,0,28220,0,28220,0,377394,0,20.02907970000524
6,6,,2026-07-31T06:47:27.352645,1791,27972,64,27972,7,27972,0,27972,0,27972,0,27972,0,376052,0,20.02876610000385
6,6,,2026-07-31T06:47:47.381405,0,28037,0,28037,0,28037,0,28037,0,28037,0,28037,0,377978,0,20.02757230005227
6,6,,2026-07-31T06:48:07.411124,2100,28196,67,28196,7,28196,1,28196,0,28196,0,28196,0,376055,1,20.02952079998795
6,6,,2026-07-31T06:48:27.438991,0,27927,0,27927,0,27927,0,27927,0,27927,0,27927,0,378139,0,20.027019099972676
6,6,,2026-07-31T06:48:47.468174,1064,27731,50,27731,5,27731,0,27731,0,27731,0,27731,0,375210,0,20.02896690001944
6,6,,2026-07-31T06:49:07.498247,0,28101,0,28101,0,28101,0,28101,0,28101,0,28101,0,376829,0,20.02906799997436
6,6,,2026-07-31T06:49:27.525354,6566,28401,225,28401,27,28401,0,28401,0,28401,0,28401,0,375080,1,20.02711130003445
6,6,,2026-07-31T06:49:47.557671,0,27900,0,27900,0,27900,0,27900,0,27900,0,27900,0,376087,0,20.03089049999835
6,6,,2026-07-31T06:50:07.586970,7563,28327,289,28327,23,28327,2,28327,0,28327,1,28327,1,374614,0,20.02900060004322
6,6,,2026-07-31T06:50:27.616425,0,27806,0,27806,0,27806,0,27806,0,27806,0,27806,0,376809,0,20.028346300008707
6,6,,2026-07-31T06:50:47.645150,10666,28548,379,28548,53,28548,3,28548,0,28548,0,28548,0,374817,0,20.028596899996046
6,6,,2026-07-31T06:51:07.674804,0,27863,0,27863,0,27863,0,27863,0,27863,0,27863,0,376578,0,20.028382499993313
6,6,,2026-07-31T06:51:27.703421,10875,28441,400,28441,44,28441,3,28441,1,28441,1,28441,0,374735,0,20.02839849999873
6,6,,2026-07-31T06:51:47.733658,0,27955,0,27955,0,27955,0,27955,0,27955,0,27955,0,375529,0,20.028963899996597
6,6,,2026-07-31T06:52:07.762989,2106,27953,67,27953,4,27953,0,27953,0,27953,0,27953,0,375045,0,20.029140600003302
6,6,,2026-07-31T06:52:27.792694,0,27901,0,27901,0,27901,0,27901,0,27901,0,27901,0,375369,0,20.028533899981994
6,6,,2026-07-31T06:52:47.822064,8945,28369,384,28369,45,28369,0,28369,0,28369,0,28369,0,373836,0,20.02925319998758
6,6,,2026-07-31T06:53:07.850502,0,28014,0,28014,0,28014,0,28014,0,28014,0,28014,0,376265,0,20.02719920000527
6,6,,2026-07-31T06:53:27.879595,14508,28549,588,28549,79,28549,2,28549,0,28549,2,28549,1,373580,2,20.02903110004263
6,6,,2026-07-31T06:53:47.910245,0,27762,0,27762,0,27762,0,27762,0,27762,0,27762,0,375784,0,20.02934099995764
6,6,,2026-07-31T06:54:07.938357,17686,28653,765,28653,103,28653,4,28653,0,28653,0,28653,0,371839,1,20.027902700006962
6,6,,2026-07-31T06:54:27.968392,0,27931,0,27931,0,27931,0,27931,0,27931,0,27931,0,375311,0,20.02897290000692
6,6,,2026-07-31T06:54:47.998211,65303,31716,2963,31716,338,31716,13,31716,2,31716,3,31716,1,369590,1,20.029589299985673
6,6,,2026-07-31T06:55:08.026261,0,27778,0,27778,0,27778,0,27778,0,27778,0,27778,0,374086,0,20.027067599992733
6,6,,2026-07-31T06:55:28.055213,98202,34081,4627,34081,540,34081,21,34081,0,34081,4,34081,5,366780,7,20.02890249999473
6,6,,2026-07-31T06:55:48.085581,0,27625,0,27625,0,27625,0,27625,0,27625,0,27625,0,374409,0,20.02912030002335
6,6,,2026-07-31T06:56:08.114640,313146,47882,14763,47882,1629,47882,72,47882,8,47882,13,47882,4,350910,20,20.028875500021968
6,6,,2026-07-31T06:56:28.145055,0,28160,0,28160,0,28160,0,28160,0,28160,0,28160,0,374649,0,20.02891069999896
6,6,,2026-07-31T06:56:48.173933,105338,34367,5010,34367,595,34367,25,34367,3,34367,3,34367,3,366655,6,20.02864319999935
6,6,,2026-07-31T06:57:08.201540,0,27737,0,27737,0,27737,0,27737,0,27737,0,27737,0,375277,0,20.02743090002332
6,6,,2026-07-31T06:57:28.229089,79477,32865,3891,32865,454,32865,17,32865,3,32865,2,32865,3,369134,4,20.028332900023088
6,6,,2026-07-31T06:57:48.256225,0,28006,0,28006,0,28006,0,28006,0,28006,0,28006,0,375944,0,20.027158399985638
6,6,,2026-07-31T06:58:08.285357,45525,30909,2333,30909,254,30909,12,30909,2,30909,0,30909,0,371765,2,20.029999000020325
6,6,,2026-07-31T06:58:28.313705,0,27660,0,27660,0,27660,0,27660,0,27660,0,27660,0,376768,0,20.02803759998642
6,6,,2026-07-31T06:58:48.342130,423653,55870,21166,55870,2429,55870,97,55870,12,55870,14,55870,12,344074,35,20.02911760000279
6,6,,2026-07-31T06:59:08.372040,0,27590,0,27590,0,27590,0,27590,0,27590,0,27590,0,376072,0,20.029323099995963
6,6,,2026-07-31T06:59:28.398973,75904,32545,3594,32545,403,32545,13,32545,2,32545,7,32545,2,369884,7,20.02766399999382
6,6,,2026-07-31T06:59:48.429391,0,27845,0,27845,0,27845,0,27845,0,27845,0,27845,0,376703,0,20.030394799949136
6,6,,2026-07-31T07:00:08.458360,1209803,109602,61422,109602,6992,109602,245,109602,22,109602,45,109602,18,284000,77,20.02980950003257
6,6,,2026-07-31T07:00:28.485205,0,28098,0,28098,0,28098,0,28098,0,28098,0,28098,0,376603,0,20.026789900031872
6,6,,2026-07-31T07:00:48.513132,1748534,146147,89027,146147,10144,146147,379,146147,51,146147,85,146147,46,243376,108,20.028773400001228
6,6,,2026-07-31T07:01:08.541761,0,27842,0,27842,0,27842,0,27842,0,27842,0,27842,0,376207,0,20.028507000009995
6,6,,2026-07-31T07:01:28.569747,129678,36598,6597,36598,772,36598,35,36598,4,36598,3,36598,2,365905,14,20.028790800017305
6,6,,2026-07-31T07:01:48.599214,0,27456,0,27456,0,27456,0,27456,0,27456,0,27456,0,376542,0,20.029073999961838
6,6,,2026-07-31T07:02:08.626763,2129959,173469,110072,173469,12335,173469,516,173469,56,173469,96,173469,43,213052,142,20.02834730001632
6,6,,2026-07-31T07:02:28.654462,2145215,175593,111157,175593,12641,175593,486,175593,67,175593,102,175593,40,211533,120,20.02838299999712
6,6,,2026-07-31T07:02:48.682865,1191177,109592,61648,109592,6966,109592,296,109592,37,109592,57,109592,28,285656,73,20.02909179998096
6,6,,2026-07-31T07:03:08.711195,0,27715,0,27715,0,27715,0,27715,0,27715,0,27715,0,377660,0,20.028136500041
6,6,,2026-07-31T07:03:28.739788,2115831,173114,109257,173114,12466,173114,510,173114,66,173114,92,173114,49,212874,149,20.029322399990633
6,6,,2026-07-31T07:03:48.769153,2135814,175225,111131,175225,12650,175225,585,175225,54,175225,93,175225,43,212724,122,20.030037999968044
6,6,,2026-07-31T07:04:08.798484,2132009,175363,111286,175363,12449,175363,486,175363,75,175363,93,175363,39,212518,122,20.029981300001964
6,6,,2026-07-31T07:04:28.826856,2129835,174883,110281,174883,12569,174883,476,174883,62,174883,105,174883,64,212055,140,20.029039599990938
6,6,,2026-07-31T07:04:48.855628,2129139,174707,110303,174707,12543,174707,513,174707,66,174707,98,174707,62,212921,132,20.02937699999893
6,6,,2026-07-31T07:05:08.881449,2128613,174705,110166,174705,12548,174705,538,174705,58,174705,81,174705,58,212581,156,20.0265685999766
6,6,,2026-07-31T07:05:28.909600,2126128,174831,110594,174831,12583,174831,537,174831,42,174831,101,174831,50,212412,136,20.02882690000115
6,6,,2026-07-31T07:05:48.936080,2123237,175327,110990,175327,12596,175327,481,175327,58,175327,95,175327,44,212554,122,20.027188599982765
6,6,,2026-07-31T07:06:08.964894,2125001,175396,110718,175396,12794,175396,559,175396,45,175396,92,175396,47,213409,132,20.029596999986097
6,6,,2026-07-31T07:06:28.993915,2121281,175475,110975,175475,12612,175475,495,175475,62,175475,109,175475,49,213737,151,20.029729699948803
6,6,,2026-07-31T07:06:49.021927,2121375,175212,110899,175212,12586,175212,486,175212,58,175212,88,175212,53,212951,117,20.028693899977952
6,6,,2026-07-31T07:07:09.048303,2117385,175683,111029,175683,12522,175683,506,175683,57,175683,111,175683,64,213079,134,20.02704860002268
6,6,,2026-07-31T07:07:29.074559,474517,60563,24786,60563,2811,60563,98,60563,16,60563,25,60563,15,341764,29,20.026990700047463
6,6,,2026-07-31T07:07:49.102441,0,27185,0,27185,0,27185,0,27185,0,27185,0,27185,0,379371,0,20.027788100007456
6,6,,2026-07-31T07:08:09.130935,2090312,172472,109098,172472,12321,172472,525,172472,67,172472,103,172472,51,214066,146,20.02919769997243
6,6,,2026-07-31T07:08:29.159701,2110346,175461,110922,175461,12727,175461,475,175461,64,175461,108,175461,51,212929,143,20.0293939000112
6,6,,2026-07-31T07:08:49.186989,2109591,175386,110926,175386,12535,175386,512,175386,72,175386,92,175386,56,212691,137,20.027907800045796
6,6,,2026-07-31T07:09:09.215659,2107414,174813,110507,174813,12484,174813,443,174813,57,174813,97,174813,57,213030,143,20.029338599997573
6,6,,2026-07-31T07:09:29.243431,2103770,175794,111639,175794,12510,175794,525,175794,67,175794,76,175794,45,212140,143,20.028320500045083
6,6,,2026-07-31T07:09:49.270614,2103023,175014,110558,175014,12500,175014,547,175014,56,175014,103,175014,47,212869,139,20.027750700013712
6,6,,2026-07-31T07:10:09.298592,2098658,174329,110346,174329,12575,174329,469,174329,55,174329,103,174329,46,212737,129,20.028717199980747
6,6,,2026-07-31T07:10:29.325543,2094885,174738,110798,174738,12589,174738,495,174738,60,174738,72,174738,40,212417,136,20.0276787999901
6,6,,2026-07-31T07:10:49.354564,2095307,175036,110785,175036,12469,175036,522,175036,60,175036,110,175036,52,212254,115,20.029656899976544
6,6,,2026-07-31T07:11:09.382924,2092422,174476,110357,174476,12630,174476,463,174476,57,174476,89,174476,48,212855,138,20.02900799998315
6,6,,2026-07-31T07:11:29.411256,2095904,175028,110838,175028,12527,175028,497,175028,70,175028,109,175028,49,212526,113,20.028964299999643
6,6,,2026-07-31T07:11:49.440218,2093580,174632,110610,174632,12727,174632,492,174632,48,174632,105,174632,58,212370,133,20.029521900054533
6,6,,2026-07-31T07:12:09.468244,2089126,174772,110983,174772,12501,174772,509,174772,59,174772,99,174772,54,211480,155,20.028759700013325
6,6,,2026-07-31T07:12:29.496074,2089405,174697,110817,174697,12643,174697,538,174697,72,174697,102,174697,48,211322,133,20.02845449995948
6,6,,2026-07-31T07:12:49.523146,2088576,174624,110515,174624,12573,174624,539,174624,61,174624,91,174624,50,211949,151,20.02768419997301
6,6,,2026-07-31T07:13:09.551905,2088917,174160,110168,174160,12476,174161,480,174161,51,174161,76,174161,68,211993,148,20.029424100008328
6,6,,2026-07-31T07:13:29.579338,2083672,174169,110733,174169,12554,174168,503,174168,59,174168,80,174168,45,210881,130,20.027992099989206
6,6,,2026-07-31T07:13:49.608500,318758,49777,17062,49777,1884,49777,83,49777,8,49777,13,49777,9,352120,17,20.0297511999961
6,6,,2026-07-31T07:14:09.638034,0,27292,0,27292,0,27292,0,27292,0,27292,0,27292,0,376182,0,20.029060499975458
6,6,,2026-07-31T07:14:29.667683,2061194,172909,109277,172909,12508,172909,491,172909,49,172909,94,172909,53,213154,134,20.03033969999524
6,6,,2026-07-31T07:14:49.695406,2081094,174084,110076,174084,12525,174084,514,174084,55,174084,90,174084,51,211916,127,20.028306300053373
6,6,,2026-07-31T07:15:09.721115,2080436,174557,110527,174557,12718,174557,523,174557,60,174557,115,174557,40,211006,133,20.026360299962107
6,6,,2026-07-31T07:15:29.748750,2077403,173791,109851,173791,12474,173791,480,173791,54,173791,94,173791,38,211575,156,20.02838040003553
6,6,,2026-07-31T07:15:49.776454,2075297,173888,110192,173888,12600,173888,515,173888,51,173888,85,173888,56,211578,121,20.02831729996251
6,6,,2026-07-31T07:16:09.804505,2076666,174162,110603,174162,12416,174162,535,174162,62,174162,92,174162,53,210835,146,20.028728800010867
6,6,,2026-07-31T07:16:29.832668,2071691,173496,109717,173496,12685,173496,499,173496,53,173496,87,173497,50,210460,126,20.028771800047252
6,6,,2026-07-31T07:16:49.861465,2072317,174440,110575,174440,12544,174440,504,174440,52,174440,85,174439,41,210986,162,20.02938829996856
6,6,,2026-07-31T07:17:09.890223,2072313,173818,110046,173818,12417,173818,488,173818,37,173818,99,173818,44,211551,140,20.029324800008908
6,6,,2026-07-31T07:17:29.919693,2069797,173539,109544,173539,12486,173539,476,173539,62,173539,117,173539,47,210672,139,20.029901099973358
6,6,,2026-07-31T07:17:49.947760,2071112,173966,110247,173966,12692,173966,509,173966,48,173966,89,173966,50,210990,140,20.028552300005686
6,6,,2026-07-31T07:18:09.976188,2068626,174051,110391,174051,12464,174051,508,174051,69,174051,90,174051,54,210624,117,20.029015899985097
6,6,,2026-07-31T07:18:30.004781,2069501,173928,110304,173928,12583,173928,495,173928,60,173928,106,173928,45,211188,118,20.029167699976824
6,6,,2026-07-31T07:18:50.033186,2065910,173296,109984,173296,12393,173296,504,173296,60,173296,104,173296,53,210653,135,20.029026400006842
6,6,,2026-07-31T07:19:10.062698,2066299,173864,110056,173864,12242,173864,481,173864,59,173864,85,173864,49,210397,146,20.030075799964834
6,6,,2026-07-31T07:19:30.091264,2064408,172597,108912,172597,12701,172597,495,172597,60,172597,67,172597,46,211094,123,20.029153499985114
6,6,,2026-07-31T07:19:50.120104,2062936,173320,109865,173320,12404,173320,500,173320,63,173320,89,173320,39,211296,141,20.029350500029977
6,6,,2026-07-31T07:20:10.146300,2060595,173643,109937,173643,12456,173643,459,173643,59,173643,77,173643,50,211312,123,20.0267165999976
6,6,,2026-07-31T07:20:30.175965,2059153,173161,109749,173161,12663,173161,474,173161,76,173161,82,173161,53,210596,122,20.030175999971107
6,6,,2026-07-31T07:20:50.204634,2055322,173487,109668,173487,12451,173487,557,173487,52,173487,97,173487,51,211289,138,20.029241999960504
6,6,,2026-07-31T07:21:10.233474,2056772,173830,110279,173830,12578,173830,485,173830,56,173830,77,173830,58,210132,138,20.029394100012723
6,6,,2026-07-31T07:21:30.262295,2057963,172729,109304,172729,12472,172729,482,172729,67,172729,92,172729,45,210668,116,20.029350299970247
6,6,,2026-07-31T07:21:50.289874,2053666,173600,109959,173600,12488,173600,523,173600,59,173600,93,173600,48,209992,129,20.028128900041338
6,6,,2026-07-31T07:22:10.318466,2053631,174253,110502,174253,12493,174253,503,174253,54,174253,113,174253,50,210658,125,20.029226399958134
6,6,,2026-07-31T07:22:30.347738,2052428,173620,110331,173620,12449,173620,542,173620,60,173620,98,173620,44,210963,137,20.029824000026565
6,6,,2026-07-31T07:22:50.376677,2051878,173757,109765,173757,12551,173757,505,173757,56,173757,103,173757,50,210024,145,20.029463800019585
6,6,,2026-07-31T07:23:10.405154,2055935,173369,109479,173369,12562,173369,499,173369,65,173369,80,173369,52,210576,135,20.02903520001564
6,6,,2026-07-31T07:23:30.433498,2054652,173305,109898,173305,12536,173305,502,173305,68,173305,98,173305,52,210816,137,20.028911800007336
6,6,,2026-07-31T07:23:50.462428,2057784,174153,110138,174153,12560,174153,528,174153,55,174153,100,174153,30,210987,142,20.029534699977376
6,6,,2026-07-31T07:24:10.488491,2057337,173670,109863,173670,12508,173670,525,173670,53,173670,95,173670,43,211301,144,20.0266540000448
6,6,,2026-07-31T07:24:30.514450,2057248,173730,110018,173730,12465,173730,494,173730,60,173730,74,173730,52,211333,144,20.026642700016964
6,6,,2026-07-31T07:24:50.541644,2058874,174151,110236,174151,12677,174151,519,174151,58,174151,92,174151,54,211066,116,20.027730999980122
6,6,,2026-07-31T07:25:10.569258,2057324,174217,110475,174217,12512,174217,497,174217,52,174217,99,174217,44,211457,138,20.028081699972972
6,6,,2026-07-31T07:25:30.597144,2057083,174070,110337,174070,12574,174070,537,174070,54,174070,91,174070,51,212322,151,20.028350299980957
6,6,,2026-07-31T07:25:50.626836,2055340,174654,110449,174654,12533,174654,509,174654,51,174654,86,174654,45,211182,122,20.0301243000431
6,6,,2026-07-31T07:26:10.655200,2059374,173978,110097,173978,12497,173978,493,173978,72,173978,88,173978,49,211313,133,20.028775100014172
6,6,,2026-07-31T07:26:30.684131,2059750,174011,109975,174011,12569,174011,488,174011,65,174011,93,174011,49,212150,125,20.029488599975593
6,6,,2026-07-31T07:26:50.711817,2060357,173436,109991,173436,12541,173436,500,173436,53,173436,97,173436,45,211465,128,20.02818759996444
6,6,,2026-07-31T07:27:10.740259,2058627,173509,109553,173509,12667,173509,488,173509,52,173509,81,173509,59,211980,129,20.029079900006764
6,6,,2026-07-31T07:27:30.768748,2058975,173911,110054,173911,12725,173911,481,173911,58,173911,114,173911,57,211635,145,20.029019800014794
6,6,,2026-07-31T07:27:50.798332,2061547,174291,110344,174291,12638,174291,501,174291,54,174291,94,174291,44,212153,151,20.03009580000071
6,6,,2026-07-31T07:28:10.825603,2058551,174396,110662,174396,12529,174396,511,174396,57,174396,100,174396,39,212393,121,20.027619300002698
6,6,,2026-07-31T07:28:30.854267,2063314,174523,110340,174523,12697,174523,491,174523,48,174523,92,174523,43,211478,120,20.029244099976495
6,6,,2026-07-31T07:28:50.883077,2062097,173752,109756,173752,12531,173752,508,173752,52,173752,88,173752,52,212681,141,20.029316300002392
6,6,,2026-07-31T07:29:10.911447,2063866,174102,110631,174102,12632,174102,498,174102,54,174102,87,174102,55,212115,145,20.028914999973495
6,6,,2026-07-31T07:29:30.939513,2062051,173188,109898,173188,12225,173188,479,173188,58,173188,96,173188,59,212739,128,20.028583200008143
6,6,,2026-07-31T07:29:50.968676,2065126,173661,109787,173661,12627,173661,493,173661,78,173661,76,173661,43,212178,111,20.029731199960224
6,6,,2026-07-31T07:30:10.996732,2064466,174273,110308,174273,12472,174273,515,174273,50,174273,100,174273,67,211689,128,20.028512999997474
6,6,,2026-07-31T07:30:31.024847,2063983,174006,109909,174006,12512,174006,465,174006,58,174006,88,174006,39,212317,121,20.02864909998607
6,6,,2026-07-31T07:30:51.052752,2066542,174639,110773,174639,12518,174639,517,174639,59,174639,98,174639,48,212106,141,20.028544200002216
6,6,,2026-07-31T07:31:11.081105,2066652,173815,110093,173815,12349,173815,497,173815,62,173815,94,173815,34,212946,131,20.02890460001072
6,6,,2026-07-31T07:31:31.109382,2065322,174866,110438,174866,12655,174866,512,174866,42,174866,79,174866,48,213431,114,20.02877279999666
6,6,,2026-07-31T07:31:51.137847,2064817,173905,110362,173905,12379,173905,494,173905,53,173905,100,173905,45,212236,135,20.02908380003646
6,6,,2026-07-31T07:32:11.166474,2069359,174171,110316,174171,12708,174171,492,174171,55,174171,94,174171,47,212943,147,20.02908840001328
6,6,,2026-07-31T07:32:31.195051,2067103,174144,110378,174144,12639,174144,507,174144,54,174144,80,174144,58,213055,135,20.02904460002901
6,6,,2026-07-31T07:32:51.223789,2068520,174198,110332,174198,12623,174198,487,174198,54,174198,75,174198,63,212973,135,20.029229999985546
6,6,,2026-07-31T07:33:11.251094,2068414,174353,110629,174353,12282,174353,518,174353,56,174353,97,174353,49,213110,131,20.027815599984024
6,6,,2026-07-31T07:33:31.277384,2063509,173499,109865,173499,12534,173499,496,173499,67,173499,64,173499,34,211903,140,20.02672209998127
6,6,,2026-07-31T07:33:51.305503,2063582,174961,110823,174961,12715,174961,504,174961,52,174961,99,174961,46,211475,147,20.028682600008324
6,6,,2026-07-31T07:34:11.334161,2061416,173728,110022,173728,12409,173728,476,173728,49,173728,104,173728,48,212846,129,20.029194100003224
6,6,,2026-07-31T07:34:31.362438,2062404,173468,109901,173468,12449,173468,511,173468,59,173468,89,173468,49,211556,175,20.02883720002137
6,6,,2026-07-31T07:34:51.391769,2061122,173545,109721,173545,12404,173545,457,173545,45,173545,93,173545,43,211910,127,20.029814700013958
6,6,,2026-07-31T07:35:11.416551,2063504,174090,110191,174090,12486,174090,459,174090,63,174090,79,174090,54,212104,136,20.025319900014438
6,6,,2026-07-31T07:35:31.445255,2060914,173620,109985,173620,12406,173620,507,173620,42,173620,112,173620,47,211909,129,20.02934919996187
6,6,,2026-07-31T07:35:51.473427,2062106,174431,110293,174431,12481,174431,507,174431,57,174431,96,174431,51,211997,132,20.028657099988777
6,6,,2026-07-31T07:36:11.502055,2060865,174069,109949,174069,12391,174069,526,174069,73,174069,78,174069,48,211811,115,20.02899169997545
6,6,,2026-07-31T07:36:31.530777,2062842,173745,110116,173745,12590,173745,475,173745,58,173745,94,173745,65,212639,131,20.029226800019387
6,6,,2026-07-31T07:36:51.559232,2061614,173341,109739,173341,12579,173341,549,173341,54,173341,81,173341,43,212105,136,20.02890249999473
6,6,,2026-07-31T07:37:11.587362,2061500,174301,110372,174301,12616,174301,521,174301,44,174301,93,174301,60,212116,142,20.028612599999178
6,6,,2026-07-31T07:37:31.615567,2063432,173490,109835,173490,12280,173490,477,173490,58,173490,104,173490,55,211627,127,20.02873429999454
6,6,,2026-07-31T07:37:51.643487,2063491,173718,110298,173718,12589,173718,507,173718,69,173718,89,173718,59,213011,126,20.028335099981632
6,6,,2026-07-31T07:38:11.671877,2063649,173143,109828,173143,12484,173143,514,173143,52,173143,83,173143,46,212923,139,20.02883159997873
6,6,,2026-07-31T07:38:31.701332,2063659,173998,110289,173998,12364,173998,501,173998,65,173998,89,173998,39,211588,133,20.02990869997302
6,6,,2026-07-31T07:38:51.729309,2060531,173927,110143,173927,12552,173927,555,173927,55,173927,98,173927,47,211638,149,20.028401000017766
6,6,,2026-07-31T07:39:11.757035,2061588,173144,109493,173144,12616,173144,468,173144,45,173144,90,173144,42,211398,143,20.028196100029163
6,6,,2026-07-31T07:39:31.785329,2058841,173265,109395,173265,12571,173265,513,173265,54,173265,91,173265,52,211587,119,20.028731899976265
6,6,,2026-07-31T07:39:51.813343,2056799,172938,109482,172938,12482,172938,521,172938,47,172938,88,172938,68,211283,126,20.028360199998133
6,6,,2026-07-31T07:40:11.841183,2058530,173077,109173,173077,12580,173077,511,173077,40,173077,106,173077,65,211464,110,20.0282079000026
6,6,,2026-07-31T07:40:31.869525,2060078,172426,109447,172426,12313,172426,537,172426,57,172426,95,172426,51,211789,133,20.028787000046577
6,6,,2026-07-31T07:40:51.895984,2057972,173186,109740,173186,12527,173186,495,173186,59,173186,82,173186,55,211756,121,20.02690120000625
6,6,,2026-07-31T07:41:11.924611,2058085,173227,109547,173227,12441,173227,457,173227,54,173227,96,173227,51,211409,123,20.029135899967514
6,6,,2026-07-31T07:41:31.952792,2057352,172202,109218,172202,12401,172202,500,172202,50,172202,109,172202,51,212261,143,20.028713700012304
6,6,,2026-07-31T07:41:51.981120,2057306,172775,109288,172775,12257,172775,486,172775,63,172775,98,172775,51,211635,145,20.028781999950297
6,6,,2026-07-31T07:42:12.010770,2056867,172580,109217,172580,12271,172580,531,172580,62,172580,88,172580,47,211323,120,20.03009439999005
6,6,,2026-07-31T07:42:32.039285,2055538,172849,109079,172849,12526,172849,492,172849,52,172849,90,172849,47,211816,123,20.029022500035353
6,6,,2026-07-31T07:42:52.066662,2055393,172696,109296,172696,12463,172696,469,172696,72,172696,96,172696,49,210590,120,20.027786599996034
6,6,,2026-07-31T07:43:12.095372,2052138,173711,109956,173711,12532,173711,484,173711,63,173711,75,173711,54,211078,141,20.029241000011098
6,6,,2026-07-31T07:43:32.124718,2052996,172746,109383,172746,12259,172746,459,172746,58,172746,100,172746,44,211515,119,20.029806399950758
6,6,,2026-07-31T07:43:52.153638,2053811,172607,109269,172607,12508,172607,495,172607,46,172607,102,172607,48,212094,129,20.02923570002895
6,6,,2026-07-31T07:44:12.182119,2052873,173234,110182,173234,12167,173234,511,173234,61,173234,84,173234,45,210695,133,20.028923800040502
6,6,,2026-07-31T07:44:32.210376,2050827,172456,108778,172456,12577,172456,487,172456,44,172456,91,172456,48,211458,132,20.02869790000841
6,6,,2026-07-31T07:44:52.239483,2051711,172671,109207,172671,12190,172671,500,172671,56,172671,85,172671,48,210755,149,20.02948969998397
6,6,,2026-07-31T07:45:12.266417,2047869,172870,108957,172870,12391,172870,480,172870,58,172870,87,172870,38,211234,126,20.02734179998515
6,6,,2026-07-31T07:45:32.295224,2048709,172684,108613,172684,12453,172684,537,172684,44,172684,95,172684,37,210760,133,20.029291399987414
6,6,,2026-07-31T07:45:52.324811,2046678,172395,109203,172395,12402,172395,490,172395,48,172395,86,172395,60,211084,139,20.029983199958224
6,6,,2026-07-31T07:46:12.353683,2048589,172996,109145,172996,12471,172996,458,172996,45,172996,82,172996,51,210928,157,20.02925869997125
6,6,,2026-07-31T07:46:32.381379,2044346,172532,108618,172532,12328,172532,502,172532,58,172532,94,172532,44,211755,132,20.02812300005462
6,6,,2026-07-31T07:46:52.409340,2045010,172233,108585,172233,12379,172233,493,172233,51,172233,88,172233,50,210841,135,20.028384100005496
6,6,,2026-07-31T07:47:12.438042,2045609,173095,109229,173095,12364,173095,487,173095,55,173095,84,173095,50,210770,138,20.029058999964036
6,6,,2026-07-31T07:47:32.467491,2044528,173207,109257,173207,12366,173207,513,173207,64,173207,95,173207,39,210665,135,20.029823199962266
6,6,,2026-07-31T07:47:52.494499,2039669,172806,108575,172806,12416,172806,533,172806,62,172806,95,172806,56,210829,121,20.02734239998972
6,6,,2026-07-31T07:48:12.522589,2042193,173245,109770,173245,12167,173245,497,173245,70,173245,107,173245,45,210837,134,20.02851340000052
6,6,,2026-07-31T07:48:32.550990,2041667,172917,108988,172917,12603,172917,531,172917,66,172917,81,172917,52,210643,143,20.028824500041083
6,6,,2026-07-31T07:48:52.580187,2041218,172515,109031,172515,12363,172515,514,172515,44,172515,91,172515,58,211299,162,20.029632900026627
6,6,,2026-07-31T07:49:12.609743,2041950,173102,109346,173102,12307,173102,507,173102,49,173102,82,173102,44,211252,147,20.02997819997836
6,6,,2026-07-31T07:49:32.637821,2037163,172797,109050,172797,12545,172797,548,172797,57,172797,86,172797,30,210923,131,20.028342699981295
6,6,,2026-07-31T07:49:52.666600,2037435,173071,109168,173071,12541,173071,479,173071,60,173071,95,173071,55,210464,119,20.029106199974194
6,6,,2026-07-31T07:50:12.694934,2036574,172644,108997,172644,12444,172644,502,172644,61,172644,104,172644,47,210727,132,20.028797600010876
6,6,,2026-07-31T07:50:32.723770,2036761,173122,109348,173122,12425,173122,507,173122,52,173122,95,173122,48,211332,141,20.029237999988254
6,6,,2026-07-31T07:50:52.752168,2037732,172958,109221,172958,12456,172958,525,172958,60,172958,85,172958,49,211115,128,20.02882690000115
6,6,,2026-07-31T07:51:12.780822,2039739,172104,108632,172104,12426,172104,481,172104,63,172104,103,172104,48,211162,144,20.02894589997595
6,6,,2026-07-31T07:51:32.809916,2042024,172792,109031,172792,12381,172792,511,172792,56,172792,73,172792,33,211778,128,20.029503399971873
6,6,,2026-07-31T07:51:52.838407,2041112,173228,109236,173228,12422,173228,493,173228,51,173228,95,173228,53,211249,134,20.028939899988472
6,6,,2026-07-31T07:52:12.867787,2043938,173271,109463,173271,12411,173271,442,173271,67,173271,87,173271,49,212136,132,20.029710499977227
6,6,,2026-07-31T07:52:32.895355,2042275,172835,109157,172835,12366,172835,449,172835,41,172835,93,172835,50,211531,152,20.02802819997305
6,6,,2026-07-31T07:52:52.924882,2042710,172799,108703,172799,12498,172799,508,172799,50,172799,97,172799,36,211667,126,20.029875200008973
6,6,,2026-07-31T07:53:12.952442,2046482,173390,109660,173390,12433,173390,457,173390,59,173390,83,173390,52,211612,139,20.027930399985053
6,6,,2026-07-31T07:53:32.980342,2044359,172546,108717,172546,12479,172546,454,172546,69,172546,106,172546,41,211686,128,20.028287600027397
6,6,,2026-07-31T07:53:53.009465,2045534,173432,109504,173432,12505,173432,493,173432,44,173432,94,173432,62,211406,126,20.02947960002348
6,6,,2026-07-31T07:54:13.038412,2044936,172373,108986,172373,12668,172373,496,172373,53,172373,97,172373,37,211449,125,20.02923169999849
6,6,,2026-07-31T07:54:33.067215,2043961,173664,109576,173664,12742,173664,486,173664,60,173664,85,173664,50,211675,133,20.029192800051533
6,6,,2026-07-31T07:54:53.094746,2045005,173469,109389,173469,12287,173469,526,173469,58,173469,99,173469,51,211334,144,20.0279281999683
6,6,,2026-07-31T07:55:13.123030,2047701,173982,110058,173982,12552,173982,489,173982,55,173982,98,173982,51,210859,140,20.028659200004768
6,6,,2026-07-31T07:55:33.152356,2045458,172628,109208,172628,12457,172628,506,172628,56,172628,95,172628,54,211562,129,20.029703699983656
6,6,,2026-07-31T07:55:53.181577,2046861,172833,109223,172833,12525,172833,508,172833,54,172833,106,172833,41,212001,123,20.029582499992102
6,6,,2026-07-31T07:56:13.210650,2045895,172597,109624,172597,12300,172597,462,172597,53,172597,84,172597,44,212702,154,20.02933980000671
6,6,,2026-07-31T07:56:33.239687,2047478,173072,109343,173072,12491,173072,504,173072,56,173072,97,173072,46,211758,128,20.02932469994994
6,6,,2026-07-31T07:56:53.268499,2047666,173598,109891,173598,12519,173598,492,173598,58,173598,99,173598,44,212490,141,20.029097500024363
6,6,,2026-07-31T07:57:13.298493,2047019,173117,109531,173117,12430,173117,503,173117,68,173117,93,173117,44,212977,129,20.03031500003999
6,6,,2026-07-31T07:57:33.325270,2046357,173072,109572,173072,12244,173072,499,173072,61,173072,83,173072,48,212658,152,20.027063499961514
6,6,,2026-07-31T07:57:53.353012,2049886,172413,108883,172413,12477,172413,477,172413,57,172413,101,172413,55,212116,146,20.028134200023487
6,6,,2026-07-31T07:58:13.381765,2051683,173628,109751,173628,12457,173628,527,173628,53,173628,97,173628,60,213014,132,20.029100199986715
6,6,,2026-07-31T07:58:33.410794,2051086,173227,109513,173227,12358,173227,503,173227,52,173227,80,173227,39,211648,158,20.029346900002565
6,6,,2026-07-31T07:58:53.438259,2054611,173793,110007,173793,12582,173793,455,173793,55,173793,78,173793,53,213102,149,20.02784460003022
6,6,,2026-07-31T07:59:13.467964,2054608,173818,109889,173818,12581,173818,483,173818,50,173818,85,173818,59,212666,145,20.03005679999478
6,6,,2026-07-31T07:59:33.495526,2054070,173206,109514,173206,12651,173206,507,173206,57,173206,91,173206,35,212502,117,20.02797539997846
6,6,,2026-07-31T07:59:53.523789,2051916,173127,109121,173127,12606,173127,502,173127,49,173127,75,173127,61,212217,112,20.028592499962542
6,6,,2026-07-31T08:00:13.551997,2047089,173760,109474,173760,12501,173760,480,173760,53,173760,89,173760,39,212291,153,20.028538799961098
6,6,,2026-07-31T08:00:33.580069,2050365,172959,109349,172959,12602,172959,508,172959,66,172959,86,172959,50,212168,147,20.028351699991617
6,6,,2026-07-31T08:00:53.608030,2049277,172326,108556,172326,12273,172326,515,172326,49,172326,95,172326,43,212770,129,20.02837809995981
6,6,,2026-07-31T08:01:13.636655,2050010,173148,109499,173148,12335,173148,493,173148,69,173148,93,173148,64,212196,121,20.028967699967325
6,6,,2026-07-31T08:01:33.664271,2051204,173197,109395,173197,12478,173197,440,173197,51,173197,90,173197,43,212851,148,20.027937400038354
6,6,,2026-07-31T08:01:53.692155,2046606,172726,108814,172726,12281,172726,511,172726,52,172726,88,172726,44,212726,119,20.028258099977393
6,6,,2026-07-31T08:02:13.720371,2051009,173258,109608,173258,12483,173258,498,173258,51,173258,100,173258,59,212301,137,20.028523100016173
6,6,,2026-07-31T08:02:33.748696,2051066,172425,109083,172425,12247,172425,465,172425,46,172425,83,172425,38,212507,153,20.028663300035987
6,6,,2026-07-31T08:02:53.776858,2052317,173171,109512,173171,12344,173171,497,173171,51,173171,69,173171,39,213163,119,20.02851279999595
6,6,,2026-07-31T08:03:13.805885,2048385,172644,108810,172644,12438,172644,506,172644,54,172644,93,172644,45,211845,154,20.029384699999355
6,6,,2026-07-31T08:03:33.834216,2050193,172448,108678,172448,12331,172448,489,172448,48,172448,84,172448,40,212145,130,20.028552900010254
6,6,,2026-07-31T08:03:53.863886,2049042,172082,108503,172082,12384,172082,521,172082,56,172082,91,172082,50,211585,137,20.02997819997836
6,6,,2026-07-31T08:04:13.891254,2047556,172317,108782,172317,12323,172317,529,172317,47,172317,102,172317,46,211601,131,20.027673100004904
6,6,,2026-07-31T08:04:33.916699,2050006,173228,109451,173228,12339,173228,463,173228,44,173228,78,173228,41,212058,150,20.02580180001678
6,6,,2026-07-31T08:04:53.944620,2048772,172584,108972,172584,12404,172584,477,172584,61,172584,95,172584,54,212109,127,20.02845189999789
6,6,,2026-07-31T08:05:13.974263,2045478,172209,108580,172209,12284,172209,474,172209,48,172209,93,172209,54,211518,147,20.030018399993423
6,6,,2026-07-31T08:05:34.002007,2044679,172020,108649,172020,12284,172020,505,172020,46,172020,81,172020,54,211683,135,20.028065599966794
6,6,,2026-07-31T08:05:54.030125,2046719,172230,108795,172230,12296,172230,511,172230,53,172230,89,172230,44,212205,119,20.028539099963382
6,6,,2026-07-31T08:06:14.059505,2044903,172451,108612,172451,12352,172451,506,172451,52,172451,89,172451,51,211692,146,20.02971350000007
6,6,,2026-07-31T08:06:34.088390,2043235,171896,108432,171896,12368,171896,477,171896,48,171896,101,171896,33,211921,114,20.029152699979022
6,6,,2026-07-31T08:06:54.118080,2043100,171918,108302,171918,12625,171918,480,171918,67,171918,90,171918,43,211510,113,20.02985459996853
6,6,,2026-07-31T08:07:14.146087,2045593,171637,108247,171637,12324,171637,481,171637,64,171637,82,171637,68,212399,146,20.02831049996894
6,6,,2026-07-31T08:07:34.173130,2040490,171841,108399,171841,12127,171841,525,171841,44,171841,112,171841,54,211282,137,20.027436700009275
6,6,,2026-07-31T08:07:54.201380,2043056,171621,108181,171621,12337,171621,521,171621,65,171621,79,171621,57,210548,130,20.028670600033365
6,6,,2026-07-31T08:08:14.227633,2039801,171964,108084,171964,12326,171964,512,171964,40,171964,82,171964,46,211605,132,20.02659289998701
6,6,,2026-07-31T08:08:34.254134,2040131,172364,108870,172364,12234,172364,505,172364,79,172364,74,172364,63,211331,139,20.02689860004466
6,6,,2026-07-31T08:08:54.282799,2041236,172178,107921,172178,12379,172178,502,172178,61,172178,94,172178,54,211218,127,20.028967800026294
6,6,,2026-07-31T08:09:14.310473,2038132,171518,108092,171518,12306,171518,503,171518,54,171518,93,171518,65,211624,145,20.02798180002719
6,6,,2026-07-31T08:09:34.335574,2036720,171863,108239,171863,12275,171863,508,171863,60,171863,87,171863,51,211334,134,20.025522899988573
6,6,,2026-07-31T08:09:54.362231,2036329,172058,108252,172058,12335,172058,493,172058,54,172058,98,172058,41,210187,128,20.02719029999571
6,6,,2026-07-31T08:10:14.391018,2037823,171204,107929,171204,12367,171204,512,171204,50,171204,83,171204,38,210246,122,20.029181600024458
6,6,,2026-07-31T08:10:34.419680,2034908,171844,108698,171844,12478,171844,462,171845,45,171845,89,171845,45,211467,151,20.02901679999195
6,6,,2026-07-31T08:10:54.447191,2036802,171451,108288,171451,12334,171451,495,171450,62,171450,87,171450,40,210865,131,20.027824499993585
6,6,,2026-07-31T08:11:14.477515,2034547,171988,108142,171988,12329,171988,469,171988,49,171988,82,171988,45,210701,115,20.0307107999688
6,6,,2026-07-31T08:11:34.505330,2035199,171593,107894,171593,12412,171593,479,171593,58,171593,83,171593,33,210967,135,20.028126999968663
6,6,,2026-07-31T08:11:54.532901,2034607,171867,108153,171867,12359,171867,476,171867,41,171867,91,171867,47,210950,124,20.02784769999562
6,6,,2026-07-31T08:12:14.561499,2034028,172334,108742,172334,12380,172334,523,172334,61,172334,93,172334,40,210515,153,20.028883999970276
6,6,,2026-07-31T08:12:34.590974,2032263,172143,108544,172143,12424,172143,543,172143,53,172143,102,172143,41,210736,129,20.029730500013102
6,6,,2026-07-31T08:12:54.619364,2032493,172780,109185,172780,12364,172780,500,172780,50,172780,85,172780,50,210963,117,20.028720700007398
6,6,,2026-07-31T08:13:14.649304,2031934,173037,109308,173037,12279,173037,482,173037,58,173037,99,173037,46,211551,143,20.03023800003575
6,6,,2026-07-31T08:13:34.675676,2031038,172146,108619,172146,12533,172146,467,172146,48,172146,94,172146,52,211253,139,20.02657020004699
6,6,,2026-07-31T08:13:54.703569,2028221,172170,108285,172170,12433,172170,513,172170,52,172170,101,172170,44,211272,145,20.028257700032555
6,6,,2026-07-31T08:14:14.731849,2030151,171696,108319,171696,12339,171696,532,171696,62,171696,92,171696,38,212664,147,20.028540099970996
6,6,,2026-07-31T08:14:34.760741,2030328,172292,108496,172292,12478,172292,512,172292,51,172292,78,172292,41,211809,122,20.029171200003475
