N,input_state,basis,time,herald,singles_ch2,coinc_ch2,singles_ch4,coinc_ch4,singles_ch6,coinc_ch6,singles_ch8,coinc_ch8,singles_ch10,coinc_ch10,singles_ch7,coinc_ch7,int_time
5,0,,2026-07-30T12:27:54.493274,105984,3884,974,3884,654,3884,190,3884,35,3884,0,9272,3,1.0276476000144612
5,0,,2026-07-30T12:27:55.521039,106996,3895,1014,3895,661,3895,207,3895,48,3895,0,9452,4,1.0274522000108846
5,0,,2026-07-30T12:27:56.550301,106596,3811,964,3811,677,3811,172,3811,49,3811,0,9354,5,1.028995800006669
5,0,,2026-07-30T12:27:57.590131,106640,3893,1003,3893,660,3893,189,3893,45,3893,1,9247,5,1.0396174999768846
5,0,,2026-07-30T12:27:58.638573,110585,3982,1034,3982,656,3982,180,3982,46,3982,2,9798,5,1.0272649999824353
5,0,,2026-07-30T12:27:59.667381,106487,3840,1000,3840,617,3840,192,3840,48,3840,0,9212,2,1.028493099991465
5,0,,2026-07-30T12:28:00.696261,106815,3749,1011,3749,611,3749,150,3749,43,3749,0,9643,4,1.0285030000086408
5,0,,2026-07-30T12:28:01.725660,107108,3890,1004,3890,637,3890,180,3890,45,3890,0,9397,1,1.028978200018173
5,0,,2026-07-30T12:28:02.754854,106878,3871,987,3871,671,3871,201,3871,50,3871,3,9555,2,1.0289303000026848
5,0,,2026-07-30T12:28:03.784606,106702,3830,995,3830,631,3830,191,3830,36,3830,0,9376,6,1.0293339000199921
5,0,,2026-07-30T12:28:04.813140,106431,3906,966,3906,654,3906,175,3906,42,3906,1,9489,6,1.0281626000069082
5,0,,2026-07-30T12:28:05.843155,106734,3753,979,3753,633,3753,157,3753,37,3753,0,9354,5,1.0297051999950781
5,0,,2026-07-30T12:28:06.873224,106986,3874,981,3874,654,3874,176,3874,33,3874,2,9444,0,1.0297749000019394
5,0,,2026-07-30T12:28:07.903477,107100,3894,992,3894,674,3894,208,3894,41,3894,0,9526,3,1.0299554000084754
5,0,,2026-07-30T12:28:08.932633,106744,3795,954,3795,658,3795,171,3795,39,3795,1,9688,2,1.0286697999981698
5,0,,2026-07-30T12:28:09.962441,105857,3848,966,3848,644,3848,187,3848,41,3848,2,9445,7,1.029428600013489
5,0,,2026-07-30T12:28:10.991419,106832,3820,976,3820,645,3820,198,3820,43,3820,2,9502,9,1.0284430999890901
5,0,,2026-07-30T12:28:12.020447,106378,3815,926,3815,632,3815,198,3815,49,3815,1,9436,5,1.0287793000170495
5,0,,2026-07-30T12:28:13.050016,106511,3904,1025,3904,667,3904,182,3904,42,3904,2,9626,5,1.0291617999901064
5,0,,2026-07-30T12:28:14.079862,106822,3855,965,3855,676,3855,159,3855,46,3855,3,9645,4,1.0294050999800675
5,0,,2026-07-30T12:28:15.109139,107055,3718,943,3718,630,3718,147,3718,35,3718,2,9448,9,1.028704700001981
5,0,,2026-07-30T12:28:16.138500,106635,3930,1022,3930,703,3930,226,3930,31,3930,2,9424,3,1.0288918000005651
5,0,,2026-07-30T12:28:17.168024,106699,3882,993,3882,685,3882,181,3882,33,3882,2,9487,3,1.0291717000072822
5,0,,2026-07-30T12:28:18.197030,106464,3872,1028,3872,659,3872,180,3872,49,3872,1,9558,4,1.0286771999963094
5,0,,2026-07-30T12:28:19.226387,107128,3836,1030,3836,621,3836,172,3836,34,3836,1,9579,7,1.0289930000144523
5,0,,2026-07-30T12:28:20.255842,107076,3849,1011,3849,674,3849,186,3849,41,3849,2,9478,1,1.0291093999985605
5,0,,2026-07-30T12:28:21.284778,106464,3939,1054,3939,631,3939,182,3939,42,3939,4,9595,7,1.02852220000932
5,0,,2026-07-30T12:28:22.314440,106475,3879,996,3879,646,3879,168,3879,46,3879,1,9410,4,1.0291189000126906
5,0,,2026-07-30T12:28:23.344373,106567,3979,1013,3979,651,3979,206,3979,52,3979,1,9553,6,1.0293813000025693
5,0,,2026-07-30T12:28:24.372549,106540,3796,957,3796,661,3796,188,3796,40,3796,0,9676,9,1.027793399989605
5,0,,2026-07-30T12:28:25.400747,106503,3840,976,3840,634,3840,192,3840,42,3840,3,9591,8,1.0279419000144117
5,0,,2026-07-30T12:28:26.428969,107094,3807,1002,3807,605,3807,187,3807,33,3807,2,9392,4,1.0279332000063732
5,0,,2026-07-30T12:28:27.458784,106844,3841,999,3841,647,3841,202,3841,44,3841,4,9583,3,1.0294509999803267
5,0,,2026-07-30T12:28:28.488418,106606,3891,987,3891,610,3891,208,3891,58,3891,2,9580,7,1.029456599993864
5,0,,2026-07-30T12:28:29.517662,106824,4008,1032,4008,685,4008,182,4008,48,4008,3,9370,9,1.028890899993712
5,0,,2026-07-30T12:28:30.546332,106607,3956,1032,3956,617,3956,191,3956,42,3956,1,9468,9,1.0282357999822125
5,0,,2026-07-30T12:28:31.574873,106905,3773,988,3773,610,3773,166,3773,39,3773,1,9263,8,1.0281065999879502
5,0,,2026-07-30T12:28:32.603927,106586,3804,1000,3804,654,3804,174,3804,35,3804,2,9371,6,1.0286327000067104
5,0,,2026-07-30T12:28:33.633318,106345,3820,996,3820,638,3820,174,3820,47,3820,3,9424,6,1.0290774999884889
5,0,,2026-07-30T12:28:34.662394,106333,3902,1053,3902,607,3902,199,3902,39,3902,4,9443,8,1.0287185999914072
5,0,,2026-07-30T12:28:35.691704,105889,3818,921,3818,679,3818,161,3818,49,3818,4,9558,3,1.0288522000191733
5,0,,2026-07-30T12:28:36.720635,106601,3914,991,3914,652,3914,178,3914,43,3914,0,9301,3,1.0285233000176959
5,0,,2026-07-30T12:28:37.750108,107038,3828,951,3828,629,3828,192,3828,40,3828,1,9591,6,1.0290839000081178
5,0,,2026-07-30T12:28:38.778802,106394,3885,1001,3885,638,3885,176,3885,46,3885,3,9464,4,1.0283936000196263
5,0,,2026-07-30T12:28:39.809329,106870,3949,979,3949,682,3949,180,3949,51,3949,2,9514,6,1.0301436000154354
5,0,,2026-07-30T12:28:40.838290,107040,3843,981,3843,645,3843,168,3843,42,3843,1,9649,3,1.0287434000056237
5,0,,2026-07-30T12:28:41.866250,106604,3924,1008,3924,712,3924,174,3924,41,3924,0,9466,4,1.027545699995244
5,0,,2026-07-30T12:28:42.894416,105940,3835,992,3835,621,3835,184,3835,45,3835,2,9466,2,1.027923899993766
5,0,,2026-07-30T12:28:43.922669,106280,3855,990,3855,649,3855,198,3855,37,3855,0,9424,5,1.027781300013885
5,0,,2026-07-30T12:28:44.951089,106489,3836,974,3836,635,3836,178,3836,49,3836,0,9324,6,1.0280407999816816
5,0,,2026-07-30T12:28:45.978800,106232,3825,1006,3825,601,3825,179,3825,41,3825,2,9474,6,1.0273577000189107
5,0,,2026-07-30T12:28:47.007391,106547,3825,987,3825,614,3825,179,3825,43,3825,1,9518,4,1.0282247999857645
5,0,,2026-07-30T12:28:48.034406,106802,3832,946,3832,641,3832,206,3832,40,3832,1,9411,6,1.0266164000204299
5,0,,2026-07-30T12:28:49.063260,106377,3798,948,3798,686,3798,179,3798,42,3798,1,9249,3,1.028693900007056
5,0,,2026-07-30T12:28:50.093185,107174,3969,972,3969,663,3969,188,3969,44,3969,2,9514,8,1.0295620000106283
5,0,,2026-07-30T12:28:51.122651,106682,3880,983,3880,628,3880,183,3880,51,3880,0,9487,7,1.028999100002693
5,0,,2026-07-30T12:28:52.151633,107194,3836,1004,3836,668,3836,180,3836,35,3836,2,9214,5,1.028557199984789
5,0,,2026-07-30T12:28:53.181861,106440,3848,962,3848,637,3848,185,3848,46,3848,2,9571,9,1.0298074999882374
5,0,,2026-07-30T12:28:54.211257,106527,3884,912,3884,655,3884,190,3884,44,3884,2,9519,6,1.0290676000004169
5,0,,2026-07-30T12:28:55.240159,106964,3865,973,3865,633,3865,175,3865,37,3865,2,9549,7,1.0284340999787673
5,0,,2026-07-30T12:28:56.269812,106708,3928,1035,3928,629,3928,180,3928,38,3928,1,9559,6,1.0293072999920696
5,0,,2026-07-30T12:28:57.300409,107124,4005,1061,4005,700,4005,175,4005,41,4005,1,9520,6,1.0300540000025649
5,0,,2026-07-30T12:28:58.330460,107002,3967,999,3967,684,3967,200,3967,55,3967,1,9588,6,1.0295840999751817
5,0,,2026-07-30T12:28:59.360252,106816,3869,983,3869,655,3869,183,3869,44,3869,2,9436,4,1.0294107999943662
5,0,,2026-07-30T12:29:00.388723,107019,3769,1008,3769,667,3769,173,3769,37,3769,1,9554,6,1.0280206000024918
5,0,,2026-07-30T12:29:01.420770,106739,3795,1022,3795,680,3795,180,3795,50,3795,1,9355,7,1.0316563000087626
5,0,,2026-07-30T12:29:02.450093,106523,3842,1049,3842,621,3842,192,3842,37,3842,1,9272,9,1.0289389000099618
5,0,,2026-07-30T12:29:03.478762,106305,3862,970,3862,624,3862,186,3862,47,3862,1,9576,8,1.0283264000026975
5,0,,2026-07-30T12:29:04.507396,105916,3851,1009,3851,689,3851,189,3851,35,3851,2,9443,3,1.028280700003961
5,0,,2026-07-30T12:29:05.536614,106684,3838,955,3838,621,3838,161,3838,35,3838,4,9503,5,1.028759100008756
5,0,,2026-07-30T12:29:06.567141,106804,3772,957,3772,683,3772,174,3772,44,3772,2,9433,1,1.030132300016703
5,0,,2026-07-30T12:29:07.596750,106289,3802,967,3802,663,3802,176,3802,43,3802,2,9366,6,1.0292149000160862
5,0,,2026-07-30T12:29:08.625105,106848,3886,1040,3886,634,3886,173,3886,44,3886,0,9412,5,1.0281929999764543
5,0,,2026-07-30T12:29:09.655780,106363,3847,992,3847,648,3847,209,3847,45,3847,2,9428,4,1.0302602000010666
5,0,,2026-07-30T12:29:10.685160,106917,3868,1007,3868,667,3868,193,3868,40,3868,2,9396,8,1.0289182999986224
5,0,,2026-07-30T12:29:11.714808,106583,3916,1080,3916,621,3916,191,3916,42,3916,3,9560,4,1.0292287000047509
5,0,,2026-07-30T12:29:12.743798,106539,3812,998,3812,598,3812,197,3812,37,3812,3,9426,4,1.0286790000100154
5,0,,2026-07-30T12:29:13.772856,107041,3876,1016,3876,645,3876,175,3876,40,3876,2,9464,3,1.0287438000086695
5,0,,2026-07-30T12:29:14.802067,106646,3893,971,3893,680,3893,196,3893,37,3893,3,9631,5,1.0289201000123285
5,0,,2026-07-30T12:29:15.830122,106688,3878,1013,3878,648,3878,208,3878,46,3878,4,9551,6,1.027663000015309
5,0,,2026-07-30T12:29:16.859973,107041,3851,942,3851,702,3851,193,3851,52,3851,1,9436,5,1.0294440999859944
5,0,,2026-07-30T12:29:17.889180,106854,3763,1006,3763,624,3763,169,3763,41,3763,1,9507,5,1.0287160000007134
5,0,,2026-07-30T12:29:18.919064,106617,3825,971,3825,636,3825,182,3825,30,3825,1,9410,9,1.0293081999989226
5,0,,2026-07-30T12:29:19.946944,107075,3750,1012,3750,601,3750,164,3750,41,3750,0,9400,3,1.027514000015799
5,0,,2026-07-30T12:29:20.975580,106620,3860,970,3860,655,3860,196,3860,25,3860,2,9379,2,1.0283481999940705
5,0,,2026-07-30T12:29:22.004800,106893,3834,1012,3834,641,3834,182,3834,36,3834,1,9368,8,1.0288213999883737
5,0,,2026-07-30T12:29:23.033332,106529,3820,1022,3820,599,3820,175,3820,48,3820,2,9354,3,1.0282339999976102
5,0,,2026-07-30T12:29:24.061601,106395,3720,938,3720,598,3720,166,3720,44,3720,0,9488,4,1.0278774999896996
5,0,,2026-07-30T12:29:25.091379,106780,3902,1006,3902,679,3902,189,3902,39,3902,0,9252,6,1.0295764000038616
5,0,,2026-07-30T12:29:26.120655,106539,3790,986,3790,687,3790,160,3790,42,3790,0,9347,3,1.0288438000134192
5,0,,2026-07-30T12:29:27.149869,106733,3855,1035,3855,646,3855,184,3855,33,3855,2,9494,5,1.028802499989979
5,0,,2026-07-30T12:29:28.179051,106684,3952,1028,3952,658,3952,181,3952,50,3952,0,9540,8,1.0288159000047017
5,0,,2026-07-30T12:29:29.208129,106525,3797,984,3797,636,3797,159,3797,35,3797,4,9387,10,1.0286811999976635
5,0,,2026-07-30T12:29:30.236763,106647,3889,983,3889,697,3889,190,3889,46,3889,0,9447,4,1.028300300007686
5,0,,2026-07-30T12:29:31.266492,107009,3797,950,3797,681,3797,175,3797,47,3797,3,9453,6,1.0293158999993466
5,0,,2026-07-30T12:29:32.296839,106803,3770,980,3770,613,3770,170,3770,30,3770,2,9435,4,1.0293898000090849
5,0,,2026-07-30T12:29:33.325522,106786,3829,963,3829,632,3829,187,3829,40,3829,0,9528,1,1.028094899986172
5,0,,2026-07-30T12:29:34.353144,106791,3870,1035,3870,633,3870,209,3870,33,3870,0,9534,7,1.0273656000208575
5,0,,2026-07-30T12:29:35.382365,106790,3842,991,3842,674,3842,165,3842,42,3842,1,9624,3,1.0289411999983713
5,0,,2026-07-30T12:29:36.410796,106273,3857,957,3857,661,3857,194,3857,51,3857,2,9390,5,1.0282637000200339
5,0,,2026-07-30T12:29:37.439332,106607,3845,912,3845,640,3845,180,3845,46,3845,1,9459,7,1.0281807999999728
5,0,,2026-07-30T12:29:38.467957,106796,3743,1023,3743,648,3743,168,3743,46,3743,1,9459,9,1.028218299994478
5,0,,2026-07-30T12:29:39.496647,107386,3940,1037,3940,640,3940,198,3940,50,3940,1,9446,4,1.0282619000063278
5,0,,2026-07-30T12:29:40.525463,106898,3936,1039,3936,647,3936,178,3936,35,3936,4,9484,4,1.028478099993663
5,0,,2026-07-30T12:29:41.554398,106581,3912,1012,3912,685,3912,207,3912,33,3912,0,9387,5,1.0285941000038292
5,0,,2026-07-30T12:29:42.585487,106653,3834,972,3834,631,3834,211,3834,36,3834,2,9398,7,1.0306566000217572
5,0,,2026-07-30T12:29:43.614361,106183,3870,1011,3870,570,3870,191,3870,44,3870,2,9449,6,1.0283284000179265
5,0,,2026-07-30T12:29:44.643259,106622,3880,1016,3880,613,3880,160,3880,52,3880,0,9442,0,1.0285295999783557
5,0,,2026-07-30T12:29:45.672524,106603,3789,968,3789,633,3789,196,3789,37,3789,3,9368,5,1.0288263999973424
5,0,,2026-07-30T12:29:46.701398,106659,3895,991,3895,681,3895,189,3895,41,3895,0,9510,7,1.0285390999924857
5,0,,2026-07-30T12:29:47.730483,106954,3951,1004,3951,687,3951,184,3951,43,3951,0,9384,8,1.0286398000025656
5,0,,2026-07-30T12:29:48.757646,106490,3835,945,3835,657,3835,170,3835,52,3835,0,9576,6,1.0267779999994673
5,0,,2026-07-30T12:29:49.786122,106433,3863,1007,3863,658,3863,178,3863,53,3863,3,9495,8,1.0282049999805167
5,0,,2026-07-30T12:29:50.815564,106876,3894,1013,3894,653,3894,182,3894,41,3894,3,9430,2,1.029102900007274
5,0,,2026-07-30T12:29:51.843461,106900,3951,1043,3951,665,3951,200,3951,47,3951,1,9552,6,1.0275913999939803
5,0,,2026-07-30T12:29:52.873277,106726,3783,986,3783,645,3783,198,3783,48,3783,1,9490,3,1.0292698999983259
5,0,,2026-07-30T12:29:53.902862,106338,3908,990,3908,649,3908,193,3908,36,3908,1,9416,9,1.0291273000184447
5,0,,2026-07-30T12:29:54.932344,106550,3863,1011,3863,583,3863,184,3863,48,3863,2,9335,5,1.0290593999961857
5,0,,2026-07-30T12:29:55.960864,106274,3815,960,3815,626,3815,182,3815,43,3815,1,9423,1,1.0281796999915969
5,0,,2026-07-30T12:29:56.990344,106602,3822,985,3822,631,3822,184,3822,48,3822,3,9546,3,1.0290595999977086
5,0,,2026-07-30T12:29:58.020482,106719,3866,1006,3866,657,3866,208,3866,44,3866,2,9455,3,1.0296972000214737
5,0,,2026-07-30T12:29:59.049332,107033,3842,943,3842,634,3842,197,3842,44,3842,1,9647,3,1.0283739999867976
5,0,,2026-07-30T12:30:00.076406,106450,3831,972,3831,647,3831,191,3831,43,3831,3,9319,3,1.0267202999966685
5,0,,2026-07-30T12:30:01.103153,106796,3846,1001,3846,611,3846,186,3846,48,3846,1,9445,7,1.0264758999983314
5,0,,2026-07-30T12:30:02.131642,106091,3697,961,3697,599,3697,172,3697,34,3697,1,9537,6,1.028247400012333
5,0,,2026-07-30T12:30:03.161240,107090,3790,998,3790,623,3790,169,3790,43,3790,2,9520,3,1.0293271999980789
5,0,,2026-07-30T12:30:04.190471,106708,3869,991,3869,609,3869,177,3869,55,3869,1,9393,3,1.0288312000047881
5,0,,2026-07-30T12:30:05.219727,107287,3797,1079,3797,619,3797,167,3797,44,3797,2,9454,8,1.0287662999762688
5,0,,2026-07-30T12:30:06.249235,106373,3819,966,3819,643,3819,167,3819,43,3819,0,9422,2,1.0291791000054218
5,0,,2026-07-30T12:30:07.278363,107220,3975,1002,3975,679,3975,199,3975,30,3975,1,9390,7,1.0287724999943748
5,0,,2026-07-30T12:30:08.307924,106607,3849,1006,3849,668,3849,174,3849,48,3849,0,9307,10,1.0291875999828335
5,0,,2026-07-30T12:30:09.336507,107077,3824,990,3824,615,3824,206,3824,37,3824,1,9411,4,1.0281938000116497
5,0,,2026-07-30T12:30:10.364571,106549,3853,933,3853,693,3853,188,3853,39,3853,1,9507,7,1.027708999987226
5,0,,2026-07-30T12:30:11.393008,106369,3918,1030,3918,651,3918,199,3918,40,3918,0,9418,6,1.0282475000130944
5,0,,2026-07-30T12:30:12.420129,106826,3807,995,3807,624,3807,189,3807,42,3807,3,9576,4,1.0267282999993768
5,0,,2026-07-30T12:30:13.450650,106698,3876,1006,3876,642,3876,185,3876,46,3876,2,9416,7,1.0301788999931887
5,0,,2026-07-30T12:30:14.478005,106237,3863,984,3863,675,3863,186,3863,41,3863,5,9574,5,1.0269326999841724
5,0,,2026-07-30T12:30:15.507370,106605,3850,934,3850,625,3850,199,3850,42,3850,3,9327,12,1.0291144000075292
5,0,,2026-07-30T12:30:16.534718,106984,3729,961,3729,624,3729,165,3729,46,3729,2,9466,3,1.0270453999983147
5,0,,2026-07-30T12:30:17.563560,106357,3904,1007,3904,646,3904,204,3904,45,3904,4,9411,6,1.0286782000039238
5,0,,2026-07-30T12:30:18.592870,106704,3944,1008,3944,668,3944,195,3944,52,3944,1,9418,7,1.0288599999912549
5,0,,2026-07-30T12:30:19.620186,107148,3959,1029,3959,664,3959,179,3959,38,3959,0,9408,6,1.0269296999904327
5,0,,2026-07-30T12:30:20.650560,107001,3956,1001,3956,672,3956,197,3956,55,3956,3,9469,7,1.0299798999913037
5,0,,2026-07-30T12:30:21.679035,106415,3846,1032,3846,640,3846,158,3846,37,3846,2,9475,4,1.0281493999937084
5,0,,2026-07-30T12:30:22.707392,106684,3881,995,3881,674,3881,163,3881,38,3881,3,9264,3,1.0280218999832869
5,0,,2026-07-30T12:30:23.736473,106588,3754,1019,3754,580,3754,152,3754,33,3754,0,9273,3,1.0288119000033475
5,0,,2026-07-30T12:30:24.764436,106744,3869,1011,3869,610,3869,193,3869,47,3869,1,9624,5,1.027802900003735
5,0,,2026-07-30T12:30:25.791548,106051,3888,981,3888,673,3888,173,3888,36,3888,0,9502,6,1.0268279000010807
5,0,,2026-07-30T12:30:26.818907,106404,3858,1006,3858,617,3858,198,3858,40,3858,2,9606,6,1.0270559000200592
5,0,,2026-07-30T12:30:27.847150,106205,3779,1029,3779,614,3779,177,3779,37,3779,0,9370,9,1.0280254000099376
5,0,,2026-07-30T12:30:28.906691,109530,4043,1054,4043,703,4043,174,4043,40,4043,1,9671,5,1.0591522000031546
5,0,,2026-07-30T12:30:29.936512,106540,3852,1007,3852,624,3852,165,3852,41,3852,2,9445,8,1.02935629998683
5,0,,2026-07-30T12:30:30.965158,106089,3976,1056,3976,635,3976,197,3976,46,3976,1,9501,7,1.0282742999843322
5,0,,2026-07-30T12:30:31.994167,106526,3843,1014,3843,654,3843,184,3843,39,3843,1,9416,4,1.0286902000079863
5,0,,2026-07-30T12:30:33.022060,106626,3841,1042,3841,659,3841,192,3841,51,3841,2,9478,5,1.0274926999991294
5,0,,2026-07-30T12:30:34.051911,106562,3790,997,3790,679,3790,180,3790,42,3790,0,9390,5,1.0294962000043597
5,0,,2026-07-30T12:30:35.080838,107145,3936,1012,3936,640,3936,211,3936,47,3936,2,9407,2,1.0285701999964658
5,0,,2026-07-30T12:30:36.110284,106620,3837,1018,3837,645,3837,171,3837,46,3837,0,9626,7,1.0291105000069365
5,0,,2026-07-30T12:30:37.139585,106510,3958,1022,3958,682,3958,175,3958,28,3958,1,9452,6,1.0289358999871183
5,0,,2026-07-30T12:30:38.168530,107205,3809,1020,3809,630,3809,175,3809,37,3809,1,9389,3,1.0284585999906994
5,0,,2026-07-30T12:30:39.197073,107192,3805,976,3805,646,3805,155,3805,44,3805,0,9601,4,1.0281910999910906
5,0,,2026-07-30T12:30:40.225781,106366,3901,994,3901,648,3901,176,3901,47,3901,1,9455,5,1.0284146000049077
5,0,,2026-07-30T12:30:41.254134,106376,3779,984,3779,674,3779,173,3779,46,3779,2,9347,5,1.0280343999911565
5,0,,2026-07-30T12:30:42.283896,106012,3814,960,3814,632,3814,178,3814,30,3814,0,9438,6,1.0294341999979224
5,0,,2026-07-30T12:30:43.311746,106817,3748,949,3748,645,3748,176,3748,52,3748,3,9567,6,1.0274232999945525
5,0,,2026-07-30T12:30:44.341108,106742,3910,996,3910,654,3910,191,3910,59,3910,2,9537,2,1.0290874000056647
5,0,,2026-07-30T12:30:45.371843,106414,3830,981,3830,659,3830,186,3830,52,3830,2,9498,1,1.030348000000231
5,0,,2026-07-30T12:30:46.400717,106969,3947,1014,3947,665,3947,192,3947,55,3947,3,9615,2,1.028403000003891
5,0,,2026-07-30T12:30:47.430077,106708,3861,1032,3861,625,3861,166,3861,35,3861,3,9604,5,1.0289951000013389
5,0,,2026-07-30T12:30:48.460038,106627,3931,1011,3931,686,3931,177,3931,45,3931,5,9445,5,1.0295168999873567
5,0,,2026-07-30T12:30:49.488809,106810,3801,989,3801,654,3801,170,3801,51,3801,2,9333,3,1.0283858999900986
5,0,,2026-07-30T12:30:50.519337,107363,3815,966,3815,673,3815,183,3815,37,3815,1,9459,2,1.0302035999775399
5,0,,2026-07-30T12:30:51.547600,107154,3906,971,3906,675,3906,200,3906,41,3906,1,9458,6,1.027893899998162
5,0,,2026-07-30T12:30:52.574462,106580,3970,992,3970,640,3970,213,3970,44,3970,0,9529,5,1.0266761000093538
5,0,,2026-07-30T12:30:53.604614,106877,3809,971,3809,631,3809,196,3809,33,3809,3,9476,3,1.0298422999912873
5,0,,2026-07-30T12:30:54.634941,106685,3787,959,3787,639,3787,212,3787,32,3787,0,9654,2,1.0299314000003505
5,0,,2026-07-30T12:30:55.665824,106191,3903,1010,3903,665,3903,181,3903,46,3903,0,9531,7,1.0302814999886323
5,0,,2026-07-30T12:30:56.695106,107460,3998,1038,3998,690,3998,190,3998,54,3998,2,9442,6,1.028928999992786
5,0,,2026-07-30T12:30:57.724945,106925,3887,975,3887,662,3887,139,3887,45,3887,2,9302,10,1.0294762999983504
5,0,,2026-07-30T12:30:58.753951,106618,3893,975,3893,614,3893,172,3893,44,3893,1,9335,9,1.0286276999977417
5,0,,2026-07-30T12:30:59.783663,106684,3895,1075,3895,638,3895,185,3895,43,3895,2,9368,4,1.0292774999979883
5,0,,2026-07-30T12:31:00.814585,106823,3872,1030,3872,651,3872,191,3872,46,3872,1,9671,4,1.0304663999995682
5,0,,2026-07-30T12:31:01.844431,107541,3796,1005,3796,624,3796,188,3796,37,3796,0,9659,2,1.0293318999756593
5,0,,2026-07-30T12:31:02.874049,106205,3817,1009,3817,644,3817,194,3817,48,3817,2,9328,4,1.0291539000172634
5,0,,2026-07-30T12:31:03.905243,106787,3735,944,3735,634,3735,156,3735,46,3735,0,9486,9,1.0307820000161882
5,0,,2026-07-30T12:31:04.934661,106637,3870,1006,3870,642,3870,179,3870,45,3870,1,9389,6,1.028999100002693
5,0,,2026-07-30T12:31:05.963583,106520,3909,1000,3909,718,3909,177,3909,41,3909,1,9538,5,1.028494199999841
5,0,,2026-07-30T12:31:06.991982,106572,3897,974,3897,673,3897,188,3897,41,3897,2,9528,7,1.027994400006719
5,0,,2026-07-30T12:31:08.020810,106793,3832,980,3832,623,3832,197,3832,40,3832,1,9254,3,1.028419300011592
5,0,,2026-07-30T12:31:09.049919,106502,3895,988,3895,644,3895,168,3895,49,3895,2,9520,5,1.028725599986501
5,0,,2026-07-30T12:31:10.078394,106423,3808,910,3808,635,3808,171,3808,41,3808,1,9430,8,1.0279875000123866
5,0,,2026-07-30T12:31:11.107879,106648,3888,1011,3888,659,3888,200,3888,50,3888,4,9281,3,1.0290979999990668
5,0,,2026-07-30T12:31:12.136952,105946,3779,950,3779,603,3779,189,3779,45,3779,0,9412,4,1.0287680000183173
5,0,,2026-07-30T12:31:13.164265,106840,3952,1020,3952,624,3952,192,3952,36,3952,3,9474,7,1.0272138000000268
5,0,,2026-07-30T12:31:14.191653,106769,3848,972,3848,670,3848,169,3848,35,3848,0,9341,3,1.0270974999875762
5,0,,2026-07-30T12:31:15.219286,106129,3800,969,3800,644,3800,169,3800,42,3800,1,9410,5,1.027423399995314
5,0,,2026-07-30T12:31:16.248336,106364,3897,1026,3897,655,3897,170,3897,43,3897,1,9433,4,1.0286750000086613
5,0,,2026-07-30T12:31:17.277391,106122,3826,991,3826,639,3826,190,3826,42,3826,2,9296,5,1.0286756999848876
5,0,,2026-07-30T12:31:18.306763,107374,3827,1024,3827,643,3827,211,3827,48,3827,1,9499,12,1.0289850999834016
5,0,,2026-07-30T12:31:19.336720,106478,3935,982,3935,672,3935,211,3935,35,3935,0,9492,1,1.0296073000063188
5,0,,2026-07-30T12:31:20.366506,107217,3911,1024,3911,671,3911,187,3911,37,3911,1,9458,8,1.0291888999927323
5,0,,2026-07-30T12:31:21.396024,106598,3859,968,3859,645,3859,207,3859,37,3859,3,9425,6,1.0290482999989763
5,0,,2026-07-30T12:31:22.425915,107140,3850,1046,3850,604,3850,176,3850,35,3850,1,9489,3,1.0294404000160284
5,0,,2026-07-30T12:31:23.455161,106571,3826,999,3826,656,3826,185,3826,35,3826,1,9578,8,1.028870400012238
5,0,,2026-07-30T12:31:24.482130,105895,3835,986,3835,627,3835,176,3835,44,3835,1,9537,5,1.0266788000008091
5,0,,2026-07-30T12:31:25.512480,106585,3891,971,3891,629,3891,188,3891,42,3891,1,9307,4,1.0300469000067096
5,0,,2026-07-30T12:31:26.540748,106502,3975,1018,3975,697,3975,202,3975,48,3975,0,9469,5,1.027906700008316
5,0,,2026-07-30T12:31:27.571530,106429,3929,1010,3929,645,3929,200,3929,36,3929,0,9390,3,1.030365000013262
5,0,,2026-07-30T12:31:28.602591,107116,3970,1008,3970,681,3970,193,3970,51,3970,4,9504,4,1.0305064000131097
5,0,,2026-07-30T12:31:29.631899,107214,3970,1016,3970,700,3970,172,3970,51,3970,0,9791,6,1.028865100000985
5,0,,2026-07-30T12:31:30.661358,106063,3839,1006,3839,614,3839,191,3839,36,3839,2,9260,8,1.0291541999904439
5,0,,2026-07-30T12:31:31.691395,106941,3835,988,3835,620,3835,190,3835,43,3835,1,9342,4,1.0296726000087801
5,0,,2026-07-30T12:31:32.720238,106810,3842,982,3842,668,3842,169,3842,50,3842,0,9286,7,1.028462500020396
5,0,,2026-07-30T12:31:33.749933,106256,3796,975,3796,645,3796,165,3796,50,3796,1,9481,3,1.0293746999814175
5,0,,2026-07-30T12:31:34.777717,105956,3903,1037,3903,661,3903,188,3903,45,3903,1,9413,6,1.0273426000203472
5,0,,2026-07-30T12:31:35.807530,105987,3748,999,3748,661,3748,180,3748,42,3748,0,9413,11,1.0293889000022318
5,0,,2026-07-30T12:31:36.836494,106745,3863,1009,3863,669,3863,197,3863,50,3863,2,9440,4,1.0286113999900408
5,0,,2026-07-30T12:31:37.866830,106733,3842,1021,3842,601,3842,172,3842,45,3842,2,9357,8,1.0298360000015236
5,0,,2026-07-30T12:31:38.894893,106814,3795,950,3795,621,3795,159,3795,36,3795,1,9672,7,1.027391199982958
5,0,,2026-07-30T12:31:39.924709,106066,3837,989,3837,651,3837,208,3837,41,3837,4,9332,7,1.0294563999923412
5,0,,2026-07-30T12:31:40.955351,106783,3874,1003,3874,653,3874,187,3874,41,3874,2,9548,6,1.0301565999980085
5,0,,2026-07-30T12:31:41.984801,107046,3846,980,3846,631,3846,204,3846,50,3846,0,9559,3,1.0290702999918722
5,0,,2026-07-30T12:31:43.013522,106322,3912,1035,3912,645,3912,193,3912,46,3912,1,9316,5,1.028301799990004
5,0,,2026-07-30T12:31:44.042251,106418,3845,1007,3845,619,3845,173,3845,47,3845,3,9607,5,1.0282754999934696
5,0,,2026-07-30T12:31:45.071807,106810,3841,1002,3841,625,3841,167,3841,38,3841,2,9419,6,1.0291567999811377
5,0,,2026-07-30T12:31:46.102210,106826,3861,958,3861,679,3861,198,3861,42,3861,0,9499,3,1.0299953000212554
5,0,,2026-07-30T12:31:47.129070,106778,3827,1025,3827,638,3827,190,3827,34,3827,1,9464,4,1.026698400004534
5,0,,2026-07-30T12:31:48.159764,106356,3863,1009,3863,669,3863,190,3863,61,3863,1,9325,1,1.030360099975951
5,0,,2026-07-30T12:31:49.189259,106315,3940,1043,3940,661,3940,167,3940,42,3940,1,9298,4,1.029162399994675
5,0,,2026-07-30T12:31:50.217269,106927,3798,950,3798,655,3798,178,3798,47,3798,0,9552,4,1.0276098999893293
5,0,,2026-07-30T12:31:51.242617,106258,3849,949,3849,689,3849,194,3849,37,3849,3,9501,4,1.0251578000024892
5,0,,2026-07-30T12:31:52.269828,105642,3818,1025,3818,649,3818,175,3818,33,3818,2,9386,3,1.027073899982497
5,0,,2026-07-30T12:31:53.297837,106373,3803,971,3803,652,3803,177,3803,36,3803,2,9308,5,1.02778259999468
5,0,,2026-07-30T12:31:54.325262,106913,3885,976,3885,625,3885,178,3885,55,3885,2,9391,3,1.0270721999986563
5,0,,2026-07-30T12:31:55.354156,105670,3886,981,3886,675,3886,181,3886,45,3886,0,9397,5,1.0287087000033353
5,0,,2026-07-30T12:31:56.382268,106933,3817,952,3817,646,3817,179,3817,39,3817,0,9615,1,1.0278193000121973
5,0,,2026-07-30T12:31:57.409845,106221,3774,957,3774,661,3774,186,3774,53,3774,2,9623,5,1.027280599984806
5,0,,2026-07-30T12:31:58.438405,106671,3890,945,3890,697,3890,193,3890,32,3890,3,9537,5,1.028277799981879
5,0,,2026-07-30T12:31:59.465611,105980,3903,982,3903,624,3903,208,3903,68,3903,4,9373,2,1.0269089000066742
5,0,,2026-07-30T12:32:00.492876,106570,3864,1039,3864,666,3864,170,3864,36,3864,0,9578,5,1.026950899977237
5,0,,2026-07-30T12:32:01.520027,106768,3779,917,3779,643,3779,194,3779,42,3779,0,9516,4,1.0268725999922026
5,0,,2026-07-30T12:32:02.547150,106130,3846,973,3846,650,3846,174,3846,52,3846,2,9625,3,1.026812099997187
5,0,,2026-07-30T12:32:03.574387,106872,3781,983,3781,602,3781,157,3781,39,3781,2,9657,5,1.027045900002122
5,0,,2026-07-30T12:32:04.601931,106487,3877,985,3877,641,3877,212,3877,49,3877,1,9312,3,1.0273265999858268
5,0,,2026-07-30T12:32:05.630112,106764,3753,984,3753,638,3753,178,3753,44,3753,2,9328,9,1.0279184999817517
5,0,,2026-07-30T12:32:06.656695,106816,3879,984,3879,620,3879,171,3879,45,3879,1,9348,4,1.0262518000090495
5,0,,2026-07-30T12:32:07.685064,106639,3802,1034,3802,635,3802,181,3802,42,3802,1,9429,2,1.0282293999916874
5,0,,2026-07-30T12:32:08.713134,106742,3855,993,3855,652,3855,190,3855,39,3855,1,9509,5,1.027666300011333
5,0,,2026-07-30T12:32:09.741420,106596,3756,988,3756,618,3756,183,3756,44,3756,2,9268,7,1.0280326000065543
5,0,,2026-07-30T12:32:10.769911,106515,3900,1056,3900,645,3900,186,3900,29,3900,1,9263,3,1.028186600015033
5,0,,2026-07-30T12:32:11.797645,106333,3768,1002,3768,629,3768,195,3768,39,3768,0,9343,2,1.0274059000075795
5,0,,2026-07-30T12:32:12.825436,106669,3843,983,3843,640,3843,188,3843,46,3843,0,9345,4,1.0274508000002243
5,0,,2026-07-30T12:32:13.854819,106255,3850,976,3850,651,3850,215,3850,38,3850,1,9534,4,1.0289973000180908
5,0,,2026-07-30T12:32:14.882281,106651,3903,993,3903,644,3903,198,3903,36,3903,2,9363,7,1.0271114000061061
5,0,,2026-07-30T12:32:15.911204,106393,3826,958,3826,691,3826,174,3826,36,3826,4,9402,8,1.0286161999974865
5,0,,2026-07-30T12:32:16.938159,106412,3877,995,3877,647,3877,177,3877,45,3877,1,9470,2,1.0265780999907292
5,0,,2026-07-30T12:32:17.966001,106545,3878,1022,3878,616,3878,179,3878,40,3878,1,9487,5,1.0276351000065915
5,0,,2026-07-30T12:32:18.994042,106431,3731,971,3731,607,3731,190,3731,29,3731,3,9190,8,1.0278202000190504
5,0,,2026-07-30T12:32:20.021771,106794,3923,988,3923,712,3923,213,3923,48,3923,1,9522,2,1.0274391999992076
5,0,,2026-07-30T12:32:21.049594,106239,3837,1027,3837,655,3837,184,3837,42,3837,2,9307,3,1.027546600002097
5,0,,2026-07-30T12:32:22.078453,106912,3854,994,3854,660,3854,188,3854,45,3854,2,9446,2,1.0285479000012856
5,0,,2026-07-30T12:32:23.106304,106329,3831,987,3831,630,3831,186,3831,46,3831,1,9517,4,1.0276259999955073
5,0,,2026-07-30T12:32:24.134171,106953,3893,983,3893,699,3893,218,3893,42,3893,0,9514,4,1.0277178999967873
5,0,,2026-07-30T12:32:25.161315,106638,3873,996,3873,659,3873,172,3873,45,3873,2,9388,4,1.026906900020549
5,0,,2026-07-30T12:32:26.189346,106501,3794,969,3794,626,3794,199,3794,42,3794,1,9323,2,1.027687000023434
5,0,,2026-07-30T12:32:27.218130,106554,3777,987,3777,611,3777,197,3777,42,3777,3,9545,8,1.028560100006871
5,0,,2026-07-30T12:32:28.245487,106603,3887,990,3887,652,3887,193,3887,51,3887,2,9600,4,1.0270539000048302
5,0,,2026-07-30T12:32:29.273533,106474,3915,1040,3915,640,3915,194,3915,49,3915,2,9360,4,1.0277232000080403
5,0,,2026-07-30T12:32:30.300861,106456,3860,1006,3860,673,3860,177,3860,44,3860,0,9368,7,1.027006500022253
5,0,,2026-07-30T12:32:31.328279,106402,3845,979,3845,678,3845,194,3845,38,3845,0,9304,2,1.0271590999909677
5,0,,2026-07-30T12:32:32.356193,106234,3772,943,3772,643,3772,162,3772,42,3772,1,9346,4,1.0277546999859624
5,0,,2026-07-30T12:32:33.383437,106120,3932,1036,3932,668,3932,186,3932,44,3932,1,9196,4,1.027081400010502
5,0,,2026-07-30T12:32:34.411213,106516,3842,982,3842,635,3842,173,3842,40,3842,1,9331,8,1.0274955999921076
5,0,,2026-07-30T12:32:35.437967,106230,3760,969,3760,630,3760,192,3760,37,3760,1,9473,5,1.0264095999882556
5,0,,2026-07-30T12:32:36.465250,106736,3810,963,3810,640,3810,180,3810,44,3810,1,9488,2,1.0270601999945939
5,0,,2026-07-30T12:32:37.493836,107207,3796,960,3796,633,3796,160,3796,27,3796,2,9381,6,1.0283008999831509
5,0,,2026-07-30T12:32:38.521526,106680,3774,1014,3774,648,3774,195,3774,38,3774,3,9494,6,1.0273626999987755
5,0,,2026-07-30T12:32:39.550131,106084,3870,977,3870,678,3870,190,3870,34,3870,2,9444,3,1.0282744000141975
5,0,,2026-07-30T12:32:40.576196,106654,3864,1023,3864,648,3864,212,3864,49,3864,0,9403,1,1.025834300002316
5,0,,2026-07-30T12:32:41.602437,106478,3757,940,3757,627,3757,166,3757,42,3757,3,9432,1,1.0261227999872062
5,0,,2026-07-30T12:32:42.628983,106770,3948,1030,3948,682,3948,192,3948,50,3948,0,9314,6,1.0263896000105888
5,0,,2026-07-30T12:32:43.655581,106928,3835,973,3835,677,3835,171,3835,42,3835,1,9577,7,1.026404400006868
5,0,,2026-07-30T12:32:44.683897,106315,3864,988,3864,638,3864,195,3864,39,3864,3,9349,4,1.0281569999933708
5,0,,2026-07-30T12:32:45.712927,106195,3802,1002,3802,632,3802,166,3802,43,3802,4,9584,5,1.028715899999952
5,0,,2026-07-30T12:32:46.741553,106821,3806,1013,3806,620,3806,182,3806,57,3806,4,9368,1,1.0283669000200462
5,0,,2026-07-30T12:32:47.769150,106515,3860,984,3860,662,3860,161,3860,40,3860,1,9457,5,1.0272281999932602
5,0,,2026-07-30T12:32:48.797700,106524,3929,1041,3929,632,3929,190,3929,53,3929,1,9584,6,1.0282941999903414
5,0,,2026-07-30T12:32:49.826248,106733,3901,1006,3901,663,3901,184,3901,39,3901,1,9442,6,1.0281990999937989
5,0,,2026-07-30T12:32:50.854565,106547,3816,987,3816,625,3816,176,3816,43,3816,1,9236,7,1.0280038999917451
5,0,,2026-07-30T12:32:51.883939,106976,3777,961,3777,627,3777,189,3777,44,3777,0,9385,6,1.0290436000213958
5,0,,2026-07-30T12:32:52.912044,106571,3929,1022,3929,692,3929,183,3929,43,3929,1,9524,3,1.027589800010901
5,0,,2026-07-30T12:32:53.939032,106554,3827,970,3827,651,3827,186,3827,40,3827,1,9596,6,1.0267167999991216
5,0,,2026-07-30T12:32:54.965604,106689,3852,1031,3852,641,3852,177,3852,44,3852,0,9336,4,1.0263370999891777
5,0,,2026-07-30T12:32:55.993682,106506,3845,998,3845,652,3845,183,3845,37,3845,0,9303,4,1.027823599986732
5,0,,2026-07-30T12:32:57.019935,106040,3855,1018,3855,618,3855,203,3855,44,3855,1,9405,2,1.0259852999879513
5,0,,2026-07-30T12:32:58.047698,106097,3853,982,3853,673,3853,198,3853,42,3853,3,9551,8,1.027397400001064
5,0,,2026-07-30T12:32:59.074651,106383,3805,978,3805,653,3805,185,3805,45,3805,2,9497,3,1.02668049998465
5,0,,2026-07-30T12:33:00.103006,106640,3836,986,3836,660,3836,174,3836,38,3836,3,9509,4,1.028097100002924
5,0,,2026-07-30T12:33:01.130475,106787,3873,977,3873,672,3873,214,3873,40,3873,1,9493,2,1.0271404999948572
5,0,,2026-07-30T12:33:02.157338,106728,3888,992,3888,649,3888,214,3888,42,3888,2,9439,12,1.0266154000128154
5,0,,2026-07-30T12:33:03.184950,106324,3832,986,3832,675,3832,167,3832,38,3832,1,9295,6,1.0274326000071596
5,0,,2026-07-30T12:33:04.212157,106865,3755,944,3755,668,3755,167,3755,47,3755,0,9496,4,1.0268859000061639
5,0,,2026-07-30T12:33:05.239960,106428,3812,990,3812,633,3812,189,3812,37,3812,2,9426,5,1.0275035999948159
5,0,,2026-07-30T12:33:06.267654,106711,3903,1027,3903,642,3903,194,3903,40,3903,3,9370,4,1.0274145000148565
5,0,,2026-07-30T12:33:07.294951,106842,3812,958,3812,675,3812,171,3812,41,3812,2,9604,11,1.0270220000238623
5,0,,2026-07-30T12:33:08.322384,106060,3862,1035,3862,646,3862,190,3862,41,3862,1,9356,4,1.027159200020833
5,0,,2026-07-30T12:33:09.349791,106538,3882,1025,3882,641,3882,176,3882,43,3882,2,9294,6,1.0272473999939393
5,0,,2026-07-30T12:33:10.376352,106215,3832,1038,3832,631,3832,201,3832,39,3832,2,9557,3,1.0262504999991506
5,0,,2026-07-30T12:33:11.403531,106592,3895,995,3895,664,3895,185,3895,51,3895,0,9425,4,1.0269228999968618
5,0,,2026-07-30T12:33:12.430703,106673,3921,1025,3921,640,3921,180,3921,46,3921,1,9482,2,1.0269441999844275
5,0,,2026-07-30T12:33:13.457605,106397,3781,973,3781,609,3781,177,3781,35,3781,1,9375,9,1.0266028000041842
5,0,,2026-07-30T12:33:14.486844,106535,3842,979,3842,632,3842,182,3842,42,3842,1,9404,4,1.0289312000095379
5,0,,2026-07-30T12:33:15.513064,106370,3885,1072,3885,614,3885,180,3885,36,3885,0,9675,2,1.0260070000076666
5,0,,2026-07-30T12:33:16.541077,106617,3822,998,3822,633,3822,157,3822,33,3822,1,9471,8,1.0278390999883413
5,0,,2026-07-30T12:33:17.568703,106308,3875,972,3875,661,3875,188,3875,44,3875,2,9494,4,1.0273458999872673
5,0,,2026-07-30T12:33:18.597124,106874,3922,1006,3922,688,3922,175,3922,39,3922,0,9503,5,1.028104999975767
5,0,,2026-07-30T12:33:19.625878,106885,3859,1011,3859,651,3859,183,3859,44,3859,1,9407,4,1.0284195999847725
5,0,,2026-07-30T12:33:20.654544,106608,3802,1022,3802,634,3802,180,3802,41,3802,0,9407,6,1.0283006000099704
5,0,,2026-07-30T12:33:21.683094,106442,3896,991,3896,634,3896,180,3896,34,3896,3,9468,5,1.0282553000142798
5,0,,2026-07-30T12:33:22.711176,106758,3877,983,3877,666,3877,184,3877,52,3877,1,9620,9,1.0277427000110038
5,0,,2026-07-30T12:33:23.739363,106114,3951,1051,3951,616,3951,208,3951,31,3951,4,9575,6,1.0278881999838632
5,0,,2026-07-30T12:33:24.768393,106600,3914,969,3914,704,3914,197,3914,40,3914,1,9558,9,1.0287648999947123
5,0,,2026-07-30T12:33:25.797733,106600,3803,971,3803,625,3803,172,3803,38,3803,1,9405,9,1.0289649000042118
5,0,,2026-07-30T12:33:26.827229,106408,3786,984,3786,636,3786,178,3786,49,3786,2,9313,6,1.029026200005319
5,0,,2026-07-30T12:33:27.855614,106691,3738,974,3738,631,3738,187,3738,49,3738,2,9487,6,1.0280243000015616
5,0,,2026-07-30T12:33:28.885955,106839,3922,1039,3922,645,3922,169,3922,44,3922,1,9506,8,1.0298227000166662
5,0,,2026-07-30T12:33:29.914583,107016,3810,977,3810,673,3810,190,3810,46,3810,2,9477,10,1.0282348000037018
5,0,,2026-07-30T12:33:30.943974,106241,3929,1027,3929,650,3929,193,3929,47,3929,0,9416,2,1.028980099974433
5,0,,2026-07-30T12:33:31.973371,106687,3830,936,3830,641,3830,208,3830,41,3830,0,9528,9,1.029130399983842
5,0,,2026-07-30T12:33:33.002614,107097,4011,1005,4011,656,4011,203,4011,43,4011,3,9361,3,1.0288696000061464
5,0,,2026-07-30T12:33:34.031842,106887,3839,972,3839,603,3839,204,3839,30,3839,2,9418,3,1.0290281999914441
5,0,,2026-07-30T12:33:35.060679,106697,3793,995,3793,670,3793,166,3793,29,3793,0,9632,4,1.0284506999887526
5,0,,2026-07-30T12:33:36.090593,107315,3934,1020,3934,680,3934,193,3934,45,3934,0,9750,3,1.029468499997165
5,0,,2026-07-30T12:33:37.118959,106900,3893,999,3893,702,3893,187,3893,41,3893,0,9668,4,1.0280955000198446
5,0,,2026-07-30T12:33:38.148968,106665,3841,996,3841,632,3841,214,3841,40,3841,2,9407,5,1.029698800004553
5,0,,2026-07-30T12:33:39.177460,106813,3899,987,3899,655,3899,179,3899,34,3899,3,9385,6,1.0280221999855712
5,0,,2026-07-30T12:33:40.206342,105656,3957,983,3957,682,3957,191,3957,47,3957,1,9406,6,1.0286116999923252
5,0,,2026-07-30T12:33:41.233475,106796,3926,999,3926,679,3926,181,3926,58,3926,3,9434,3,1.0267423999903258
5,0,,2026-07-30T12:33:42.262207,106848,3831,1052,3831,647,3831,187,3831,39,3831,3,9353,5,1.0284329999994952
5,0,,2026-07-30T12:33:43.292196,106877,3815,973,3815,638,3815,165,3815,41,3815,1,9532,1,1.029552899999544
5,0,,2026-07-30T12:33:44.321880,106877,3885,1014,3885,619,3885,200,3885,49,3885,0,9456,5,1.029267100006109
5,0,,2026-07-30T12:33:45.350452,107587,3833,1027,3833,675,3833,173,3833,33,3833,1,9539,3,1.0283018999907654
5,0,,2026-07-30T12:33:46.379567,106578,3881,1019,3881,631,3881,173,3881,44,3881,0,9640,8,1.0286204000003636
5,0,,2026-07-30T12:33:47.408691,106850,3838,978,3838,691,3838,177,3838,50,3838,0,9424,4,1.0285769999900367
5,0,,2026-07-30T12:33:48.438018,106458,3852,976,3852,670,3852,203,3852,38,3852,0,9621,9,1.0289744999899995
5,0,,2026-07-30T12:33:49.466568,106242,3903,1040,3903,666,3903,206,3903,40,3903,1,9416,5,1.0277407999965362
5,0,,2026-07-30T12:33:50.495242,106460,3866,1030,3866,638,3866,187,3866,42,3866,0,9432,7,1.0283337000000756
5,0,,2026-07-30T12:33:51.521863,106622,3927,1052,3927,633,3927,170,3927,41,3927,1,9451,8,1.0263365999853704
5,0,,2026-07-30T12:33:52.550242,106614,3817,998,3817,633,3817,220,3817,35,3817,1,9502,3,1.0282363000151236
5,0,,2026-07-30T12:33:53.578065,107158,3889,1018,3889,655,3889,179,3889,60,3889,0,9504,7,1.0274803999927826
5,0,,2026-07-30T12:33:54.606834,106560,3805,945,3805,701,3805,175,3805,56,3805,1,9640,3,1.0284732999862172
5,0,,2026-07-30T12:33:55.636141,107246,3910,969,3910,640,3910,208,3910,42,3910,0,9659,5,1.0290016999933869
5,0,,2026-07-30T12:33:56.666447,106801,3904,1034,3904,651,3904,206,3904,57,3904,1,9558,6,1.029915399994934
5,0,,2026-07-30T12:33:57.695117,106337,3864,954,3864,624,3864,183,3864,42,3864,4,9542,6,1.0280196999956388
5,0,,2026-07-30T12:33:58.724860,106236,3900,1015,3900,650,3900,192,3900,44,3900,1,9501,5,1.0294360000116285
5,0,,2026-07-30T12:33:59.753360,107523,3939,1018,3939,665,3939,188,3939,43,3939,2,9560,3,1.02812490001088
5,0,,2026-07-30T12:34:00.782710,106455,3772,947,3772,627,3772,184,3772,39,3772,0,9692,4,1.0289905000245199
5,0,,2026-07-30T12:34:01.811415,106721,3804,1015,3804,604,3804,200,3804,54,3804,0,9346,5,1.0283760000020266
5,0,,2026-07-30T12:34:02.841142,106850,3974,1018,3974,671,3974,198,3974,47,3974,0,9505,4,1.0293566999898758
5,0,,2026-07-30T12:34:03.870992,106804,3743,970,3743,600,3743,186,3743,53,3743,3,9513,9,1.0294321999826934
5,0,,2026-07-30T12:34:04.899964,106694,3839,968,3839,670,3839,183,3839,41,3839,2,9568,5,1.0285692999896128
5,0,,2026-07-30T12:34:05.929230,107399,3906,1027,3906,636,3906,195,3906,53,3906,1,9508,3,1.0288554000144359
5,0,,2026-07-30T12:34:06.958509,106450,3926,1049,3926,635,3926,195,3926,39,3926,1,9456,9,1.0288795999949798
5,0,,2026-07-30T12:34:07.987634,107282,3918,1016,3918,676,3918,166,3918,48,3918,0,9456,3,1.0285559000039939
5,0,,2026-07-30T12:34:09.017112,107335,3822,956,3822,665,3822,210,3822,37,3822,1,9677,8,1.0291065000055823
5,0,,2026-07-30T12:34:10.046848,106426,3833,986,3833,633,3833,195,3833,42,3833,1,9655,11,1.0293074000219349
5,0,,2026-07-30T12:34:11.076564,106979,3874,1024,3874,663,3874,203,3874,35,3874,2,9514,3,1.029241699987324
5,0,,2026-07-30T12:34:12.106535,107091,3885,979,3885,688,3885,189,3885,47,3885,1,9445,8,1.0294995000003837
5,0,,2026-07-30T12:34:13.135887,106602,3914,1028,3914,657,3914,188,3914,36,3914,2,9412,5,1.0289256000251044
5,0,,2026-07-30T12:34:14.165667,106739,3864,1020,3864,598,3864,210,3864,28,3864,1,9554,8,1.0293424999981653
5,0,,2026-07-30T12:34:15.196118,106492,3819,996,3819,635,3819,202,3819,43,3819,2,9430,2,1.0300409000192303
5,0,,2026-07-30T12:34:16.224785,106817,3748,955,3748,625,3748,192,3748,47,3748,1,9464,9,1.0281369000149425
5,0,,2026-07-30T12:34:17.253385,106667,3904,1019,3904,643,3904,175,3904,48,3904,1,9507,1,1.0281628999800887
5,0,,2026-07-30T12:34:18.282501,106906,3770,977,3770,598,3770,162,3770,33,3770,1,9603,5,1.0289017999893986
5,0,,2026-07-30T12:34:19.311381,106340,3800,964,3800,648,3800,184,3800,37,3800,1,9609,3,1.0283252999943215
5,0,,2026-07-30T12:34:20.341018,106814,4043,1016,4043,708,4043,195,4043,38,4043,0,9437,4,1.0292346999922302
5,0,,2026-07-30T12:34:21.369304,106354,3870,1016,3870,616,3870,181,3870,44,3870,1,9635,8,1.0279886999924202
5,0,,2026-07-30T12:34:22.399091,106873,3808,979,3808,610,3808,201,3808,52,3808,2,9518,7,1.0294128999812528
5,0,,2026-07-30T12:34:23.428357,106847,3866,1027,3866,646,3866,184,3866,40,3866,0,9405,7,1.0286358000012115
5,0,,2026-07-30T12:34:24.458047,107268,3916,1046,3916,678,3916,173,3916,48,3916,0,9439,2,1.0293483000132255
5,0,,2026-07-30T12:34:25.486164,106957,3900,1001,3900,669,3900,195,3900,37,3900,0,9562,5,1.027718299999833
5,0,,2026-07-30T12:34:26.515978,106784,3907,1016,3907,626,3907,172,3907,40,3907,0,9505,4,1.0294843000010587
5,0,,2026-07-30T12:34:27.546681,106730,3775,992,3775,631,3775,170,3775,43,3775,4,9531,6,1.0302019999944605
5,0,,2026-07-30T12:34:28.576860,106883,3920,1022,3920,684,3920,185,3920,49,3920,1,9377,8,1.029631800018251
5,0,,2026-07-30T12:34:29.606010,107052,3796,914,3796,692,3796,189,3796,39,3796,0,9497,5,1.0288026999915019
5,0,,2026-07-30T12:34:30.635541,106798,3895,993,3895,691,3895,180,3895,47,3895,2,9646,5,1.029307399992831
5,0,,2026-07-30T12:34:31.664433,106587,3861,1006,3861,656,3861,197,3861,46,3861,3,9600,10,1.0284034000069369
5,0,,2026-07-30T12:34:32.693451,106230,3861,993,3861,626,3861,180,3861,43,3861,2,9575,9,1.0286683000158519
5,0,,2026-07-30T12:34:33.723113,106630,3889,1001,3889,671,3889,182,3889,51,3889,1,9455,3,1.029260899988003
5,0,,2026-07-30T12:34:34.752322,107094,3865,1033,3865,620,3865,187,3865,44,3865,3,9619,5,1.028825199988205
5,0,,2026-07-30T12:34:35.782150,107166,3879,1004,3879,690,3879,158,3879,37,3879,3,9486,7,1.0294295999919996
5,0,,2026-07-30T12:34:36.812340,107362,3951,995,3951,652,3951,185,3951,44,3951,1,9569,7,1.0298427999950945
5,0,,2026-07-30T12:34:37.841459,107049,3877,1026,3877,661,3877,165,3877,53,3877,2,9394,8,1.0288228000281379
5,0,,2026-07-30T12:34:38.871680,106585,3838,993,3838,635,3838,197,3838,52,3838,0,9435,9,1.0297278000216465
5,0,,2026-07-30T12:34:39.900593,107107,3834,932,3834,638,3834,181,3834,44,3834,1,9563,7,1.0284740999923088
5,0,,2026-07-30T12:34:40.930374,106568,3893,992,3893,640,3893,167,3893,51,3893,0,9462,4,1.0293554000090808
5,0,,2026-07-30T12:34:41.958674,106911,3817,1012,3817,638,3817,183,3817,36,3817,4,9496,2,1.0280377000162844
5,0,,2026-07-30T12:34:42.986438,107174,3869,1015,3869,659,3869,172,3869,45,3869,4,9488,8,1.0275353000033647
5,0,,2026-07-30T12:34:44.045842,107880,4050,1055,4050,743,4050,180,4050,37,4050,0,9541,6,1.05904979998013
5,0,,2026-07-30T12:34:45.073860,108478,3917,984,3917,671,3917,186,3917,65,3917,1,9563,10,1.0275460999982897
5,0,,2026-07-30T12:34:46.101551,106400,3849,1027,3849,643,3849,189,3850,49,3850,1,9360,3,1.0274104000127409
5,0,,2026-07-30T12:34:47.129974,106887,3933,992,3933,646,3933,198,3932,50,3932,1,9446,6,1.0280197999964003
5,0,,2026-07-30T12:34:48.159073,106440,3814,967,3814,615,3814,170,3814,40,3814,1,9438,2,1.0287550000066403
5,0,,2026-07-30T12:34:49.188244,106899,3752,936,3752,609,3752,177,3752,55,3752,0,9588,4,1.0288623999804258
5,0,,2026-07-30T12:34:50.218097,106218,3820,979,3820,650,3820,170,3820,33,3820,0,9536,7,1.0294781000120565
5,0,,2026-07-30T12:34:51.246858,106921,4022,1014,4022,667,4022,197,4022,51,4022,4,9464,8,1.0283617000095546
5,0,,2026-07-30T12:34:52.274549,106586,3886,1020,3886,656,3886,185,3886,40,3886,0,9571,5,1.0272507999907248
5,0,,2026-07-30T12:34:53.302495,107088,3939,1015,3939,666,3939,193,3939,44,3939,0,9419,8,1.0276933000131976
5,0,,2026-07-30T12:34:54.331520,106993,3817,961,3817,666,3817,203,3817,40,3817,1,9630,6,1.028610600013053
5,0,,2026-07-30T12:34:55.360243,106417,3854,963,3854,679,3854,190,3854,41,3854,3,9372,8,1.028173800004879
5,0,,2026-07-30T12:34:56.389596,106831,3836,1002,3836,648,3836,171,3836,54,3836,1,9603,7,1.028938700008439
5,0,,2026-07-30T12:34:57.418062,106700,3816,1002,3816,620,3816,174,3816,36,3816,0,9435,5,1.027962899999693
5,0,,2026-07-30T12:34:58.447131,106799,3832,996,3832,665,3832,178,3832,43,3832,0,9474,7,1.0288978999888059
5,0,,2026-07-30T12:34:59.476544,107042,3937,1076,3937,657,3937,187,3937,54,3937,1,9468,9,1.029004799987888
5,0,,2026-07-30T12:35:00.505357,106807,3839,975,3839,624,3839,174,3839,39,3839,0,9445,6,1.0283730999799445
5,0,,2026-07-30T12:35:01.535211,106279,3846,1054,3846,633,3846,175,3846,36,3846,1,9562,2,1.029472700000042
5,0,,2026-07-30T12:35:02.563906,107121,3856,1024,3856,676,3856,171,3856,31,3856,0,9460,5,1.0282888000074308
5,0,,2026-07-30T12:35:03.592758,106847,3934,1010,3934,654,3934,199,3934,42,3934,3,9429,8,1.0284083999868017
5,0,,2026-07-30T12:35:04.622369,106854,3829,981,3829,657,3829,174,3829,38,3829,1,9438,7,1.0292188999883365
5,0,,2026-07-30T12:35:05.652256,107554,3944,1003,3944,680,3944,200,3944,42,3944,2,9510,3,1.0294307000003755
5,0,,2026-07-30T12:35:06.679647,106764,3918,1003,3918,642,3918,207,3918,39,3918,1,9563,6,1.0270789000205696
5,0,,2026-07-30T12:35:07.709036,106528,3896,1010,3896,648,3896,171,3896,30,3896,0,9495,5,1.0290384000109043
5,0,,2026-07-30T12:35:08.739073,106774,3798,1025,3798,617,3798,195,3798,38,3798,1,9549,4,1.029598499997519
5,0,,2026-07-30T12:35:09.767044,106498,3790,1012,3790,607,3790,185,3790,40,3790,1,9488,3,1.0275634000136051
5,0,,2026-07-30T12:35:10.796096,106236,3688,955,3688,575,3688,166,3688,45,3688,2,9422,4,1.0286154999921564
5,0,,2026-07-30T12:35:11.824102,106781,3883,969,3883,670,3883,191,3883,53,3883,2,9539,4,1.027525000012247
5,0,,2026-07-30T12:35:12.851007,106717,3940,1029,3940,659,3940,186,3940,38,3940,1,9279,8,1.0266189000103623
5,0,,2026-07-30T12:35:13.877577,106388,3863,1010,3863,683,3863,179,3863,45,3863,1,9569,2,1.0263953999965452
5,0,,2026-07-30T12:35:14.905367,107288,3902,1026,3902,650,3902,177,3902,50,3902,1,9435,6,1.0275440000114031
5,0,,2026-07-30T12:35:15.932387,106817,3900,1037,3900,647,3900,195,3900,34,3900,4,9643,5,1.0267716999805998
5,0,,2026-07-30T12:35:16.960493,106959,3807,986,3807,634,3807,176,3807,33,3807,0,9528,5,1.0278589999943506
5,0,,2026-07-30T12:35:17.987524,106357,3852,961,3852,690,3852,147,3852,51,3852,2,9467,3,1.0268104000133462
5,0,,2026-07-30T12:35:19.015393,106332,3769,951,3769,648,3769,166,3769,39,3769,1,9429,8,1.0275145000196062
5,0,,2026-07-30T12:35:20.042500,106829,3950,1010,3950,649,3950,217,3950,41,3950,1,9380,9,1.0267750999773853
5,0,,2026-07-30T12:35:21.071802,106610,3975,974,3975,678,3975,204,3975,52,3975,2,9436,3,1.029042100009974
5,0,,2026-07-30T12:35:22.099741,107013,3825,991,3825,616,3825,191,3825,46,3825,4,9435,7,1.0274663000018336
5,0,,2026-07-30T12:35:23.128585,107209,3687,975,3687,582,3687,188,3687,31,3687,3,9433,6,1.0284360000223387
5,0,,2026-07-30T12:35:24.158390,106621,3797,994,3797,649,3797,176,3797,43,3797,0,9546,5,1.029456799995387
5,0,,2026-07-30T12:35:25.187824,106492,3813,991,3813,603,3813,181,3813,52,3813,0,9493,3,1.0291063000040594
5,0,,2026-07-30T12:35:26.217213,106589,3786,969,3786,611,3786,196,3786,39,3786,1,9477,5,1.0289489999995567
5,0,,2026-07-30T12:35:27.246634,106518,3874,1043,3874,699,3874,184,3874,34,3874,1,9583,4,1.0289536999771371
5,0,,2026-07-30T12:35:28.277166,106665,3950,976,3950,660,3950,167,3950,47,3950,1,9334,5,1.0300790999899618
5,0,,2026-07-30T12:35:29.306339,107065,3867,1028,3867,657,3867,185,3867,48,3867,2,9593,6,1.0287571999942884
5,0,,2026-07-30T12:35:30.334634,106756,3855,996,3855,668,3855,163,3855,41,3855,3,9488,2,1.028070200001821
5,0,,2026-07-30T12:35:31.362468,106899,3882,1019,3882,672,3882,184,3882,45,3882,3,9467,4,1.0274984999850858
5,0,,2026-07-30T12:35:32.390351,106529,3969,1047,3969,689,3969,199,3969,38,3969,1,9521,8,1.02759180002613
5,0,,2026-07-30T12:35:33.418253,106716,3867,980,3867,645,3867,195,3867,39,3867,1,9541,3,1.0277597999956924
5,0,,2026-07-30T12:35:34.446123,106529,3944,983,3944,666,3944,182,3944,41,3944,1,9676,8,1.0275059000123292
5,0,,2026-07-30T12:35:35.475351,106368,3891,1025,3891,634,3891,186,3891,42,3891,1,9584,5,1.0290158000134397
5,0,,2026-07-30T12:35:36.502969,107094,3831,1025,3831,671,3831,177,3831,33,3831,0,9504,3,1.027238499984378
5,0,,2026-07-30T12:35:37.531922,107163,3868,979,3868,647,3868,196,3868,42,3868,1,9608,4,1.0285410000069533
5,0,,2026-07-30T12:35:38.560636,106593,3822,994,3822,652,3822,187,3822,54,3822,2,9481,8,1.028326300001936
5,0,,2026-07-30T12:35:39.589219,106914,3897,999,3897,670,3897,181,3897,45,3897,1,9719,4,1.0281092000077479
5,0,,2026-07-30T12:35:40.618714,106288,3841,979,3841,647,3841,173,3841,45,3841,0,9478,6,1.0290984000021126
5,0,,2026-07-30T12:35:41.647355,106963,3877,1009,3877,651,3877,181,3877,62,3877,2,9291,3,1.0283014999877196
5,0,,2026-07-30T12:35:42.675317,107603,3828,1031,3828,678,3828,183,3828,37,3828,1,9674,3,1.0276636000198778
5,0,,2026-07-30T12:35:43.702098,106966,3926,1011,3926,678,3926,186,3926,52,3926,1,9475,5,1.0264294000226073
5,0,,2026-07-30T12:35:44.729406,106331,3700,916,3700,643,3700,170,3700,46,3700,2,9444,5,1.0269509000063408
5,0,,2026-07-30T12:35:45.757015,106500,3813,1040,3813,604,3813,177,3813,42,3813,0,9371,3,1.0273122000216972
5,0,,2026-07-30T12:35:46.786263,107146,3930,1013,3930,653,3930,191,3930,34,3930,1,9688,4,1.0289064999960829
5,0,,2026-07-30T12:35:47.814940,107244,3738,964,3738,620,3738,187,3738,47,3738,1,9697,12,1.0282456999993883
5,0,,2026-07-30T12:35:48.844091,107092,3941,1070,3941,674,3941,186,3941,44,3941,3,9354,3,1.0287543000013102
5,0,,2026-07-30T12:35:49.872684,107002,3880,1015,3880,649,3880,191,3880,50,3880,0,9554,6,1.0282004999753553
5,0,,2026-07-30T12:35:50.901111,107618,3942,1034,3942,643,3942,192,3942,32,3942,0,9472,7,1.0280380000185687
5,0,,2026-07-30T12:35:51.930494,106549,3899,1048,3899,664,3899,173,3899,43,3899,1,9531,7,1.0290515999950003
5,0,,2026-07-30T12:35:52.958623,106214,3895,1020,3895,635,3895,179,3895,41,3895,3,9567,5,1.027587799995672
5,0,,2026-07-30T12:35:53.988059,106183,3953,990,3953,683,3953,181,3953,43,3953,1,9398,2,1.0292148000153247
5,0,,2026-07-30T12:35:55.017943,107140,4034,1050,4034,702,4034,205,4034,39,4034,1,9476,3,1.029407900001388
5,0,,2026-07-30T12:35:56.047737,106638,3927,992,3927,650,3927,198,3927,42,3927,3,9495,3,1.0293837000208441
5,0,,2026-07-30T12:35:57.077478,106934,3926,1001,3926,701,3926,173,3926,51,3926,2,9888,4,1.0292941000079736
5,0,,2026-07-30T12:35:58.107647,107019,3877,1008,3877,624,3877,201,3877,52,3877,1,9603,5,1.0299293999851216
5,0,,2026-07-30T12:35:59.137305,107093,3775,950,3775,639,3775,199,3775,48,3775,1,9494,7,1.0292967000277713
5,0,,2026-07-30T12:36:00.166964,106081,3822,985,3822,624,3822,165,3822,37,3822,0,9459,3,1.0291974000283517
5,0,,2026-07-30T12:36:01.196004,106723,4015,1034,4015,696,4015,181,4015,36,4015,1,9430,2,1.0286449000122957
5,0,,2026-07-30T12:36:02.225650,107302,3931,1058,3931,634,3931,211,3931,35,3931,1,9732,5,1.0291965999931563
5,0,,2026-07-30T12:36:03.253959,107233,3764,975,3764,630,3764,172,3764,51,3764,0,9569,9,1.0279500000178814
5,0,,2026-07-30T12:36:04.282629,106218,3838,1002,3838,668,3838,177,3838,48,3838,2,9497,5,1.0284940999990795
5,0,,2026-07-30T12:36:05.312523,106587,3715,976,3715,606,3715,184,3715,46,3715,0,9493,8,1.02951409999514
5,0,,2026-07-30T12:36:06.340849,106875,3828,997,3828,641,3828,186,3828,36,3828,0,9554,3,1.0279346000170335
5,0,,2026-07-30T12:36:07.370166,106385,3784,977,3784,660,3784,185,3784,42,3784,1,9463,3,1.0288763999997173
5,0,,2026-07-30T12:36:08.397889,106946,3981,1047,3981,673,3981,192,3981,51,3981,0,9426,2,1.0273117999895476
5,0,,2026-07-30T12:36:09.427111,106717,3908,1008,3908,660,3908,176,3908,40,3908,1,9575,7,1.0288801999995485
5,0,,2026-07-30T12:36:10.458111,107235,3940,1006,3940,668,3940,176,3940,39,3940,5,9480,7,1.0305153999943286
5,0,,2026-07-30T12:36:11.486206,106837,3859,1012,3859,601,3859,177,3859,45,3859,1,9410,5,1.0276703999843448
5,0,,2026-07-30T12:36:12.515574,106880,3742,969,3742,621,3742,188,3742,45,3742,3,9670,6,1.029023800016148
5,0,,2026-07-30T12:36:13.545599,107110,3918,1007,3918,618,3918,206,3918,37,3918,2,9568,5,1.0295574000047054
5,0,,2026-07-30T12:36:14.575501,106862,3795,980,3795,645,3795,165,3795,46,3795,4,9488,3,1.0295002000057139
5,0,,2026-07-30T12:36:15.604056,106854,3963,1032,3963,629,3963,186,3963,51,3963,3,9527,9,1.0281435000069905
5,0,,2026-07-30T12:36:16.630355,106417,3884,977,3884,647,3884,185,3884,38,3884,1,9755,2,1.0258988999994472
5,0,,2026-07-30T12:36:17.658449,107388,3944,1048,3944,681,3944,166,3944,55,3944,2,9548,2,1.0278791000018828
5,0,,2026-07-30T12:36:18.687844,106830,3892,1005,3892,637,3892,209,3892,36,3892,0,9474,4,1.0290887000155635
5,0,,2026-07-30T12:36:19.717023,107157,3746,1045,3746,636,3746,158,3746,28,3746,3,9526,11,1.0287437999795657
5,0,,2026-07-30T12:36:20.746863,107168,3831,967,3831,631,3831,163,3831,45,3831,1,9466,5,1.0294823000149336
5,0,,2026-07-30T12:36:21.774635,107113,3891,1029,3891,624,3891,194,3891,37,3891,4,9722,8,1.0274833000148647
5,0,,2026-07-30T12:36:22.836948,110716,3975,1041,3975,618,3975,195,3975,56,3975,2,9703,7,1.0620341999747325
5,0,,2026-07-30T12:36:23.865000,106540,3801,992,3801,624,3801,199,3801,36,3801,1,9557,3,1.0273470999964047
5,0,,2026-07-30T12:36:24.893498,106357,4000,1038,4000,692,4000,185,4000,37,4000,1,9664,4,1.028184200025862
5,0,,2026-07-30T12:36:25.921899,106921,3841,1009,3841,634,3841,200,3841,37,3841,2,9481,4,1.0281632000114769
5,0,,2026-07-30T12:36:26.950137,106654,3882,1037,3882,649,3882,186,3882,49,3882,1,9471,5,1.0279052999976557
5,0,,2026-07-30T12:36:27.978727,107186,3818,959,3818,641,3818,186,3818,36,3818,1,9446,5,1.0282462000031956
5,0,,2026-07-30T12:36:29.008503,107143,3931,1045,3931,643,3931,195,3931,41,3931,1,9443,5,1.0293324000085704
5,0,,2026-07-30T12:36:30.037733,107238,3864,1065,3864,638,3864,188,3864,44,3864,3,9562,3,1.0288504000054672
5,0,,2026-07-30T12:36:31.067097,106732,3858,1030,3858,642,3858,195,3858,38,3858,3,9533,10,1.0289968000142835
5,0,,2026-07-30T12:36:32.096098,107365,3936,1008,3936,678,3936,187,3936,49,3936,1,9507,6,1.0286099999793805
5,0,,2026-07-30T12:36:33.125739,106622,3785,994,3785,652,3785,185,3785,38,3785,0,9323,3,1.0292531000159215
5,0,,2026-07-30T12:36:34.156125,106481,3892,1001,3892,611,3892,204,3892,45,3892,2,9499,5,1.0298303000163287
5,0,,2026-07-30T12:36:35.185209,107244,3881,1060,3881,671,3881,190,3881,46,3881,1,9641,11,1.0286677000112832
5,0,,2026-07-30T12:36:36.213657,106875,3863,979,3863,628,3863,209,3863,37,3863,1,9552,3,1.0281115999969188
5,0,,2026-07-30T12:36:37.243547,106643,3836,1030,3836,637,3836,200,3836,37,3836,1,9588,8,1.0295696000102907
5,0,,2026-07-30T12:36:38.274571,107096,3830,1016,3830,641,3830,179,3830,55,3830,2,9625,8,1.0304989000142086
5,0,,2026-07-30T12:36:39.304454,107288,3861,949,3862,663,3862,159,3862,52,3862,1,9472,3,1.0294813999789767
5,0,,2026-07-30T12:36:40.332909,107392,3933,1004,3932,687,3932,214,3932,47,3932,2,9527,8,1.0280154999927618
5,0,,2026-07-30T12:36:41.361155,106496,3690,941,3690,644,3690,164,3690,42,3690,2,9567,3,1.0279159999918193
5,0,,2026-07-30T12:36:42.389675,106461,3841,980,3841,687,3841,173,3841,40,3841,4,9498,8,1.028077499999199
5,0,,2026-07-30T12:36:43.418359,106874,3914,1014,3914,685,3914,168,3914,42,3914,2,9543,8,1.028283999999985
5,0,,2026-07-30T12:36:44.447068,106539,3890,1053,3890,622,3890,186,3890,46,3890,3,9540,5,1.0284773000166751
5,0,,2026-07-30T12:36:45.476452,106520,3819,975,3819,655,3819,176,3819,42,3819,0,9443,3,1.0290806000120938
5,0,,2026-07-30T12:36:46.505879,106912,3937,1055,3937,644,3937,196,3937,42,3937,1,9639,8,1.029112799995346
5,0,,2026-07-30T12:36:47.535467,107056,3869,985,3869,662,3869,170,3869,42,3869,2,9547,4,1.0292146000138018
5,0,,2026-07-30T12:36:48.563437,106686,3869,975,3869,640,3869,215,3869,48,3869,0,9794,6,1.027581000002101
5,0,,2026-07-30T12:36:49.591751,106433,3890,982,3890,659,3890,176,3890,42,3890,1,9593,4,1.0280123999982607
5,0,,2026-07-30T12:36:50.621401,107061,3873,1045,3873,645,3873,179,3873,43,3873,1,9691,8,1.0292812999978196
5,0,,2026-07-30T12:36:51.650551,107057,3912,1051,3912,636,3912,181,3912,48,3912,1,9313,4,1.0286381999903824
5,0,,2026-07-30T12:36:52.679791,106922,3975,1056,3975,667,3975,179,3975,47,3975,1,9465,2,1.0288303999986965
5,0,,2026-07-30T12:36:53.707273,106739,3909,987,3909,653,3909,185,3909,51,3909,1,9561,8,1.0270793000236154
5,0,,2026-07-30T12:36:54.736756,106497,3858,1009,3858,644,3858,188,3858,43,3858,1,9599,4,1.0292265000171028
5,0,,2026-07-30T12:36:55.767303,107587,3818,1021,3818,643,3818,178,3818,27,3818,3,9208,8,1.030158699984895
5,0,,2026-07-30T12:36:56.796285,107155,3889,1023,3889,655,3889,201,3889,40,3889,1,9557,4,1.0285043999901973
5,0,,2026-07-30T12:36:57.825892,107618,3950,1027,3950,631,3950,192,3950,41,3950,1,9525,1,1.0292840999900363
5,0,,2026-07-30T12:36:58.856682,106905,3852,1046,3852,605,3852,180,3852,47,3852,2,9633,3,1.0303185999800917
5,0,,2026-07-30T12:36:59.886163,107196,3913,987,3913,690,3913,187,3913,32,3913,0,9496,7,1.0290462000120897
5,0,,2026-07-30T12:37:00.914824,107337,4025,1058,4025,703,4025,174,4025,47,4025,2,9455,5,1.0282961999764666
5,0,,2026-07-30T12:37:01.946895,107341,3828,995,3828,646,3828,172,3828,37,3828,0,9591,6,1.031611200014595
5,0,,2026-07-30T12:37:02.976083,107317,3952,1020,3952,710,3952,191,3952,41,3952,3,9725,5,1.0288761999981944
5,0,,2026-07-30T12:37:04.006596,106887,3867,992,3867,635,3867,191,3867,44,3867,1,9506,2,1.0300808000029065
5,0,,2026-07-30T12:37:05.036539,107122,3947,1080,3947,678,3947,196,3947,37,3947,0,9596,8,1.0294980999897234
5,0,,2026-07-30T12:37:06.066039,107139,3829,989,3829,673,3829,184,3829,41,3829,2,9482,7,1.0289813000126742
5,0,,2026-07-30T12:37:07.095724,106755,3922,1013,3922,639,3922,205,3922,41,3922,1,9540,6,1.0293195999984164
5,0,,2026-07-30T12:37:08.124606,107006,3838,974,3838,672,3838,194,3838,33,3838,1,9615,10,1.0284080999845173
5,0,,2026-07-30T12:37:09.153307,106644,3882,1036,3882,665,3882,177,3882,36,3882,0,9560,6,1.028312399983406
5,0,,2026-07-30T12:37:10.182202,106758,3909,1027,3909,658,3909,164,3909,30,3909,0,9465,4,1.0283895000175107
5,0,,2026-07-30T12:37:11.210075,107366,3868,1028,3868,600,3868,188,3868,50,3868,0,9367,5,1.0275155999988783
5,0,,2026-07-30T12:37:12.248277,108088,3924,1084,3924,641,3924,165,3924,45,3924,0,9615,4,1.0379038999963086
5,0,,2026-07-30T12:37:13.282699,106812,3898,1043,3898,640,3898,185,3898,39,3898,2,9462,8,1.029609099990921
5,0,,2026-07-30T12:37:14.311698,106804,3834,1005,3834,649,3834,183,3834,46,3834,2,9475,9,1.0285365000017919
5,0,,2026-07-30T12:37:15.340554,107028,3901,1036,3901,605,3901,194,3901,56,3901,0,9593,5,1.0284955999813974
5,0,,2026-07-30T12:37:16.369385,106290,3853,972,3853,673,3853,186,3853,31,3853,2,9325,7,1.0285488000081386
5,0,,2026-07-30T12:37:17.398577,107558,3860,975,3860,661,3860,183,3860,43,3860,1,9595,6,1.0288246999843977
5,0,,2026-07-30T12:37:18.427884,107422,3850,956,3850,640,3850,185,3850,51,3850,3,9643,4,1.0288470000086818
5,0,,2026-07-30T12:37:19.457018,107178,3958,1063,3958,684,3958,168,3958,38,3958,2,9311,6,1.0286037999903783
5,0,,2026-07-30T12:37:20.485750,107483,3847,996,3847,684,3847,175,3847,38,3847,1,9612,1,1.028472200006945
5,0,,2026-07-30T12:37:21.514985,106911,3938,1020,3938,659,3938,199,3938,40,3938,1,9446,3,1.0287890000035986
5,0,,2026-07-30T12:37:22.543496,106861,3940,990,3940,644,3940,166,3940,42,3940,0,9434,2,1.0281887000019196
5,0,,2026-07-30T12:37:23.571889,106889,3946,1049,3946,661,3946,184,3946,40,3946,1,9574,7,1.0280654999951366
5,0,,2026-07-30T12:37:24.600797,107223,3880,1018,3880,627,3880,184,3880,39,3880,1,9321,5,1.02860019999207
5,0,,2026-07-30T12:37:25.630502,107520,3828,994,3828,640,3828,170,3828,51,3828,2,9622,2,1.0293969999765977
5,0,,2026-07-30T12:37:26.658986,107673,3849,1029,3849,634,3849,187,3849,45,3849,2,9573,6,1.0280537999933586
5,0,,2026-07-30T12:37:27.688460,107171,3919,1019,3919,680,3919,186,3919,38,3919,0,9473,7,1.0291136000014376
5,0,,2026-07-30T12:37:28.717904,106611,3916,1008,3916,639,3916,174,3916,33,3916,0,9444,5,1.0289806999790017
5,0,,2026-07-30T12:37:29.748947,107175,3899,1038,3899,656,3899,185,3899,48,3899,1,9422,7,1.0306514000112657
5,0,,2026-07-30T12:37:30.778846,107055,3882,1008,3882,633,3882,180,3882,32,3882,2,9501,6,1.0294773999776226
5,0,,2026-07-30T12:37:31.808337,107092,3904,997,3904,671,3904,195,3904,41,3904,1,9567,7,1.0290155000111554
5,0,,2026-07-30T12:37:32.837680,106924,3835,967,3835,667,3835,175,3835,57,3835,0,9486,8,1.0289107999997213
5,0,,2026-07-30T12:37:33.866969,106994,3891,1016,3891,651,3891,178,3891,47,3891,2,9569,4,1.0288516000146046
5,0,,2026-07-30T12:37:34.896031,106823,3954,1019,3954,673,3954,174,3954,45,3954,0,9429,6,1.028596500022104
5,0,,2026-07-30T12:37:35.925378,107193,3834,980,3834,657,3834,189,3834,52,3834,6,9360,7,1.0289272000081837
5,0,,2026-07-30T12:37:36.954002,107254,3846,1063,3846,638,3846,161,3846,41,3846,0,9738,6,1.028172699996503
5,0,,2026-07-30T12:37:37.983995,107015,3905,994,3905,674,3905,192,3905,34,3905,1,9581,7,1.0296810000145342
5,0,,2026-07-30T12:37:39.013409,107815,3828,1011,3828,639,3828,181,3828,39,3828,2,9488,7,1.0287586000049487
5,0,,2026-07-30T12:37:40.042206,106784,3824,1031,3824,641,3824,178,3824,48,3824,2,9494,7,1.0283707000198774
5,0,,2026-07-30T12:37:41.071136,107452,3890,953,3890,682,3890,173,3890,37,3890,3,9737,7,1.0285638000059407
5,0,,2026-07-30T12:37:42.101638,107189,3803,1014,3803,648,3803,169,3803,44,3803,1,9478,7,1.0301479999907315
5,0,,2026-07-30T12:37:43.130971,107502,3804,996,3804,629,3804,195,3804,56,3804,1,9592,3,1.028928999992786
5,0,,2026-07-30T12:37:44.160444,106514,3877,1003,3877,647,3877,176,3877,40,3877,1,9425,3,1.0291086999932304
5,0,,2026-07-30T12:37:45.190582,107505,3728,990,3728,634,3728,179,3728,46,3728,0,9755,6,1.029651399992872
5,0,,2026-07-30T12:37:46.220606,107206,3971,1066,3971,656,3971,177,3971,49,3971,0,9488,5,1.0296455000061542
5,0,,2026-07-30T12:37:47.249451,106608,3847,986,3847,623,3847,177,3847,46,3847,2,9361,1,1.0284377000061795
5,0,,2026-07-30T12:37:48.278568,106499,3724,1002,3724,635,3724,172,3724,48,3724,1,9682,6,1.0287748000118881
5,0,,2026-07-30T12:37:49.306239,106859,3827,1027,3827,641,3827,190,3827,35,3827,3,9549,3,1.0273269999888726
5,0,,2026-07-30T12:37:50.335978,107298,3860,1042,3860,670,3860,175,3860,48,3860,3,9505,5,1.029464299994288
5,0,,2026-07-30T12:37:51.364795,106373,3862,1009,3862,644,3862,180,3862,55,3862,3,9492,3,1.028379199997289
5,0,,2026-07-30T12:37:52.393252,107240,3912,1016,3912,701,3912,201,3912,38,3912,1,9567,4,1.0279988999827765
5,0,,2026-07-30T12:37:53.423068,107247,3851,956,3851,698,3851,186,3851,37,3851,2,9575,6,1.0294239000068046
5,0,,2026-07-30T12:37:54.450234,106768,3819,939,3819,636,3819,176,3819,48,3819,2,9509,9,1.0267775999964215
5,0,,2026-07-30T12:37:55.478678,107025,3832,967,3832,633,3832,209,3832,41,3832,0,9543,7,1.0281907000171486
5,0,,2026-07-30T12:37:56.508146,106943,3820,1034,3820,671,3820,178,3820,43,3820,3,9519,4,1.0291360999981407
5,0,,2026-07-30T12:37:57.537053,106918,3849,994,3849,617,3849,180,3849,27,3849,3,9439,6,1.0284447000012733
5,0,,2026-07-30T12:37:58.566798,106478,3921,1010,3921,655,3921,207,3921,45,3921,0,9520,3,1.0292928999988362
5,0,,2026-07-30T12:37:59.594246,107184,3937,1013,3937,661,3937,193,3937,28,3937,0,9373,6,1.0271062000247184
5,0,,2026-07-30T12:38:00.623273,107192,3861,1006,3861,641,3861,173,3861,47,3861,0,9745,1,1.02876310001011
5,0,,2026-07-30T12:38:01.651004,106937,3850,1013,3850,642,3850,197,3850,41,3850,0,9492,5,1.0273586999974214
5,0,,2026-07-30T12:38:02.678684,106566,3778,1003,3778,626,3778,210,3778,42,3778,2,9445,2,1.0274182000139263
5,0,,2026-07-30T12:38:03.708009,106710,3816,975,3816,599,3816,174,3816,34,3816,0,9480,8,1.028993400017498
5,0,,2026-07-30T12:38:04.737904,107254,3878,1009,3878,675,3878,197,3878,47,3878,3,9556,3,1.0294739000091795
5,0,,2026-07-30T12:38:05.768017,107426,3858,1020,3858,663,3858,177,3858,32,3858,1,9579,4,1.0294899999862537
5,0,,2026-07-30T12:38:06.796782,107396,3791,967,3791,627,3791,183,3791,55,3791,0,9331,5,1.0283337000000756
5,0,,2026-07-30T12:38:07.826937,107548,3782,995,3782,662,3782,187,3782,41,3782,0,9709,4,1.0297049000218976
5,0,,2026-07-30T12:38:08.857724,107159,3888,989,3888,639,3888,179,3888,33,3888,1,9612,3,1.0303004000161309
5,0,,2026-07-30T12:38:09.887206,107379,3840,995,3840,644,3840,184,3840,43,3840,1,9344,7,1.0292367999791168
5,0,,2026-07-30T12:38:10.915984,106617,3833,1037,3833,625,3833,150,3833,34,3833,0,9517,5,1.0285214000032283
5,0,,2026-07-30T12:38:11.943104,106876,3928,1050,3928,664,3928,184,3928,50,3928,0,9298,5,1.0267263000132516
5,0,,2026-07-30T12:38:12.972825,106442,3794,1028,3794,603,3794,185,3794,37,3794,0,9434,9,1.029382100008661
5,0,,2026-07-30T12:38:14.001039,107031,3781,967,3781,620,3781,172,3781,42,3781,0,9639,1,1.0280543999979272
5,0,,2026-07-30T12:38:15.028948,107005,3919,1001,3919,666,3919,193,3919,44,3919,2,9442,4,1.0276245000131894
5,0,,2026-07-30T12:38:16.057973,107511,3851,961,3851,664,3851,182,3851,49,3851,0,9528,8,1.0287085000018124
5,0,,2026-07-30T12:38:17.086099,107079,3793,981,3793,644,3793,176,3793,35,3793,0,9431,5,1.0277775999857113
5,0,,2026-07-30T12:38:18.115521,106849,3865,1038,3865,600,3865,195,3865,50,3865,0,9462,8,1.0291180999774951
5,0,,2026-07-30T12:38:19.143462,106736,3784,944,3784,667,3784,199,3784,57,3784,1,9461,6,1.0277732999820728
5,0,,2026-07-30T12:38:20.171328,106348,3813,997,3813,659,3813,166,3813,43,3813,2,9465,9,1.0275688999972772
5,0,,2026-07-30T12:38:21.199619,107160,3879,997,3879,649,3879,172,3879,36,3879,2,9445,7,1.0277580000110902
5,0,,2026-07-30T12:38:22.230200,106449,3923,961,3923,687,3923,203,3923,42,3923,1,9664,5,1.0302047000150196
5,0,,2026-07-30T12:38:23.259746,107082,3971,1022,3971,690,3971,182,3971,46,3971,2,9567,5,1.0291853999951854
5,0,,2026-07-30T12:38:24.288718,107488,3905,1010,3905,689,3905,194,3905,48,3905,0,9455,9,1.0285989999829326
5,0,,2026-07-30T12:38:25.318777,107095,3865,995,3865,643,3865,220,3865,39,3865,1,9471,5,1.0294772000052035
5,0,,2026-07-30T12:38:26.348452,106691,3882,998,3882,685,3882,180,3882,61,3882,3,9506,11,1.0291841000143904
5,0,,2026-07-30T12:38:27.377598,107065,3832,973,3832,673,3832,170,3832,34,3832,1,9553,4,1.0286622999992687
5,0,,2026-07-30T12:38:28.407685,106970,3772,943,3772,625,3772,185,3772,55,3772,1,9473,5,1.029730699985521
5,0,,2026-07-30T12:38:29.437760,107036,3839,983,3839,669,3839,169,3839,32,3839,0,9526,5,1.029620299988892
5,0,,2026-07-30T12:38:30.467528,106986,3926,980,3926,697,3926,216,3926,40,3926,2,9741,6,1.0294043000030797
5,0,,2026-07-30T12:38:31.496786,106060,3790,971,3790,638,3790,170,3790,37,3790,1,9369,2,1.028920000011567
5,0,,2026-07-30T12:38:32.524741,106812,3943,1015,3943,688,3943,197,3943,40,3943,0,9487,6,1.027630099997623
5,0,,2026-07-30T12:38:33.553859,106601,3805,1008,3805,637,3805,175,3805,41,3805,2,9626,6,1.0289229000045452
5,0,,2026-07-30T12:38:34.583126,107037,3760,977,3760,653,3760,177,3760,50,3760,1,9638,5,1.0288622000080068
5,0,,2026-07-30T12:38:35.612182,106813,3870,990,3870,649,3870,199,3870,48,3870,2,9499,3,1.028661899996223
5,0,,2026-07-30T12:38:36.641277,107322,3845,1013,3845,631,3845,190,3845,34,3845,5,9663,5,1.0286604999855626
5,0,,2026-07-30T12:38:37.669756,106392,3887,970,3887,608,3887,170,3887,42,3887,2,9545,7,1.0280796999868471
5,0,,2026-07-30T12:38:38.698576,106560,3896,991,3896,634,3896,193,3896,47,3896,1,9742,5,1.0284159000148065
5,0,,2026-07-30T12:38:39.728370,107397,3899,974,3899,646,3899,192,3899,47,3899,0,9698,11,1.0293092999781948
5,0,,2026-07-30T12:38:40.759326,106557,3881,1015,3881,673,3881,187,3881,40,3881,0,9544,5,1.0304353999963496
5,0,,2026-07-30T12:38:41.788744,107567,3856,990,3856,647,3856,198,3856,45,3856,3,9423,3,1.0289566999999806
5,0,,2026-07-30T12:38:42.816272,106756,3876,976,3876,694,3876,177,3876,34,3876,1,9700,2,1.026998299988918
5,0,,2026-07-30T12:38:43.844532,107191,3825,992,3825,637,3825,192,3825,49,3825,0,9451,4,1.0279003000177909
5,0,,2026-07-30T12:38:44.873551,107270,3922,1016,3922,703,3922,191,3922,43,3922,3,9548,7,1.0286829999822658
5,0,,2026-07-30T12:38:45.903280,106850,3805,974,3805,626,3805,198,3805,39,3805,2,9530,4,1.0292454999871552
5,0,,2026-07-30T12:38:46.931514,107245,3863,1027,3863,651,3863,172,3863,43,3863,1,9509,7,1.0278596999996807
5,0,,2026-07-30T12:38:47.959286,106562,3809,976,3809,660,3809,178,3809,36,3809,0,9516,4,1.0274425000243355
5,0,,2026-07-30T12:38:48.988334,107101,3932,1029,3932,687,3932,173,3932,37,3932,3,9593,2,1.0287747999827843
5,0,,2026-07-30T12:38:50.017753,106781,3798,954,3798,680,3798,183,3798,45,3798,1,9393,4,1.029114600009052
5,0,,2026-07-30T12:38:51.044928,106722,3839,957,3839,641,3839,175,3839,40,3839,2,9467,2,1.026980900001945
5,0,,2026-07-30T12:38:52.073620,106959,3985,1030,3985,682,3985,201,3985,45,3985,3,9424,6,1.0284213999984786
5,0,,2026-07-30T12:38:53.102175,106697,3718,975,3718,663,3718,148,3718,45,3718,2,9428,7,1.028200900007505
5,0,,2026-07-30T12:38:54.130150,107080,3897,1084,3897,663,3897,182,3897,38,3897,2,9549,5,1.0276906999934
5,0,,2026-07-30T12:38:55.158078,107729,3842,1011,3842,651,3842,176,3842,45,3842,1,9452,7,1.0274988999881316
5,0,,2026-07-30T12:38:56.188488,106753,3929,1028,3929,643,3929,186,3929,40,3929,0,9493,0,1.0300704000110272
5,0,,2026-07-30T12:38:57.217966,106985,3997,1050,3997,695,3997,206,3997,54,3997,1,9568,7,1.0291510999959428
5,0,,2026-07-30T12:38:58.247005,107001,3909,1024,3909,655,3909,187,3909,46,3909,2,9617,6,1.0286843000212684
5,0,,2026-07-30T12:38:59.277191,107776,3880,984,3880,672,3880,182,3880,48,3880,3,9450,4,1.0297135000000708
5,0,,2026-07-30T12:39:00.306657,106647,3782,915,3782,631,3782,204,3782,40,3782,2,9530,5,1.0290773000160698
5,0,,2026-07-30T12:39:01.335637,107125,3911,998,3911,666,3911,188,3911,61,3911,2,9497,3,1.0285665999981575
5,0,,2026-07-30T12:39:02.365155,106957,3886,949,3886,675,3886,186,3886,39,3886,3,9330,3,1.0290703999926336
5,0,,2026-07-30T12:39:03.395537,106871,3814,1004,3814,613,3814,168,3814,47,3814,0,9398,6,1.0299235999991652
5,0,,2026-07-30T12:39:04.422652,107389,3903,1044,3903,614,3903,219,3903,49,3903,0,9545,2,1.02681300000404
5,0,,2026-07-30T12:39:05.452298,106932,3838,1004,3838,640,3838,182,3838,34,3838,1,9464,6,1.0292814999993425
5,0,,2026-07-30T12:39:06.480773,105925,3868,996,3868,708,3868,170,3868,42,3868,0,9548,6,1.0281017000088468
5,0,,2026-07-30T12:39:07.509965,106942,3883,1014,3883,646,3883,200,3883,43,3883,3,9319,3,1.0287240000034217
5,0,,2026-07-30T12:39:08.538317,107207,3891,983,3891,651,3891,194,3891,40,3891,4,9403,4,1.0279794999805745
5,0,,2026-07-30T12:39:09.567084,106863,3825,976,3825,663,3825,181,3825,37,3825,0,9521,4,1.0283236999821384
5,0,,2026-07-30T12:39:10.596461,107191,3899,983,3899,670,3899,193,3899,29,3899,1,9440,7,1.029037000000244
5,0,,2026-07-30T12:39:11.627073,107082,3809,986,3809,657,3809,159,3809,41,3809,0,9452,5,1.0300406999886036
5,0,,2026-07-30T12:39:12.655828,107119,3982,1051,3982,668,3982,182,3982,51,3982,2,9657,7,1.0283722000021953
5,0,,2026-07-30T12:39:13.683571,106861,3810,993,3810,642,3810,178,3810,35,3810,3,9604,5,1.0273811999941245
5,0,,2026-07-30T12:39:14.712947,106886,3834,1021,3834,625,3834,199,3834,31,3834,1,9401,5,1.0290452000044752
5,0,,2026-07-30T12:39:15.743750,107028,3807,950,3807,665,3807,160,3807,42,3807,2,9500,4,1.0303523000038695
5,0,,2026-07-30T12:39:16.772584,106958,3870,1022,3870,677,3870,172,3870,39,3870,0,9542,4,1.0284954000089783
5,0,,2026-07-30T12:39:17.799557,106820,3849,991,3849,693,3849,198,3849,48,3849,0,9499,5,1.0265729000093415
5,0,,2026-07-30T12:39:18.826261,106488,3797,941,3797,642,3797,208,3797,31,3797,1,9315,6,1.0265567999740597
5,0,,2026-07-30T12:39:19.852519,106937,3890,1035,3890,642,3890,221,3890,44,3890,1,9723,6,1.026013900001999
5,0,,2026-07-30T12:39:20.881665,106391,3884,1031,3884,639,3884,183,3884,32,3884,1,9601,5,1.0289369999954943
5,0,,2026-07-30T12:39:21.909700,107425,3802,933,3802,666,3802,162,3802,43,3802,3,9381,9,1.0275830999889877
5,0,,2026-07-30T12:39:22.941055,107136,3808,1021,3808,642,3808,163,3808,47,3808,0,9765,4,1.0310234999924432
5,0,,2026-07-30T12:39:23.971455,107020,3888,1000,3888,621,3888,170,3888,32,3888,0,9488,9,1.0300698000064585
5,0,,2026-07-30T12:39:25.001092,106567,3819,1061,3819,606,3819,186,3819,38,3819,0,9600,4,1.0292710999783594
5,0,,2026-07-30T12:39:26.029699,106992,3837,971,3837,667,3837,209,3837,46,3837,2,9424,7,1.0282762999995612
5,0,,2026-07-30T12:39:27.056945,106605,3838,997,3838,687,3838,186,3838,48,3838,0,9522,3,1.0268535999930464
5,0,,2026-07-30T12:39:28.086575,106570,3888,991,3888,668,3888,186,3888,43,3888,2,9410,4,1.029001299990341
5,0,,2026-07-30T12:39:29.116996,107539,3869,1027,3869,646,3869,168,3869,47,3869,5,9473,7,1.0296878000081051
5,0,,2026-07-30T12:39:30.145828,107115,3861,946,3861,634,3861,183,3861,42,3861,1,9620,10,1.028455199993914
5,0,,2026-07-30T12:39:31.174611,107142,3971,1014,3971,672,3971,182,3971,55,3971,0,9525,6,1.0284631999966223
5,0,,2026-07-30T12:39:32.204600,107579,3894,1008,3894,678,3894,190,3894,52,3894,0,9445,3,1.029603600007249
5,0,,2026-07-30T12:39:33.232961,107338,3913,1032,3913,667,3913,193,3913,41,3913,2,9300,4,1.0278551999945194
5,0,,2026-07-30T12:39:34.261744,106986,3898,1017,3898,646,3898,192,3898,44,3898,2,9711,2,1.0284567000053357
5,0,,2026-07-30T12:39:35.291482,107193,3877,967,3877,654,3877,196,3877,52,3877,2,9513,7,1.0294166000094265
5,0,,2026-07-30T12:39:36.321745,106978,3903,984,3903,617,3903,219,3903,42,3903,2,9627,6,1.029601799993543
5,0,,2026-07-30T12:39:37.349641,106528,3881,989,3881,647,3881,196,3881,41,3881,1,9536,5,1.0271049999864772
5,0,,2026-07-30T12:39:38.376905,107163,3866,1019,3866,638,3866,179,3866,49,3866,2,9464,4,1.0268711000098847
5,0,,2026-07-30T12:39:39.404590,107121,3757,956,3757,642,3757,191,3757,46,3757,1,9628,5,1.0274249000067357
5,0,,2026-07-30T12:39:40.433200,106935,3828,1041,3828,652,3828,173,3828,43,3828,0,9396,8,1.0282800999993924
5,0,,2026-07-30T12:39:41.461552,106547,3927,1011,3927,644,3927,198,3927,39,3927,2,9614,5,1.028038699994795
5,0,,2026-07-30T12:39:42.490500,106936,3788,931,3788,647,3788,194,3788,48,3788,1,9545,4,1.0285541999910492
5,0,,2026-07-30T12:39:43.519770,107570,3974,1024,3974,657,3974,175,3974,48,3974,1,9556,3,1.028820099978475
5,0,,2026-07-30T12:39:44.547968,107043,3843,966,3843,643,3843,174,3843,42,3843,1,9340,7,1.0277577000088058
5,0,,2026-07-30T12:39:45.576795,106762,3955,1016,3955,640,3955,192,3955,53,3955,0,9468,4,1.0285485000058543
5,0,,2026-07-30T12:39:46.604283,106856,3770,930,3770,670,3770,167,3770,43,3770,3,9457,2,1.0271735000133049
5,0,,2026-07-30T12:39:47.634695,106929,3784,964,3784,642,3784,182,3784,43,3784,1,9392,7,1.0300426000030711
5,0,,2026-07-30T12:39:48.664731,106892,3799,1016,3799,674,3799,187,3799,39,3799,0,9608,2,1.0295882000064012
5,0,,2026-07-30T12:39:49.693881,106919,3821,980,3821,636,3821,183,3821,40,3821,1,9434,4,1.0286656000243966
5,0,,2026-07-30T12:39:50.723526,107133,3736,963,3736,633,3736,179,3736,40,3736,0,9619,6,1.029296799999429
5,0,,2026-07-30T12:39:51.753557,106837,3858,985,3858,651,3858,180,3858,44,3858,0,9542,2,1.02962759998627
5,0,,2026-07-30T12:39:52.785092,106974,3760,947,3760,603,3760,162,3760,54,3760,2,9495,6,1.0309867000032682
5,0,,2026-07-30T12:39:53.814886,107194,3832,977,3832,616,3832,161,3832,49,3832,3,9338,2,1.0292689999914728
5,0,,2026-07-30T12:39:54.843916,107262,3942,1011,3942,661,3942,189,3942,54,3942,0,9415,3,1.0286407999810763
5,0,,2026-07-30T12:39:55.870924,106871,3766,987,3766,646,3766,182,3766,35,3766,1,9355,6,1.026574099989375
5,0,,2026-07-30T12:39:56.899297,106443,3921,966,3921,639,3921,180,3921,44,3921,3,9470,5,1.0281508000043686
5,0,,2026-07-30T12:39:57.928693,107171,3794,1000,3794,650,3794,187,3794,43,3794,2,9572,6,1.0290888999879826
5,0,,2026-07-30T12:39:58.958293,107093,3937,1057,3937,701,3937,206,3937,36,3937,3,9422,6,1.02926439998555
5,0,,2026-07-30T12:39:59.988616,106957,3853,980,3853,642,3853,205,3853,50,3853,0,9668,8,1.0298925999959465
5,0,,2026-07-30T12:40:01.017742,107271,3842,968,3842,645,3842,186,3842,42,3842,2,9696,3,1.0287788999849
5,0,,2026-07-30T12:40:02.047845,107014,3854,1069,3854,629,3854,173,3854,42,3854,2,9473,5,1.029684899986023
5,0,,2026-07-30T12:40:03.076931,106967,3816,964,3816,670,3816,161,3816,38,3816,0,9554,2,1.0286514000035822
5,0,,2026-07-30T12:40:04.105032,107194,3926,1029,3926,619,3926,182,3926,48,3926,0,9436,5,1.027756399998907
5,0,,2026-07-30T12:40:05.133920,106962,3942,1017,3942,672,3942,198,3942,48,3942,1,9374,7,1.0286091000016313
5,0,,2026-07-30T12:40:06.161577,107027,3800,979,3800,632,3800,171,3800,43,3800,4,9504,4,1.027400699997088
5,0,,2026-07-30T12:40:07.190971,106499,3869,974,3869,660,3869,199,3869,42,3869,1,9469,5,1.0290846999851055
5,0,,2026-07-30T12:40:08.219706,107080,3862,996,3862,618,3862,180,3862,38,3862,0,9483,6,1.0283593999920413
5,0,,2026-07-30T12:40:09.249594,107535,3720,926,3720,652,3720,177,3720,50,3720,3,9628,5,1.029252100008307
5,0,,2026-07-30T12:40:10.278270,107305,3841,985,3841,631,3841,192,3841,38,3841,0,9534,7,1.0282912999973632
5,0,,2026-07-30T12:40:11.308512,107663,3923,1058,3923,681,3923,200,3923,28,3923,1,9506,7,1.029850900027668
5,0,,2026-07-30T12:40:12.338365,107089,3920,998,3920,671,3920,197,3920,37,3920,2,9619,9,1.0293933000066318
5,0,,2026-07-30T12:40:13.367351,106470,3857,1043,3857,631,3857,182,3857,43,3857,1,9294,4,1.0285964999930002
5,0,,2026-07-30T12:40:14.396328,106590,3816,1003,3816,645,3816,182,3816,39,3816,3,9537,6,1.02856979999342
5,0,,2026-07-30T12:40:15.425300,106761,3805,996,3805,615,3805,164,3805,45,3805,6,9318,6,1.0283726999768987
5,0,,2026-07-30T12:40:16.453074,107330,3903,1006,3903,649,3903,196,3903,57,3903,3,9527,3,1.0274823000072502
5,0,,2026-07-30T12:40:17.481895,107321,3809,958,3809,622,3809,195,3809,42,3809,2,9567,5,1.0285305000143126
5,0,,2026-07-30T12:40:18.511446,107327,3937,1028,3937,632,3937,189,3937,44,3937,2,9547,2,1.0292398000019602
5,0,,2026-07-30T12:40:19.542254,107020,3822,976,3822,649,3822,176,3822,46,3822,1,9664,4,1.030363199999556
5,0,,2026-07-30T12:40:20.572121,107170,3954,1032,3954,630,3954,189,3954,50,3954,2,9455,8,1.0294323999842163
5,0,,2026-07-30T12:40:21.601047,107088,3824,946,3824,637,3824,183,3824,39,3824,0,9303,5,1.0285207999986596
5,0,,2026-07-30T12:40:22.629496,107157,3870,1023,3870,637,3870,178,3870,49,3870,2,9493,8,1.0281183999904897
5,0,,2026-07-30T12:40:23.659036,107007,3871,988,3871,635,3871,167,3871,42,3871,2,9513,9,1.0290864999988116
5,0,,2026-07-30T12:40:24.687880,107171,3917,989,3917,711,3917,195,3917,55,3917,2,9364,3,1.0284536000108346
5,0,,2026-07-30T12:40:25.715968,106374,3815,961,3815,627,3815,202,3815,36,3815,1,9563,2,1.027685700013535
5,0,,2026-07-30T12:40:26.744892,106729,3849,980,3849,630,3849,203,3849,35,3849,0,9580,12,1.0287481999839656
5,0,,2026-07-30T12:40:27.773957,106788,3898,1025,3898,643,3898,176,3898,45,3898,3,9480,5,1.028685299999779
5,0,,2026-07-30T12:40:28.819376,108754,3951,1030,3951,641,3951,191,3951,43,3951,0,9715,4,1.0450385000149254
5,0,,2026-07-30T12:40:29.848316,107194,3949,980,3949,677,3949,188,3949,43,3949,0,9480,4,1.028503700013971
5,0,,2026-07-30T12:40:30.877089,106245,3855,1040,3855,670,3855,208,3855,38,3855,1,9564,6,1.0284748999984004
5,0,,2026-07-30T12:40:31.905879,106854,3901,1049,3901,665,3901,158,3901,50,3901,1,9527,10,1.0284273000143003
5,0,,2026-07-30T12:40:32.935677,106714,3924,1027,3924,646,3924,192,3924,33,3924,1,9426,7,1.0294564999931026
5,0,,2026-07-30T12:40:33.964067,107460,3898,1032,3898,668,3898,188,3898,32,3898,0,9439,11,1.0280079999938607
5,0,,2026-07-30T12:40:34.992989,106388,3984,1055,3984,629,3984,211,3984,46,3984,1,9377,6,1.0286606999870855
5,0,,2026-07-30T12:40:36.021724,106733,3861,1024,3861,647,3861,163,3861,47,3861,1,9518,6,1.0284051000198815
5,0,,2026-07-30T12:40:37.051434,107536,3876,1076,3876,648,3876,188,3876,54,3876,1,9455,5,1.02941709998413
5,0,,2026-07-30T12:40:38.080093,107186,3861,1035,3861,642,3861,179,3861,33,3861,1,9502,3,1.028262600011658
5,0,,2026-07-30T12:40:39.109862,106325,3817,992,3817,671,3817,198,3817,45,3817,1,9446,5,1.0293831000162754
5,0,,2026-07-30T12:40:40.139720,107362,3843,986,3843,653,3843,160,3843,44,3843,1,9595,4,1.0294560999900568
5,0,,2026-07-30T12:40:41.168838,106992,3898,1005,3898,650,3898,191,3898,50,3898,2,9324,4,1.0287876999936998
5,0,,2026-07-30T12:40:42.198530,107027,3873,1026,3873,650,3873,193,3873,37,3873,2,9478,4,1.0291032000095583
5,0,,2026-07-30T12:40:43.227231,106993,3880,1007,3880,644,3880,207,3880,51,3880,4,9555,5,1.0282441999879666
5,0,,2026-07-30T12:40:44.256992,106902,3841,1061,3841,658,3841,153,3841,30,3841,2,9443,5,1.0292753000103403
5,0,,2026-07-30T12:40:45.285709,107225,3898,982,3898,674,3898,191,3898,35,3898,2,9575,7,1.0282508000091184
5,0,,2026-07-30T12:40:46.314936,106766,3781,991,3781,610,3781,196,3781,42,3781,2,9509,8,1.0287846999999601
5,0,,2026-07-30T12:40:47.343734,106694,3687,967,3687,610,3687,179,3687,26,3687,2,9460,8,1.0284335000033025
5,0,,2026-07-30T12:40:48.373712,106676,3835,986,3835,632,3835,184,3835,43,3835,2,9639,2,1.0294784999859985
5,0,,2026-07-30T12:40:49.401655,107425,3858,1000,3858,665,3858,200,3858,41,3858,4,9287,7,1.02743659997941
5,0,,2026-07-30T12:40:50.431289,107208,3874,995,3874,625,3874,193,3874,49,3874,3,9484,5,1.0293157999985851
5,0,,2026-07-30T12:40:51.459882,107476,3792,953,3792,666,3792,182,3792,36,3792,3,9482,3,1.028241899999557
5,0,,2026-07-30T12:40:52.489077,107041,3782,982,3782,612,3782,160,3782,49,3782,0,9613,8,1.028722499992
5,0,,2026-07-30T12:40:53.518033,107042,3844,1008,3844,648,3844,159,3844,46,3844,2,9525,2,1.0285648999852128
5,0,,2026-07-30T12:40:54.547749,106805,3923,1055,3923,657,3923,181,3923,38,3923,3,9584,8,1.0292894000012893
5,0,,2026-07-30T12:40:55.577057,106772,3926,1022,3926,639,3926,168,3926,42,3926,1,9521,2,1.0289692000078503
5,0,,2026-07-30T12:40:56.606985,106432,3896,958,3896,703,3896,189,3896,40,3896,0,9424,6,1.029609499993967
5,0,,2026-07-30T12:40:57.635907,106836,3837,965,3837,654,3837,191,3837,32,3837,1,9632,7,1.0284495999803767
5,0,,2026-07-30T12:40:58.664133,107087,3944,1045,3944,667,3944,163,3944,28,3944,1,9500,5,1.0277876000036485
5,0,,2026-07-30T12:40:59.694614,107003,3877,994,3877,652,3877,192,3877,47,3877,1,9466,5,1.0301737999834586
5,0,,2026-07-30T12:41:00.725302,107284,3884,1013,3884,625,3884,176,3884,45,3884,1,9472,11,1.030122099997243
5,0,,2026-07-30T12:41:01.754485,106793,3932,1001,3932,652,3932,194,3932,49,3932,0,9594,7,1.028801000007661
5,0,,2026-07-30T12:41:02.783655,107081,3883,1042,3883,638,3883,179,3883,38,3883,1,9534,7,1.028715899999952
5,0,,2026-07-30T12:41:03.812723,107329,3856,1024,3856,668,3856,199,3856,42,3856,0,9624,6,1.0287216000142507
5,0,,2026-07-30T12:41:04.843307,106911,3863,979,3863,670,3863,196,3863,48,3863,5,9554,2,1.0302465000131633
5,0,,2026-07-30T12:41:05.872369,107581,3897,989,3897,643,3897,172,3897,49,3897,5,9791,5,1.0286060000071302
5,0,,2026-07-30T12:41:06.900851,106680,3878,996,3878,696,3878,185,3878,44,3878,2,9662,2,1.0280826000089291
5,0,,2026-07-30T12:41:07.931019,106843,3940,1014,3940,691,3940,215,3940,38,3940,1,9322,2,1.0298206000006758
5,0,,2026-07-30T12:41:08.960389,107159,3878,972,3878,691,3878,186,3878,50,3878,0,9620,0,1.029037000000244
5,0,,2026-07-30T12:41:09.989372,106819,3831,1032,3831,650,3831,208,3831,27,3831,1,9449,3,1.0286017999751493
5,0,,2026-07-30T12:41:11.019014,106732,3843,1023,3843,671,3843,168,3843,32,3843,0,9559,7,1.0292711000074632
5,0,,2026-07-30T12:41:12.048022,107137,3763,955,3763,646,3763,185,3763,43,3763,5,9680,8,1.0286641000129748
5,0,,2026-07-30T12:41:13.077501,106354,3896,998,3896,707,3896,195,3896,51,3896,1,9390,7,1.0290569000062533
5,0,,2026-07-30T12:41:14.107756,107117,3856,957,3856,618,3856,215,3856,42,3856,2,9351,2,1.029779900010908
5,0,,2026-07-30T12:41:15.138130,107590,4058,1063,4058,677,4058,179,4058,52,4058,2,9519,4,1.0299553999793716
5,0,,2026-07-30T12:41:16.166461,107060,3939,1008,3939,692,3939,197,3939,49,3939,1,9633,8,1.0280564999848139
5,0,,2026-07-30T12:41:17.195911,106865,3856,1031,3856,635,3856,193,3856,48,3856,0,9561,9,1.0292650999908801
5,0,,2026-07-30T12:41:18.225383,107195,3788,985,3788,634,3788,181,3788,49,3788,0,9627,3,1.0291578999895137
5,0,,2026-07-30T12:41:19.253365,106846,3793,994,3793,650,3793,193,3793,46,3793,0,9694,5,1.027504500001669
5,0,,2026-07-30T12:41:20.282041,107121,3873,1036,3873,637,3873,185,3873,29,3873,3,9477,4,1.0282274000055622
5,0,,2026-07-30T12:41:21.310376,106622,3788,1025,3788,652,3788,161,3788,30,3788,1,9583,10,1.027889499993762
5,0,,2026-07-30T12:41:22.339121,106697,3785,948,3785,609,3785,199,3785,47,3785,0,9497,3,1.0283906999975443
5,0,,2026-07-30T12:41:23.367553,107072,3792,981,3792,624,3792,169,3792,41,3792,0,9589,1,1.0281298000190873
5,0,,2026-07-30T12:41:24.397629,106926,3724,954,3724,603,3724,188,3724,56,3724,1,9371,8,1.0296725000080187
5,0,,2026-07-30T12:41:25.426081,107650,3973,1019,3973,691,3973,199,3973,34,3973,2,9577,9,1.0280694000248332
5,0,,2026-07-30T12:41:26.454775,106879,3968,1024,3968,688,3968,182,3968,43,3968,0,9659,9,1.0283704999892507
5,0,,2026-07-30T12:41:27.484586,106309,3751,974,3751,631,3751,191,3751,43,3751,5,9437,4,1.0293649999948684
5,0,,2026-07-30T12:41:28.513432,106956,3872,1018,3872,640,3872,187,3872,48,3872,2,9617,7,1.0283383000059985
5,0,,2026-07-30T12:41:29.542155,106676,3780,990,3780,637,3780,176,3780,52,3780,0,9356,5,1.0283412999997381
5,0,,2026-07-30T12:41:30.571434,106688,3823,961,3823,653,3823,212,3823,51,3823,0,9614,5,1.0288741999829654
5,0,,2026-07-30T12:41:31.599948,107390,3876,1000,3876,661,3876,196,3876,40,3876,0,9578,8,1.02780160002294
5,0,,2026-07-30T12:41:32.628892,106571,3808,999,3808,629,3808,157,3808,41,3808,0,9479,6,1.028429199999664
5,0,,2026-07-30T12:41:33.658152,107116,3872,968,3872,664,3872,186,3872,40,3872,0,9601,6,1.0288161000062246
5,0,,2026-07-30T12:41:34.687201,107022,3923,1004,3923,692,3923,195,3923,48,3923,2,9765,8,1.0286460000206716
5,0,,2026-07-30T12:41:35.716755,106488,3907,990,3907,607,3907,218,3907,45,3907,0,9481,5,1.0292055000027176
5,0,,2026-07-30T12:41:36.746172,107241,3927,1004,3927,663,3927,201,3927,38,3927,1,9395,5,1.028749599994626
5,0,,2026-07-30T12:41:37.775776,106844,3831,942,3831,649,3831,194,3831,52,3831,1,9481,3,1.0291725999850314
5,0,,2026-07-30T12:41:38.805162,107224,3888,1008,3888,667,3888,165,3888,48,3888,1,9615,6,1.0289489999995567
5,0,,2026-07-30T12:41:39.834891,107077,3876,949,3876,666,3876,221,3876,43,3876,2,9611,5,1.0291824000014458
5,0,,2026-07-30T12:41:40.863005,106966,3795,964,3795,636,3795,186,3795,35,3795,0,9495,5,1.0275936000107322
5,0,,2026-07-30T12:41:41.893336,106535,3929,1013,3929,678,3929,186,3929,39,3929,0,9628,2,1.030088400002569
5,0,,2026-07-30T12:41:42.922171,106864,3865,1006,3865,643,3865,173,3865,39,3865,1,9765,4,1.0284684000071138
5,0,,2026-07-30T12:41:43.952374,106756,3857,985,3857,623,3857,186,3857,50,3857,0,9448,7,1.029766899999231
5,0,,2026-07-30T12:41:44.981682,107374,3889,1005,3889,640,3889,180,3889,36,3889,1,9506,4,1.0288658000063151
5,0,,2026-07-30T12:41:46.011003,107051,3806,983,3806,662,3806,187,3806,52,3806,0,9619,5,1.0289346000063233
5,0,,2026-07-30T12:41:47.041086,107195,3797,1021,3797,600,3797,187,3797,42,3797,0,9595,4,1.0297311000176705
5,0,,2026-07-30T12:41:48.070554,106712,3845,988,3845,648,3845,185,3845,35,3845,0,9442,8,1.0289708999916911
5,0,,2026-07-30T12:41:49.099699,107264,3791,952,3791,621,3791,206,3791,46,3791,4,9469,3,1.0286056000040844
5,0,,2026-07-30T12:41:50.131060,106896,3775,908,3775,692,3775,184,3775,35,3775,1,9626,6,1.030982900003437
5,0,,2026-07-30T12:41:51.159556,106808,3837,969,3837,646,3837,201,3837,44,3837,1,9457,2,1.0280705999757629
5,0,,2026-07-30T12:41:52.189073,107115,3851,1034,3851,619,3851,170,3851,44,3851,0,9522,8,1.0292019000044093
5,0,,2026-07-30T12:41:53.218319,106543,3804,981,3804,642,3804,174,3804,51,3804,0,9532,5,1.0288053999829572
5,0,,2026-07-30T12:41:54.247894,106711,3840,990,3840,667,3840,206,3840,38,3840,0,9562,7,1.0291156999883242
5,0,,2026-07-30T12:41:55.277109,107330,3927,1043,3927,660,3927,180,3927,36,3927,0,9482,5,1.0286999999952968
5,0,,2026-07-30T12:41:56.307045,106907,3816,936,3816,654,3816,213,3816,53,3816,1,9491,5,1.029578899993794
5,0,,2026-07-30T12:41:57.336970,107305,3900,986,3900,679,3900,169,3900,54,3900,0,9466,7,1.029406999994535
5,0,,2026-07-30T12:41:58.365600,106840,3778,1001,3778,652,3778,186,3778,41,3778,0,9582,4,1.0282539000036195
5,0,,2026-07-30T12:41:59.395750,107052,3782,946,3782,648,3782,169,3782,52,3782,3,9433,3,1.0296893000195269
5,0,,2026-07-30T12:42:00.424704,107310,3793,1005,3793,634,3793,189,3793,46,3793,0,9492,1,1.0286129000014625
5,0,,2026-07-30T12:42:01.452768,106900,3849,987,3849,647,3849,194,3849,53,3849,0,9495,0,1.0274733999976888
5,0,,2026-07-30T12:42:02.481700,106337,3836,959,3836,638,3836,209,3836,47,3836,4,9532,9,1.0285981000051834
5,0,,2026-07-30T12:42:03.511685,107048,3879,998,3879,629,3879,181,3879,41,3879,2,9553,4,1.0295440999907441
5,0,,2026-07-30T12:42:04.539740,106910,3754,974,3754,606,3754,166,3754,42,3754,1,9323,3,1.0276416999986395
5,0,,2026-07-30T12:42:05.566273,106609,3822,957,3822,622,3822,163,3822,38,3822,1,9536,7,1.0262418999918737
5,0,,2026-07-30T12:42:06.594460,106563,3831,975,3831,650,3831,182,3831,46,3831,1,9446,6,1.0275189999956638
5,0,,2026-07-30T12:42:07.622958,106769,3886,981,3886,658,3886,181,3886,41,3886,2,9559,2,1.0283411999989767
5,0,,2026-07-30T12:42:08.650583,106961,3854,965,3854,690,3854,204,3854,51,3854,3,9421,7,1.0271871000004467
5,0,,2026-07-30T12:42:09.679317,106775,3871,1008,3871,680,3871,199,3871,43,3871,3,9525,7,1.0284728999831714
5,0,,2026-07-30T12:42:10.708492,106735,3832,995,3832,679,3832,169,3832,38,3832,0,9573,6,1.0286569000163581
5,0,,2026-07-30T12:42:11.737089,106917,3925,1021,3925,699,3925,197,3925,38,3925,4,9412,4,1.0281893000064883
5,0,,2026-07-30T12:42:12.767503,107173,3849,1014,3849,649,3849,208,3849,37,3849,2,9442,7,1.0298830000101589
5,0,,2026-07-30T12:42:13.796149,106492,3925,988,3925,675,3925,190,3925,41,3925,1,9584,7,1.0281344999966677
5,0,,2026-07-30T12:42:14.825531,106522,3827,964,3827,651,3827,191,3827,39,3827,3,9548,4,1.0289318999857642
5,0,,2026-07-30T12:42:15.855103,107599,3726,1006,3726,656,3726,208,3726,42,3726,2,9582,6,1.0290512000210583
5,0,,2026-07-30T12:42:16.885045,106832,3842,1017,3842,685,3842,179,3842,50,3842,4,9462,3,1.0294539000024088
5,0,,2026-07-30T12:42:17.912871,106579,3822,994,3822,604,3822,195,3822,38,3822,3,9500,3,1.0274817000026815
5,0,,2026-07-30T12:42:18.939085,106802,3929,998,3929,663,3929,210,3929,54,3929,0,9506,6,1.0259209999931045
5,0,,2026-07-30T12:42:19.967406,106377,3822,987,3822,629,3822,186,3822,28,3822,2,9401,0,1.0280434000014793
5,0,,2026-07-30T12:42:20.994455,107325,3871,1001,3871,656,3871,169,3871,40,3871,0,9563,7,1.0267537999898195
5,0,,2026-07-30T12:42:22.021610,107070,3778,937,3778,623,3778,172,3778,36,3778,1,9551,2,1.0268866999831516
5,0,,2026-07-30T12:42:23.048449,107150,3886,1020,3886,660,3886,158,3886,47,3886,1,9412,6,1.0265374000009615
5,0,,2026-07-30T12:42:24.076482,106615,3918,1004,3918,643,3918,188,3918,51,3918,2,9424,4,1.0277950000017881
5,0,,2026-07-30T12:42:25.105666,107255,3951,1005,3951,681,3951,166,3951,56,3951,1,9614,4,1.0287693999998737
5,0,,2026-07-30T12:42:26.134812,106302,3779,980,3779,615,3779,169,3779,45,3779,1,9599,7,1.0288379000267014
5,0,,2026-07-30T12:42:27.164231,107334,3862,1033,3862,653,3862,170,3862,48,3862,2,9483,7,1.0290016999933869
5,0,,2026-07-30T12:42:28.194001,106599,3815,937,3815,621,3815,198,3815,35,3815,4,9566,4,1.02938669998548
5,0,,2026-07-30T12:42:29.223012,106805,3876,1014,3876,662,3876,161,3876,34,3876,1,9506,6,1.0286036000179593
5,0,,2026-07-30T12:42:30.251692,107318,3857,968,3857,648,3857,224,3857,36,3857,1,9584,3,1.0283158000092953
5,0,,2026-07-30T12:42:31.280411,106710,3851,1006,3851,649,3851,179,3851,49,3851,0,9642,6,1.0282836999977008
5,0,,2026-07-30T12:42:32.307739,106629,3836,1053,3836,588,3837,175,3837,64,3837,1,9521,5,1.0270420999731869
5,0,,2026-07-30T12:42:33.336898,107067,3817,1001,3817,653,3816,177,3816,45,3816,1,9506,4,1.0288727000006475
5,0,,2026-07-30T12:42:34.366306,107378,3803,930,3803,668,3803,186,3803,45,3803,0,9517,5,1.0289986999996472
5,0,,2026-07-30T12:42:35.397184,106853,3818,1012,3818,659,3818,173,3818,51,3818,1,9462,4,1.0304731999931391
5,0,,2026-07-30T12:42:36.425195,107088,3769,986,3769,611,3769,197,3769,42,3769,2,9374,7,1.0276799999992363
5,0,,2026-07-30T12:42:37.454827,106562,3694,953,3694,620,3694,178,3694,41,3694,0,9463,5,1.0290715000010096
5,0,,2026-07-30T12:42:38.483833,106805,3804,1008,3804,632,3804,172,3804,43,3804,3,9612,5,1.028476999985287
5,0,,2026-07-30T12:42:39.513360,106058,3941,969,3941,651,3941,218,3941,47,3941,1,9367,6,1.0290345000103116
5,0,,2026-07-30T12:42:40.541947,106934,3885,1008,3885,700,3885,188,3885,51,3885,3,9446,9,1.0281030000187457
5,0,,2026-07-30T12:42:41.571817,106655,3861,968,3861,718,3861,160,3861,44,3861,1,9568,5,1.0295534000033513
5,0,,2026-07-30T12:42:42.601789,107076,3838,975,3838,658,3838,175,3838,38,3838,3,9318,4,1.0295786999922711
5,0,,2026-07-30T12:42:43.630338,107456,3945,1015,3945,707,3945,197,3945,37,3945,3,9524,5,1.0282125000085216
5,0,,2026-07-30T12:42:44.659420,106774,3857,956,3857,684,3857,151,3857,42,3857,2,9351,3,1.028616099996725
5,0,,2026-07-30T12:42:45.688780,106510,3880,963,3880,663,3880,189,3880,38,3880,1,9550,4,1.029058599990094
5,0,,2026-07-30T12:42:46.717768,106635,3752,974,3752,603,3752,173,3752,45,3752,0,9717,5,1.0286568999872543
5,0,,2026-07-30T12:42:47.746660,107167,3903,1014,3903,657,3903,202,3903,39,3903,0,9534,4,1.0285415999824181
5,0,,2026-07-30T12:42:48.776507,107124,3836,1045,3836,652,3836,190,3836,41,3836,1,9554,3,1.0294517000147607
5,0,,2026-07-30T12:42:49.805575,106895,3848,1015,3848,633,3848,160,3848,43,3848,0,9517,4,1.0286912999872584
5,0,,2026-07-30T12:42:50.834995,106796,3893,1019,3893,654,3893,191,3893,47,3893,1,9632,5,1.0289795999997295
5,0,,2026-07-30T12:42:51.864836,107005,3917,1043,3917,642,3917,174,3917,47,3917,0,9473,7,1.0294060000160243
5,0,,2026-07-30T12:42:52.894571,106863,3878,981,3878,659,3878,184,3878,39,3878,4,9456,2,1.0292825999786146
5,0,,2026-07-30T12:42:53.924411,106887,3820,970,3820,600,3820,205,3820,35,3820,1,9461,2,1.029429899994284
5,0,,2026-07-30T12:42:54.952769,106730,3885,979,3885,657,3885,198,3885,46,3885,2,9716,3,1.028020199999446
5,0,,2026-07-30T12:42:55.981197,107189,3944,1016,3944,680,3944,199,3944,38,3944,2,9661,6,1.0282403999881353
5,0,,2026-07-30T12:42:57.016630,107245,3829,984,3829,670,3829,184,3829,50,3829,1,9646,6,1.034947199979797
5,0,,2026-07-30T12:42:58.045365,106705,3791,991,3791,658,3791,162,3791,44,3791,1,9349,8,1.0269908000191208
5,0,,2026-07-30T12:42:59.074726,107034,3855,1044,3855,636,3855,186,3855,35,3855,3,9592,9,1.0290777000191156
5,0,,2026-07-30T12:43:00.102681,106279,3784,1000,3784,620,3784,191,3784,43,3784,1,9358,8,1.0275798999937251
5,0,,2026-07-30T12:43:01.133173,106415,3821,985,3821,636,3821,183,3821,38,3821,1,9449,4,1.0302725000074133
5,0,,2026-07-30T12:43:02.161930,107070,3865,1032,3865,610,3865,178,3865,40,3865,1,9496,2,1.0284491000056732
5,0,,2026-07-30T12:43:03.191327,106855,3808,1018,3808,639,3808,177,3808,37,3808,0,9425,4,1.0290944000007585
5,0,,2026-07-30T12:43:04.220271,107324,3864,989,3864,646,3864,195,3864,50,3864,1,9599,2,1.0286184000142384
5,0,,2026-07-30T12:43:05.249891,106878,3930,1048,3930,657,3930,183,3930,35,3930,0,9564,7,1.029222800018033
5,0,,2026-07-30T12:43:06.280675,106843,3829,1039,3829,672,3829,200,3829,26,3829,2,9414,8,1.030329500004882
5,0,,2026-07-30T12:43:07.309450,106439,3851,1031,3851,640,3851,181,3851,43,3851,3,9597,4,1.028388900012942
5,0,,2026-07-30T12:43:08.338298,106999,3769,928,3769,692,3769,191,3769,48,3769,1,9487,5,1.0283303000032902
5,0,,2026-07-30T12:43:09.368961,107256,3900,1047,3900,670,3900,194,3900,36,3900,3,9801,5,1.030298599973321
5,0,,2026-07-30T12:43:10.399208,106601,3865,995,3865,688,3865,166,3865,41,3865,1,9597,7,1.029921099980129
5,0,,2026-07-30T12:43:11.428392,106884,3929,1004,3929,616,3929,181,3929,57,3929,0,9474,8,1.0288210999860894
5,0,,2026-07-30T12:43:12.457931,107054,3765,971,3765,635,3765,159,3765,41,3765,0,9660,8,1.0292333999823313
5,0,,2026-07-30T12:43:13.486776,107238,3859,997,3859,661,3859,189,3859,38,3859,1,9588,10,1.0284044000145514
5,0,,2026-07-30T12:43:14.517388,106737,3761,968,3761,635,3761,188,3761,44,3761,1,9491,8,1.0302627999917604
5,0,,2026-07-30T12:43:15.546383,106507,3863,983,3863,662,3863,196,3863,43,3863,0,9428,1,1.0285315999935847
5,0,,2026-07-30T12:43:16.575375,107387,3854,995,3854,648,3854,166,3854,45,3854,0,9419,5,1.0286261000146624
5,0,,2026-07-30T12:43:17.604412,106802,3764,974,3764,654,3764,182,3764,35,3764,1,9638,10,1.0286800999892876
5,0,,2026-07-30T12:43:18.635094,106896,3891,980,3891,654,3891,211,3891,37,3891,3,9608,6,1.030253900011303
5,0,,2026-07-30T12:43:19.663312,106374,3861,997,3861,608,3861,186,3861,54,3861,3,9612,10,1.0278813999902923
5,0,,2026-07-30T12:43:20.692304,106769,3849,1040,3849,647,3849,191,3849,37,3849,2,9498,8,1.0286767999932636
5,0,,2026-07-30T12:43:21.721734,106823,3828,1015,3828,623,3828,178,3828,34,3828,2,9592,5,1.0290808000136167
5,0,,2026-07-30T12:43:22.750365,106256,3813,1039,3813,616,3813,193,3813,31,3813,0,9654,9,1.0282424000033643
5,0,,2026-07-30T12:43:23.777583,106339,3911,974,3911,664,3911,210,3911,44,3911,3,9437,4,1.0269185999932233
5,0,,2026-07-30T12:43:24.806871,106599,3909,984,3909,653,3909,179,3909,21,3909,2,9475,4,1.0288901000167243
5,0,,2026-07-30T12:43:25.836299,107437,3858,1007,3858,624,3858,178,3858,50,3858,1,9466,6,1.0291153999860398
5,0,,2026-07-30T12:43:26.863055,106300,3803,999,3803,668,3803,184,3803,35,3803,2,9495,4,1.026461500005098
5,0,,2026-07-30T12:43:27.891643,106639,3741,935,3741,624,3741,181,3741,26,3741,1,9306,3,1.028272299998207
5,0,,2026-07-30T12:43:28.918841,106854,3800,928,3800,614,3800,191,3800,49,3800,0,9591,7,1.026846900000237
5,0,,2026-07-30T12:43:29.946187,106595,3896,1022,3896,627,3896,177,3896,44,3896,2,9495,2,1.0270996000035666
5,0,,2026-07-30T12:43:30.973653,107004,3784,1020,3784,610,3784,174,3784,40,3784,2,9585,9,1.0272206999943592
5,0,,2026-07-30T12:43:32.008739,105858,3904,994,3904,690,3904,190,3904,35,3904,2,9440,7,1.034816300001694
5,0,,2026-07-30T12:43:33.037269,107192,3975,1004,3975,649,3975,183,3975,35,3975,3,9510,8,1.0277277999848593
5,0,,2026-07-30T12:43:34.066019,106374,3759,1032,3759,603,3759,158,3759,50,3759,0,9623,4,1.028567799978191
5,0,,2026-07-30T12:43:35.095949,107682,3877,1037,3877,643,3877,183,3877,40,3877,2,9566,3,1.0295749999932013
5,0,,2026-07-30T12:43:36.125853,107054,3794,967,3794,660,3794,163,3794,45,3794,1,9522,3,1.029516100010369
5,0,,2026-07-30T12:43:37.154462,106973,3837,1017,3837,633,3837,210,3837,41,3837,3,9424,10,1.0282563000218943
5,0,,2026-07-30T12:43:38.182344,106705,3924,987,3924,697,3924,203,3924,37,3924,4,9712,4,1.0274629000050481
5,0,,2026-07-30T12:43:39.212408,106022,3682,928,3682,621,3682,174,3682,51,3682,2,9387,3,1.029782300000079
5,0,,2026-07-30T12:43:40.244018,107158,3809,1059,3809,603,3809,185,3809,45,3809,0,9584,6,1.0311443000100553
5,0,,2026-07-30T12:43:41.274307,107374,3817,993,3817,648,3817,188,3817,37,3817,1,9635,2,1.0298565000121016
5,0,,2026-07-30T12:43:42.304110,107551,3924,1056,3924,641,3924,202,3924,40,3924,2,9482,11,1.029361599998083
5,0,,2026-07-30T12:43:43.334088,106691,3863,974,3863,663,3863,196,3863,52,3863,2,9434,10,1.0292311999946833
5,0,,2026-07-30T12:43:44.365014,106909,3928,1006,3928,664,3928,188,3928,38,3928,2,9725,1,1.0305822999798693
5,0,,2026-07-30T12:43:45.393239,106899,3907,1020,3907,605,3907,195,3907,45,3907,1,9396,9,1.0278741999936756
5,0,,2026-07-30T12:43:46.424068,106545,3826,1009,3826,629,3826,160,3826,40,3826,1,9165,7,1.0303684000100475
5,0,,2026-07-30T12:43:47.451851,107425,3784,985,3784,649,3784,203,3784,35,3784,1,9596,4,1.0275667000096291
5,0,,2026-07-30T12:43:48.478285,106461,3763,928,3763,640,3763,204,3763,45,3763,1,9386,5,1.0262955999933183
5,0,,2026-07-30T12:43:49.508313,106819,3867,924,3867,693,3867,195,3867,55,3867,1,9476,5,1.0297304000123404
5,0,,2026-07-30T12:43:50.537240,107509,3915,1015,3915,696,3915,185,3915,39,3915,2,9750,7,1.0284436000220012
5,0,,2026-07-30T12:43:51.567025,107155,3886,1004,3886,632,3886,190,3886,45,3886,2,9690,8,1.0293192000244744
5,0,,2026-07-30T12:43:52.594991,106862,3869,965,3869,685,3869,161,3869,54,3869,1,9486,3,1.027483999991091
5,0,,2026-07-30T12:43:53.623723,106389,3743,927,3743,646,3743,185,3743,45,3743,1,9513,4,1.0282689000014216
5,0,,2026-07-30T12:43:54.651323,106831,3909,1055,3909,666,3909,180,3909,46,3909,3,9591,1,1.0272586999926716
5,0,,2026-07-30T12:43:55.679762,106785,3905,1028,3905,710,3905,202,3905,45,3905,2,9330,6,1.028182200010633
5,0,,2026-07-30T12:43:56.708728,106796,3843,1020,3843,638,3843,198,3843,39,3843,2,9481,8,1.0286082999955397
5,0,,2026-07-30T12:43:57.738310,107023,3883,967,3883,692,3883,199,3883,41,3883,0,9578,5,1.0290850000164937
5,0,,2026-07-30T12:43:58.767786,107188,3814,991,3814,633,3814,171,3814,40,3814,1,9536,4,1.0292077000194695
5,0,,2026-07-30T12:43:59.796315,106292,3773,1030,3773,652,3773,168,3773,40,3773,3,9199,12,1.0281767999986187
5,0,,2026-07-30T12:44:00.825368,106354,3674,997,3674,546,3674,168,3674,45,3674,2,9473,7,1.0287684999930207
5,0,,2026-07-30T12:44:01.855773,107005,3832,983,3832,676,3832,181,3832,47,3832,1,9652,11,1.0300002000003587
5,0,,2026-07-30T12:44:02.885775,106984,3780,1026,3780,648,3780,183,3780,53,3780,4,9601,5,1.0295691000064835
5,0,,2026-07-30T12:44:03.916339,106897,3825,979,3825,615,3825,175,3825,48,3825,1,9461,6,1.0301814999838825
5,0,,2026-07-30T12:44:04.946143,107262,3869,984,3869,666,3869,205,3869,42,3869,2,9340,2,1.0294092999829445
5,0,,2026-07-30T12:44:05.977178,106789,3792,960,3792,678,3792,199,3792,31,3792,1,9719,7,1.0306331000174396
5,0,,2026-07-30T12:44:07.007665,106635,3786,985,3786,641,3786,188,3786,39,3786,1,9354,4,1.0301056999887805
5,0,,2026-07-30T12:44:08.036801,106966,3769,1005,3769,632,3769,192,3769,43,3769,0,9428,6,1.0286915999895427
5,0,,2026-07-30T12:44:09.066230,106553,3870,985,3870,691,3870,183,3870,48,3870,2,9647,2,1.0290784999961033
5,0,,2026-07-30T12:44:10.095952,106828,4022,998,4022,720,4022,206,4022,55,4022,3,9563,5,1.0293296999880113
5,0,,2026-07-30T12:44:11.125550,106435,3821,963,3821,676,3821,203,3821,50,3821,0,9629,8,1.0292519000067841
5,0,,2026-07-30T12:44:12.154426,107306,3894,1022,3894,697,3894,179,3894,38,3894,1,9501,6,1.0285283999983221
5,0,,2026-07-30T12:44:13.183825,106846,3976,980,3976,666,3976,207,3976,54,3976,1,9623,7,1.029031300015049
5,0,,2026-07-30T12:44:14.269553,112381,4079,1082,4079,702,4079,190,4079,51,4079,1,9941,12,1.0854155000124592
5,0,,2026-07-30T12:44:15.296342,106753,3879,993,3879,677,3879,216,3879,51,3879,1,9578,4,1.0263332999893464
5,0,,2026-07-30T12:44:16.323989,107157,3923,1005,3923,646,3923,206,3923,48,3923,2,9559,8,1.0273438000003807
5,0,,2026-07-30T12:44:17.349892,106488,3785,960,3785,655,3785,207,3785,38,3785,3,9429,5,1.0256458999938332
5,0,,2026-07-30T12:44:18.379961,106114,3861,965,3861,696,3861,148,3861,40,3861,0,9472,7,1.029841400013538
5,0,,2026-07-30T12:44:19.409372,106834,3909,1014,3909,651,3909,194,3909,30,3909,4,9614,3,1.0288972000125796
5,0,,2026-07-30T12:44:20.439222,106636,3768,988,3768,570,3768,207,3768,33,3768,1,9385,2,1.029411199997412
5,0,,2026-07-30T12:44:21.469038,106502,3775,980,3775,661,3775,171,3775,49,3775,1,9665,2,1.0295049000123981
5,0,,2026-07-30T12:44:22.497974,107240,3894,1015,3894,628,3894,188,3894,37,3894,2,9515,7,1.028479700005846
5,0,,2026-07-30T12:44:23.527117,107083,3800,1020,3800,673,3800,144,3800,45,3800,3,9405,2,1.0287259999895468
5,0,,2026-07-30T12:44:24.554953,106479,3787,974,3787,647,3787,182,3787,42,3787,1,9472,8,1.0274822000064887
5,0,,2026-07-30T12:44:25.581764,106458,3818,1011,3818,622,3818,202,3818,38,3818,1,9430,4,1.0265421999793034
5,0,,2026-07-30T12:44:26.611724,106709,3859,988,3859,669,3859,183,3859,52,3859,1,9412,4,1.0296893999911845
5,0,,2026-07-30T12:44:27.641108,106785,3927,1038,3927,660,3927,207,3927,44,3927,1,9510,4,1.0290287999960128
5,0,,2026-07-30T12:44:28.670530,106994,3917,1036,3917,670,3917,185,3917,57,3917,0,9445,4,1.0289748000213876
5,0,,2026-07-30T12:44:29.701033,107265,3850,973,3850,678,3850,194,3850,34,3850,1,9602,5,1.030092800006969
5,0,,2026-07-30T12:44:30.730047,106641,3834,940,3834,622,3834,194,3834,34,3834,0,9508,4,1.028571999981068
5,0,,2026-07-30T12:44:31.758811,106764,3750,959,3750,584,3750,189,3750,43,3750,0,9586,5,1.0284338000055868
5,0,,2026-07-30T12:44:32.788214,107004,3904,995,3904,670,3904,208,3904,50,3904,3,9555,4,1.028898599994136
5,0,,2026-07-30T12:44:33.817295,106787,3917,1060,3917,658,3917,186,3917,38,3917,2,9500,7,1.0288060000166297
5,0,,2026-07-30T12:44:34.847677,106891,3851,1005,3851,688,3851,195,3851,34,3851,2,9551,5,1.029986400011694
5,0,,2026-07-30T12:44:35.878997,107000,3736,938,3736,641,3736,171,3736,36,3736,2,9692,8,1.0309321000240743
5,0,,2026-07-30T12:44:36.908037,107175,3786,1016,3786,655,3786,182,3786,34,3786,1,9531,7,1.0286072000162676
5,0,,2026-07-30T12:44:37.936004,106972,3996,1047,3996,691,3996,195,3996,59,3996,1,9468,4,1.027689599985024
5,0,,2026-07-30T12:44:38.968963,106958,3876,1042,3876,630,3876,187,3876,39,3876,1,9598,4,1.0326455000031274
5,0,,2026-07-30T12:44:39.997056,106910,3810,944,3810,653,3810,194,3810,42,3810,1,9611,6,1.0277368999959435
5,0,,2026-07-30T12:44:41.026508,106544,3876,1032,3876,647,3876,174,3876,42,3876,3,9594,6,1.029021800000919
5,0,,2026-07-30T12:44:42.056049,106749,3852,1022,3852,639,3852,196,3852,43,3852,1,9657,8,1.029190400004154
5,0,,2026-07-30T12:44:43.086248,106959,3813,982,3813,608,3813,177,3813,48,3813,4,9488,4,1.0296755000017583
5,0,,2026-07-30T12:44:44.116884,106890,3853,1001,3853,647,3853,190,3853,40,3853,0,9473,6,1.0301696000096854
5,0,,2026-07-30T12:44:45.145883,106709,3796,983,3796,657,3796,195,3796,45,3796,2,9607,5,1.028673799999524
5,0,,2026-07-30T12:44:46.175305,106998,3878,1004,3878,652,3878,184,3878,39,3878,2,9448,7,1.0291046000202186
5,0,,2026-07-30T12:44:47.204363,106745,3786,990,3786,628,3786,192,3786,41,3786,1,9455,4,1.0284106000035536
5,0,,2026-07-30T12:44:48.232720,106511,3771,1014,3771,607,3771,170,3771,44,3771,1,9585,6,1.0278443999995943
5,0,,2026-07-30T12:44:49.262668,107457,3859,1014,3859,648,3859,195,3859,49,3859,5,9541,3,1.0292532999883406
5,0,,2026-07-30T12:44:50.292099,106935,3827,1000,3827,633,3827,162,3827,36,3827,2,9645,9,1.029084799985867
5,0,,2026-07-30T12:44:51.322186,106652,3810,966,3810,655,3810,179,3810,47,3810,0,9657,2,1.0295706000179052
5,0,,2026-07-30T12:44:52.352034,107354,3839,983,3839,661,3839,201,3839,49,3839,3,9654,10,1.02916040000855
5,0,,2026-07-30T12:44:53.381935,106545,3786,980,3786,621,3786,196,3786,45,3786,2,9632,8,1.0295055999886245
5,0,,2026-07-30T12:44:54.411110,106864,3925,988,3925,677,3925,209,3925,35,3925,0,9608,6,1.0287334000167903
5,0,,2026-07-30T12:44:55.440771,106725,3807,994,3807,643,3807,165,3807,32,3807,3,9604,7,1.0293014000053518
5,0,,2026-07-30T12:44:56.471318,106724,3925,1053,3925,660,3925,175,3925,40,3925,4,9606,6,1.0300950999953784
5,0,,2026-07-30T12:44:57.501043,107237,3893,978,3893,669,3893,205,3893,49,3893,0,9441,4,1.0293784000095911
5,0,,2026-07-30T12:44:58.529826,107046,3845,1002,3845,659,3845,208,3845,42,3845,0,9510,9,1.0284754000022076
5,0,,2026-07-30T12:44:59.558141,106704,3891,993,3891,666,3891,186,3891,40,3891,1,9536,7,1.0280790000106208
5,0,,2026-07-30T12:45:00.587865,106894,3966,991,3966,671,3966,198,3966,28,3966,2,9420,6,1.0292593000049237
5,0,,2026-07-30T12:45:01.617285,107166,3884,1027,3884,656,3884,175,3884,30,3884,0,9534,4,1.0289821999904234
5,0,,2026-07-30T12:45:02.646233,106900,3793,980,3793,663,3793,177,3793,34,3793,2,9647,10,1.0285109999822453
5,0,,2026-07-30T12:45:03.676103,106733,3868,988,3868,675,3868,166,3868,53,3868,3,9549,4,1.029543599986937
5,0,,2026-07-30T12:45:04.705558,106265,3830,964,3830,646,3830,174,3830,40,3830,0,9613,4,1.0290854999911971
5,0,,2026-07-30T12:45:05.734193,106883,3823,1002,3823,678,3823,167,3823,44,3823,0,9598,6,1.0282673000183422
5,0,,2026-07-30T12:45:06.763643,106309,3865,997,3865,635,3865,184,3865,32,3865,1,9476,4,1.0291652999876533
5,0,,2026-07-30T12:45:07.793308,107021,3809,970,3809,631,3809,189,3809,46,3809,1,9578,5,1.029204899998149
5,0,,2026-07-30T12:45:08.822986,107097,3885,990,3885,668,3885,173,3885,41,3885,1,9345,4,1.0293134000094142
5,0,,2026-07-30T12:45:09.854132,106878,3894,1031,3894,687,3894,175,3894,40,3894,3,9516,4,1.0307896999875084
5,0,,2026-07-30T12:45:10.885405,107028,3915,1050,3915,639,3915,187,3915,43,3915,3,9525,5,1.0308125999872573
5,0,,2026-07-30T12:45:11.915581,107243,3864,994,3864,652,3864,190,3864,39,3864,3,9655,2,1.0298270999919623
5,0,,2026-07-30T12:45:12.945221,106510,3770,943,3770,646,3770,163,3770,31,3770,0,9651,6,1.02930940000806
5,0,,2026-07-30T12:45:13.974533,106512,3871,1004,3871,651,3871,190,3871,42,3871,2,9508,5,1.0289285000180826
5,0,,2026-07-30T12:45:15.004287,106875,3870,999,3870,676,3870,195,3870,35,3870,2,9351,6,1.0293578999990132
5,0,,2026-07-30T12:45:16.033566,107391,3887,1001,3888,652,3888,174,3888,39,3888,1,9598,5,1.0289144999987911
5,0,,2026-07-30T12:45:17.064152,106804,3763,957,3762,640,3762,181,3762,49,3762,2,9641,6,1.030200999986846
5,0,,2026-07-30T12:45:18.094428,106993,3822,980,3822,625,3822,194,3822,42,3822,0,9470,9,1.0298653000209015
5,0,,2026-07-30T12:45:19.122946,106905,3844,1019,3844,654,3844,186,3844,33,3844,1,9639,5,1.0281220999895595
5,0,,2026-07-30T12:45:20.151484,106597,3822,994,3822,622,3822,173,3822,43,3822,0,9372,7,1.0280304999905638
5,0,,2026-07-30T12:45:21.180959,107359,3826,999,3826,642,3826,214,3826,37,3826,2,9669,8,1.0290947000030428
5,0,,2026-07-30T12:45:22.211140,106513,3798,987,3798,655,3798,179,3798,51,3798,0,9349,6,1.0298986000125296
5,0,,2026-07-30T12:45:23.240831,106749,3929,1006,3929,659,3929,182,3929,45,3929,0,9531,6,1.0293649000232108
5,0,,2026-07-30T12:45:24.268575,106902,3934,992,3934,661,3934,206,3934,41,3934,2,9542,4,1.027418999990914
5,0,,2026-07-30T12:45:25.298722,106909,3985,1006,3985,683,3985,175,3985,49,3985,3,9383,7,1.0298089999996591
5,0,,2026-07-30T12:45:26.327930,107252,3801,1016,3801,648,3801,173,3801,39,3801,1,9427,3,1.028782500012312
5,0,,2026-07-30T12:45:27.358140,106633,3883,972,3883,686,3883,191,3883,41,3883,0,9495,1,1.0299358000047505
5,0,,2026-07-30T12:45:28.386996,107117,3896,991,3896,658,3896,180,3896,39,3896,3,9648,2,1.0285355999949388
5,0,,2026-07-30T12:45:29.417068,107049,3836,978,3836,672,3836,181,3836,45,3836,0,9651,4,1.0297362999990582
5,0,,2026-07-30T12:45:30.447484,107382,3856,981,3856,698,3856,176,3856,38,3856,3,9562,3,1.030049599998165
5,0,,2026-07-30T12:45:31.475715,107262,3829,1023,3829,655,3829,162,3829,44,3829,2,9654,7,1.0278109000064433
5,0,,2026-07-30T12:45:32.504482,106597,3933,978,3933,684,3933,186,3933,39,3933,0,9254,5,1.0285027000063565
5,0,,2026-07-30T12:45:33.532183,106463,3827,939,3827,650,3827,192,3827,52,3827,3,9407,2,1.0273947000096086
5,0,,2026-07-30T12:45:34.562287,107225,3794,1003,3794,619,3794,168,3794,39,3794,1,9564,4,1.029595599975437
5,0,,2026-07-30T12:45:35.591121,106917,3802,963,3802,638,3802,202,3802,53,3802,3,9435,5,1.0285595000023022
5,0,,2026-07-30T12:45:36.620853,106734,3856,1007,3856,667,3856,198,3856,49,3856,0,9606,6,1.0294724999985192
5,0,,2026-07-30T12:45:37.649658,107064,3890,1014,3890,650,3890,185,3890,53,3890,2,9650,5,1.0283901000220794
5,0,,2026-07-30T12:45:38.679030,106497,3834,965,3834,610,3834,207,3834,37,3834,1,9273,6,1.0290553999948315
5,0,,2026-07-30T12:45:39.709246,106270,3942,1027,3942,675,3942,167,3942,37,3942,2,9528,5,1.02988170000026
5,0,,2026-07-30T12:45:40.738732,106594,3764,1013,3764,612,3764,179,3764,39,3764,1,9550,4,1.028954800014617
5,0,,2026-07-30T12:45:41.769459,106830,3876,1032,3876,623,3876,169,3876,38,3876,2,9503,12,1.030365599988727
5,0,,2026-07-30T12:45:42.798921,107098,3856,1005,3856,702,3856,205,3856,40,3856,1,9661,9,1.0290689000103157
5,0,,2026-07-30T12:45:43.828919,106983,3896,1034,3896,650,3896,191,3896,47,3896,1,9453,5,1.0296252999978606
5,0,,2026-07-30T12:45:44.859155,106767,3832,1033,3832,647,3832,165,3832,47,3832,1,9431,7,1.0299112000211608
5,0,,2026-07-30T12:45:45.889385,106788,3899,1046,3899,667,3899,181,3899,46,3899,1,9633,8,1.029883899987908
5,0,,2026-07-30T12:45:46.918536,106471,3746,950,3746,635,3746,145,3746,50,3746,0,9446,2,1.0287587999773677
5,0,,2026-07-30T12:45:47.946711,106724,3808,980,3808,645,3808,189,3808,32,3808,2,9484,5,1.0277612000063527
5,0,,2026-07-30T12:45:48.976923,106194,3878,1020,3878,662,3878,167,3878,39,3878,0,9602,8,1.0299314000003505
5,0,,2026-07-30T12:45:50.006459,106958,3809,1027,3809,645,3809,173,3809,39,3809,2,9466,4,1.0291370000049938
5,0,,2026-07-30T12:45:51.035512,107137,3988,1014,3988,744,3988,188,3988,46,3988,1,9557,7,1.0286808000237215
5,0,,2026-07-30T12:45:52.065889,106923,3928,1046,3928,693,3928,176,3928,44,3928,0,9478,4,1.0299440000089817
5,0,,2026-07-30T12:45:53.096040,106907,3849,1012,3849,641,3849,177,3849,55,3849,3,9437,3,1.0296412000025157
5,0,,2026-07-30T12:45:54.125587,106996,3942,1019,3942,649,3942,210,3942,49,3942,1,9484,7,1.0291547999950126
5,0,,2026-07-30T12:45:55.155318,106275,3810,968,3810,613,3810,200,3810,47,3810,4,9528,8,1.0293855000054464
5,0,,2026-07-30T12:45:56.185481,106859,3904,1033,3904,662,3904,184,3904,44,3904,2,9578,5,1.029736700002104
5,0,,2026-07-30T12:45:57.215609,106064,3861,1036,3861,657,3861,181,3861,42,3861,0,9547,2,1.0294128000095952
5,0,,2026-07-30T12:45:58.245908,106843,3823,1043,3823,655,3823,153,3823,49,3823,3,9431,3,1.0299267999944277
5,0,,2026-07-30T12:45:59.275085,106758,3836,967,3836,656,3836,176,3836,44,3836,1,9447,7,1.0287967000040226
5,0,,2026-07-30T12:46:00.304050,107409,4000,1035,4000,676,4000,215,4000,43,4000,2,9660,2,1.0286027000111062
5,0,,2026-07-30T12:46:01.334846,106617,3835,964,3835,662,3835,192,3835,33,3835,1,9598,5,1.0304421000182629
5,0,,2026-07-30T12:46:02.364824,106627,3852,1018,3852,638,3852,181,3852,52,3852,2,9562,6,1.0295296999975108
5,0,,2026-07-30T12:46:03.394949,106938,3786,975,3786,665,3786,179,3786,42,3786,2,9379,2,1.0297448999772314
5,0,,2026-07-30T12:46:04.423836,106865,3834,989,3834,659,3834,166,3834,53,3834,1,9395,3,1.0285597000038251
5,0,,2026-07-30T12:46:05.454386,107367,3855,995,3855,668,3855,172,3855,50,3855,2,9675,14,1.0301998000068124
5,0,,2026-07-30T12:46:06.483099,106755,3923,976,3923,656,3923,176,3923,46,3923,1,9588,6,1.0284360000223387
5,0,,2026-07-30T12:46:07.512218,106883,3831,988,3831,676,3831,187,3831,48,3831,1,9425,8,1.0287608999933582
5,0,,2026-07-30T12:46:08.538798,106607,3828,982,3828,649,3828,204,3828,38,3828,1,9533,3,1.0262142999854404
5,0,,2026-07-30T12:46:09.567911,106723,3855,992,3855,652,3855,199,3855,37,3855,4,9608,3,1.028900600009365
5,0,,2026-07-30T12:46:10.597765,106491,3935,1018,3935,639,3935,216,3935,48,3935,1,9428,5,1.0295242000138387
5,0,,2026-07-30T12:46:11.627970,107161,3837,976,3837,634,3837,185,3837,48,3837,0,9630,5,1.029879300011089
5,0,,2026-07-30T12:46:12.657570,107047,3882,1021,3882,649,3882,189,3882,37,3882,1,9463,6,1.029281200026162
5,0,,2026-07-30T12:46:13.687160,106958,3809,969,3809,653,3809,162,3809,29,3809,1,9586,1,1.0292254000087269
5,0,,2026-07-30T12:46:14.716864,106602,3845,1021,3845,666,3845,172,3845,49,3845,2,9489,3,1.0293190999946091
5,0,,2026-07-30T12:46:15.744570,106721,3881,1040,3881,688,3881,171,3881,35,3881,5,9642,2,1.0273986000102013
5,0,,2026-07-30T12:46:16.772747,106632,3930,1047,3930,669,3930,205,3930,41,3930,2,9487,5,1.027843199990457
5,0,,2026-07-30T12:46:17.802406,107065,3825,1002,3825,652,3825,196,3825,51,3825,5,9349,8,1.0294197000039276
5,0,,2026-07-30T12:46:18.830739,106649,3832,999,3832,627,3832,190,3832,49,3832,1,9424,5,1.0280436000030022
5,0,,2026-07-30T12:46:19.860915,106526,3796,973,3796,680,3796,179,3796,55,3796,0,9545,7,1.0298488000116777
5,0,,2026-07-30T12:46:20.890244,106579,3769,981,3769,658,3769,166,3769,32,3769,1,9501,11,1.0289004999794997
5,0,,2026-07-30T12:46:21.919481,106405,3904,1051,3904,644,3904,187,3904,57,3904,1,9610,3,1.0289084000105504
5,0,,2026-07-30T12:46:22.948773,106727,3865,994,3865,676,3865,179,3865,50,3865,2,9526,5,1.0289574000053108
5,0,,2026-07-30T12:46:23.979541,106351,3817,969,3817,692,3817,196,3817,43,3817,2,9502,4,1.0301133999892045
5,0,,2026-07-30T12:46:25.007600,106645,3773,968,3773,634,3773,182,3773,57,3773,3,9454,3,1.0277238999842666
5,0,,2026-07-30T12:46:26.036422,106782,3808,988,3808,654,3808,173,3808,48,3808,0,9396,6,1.0285574000154156
5,0,,2026-07-30T12:46:27.064957,106186,3869,1009,3869,655,3869,187,3869,41,3869,2,9387,4,1.0282385000027716
5,0,,2026-07-30T12:46:28.093424,107156,3859,984,3859,642,3859,190,3859,48,3859,5,9574,8,1.0281351000012364
5,0,,2026-07-30T12:46:29.123267,106568,3808,980,3808,634,3808,178,3808,40,3808,0,9658,3,1.0295028999971692
5,0,,2026-07-30T12:46:30.151974,106793,3799,1002,3799,646,3799,183,3799,39,3799,2,9415,6,1.0283183999999892
5,0,,2026-07-30T12:46:31.180750,106701,3896,1067,3896,661,3896,155,3896,41,3896,3,9532,5,1.0284642000042368
5,0,,2026-07-30T12:46:32.210525,106832,3770,1016,3770,613,3770,204,3770,47,3770,2,9490,4,1.0293979000125546
5,0,,2026-07-30T12:46:33.240266,107229,3914,1019,3914,695,3914,173,3914,39,3914,1,9631,1,1.0292735999973956
5,0,,2026-07-30T12:46:34.269454,106870,3892,997,3892,635,3892,180,3892,44,3892,4,9617,7,1.0287995999970008
5,0,,2026-07-30T12:46:35.298083,106540,3826,1003,3826,657,3826,187,3826,31,3826,3,9564,4,1.0282761999987997
5,0,,2026-07-30T12:46:36.327001,106642,3816,1003,3816,674,3816,189,3816,42,3816,1,9482,4,1.0285799999837764
5,0,,2026-07-30T12:46:37.356705,106515,3795,951,3795,690,3795,173,3795,36,3795,2,9448,4,1.0292505999968853
5,0,,2026-07-30T12:46:38.383491,106416,3898,987,3898,701,3898,197,3898,56,3898,0,9298,4,1.026572299975669
5,0,,2026-07-30T12:46:39.412666,106326,3849,1019,3849,664,3849,192,3849,46,3849,1,9656,5,1.0288672000169754
5,0,,2026-07-30T12:46:40.441733,107101,3824,1005,3824,616,3824,186,3824,46,3824,3,9484,4,1.0287317000038456
5,0,,2026-07-30T12:46:41.471606,106782,3847,1021,3847,683,3847,177,3847,43,3847,0,9557,2,1.0293865000130609
5,0,,2026-07-30T12:46:42.501688,106600,3906,1051,3906,673,3906,179,3906,50,3906,0,9518,5,1.0294614000013098
5,0,,2026-07-30T12:46:43.530604,106495,3754,977,3754,640,3754,188,3754,39,3754,2,9715,10,1.0285128000250552
5,0,,2026-07-30T12:46:44.559209,106725,3731,961,3731,605,3731,167,3731,42,3731,3,9675,3,1.02832959999796
5,0,,2026-07-30T12:46:45.589002,107198,3838,979,3838,660,3838,203,3838,38,3838,2,9567,1,1.0293481000117026
5,0,,2026-07-30T12:46:46.619411,107123,3862,1019,3862,639,3862,191,3862,49,3862,1,9630,6,1.0298691000207327
5,0,,2026-07-30T12:46:47.650834,107003,3850,1043,3850,648,3850,137,3850,38,3850,0,9498,6,1.0309184000070672
5,0,,2026-07-30T12:46:48.680770,106772,3956,962,3956,707,3956,167,3956,48,3956,0,9423,6,1.0295524999964982
5,0,,2026-07-30T12:46:49.710049,106868,3882,1008,3882,641,3882,178,3882,47,3882,2,9501,5,1.0289370999962557
5,0,,2026-07-30T12:46:50.740294,107099,3813,1000,3813,616,3813,201,3813,41,3813,1,9596,3,1.0298337999847718
5,0,,2026-07-30T12:46:51.769754,106988,3998,1022,3998,693,3998,193,3998,63,3998,1,9532,8,1.0289151000033598
5,0,,2026-07-30T12:46:52.798920,106670,3855,982,3855,626,3855,180,3855,45,3855,0,9696,9,1.0287069999903906
5,0,,2026-07-30T12:46:53.828833,106677,3844,995,3844,644,3844,196,3844,36,3844,2,9657,6,1.0293951000203378
5,0,,2026-07-30T12:46:54.858996,106543,3875,996,3875,678,3875,189,3875,60,3875,0,9417,3,1.0298223000136204
5,0,,2026-07-30T12:46:55.890214,107518,3877,1013,3877,623,3877,232,3877,35,3877,1,9625,7,1.0307903999928385
5,0,,2026-07-30T12:46:56.920896,106922,3829,1020,3829,631,3829,168,3829,46,3829,1,9481,7,1.0300921999732964
5,0,,2026-07-30T12:46:57.950007,107438,3879,1009,3879,716,3879,179,3879,39,3879,2,9596,2,1.0287970999779645
5,0,,2026-07-30T12:46:58.979283,106770,3881,977,3881,657,3881,170,3881,48,3881,2,9581,7,1.028953700006241
5,0,,2026-07-30T12:47:00.006762,106788,3799,960,3799,682,3799,192,3799,40,3799,4,9599,6,1.0271511999890208
5,0,,2026-07-30T12:47:01.036704,106524,3811,1068,3811,644,3811,190,3811,52,3811,0,9385,4,1.029588999983389
5,0,,2026-07-30T12:47:02.066042,107482,3870,1023,3870,666,3870,205,3870,34,3870,0,9605,8,1.0289551000169013
5,0,,2026-07-30T12:47:03.095002,107829,3860,1026,3860,635,3860,189,3860,42,3860,3,9729,6,1.028630399989197
5,0,,2026-07-30T12:47:04.125137,106547,3794,988,3794,662,3794,186,3794,42,3794,1,9464,3,1.0297557000012603
5,0,,2026-07-30T12:47:05.153841,106877,3838,1017,3838,671,3838,201,3838,30,3838,1,9687,4,1.028240600018762
5,0,,2026-07-30T12:47:06.183206,107268,3879,1045,3879,627,3879,168,3879,42,3879,2,9532,5,1.0290044999856036
5,0,,2026-07-30T12:47:07.213130,106879,3915,1039,3915,706,3915,203,3915,39,3915,3,9509,6,1.0296075000078417
5,0,,2026-07-30T12:47:08.242902,107111,3859,1017,3859,631,3859,184,3859,42,3859,1,9520,6,1.0294120000035036
5,0,,2026-07-30T12:47:09.273578,107409,3786,992,3786,616,3786,189,3786,48,3786,2,9481,6,1.030222400004277
5,0,,2026-07-30T12:47:10.303851,106769,3733,963,3733,631,3733,166,3733,54,3733,1,9410,8,1.0296577999833971
5,0,,2026-07-30T12:47:11.332764,107164,3771,965,3771,650,3771,168,3771,42,3771,2,9877,2,1.028534800017951
5,0,,2026-07-30T12:47:12.362437,107156,3813,961,3813,653,3813,168,3813,40,3813,1,9497,4,1.0293923999997787
5,0,,2026-07-30T12:47:13.392094,107079,3869,1071,3869,664,3869,181,3869,46,3869,2,9537,6,1.0293142999871634
5,0,,2026-07-30T12:47:14.423190,106982,3928,984,3928,682,3928,194,3928,40,3928,1,9594,1,1.0305318999744486
5,0,,2026-07-30T12:47:15.453387,106504,3801,973,3801,643,3801,145,3801,39,3801,2,9644,7,1.029743299994152
5,0,,2026-07-30T12:47:16.484117,107032,3820,925,3820,665,3820,200,3820,45,3820,1,9507,1,1.03034050000133
5,0,,2026-07-30T12:47:17.513867,106748,3769,1021,3769,644,3769,202,3769,30,3769,0,9458,3,1.029177200020058
5,0,,2026-07-30T12:47:18.543969,107242,3935,993,3935,648,3935,208,3935,48,3935,1,9563,7,1.0295114000036847
5,0,,2026-07-30T12:47:19.573059,106750,3852,1058,3852,615,3852,183,3852,32,3852,2,9652,5,1.0285616000182927
5,0,,2026-07-30T12:47:20.601766,107059,3804,1029,3804,636,3804,173,3804,36,3804,2,9509,4,1.0284447000012733
5,0,,2026-07-30T12:47:21.630541,107084,3849,995,3849,678,3849,183,3849,45,3849,0,9727,8,1.0284569999785163
5,0,,2026-07-30T12:47:22.658232,106668,3869,1022,3869,621,3869,191,3869,55,3869,1,9473,5,1.027340100001311
5,0,,2026-07-30T12:47:23.688239,106546,3805,1009,3805,658,3805,185,3805,39,3805,2,9615,5,1.0296718000026885
5,0,,2026-07-30T12:47:24.717374,107215,3794,1044,3794,609,3794,167,3794,36,3794,2,9518,2,1.0287890000035986
5,0,,2026-07-30T12:47:25.746605,106760,3948,1040,3948,634,3948,203,3948,48,3948,3,9547,3,1.0289079000067431
5,0,,2026-07-30T12:47:26.775873,107016,3916,980,3916,677,3916,190,3916,37,3916,1,9577,6,1.028917999996338
5,0,,2026-07-30T12:47:27.805412,107063,3847,981,3847,700,3847,169,3847,50,3847,1,9552,6,1.029254499997478
5,0,,2026-07-30T12:47:28.835577,107304,3923,1002,3923,677,3923,165,3923,46,3923,0,9501,5,1.0296746999956667
5,0,,2026-07-30T12:47:29.867472,106998,3832,963,3832,639,3832,195,3832,50,3832,2,9555,2,1.0315286999975797
5,0,,2026-07-30T12:47:30.897625,107232,3911,1009,3911,668,3911,186,3911,35,3911,2,9519,6,1.0297506999922916
5,0,,2026-07-30T12:47:31.927549,106817,3817,993,3817,697,3817,203,3817,30,3817,3,9704,7,1.029574499989394
5,0,,2026-07-30T12:47:32.954686,106017,3845,1039,3845,628,3845,181,3845,43,3845,1,9434,2,1.026791599986609
5,0,,2026-07-30T12:47:33.985022,106535,3774,1007,3774,614,3774,193,3774,50,3774,2,9666,7,1.0300362999842037
5,0,,2026-07-30T12:47:35.013837,107267,3845,992,3845,677,3845,186,3845,42,3845,0,9420,4,1.0282435999833979
5,0,,2026-07-30T12:47:36.044477,106213,3883,958,3883,681,3883,169,3883,48,3883,1,9598,6,1.030179399996996
5,0,,2026-07-30T12:47:37.073713,106779,3852,1002,3852,641,3852,167,3852,40,3852,0,9557,4,1.0288853000092786
5,0,,2026-07-30T12:47:38.102820,107375,3902,1028,3902,654,3902,206,3902,49,3902,1,9506,7,1.0286904000095092
5,0,,2026-07-30T12:47:39.131580,107149,3855,982,3855,657,3855,190,3855,60,3855,2,9594,8,1.0282476000138558
5,0,,2026-07-30T12:47:40.159870,107004,3828,982,3828,655,3828,190,3828,47,3828,0,9492,9,1.0279702999978326
5,0,,2026-07-30T12:47:41.188907,106700,3864,992,3864,674,3864,188,3864,43,3864,1,9498,7,1.0286948000139091
5,0,,2026-07-30T12:47:42.219382,106672,3728,969,3728,643,3728,184,3728,38,3728,0,9265,3,1.0300156000012066
5,0,,2026-07-30T12:47:43.250158,106584,3915,1004,3915,670,3915,167,3915,34,3915,1,9620,5,1.0301851000112947
5,0,,2026-07-30T12:47:44.278601,106541,3801,991,3801,641,3801,208,3801,27,3801,2,9473,6,1.0280001999926753
5,0,,2026-07-30T12:47:45.306847,107207,3755,930,3755,659,3755,164,3755,40,3755,1,9577,5,1.0279785000020638
5,0,,2026-07-30T12:47:46.335956,107006,3825,1026,3825,637,3825,162,3825,42,3825,1,9623,8,1.0286965999985114
5,0,,2026-07-30T12:47:47.364407,106284,3802,956,3802,659,3802,190,3802,37,3802,0,9520,6,1.028207499999553
5,0,,2026-07-30T12:47:48.393231,106919,3787,1024,3787,611,3787,190,3787,36,3787,0,9464,9,1.0285123999929056
5,0,,2026-07-30T12:47:49.423130,107238,3838,1033,3838,679,3838,165,3838,36,3838,3,9574,7,1.0294389000046067
5,0,,2026-07-30T12:47:50.452636,106618,3823,998,3823,663,3823,194,3823,38,3823,2,9538,4,1.0290827999997418
5,0,,2026-07-30T12:47:51.481918,107147,3827,1029,3827,658,3827,186,3827,29,3827,1,9535,5,1.0288154000008944
5,0,,2026-07-30T12:47:52.511156,106741,3841,991,3841,659,3841,177,3841,41,3841,0,9468,6,1.0288128000102006
5,0,,2026-07-30T12:47:53.541715,107191,3887,1049,3887,648,3887,194,3887,43,3887,3,9554,6,1.0301676999952178
5,0,,2026-07-30T12:47:54.571351,106625,3827,1035,3827,638,3827,183,3827,39,3827,1,9738,3,1.0293048000021372
5,1,,2026-07-30T12:47:57.806705,106756,5431,2202,5431,780,5431,158,5431,27,5431,1,9335,0,1.0275228999962565
5,1,,2026-07-30T12:47:58.836132,107153,5508,2229,5508,766,5508,161,5508,34,5508,0,9452,5,1.0288754999928642
5,1,,2026-07-30T12:47:59.866049,106709,5460,2196,5460,787,5460,166,5460,17,5460,3,9461,5,1.0296422999817878
5,1,,2026-07-30T12:48:00.895345,107133,5453,2210,5453,775,5453,154,5453,22,5453,1,9501,1,1.0289572000037879
5,1,,2026-07-30T12:48:01.924184,106499,5435,2246,5435,753,5435,161,5435,28,5435,1,9417,2,1.028455199993914
5,1,,2026-07-30T12:48:02.952867,106859,5415,2203,5415,769,5415,161,5415,33,5415,1,9534,2,1.0283475000178441
5,1,,2026-07-30T12:48:03.982255,106693,5366,2166,5366,731,5366,156,5366,30,5366,1,9600,4,1.0291206999972928
5,1,,2026-07-30T12:48:05.011306,106963,5505,2223,5505,780,5505,198,5505,32,5505,1,9589,4,1.0286946000123862
5,1,,2026-07-30T12:48:06.040863,106735,5409,2157,5409,795,5409,170,5409,22,5409,1,9656,6,1.029083300003549
5,1,,2026-07-30T12:48:07.071501,106952,5453,2148,5453,788,5453,143,5453,26,5453,2,9390,3,1.0304048999969382
5,1,,2026-07-30T12:48:08.101982,107937,5482,2205,5482,773,5482,140,5482,29,5482,0,9543,4,1.030056899995543
5,1,,2026-07-30T12:48:09.133501,107416,5482,2292,5482,774,5482,157,5482,36,5482,5,9522,3,1.0311520999821369
5,1,,2026-07-30T12:48:10.162653,106647,5443,2148,5443,823,5443,141,5443,27,5443,2,9429,1,1.0288079000019934
5,1,,2026-07-30T12:48:11.191531,106539,5464,2214,5464,821,5464,148,5464,22,5464,0,9563,0,1.028642499994021
5,1,,2026-07-30T12:48:12.221507,106560,5393,2145,5393,812,5393,169,5393,21,5393,0,9521,4,1.0295849999820348
5,1,,2026-07-30T12:48:13.250830,107405,5432,2232,5432,741,5432,152,5432,31,5432,1,9590,3,1.029044499999145
5,1,,2026-07-30T12:48:14.280116,106942,5511,2245,5511,800,5511,144,5511,34,5511,1,9345,3,1.0288046000059694
5,1,,2026-07-30T12:48:15.309469,107230,5543,2208,5543,792,5543,169,5543,37,5543,3,9551,1,1.0290565000032075
5,1,,2026-07-30T12:48:16.338862,106949,5575,2193,5575,817,5575,175,5575,25,5575,2,9499,5,1.029089199990267
5,1,,2026-07-30T12:48:17.368373,107070,5508,2234,5508,769,5508,150,5508,31,5508,0,9546,2,1.0290456999791786
5,1,,2026-07-30T12:48:18.399411,106743,5527,2270,5527,776,5527,159,5527,29,5527,0,9445,1,1.0306348000012804
5,1,,2026-07-30T12:48:19.427484,106789,5417,2123,5417,811,5417,150,5417,36,5417,0,9589,4,1.027619800006505
5,1,,2026-07-30T12:48:20.455857,106746,5502,2253,5502,779,5502,164,5502,25,5502,4,9472,4,1.0281103000161238
5,1,,2026-07-30T12:48:21.484803,107649,5620,2243,5620,801,5620,151,5620,26,5620,2,9504,6,1.028631499997573
5,1,,2026-07-30T12:48:22.512493,107510,5512,2262,5512,769,5512,168,5512,26,5512,1,9565,4,1.027434199990239
5,1,,2026-07-30T12:48:23.540955,107219,5474,2213,5474,785,5474,152,5474,23,5474,1,9417,6,1.0281929000047967
5,1,,2026-07-30T12:48:24.570089,106796,5498,2253,5498,752,5498,156,5498,26,5498,0,9501,4,1.0288656000047922
5,1,,2026-07-30T12:48:25.599157,107025,5452,2149,5452,763,5452,167,5452,23,5452,3,9615,4,1.0288099000172224
5,1,,2026-07-30T12:48:26.628740,106741,5418,2208,5418,755,5418,179,5418,31,5418,2,9501,2,1.029277000023285
5,1,,2026-07-30T12:48:27.658580,106802,5478,2243,5478,779,5478,143,5478,34,5478,0,9349,3,1.0295340999728069
5,1,,2026-07-30T12:48:28.687791,107358,5291,2170,5291,787,5291,162,5291,24,5291,1,9655,2,1.028627299994696
5,1,,2026-07-30T12:48:29.717451,106921,5446,2128,5446,759,5446,148,5446,27,5446,0,9552,2,1.0293590000073891
5,1,,2026-07-30T12:48:30.745954,107370,5426,2189,5426,805,5426,159,5426,30,5426,2,9313,3,1.0282025999913458
5,1,,2026-07-30T12:48:31.776963,106719,5486,2313,5486,730,5486,154,5486,27,5486,1,9487,2,1.0306956999993417
5,1,,2026-07-30T12:48:32.806826,106602,5400,2213,5400,770,5400,163,5400,29,5400,1,9566,1,1.0294488999934401
5,1,,2026-07-30T12:48:33.835433,107033,5492,2162,5492,757,5492,170,5492,29,5492,1,9442,3,1.0281309999991208
5,1,,2026-07-30T12:48:34.863965,106695,5624,2264,5624,821,5624,160,5624,20,5624,1,9498,1,1.0281613999977708
5,1,,2026-07-30T12:48:35.892991,107299,5489,2155,5489,783,5489,173,5489,26,5489,2,9636,2,1.0287219999881927
5,1,,2026-07-30T12:48:36.921338,107034,5507,2202,5507,714,5507,159,5507,26,5507,1,9402,4,1.0280135000066366
5,1,,2026-07-30T12:48:37.950956,106630,5535,2272,5535,772,5535,135,5535,25,5535,2,9553,3,1.0293500999978278
5,1,,2026-07-30T12:48:38.979232,106850,5472,2273,5472,727,5472,150,5472,27,5472,3,9456,4,1.028022200014675
5,1,,2026-07-30T12:48:40.007084,106610,5392,2159,5392,751,5392,154,5392,28,5392,0,9572,3,1.0276379999995697
5,1,,2026-07-30T12:48:41.036571,106470,5455,2209,5455,784,5455,162,5455,26,5455,0,9737,1,1.0292310999939218
5,1,,2026-07-30T12:48:42.063960,106622,5406,2188,5406,764,5406,158,5406,39,5406,1,9588,3,1.0271240999863949
5,1,,2026-07-30T12:48:43.092611,106999,5390,2140,5390,793,5390,158,5390,27,5390,2,9574,3,1.0282771000056528
5,1,,2026-07-30T12:48:44.121095,106960,5469,2173,5469,779,5469,142,5469,39,5469,2,9387,1,1.028178200009279
5,1,,2026-07-30T12:48:45.150753,106962,5540,2248,5540,799,5540,167,5540,29,5540,1,9529,4,1.0292147000145633
5,1,,2026-07-30T12:48:46.180137,106812,5392,2198,5392,767,5392,139,5392,28,5392,0,9331,4,1.029070499993395
5,1,,2026-07-30T12:48:47.210030,106784,5540,2212,5540,764,5540,160,5540,25,5540,5,9583,1,1.0295335999981035
5,1,,2026-07-30T12:48:48.241547,106979,5615,2238,5615,803,5615,172,5615,31,5615,4,9391,4,1.0311588000040501
5,1,,2026-07-30T12:48:49.271235,106564,5455,2250,5455,725,5455,161,5455,28,5455,2,9573,5,1.0292904000089038
5,1,,2026-07-30T12:48:50.299936,106999,5404,2180,5404,797,5404,169,5404,23,5404,2,9494,6,1.028377000009641
5,1,,2026-07-30T12:48:51.329493,107096,5362,2163,5362,732,5362,164,5362,27,5362,1,9557,4,1.0291469000221696
5,1,,2026-07-30T12:48:52.357929,107086,5410,2145,5410,792,5410,139,5410,25,5410,1,9436,2,1.0280768999946304
5,1,,2026-07-30T12:48:53.388926,106483,5529,2188,5529,774,5529,154,5529,34,5529,1,9567,1,1.0305627999769058
5,1,,2026-07-30T12:48:54.418766,107158,5516,2316,5516,766,5516,162,5516,26,5516,1,9554,3,1.029469400004018
5,1,,2026-07-30T12:48:55.449621,107140,5508,2232,5508,777,5508,158,5508,27,5508,1,9421,3,1.030499599990435
5,1,,2026-07-30T12:48:56.479788,106923,5293,2171,5293,772,5293,166,5293,23,5293,1,9285,4,1.0297234999889042
5,1,,2026-07-30T12:48:57.509249,107301,5533,2190,5533,765,5533,142,5533,46,5533,1,9539,2,1.029116999998223
5,1,,2026-07-30T12:48:58.540250,107105,5373,2157,5373,756,5373,155,5373,39,5373,1,9481,5,1.03054589999374
5,1,,2026-07-30T12:48:59.570747,107369,5435,2204,5435,796,5435,148,5435,34,5435,1,9424,1,1.0298242999997456
5,1,,2026-07-30T12:49:00.600382,107262,5681,2288,5681,837,5681,137,5681,28,5681,3,9287,5,1.0292289000062738
5,1,,2026-07-30T12:49:01.629397,106749,5571,2288,5571,771,5571,161,5571,30,5571,2,9699,2,1.0286647999892011
5,1,,2026-07-30T12:49:02.658693,106933,5444,2159,5444,767,5444,145,5444,23,5444,1,9531,2,1.0290053999924567
5,1,,2026-07-30T12:49:03.688831,107403,5608,2220,5608,809,5608,154,5608,22,5608,1,9526,2,1.0296639000007417
5,1,,2026-07-30T12:49:04.717849,106515,5532,2208,5532,767,5532,180,5532,35,5532,3,9323,2,1.0286473000014666
5,1,,2026-07-30T12:49:05.748136,106814,5468,2225,5468,785,5468,169,5468,30,5468,1,9421,4,1.029877499997383
5,1,,2026-07-30T12:49:06.776825,107844,5499,2259,5499,763,5499,154,5499,35,5499,0,9346,4,1.0281607000215445
5,1,,2026-07-30T12:49:07.804385,107042,5407,2150,5407,732,5407,165,5407,33,5407,1,9537,2,1.027317400003085
5,1,,2026-07-30T12:49:08.833743,106776,5408,2165,5408,739,5408,169,5408,24,5408,1,9500,2,1.0289684000017587
5,1,,2026-07-30T12:49:09.863060,107250,5397,2196,5397,738,5397,144,5397,27,5397,0,9509,4,1.028994899999816
5,1,,2026-07-30T12:49:10.889889,106256,5385,2151,5385,738,5385,150,5385,20,5385,2,9428,7,1.0265463000105228
5,1,,2026-07-30T12:49:11.918978,106730,5515,2237,5515,778,5515,153,5515,27,5515,2,9438,6,1.028780900000129
5,1,,2026-07-30T12:49:12.946396,107065,5491,2220,5491,769,5491,162,5491,18,5491,3,9371,3,1.0270828000211623
5,1,,2026-07-30T12:49:13.975344,107592,5499,2199,5499,788,5499,153,5499,29,5499,0,9657,5,1.028522000007797
5,1,,2026-07-30T12:49:15.001794,106513,5395,2157,5395,739,5395,151,5395,26,5395,2,9677,5,1.0261581999948248
5,1,,2026-07-30T12:49:16.028794,106904,5585,2269,5585,755,5585,160,5585,23,5585,1,9562,1,1.0268439000064973
5,1,,2026-07-30T12:49:17.056785,106537,5377,2189,5377,750,5377,132,5377,31,5377,2,9320,2,1.027708600013284
5,1,,2026-07-30T12:49:18.083771,106257,5379,2198,5379,731,5379,154,5379,31,5379,0,9566,2,1.0267167999991216
5,1,,2026-07-30T12:49:19.112993,106424,5504,2279,5504,780,5504,165,5504,33,5504,2,9491,2,1.0290103000006638
5,1,,2026-07-30T12:49:20.140349,106575,5480,2134,5480,795,5480,170,5480,35,5480,4,9315,0,1.027135200012708
5,1,,2026-07-30T12:49:21.169740,106855,5535,2233,5535,729,5535,166,5535,28,5535,1,9537,4,1.0291953000123613
5,1,,2026-07-30T12:49:22.199352,107354,5438,2177,5438,798,5438,185,5438,29,5438,0,9553,3,1.0290646999783348
5,1,,2026-07-30T12:49:23.229213,107156,5529,2184,5529,766,5529,151,5529,13,5529,3,9519,4,1.029505100013921
5,1,,2026-07-30T12:49:24.259600,107307,5378,2210,5378,736,5378,134,5378,24,5378,1,9390,2,1.030001999984961
5,1,,2026-07-30T12:49:25.288815,107237,5416,2186,5416,755,5416,145,5416,36,5416,1,9468,7,1.028920399985509
5,1,,2026-07-30T12:49:26.318586,106954,5417,2202,5417,800,5417,156,5417,20,5417,1,9521,3,1.0293943999859039
5,1,,2026-07-30T12:49:27.348164,107749,5592,2257,5592,778,5592,171,5592,24,5592,1,9588,2,1.029274800006533
5,1,,2026-07-30T12:49:28.380943,107071,5655,2321,5655,767,5655,161,5655,24,5655,2,9466,4,1.0324589999800082
5,1,,2026-07-30T12:49:29.409987,106863,5407,2136,5407,773,5407,163,5407,22,5407,2,9453,6,1.0286659999983385
5,1,,2026-07-30T12:49:30.438725,107278,5476,2190,5476,804,5476,145,5476,27,5476,0,9553,8,1.0283996000071056
5,1,,2026-07-30T12:49:31.468210,106779,5467,2202,5467,791,5467,156,5467,31,5467,2,9390,5,1.02916550001828
5,1,,2026-07-30T12:49:32.497465,107405,5477,2211,5477,787,5477,138,5477,26,5477,0,9511,5,1.0289412999991328
5,1,,2026-07-30T12:49:33.527432,106893,5440,2280,5440,729,5440,163,5440,28,5440,4,9480,1,1.0295329000218771
5,1,,2026-07-30T12:49:34.557121,107225,5673,2293,5673,830,5673,136,5673,23,5673,2,9575,3,1.0293078999966383
5,1,,2026-07-30T12:49:35.586883,107389,5626,2222,5626,792,5626,164,5626,28,5626,1,9485,2,1.029330099991057
5,1,,2026-07-30T12:49:36.617461,107999,5562,2273,5562,825,5562,160,5562,33,5562,4,9610,5,1.0302197000128217
5,1,,2026-07-30T12:49:37.648810,106718,5403,2183,5403,754,5403,154,5403,19,5403,1,9564,8,1.0309470999927726
5,1,,2026-07-30T12:49:38.679461,106684,5599,2224,5599,812,5599,138,5599,21,5599,1,9414,1,1.030315400013933
5,1,,2026-07-30T12:49:39.708951,106956,5523,2245,5523,780,5523,154,5523,21,5523,2,9584,1,1.029172100010328
5,1,,2026-07-30T12:49:40.738207,106760,5528,2193,5528,806,5528,152,5528,18,5528,1,9398,3,1.0290342000080273
5,1,,2026-07-30T12:49:41.768558,107214,5475,2229,5475,766,5475,160,5475,32,5475,1,9396,2,1.0300206000101753
5,1,,2026-07-30T12:49:42.799554,106451,5556,2182,5556,807,5556,158,5556,28,5556,0,9327,1,1.030698000016855
5,1,,2026-07-30T12:49:43.828203,106771,5500,2270,5500,752,5500,158,5500,25,5500,1,9508,2,1.0283254999958444
5,1,,2026-07-30T12:49:44.856485,106717,5517,2243,5517,771,5517,152,5517,29,5517,3,9433,1,1.0279009999940172
5,1,,2026-07-30T12:49:45.885368,106673,5481,2226,5481,808,5481,143,5481,28,5481,1,9446,1,1.0285131999989972
5,1,,2026-07-30T12:49:46.914896,106871,5528,2238,5528,784,5528,156,5528,29,5528,1,9452,2,1.0291922999895178
5,1,,2026-07-30T12:49:47.944492,106956,5448,2197,5448,775,5448,141,5448,22,5448,4,9383,1,1.0292236999957822
5,1,,2026-07-30T12:49:48.974576,106801,5355,2141,5355,747,5355,150,5355,28,5355,0,9449,1,1.0297948000079487
5,1,,2026-07-30T12:49:50.004738,106684,5421,2215,5421,746,5421,138,5421,16,5421,0,9388,4,1.0296899999957532
5,1,,2026-07-30T12:49:51.034297,106960,5450,2231,5450,750,5450,157,5450,22,5450,1,9501,3,1.0291751000040676
5,1,,2026-07-30T12:49:52.064068,106726,5416,2094,5416,797,5416,164,5416,32,5416,1,9338,5,1.0294309000018984
5,1,,2026-07-30T12:49:53.093876,106341,5499,2205,5499,711,5499,168,5499,31,5499,1,9482,1,1.0294679000217002
5,1,,2026-07-30T12:49:54.123865,106945,5390,2134,5390,785,5390,156,5390,27,5390,0,9678,5,1.0296000999805983
5,1,,2026-07-30T12:49:55.155369,106858,5519,2247,5519,767,5519,164,5519,29,5519,0,9453,3,1.0310517000034451
5,1,,2026-07-30T12:49:56.186635,106930,5559,2243,5559,783,5559,150,5559,30,5559,2,9452,4,1.0306931000086479
5,1,,2026-07-30T12:49:57.217525,107452,5467,2177,5467,773,5467,168,5467,25,5467,1,9617,8,1.030365200014785
5,1,,2026-07-30T12:49:58.247773,106919,5453,2201,5453,798,5453,161,5453,28,5453,1,9491,5,1.0298325000039767
5,1,,2026-07-30T12:49:59.279620,107348,5509,2227,5509,744,5509,172,5509,34,5509,0,9408,3,1.031375200022012
5,1,,2026-07-30T12:50:00.308090,106818,5389,2133,5389,773,5389,169,5389,25,5389,0,9458,7,1.0280441000068095
5,1,,2026-07-30T12:50:01.337487,106665,5512,2241,5512,801,5512,152,5512,24,5512,1,9440,4,1.0291562999773305
5,1,,2026-07-30T12:50:02.365507,106848,5466,2212,5466,775,5466,165,5466,34,5466,2,9358,1,1.0277570000034757
5,1,,2026-07-30T12:50:03.394395,106565,5407,2148,5407,777,5407,141,5407,34,5407,1,9471,6,1.0285277999937534
5,1,,2026-07-30T12:50:04.424229,106271,5466,2157,5466,834,5466,148,5466,23,5466,1,9451,5,1.0294329000171274
5,1,,2026-07-30T12:50:05.454966,107389,5336,2136,5336,756,5336,180,5336,25,5336,1,9485,4,1.0303820999979507
5,1,,2026-07-30T12:50:06.484683,106581,5542,2240,5542,815,5542,170,5542,22,5542,1,9562,3,1.0291508999944199
5,1,,2026-07-30T12:50:07.514693,106578,5475,2274,5475,762,5475,160,5475,22,5475,4,9440,6,1.0297071000095457
5,1,,2026-07-30T12:50:08.544886,106926,5378,2174,5378,792,5378,158,5378,31,5378,3,9450,6,1.0297149999823887
5,1,,2026-07-30T12:50:09.574077,107330,5568,2292,5568,745,5568,166,5568,38,5568,3,9530,4,1.0286988999869209
5,1,,2026-07-30T12:50:10.604206,106919,5482,2181,5482,774,5482,150,5482,33,5482,4,9440,3,1.029763600003207
5,1,,2026-07-30T12:50:11.634530,107268,5456,2139,5456,757,5456,159,5456,30,5456,0,9417,5,1.0299245999776758
5,1,,2026-07-30T12:50:12.664195,107165,5458,2274,5458,789,5458,133,5458,29,5458,1,9499,6,1.029140800004825
5,1,,2026-07-30T12:50:13.693470,107275,5512,2253,5512,774,5512,176,5512,24,5512,2,9604,5,1.0289362999901641
5,1,,2026-07-30T12:50:14.722146,106908,5437,2136,5437,770,5437,144,5437,31,5437,1,9300,6,1.0280520000087563
5,1,,2026-07-30T12:50:15.750935,105878,5444,2177,5444,749,5444,160,5444,22,5444,2,9443,3,1.028445500007365
5,1,,2026-07-30T12:50:16.780825,106910,5461,2148,5461,750,5461,155,5461,29,5461,1,9486,1,1.0293591000081506
5,1,,2026-07-30T12:50:17.810684,106971,5456,2252,5456,787,5456,156,5456,29,5456,2,9461,3,1.0294673999887891
5,1,,2026-07-30T12:50:18.838266,106820,5559,2191,5559,845,5559,161,5559,16,5559,1,9314,6,1.0271821000205819
5,1,,2026-07-30T12:50:19.868738,106928,5516,2221,5516,761,5516,175,5516,24,5516,1,9365,3,1.0300257000199053
5,1,,2026-07-30T12:50:20.898788,107459,5439,2245,5439,738,5439,146,5439,21,5439,2,9497,3,1.0297010999929626
5,1,,2026-07-30T12:50:21.930013,106411,5547,2221,5547,793,5547,160,5547,29,5547,1,9379,4,1.0307502999785356
5,1,,2026-07-30T12:50:22.959104,106955,5499,2292,5499,763,5499,147,5499,29,5499,0,9572,4,1.028725400014082
5,1,,2026-07-30T12:50:23.989256,106866,5394,2164,5394,792,5394,150,5394,19,5394,1,9520,3,1.0298369000083767
5,1,,2026-07-30T12:50:25.018758,107387,5390,2231,5390,757,5390,154,5390,29,5390,2,9569,2,1.029142999992473
5,1,,2026-07-30T12:50:26.047821,106612,5414,2104,5414,761,5414,132,5414,42,5414,1,9451,1,1.0287170000083279
5,1,,2026-07-30T12:50:27.077452,107266,5611,2274,5611,799,5611,148,5611,23,5611,2,9430,3,1.0292523999814875
5,1,,2026-07-30T12:50:28.106784,106556,5519,2193,5519,765,5519,167,5519,35,5519,2,9401,4,1.0290126999898348
5,1,,2026-07-30T12:50:29.137387,106952,5378,2134,5378,761,5378,172,5378,26,5378,2,9510,2,1.0301524999958929
5,1,,2026-07-30T12:50:30.167073,106819,5589,2268,5589,820,5589,130,5589,26,5589,0,9554,3,1.0293220999883488
5,1,,2026-07-30T12:50:31.197294,107070,5569,2169,5569,803,5569,167,5569,29,5569,0,9371,3,1.0298755000112578
5,1,,2026-07-30T12:50:32.226811,106734,5509,2225,5509,771,5509,156,5509,35,5509,1,9528,6,1.0291413000086322
5,1,,2026-07-30T12:50:33.255970,107001,5424,2225,5424,746,5424,166,5424,19,5424,0,9460,3,1.028717899986077
5,1,,2026-07-30T12:50:34.284720,106866,5553,2228,5553,795,5553,167,5553,21,5553,3,9514,1,1.0284285999950953
5,1,,2026-07-30T12:50:35.313691,107521,5607,2248,5607,808,5607,154,5607,30,5607,0,9516,1,1.0286311999952886
5,1,,2026-07-30T12:50:36.343524,107036,5399,2215,5399,775,5399,162,5399,20,5399,3,9512,0,1.0291633000015281
5,1,,2026-07-30T12:50:37.373587,106429,5550,2233,5550,770,5550,158,5550,15,5550,1,9575,3,1.029733999981545
5,1,,2026-07-30T12:50:38.403014,107061,5527,2239,5527,793,5527,154,5527,25,5527,2,9544,3,1.029066499992041
5,1,,2026-07-30T12:50:39.432750,106739,5413,2174,5413,781,5413,172,5413,33,5413,3,9425,5,1.0292277999978978
5,1,,2026-07-30T12:50:40.462389,107204,5275,2107,5275,753,5275,157,5275,21,5275,0,9443,5,1.0291347999882419
5,1,,2026-07-30T12:50:41.492122,107225,5473,2192,5473,782,5473,184,5473,25,5473,2,9490,2,1.0292747000057716
5,1,,2026-07-30T12:50:42.521291,107323,5325,2133,5325,734,5325,151,5325,25,5325,0,9450,4,1.0287811000016518
5,1,,2026-07-30T12:50:43.550489,106954,5373,2136,5373,771,5373,159,5373,29,5373,0,9455,1,1.028850800008513
5,1,,2026-07-30T12:50:44.580175,107596,5475,2203,5475,782,5475,141,5475,36,5475,1,9409,2,1.0293724999937695
5,1,,2026-07-30T12:50:45.610092,106903,5506,2200,5506,837,5506,141,5506,34,5506,0,9704,8,1.02957559999777
5,1,,2026-07-30T12:50:46.639734,107175,5555,2240,5555,779,5555,156,5555,28,5555,2,9442,2,1.029114299977664
5,1,,2026-07-30T12:50:47.669183,106397,5589,2247,5589,818,5589,147,5589,23,5589,0,9443,7,1.0290917999809608
5,1,,2026-07-30T12:50:48.697706,106150,5542,2228,5542,825,5542,156,5542,33,5542,2,9478,6,1.028162800008431
5,1,,2026-07-30T12:50:49.728792,107428,5495,2248,5495,795,5495,157,5495,37,5495,0,9586,4,1.0304218000092078
5,1,,2026-07-30T12:50:50.757644,107035,5455,2197,5455,787,5455,163,5455,28,5455,3,9479,6,1.028494199999841
5,1,,2026-07-30T12:50:51.787468,106803,5443,2181,5443,787,5443,144,5443,25,5443,0,9372,3,1.029515000001993
5,1,,2026-07-30T12:50:52.815512,106974,5494,2271,5494,745,5494,149,5494,26,5494,1,9383,0,1.0278287999972235
5,1,,2026-07-30T12:50:53.845548,106636,5480,2234,5480,804,5480,186,5480,24,5480,0,9547,5,1.0297678000060841
5,1,,2026-07-30T12:50:54.873068,106863,5574,2272,5574,786,5574,184,5574,30,5574,0,9566,7,1.027132499992149
5,1,,2026-07-30T12:50:55.903659,106942,5414,2194,5414,796,5414,153,5414,31,5414,0,9374,2,1.030344500002684
5,1,,2026-07-30T12:50:56.933034,106971,5441,2196,5441,777,5441,141,5441,30,5441,0,9414,3,1.0289189999748487
5,1,,2026-07-30T12:50:57.961858,106362,5499,2265,5499,695,5499,172,5499,22,5499,0,9423,1,1.028471300000092
5,1,,2026-07-30T12:50:58.991251,106783,5429,2187,5429,756,5429,157,5429,29,5429,1,9482,4,1.0290911000047345
5,1,,2026-07-30T12:51:00.021268,107130,5454,2207,5454,790,5454,172,5454,24,5454,2,9554,3,1.029534600005718
5,1,,2026-07-30T12:51:01.049643,107912,5523,2211,5523,805,5523,167,5523,25,5523,4,9533,1,1.0280246999755036
5,1,,2026-07-30T12:51:02.077764,106798,5514,2213,5514,805,5514,166,5514,33,5514,2,9528,4,1.0277861999929883
5,1,,2026-07-30T12:51:03.105168,106452,5402,2199,5402,775,5402,146,5402,27,5402,3,9566,5,1.0269663000071887
5,1,,2026-07-30T12:51:04.134431,106769,5423,2197,5423,782,5423,163,5423,26,5423,1,9293,5,1.0290600000007544
5,1,,2026-07-30T12:51:05.164168,106585,5620,2276,5620,774,5620,179,5620,22,5620,0,9508,2,1.029471799993189
5,1,,2026-07-30T12:51:06.193031,107078,5363,2137,5363,717,5363,159,5363,25,5363,0,9430,4,1.0284272000135388
5,1,,2026-07-30T12:51:07.222427,106776,5452,2134,5452,822,5452,148,5452,26,5452,0,9640,2,1.0288447000202723
5,1,,2026-07-30T12:51:08.251543,106333,5427,2196,5427,787,5427,130,5427,27,5427,2,9580,2,1.0287574999965727
5,1,,2026-07-30T12:51:09.281106,106752,5341,2162,5341,760,5341,169,5341,25,5341,1,9497,4,1.029115700017428
5,1,,2026-07-30T12:51:10.310529,106458,5435,2216,5435,761,5435,158,5435,25,5435,2,9491,1,1.0290398999932222
5,1,,2026-07-30T12:51:11.340237,107107,5448,2232,5448,800,5448,144,5448,26,5448,1,9380,2,1.0293679000169504
5,1,,2026-07-30T12:51:12.370745,106981,5403,2194,5403,727,5403,163,5403,28,5403,2,9468,5,1.0300337999942712
5,1,,2026-07-30T12:51:13.402667,107307,5375,2149,5375,765,5375,140,5375,30,5375,0,9523,3,1.0314154000079725
5,1,,2026-07-30T12:51:14.433823,107374,5450,2173,5450,772,5450,152,5450,24,5450,0,9318,5,1.0306719999935012
5,1,,2026-07-30T12:51:15.463520,107245,5485,2233,5485,804,5485,160,5485,24,5485,1,9491,3,1.0292163000267465
5,1,,2026-07-30T12:51:16.492759,106692,5353,2165,5353,774,5353,149,5353,24,5353,2,9297,4,1.0289111000020057
5,1,,2026-07-30T12:51:17.522706,107381,5548,2196,5548,821,5548,173,5548,24,5548,3,9750,4,1.029342900001211
5,1,,2026-07-30T12:51:18.552732,107033,5536,2238,5536,800,5536,156,5536,28,5536,1,9574,4,1.0296475999930408
5,1,,2026-07-30T12:51:19.582735,106997,5434,2228,5434,776,5434,136,5434,27,5434,2,9404,2,1.029597000015201
5,1,,2026-07-30T12:51:20.611853,105979,5354,2208,5354,770,5354,132,5354,33,5354,3,9416,2,1.0287422999972478
5,1,,2026-07-30T12:51:21.640494,106422,5460,2180,5460,770,5460,161,5460,31,5460,2,9466,4,1.0281432000047062
5,1,,2026-07-30T12:51:22.669552,107278,5551,2270,5551,777,5551,149,5551,26,5551,1,9559,1,1.0286840999906417
5,1,,2026-07-30T12:51:23.698596,107109,5477,2280,5477,805,5477,150,5477,29,5477,0,9585,4,1.028710000013234
5,1,,2026-07-30T12:51:24.728642,106943,5449,2200,5449,784,5449,150,5449,24,5449,3,9583,3,1.0297187000105623
5,1,,2026-07-30T12:51:25.756257,106883,5325,2135,5325,764,5325,146,5325,28,5325,3,9549,3,1.0272640000039246
5,1,,2026-07-30T12:51:26.785972,107199,5542,2294,5542,714,5542,159,5542,21,5542,1,9546,3,1.029415400000289
5,1,,2026-07-30T12:51:27.815411,106776,5547,2234,5547,796,5547,141,5547,32,5547,2,9375,3,1.0289109000004828
5,1,,2026-07-30T12:51:28.845968,106814,5581,2223,5581,858,5581,152,5581,22,5581,1,9243,1,1.030061299999943
5,1,,2026-07-30T12:51:29.874990,106914,5439,2202,5439,727,5439,166,5439,24,5439,0,9633,9,1.0287214000127278
5,1,,2026-07-30T12:51:30.904191,106025,5403,2183,5403,784,5403,153,5403,29,5403,2,9543,3,1.0289249999914318
5,1,,2026-07-30T12:51:31.934539,107149,5429,2117,5429,774,5429,177,5429,28,5429,0,9446,4,1.0298773999966215
5,1,,2026-07-30T12:51:32.965384,107001,5337,2136,5337,811,5337,142,5337,32,5337,2,9566,5,1.0302350000129081
5,1,,2026-07-30T12:51:33.993926,106800,5449,2197,5449,766,5449,157,5449,26,5449,1,9542,6,1.0280738000001293
5,1,,2026-07-30T12:51:35.024819,106998,5353,2134,5353,759,5353,144,5353,30,5353,1,9632,6,1.0305385999963619
5,1,,2026-07-30T12:51:36.054261,107003,5420,2198,5420,724,5420,159,5420,23,5420,2,9645,2,1.0290230000100564
5,1,,2026-07-30T12:51:37.084777,107171,5350,2167,5350,739,5350,160,5350,25,5350,0,9517,2,1.0301505999814253
5,1,,2026-07-30T12:51:38.112813,107085,5455,2165,5455,812,5455,165,5455,33,5455,0,9504,4,1.0275889999757055
5,1,,2026-07-30T12:51:39.140355,106557,5348,2178,5348,741,5348,152,5348,26,5348,1,9573,5,1.0272805000131484
5,1,,2026-07-30T12:51:40.169106,106404,5409,2261,5409,741,5409,147,5409,29,5409,1,9448,3,1.0283506999840029
5,1,,2026-07-30T12:51:41.197348,107041,5568,2218,5568,793,5568,162,5568,24,5568,1,9639,2,1.0278890999907162
5,1,,2026-07-30T12:51:42.226709,107131,5425,2204,5425,831,5425,162,5425,20,5425,1,9506,4,1.028966500016395
5,1,,2026-07-30T12:51:43.255713,107268,5542,2225,5542,768,5542,156,5542,20,5542,1,9426,2,1.0286689999920782
5,1,,2026-07-30T12:51:44.284789,106946,5349,2153,5349,746,5349,137,5349,27,5349,1,9535,6,1.0287665000068955
5,1,,2026-07-30T12:51:45.314057,107024,5347,2121,5347,766,5347,148,5347,24,5347,3,9543,0,1.0289054000168107
5,1,,2026-07-30T12:51:46.344617,107243,5457,2221,5457,770,5457,149,5457,24,5457,3,9349,2,1.0302285999932792
5,1,,2026-07-30T12:51:47.373844,107101,5567,2234,5567,812,5567,163,5567,31,5567,1,9564,1,1.0287359000067227
5,1,,2026-07-30T12:51:48.403734,106785,5370,2146,5370,799,5370,154,5370,23,5370,4,9483,6,1.029341099987505
5,1,,2026-07-30T12:51:49.433676,106562,5482,2233,5482,806,5482,166,5482,30,5482,1,9311,4,1.0295707000186667
5,1,,2026-07-30T12:51:50.463472,106096,5338,2206,5338,715,5338,137,5338,22,5338,0,9383,4,1.0294270000013057
5,1,,2026-07-30T12:51:51.493722,107393,5451,2209,5451,776,5451,173,5451,22,5451,3,9285,3,1.0299426999990828
5,1,,2026-07-30T12:51:52.524202,107518,5595,2223,5595,793,5595,140,5595,34,5595,3,9375,3,1.0298118000209797
5,1,,2026-07-30T12:51:53.553647,106577,5448,2300,5448,775,5448,166,5448,29,5448,1,9479,2,1.0291317999945022
5,1,,2026-07-30T12:51:54.583615,107213,5304,2143,5304,756,5304,178,5304,23,5304,0,9514,2,1.0295142000250053
5,1,,2026-07-30T12:51:55.612563,106667,5362,2148,5362,741,5362,145,5362,24,5362,0,9480,6,1.028608799999347
5,1,,2026-07-30T12:51:56.641749,106607,5375,2160,5375,753,5375,154,5375,35,5375,4,9388,2,1.0288181999931112
5,1,,2026-07-30T12:51:57.671809,106599,5395,2167,5395,768,5396,156,5396,27,5396,3,9496,5,1.0297162999922875
5,1,,2026-07-30T12:51:58.702390,107372,5441,2204,5441,784,5440,150,5440,32,5440,1,9522,1,1.0302494000061415
5,1,,2026-07-30T12:51:59.732525,106738,5397,2119,5397,810,5397,166,5397,27,5397,2,9648,1,1.029753900016658
5,1,,2026-07-30T12:52:00.761310,106681,5501,2270,5501,775,5501,172,5501,24,5501,0,9696,3,1.0284295000019483
5,1,,2026-07-30T12:52:01.790735,106427,5404,2142,5404,752,5404,136,5404,30,5404,3,9474,2,1.028970199986361
5,1,,2026-07-30T12:52:02.819960,106636,5440,2217,5440,784,5440,150,5440,33,5440,4,9401,5,1.0288396000105422
5,1,,2026-07-30T12:52:03.850227,106815,5601,2272,5601,793,5601,147,5601,22,5601,1,9307,10,1.029816700000083
5,1,,2026-07-30T12:52:04.878850,106569,5476,2220,5476,744,5476,155,5476,42,5476,1,9500,3,1.028327599982731
5,1,,2026-07-30T12:52:05.908361,106349,5457,2212,5457,745,5457,162,5457,27,5457,1,9537,5,1.0291650000144728
5,1,,2026-07-30T12:52:06.937412,106638,5469,2226,5469,795,5469,165,5469,27,5469,2,9566,5,1.028576000011526
5,1,,2026-07-30T12:52:07.968792,106824,5370,2254,5370,714,5370,146,5370,26,5370,0,9473,5,1.0308994999795686
5,1,,2026-07-30T12:52:08.998614,107167,5468,2204,5468,792,5468,161,5468,27,5468,4,9248,6,1.02947419998236
5,1,,2026-07-30T12:52:10.028888,106800,5472,2148,5472,801,5472,178,5472,26,5472,1,9420,3,1.029898399981903
5,1,,2026-07-30T12:52:11.057885,107636,5502,2251,5502,779,5502,162,5502,31,5502,0,9455,3,1.0286559000087436
5,1,,2026-07-30T12:52:12.087844,107064,5482,2196,5482,752,5482,152,5482,30,5482,1,9427,2,1.0295945999969263
5,1,,2026-07-30T12:52:13.117610,106620,5487,2253,5487,817,5487,131,5487,30,5487,1,9427,5,1.029254499997478
5,1,,2026-07-30T12:52:14.146538,107258,5485,2161,5485,749,5485,156,5485,28,5485,4,9638,7,1.0285918999870773
5,1,,2026-07-30T12:52:15.175904,106883,5444,2250,5444,742,5444,134,5444,25,5444,2,9571,4,1.0288645999971777
5,1,,2026-07-30T12:52:16.206535,106701,5457,2283,5457,770,5457,129,5457,29,5457,2,9310,3,1.0302768999827094
5,1,,2026-07-30T12:52:17.237040,106681,5445,2225,5445,752,5445,159,5445,34,5445,1,9503,2,1.0300734000047669
5,1,,2026-07-30T12:52:18.266429,106641,5544,2286,5544,771,5544,166,5544,27,5544,0,9398,6,1.0289300000004005
5,1,,2026-07-30T12:52:19.295861,107034,5496,2213,5496,768,5496,167,5496,28,5496,1,9565,6,1.0291145000082906
5,1,,2026-07-30T12:52:20.324622,106825,5451,2177,5451,778,5451,172,5451,26,5451,2,9499,4,1.0283723000029568
5,1,,2026-07-30T12:52:21.354190,107337,5416,2189,5416,784,5416,150,5416,29,5416,1,9567,2,1.029075800004648
5,1,,2026-07-30T12:52:22.385140,106526,5573,2278,5573,791,5573,166,5573,29,5573,1,9460,6,1.030480900022667
5,1,,2026-07-30T12:52:23.414350,107381,5459,2227,5459,733,5459,172,5459,31,5459,0,9513,3,1.028913799993461
5,1,,2026-07-30T12:52:24.443462,106896,5440,2202,5440,779,5440,170,5440,27,5440,0,9459,4,1.0287928000034299
5,1,,2026-07-30T12:52:25.475013,107357,5504,2245,5504,772,5504,157,5504,31,5504,2,9536,6,1.0311218999850098
5,1,,2026-07-30T12:52:26.505606,106481,5458,2268,5458,741,5458,147,5458,26,5458,1,9503,6,1.0303700000222307
5,1,,2026-07-30T12:52:27.536227,106957,5350,2175,5350,719,5350,162,5350,26,5350,3,9325,2,1.030184500006726
5,1,,2026-07-30T12:52:28.565456,106648,5381,2115,5381,760,5381,159,5381,28,5381,3,9198,5,1.0287452000193298
5,1,,2026-07-30T12:52:29.594649,106435,5529,2303,5529,770,5529,149,5529,28,5529,1,9400,4,1.0288178999908268
5,1,,2026-07-30T12:52:30.624113,106825,5450,2226,5450,743,5450,163,5450,17,5450,1,9353,3,1.0290995000104886
5,1,,2026-07-30T12:52:31.654987,106848,5415,2152,5415,756,5415,176,5415,30,5415,2,9461,2,1.030491700017592
5,1,,2026-07-30T12:52:32.683454,107289,5631,2300,5631,787,5631,156,5631,28,5631,2,9540,5,1.0281279999762774
5,1,,2026-07-30T12:52:33.713852,106594,5496,2228,5496,737,5496,146,5496,39,5496,1,9422,4,1.0301276999816764
5,1,,2026-07-30T12:52:34.743130,106823,5388,2185,5388,791,5388,147,5388,35,5388,1,9469,7,1.0288165000092704
5,1,,2026-07-30T12:52:35.773174,106700,5420,2213,5420,795,5420,170,5420,32,5420,0,9424,1,1.0296353999874555
5,1,,2026-07-30T12:52:36.803340,106842,5452,2110,5452,810,5452,138,5452,32,5452,3,9218,6,1.0298651999910362
5,1,,2026-07-30T12:52:37.832815,107441,5506,2217,5506,777,5506,173,5506,28,5506,2,9436,9,1.029131100018276
5,1,,2026-07-30T12:52:38.862414,106890,5364,2136,5364,719,5364,159,5364,32,5364,2,9652,5,1.0292516000044998
5,1,,2026-07-30T12:52:39.891577,106648,5558,2197,5558,798,5558,165,5558,32,5558,0,9329,3,1.0288366999884602
5,1,,2026-07-30T12:52:40.921654,106988,5457,2167,5457,803,5457,179,5457,18,5457,1,9548,2,1.0297404000011738
5,1,,2026-07-30T12:52:41.952025,106735,5546,2269,5546,753,5546,150,5546,32,5546,1,9477,2,1.0299115000234451
5,1,,2026-07-30T12:52:42.981644,106824,5442,2179,5442,788,5442,153,5442,39,5442,1,9479,2,1.029341299989028
5,1,,2026-07-30T12:52:44.011453,107259,5398,2203,5398,804,5398,118,5398,25,5398,0,9427,2,1.0294549999816809
5,1,,2026-07-30T12:52:45.039398,106632,5424,2166,5424,818,5424,156,5424,24,5424,2,9399,6,1.0276041999750305
5,1,,2026-07-30T12:52:46.069006,106889,5366,2214,5366,744,5366,135,5366,32,5366,0,9542,3,1.0292819000023883
5,1,,2026-07-30T12:52:47.098335,107425,5474,2265,5474,757,5474,155,5474,38,5474,1,9475,2,1.0290123999875505
5,1,,2026-07-30T12:52:48.129150,106985,5422,2134,5422,820,5422,146,5422,17,5422,1,9476,3,1.0305209999787621
5,1,,2026-07-30T12:52:49.158507,106638,5380,2162,5380,758,5380,141,5380,24,5380,4,9469,0,1.0287599999865051
5,1,,2026-07-30T12:52:50.188804,106824,5480,2208,5480,772,5480,157,5480,25,5480,1,9399,4,1.029867600009311
5,1,,2026-07-30T12:52:51.218346,107570,5499,2235,5499,807,5499,167,5499,29,5499,0,9405,1,1.0291411000071093
5,1,,2026-07-30T12:52:52.246275,106254,5500,2180,5500,760,5500,162,5500,27,5500,2,9426,1,1.0275809000013396
5,1,,2026-07-30T12:52:53.274557,107037,5526,2219,5526,792,5526,142,5526,24,5526,0,9365,7,1.0280231999931857
5,1,,2026-07-30T12:52:54.305192,106851,5531,2289,5531,781,5531,152,5531,29,5531,4,9564,5,1.0301851999829523
5,1,,2026-07-30T12:52:55.334556,107176,5332,2134,5332,755,5332,147,5332,29,5332,0,9555,1,1.0290008999872953
5,1,,2026-07-30T12:52:56.365098,107169,5422,2227,5422,734,5422,138,5422,22,5422,0,9564,2,1.0301723000011407
5,1,,2026-07-30T12:52:57.392479,107475,5461,2256,5461,823,5461,141,5461,27,5461,1,9434,2,1.0270327999896836
5,1,,2026-07-30T12:52:58.422956,106849,5370,2169,5370,762,5370,158,5370,20,5370,3,9796,0,1.0300629000121262
5,1,,2026-07-30T12:52:59.452441,106849,5402,2127,5402,785,5402,156,5402,26,5402,3,9349,6,1.0291516999714077
5,1,,2026-07-30T12:53:00.482861,106424,5540,2212,5540,776,5540,152,5540,30,5540,0,9437,3,1.0300066999916453
5,1,,2026-07-30T12:53:01.513008,107292,5503,2219,5503,788,5503,153,5503,32,5503,6,9535,3,1.0297248999995645
5,1,,2026-07-30T12:53:02.541997,106514,5474,2183,5474,775,5474,159,5474,36,5474,3,9347,2,1.0286222000140697
5,1,,2026-07-30T12:53:03.571052,107278,5383,2124,5383,755,5383,149,5383,24,5383,0,9537,5,1.028691199986497
5,1,,2026-07-30T12:53:04.600054,106758,5581,2211,5581,783,5581,161,5581,27,5581,2,9458,2,1.028612099995371
5,1,,2026-07-30T12:53:05.630377,106732,5460,2207,5460,783,5460,162,5460,32,5460,0,9423,5,1.0299166000040714
5,1,,2026-07-30T12:53:06.660255,106461,5538,2181,5538,795,5538,131,5538,29,5538,0,9361,5,1.0294991999980994
5,1,,2026-07-30T12:53:07.690423,107183,5557,2283,5557,797,5557,138,5557,31,5557,1,9345,4,1.0298317999986466
5,1,,2026-07-30T12:53:08.720438,106729,5443,2234,5443,782,5443,146,5443,25,5443,1,9655,1,1.029477300005965
5,1,,2026-07-30T12:53:09.787680,106750,5528,2283,5528,758,5528,164,5528,28,5528,2,9480,4,1.0668795999954455
5,1,,2026-07-30T12:53:10.822345,111047,5645,2305,5645,785,5645,156,5645,29,5645,2,9866,3,1.0288284000125714
5,1,,2026-07-30T12:53:11.852053,106641,5426,2194,5426,752,5426,145,5426,36,5426,0,9529,5,1.0293882999976631
5,1,,2026-07-30T12:53:12.881901,106490,5353,2176,5353,766,5353,161,5353,33,5353,1,9535,4,1.0295372999971732
5,1,,2026-07-30T12:53:13.910878,106779,5260,2113,5260,730,5260,146,5260,27,5260,0,9455,8,1.0287001999968197
5,1,,2026-07-30T12:53:14.940294,106762,5528,2256,5528,744,5528,160,5528,35,5528,3,9528,4,1.0290424000122584
5,1,,2026-07-30T12:53:15.970383,107382,5521,2256,5521,820,5521,144,5521,41,5521,0,9605,4,1.0295546999841463
5,1,,2026-07-30T12:53:17.000138,107113,5546,2256,5546,754,5546,177,5546,26,5546,1,9530,4,1.02941269997973
5,1,,2026-07-30T12:53:18.029787,106262,5487,2274,5487,777,5487,154,5487,30,5487,0,9546,2,1.0293911999906413
5,1,,2026-07-30T12:53:19.059484,107022,5538,2304,5538,770,5538,149,5538,31,5538,1,9603,1,1.0293934000073932
5,1,,2026-07-30T12:53:20.089269,106895,5437,2275,5437,747,5437,156,5437,30,5437,0,9416,6,1.0293532000214327
5,1,,2026-07-30T12:53:21.115962,106527,5307,2076,5307,747,5307,162,5307,23,5307,1,9558,5,1.026233599986881
5,1,,2026-07-30T12:53:22.147107,106730,5644,2264,5644,801,5644,156,5644,32,5644,3,9364,3,1.0309088999929372
5,1,,2026-07-30T12:53:23.175398,107015,5537,2190,5537,812,5537,135,5537,25,5537,0,9523,5,1.0279838999849744
5,1,,2026-07-30T12:53:24.205268,106565,5484,2189,5484,748,5484,170,5484,24,5484,0,9441,5,1.029331199999433
5,1,,2026-07-30T12:53:25.234679,106940,5382,2214,5382,778,5382,164,5382,27,5382,0,9488,5,1.0290670999966096
5,1,,2026-07-30T12:53:26.265223,107202,5506,2247,5506,762,5506,174,5506,31,5506,1,9420,8,1.0301892000134103
5,1,,2026-07-30T12:53:27.294046,106443,5492,2283,5492,763,5492,158,5492,20,5492,1,9548,4,1.0284416000067722
5,1,,2026-07-30T12:53:28.322897,106780,5535,2240,5535,777,5535,159,5535,33,5535,0,9375,3,1.0285195999895222
5,1,,2026-07-30T12:53:29.354067,107105,5403,2162,5403,777,5403,143,5403,19,5403,4,9420,3,1.030751300015254
5,1,,2026-07-30T12:53:30.384359,106676,5501,2214,5501,823,5501,159,5501,22,5501,0,9479,2,1.029784100013785
5,1,,2026-07-30T12:53:31.413402,106397,5578,2311,5578,782,5578,148,5578,24,5578,1,9464,4,1.0286029999842867
5,1,,2026-07-30T12:53:32.442829,106905,5415,2146,5415,742,5415,193,5415,25,5415,1,9376,5,1.0291892999957781
5,1,,2026-07-30T12:53:33.472395,106791,5434,2210,5434,742,5434,125,5434,34,5434,0,9307,3,1.029142999992473
5,1,,2026-07-30T12:53:34.502399,107233,5423,2218,5423,757,5423,143,5423,28,5423,1,9407,7,1.0296683000051416
5,1,,2026-07-30T12:53:35.531631,107208,5376,2240,5376,755,5376,139,5376,27,5376,1,9682,7,1.0287226999935228
5,1,,2026-07-30T12:53:36.561304,107472,5499,2235,5499,798,5499,143,5499,29,5499,2,9565,4,1.029361599998083
5,1,,2026-07-30T12:53:37.590700,107153,5491,2205,5491,804,5491,151,5491,33,5491,1,9615,4,1.0289015999878757
5,1,,2026-07-30T12:53:38.620209,106930,5593,2297,5593,748,5593,176,5593,36,5593,0,9440,5,1.0291468999930657
5,1,,2026-07-30T12:53:39.649433,106741,5432,2245,5432,803,5432,180,5432,25,5432,0,9612,2,1.028751599980751
5,1,,2026-07-30T12:53:40.678694,107185,5295,2148,5295,771,5295,131,5295,28,5295,0,9468,4,1.0288981999910902
5,1,,2026-07-30T12:53:41.708167,106827,5400,2207,5400,745,5400,138,5400,28,5400,2,9413,6,1.0291440000000875
5,1,,2026-07-30T12:53:42.736971,107436,5392,2152,5392,787,5392,142,5392,33,5392,0,9411,4,1.0284275000158232
5,1,,2026-07-30T12:53:43.766080,107273,5340,2181,5340,715,5340,146,5340,17,5340,2,9528,4,1.0288749000173993
5,1,,2026-07-30T12:53:44.794799,107015,5443,2322,5443,731,5443,161,5443,22,5443,1,9403,2,1.028317699994659
5,1,,2026-07-30T12:53:45.823079,106378,5455,2189,5455,783,5455,152,5455,27,5455,1,9403,4,1.0279413999815006
5,1,,2026-07-30T12:53:46.850045,106636,5471,2200,5471,795,5471,163,5471,28,5471,2,9559,4,1.0267432999971788
5,1,,2026-07-30T12:53:47.879760,107136,5411,2192,5411,779,5411,152,5411,17,5411,0,9396,3,1.029378800012637
5,1,,2026-07-30T12:53:48.907429,106784,5538,2239,5538,778,5538,144,5538,35,5538,3,9435,1,1.0274229999922682
5,1,,2026-07-30T12:53:49.936271,106597,5335,2139,5335,744,5335,164,5335,31,5335,0,9513,2,1.0285114999860525
5,1,,2026-07-30T12:53:50.963593,106913,5500,2271,5500,727,5500,149,5500,26,5500,1,9381,4,1.0270135999890044
5,1,,2026-07-30T12:53:51.991469,106576,5503,2161,5503,776,5503,142,5503,30,5503,1,9479,3,1.02748160000192
5,1,,2026-07-30T12:53:53.019835,106698,5534,2186,5534,849,5534,159,5534,26,5534,2,9492,4,1.0279579999914858
5,1,,2026-07-30T12:53:54.048260,106613,5211,2145,5211,727,5211,147,5211,28,5211,1,9496,1,1.0280942000099458
5,1,,2026-07-30T12:53:55.075747,106622,5533,2219,5533,787,5533,166,5533,26,5533,1,9519,2,1.027254799992079
5,1,,2026-07-30T12:53:56.103524,107058,5458,2198,5458,765,5458,154,5458,30,5458,1,9494,3,1.0275955999968573
5,1,,2026-07-30T12:53:57.132323,106141,5477,2204,5477,769,5477,163,5477,32,5477,1,9445,0,1.0285380999848712
5,1,,2026-07-30T12:53:58.160159,106303,5509,2229,5509,799,5509,160,5509,27,5509,2,9241,4,1.0274901000084355
5,1,,2026-07-30T12:53:59.188693,106353,5382,2148,5382,762,5382,142,5382,21,5382,0,9524,1,1.0281905999872833
5,1,,2026-07-30T12:54:00.216076,107022,5408,2229,5408,797,5408,137,5408,22,5408,4,9268,1,1.0268777999735903
5,1,,2026-07-30T12:54:01.246273,106517,5407,2195,5407,826,5407,150,5407,24,5407,0,9376,4,1.0298710000060964
5,1,,2026-07-30T12:54:02.275423,106773,5449,2224,5449,795,5449,138,5449,28,5449,0,9514,3,1.0288939999882132
5,1,,2026-07-30T12:54:03.304270,106698,5371,2216,5371,717,5371,146,5371,29,5371,0,9523,2,1.028508099989267
5,1,,2026-07-30T12:54:04.333448,106015,5470,2222,5470,818,5470,166,5470,31,5470,1,9334,4,1.0288201000075787
5,1,,2026-07-30T12:54:05.362890,106750,5284,2115,5284,730,5284,156,5284,22,5284,0,9552,5,1.0289737999846693
5,1,,2026-07-30T12:54:06.391733,106647,5487,2230,5487,737,5487,155,5487,23,5487,1,9220,6,1.028501699998742
5,1,,2026-07-30T12:54:07.420688,106913,5412,2174,5412,780,5412,169,5412,25,5412,0,9617,1,1.028637899988098
5,1,,2026-07-30T12:54:08.449700,106837,5386,2108,5386,780,5386,173,5386,28,5386,0,9500,4,1.0287778000056278
5,1,,2026-07-30T12:54:09.477953,107184,5520,2241,5520,749,5520,190,5520,31,5520,0,9310,3,1.0279161999933422
5,1,,2026-07-30T12:54:10.507279,106277,5412,2172,5412,822,5412,145,5412,29,5412,0,9546,3,1.028959000017494
5,1,,2026-07-30T12:54:11.536700,106401,5498,2147,5498,770,5498,169,5498,28,5498,4,9594,4,1.028985399985686
5,1,,2026-07-30T12:54:12.566324,106890,5529,2231,5529,787,5529,156,5529,23,5529,1,9297,9,1.0292830000107642
5,1,,2026-07-30T12:54:13.595461,107195,5457,2197,5457,775,5457,161,5457,24,5457,1,9328,2,1.028795699996408
5,1,,2026-07-30T12:54:14.626911,106966,5371,2161,5371,744,5371,138,5371,21,5371,1,9306,7,1.0311166000028607
5,1,,2026-07-30T12:54:15.657120,106841,5522,2244,5522,779,5522,140,5522,24,5522,1,9465,0,1.0297623999940697
5,1,,2026-07-30T12:54:16.686949,106830,5460,2166,5460,765,5460,161,5460,37,5460,1,9474,2,1.0294411999930162
5,1,,2026-07-30T12:54:17.716569,107038,5464,2209,5464,808,5464,149,5464,16,5464,2,9624,2,1.029384099994786
5,1,,2026-07-30T12:54:18.745650,106397,5457,2151,5457,776,5457,160,5457,21,5457,0,9488,7,1.0286004000226967
5,1,,2026-07-30T12:54:19.773479,107457,5507,2181,5507,808,5507,148,5507,33,5507,2,9491,4,1.0275104000174906
5,1,,2026-07-30T12:54:20.803591,106183,5467,2221,5467,780,5467,152,5467,23,5467,4,9418,5,1.0298647999879904
5,1,,2026-07-30T12:54:21.832709,106573,5483,2215,5483,776,5483,159,5483,42,5483,2,9328,3,1.0287516000098549
5,1,,2026-07-30T12:54:22.862405,107334,5379,2187,5379,722,5379,126,5379,27,5379,1,9517,5,1.0293480000109412
5,1,,2026-07-30T12:54:23.891536,106257,5372,2118,5372,777,5372,149,5372,25,5372,1,9613,6,1.0287604999903124
5,1,,2026-07-30T12:54:24.921659,106358,5557,2226,5557,758,5557,176,5557,24,5557,1,9365,1,1.029813600005582
5,1,,2026-07-30T12:54:25.951884,106767,5431,2176,5431,778,5431,149,5431,25,5431,1,9583,4,1.029921999986982
5,1,,2026-07-30T12:54:26.981563,106757,5433,2176,5433,783,5433,167,5433,29,5433,6,9487,4,1.0291490000090562
5,1,,2026-07-30T12:54:28.010495,106669,5473,2176,5473,751,5473,177,5473,28,5473,0,9478,3,1.0285758000100031
5,1,,2026-07-30T12:54:29.038860,107585,5563,2318,5563,764,5563,157,5563,21,5563,4,9395,2,1.0279765999875963
5,1,,2026-07-30T12:54:30.066885,106447,5628,2311,5628,775,5628,151,5628,31,5628,1,9633,2,1.0276628000137862
5,1,,2026-07-30T12:54:31.097710,106693,5370,2198,5370,746,5370,142,5370,17,5370,1,9623,4,1.0302092999918386
5,1,,2026-07-30T12:54:32.128581,107261,5541,2234,5541,779,5541,165,5541,29,5541,0,9621,1,1.0302987000031862
5,1,,2026-07-30T12:54:33.157129,106952,5522,2228,5522,827,5522,143,5522,19,5522,0,9427,5,1.0281903999857605
5,1,,2026-07-30T12:54:34.187171,106398,5450,2235,5450,751,5450,155,5450,28,5450,0,9375,3,1.029658900020877
5,1,,2026-07-30T12:54:35.216528,107022,5511,2281,5511,802,5511,139,5511,27,5511,0,9486,7,1.029010099999141
5,1,,2026-07-30T12:54:36.246174,106871,5496,2234,5496,792,5496,165,5496,30,5496,1,9495,1,1.0292681000137236
5,1,,2026-07-30T12:54:37.276129,107206,5518,2227,5518,795,5518,166,5518,29,5518,0,9437,2,1.0296366999973543
5,1,,2026-07-30T12:54:38.307088,107179,5452,2177,5452,776,5452,164,5452,29,5452,0,9685,3,1.0306611999985762
5,1,,2026-07-30T12:54:39.336898,107427,5426,2203,5426,725,5426,146,5426,26,5426,0,9523,3,1.029390899988357
5,1,,2026-07-30T12:54:40.366677,106910,5595,2233,5595,817,5595,151,5595,33,5595,1,9493,2,1.0294495999987703
5,1,,2026-07-30T12:54:41.395144,107401,5574,2167,5574,822,5574,153,5574,31,5574,0,9494,1,1.0281390000018291
5,1,,2026-07-30T12:54:42.423345,107081,5391,2193,5391,763,5391,141,5391,23,5391,1,9495,3,1.0279708000016399
5,1,,2026-07-30T12:54:43.450106,107377,5565,2276,5565,807,5565,169,5565,25,5565,0,9669,2,1.0266143000044394
5,1,,2026-07-30T12:54:44.478826,106880,5424,2179,5424,785,5424,130,5424,26,5424,1,9316,2,1.0285902000032365
5,1,,2026-07-30T12:54:45.508348,107588,5640,2221,5640,847,5640,159,5640,26,5640,1,9553,6,1.0292572999896947
5,1,,2026-07-30T12:54:46.537872,106827,5394,2170,5394,780,5394,139,5394,27,5394,0,9461,4,1.0291967999946792
5,1,,2026-07-30T12:54:47.568051,107136,5415,2192,5415,769,5415,142,5415,29,5415,3,9463,2,1.0298483000078704
5,1,,2026-07-30T12:54:48.597404,107246,5430,2172,5430,770,5430,149,5430,21,5430,2,9516,2,1.0289755999983754
5,1,,2026-07-30T12:54:49.626760,107870,5505,2222,5505,742,5505,140,5505,45,5505,1,9324,1,1.029056600003969
5,1,,2026-07-30T12:54:50.655029,106432,5424,2189,5424,779,5424,179,5424,29,5424,1,9492,5,1.0279365999740548
5,1,,2026-07-30T12:54:51.684377,106747,5350,2247,5350,753,5350,147,5350,30,5350,0,9639,2,1.0290043000131845
5,1,,2026-07-30T12:54:52.714325,106632,5445,2246,5445,735,5445,146,5445,23,5445,2,9411,3,1.0294262999959756
5,1,,2026-07-30T12:54:53.744147,106868,5544,2276,5544,784,5544,147,5544,33,5544,1,9436,1,1.0293988000194076
5,1,,2026-07-30T12:54:54.773414,106925,5329,2145,5329,752,5329,156,5329,28,5329,2,9645,4,1.028820400009863
5,1,,2026-07-30T12:54:55.805024,106804,5417,2185,5417,819,5417,136,5417,24,5417,0,9390,4,1.0312550999806263
5,1,,2026-07-30T12:54:56.834258,107230,5581,2245,5581,793,5581,156,5581,30,5581,0,9703,8,1.0288063999905717
5,1,,2026-07-30T12:54:57.865182,107542,5565,2277,5565,759,5565,174,5565,13,5565,3,9423,6,1.0305120999983046
5,1,,2026-07-30T12:54:58.894313,107157,5360,2154,5360,796,5360,153,5360,23,5360,3,9415,4,1.0286651000205893
5,1,,2026-07-30T12:54:59.924075,107271,5457,2193,5457,772,5457,160,5457,20,5457,1,9418,4,1.0292540999944322
5,1,,2026-07-30T12:55:00.952893,106519,5452,2230,5452,759,5452,145,5452,27,5452,0,9602,6,1.0284104000020307
5,1,,2026-07-30T12:55:01.983630,106878,5470,2181,5470,743,5470,163,5470,32,5470,2,9360,9,1.0304071999853477
5,1,,2026-07-30T12:55:03.013790,106733,5512,2200,5512,766,5512,167,5512,27,5512,2,9523,5,1.02979490000871
5,1,,2026-07-30T12:55:04.043457,106793,5681,2344,5681,806,5681,162,5681,20,5681,2,9474,7,1.029244600009406
5,1,,2026-07-30T12:55:05.073075,106888,5400,2214,5400,780,5400,181,5400,20,5400,0,9490,5,1.0292928999988362
5,1,,2026-07-30T12:55:06.099970,106642,5385,2092,5385,809,5385,153,5385,31,5385,0,9514,3,1.0265782000205945
5,1,,2026-07-30T12:55:07.128027,106794,5424,2193,5424,779,5424,151,5424,35,5424,5,9296,2,1.0277723000035621
5,1,,2026-07-30T12:55:08.157313,106800,5299,2169,5299,680,5299,155,5299,17,5299,0,9499,3,1.0288554999860935
5,1,,2026-07-30T12:55:09.186315,107139,5490,2181,5490,775,5490,142,5490,34,5490,1,9702,1,1.0285597000038251
5,1,,2026-07-30T12:55:10.215734,106852,5436,2190,5436,734,5436,163,5436,35,5436,2,9397,4,1.0291284999984782
5,1,,2026-07-30T12:55:11.244839,106620,5469,2240,5469,743,5469,158,5469,35,5469,3,9557,1,1.0287688999960665
5,1,,2026-07-30T12:55:12.273953,106619,5566,2246,5566,735,5566,160,5566,22,5566,0,9281,3,1.028754700004356
5,1,,2026-07-30T12:55:13.302321,106920,5309,2139,5309,751,5309,150,5309,25,5309,2,9271,7,1.0280045999970753
5,1,,2026-07-30T12:55:14.331295,107063,5457,2210,5457,759,5457,152,5457,29,5457,1,9503,3,1.0285953999846242
5,1,,2026-07-30T12:55:15.361104,106918,5405,2160,5405,754,5405,140,5405,19,5405,1,9322,3,1.029438500001561
5,1,,2026-07-30T12:55:16.390082,107034,5459,2219,5459,828,5459,140,5459,30,5459,1,9444,5,1.028567600005772
5,1,,2026-07-30T12:55:17.419353,106766,5405,2184,5405,768,5405,159,5405,34,5405,0,9559,5,1.028894199989736
5,1,,2026-07-30T12:55:18.449450,106898,5464,2212,5464,829,5464,166,5464,20,5464,0,9551,2,1.0297183999791741
5,1,,2026-07-30T12:55:19.478195,106270,5302,2093,5302,804,5302,139,5302,23,5302,0,9314,5,1.0283973999903537
5,1,,2026-07-30T12:55:20.507585,106851,5565,2161,5565,779,5565,161,5565,29,5565,3,9521,5,1.0290229999809526
5,1,,2026-07-30T12:55:21.536397,107065,5325,2180,5325,738,5325,154,5325,23,5325,0,9432,7,1.0284677999734413
5,1,,2026-07-30T12:55:22.564731,106020,5460,2232,5460,739,5460,151,5460,29,5460,0,9388,2,1.028049699991243
5,1,,2026-07-30T12:55:23.595438,106802,5407,2252,5407,737,5407,160,5407,31,5407,1,9459,3,1.0303487000055611
5,1,,2026-07-30T12:55:24.625202,107358,5483,2229,5483,754,5483,153,5483,32,5483,2,9539,4,1.0293772000004537
5,1,,2026-07-30T12:55:25.654317,106986,5409,2213,5409,800,5409,150,5409,23,5409,1,9400,2,1.0286927999986801
5,1,,2026-07-30T12:55:26.683464,106517,5444,2216,5444,771,5444,150,5444,19,5444,1,9362,0,1.028752500016708
5,1,,2026-07-30T12:55:27.713913,106807,5411,2204,5411,719,5411,147,5411,20,5411,1,9479,3,1.0299491999903694
5,1,,2026-07-30T12:55:28.743744,106625,5389,2149,5389,772,5389,165,5389,31,5389,1,9327,3,1.0295188000018243
5,1,,2026-07-30T12:55:29.773382,106799,5326,2159,5326,750,5326,162,5326,25,5326,0,9450,1,1.0293093000072986
5,1,,2026-07-30T12:55:30.803893,106995,5485,2266,5485,756,5485,141,5485,31,5485,2,9563,5,1.0300356000079773
5,1,,2026-07-30T12:55:31.833773,106320,5542,2292,5543,781,5543,146,5543,31,5543,1,9600,7,1.0295011999842245
5,1,,2026-07-30T12:55:32.861769,106280,5360,2214,5359,739,5359,128,5359,22,5359,2,9465,3,1.0275342000240926
5,1,,2026-07-30T12:55:33.889740,106964,5367,2247,5367,719,5367,154,5367,26,5367,1,9364,5,1.0278142000024673
5,1,,2026-07-30T12:55:34.917828,106124,5495,2141,5495,755,5495,170,5495,21,5495,0,9448,5,1.0276444999908563
5,1,,2026-07-30T12:55:35.944986,106570,5443,2245,5443,723,5443,165,5443,26,5443,1,9427,2,1.0268777000019327
5,1,,2026-07-30T12:55:36.974735,106726,5449,2210,5449,760,5449,166,5449,30,5449,1,9235,5,1.0295116999768652
5,1,,2026-07-30T12:55:38.004560,106914,5482,2248,5482,785,5482,155,5482,28,5482,1,9559,4,1.0294295999919996
5,1,,2026-07-30T12:55:39.033983,106908,5379,2152,5379,776,5379,153,5379,30,5379,1,9533,5,1.028976400004467
5,1,,2026-07-30T12:55:40.062933,106811,5404,2180,5404,782,5404,143,5404,44,5404,2,9591,3,1.0286040999926627
5,1,,2026-07-30T12:55:41.092248,106440,5434,2215,5434,753,5434,156,5434,35,5434,4,9558,4,1.0288205000106245
5,1,,2026-07-30T12:55:42.123038,107051,5485,2218,5485,795,5485,154,5485,28,5485,0,9385,2,1.030408399994485
5,1,,2026-07-30T12:55:43.153846,107282,5572,2286,5572,763,5572,146,5572,32,5572,3,9540,3,1.0304949000128545
5,1,,2026-07-30T12:55:44.182558,106953,5409,2180,5409,742,5409,164,5409,33,5409,0,9415,3,1.0283013000153005
5,1,,2026-07-30T12:55:45.213011,106481,5480,2220,5480,757,5480,146,5480,16,5480,3,9473,2,1.030094799993094
5,1,,2026-07-30T12:55:46.243208,107096,5494,2250,5494,771,5494,140,5494,35,5494,0,9519,2,1.0297414000087883
5,1,,2026-07-30T12:55:47.273774,106695,5569,2267,5569,817,5569,155,5569,37,5569,2,9352,2,1.030007299996214
5,1,,2026-07-30T12:55:48.303984,106303,5465,2232,5465,727,5465,174,5465,25,5465,4,9411,4,1.0297524999768939
5,1,,2026-07-30T12:55:49.333992,106827,5445,2189,5445,799,5445,144,5445,34,5445,3,9456,4,1.029693300020881
5,1,,2026-07-30T12:55:50.362687,107171,5509,2233,5509,793,5509,162,5509,36,5509,0,9316,2,1.028367499995511
5,1,,2026-07-30T12:55:51.391755,106559,5496,2322,5496,758,5496,168,5496,30,5496,3,9386,4,1.0288018999854103
5,1,,2026-07-30T12:55:52.421087,107249,5452,2203,5452,790,5452,169,5452,19,5452,1,9556,2,1.028999299975112
5,1,,2026-07-30T12:55:53.450007,105878,5412,2241,5412,761,5412,163,5412,24,5412,1,9416,1,1.0284874999779277
5,1,,2026-07-30T12:55:54.479424,106100,5423,2172,5423,740,5423,148,5423,26,5423,1,9311,3,1.0290652999829035
5,1,,2026-07-30T12:55:55.508590,106136,5525,2230,5525,795,5525,149,5525,26,5525,1,9356,3,1.028934699977981
5,1,,2026-07-30T12:55:56.539326,107070,5454,2190,5454,778,5454,143,5454,24,5454,2,9435,3,1.0304136000049766
5,1,,2026-07-30T12:55:57.568300,107295,5415,2187,5415,795,5415,161,5415,26,5415,1,9618,3,1.0284906000015326
5,1,,2026-07-30T12:55:58.597541,106798,5539,2219,5539,820,5539,161,5539,25,5539,1,9290,2,1.0289153000048827
5,1,,2026-07-30T12:55:59.627769,106767,5380,2134,5380,761,5380,163,5380,27,5380,1,9550,5,1.0298570000159089
5,1,,2026-07-30T12:56:00.657551,106492,5551,2232,5551,795,5551,134,5551,32,5551,1,9385,3,1.0293063999852166
5,1,,2026-07-30T12:56:01.686647,107285,5285,2102,5285,776,5285,159,5285,25,5285,4,9503,4,1.0287391000019852
5,1,,2026-07-30T12:56:02.716475,106464,5348,2198,5348,763,5348,161,5348,19,5348,0,9463,5,1.029372599994531
5,1,,2026-07-30T12:56:03.745862,106855,5475,2255,5475,782,5475,164,5475,22,5475,3,9389,3,1.028879399993457
5,1,,2026-07-30T12:56:04.774491,106764,5400,2215,5400,741,5400,145,5400,35,5400,1,9630,2,1.028326500003459
5,1,,2026-07-30T12:56:05.803218,106984,5424,2253,5424,767,5424,153,5424,29,5424,2,9539,3,1.0284155000117607
5,1,,2026-07-30T12:56:06.832047,106498,5458,2162,5458,733,5458,175,5458,31,5458,1,9349,3,1.0283821999910288
5,1,,2026-07-30T12:56:07.861311,106531,5294,2203,5294,763,5294,136,5294,33,5294,0,9469,9,1.0291009999928065
5,1,,2026-07-30T12:56:08.891572,106278,5366,2194,5366,749,5366,125,5366,38,5366,1,9437,6,1.0299488000164274
5,1,,2026-07-30T12:56:09.920896,107314,5531,2234,5531,781,5531,167,5531,18,5531,1,9592,3,1.029001499991864
5,1,,2026-07-30T12:56:10.951176,106443,5400,2154,5400,781,5400,157,5400,31,5400,2,9436,2,1.0299315999727696
5,1,,2026-07-30T12:56:11.979821,106700,5382,2142,5382,799,5382,145,5382,20,5382,1,9498,8,1.0282660000084434
5,1,,2026-07-30T12:56:13.010627,106547,5408,2161,5408,773,5408,160,5408,37,5408,1,9571,1,1.030468800017843
5,1,,2026-07-30T12:56:14.041950,106708,5418,2175,5418,737,5418,140,5418,30,5418,2,9418,4,1.0308957000088412
5,1,,2026-07-30T12:56:15.071504,107047,5451,2224,5451,734,5451,152,5451,42,5451,0,9265,2,1.0291628999984823
5,1,,2026-07-30T12:56:16.100951,107170,5559,2246,5559,749,5559,151,5559,31,5559,1,9435,3,1.0290547000186052
5,1,,2026-07-30T12:56:17.130226,106559,5538,2237,5538,767,5538,179,5538,26,5538,1,9406,2,1.028948199993465
5,1,,2026-07-30T12:56:18.162176,106425,5370,2141,5370,714,5370,171,5370,26,5370,0,9468,5,1.0316075999871828
5,1,,2026-07-30T12:56:19.190684,107601,5592,2356,5592,747,5592,153,5592,33,5592,0,9464,2,1.028095299989218
5,1,,2026-07-30T12:56:20.218965,106567,5418,2141,5418,791,5418,145,5418,29,5418,1,9355,1,1.0280019999772776
5,1,,2026-07-30T12:56:21.248742,106669,5454,2205,5454,750,5454,162,5454,24,5454,3,9559,4,1.0294728000008035
5,1,,2026-07-30T12:56:22.277915,106656,5387,2182,5387,720,5387,133,5387,26,5387,1,9390,5,1.0288396000105422
5,1,,2026-07-30T12:56:23.308093,106677,5449,2197,5449,767,5449,141,5449,26,5449,4,9337,3,1.029851699975552
5,1,,2026-07-30T12:56:24.337734,107385,5427,2257,5427,762,5427,157,5427,29,5427,1,9403,3,1.0293844999978319
5,1,,2026-07-30T12:56:25.366146,107065,5451,2212,5451,756,5451,148,5451,22,5451,1,9465,3,1.0280867999827024
5,1,,2026-07-30T12:56:26.394865,106271,5491,2238,5491,758,5491,155,5491,24,5491,1,9454,3,1.0282279000093695
5,1,,2026-07-30T12:56:27.423717,106286,5375,2200,5375,749,5375,137,5375,23,5375,0,9395,3,1.0281524000165518
5,1,,2026-07-30T12:56:28.451491,107089,5359,2156,5359,752,5359,144,5359,31,5359,0,9519,3,1.0274120999965817
5,1,,2026-07-30T12:56:29.478859,107158,5459,2120,5459,778,5459,163,5459,22,5459,3,9432,8,1.0271563999995124
5,1,,2026-07-30T12:56:30.508376,106520,5406,2152,5406,803,5406,155,5406,26,5406,1,9477,3,1.0291748000017833
5,1,,2026-07-30T12:56:31.538025,106132,5544,2125,5544,869,5544,157,5544,31,5544,2,9363,3,1.0292299000138883
5,1,,2026-07-30T12:56:32.567038,106919,5352,2161,5352,771,5352,167,5352,32,5352,2,9518,1,1.0285589000268374
5,1,,2026-07-30T12:56:33.596216,107190,5432,2201,5432,770,5432,173,5432,34,5432,1,9565,1,1.0288858000130858
5,1,,2026-07-30T12:56:34.626160,106129,5319,2157,5319,730,5319,144,5319,21,5319,2,9359,4,1.0296287999954075
5,1,,2026-07-30T12:56:35.656802,107075,5509,2267,5509,785,5509,152,5509,35,5509,1,9371,2,1.0302479000238236
5,1,,2026-07-30T12:56:36.686485,107060,5553,2233,5553,776,5553,173,5553,28,5553,0,9494,3,1.0292755000118632
5,1,,2026-07-30T12:56:37.715752,106731,5500,2219,5500,810,5500,147,5500,29,5500,2,9386,1,1.0289381000038702
5,1,,2026-07-30T12:56:38.745411,106237,5274,2073,5274,746,5274,183,5274,23,5274,0,9464,6,1.029336700012209
5,1,,2026-07-30T12:56:39.775723,106569,5382,2186,5382,768,5382,135,5382,28,5382,2,9442,3,1.0299949999898672
5,1,,2026-07-30T12:56:40.805158,106937,5336,2218,5336,735,5336,134,5336,32,5336,0,9621,3,1.0291555000003427
5,1,,2026-07-30T12:56:41.834745,107028,5343,2256,5343,701,5343,146,5343,24,5343,3,9650,1,1.0292774999979883
5,1,,2026-07-30T12:56:42.864833,106890,5492,2274,5492,775,5492,160,5492,25,5492,0,9507,0,1.0298020000045653
5,1,,2026-07-30T12:56:43.894153,106600,5386,2170,5386,781,5386,147,5386,22,5386,4,9381,3,1.0289938000205439
5,1,,2026-07-30T12:56:44.924218,106165,5352,2162,5352,756,5352,154,5352,26,5352,1,9371,5,1.0296076000086032
5,1,,2026-07-30T12:56:45.955584,106996,5376,2201,5377,756,5377,164,5377,20,5377,2,9417,6,1.0309210999985225
5,1,,2026-07-30T12:56:46.984685,106625,5432,2219,5431,751,5431,171,5431,32,5431,0,9459,4,1.0286782000039238
5,1,,2026-07-30T12:56:48.014203,106600,5664,2278,5664,845,5664,168,5664,23,5664,1,9611,5,1.0291884999896865
5,1,,2026-07-30T12:56:49.043639,105846,5456,2123,5456,801,5456,166,5456,28,5456,0,9399,3,1.029073600017
5,1,,2026-07-30T12:56:50.072714,106856,5421,2196,5421,765,5421,142,5421,32,5421,1,9494,2,1.0286752000101842
5,1,,2026-07-30T12:56:51.102090,106869,5365,2124,5365,803,5365,162,5365,29,5365,1,9505,3,1.0289842000056524
5,1,,2026-07-30T12:56:52.131650,105941,5338,2141,5338,767,5338,146,5338,23,5338,2,9211,5,1.029086599999573
5,1,,2026-07-30T12:56:53.162327,107223,5583,2235,5583,811,5583,167,5583,20,5583,3,9482,2,1.0302717999729794
5,1,,2026-07-30T12:56:54.192531,107534,5523,2200,5523,814,5523,144,5523,28,5523,4,9481,3,1.0298639000102412
5,1,,2026-07-30T12:56:55.221257,107453,5431,2148,5431,743,5431,150,5431,31,5431,3,9371,5,1.0284054999938235
5,1,,2026-07-30T12:56:56.249674,106380,5468,2200,5468,794,5468,144,5468,20,5468,1,9338,3,1.0280300000158604
5,1,,2026-07-30T12:56:57.279017,106926,5528,2249,5528,817,5528,158,5528,26,5528,2,9323,1,1.0290165999904275
5,1,,2026-07-30T12:56:58.307696,107095,5535,2215,5535,743,5535,152,5535,24,5535,1,9324,5,1.0283181999984663
5,1,,2026-07-30T12:56:59.337174,106902,5453,2192,5453,796,5453,177,5453,23,5453,2,9485,7,1.029038299981039
5,1,,2026-07-30T12:57:00.366724,106528,5409,2164,5409,774,5409,150,5409,21,5409,2,9392,5,1.029216399998404
5,1,,2026-07-30T12:57:01.396973,106636,5547,2227,5547,762,5547,142,5547,37,5547,1,9532,3,1.029912499972852
5,1,,2026-07-30T12:57:02.427385,107070,5428,2203,5428,724,5428,145,5428,22,5428,0,9537,5,1.0300335999927483
5,1,,2026-07-30T12:57:03.456382,106493,5454,2163,5454,781,5454,145,5454,23,5454,2,9586,4,1.0286176999798045
5,1,,2026-07-30T12:57:04.485627,106718,5329,2204,5329,722,5329,155,5329,26,5329,1,9455,1,1.0287229999958072
5,1,,2026-07-30T12:57:05.516589,106518,5368,2172,5368,769,5368,156,5368,38,5368,3,9584,6,1.0306154999998398
5,1,,2026-07-30T12:57:06.546428,106727,5442,2210,5442,731,5442,165,5442,28,5442,2,9551,4,1.029430599999614
5,1,,2026-07-30T12:57:07.573108,106305,5375,2177,5375,736,5375,166,5375,21,5375,2,9453,8,1.0263348000007682
5,1,,2026-07-30T12:57:08.602684,107112,5513,2249,5513,730,5513,170,5513,24,5513,3,9430,1,1.0293076999951154
5,1,,2026-07-30T12:57:09.631658,106762,5353,2149,5353,752,5353,164,5353,24,5353,3,9292,3,1.0286200999980792
5,1,,2026-07-30T12:57:10.661622,106596,5563,2270,5563,815,5563,179,5563,23,5563,0,9385,2,1.0295190999750048
5,1,,2026-07-30T12:57:11.691046,106551,5466,2201,5466,765,5466,158,5466,22,5466,1,9369,2,1.0291429000208154
5,1,,2026-07-30T12:57:12.721161,106697,5357,2124,5357,764,5357,146,5357,33,5357,1,9531,3,1.0297016999975313
5,1,,2026-07-30T12:57:13.750191,106714,5491,2248,5491,795,5491,147,5491,24,5491,2,9369,5,1.0287476999801584
5,1,,2026-07-30T12:57:14.780976,106900,5360,2171,5360,787,5360,162,5360,23,5360,0,9502,3,1.0304544000246096
5,1,,2026-07-30T12:57:15.809845,107058,5470,2219,5470,731,5470,148,5470,27,5470,0,9472,4,1.0285041999886744
5,1,,2026-07-30T12:57:16.839982,106671,5486,2202,5486,755,5486,150,5486,24,5486,4,9425,3,1.0297576000157278
5,1,,2026-07-30T12:57:17.867395,106938,5367,2190,5367,794,5367,144,5367,19,5367,1,9421,2,1.0269599999883212
5,1,,2026-07-30T12:57:18.896637,106320,5451,2201,5451,748,5451,128,5451,27,5451,0,9478,4,1.028782899986254
5,1,,2026-07-30T12:57:19.924523,107260,5511,2234,5511,779,5511,146,5511,33,5511,0,9364,4,1.0274944999837317
5,1,,2026-07-30T12:57:20.954215,106775,5311,2162,5311,750,5311,164,5311,21,5311,2,9277,3,1.0293774000019766
5,1,,2026-07-30T12:57:21.982970,106925,5456,2197,5456,792,5456,160,5456,28,5456,2,9613,2,1.0283051000151318
5,1,,2026-07-30T12:57:23.010174,106538,5414,2253,5414,736,5414,153,5414,23,5414,1,9409,5,1.0267999000207055
5,1,,2026-07-30T12:57:24.038264,106550,5451,2224,5451,788,5451,155,5451,18,5451,0,9393,3,1.0276137000182644
5,1,,2026-07-30T12:57:25.066501,106483,5535,2217,5535,787,5535,154,5535,31,5535,0,9471,1,1.0277082999818958
5,1,,2026-07-30T12:57:26.095388,106839,5392,2181,5392,732,5392,185,5392,24,5392,0,9462,2,1.028556800010847
5,1,,2026-07-30T12:57:27.126070,106145,5501,2188,5501,766,5501,147,5501,21,5501,2,9508,1,1.030396699992707
5,1,,2026-07-30T12:57:28.155912,106937,5522,2206,5522,792,5522,157,5522,22,5522,4,9314,3,1.0294470000080764
5,1,,2026-07-30T12:57:29.185475,106488,5305,2114,5305,688,5305,144,5305,27,5305,1,9380,4,1.0292102000094019
5,1,,2026-07-30T12:57:30.213980,106312,5248,2090,5248,740,5248,155,5248,30,5248,2,9479,4,1.0282771000056528
5,1,,2026-07-30T12:57:31.244066,106808,5551,2215,5551,781,5551,177,5551,28,5551,1,9351,5,1.0298350999946706
5,1,,2026-07-30T12:57:32.274209,106956,5411,2188,5411,784,5411,157,5411,26,5411,0,9374,5,1.0296496000082698
5,1,,2026-07-30T12:57:33.303837,106917,5485,2253,5485,746,5485,162,5485,23,5485,0,9576,3,1.0292651999916416
5,1,,2026-07-30T12:57:34.332999,106258,5336,2125,5336,759,5336,156,5336,21,5336,1,9317,4,1.028707999998005
5,1,,2026-07-30T12:57:35.362076,106282,5531,2287,5531,777,5531,147,5531,31,5531,0,9550,4,1.028750500001479
5,1,,2026-07-30T12:57:36.392284,107346,5417,2159,5417,733,5417,151,5417,31,5417,2,9511,2,1.0299224000191316
5,1,,2026-07-30T12:57:37.421762,106114,5374,2221,5374,768,5374,141,5374,22,5374,1,9409,4,1.0290691999834962
5,1,,2026-07-30T12:57:38.450216,107401,5451,2229,5451,728,5451,147,5451,25,5451,1,9399,8,1.0279658999934327
5,1,,2026-07-30T12:57:39.478986,105888,5494,2234,5494,724,5494,166,5494,26,5494,1,9402,3,1.0284360999939963
5,1,,2026-07-30T12:57:40.509698,106635,5447,2237,5447,792,5447,159,5447,22,5447,2,9407,6,1.0303735000197776
5,1,,2026-07-30T12:57:41.538775,106964,5469,2175,5469,741,5469,173,5469,23,5469,1,9286,2,1.0287217999866698
5,1,,2026-07-30T12:57:42.567314,106997,5369,2093,5369,753,5369,156,5369,21,5369,0,9399,5,1.0282262999971863
5,1,,2026-07-30T12:57:43.596884,106879,5509,2172,5509,816,5509,158,5509,24,5509,1,9402,1,1.0292683999869041
5,1,,2026-07-30T12:57:44.625447,106706,5395,2196,5395,773,5395,167,5395,17,5395,0,9353,3,1.0282639999932144
5,1,,2026-07-30T12:57:45.655396,106775,5516,2249,5516,747,5516,151,5516,25,5516,1,9465,2,1.029611699981615
5,1,,2026-07-30T12:57:46.685271,106425,5395,2188,5395,744,5395,133,5395,35,5395,0,9392,3,1.0294062999892049
5,1,,2026-07-30T12:57:47.714548,106767,5307,2107,5307,775,5307,156,5307,24,5307,0,9476,7,1.0288762999989558
5,1,,2026-07-30T12:57:48.743739,106332,5409,2221,5409,769,5409,130,5409,22,5409,2,9244,4,1.0288520000176504
5,1,,2026-07-30T12:57:49.771933,106241,5438,2219,5438,797,5438,170,5438,33,5438,2,9423,3,1.0278453000064474
5,1,,2026-07-30T12:57:50.800999,106482,5399,2163,5399,756,5399,153,5399,33,5399,1,9498,5,1.0286451000138186
5,1,,2026-07-30T12:57:51.830888,106268,5390,2211,5390,803,5390,147,5390,26,5390,0,9190,2,1.029604500014102
5,1,,2026-07-30T12:57:52.860390,106945,5571,2210,5571,790,5571,162,5571,30,5571,1,9557,3,1.0290028000017628
5,1,,2026-07-30T12:57:53.891075,106554,5464,2189,5464,768,5464,164,5464,31,5464,1,9268,4,1.030158899986418
5,1,,2026-07-30T12:57:54.920209,106392,5472,2240,5472,765,5472,149,5472,25,5472,1,9326,2,1.028876099997433
5,1,,2026-07-30T12:57:55.951067,106539,5452,2198,5452,756,5452,179,5452,27,5452,0,9402,5,1.0304978000058327
5,1,,2026-07-30T12:57:56.980390,107060,5538,2281,5538,764,5538,174,5538,21,5538,2,9441,5,1.0289379000023473
5,1,,2026-07-30T12:57:58.008776,106859,5367,2198,5367,740,5367,163,5367,28,5367,2,9416,2,1.0280664999736473
5,1,,2026-07-30T12:57:59.036874,106273,5281,2106,5281,755,5281,149,5281,28,5281,3,9239,6,1.0278172999969684
5,1,,2026-07-30T12:58:00.067182,106840,5352,2155,5352,801,5352,147,5352,22,5352,0,9258,3,1.029785000020638
5,1,,2026-07-30T12:58:01.097188,107352,5530,2187,5530,806,5530,147,5530,27,5530,0,9364,7,1.029698099999223
5,1,,2026-07-30T12:58:02.127003,106789,5468,2230,5468,763,5468,141,5468,25,5468,3,9459,3,1.0294777000090107
5,1,,2026-07-30T12:58:03.155846,106855,5491,2228,5491,785,5491,155,5491,21,5491,1,9352,1,1.0285284999990836
5,1,,2026-07-30T12:58:04.185185,106739,5391,2212,5391,781,5391,148,5391,27,5391,2,9259,4,1.0289854000147898
5,1,,2026-07-30T12:58:05.214589,107012,5370,2238,5370,730,5370,159,5370,28,5370,2,9224,2,1.0290607000060845
5,1,,2026-07-30T12:58:06.245020,106627,5406,2205,5406,759,5406,161,5406,31,5406,0,9469,3,1.0299505000002682
5,1,,2026-07-30T12:58:07.274297,106996,5438,2162,5438,773,5438,137,5438,28,5438,1,9420,2,1.0288784999866039
5,1,,2026-07-30T12:58:08.302600,106298,5306,2118,5306,749,5306,159,5306,24,5306,5,9501,7,1.0277639999985695
5,1,,2026-07-30T12:58:09.331653,106713,5327,2139,5327,771,5327,164,5327,15,5327,2,9438,5,1.0288884000037797
5,1,,2026-07-30T12:58:10.361263,106738,5395,2190,5395,782,5395,148,5395,30,5395,3,9475,1,1.0292302000161726
5,1,,2026-07-30T12:58:11.390876,106563,5491,2136,5491,838,5491,168,5491,32,5491,1,9488,7,1.029247700003907
5,1,,2026-07-30T12:58:12.421640,106905,5345,2132,5345,791,5345,182,5345,34,5345,0,9381,8,1.0303490000078455
5,1,,2026-07-30T12:58:13.452350,107201,5347,2135,5347,744,5347,157,5347,15,5347,2,9467,3,1.0303406000020914
5,1,,2026-07-30T12:58:14.482017,106021,5441,2175,5441,805,5441,143,5441,24,5441,2,9594,5,1.0293766999966465
5,1,,2026-07-30T12:58:15.511726,106550,5360,2175,5360,749,5360,177,5360,13,5360,2,9385,8,1.029403699998511
5,1,,2026-07-30T12:58:16.538626,106435,5381,2161,5381,738,5381,169,5381,27,5381,2,9373,4,1.026544799999101
5,1,,2026-07-30T12:58:17.567468,106653,5523,2184,5523,778,5523,154,5523,33,5523,2,9415,4,1.0286053000018
5,1,,2026-07-30T12:58:18.597164,107026,5530,2227,5530,757,5530,163,5530,22,5530,2,9408,6,1.0292915999889374
5,1,,2026-07-30T12:58:19.626406,106639,5315,2102,5315,774,5315,155,5315,37,5315,1,9384,5,1.0287960999994539
5,1,,2026-07-30T12:58:20.655126,106206,5373,2159,5373,771,5373,168,5373,28,5373,0,9419,3,1.028400099981809
5,1,,2026-07-30T12:58:21.684922,106893,5420,2167,5420,798,5420,164,5420,27,5420,2,9241,2,1.0293338999908883
5,1,,2026-07-30T12:58:22.713319,106803,5437,2206,5437,762,5437,132,5437,33,5437,1,9383,5,1.0278782999957912
5,1,,2026-07-30T12:58:23.742120,106578,5345,2164,5345,773,5345,143,5345,22,5345,0,9415,6,1.0284435999928974
5,1,,2026-07-30T12:58:24.771319,107112,5277,2160,5277,729,5277,143,5277,26,5277,3,9433,6,1.0287768999987748
5,1,,2026-07-30T12:58:25.800684,106580,5444,2212,5444,789,5444,159,5444,32,5444,4,9501,5,1.0290899999963585
5,1,,2026-07-30T12:58:26.830850,107101,5523,2280,5523,781,5523,159,5523,31,5523,0,9404,3,1.0296671999967657
5,1,,2026-07-30T12:58:27.860022,106951,5397,2177,5397,791,5397,145,5397,19,5398,1,9512,3,1.028712600003928
5,1,,2026-07-30T12:58:28.889684,106764,5443,2193,5443,738,5443,169,5443,30,5442,2,9332,4,1.0293244999775197
5,1,,2026-07-30T12:58:29.920390,106528,5509,2279,5509,774,5509,162,5509,31,5509,0,9463,4,1.0303216999745928
5,1,,2026-07-30T12:58:30.949197,107514,5559,2273,5559,778,5559,152,5559,28,5559,0,9417,5,1.0284300000057556
5,1,,2026-07-30T12:58:31.978462,107018,5336,2118,5336,757,5336,162,5336,25,5336,2,9419,4,1.028925699996762
5,1,,2026-07-30T12:58:33.007508,106234,5456,2246,5456,802,5456,138,5456,39,5456,1,9487,2,1.028646699996898
5,1,,2026-07-30T12:58:34.037419,106468,5479,2255,5479,799,5479,148,5479,27,5479,0,9303,5,1.0295662000135053
5,1,,2026-07-30T12:58:35.066896,107156,5375,2118,5375,755,5375,174,5375,36,5375,1,9556,6,1.029132399999071
5,1,,2026-07-30T12:58:36.096468,106236,5366,2152,5366,776,5366,148,5366,22,5366,2,9333,3,1.0289360000169836
5,1,,2026-07-30T12:58:37.126606,106184,5481,2208,5481,758,5481,168,5481,19,5481,1,9486,4,1.0297737000219058
5,1,,2026-07-30T12:58:38.156559,106587,5346,2150,5346,770,5346,151,5346,22,5346,0,9441,2,1.0295514000172261
5,1,,2026-07-30T12:58:39.186216,106522,5572,2265,5572,743,5572,161,5572,36,5572,2,9470,7,1.0290707999956794
5,1,,2026-07-30T12:58:40.215204,106733,5401,2227,5401,812,5401,134,5401,28,5401,1,9281,2,1.0286025000095833
5,1,,2026-07-30T12:58:41.244862,106213,5474,2214,5474,753,5474,164,5474,23,5474,1,9297,4,1.0293792999873403
5,1,,2026-07-30T12:58:42.274303,107003,5339,2164,5339,755,5339,147,5339,33,5339,0,9548,5,1.0290712999994867
5,1,,2026-07-30T12:58:43.303724,106891,5458,2217,5458,771,5458,174,5458,27,5458,0,9424,8,1.0289458000042941
5,1,,2026-07-30T12:58:44.333941,106716,5561,2196,5561,799,5561,164,5561,43,5561,0,9468,8,1.0298048999975435
5,1,,2026-07-30T12:58:45.363413,107383,5413,2184,5413,776,5413,151,5413,24,5413,0,9366,5,1.0292156000214163
5,1,,2026-07-30T12:58:46.393771,106419,5473,2223,5473,807,5473,141,5473,16,5473,1,9385,2,1.0299945999868214
5,1,,2026-07-30T12:58:47.423318,106342,5371,2204,5371,765,5371,155,5371,22,5371,1,9461,3,1.029228500003228
5,1,,2026-07-30T12:58:48.452767,106514,5587,2227,5587,768,5587,193,5587,20,5587,0,9412,8,1.0290771999862045
5,1,,2026-07-30T12:58:49.482569,106933,5554,2289,5554,757,5554,157,5554,23,5554,2,9413,0,1.029366000002483
5,1,,2026-07-30T12:58:50.513258,106765,5438,2165,5438,804,5438,153,5438,27,5438,0,9505,2,1.03010799997719
5,1,,2026-07-30T12:58:51.541761,106698,5390,2119,5390,760,5390,147,5390,26,5390,1,9397,6,1.0280411999847274
5,1,,2026-07-30T12:58:52.571094,106997,5456,2153,5456,764,5456,168,5456,27,5456,1,9577,5,1.0290991000074428
5,1,,2026-07-30T12:58:53.600508,107391,5380,2155,5380,798,5380,141,5380,29,5380,2,9493,7,1.0290908000024501
5,1,,2026-07-30T12:58:54.630284,106581,5319,2159,5319,743,5319,152,5319,25,5319,3,9354,3,1.0294086999783758
5,1,,2026-07-30T12:58:55.659645,106684,5464,2181,5464,762,5464,150,5464,29,5464,1,9446,3,1.028963599994313
5,1,,2026-07-30T12:58:56.688333,106254,5479,2269,5479,779,5479,132,5479,27,5479,2,9544,5,1.0283344000054058
5,1,,2026-07-30T12:58:57.716340,106336,5427,2171,5427,771,5427,161,5427,33,5427,1,9631,5,1.0276650000014342
5,1,,2026-07-30T12:58:58.745980,106730,5359,2218,5359,766,5359,163,5359,32,5359,1,9340,3,1.0293072999920696
5,1,,2026-07-30T12:58:59.775429,106698,5373,2147,5373,727,5373,174,5373,27,5373,1,9376,3,1.0292137000069488
5,1,,2026-07-30T12:59:00.803680,106210,5442,2213,5442,773,5442,155,5442,20,5442,1,9372,2,1.027981399995042
5,1,,2026-07-30T12:59:01.831682,106051,5361,2171,5361,743,5361,163,5361,18,5361,1,9283,1,1.0276124999800231
5,1,,2026-07-30T12:59:02.860791,107277,5388,2188,5388,747,5388,166,5388,30,5388,2,9355,2,1.0285848999919835
5,1,,2026-07-30T12:59:03.887808,106666,5378,2193,5378,752,5378,141,5378,30,5378,0,9537,5,1.0267454000131693
5,1,,2026-07-30T12:59:04.915634,106721,5459,2255,5459,781,5459,158,5459,23,5459,2,9326,3,1.0275103000167292
5,1,,2026-07-30T12:59:05.945421,106450,5462,2216,5462,756,5462,140,5462,23,5462,1,9343,1,1.029439200006891
5,1,,2026-07-30T12:59:06.973616,107141,5437,2226,5437,742,5437,167,5437,26,5437,4,9513,9,1.0278020999976434
5,1,,2026-07-30T12:59:08.002700,106361,5306,2135,5306,742,5306,153,5306,15,5306,2,9660,2,1.0288004000030924
5,1,,2026-07-30T12:59:09.031464,105991,5471,2186,5471,769,5471,168,5471,28,5471,1,9293,6,1.028342400008114
5,1,,2026-07-30T12:59:10.060226,106913,5330,2109,5330,774,5330,146,5330,28,5330,3,9467,5,1.0284425999852829
5,1,,2026-07-30T12:59:11.090146,106299,5401,2158,5401,797,5401,174,5401,28,5401,0,9214,5,1.0295736999833025
5,1,,2026-07-30T12:59:12.119978,106934,5505,2181,5505,827,5505,172,5505,31,5505,0,9473,5,1.0293395000044256
5,1,,2026-07-30T12:59:13.149111,107503,5395,2220,5395,753,5395,142,5395,27,5395,0,9539,2,1.0288307000009809
5,1,,2026-07-30T12:59:14.178965,106697,5298,2130,5298,767,5298,163,5298,25,5298,3,9482,7,1.0294971000112128
5,1,,2026-07-30T12:59:15.209447,106832,5462,2183,5462,795,5462,141,5462,29,5462,1,9325,6,1.0301214999926742
5,1,,2026-07-30T12:59:16.238641,106490,5405,2176,5405,812,5405,161,5405,27,5405,2,9210,1,1.0288696000061464
5,1,,2026-07-30T12:59:17.266154,106440,5571,2231,5571,778,5571,151,5571,29,5571,1,9292,1,1.0271769000100903
5,1,,2026-07-30T12:59:18.294181,106459,5320,2140,5320,754,5320,139,5320,31,5320,1,9395,5,1.0277623000147287
5,1,,2026-07-30T12:59:19.322329,106284,5460,2249,5460,774,5460,149,5460,22,5460,0,9434,4,1.027812599990284
5,1,,2026-07-30T12:59:20.350531,105935,5382,2198,5382,769,5382,165,5382,27,5382,0,9286,3,1.0279215999762528
5,1,,2026-07-30T12:59:21.378917,106248,5334,2181,5334,756,5334,149,5334,29,5334,1,9200,2,1.0281065999879502
5,1,,2026-07-30T12:59:22.408253,106389,5468,2245,5468,770,5468,156,5468,26,5468,2,9500,1,1.028945099998964
5,1,,2026-07-30T12:59:23.437817,106435,5520,2263,5520,733,5520,152,5520,31,5520,0,9246,6,1.0290808000136167
5,1,,2026-07-30T12:59:24.467355,106424,5580,2282,5580,790,5580,154,5580,30,5580,0,9356,3,1.029093399993144
5,1,,2026-07-30T12:59:25.497791,107118,5350,2133,5350,764,5350,145,5350,19,5350,1,9412,5,1.0300490999943577
5,1,,2026-07-30T12:59:26.527610,106488,5421,2186,5421,757,5421,152,5421,29,5421,1,9412,6,1.0292572999896947
5,1,,2026-07-30T12:59:27.556909,106462,5529,2166,5529,808,5529,154,5529,33,5529,1,9465,5,1.029031899990514
5,1,,2026-07-30T12:59:28.585565,106674,5324,2110,5324,817,5324,139,5324,36,5324,0,9414,3,1.0282619000063278
5,1,,2026-07-30T12:59:29.615265,106759,5496,2261,5496,768,5496,144,5496,25,5496,3,9432,8,1.0293352000007872
5,1,,2026-07-30T12:59:30.644014,106173,5486,2213,5486,759,5486,173,5486,22,5486,3,9436,1,1.0284794000035618
5,1,,2026-07-30T12:59:31.673182,106812,5480,2180,5480,801,5480,140,5480,22,5480,3,9376,7,1.0286879999912344
5,1,,2026-07-30T12:59:32.703305,106516,5425,2252,5425,751,5425,142,5425,22,5425,0,9274,4,1.0296836999768857
5,1,,2026-07-30T12:59:33.732962,106853,5412,2140,5412,778,5412,170,5412,31,5412,1,9300,5,1.02930500000366
5,1,,2026-07-30T12:59:34.764171,106601,5515,2203,5515,802,5515,162,5515,28,5515,0,9291,4,1.0309014999947976
5,1,,2026-07-30T12:59:35.793391,106810,5458,2215,5458,739,5458,181,5458,33,5458,0,9445,4,1.0289155000064056
5,1,,2026-07-30T12:59:36.822971,106778,5542,2276,5542,804,5542,131,5542,25,5542,0,9328,4,1.029104900022503
5,1,,2026-07-30T12:59:37.852778,106441,5359,2216,5359,780,5359,159,5359,24,5359,0,9374,3,1.029348599986406
5,1,,2026-07-30T12:59:38.881056,107136,5287,2170,5287,744,5287,134,5287,27,5287,0,9326,3,1.0279115000157617
5,1,,2026-07-30T12:59:39.909926,106441,5411,2197,5411,766,5411,158,5411,23,5411,1,9314,2,1.0285874999826774
5,1,,2026-07-30T12:59:40.939270,106687,5549,2265,5549,778,5549,136,5549,33,5549,2,9408,3,1.0290015999926254
5,1,,2026-07-30T12:59:41.968682,107169,5631,2279,5631,784,5631,163,5631,28,5631,1,9411,3,1.029006600001594
5,1,,2026-07-30T12:59:42.996546,106144,5368,2128,5368,795,5368,155,5368,23,5368,0,9216,3,1.0276204000110738
5,1,,2026-07-30T12:59:44.026555,106783,5344,2114,5344,790,5344,149,5344,25,5344,1,9399,3,1.0297424999880604
5,1,,2026-07-30T12:59:45.057091,106857,5470,2227,5470,791,5470,139,5470,27,5470,2,9333,5,1.0301390000095125
5,1,,2026-07-30T12:59:46.088093,106436,5445,2180,5445,784,5445,156,5445,23,5445,0,9385,8,1.0306035000248812
5,1,,2026-07-30T12:59:47.118760,107089,5370,2119,5370,763,5370,160,5370,35,5370,0,9497,1,1.0302186999761034
5,1,,2026-07-30T12:59:48.148819,107176,5553,2220,5553,773,5553,154,5553,21,5553,1,9412,5,1.029477300005965
5,1,,2026-07-30T12:59:49.178463,107069,5452,2225,5452,768,5452,163,5452,20,5452,0,9361,2,1.0290697000164073
5,1,,2026-07-30T12:59:50.207502,106568,5413,2172,5413,722,5413,139,5413,31,5413,2,9358,4,1.0286582999979146
5,1,,2026-07-30T12:59:51.236838,106775,5573,2195,5573,819,5573,163,5573,35,5573,1,9380,3,1.028988100006245
5,1,,2026-07-30T12:59:52.265584,106876,5551,2214,5551,841,5551,142,5551,20,5551,0,9513,8,1.0283879000053275
5,1,,2026-07-30T12:59:53.295314,107187,5382,2208,5382,752,5382,141,5382,25,5382,3,9482,2,1.0292913999874145
5,1,,2026-07-30T12:59:54.325314,106593,5321,2123,5321,761,5321,167,5321,28,5321,0,9503,7,1.0296305999800097
5,1,,2026-07-30T12:59:55.354926,106678,5419,2164,5419,779,5420,159,5420,30,5420,0,9426,3,1.0289706000185106
5,1,,2026-07-30T12:59:56.385997,106835,5502,2202,5502,834,5501,139,5501,28,5501,2,9562,1,1.0305731999978889
5,1,,2026-07-30T12:59:57.416563,107088,5363,2177,5363,793,5363,141,5363,24,5363,0,9468,3,1.030117300018901
5,1,,2026-07-30T12:59:58.448998,107122,5508,2235,5508,755,5508,182,5508,28,5508,3,9338,6,1.032037400000263
5,1,,2026-07-30T12:59:59.495433,106961,5512,2207,5512,804,5512,142,5512,34,5512,1,9382,2,1.046155899995938
5,1,,2026-07-30T13:00:00.535573,110068,5598,2281,5598,806,5598,169,5598,16,5598,1,9617,6,1.0297608000109904
5,1,,2026-07-30T13:00:01.565973,106502,5508,2243,5508,774,5508,150,5508,32,5508,0,9538,2,1.0300183999934234
5,1,,2026-07-30T13:00:02.596862,106679,5426,2172,5426,742,5426,156,5426,33,5426,3,9474,4,1.0305165000027046
5,1,,2026-07-30T13:00:03.626490,107755,5451,2181,5451,795,5451,149,5451,26,5451,0,9505,3,1.0292693999945186
5,1,,2026-07-30T13:00:04.655277,106908,5437,2238,5437,710,5437,160,5437,36,5437,1,9365,4,1.0284127999912016
5,1,,2026-07-30T13:00:05.685635,107063,5520,2186,5520,813,5520,175,5520,31,5520,1,9345,3,1.030031100002816
5,1,,2026-07-30T13:00:06.715774,106857,5385,2134,5385,774,5385,159,5385,29,5385,1,9520,5,1.029697699996177
5,1,,2026-07-30T13:00:07.745346,106951,5314,2131,5314,748,5314,142,5314,26,5314,0,9366,6,1.0292518000060227
5,1,,2026-07-30T13:00:08.773539,106757,5345,2247,5345,752,5345,154,5345,14,5345,2,9524,2,1.0278833000047598
5,1,,2026-07-30T13:00:09.803258,106299,5390,2183,5390,771,5390,157,5390,35,5390,1,9469,7,1.0292709000059403
5,1,,2026-07-30T13:00:10.832198,106521,5365,2211,5365,765,5365,134,5365,23,5365,0,9338,2,1.028608400025405
5,1,,2026-07-30T13:00:11.862636,106462,5388,2140,5388,777,5388,139,5388,30,5388,1,9241,9,1.0300391000055242
5,1,,2026-07-30T13:00:12.892155,106428,5338,2085,5338,791,5338,138,5338,32,5338,1,9315,6,1.0291360999981407
5,1,,2026-07-30T13:00:13.920550,105894,5435,2104,5435,790,5435,157,5435,21,5435,3,9461,4,1.0278315999894403
5,1,,2026-07-30T13:00:14.950653,107121,5349,2180,5349,727,5349,156,5349,23,5349,1,9562,7,1.0295998000074178
5,1,,2026-07-30T13:00:15.979961,106359,5365,2148,5365,742,5365,134,5365,30,5365,0,9417,3,1.0289141999965068
5,1,,2026-07-30T13:00:17.008139,106612,5472,2176,5472,795,5472,151,5472,25,5472,1,9432,8,1.02784409999731
5,1,,2026-07-30T13:00:18.037518,106187,5473,2204,5473,791,5473,156,5473,16,5473,4,9322,3,1.0289386000076775
5,1,,2026-07-30T13:00:19.067497,106813,5388,2171,5388,751,5388,140,5388,25,5388,0,9408,3,1.029438099998515
5,1,,2026-07-30T13:00:20.097633,107150,5417,2244,5417,732,5417,148,5417,25,5417,0,9571,1,1.0295575999771245
5,1,,2026-07-30T13:00:21.127323,106467,5335,2152,5335,755,5335,158,5335,21,5335,3,9261,4,1.0292099999787752
5,1,,2026-07-30T13:00:22.158246,106674,5390,2163,5390,804,5390,127,5390,24,5390,1,9396,2,1.0305763000214938
5,1,,2026-07-30T13:00:23.186493,106307,5353,2177,5353,705,5353,150,5353,25,5353,1,9295,5,1.0278820999956224
5,1,,2026-07-30T13:00:24.214996,106651,5510,2271,5510,766,5510,169,5510,22,5510,0,9419,4,1.0281116999976803
5,1,,2026-07-30T13:00:25.242620,106296,5364,2271,5364,739,5364,125,5364,21,5364,0,9476,6,1.0272505000175443
5,1,,2026-07-30T13:00:26.271653,106473,5464,2168,5464,783,5464,160,5464,28,5464,1,9314,3,1.0287516000098549
5,1,,2026-07-30T13:00:27.298582,105948,5368,2175,5368,738,5368,170,5368,28,5368,1,9503,4,1.0265762000053655
5,1,,2026-07-30T13:00:28.326463,106012,5392,2214,5392,755,5392,151,5392,35,5392,0,9409,1,1.0276390000071842
5,1,,2026-07-30T13:00:29.356385,106385,5473,2188,5473,764,5473,142,5473,22,5473,3,9392,4,1.029691500007175
5,1,,2026-07-30T13:00:30.386565,106292,5413,2152,5413,775,5413,168,5413,19,5413,0,9407,4,1.0297718000074383
5,1,,2026-07-30T13:00:31.416379,106727,5414,2123,5414,778,5414,146,5414,27,5414,3,9382,3,1.0294960000028368
5,1,,2026-07-30T13:00:32.446502,106483,5366,2123,5366,791,5366,144,5366,29,5366,1,9318,1,1.0297244999965187
5,1,,2026-07-30T13:00:33.475937,106812,5530,2292,5530,756,5530,167,5530,36,5530,2,9527,4,1.0290883000125177
5,1,,2026-07-30T13:00:34.506031,106903,5290,2112,5290,780,5290,148,5290,42,5290,3,9505,2,1.0297637000039686
5,1,,2026-07-30T13:00:35.535525,106014,5399,2205,5399,781,5399,130,5399,30,5399,2,9229,1,1.0291319999960251
5,1,,2026-07-30T13:00:36.565255,106504,5543,2231,5543,782,5543,151,5543,23,5543,3,9306,4,1.0290780000214
5,1,,2026-07-30T13:00:37.595451,106335,5450,2192,5450,795,5450,157,5450,28,5450,4,9458,6,1.0298520000069402
5,1,,2026-07-30T13:00:38.625277,106578,5297,2146,5297,741,5297,162,5297,27,5297,3,9278,4,1.0294496999995317
5,1,,2026-07-30T13:00:39.654296,106697,5484,2216,5484,805,5484,140,5484,15,5484,1,9287,5,1.028659500007052
5,1,,2026-07-30T13:00:40.684673,106591,5520,2234,5520,768,5520,152,5520,22,5520,3,9225,3,1.0299879999947734
5,1,,2026-07-30T13:00:41.713651,106760,5394,2182,5394,791,5394,160,5394,30,5394,1,9503,2,1.0285410000069533
5,1,,2026-07-30T13:00:42.742993,106291,5576,2222,5576,805,5576,157,5576,16,5576,0,9248,3,1.029076900013024
5,1,,2026-07-30T13:00:43.772114,106215,5280,2199,5280,747,5280,162,5280,24,5280,1,9295,5,1.0287977999832947
5,1,,2026-07-30T13:00:44.801715,106326,5374,2202,5374,727,5374,148,5374,27,5374,1,9326,4,1.0291645000106655
5,1,,2026-07-30T13:00:45.831055,106792,5446,2169,5446,769,5446,142,5446,30,5446,1,9453,2,1.0290679000027012
5,1,,2026-07-30T13:00:46.860877,106481,5435,2243,5435,745,5435,142,5435,34,5435,0,9394,6,1.029410099989036
5,1,,2026-07-30T13:00:47.891091,106248,5417,2176,5417,757,5417,147,5417,29,5417,2,9391,3,1.0297827000031248
5,1,,2026-07-30T13:00:48.919663,107088,5321,2127,5321,793,5321,149,5321,27,5321,1,9439,7,1.0282249000156298
5,1,,2026-07-30T13:00:49.949428,106608,5295,2140,5295,768,5295,147,5295,28,5295,0,9298,3,1.029397300007986
5,1,,2026-07-30T13:00:50.983065,106083,5559,2225,5559,820,5559,148,5559,32,5559,1,9526,2,1.0332692000083625
5,1,,2026-07-30T13:00:52.038871,109335,5582,2244,5582,749,5582,157,5582,29,5582,0,9658,4,1.0279076999868266
5,1,,2026-07-30T13:00:53.066541,106370,5518,2213,5518,784,5518,145,5518,32,5518,2,9367,3,1.0273326999740675
5,1,,2026-07-30T13:00:54.097433,106000,5348,2101,5348,783,5348,154,5348,25,5348,0,9318,3,1.0303926000196952
5,1,,2026-07-30T13:00:55.126570,106612,5383,2223,5383,720,5383,152,5383,28,5383,0,9490,2,1.0286869000119623
5,1,,2026-07-30T13:00:56.157402,105890,5361,2207,5361,735,5361,157,5361,39,5361,3,9374,8,1.030471200007014
5,1,,2026-07-30T13:00:57.188522,106817,5332,2195,5332,732,5332,156,5332,25,5332,1,9582,1,1.0305483000120148
5,1,,2026-07-30T13:00:58.216683,105933,5327,2145,5327,749,5327,156,5327,26,5327,3,9392,2,1.0277798000024632
5,1,,2026-07-30T13:00:59.247283,107058,5354,2075,5354,793,5354,169,5354,20,5354,1,9541,3,1.0300751999893691
5,1,,2026-07-30T13:01:00.277136,106666,5442,2213,5442,768,5442,128,5442,23,5442,1,9364,10,1.02944120002212
5,1,,2026-07-30T13:01:01.306270,106700,5550,2264,5550,815,5550,168,5550,33,5550,1,9412,4,1.0288202000083402
5,1,,2026-07-30T13:01:02.335138,105893,5376,2181,5376,723,5376,149,5376,31,5376,0,9271,2,1.0285806999891065
5,1,,2026-07-30T13:01:03.364982,106452,5466,2308,5466,735,5466,145,5466,21,5466,0,9457,4,1.0295915000024252
5,1,,2026-07-30T13:01:04.395224,106535,5453,2202,5453,805,5453,158,5453,32,5453,1,9429,5,1.0298362000030465
5,1,,2026-07-30T13:01:05.423492,106806,5457,2172,5457,782,5457,150,5457,33,5457,0,9338,3,1.0279473999980837
5,1,,2026-07-30T13:01:06.454065,106673,5525,2206,5525,781,5525,144,5525,27,5525,3,9429,6,1.0302841999800876
5,1,,2026-07-30T13:01:07.483585,106274,5448,2219,5448,739,5448,154,5448,30,5448,0,9385,2,1.0291875000111759
5,1,,2026-07-30T13:01:08.513513,106573,5451,2220,5451,699,5451,139,5451,31,5451,0,9258,3,1.0294187999970745
5,1,,2026-07-30T13:01:09.542690,106581,5297,2066,5297,782,5297,166,5297,28,5297,0,9432,1,1.028549100010423
5,1,,2026-07-30T13:01:10.570774,105775,5407,2132,5407,801,5407,144,5407,20,5407,1,9391,3,1.0277519000228494
5,1,,2026-07-30T13:01:11.600865,106209,5317,2157,5317,759,5317,134,5317,24,5317,1,9425,1,1.0297934999980498
5,1,,2026-07-30T13:01:12.630501,106746,5467,2234,5467,775,5467,138,5467,26,5467,1,9474,5,1.0290923000138719
5,1,,2026-07-30T13:01:13.660159,106608,5379,2167,5379,750,5379,155,5379,24,5379,1,9306,8,1.0292404999781866
5,1,,2026-07-30T13:01:14.689432,106143,5394,2121,5394,794,5394,154,5394,34,5394,1,9357,2,1.0289397000160534
5,1,,2026-07-30T13:01:15.719706,106121,5275,2145,5275,764,5276,170,5276,20,5276,1,9461,4,1.0299256999860518
5,1,,2026-07-30T13:01:16.749044,106703,5452,2183,5452,735,5451,162,5451,21,5451,2,9435,5,1.0289345000055619
5,1,,2026-07-30T13:01:17.778002,106138,5384,2214,5384,717,5384,154,5384,37,5384,1,9303,6,1.028607699990971
5,1,,2026-07-30T13:01:18.807996,105899,5313,2093,5313,780,5313,143,5313,24,5313,1,9520,2,1.029639499989571
5,1,,2026-07-30T13:01:19.838446,106305,5370,2117,5370,737,5370,175,5370,18,5370,0,9420,2,1.0301085999817587
5,1,,2026-07-30T13:01:20.867680,106596,5441,2210,5441,768,5441,162,5441,23,5441,0,9558,6,1.0288912999967579
5,1,,2026-07-30T13:01:21.897244,107022,5376,2096,5376,764,5376,157,5376,19,5376,1,9434,3,1.0292720000143163
5,1,,2026-07-30T13:01:22.926480,105871,5301,2124,5301,728,5301,158,5301,29,5301,3,9339,4,1.0288106999942102
5,1,,2026-07-30T13:01:23.956364,105690,5263,2158,5263,723,5263,155,5263,28,5263,0,9368,4,1.0294586999807507
5,1,,2026-07-30T13:01:24.986547,106112,5317,2151,5317,741,5317,159,5317,20,5317,1,9343,7,1.029776800016407
5,1,,2026-07-30T13:01:26.015742,106545,5301,2163,5301,756,5301,136,5301,20,5301,0,9355,4,1.0285961999907158
5,1,,2026-07-30T13:01:27.044697,106443,5301,2148,5301,758,5301,135,5301,25,5301,2,9381,4,1.0284806000126991
5,1,,2026-07-30T13:01:28.073948,106583,5377,2130,5377,774,5377,145,5377,37,5377,1,9581,2,1.0289692000078503
5,1,,2026-07-30T13:01:29.102066,106448,5268,2144,5268,730,5268,147,5268,28,5268,0,9475,6,1.0276818999846
5,1,,2026-07-30T13:01:30.131273,106867,5495,2255,5495,746,5495,162,5495,29,5495,0,9356,3,1.0288228999997955
5,1,,2026-07-30T13:01:31.160919,106578,5275,2108,5275,766,5275,159,5275,31,5275,0,9445,3,1.029352999990806
5,1,,2026-07-30T13:01:32.190710,106483,5430,2221,5430,751,5430,154,5430,25,5430,1,9539,4,1.029503300000215
5,1,,2026-07-30T13:01:33.220762,106077,5332,2159,5332,763,5332,142,5332,25,5332,3,9422,3,1.0295888999826275
5,1,,2026-07-30T13:01:34.250925,106748,5383,2141,5383,736,5383,159,5383,26,5383,3,9306,0,1.0297132999985479
5,1,,2026-07-30T13:01:35.280844,106412,5315,2159,5315,721,5315,163,5315,29,5315,0,9402,5,1.0294130000111181
5,1,,2026-07-30T13:01:36.310465,106186,5327,2106,5327,754,5327,153,5327,22,5327,2,9443,6,1.0292367000074591
5,1,,2026-07-30T13:01:37.338685,106434,5374,2195,5374,713,5374,149,5374,29,5374,1,9294,4,1.0278543000167701
5,1,,2026-07-30T13:01:38.367772,106401,5434,2233,5434,784,5434,147,5434,34,5434,0,9388,3,1.0287300999916624
5,1,,2026-07-30T13:01:39.395338,106511,5401,2206,5401,802,5401,170,5401,34,5401,0,9267,2,1.0272922999865841
5,1,,2026-07-30T13:01:40.424436,106092,5401,2157,5401,797,5401,161,5401,23,5401,3,9387,7,1.0289103999966756
5,1,,2026-07-30T13:01:41.452016,105945,5331,2127,5331,804,5331,162,5331,26,5331,2,9365,4,1.0272603999765124
5,1,,2026-07-30T13:01:42.480791,106721,5386,2180,5386,746,5386,143,5386,29,5386,0,9159,1,1.0284297000034712
5,1,,2026-07-30T13:01:43.511170,106678,5376,2231,5376,722,5376,152,5376,24,5376,2,9467,4,1.0300293999898713
5,1,,2026-07-30T13:01:44.540229,106489,5291,2195,5291,757,5291,135,5291,23,5291,0,9379,4,1.028658200026257
5,1,,2026-07-30T13:01:45.570253,106571,5483,2214,5483,776,5483,131,5483,28,5483,2,9439,4,1.0296617000130937
5,1,,2026-07-30T13:01:46.600788,106407,5430,2244,5430,797,5430,173,5430,25,5430,0,9290,3,1.0301227000018116
5,1,,2026-07-30T13:01:47.631246,106596,5393,2210,5393,763,5393,176,5393,17,5393,4,9349,6,1.0300184999941848
5,1,,2026-07-30T13:01:48.661724,106387,5369,2143,5369,755,5369,121,5369,28,5369,1,9452,8,1.0300172999850474
5,1,,2026-07-30T13:01:49.691518,106635,5394,2178,5394,752,5394,153,5394,24,5394,1,9379,2,1.0294616000028327
5,1,,2026-07-30T13:01:50.721704,106052,5395,2165,5395,777,5395,171,5395,28,5395,3,9424,2,1.029672999982722
5,1,,2026-07-30T13:01:51.750996,106190,5428,2201,5428,778,5428,155,5428,25,5428,2,9514,4,1.029021800000919
5,1,,2026-07-30T13:01:52.780911,106105,5351,2170,5351,693,5351,170,5351,37,5351,1,9516,2,1.0295031000277959
5,1,,2026-07-30T13:01:53.810216,106142,5345,2127,5345,762,5345,140,5345,29,5345,2,9473,3,1.0289536000054795
5,1,,2026-07-30T13:01:54.839835,105740,5322,2153,5322,749,5322,163,5322,28,5322,2,9296,1,1.0291306000144687
5,1,,2026-07-30T13:01:55.870431,105818,5495,2288,5495,767,5495,146,5495,21,5495,2,9573,4,1.030198799999198
5,1,,2026-07-30T13:01:56.899659,106609,5454,2228,5454,775,5454,142,5454,34,5454,0,9438,5,1.028860899998108
5,1,,2026-07-30T13:01:57.929316,106408,5416,2147,5416,774,5416,158,5416,24,5416,1,9304,3,1.0291071999818087
5,1,,2026-07-30T13:01:58.958880,106471,5345,2094,5345,766,5345,154,5345,32,5345,1,9470,5,1.029230899992399
5,1,,2026-07-30T13:01:59.988395,106099,5395,2206,5395,806,5395,156,5395,22,5395,1,9333,4,1.0291367000027094
5,1,,2026-07-30T13:02:01.018546,106720,5412,2239,5412,759,5412,135,5412,24,5412,2,9485,3,1.0298337999847718
5,1,,2026-07-30T13:02:02.047839,106136,5466,2261,5466,816,5466,150,5466,25,5466,1,9332,1,1.0289334999979474
5,1,,2026-07-30T13:02:03.078821,106295,5402,2194,5402,824,5402,152,5402,19,5402,0,9430,11,1.030594799987739
5,1,,2026-07-30T13:02:04.107026,106706,5311,2099,5311,771,5311,157,5311,29,5311,0,9372,7,1.027422100014519
5,1,,2026-07-30T13:02:05.136312,105912,5371,2188,5371,738,5371,136,5371,29,5371,1,9294,2,1.029080200009048
5,1,,2026-07-30T13:02:06.165364,106295,5284,2171,5284,737,5284,144,5284,24,5284,1,9320,4,1.0287434000056237
5,1,,2026-07-30T13:02:07.196055,105928,5460,2211,5460,781,5460,158,5460,20,5460,2,9461,3,1.0303555999998935
5,1,,2026-07-30T13:02:08.225737,105595,5320,2097,5320,769,5320,147,5320,25,5320,1,9415,2,1.0293265999935102
5,1,,2026-07-30T13:02:09.254800,105847,5381,2144,5381,790,5381,136,5381,30,5381,2,9428,3,1.0286702000012156
5,1,,2026-07-30T13:02:10.284897,106569,5314,2023,5314,785,5314,150,5314,30,5314,2,9305,7,1.0297492999816313
5,1,,2026-07-30T13:02:11.311269,106859,5376,2147,5376,784,5376,152,5376,39,5376,0,9542,4,1.0260394999932032
5,1,,2026-07-30T13:02:12.341263,106305,5261,2179,5261,752,5261,146,5261,26,5261,0,9226,2,1.0297452999802772
5,1,,2026-07-30T13:02:13.370377,106365,5256,2015,5256,767,5256,149,5256,20,5256,2,9380,5,1.0287147000199184
5,1,,2026-07-30T13:02:14.399799,106362,5458,2221,5458,761,5458,125,5458,21,5458,3,9468,4,1.0290908000024501
5,1,,2026-07-30T13:02:15.428971,106908,5385,2212,5385,769,5385,148,5385,31,5385,2,9290,3,1.028762200003257
5,1,,2026-07-30T13:02:16.457471,106338,5326,2147,5326,749,5326,137,5326,30,5326,0,9288,5,1.0281417999940459
5,1,,2026-07-30T13:02:17.487965,106823,5499,2261,5499,785,5499,159,5499,22,5499,0,9506,1,1.0298808999941684
5,1,,2026-07-30T13:02:18.518210,106427,5458,2235,5458,788,5458,138,5458,36,5458,1,9521,4,1.0297647999832407
5,1,,2026-07-30T13:02:19.548986,106194,5404,2153,5404,804,5404,135,5404,20,5404,3,9266,2,1.0303141000040341
5,1,,2026-07-30T13:02:20.577842,106108,5552,2342,5552,757,5552,151,5552,21,5552,4,9368,3,1.0285325999720953
5,1,,2026-07-30T13:02:21.608649,105952,5437,2249,5437,761,5437,158,5437,38,5437,1,9424,5,1.0304348999925423
5,1,,2026-07-30T13:02:22.637353,106394,5315,2231,5315,728,5315,143,5315,25,5315,3,9341,4,1.0283087999850977
5,1,,2026-07-30T13:02:23.666217,106314,5397,2106,5397,775,5397,154,5397,24,5397,0,9425,7,1.028514300007373
5,1,,2026-07-30T13:02:24.694787,105830,5493,2253,5493,770,5493,159,5493,30,5493,0,9440,4,1.0282146999961697
5,1,,2026-07-30T13:02:25.725259,106289,5328,2135,5328,784,5328,138,5328,16,5328,0,9274,3,1.030108900013147
5,1,,2026-07-30T13:02:26.756406,106582,5379,2199,5379,733,5379,155,5379,37,5379,1,9452,4,1.0307568999996874
5,1,,2026-07-30T13:02:27.785676,106493,5440,2193,5440,769,5440,142,5440,30,5440,0,9399,5,1.0286344999913126
5,1,,2026-07-30T13:02:28.815509,106299,5246,2161,5246,704,5246,158,5246,33,5246,1,9245,1,1.0294061999884434
5,1,,2026-07-30T13:02:29.843468,106275,5443,2149,5443,784,5443,151,5443,29,5443,3,9456,0,1.0274267999920994
5,1,,2026-07-30T13:02:30.871265,106622,5385,2174,5385,769,5385,149,5385,34,5385,0,9650,2,1.027332400000887
5,1,,2026-07-30T13:02:31.899013,106519,5302,2096,5302,718,5302,164,5302,29,5302,1,9514,3,1.027560899994569
5,1,,2026-07-30T13:02:32.928162,106572,5376,2235,5376,771,5376,144,5376,26,5376,0,9314,4,1.0288951999973506
5,1,,2026-07-30T13:02:33.957283,106631,5379,2181,5379,760,5379,139,5379,31,5379,0,9415,3,1.0289049000130035
5,1,,2026-07-30T13:02:34.986213,105881,5351,2166,5351,746,5351,135,5351,26,5351,0,9198,1,1.028709100006381
5,1,,2026-07-30T13:02:36.014697,106800,5484,2235,5484,808,5484,155,5484,38,5484,0,9629,4,1.0281909999903291
5,1,,2026-07-30T13:02:37.044059,106007,5450,2193,5450,738,5450,168,5450,28,5450,0,9374,2,1.0290905000001658
5,1,,2026-07-30T13:02:38.073084,106058,5328,2207,5328,704,5328,148,5328,14,5328,2,9283,2,1.0286100000084843
5,1,,2026-07-30T13:02:39.101695,106524,5446,2161,5446,812,5446,161,5446,27,5446,2,9545,10,1.0282835999969393
5,1,,2026-07-30T13:02:40.131526,106240,5382,2164,5382,772,5382,170,5382,32,5382,0,9590,7,1.0293418999935966
5,1,,2026-07-30T13:02:41.161751,106521,5463,2226,5463,768,5463,163,5463,31,5463,0,9440,6,1.0298943999805488
5,1,,2026-07-30T13:02:42.190645,106173,5570,2223,5570,798,5570,149,5570,25,5570,2,9331,4,1.0284339000063483
5,1,,2026-07-30T13:02:43.219582,106249,5233,2115,5233,743,5233,155,5233,21,5233,1,9534,5,1.0285593000007793
5,1,,2026-07-30T13:02:44.248694,106259,5338,2199,5338,789,5338,139,5338,31,5338,1,9354,2,1.0285787000029813
5,1,,2026-07-30T13:02:45.279698,105983,5413,2121,5413,745,5413,162,5413,30,5413,0,9347,7,1.0306119000015315
5,1,,2026-07-30T13:02:46.308272,106704,5298,2125,5298,763,5298,145,5298,28,5298,2,9360,4,1.0281435000069905
5,1,,2026-07-30T13:02:47.337152,106331,5423,2206,5423,748,5423,164,5423,27,5423,3,9317,3,1.0284847000148147
5,1,,2026-07-30T13:02:48.364793,106081,5434,2201,5434,743,5434,152,5434,34,5434,2,9384,6,1.0272015999944415
5,1,,2026-07-30T13:02:49.394252,105714,5368,2158,5368,764,5368,132,5368,26,5368,0,9251,5,1.0291600000055041
5,1,,2026-07-30T13:02:50.423449,106212,5498,2196,5498,775,5498,151,5498,24,5498,0,9438,4,1.0289498000056483
5,1,,2026-07-30T13:02:51.452896,106527,5393,2227,5393,752,5393,133,5393,35,5393,0,9392,4,1.0290088999900036
5,1,,2026-07-30T13:02:52.483958,106145,5466,2178,5466,788,5466,153,5466,26,5466,1,9386,3,1.0305679999873973
5,1,,2026-07-30T13:02:53.512466,106958,5418,2237,5418,756,5418,151,5418,21,5418,1,9480,4,1.0279907000076491
5,1,,2026-07-30T13:02:54.541668,106576,5308,2162,5308,759,5308,176,5308,30,5308,3,9419,2,1.0287298999901395
5,1,,2026-07-30T13:02:55.570025,106349,5397,2158,5397,788,5397,188,5397,29,5397,1,9410,3,1.0278932000219356
5,1,,2026-07-30T13:02:56.600157,106423,5325,2103,5325,759,5325,163,5325,29,5325,2,9462,3,1.0297057000279892
5,1,,2026-07-30T13:02:57.629185,106467,5445,2213,5445,781,5445,155,5445,30,5445,0,9334,2,1.0286017000034917
5,1,,2026-07-30T13:02:58.657727,106006,5408,2204,5408,775,5408,158,5408,23,5408,0,9395,1,1.0281353000027593
5,1,,2026-07-30T13:02:59.687261,106692,5377,2212,5377,775,5377,166,5377,29,5377,0,9234,1,1.0291882999881636
5,1,,2026-07-30T13:03:00.717408,106181,5399,2164,5399,757,5399,156,5399,21,5399,1,9352,6,1.0297662999946624
5,1,,2026-07-30T13:03:01.746876,105949,5452,2151,5452,745,5452,149,5452,37,5452,3,9351,3,1.0290019000240136
5,1,,2026-07-30T13:03:02.776139,106264,5417,2196,5417,760,5417,148,5417,28,5417,5,9238,1,1.0288893000106327
5,1,,2026-07-30T13:03:03.804862,106187,5530,2246,5530,706,5530,170,5530,36,5530,0,9483,2,1.028357800008962
5,1,,2026-07-30T13:03:04.834792,106106,5582,2238,5582,786,5582,160,5582,30,5582,1,9478,3,1.0293680999893695
5,1,,2026-07-30T13:03:05.864438,106511,5437,2215,5437,801,5437,150,5437,25,5437,0,9423,3,1.0293036999937613
5,1,,2026-07-30T13:03:06.893825,106900,5427,2153,5427,772,5427,164,5427,33,5427,1,9484,3,1.0289137000218034
5,1,,2026-07-30T13:03:07.923256,106093,5372,2165,5372,736,5372,166,5372,26,5372,1,9312,3,1.0290157000126783
5,1,,2026-07-30T13:03:08.952849,106228,5444,2175,5444,812,5444,136,5444,29,5444,2,9504,7,1.0292311000230256
5,1,,2026-07-30T13:03:09.982744,106147,5245,2095,5245,760,5245,124,5245,29,5245,2,9450,5,1.0295385000063106
5,1,,2026-07-30T13:03:11.012822,106361,5338,2183,5338,727,5338,160,5338,26,5338,2,9248,2,1.0296779999916907
5,1,,2026-07-30T13:03:12.042002,106105,5430,2211,5430,765,5430,129,5430,23,5430,1,9530,1,1.0287059000111185
5,1,,2026-07-30T13:03:13.071695,106450,5445,2239,5445,753,5445,163,5445,27,5445,1,9356,1,1.0294028999924194
5,1,,2026-07-30T13:03:14.101511,106149,5245,2070,5245,732,5245,169,5245,29,5245,0,9312,7,1.029459199984558
5,1,,2026-07-30T13:03:15.132701,106515,5538,2157,5538,796,5538,155,5538,28,5538,1,9391,4,1.03080950002186
5,1,,2026-07-30T13:03:16.162221,106781,5406,2182,5406,760,5406,175,5406,28,5406,1,9390,2,1.0290649000089616
5,1,,2026-07-30T13:03:17.191661,105366,5303,2162,5303,731,5303,152,5303,33,5303,1,9296,3,1.0290315999882296
5,1,,2026-07-30T13:03:18.221815,106183,5417,2192,5417,767,5417,166,5417,25,5417,0,9453,6,1.0297126999939792
5,1,,2026-07-30T13:03:19.250241,106613,5432,2214,5432,763,5432,175,5432,24,5432,4,9488,0,1.0280652999936137
5,1,,2026-07-30T13:03:20.278421,105731,5448,2163,5448,818,5448,140,5448,22,5448,2,9408,4,1.027944400004344
5,1,,2026-07-30T13:03:21.309921,105937,5317,2153,5317,731,5317,148,5317,21,5317,2,9468,3,1.0312611999979708
5,1,,2026-07-30T13:03:22.337510,106653,5361,2204,5361,764,5361,161,5361,25,5361,2,9382,4,1.0272970999940298
5,1,,2026-07-30T13:03:23.366622,105948,5356,2156,5356,768,5356,180,5356,28,5356,2,9301,3,1.0288475999841467
5,1,,2026-07-30T13:03:24.395226,105997,5375,2159,5375,770,5375,166,5375,30,5375,3,9515,3,1.0282471000100486
5,1,,2026-07-30T13:03:25.424432,105892,5322,2114,5322,772,5322,136,5322,29,5322,1,9359,8,1.0287659000023268
5,1,,2026-07-30T13:03:26.454406,106388,5403,2174,5403,825,5403,148,5403,32,5403,1,9301,4,1.029629600001499
5,1,,2026-07-30T13:03:27.484493,105918,5446,2154,5446,755,5446,147,5446,24,5446,0,9343,4,1.0297546999936458
5,1,,2026-07-30T13:03:28.512673,106063,5458,2161,5458,794,5458,155,5458,22,5458,3,9534,3,1.027875400002813
5,1,,2026-07-30T13:03:29.542137,106257,5350,2230,5350,749,5350,159,5350,22,5350,1,9403,6,1.029232899978524
5,1,,2026-07-30T13:03:30.571272,106735,5471,2240,5471,802,5471,165,5471,26,5471,0,9358,7,1.0287915999942925
5,1,,2026-07-30T13:03:31.600979,107457,5513,2269,5513,746,5513,137,5513,28,5513,3,9501,1,1.0292376999859698
5,1,,2026-07-30T13:03:32.630676,105921,5308,2164,5308,761,5308,155,5308,22,5309,3,9347,4,1.0293385999975726
5,1,,2026-07-30T13:03:33.658790,106008,5299,2155,5299,703,5299,174,5299,24,5298,1,9287,4,1.0277891000150703
5,1,,2026-07-30T13:03:34.687043,106074,5471,2202,5471,822,5471,157,5471,24,5471,0,9436,3,1.0279578999907244
5,1,,2026-07-30T13:03:35.715366,106662,5329,2142,5329,719,5329,155,5329,28,5329,1,9403,1,1.0280048999993596
5,1,,2026-07-30T13:03:36.744235,106464,5462,2232,5462,754,5462,163,5462,28,5462,3,9422,6,1.0285812999936752
5,1,,2026-07-30T13:03:37.771560,105884,5290,2063,5290,788,5290,159,5290,33,5290,2,9358,3,1.0268118999956641
5,1,,2026-07-30T13:03:38.798747,105729,5364,2180,5364,733,5364,164,5364,37,5364,3,9226,4,1.0268295999849215
5,1,,2026-07-30T13:03:39.825865,105895,5378,2116,5378,776,5378,164,5378,25,5378,1,9251,2,1.0268825000093784
5,1,,2026-07-30T13:03:40.853444,106009,5240,2122,5240,753,5240,149,5240,24,5240,6,9258,5,1.0273365999746602
5,1,,2026-07-30T13:03:41.884072,106425,5331,2149,5331,735,5331,155,5331,28,5331,2,9365,3,1.03042799999821
5,1,,2026-07-30T13:03:42.911632,106758,5335,2167,5335,712,5335,166,5335,20,5335,2,9378,3,1.027241600007983
5,1,,2026-07-30T13:03:43.941158,106215,5431,2253,5431,761,5431,146,5431,23,5431,1,9206,4,1.0291911000094842
5,1,,2026-07-30T13:03:44.971829,106023,5392,2140,5392,742,5392,145,5392,14,5392,1,9230,6,1.0302481999970041
5,1,,2026-07-30T13:03:46.001236,106278,5350,2129,5350,759,5350,157,5350,33,5350,6,9329,4,1.0290472999913618
5,1,,2026-07-30T13:03:47.031742,106704,5538,2231,5538,771,5538,152,5538,21,5538,0,9397,3,1.030115300003672
5,1,,2026-07-30T13:03:48.060345,106066,5276,2111,5276,750,5276,147,5276,22,5276,0,9245,2,1.028199799999129
5,1,,2026-07-30T13:03:49.090370,106247,5399,2203,5399,781,5399,147,5399,31,5399,2,9385,2,1.0296319000190124
5,1,,2026-07-30T13:03:50.120431,105961,5564,2202,5564,805,5564,155,5564,30,5564,0,9491,4,1.0296602999733295
5,1,,2026-07-30T13:03:51.149866,106463,5383,2206,5383,752,5383,157,5383,28,5383,1,9357,2,1.0291028000065126
5,1,,2026-07-30T13:03:52.179364,106428,5247,2230,5247,720,5247,138,5247,25,5247,0,9480,2,1.0291001000150573
5,1,,2026-07-30T13:03:53.209105,106580,5503,2197,5503,808,5503,166,5503,25,5503,1,9396,2,1.0293808999995235
5,1,,2026-07-30T13:03:54.237490,106175,5286,2052,5286,807,5286,153,5286,29,5286,2,9330,4,1.0279474999988452
5,1,,2026-07-30T13:03:55.267223,105923,5275,2066,5275,777,5275,141,5275,23,5275,0,9244,5,1.0293498999963049
5,1,,2026-07-30T13:03:56.298301,106262,5412,2213,5412,748,5412,159,5412,28,5412,1,9503,3,1.0307077000034042
5,1,,2026-07-30T13:03:57.328852,106537,5390,2143,5390,772,5390,170,5390,24,5390,4,9367,1,1.0302172000228893
5,1,,2026-07-30T13:03:58.358647,106433,5412,2169,5412,781,5412,155,5412,32,5412,0,9438,4,1.0293801999941934
5,1,,2026-07-30T13:03:59.388772,105792,5440,2181,5440,768,5440,158,5440,24,5440,4,9353,6,1.0296668999944814
5,1,,2026-07-30T13:04:00.417429,106707,5380,2188,5380,759,5380,151,5380,34,5380,1,9310,3,1.0283390000113286
5,1,,2026-07-30T13:04:01.446816,106405,5520,2224,5520,803,5520,171,5520,18,5520,0,9483,9,1.0290106000029482
5,1,,2026-07-30T13:04:02.476388,106213,5402,2199,5402,810,5402,134,5402,25,5402,1,9421,1,1.0291989999823272
5,1,,2026-07-30T13:04:03.505621,106362,5282,2109,5282,823,5282,138,5282,19,5282,3,9375,2,1.0288112999987788
5,1,,2026-07-30T13:04:04.535242,106463,5419,2241,5419,752,5419,152,5419,30,5419,1,9302,7,1.0292129000008572
5,1,,2026-07-30T13:04:05.565510,106385,5549,2261,5549,771,5549,176,5549,28,5549,0,9372,2,1.029928400006611
5,1,,2026-07-30T13:04:06.596105,106201,5517,2247,5517,761,5517,141,5517,23,5517,0,9279,3,1.030257000005804
5,1,,2026-07-30T13:04:07.625687,106160,5391,2173,5391,800,5391,144,5391,21,5391,2,9301,4,1.02919150001253
5,1,,2026-07-30T13:04:08.656387,106340,5291,2137,5291,729,5291,148,5291,23,5291,1,9403,3,1.0302326999953948
5,1,,2026-07-30T13:04:09.684960,106329,5461,2216,5461,742,5461,156,5461,30,5461,0,9453,5,1.0282398000126705
5,1,,2026-07-30T13:04:10.712091,105652,5334,2156,5334,728,5334,126,5334,31,5334,1,9234,3,1.0267577999911737
5,1,,2026-07-30T13:04:11.793610,111573,5693,2276,5693,784,5693,150,5693,35,5693,2,10028,3,1.0285638000059407
5,1,,2026-07-30T13:04:12.821914,106545,5385,2139,5385,773,5385,152,5385,30,5385,0,9413,1,1.0280037999909837
5,1,,2026-07-30T13:04:13.850631,106459,5329,2114,5329,790,5329,151,5329,21,5329,1,9221,3,1.0284358999924734
5,1,,2026-07-30T13:04:14.877949,106180,5414,2185,5414,793,5414,148,5414,26,5414,0,9243,2,1.0271469999861438
5,1,,2026-07-30T13:04:15.905769,105900,5309,2177,5309,728,5309,137,5309,22,5309,2,9296,5,1.027561800001422
5,1,,2026-07-30T13:04:16.934650,106269,5315,2173,5315,745,5315,151,5315,33,5315,0,9501,2,1.028617599979043
5,1,,2026-07-30T13:04:17.962941,106335,5279,2126,5279,800,5279,135,5279,29,5279,2,9393,4,1.0280361000041012
5,1,,2026-07-30T13:04:18.991206,105718,5356,2180,5356,741,5356,170,5356,24,5356,1,9227,2,1.0279884999908973
5,1,,2026-07-30T13:04:20.019903,105909,5359,2184,5359,756,5359,139,5359,30,5359,2,9180,4,1.0283102999965195
5,1,,2026-07-30T13:04:21.049051,105405,5401,2183,5401,773,5401,144,5401,44,5401,2,9223,7,1.0288767999736592
5,1,,2026-07-30T13:04:22.077911,106358,5352,2064,5352,772,5352,166,5352,26,5352,0,9339,0,1.0286382999911439
5,1,,2026-07-30T13:04:23.106978,105999,5388,2178,5388,750,5388,175,5388,21,5388,0,9334,8,1.0287907000165433
5,1,,2026-07-30T13:04:24.136944,106274,5404,2211,5404,764,5404,167,5404,32,5404,0,9339,8,1.0296326999960002
5,1,,2026-07-30T13:04:25.167277,105829,5422,2249,5422,760,5422,178,5422,36,5422,2,9457,3,1.0299204000039026
5,1,,2026-07-30T13:04:26.196735,106265,5435,2244,5435,784,5435,145,5435,37,5435,1,9274,1,1.0290726000093855
5,1,,2026-07-30T13:04:27.226811,106288,5461,2189,5461,790,5461,154,5461,29,5461,4,9280,1,1.0297049000218976
5,1,,2026-07-30T13:04:28.256517,106610,5447,2165,5447,813,5447,137,5447,20,5447,3,9385,7,1.0292462999932468
5,1,,2026-07-30T13:04:29.285119,106410,5424,2213,5424,710,5424,154,5424,30,5424,2,9393,1,1.0282281000108924
5,1,,2026-07-30T13:04:30.315326,106027,5457,2243,5457,733,5457,175,5457,24,5458,0,9416,4,1.0299741000053473
5,1,,2026-07-30T13:04:31.345506,106276,5331,2180,5331,749,5331,162,5331,24,5330,0,9486,4,1.02960599999642
5,1,,2026-07-30T13:04:32.373675,106266,5323,2133,5323,750,5323,165,5323,26,5323,1,9466,6,1.0278413000050932
5,1,,2026-07-30T13:04:33.402906,105907,5362,2192,5362,776,5362,159,5362,30,5362,1,9331,3,1.0288257999927737
5,1,,2026-07-30T13:04:34.432841,105688,5464,2237,5464,780,5464,153,5464,32,5464,0,9271,5,1.02954009998939
5,1,,2026-07-30T13:04:35.459300,105716,5366,2195,5366,756,5366,146,5366,18,5366,3,9490,5,1.0261353999958374
5,1,,2026-07-30T13:04:36.487651,104924,5344,2086,5344,793,5344,161,5344,27,5344,3,9231,4,1.0280662000004668
5,1,,2026-07-30T13:04:37.517797,105900,5392,2174,5392,756,5392,149,5392,19,5392,0,9592,3,1.0297499999869615
5,1,,2026-07-30T13:04:38.547252,106076,5337,2165,5337,771,5337,135,5337,25,5337,2,9346,4,1.029055499995593
5,1,,2026-07-30T13:04:39.576648,106812,5502,2167,5502,777,5502,172,5502,33,5502,3,9352,3,1.0289409999968484
5,1,,2026-07-30T13:04:40.606479,106522,5318,2164,5318,753,5318,155,5318,37,5318,1,9368,2,1.029494100017473
5,1,,2026-07-30T13:04:41.636934,105452,5512,2246,5512,758,5512,151,5512,36,5512,3,9372,3,1.0300837999966461
5,1,,2026-07-30T13:04:42.665976,106426,5411,2155,5411,760,5411,145,5411,23,5411,0,9431,4,1.028572000010172
5,1,,2026-07-30T13:04:43.694782,106414,5491,2228,5491,839,5491,161,5491,22,5491,0,9458,7,1.02847279998241
5,1,,2026-07-30T13:04:44.724649,105737,5539,2268,5539,817,5539,169,5539,27,5539,2,9392,3,1.029503300000215
5,1,,2026-07-30T13:04:45.754937,106510,5427,2194,5427,759,5427,178,5427,31,5427,2,9526,3,1.02998310001567
5,1,,2026-07-30T13:04:46.784674,106371,5520,2218,5520,767,5520,166,5520,25,5520,3,9444,2,1.0293379000213463
5,1,,2026-07-30T13:04:47.813922,105915,5353,2141,5353,769,5353,156,5353,24,5353,2,9332,7,1.0288034999975935
5,1,,2026-07-30T13:04:48.843116,106628,5421,2177,5421,839,5421,141,5421,20,5421,2,9557,3,1.028840199986007
5,1,,2026-07-30T13:04:49.874690,106075,5549,2260,5549,784,5549,153,5549,23,5549,1,9300,4,1.031190300011076
5,1,,2026-07-30T13:04:50.903501,106357,5456,2180,5456,818,5456,166,5456,37,5456,0,9546,6,1.0283003999793436
5,1,,2026-07-30T13:04:51.930788,106138,5297,2167,5297,761,5297,157,5297,23,5297,1,9258,3,1.0268882999953348
5,1,,2026-07-30T13:04:52.960062,106644,5478,2219,5478,766,5478,161,5478,33,5478,0,9498,4,1.0289868999971077
5,1,,2026-07-30T13:04:53.990385,106124,5480,2228,5480,779,5480,162,5480,36,5480,3,9525,5,1.029973800003063
5,1,,2026-07-30T13:04:55.021426,106514,5473,2188,5473,817,5473,141,5473,25,5473,1,9484,2,1.030641999997897
5,1,,2026-07-30T13:04:56.052301,106574,5461,2187,5461,774,5461,131,5461,20,5461,2,9340,3,1.0304801000165753
5,1,,2026-07-30T13:04:57.084209,106625,5298,2129,5298,794,5298,140,5298,34,5298,1,9288,3,1.031474099989282
5,1,,2026-07-30T13:04:58.111091,106621,5392,2169,5392,775,5392,156,5392,41,5392,2,9394,7,1.0264915000007022
5,1,,2026-07-30T13:04:59.138678,105992,5417,2191,5417,774,5417,161,5417,19,5417,3,9375,3,1.0274019000062253
5,1,,2026-07-30T13:05:00.167796,106453,5362,2154,5362,724,5362,161,5362,31,5362,1,9655,4,1.028823000000557
5,1,,2026-07-30T13:05:01.196917,106256,5434,2277,5434,767,5434,145,5434,27,5434,1,9289,3,1.0286954999901354
5,1,,2026-07-30T13:05:02.226122,105848,5311,2178,5311,730,5311,142,5311,23,5311,0,9481,6,1.0289121000096202
5,1,,2026-07-30T13:05:03.254797,105864,5342,2173,5342,718,5342,145,5342,37,5342,5,9307,6,1.0282968999817967
5,1,,2026-07-30T13:05:04.284133,106348,5308,2141,5309,739,5309,154,5309,25,5309,1,9282,5,1.0289858000178356
5,1,,2026-07-30T13:05:05.313414,106286,5475,2174,5474,778,5474,171,5474,26,5474,1,9405,5,1.0288620000064839
5,1,,2026-07-30T13:05:06.343975,106540,5346,2108,5346,757,5346,179,5346,16,5346,1,9465,1,1.0295363000186626
5,1,,2026-07-30T13:05:07.372968,106026,5435,2231,5435,770,5435,163,5435,23,5435,1,9478,3,1.0285105000075419
5,1,,2026-07-30T13:05:08.402364,105842,5395,2157,5395,740,5395,156,5395,38,5395,2,9278,2,1.0291186000104062
5,1,,2026-07-30T13:05:09.431510,106327,5423,2154,5423,779,5423,157,5423,33,5423,1,9335,1,1.0287963000009768
5,1,,2026-07-30T13:05:10.460792,106097,5444,2162,5444,817,5444,166,5444,23,5444,2,9511,4,1.0288886000053026
5,1,,2026-07-30T13:05:11.490789,106632,5512,2254,5512,830,5512,162,5512,32,5512,0,9310,1,1.029471799993189
5,1,,2026-07-30T13:05:12.520768,105973,5446,2265,5446,765,5446,146,5446,22,5446,1,9461,4,1.0296045999857597
5,1,,2026-07-30T13:05:13.549493,106330,5358,2196,5358,776,5358,162,5358,14,5358,2,9269,3,1.0283877000038046
5,1,,2026-07-30T13:05:14.580140,105966,5307,2148,5307,758,5307,150,5307,30,5307,1,9480,8,1.03034050000133
5,1,,2026-07-30T13:05:15.610107,105686,5514,2193,5514,808,5514,155,5514,28,5514,1,9541,2,1.0296148000052199
5,1,,2026-07-30T13:05:16.640185,106055,5335,2062,5335,752,5335,163,5335,28,5335,0,9310,2,1.0296548000187613
5,1,,2026-07-30T13:05:17.669191,105882,5417,2179,5417,728,5417,159,5417,30,5417,3,9414,4,1.028644499980146
5,1,,2026-07-30T13:05:18.698486,106281,5394,2134,5394,794,5394,168,5394,27,5394,3,9296,2,1.0287719999905676
5,1,,2026-07-30T13:05:19.727980,106507,5543,2252,5543,795,5543,168,5543,33,5543,1,9393,2,1.0291685000120196
5,1,,2026-07-30T13:05:20.757049,105747,5378,2168,5378,754,5378,173,5378,30,5378,1,9250,6,1.0287270999979228
5,1,,2026-07-30T13:05:21.785869,105705,5442,2162,5442,761,5442,163,5442,35,5442,2,9291,2,1.0284512999933213
5,1,,2026-07-30T13:05:22.815318,106531,5560,2169,5560,839,5560,167,5560,20,5560,3,9612,4,1.0290322999935597
5,1,,2026-07-30T13:05:23.844714,106106,5356,2196,5356,717,5356,142,5356,28,5356,4,9497,3,1.0289120999805164
5,1,,2026-07-30T13:05:24.874258,106531,5503,2151,5503,858,5503,154,5503,30,5503,2,9284,5,1.0291791000054218
5,1,,2026-07-30T13:05:25.903292,106845,5454,2177,5454,810,5454,151,5454,38,5454,2,9244,3,1.0286082999955397
5,1,,2026-07-30T13:05:26.933318,105182,5366,2180,5366,724,5366,163,5366,18,5366,1,9127,3,1.029606900003273
5,1,,2026-07-30T13:05:27.963867,106733,5462,2138,5462,801,5462,169,5462,18,5462,0,9359,4,1.0300997000013012
5,1,,2026-07-30T13:05:28.993663,106077,5363,2208,5363,767,5363,140,5363,29,5363,2,9262,5,1.0293352000007872
5,1,,2026-07-30T13:05:30.021877,106079,5323,2149,5323,741,5323,135,5323,27,5323,0,9351,3,1.027878699998837
5,1,,2026-07-30T13:05:31.051608,106238,5465,2183,5465,783,5465,169,5465,27,5465,3,9320,3,1.0294435000105295
5,1,,2026-07-30T13:05:32.082538,106308,5432,2129,5432,781,5432,127,5432,29,5432,1,9525,5,1.0304762999876402
5,1,,2026-07-30T13:05:33.111599,105929,5414,2156,5414,764,5414,144,5414,30,5414,2,9279,1,1.0286581999971531
5,1,,2026-07-30T13:05:34.142428,106029,5417,2216,5417,779,5417,147,5417,26,5417,0,9330,3,1.030422699986957
5,1,,2026-07-30T13:05:35.172257,106065,5359,2175,5359,769,5359,155,5359,18,5359,2,9461,3,1.0294590000121389
5,1,,2026-07-30T13:05:36.203008,105746,5385,2252,5385,783,5385,143,5385,26,5385,0,9372,1,1.0302262000041083
5,1,,2026-07-30T13:05:37.233308,106233,5487,2167,5487,805,5487,171,5487,25,5487,1,9384,8,1.0300458999990951
5,1,,2026-07-30T13:05:38.260878,106513,5444,2220,5444,769,5444,151,5444,35,5444,1,9422,10,1.026989500009222
5,1,,2026-07-30T13:05:39.289922,105782,5334,2141,5334,766,5334,165,5334,20,5334,0,9462,4,1.0286650999914855
5,1,,2026-07-30T13:05:40.320125,106184,5435,2180,5435,800,5435,160,5435,36,5435,1,9424,2,1.0296608000062406
5,1,,2026-07-30T13:05:41.351375,106622,5373,2172,5373,766,5373,164,5373,24,5373,0,9384,3,1.030780600005528
5,1,,2026-07-30T13:05:42.381604,106406,5470,2212,5470,820,5470,169,5470,28,5470,0,9409,6,1.0297317999938969
5,1,,2026-07-30T13:05:43.411446,106000,5491,2168,5491,794,5491,152,5491,27,5491,2,9330,6,1.02946650001104
5,1,,2026-07-30T13:05:44.439456,106340,5391,2211,5391,739,5391,161,5391,34,5391,1,9359,5,1.0276140000205487
5,1,,2026-07-30T13:05:45.468786,105915,5406,2184,5406,758,5406,171,5406,30,5406,2,9340,4,1.028991400002269
5,1,,2026-07-30T13:05:46.498107,106269,5450,2214,5450,767,5450,159,5450,21,5450,2,9614,4,1.0289896999893244
5,1,,2026-07-30T13:05:47.527728,105540,5409,2153,5409,772,5409,159,5409,31,5409,1,9147,2,1.0292331000091508
5,1,,2026-07-30T13:05:48.556554,106472,5478,2221,5478,788,5478,154,5478,25,5478,1,9434,8,1.028434899984859
5,1,,2026-07-30T13:05:49.584510,106158,5460,2267,5460,792,5460,137,5460,30,5460,2,9227,4,1.0275149999943096
5,1,,2026-07-30T13:05:50.613585,105576,5395,2162,5395,729,5395,173,5395,18,5395,2,9363,6,1.0286262000154238
5,1,,2026-07-30T13:05:51.642921,105824,5299,2094,5299,771,5299,157,5299,25,5299,0,9291,3,1.0286839000182226
5,1,,2026-07-30T13:05:52.671855,105949,5538,2230,5538,756,5538,154,5538,27,5538,2,9568,4,1.0285235999908764
5,1,,2026-07-30T13:05:53.700056,106140,5412,2237,5412,776,5412,156,5412,27,5412,3,9335,5,1.027854699990712
5,1,,2026-07-30T13:05:54.729614,105915,5438,2198,5438,745,5438,154,5438,29,5438,1,9301,5,1.0292361000028905
5,1,,2026-07-30T13:05:55.759479,105464,5418,2173,5418,780,5418,156,5418,31,5418,1,9120,1,1.0294864999887068
5,1,,2026-07-30T13:05:56.791016,106347,5408,2173,5408,747,5408,165,5408,30,5408,0,9326,3,1.0310696999949869
5,1,,2026-07-30T13:05:57.819784,106304,5462,2207,5462,780,5462,164,5462,29,5462,2,9274,3,1.0283811999834143
5,1,,2026-07-30T13:05:58.848905,106245,5300,2152,5300,750,5300,152,5300,30,5300,1,9400,2,1.0287618000002112
5,1,,2026-07-30T13:05:59.878779,106050,5316,2172,5316,770,5316,157,5316,22,5316,1,9453,5,1.0295537000056356
5,1,,2026-07-30T13:06:00.908289,105988,5305,2092,5305,753,5305,167,5305,27,5305,0,9275,6,1.029066499992041
5,1,,2026-07-30T13:06:01.939265,106402,5375,2129,5375,775,5375,165,5375,23,5375,4,9226,2,1.0307037999737076
5,1,,2026-07-30T13:06:02.968937,106298,5324,2126,5324,763,5324,156,5324,34,5324,3,9423,4,1.0293013000045903
5,1,,2026-07-30T13:06:03.997991,105532,5357,2138,5357,756,5357,146,5357,17,5357,1,9244,4,1.0286979000084102
5,1,,2026-07-30T13:06:05.027863,106430,5436,2228,5436,809,5436,137,5436,37,5436,0,9327,5,1.0295389000093564
5,1,,2026-07-30T13:06:06.057070,105600,5379,2184,5379,724,5379,170,5379,28,5379,2,9509,2,1.0288591000135057
5,1,,2026-07-30T13:06:07.086197,105511,5395,2183,5395,760,5395,129,5395,23,5395,3,9149,3,1.0287508000037633
5,1,,2026-07-30T13:06:08.115157,106162,5309,2177,5309,738,5309,156,5309,29,5309,1,9523,5,1.028613000002224
5,1,,2026-07-30T13:06:09.144378,105840,5326,2115,5326,775,5326,151,5326,37,5326,1,9142,2,1.0288706999854185
5,1,,2026-07-30T13:06:10.173789,106269,5341,2142,5341,762,5341,153,5341,29,5341,1,9137,1,1.0290550999925472
5,1,,2026-07-30T13:06:11.203795,106032,5430,2168,5430,770,5430,144,5430,28,5430,1,9251,3,1.0296680000028573
5,1,,2026-07-30T13:06:12.232769,105721,5423,2239,5423,766,5423,152,5423,25,5423,3,9253,5,1.0286026000103448
5,1,,2026-07-30T13:06:13.263563,106412,5310,2167,5310,745,5310,166,5310,31,5310,0,9337,3,1.0304206000000704
5,1,,2026-07-30T13:06:14.293227,105899,5485,2189,5485,769,5485,170,5485,28,5485,2,9420,2,1.02930870000273
5,1,,2026-07-30T13:06:15.322911,105931,5483,2227,5483,777,5483,149,5483,32,5483,3,9500,2,1.0292981000093278
5,1,,2026-07-30T13:06:16.351631,106139,5351,2174,5351,756,5351,127,5351,24,5351,0,9429,4,1.0284165999910329
5,1,,2026-07-30T13:06:17.380989,106605,5302,2167,5302,696,5302,149,5302,15,5302,4,9260,4,1.029053300007945
5,1,,2026-07-30T13:06:18.410087,106211,5420,2219,5420,730,5420,132,5420,25,5420,1,9338,6,1.0285679000080563
5,1,,2026-07-30T13:06:19.437962,105805,5270,2066,5270,780,5270,163,5270,22,5270,2,9350,4,1.0275586000061594
5,1,,2026-07-30T13:06:20.466675,105520,5418,2148,5418,747,5418,165,5418,25,5418,1,9401,2,1.0283542999823112
5,1,,2026-07-30T13:06:21.495284,106141,5329,2097,5329,768,5329,157,5329,36,5329,1,9485,6,1.0280997000227217
5,1,,2026-07-30T13:06:22.524664,105730,5389,2172,5389,805,5389,121,5389,24,5389,1,9401,8,1.0289809000096284
5,1,,2026-07-30T13:06:23.553745,106016,5436,2244,5436,738,5436,171,5436,28,5436,0,9504,4,1.0287438999803271
5,1,,2026-07-30T13:06:24.583064,105769,5319,2122,5319,774,5319,140,5319,21,5319,0,9325,4,1.028964700002689
5,1,,2026-07-30T13:06:25.612953,106075,5348,2185,5348,717,5348,167,5348,23,5348,1,9415,6,1.0294580000045244
5,1,,2026-07-30T13:06:26.643733,105901,5311,2153,5311,740,5311,144,5311,27,5311,1,9422,6,1.0304610000166576
5,1,,2026-07-30T13:06:27.672026,106185,5495,2161,5495,819,5495,155,5495,29,5495,1,9303,4,1.0278619999880902
5,1,,2026-07-30T13:06:28.699522,105585,5454,2162,5454,780,5454,163,5454,33,5454,0,9497,2,1.0272504999884404
5,1,,2026-07-30T13:06:29.729180,105719,5390,2163,5390,778,5390,156,5390,26,5390,1,9512,5,1.0294398000114597
5,1,,2026-07-30T13:06:30.757144,105622,5407,2169,5407,777,5407,170,5407,27,5407,3,9381,1,1.0276205000118352
5,1,,2026-07-30T13:06:31.786247,105929,5392,2182,5392,819,5392,131,5392,33,5392,2,9348,5,1.0288072999974247
5,1,,2026-07-30T13:06:32.815319,105744,5316,2149,5316,721,5316,147,5316,26,5316,2,9381,5,1.0286579999956302
5,1,,2026-07-30T13:06:33.844025,106027,5395,2177,5395,778,5395,143,5395,31,5395,1,9358,4,1.028369699983159
5,1,,2026-07-30T13:06:34.873307,106477,5400,2212,5400,750,5400,151,5400,24,5400,2,9530,2,1.0289552999893203
5,1,,2026-07-30T13:06:35.904667,105708,5411,2205,5411,735,5411,153,5411,27,5411,1,9380,4,1.0309759000083432
5,1,,2026-07-30T13:06:36.934380,106266,5379,2198,5379,746,5379,145,5379,27,5379,1,9485,2,1.0291458000137936
5,1,,2026-07-30T13:06:37.964185,106715,5457,2275,5457,763,5457,143,5457,34,5457,0,9368,6,1.0293077999958768
5,1,,2026-07-30T13:06:38.993918,106193,5374,2166,5374,757,5374,139,5374,27,5374,3,9369,1,1.0293621000018902
5,1,,2026-07-30T13:06:40.023078,105753,5361,2168,5361,750,5361,125,5361,18,5361,1,9375,2,1.0287880999967456
5,1,,2026-07-30T13:06:41.052021,105565,5374,2188,5374,731,5374,164,5374,38,5374,1,9530,5,1.0285801000136416
5,1,,2026-07-30T13:06:42.081052,105923,5363,2214,5363,758,5363,150,5363,28,5363,1,9474,3,1.028478099993663
5,1,,2026-07-30T13:06:43.109360,105828,5494,2168,5494,773,5494,154,5494,26,5494,0,9361,8,1.0279534999863245
5,1,,2026-07-30T13:06:44.137781,106577,5338,2117,5338,752,5338,163,5338,27,5338,1,9184,2,1.028133899992099
5,1,,2026-07-30T13:06:45.168027,105976,5364,2119,5364,789,5364,157,5364,35,5364,2,9357,1,1.029761799989501
5,1,,2026-07-30T13:06:46.197645,106487,5396,2108,5396,775,5396,173,5396,32,5396,1,9410,4,1.0292310999939218
5,1,,2026-07-30T13:06:47.226455,106009,5352,2074,5352,789,5352,181,5352,25,5352,2,9355,9,1.0284499000117648
5,1,,2026-07-30T13:06:48.257236,106529,5301,2121,5301,773,5301,139,5301,22,5301,0,9430,4,1.0304145999834873
5,1,,2026-07-30T13:06:49.288898,106222,5270,2203,5270,754,5270,138,5270,22,5270,3,9389,4,1.0312546999775805
5,1,,2026-07-30T13:06:50.317568,106369,5390,2154,5390,716,5390,163,5390,38,5390,2,9376,2,1.028289500012761
5,1,,2026-07-30T13:06:51.348106,106797,5412,2185,5412,773,5412,154,5412,30,5412,3,9431,4,1.030138000001898
5,1,,2026-07-30T13:06:52.377835,106086,5429,2197,5429,768,5429,156,5429,26,5429,2,9182,5,1.0293671999825165
5,1,,2026-07-30T13:06:53.407615,106193,5337,2142,5337,807,5337,145,5337,28,5337,1,9388,8,1.029425299988361
5,1,,2026-07-30T13:06:54.437617,105951,5307,2156,5307,702,5307,146,5307,27,5307,0,9349,2,1.0295356000133324
5,1,,2026-07-30T13:06:55.468207,106113,5444,2171,5444,734,5444,171,5444,33,5444,0,9367,3,1.030210500000976
5,1,,2026-07-30T13:06:56.498242,106586,5426,2167,5426,782,5426,174,5426,30,5426,2,9364,4,1.02966239998932
5,1,,2026-07-30T13:06:57.527084,106046,5336,2159,5336,715,5336,143,5336,30,5336,1,9442,5,1.0284742999938317
5,1,,2026-07-30T13:06:58.556209,105111,5286,2075,5286,736,5286,160,5286,21,5286,1,9134,2,1.0288047000067309
5,1,,2026-07-30T13:06:59.583517,105842,5371,2109,5371,754,5371,142,5371,36,5371,1,9258,3,1.0268954999919515
5,1,,2026-07-30T13:07:00.612564,105977,5450,2182,5450,845,5450,139,5450,21,5450,1,9395,4,1.0287533999944571
5,1,,2026-07-30T13:07:01.642703,105536,5498,2198,5498,830,5498,160,5498,28,5498,1,9351,5,1.02978979999898
5,1,,2026-07-30T13:07:02.671328,106557,5492,2273,5492,741,5492,146,5492,31,5492,1,9398,6,1.0282997000031173
5,1,,2026-07-30T13:07:03.702515,105890,5409,2189,5409,739,5409,134,5409,30,5409,2,9266,3,1.0307480999908876
5,1,,2026-07-30T13:07:04.732120,106324,5439,2159,5439,784,5439,151,5439,24,5439,0,9365,5,1.0291897999995854
5,1,,2026-07-30T13:07:05.761335,106160,5411,2222,5411,743,5411,136,5411,27,5411,3,9280,6,1.0288507000077516
5,1,,2026-07-30T13:07:06.790374,105839,5299,2103,5299,824,5299,147,5299,32,5299,2,9371,8,1.028722100018058
5,1,,2026-07-30T13:07:07.821263,105894,5495,2258,5495,757,5495,155,5495,25,5495,1,9336,1,1.030479800014291
5,1,,2026-07-30T13:07:08.850950,106208,5391,2209,5391,772,5391,172,5391,33,5391,0,9398,6,1.029345100017963
5,1,,2026-07-30T13:07:09.880963,105300,5385,2194,5385,793,5385,166,5385,19,5385,0,9424,2,1.0295824999921024
5,1,,2026-07-30T13:07:10.910571,105839,5478,2158,5478,815,5478,155,5478,20,5478,2,9461,5,1.029250099993078
5,1,,2026-07-30T13:07:11.939989,106021,5519,2167,5519,781,5519,146,5519,30,5519,1,9625,4,1.0288766000012401
5,1,,2026-07-30T13:07:12.969072,105425,5424,2146,5424,766,5424,149,5424,20,5424,0,9535,3,1.0286724000179674
5,1,,2026-07-30T13:07:14.000036,105827,5309,2139,5309,766,5309,144,5309,26,5309,0,9354,1,1.0305832000158262
5,1,,2026-07-30T13:07:15.031254,106108,5447,2235,5447,766,5447,153,5447,23,5447,1,9380,2,1.03076960000908
5,1,,2026-07-30T13:07:16.062194,105929,5279,2099,5279,730,5279,158,5279,31,5279,2,9438,7,1.0305355000018608
5,1,,2026-07-30T13:07:17.092223,106104,5488,2229,5488,769,5488,162,5488,24,5488,0,9399,6,1.0296112999785691
5,1,,2026-07-30T13:07:18.120426,105980,5457,2185,5457,761,5457,153,5457,26,5457,1,9482,5,1.0278787999995984
5,1,,2026-07-30T13:07:19.151132,106081,5432,2173,5432,782,5432,166,5432,27,5432,3,9373,9,1.0302079000102822
5,1,,2026-07-30T13:07:20.180295,106336,5341,2169,5341,729,5341,145,5341,24,5341,2,9440,4,1.0288017000129912
5,1,,2026-07-30T13:07:21.209431,105946,5344,2155,5344,745,5344,161,5344,25,5344,0,9426,3,1.028632600005949
5,1,,2026-07-30T13:07:22.238847,105228,5384,2207,5384,767,5384,159,5384,25,5384,1,9514,13,1.0290896000224166
5,1,,2026-07-30T13:07:23.268590,106195,5384,2155,5384,795,5384,158,5384,38,5384,2,9376,2,1.0293369000137318
5,1,,2026-07-30T13:07:24.298128,106055,5452,2217,5452,812,5452,145,5452,34,5452,0,9201,4,1.0291132999991532
5,1,,2026-07-30T13:07:25.327578,105468,5318,2223,5318,733,5318,167,5318,26,5318,2,9486,3,1.0291350999905262
5,1,,2026-07-30T13:07:26.357375,106069,5502,2164,5502,805,5502,167,5502,27,5502,2,9484,3,1.029336700012209
5,1,,2026-07-30T13:07:27.386450,106071,5392,2165,5392,760,5392,178,5392,26,5392,3,9487,1,1.028688599995803
5,1,,2026-07-30T13:07:28.417208,105764,5288,2148,5288,729,5288,147,5288,12,5288,1,9394,2,1.0302248999942094
5,1,,2026-07-30T13:07:29.445313,105707,5420,2132,5420,789,5420,145,5420,21,5420,0,9251,2,1.027803800010588
5,1,,2026-07-30T13:07:30.473810,106009,5452,2260,5452,749,5452,149,5452,36,5452,2,9527,3,1.028216499980772
5,1,,2026-07-30T13:07:31.501970,105833,5326,2097,5326,791,5326,156,5326,21,5326,0,9273,1,1.027650400006678
5,1,,2026-07-30T13:07:32.532383,105475,5395,2180,5395,747,5395,164,5395,27,5395,2,9476,3,1.0297780000255443
5,1,,2026-07-30T13:07:33.561529,105699,5379,2156,5379,734,5379,142,5379,29,5379,1,9307,4,1.0287717999890447
5,1,,2026-07-30T13:07:34.590614,105689,5287,2175,5287,737,5287,155,5287,33,5287,2,9348,3,1.0286310999945272
5,1,,2026-07-30T13:07:35.618168,105886,5423,2134,5423,804,5423,171,5423,23,5423,1,9178,2,1.0272151000099257
5,1,,2026-07-30T13:07:36.647168,104840,5306,2150,5306,758,5306,155,5306,31,5306,1,9299,3,1.0287518000113778
5,1,,2026-07-30T13:07:37.675593,105617,5400,2137,5400,803,5400,146,5400,25,5400,3,9243,7,1.028098199982196
5,1,,2026-07-30T13:07:38.705289,106180,5362,2086,5362,816,5362,170,5362,28,5362,2,9414,4,1.0292984999832697
5,1,,2026-07-30T13:07:39.736466,105924,5293,2116,5293,724,5293,157,5293,31,5293,1,9365,4,1.0307182000251487
5,1,,2026-07-30T13:07:40.766293,106266,5394,2210,5394,755,5394,134,5394,33,5394,0,9398,3,1.0294124000065494
5,1,,2026-07-30T13:07:41.797513,105247,5490,2147,5490,827,5490,165,5490,17,5490,1,9522,2,1.030869200010784
5,1,,2026-07-30T13:07:42.828389,105259,5420,2156,5420,763,5420,152,5420,34,5420,0,9402,5,1.0298844999924768
5,1,,2026-07-30T13:07:43.857423,106154,5340,2186,5340,765,5340,140,5340,35,5340,2,9465,0,1.0287779000063892
5,1,,2026-07-30T13:07:44.886667,105225,5427,2178,5427,759,5427,154,5427,28,5427,0,9324,4,1.028892000002088
5,1,,2026-07-30T13:07:45.917208,105691,5318,2166,5318,718,5318,142,5318,26,5318,2,9467,4,1.0301748999918345
5,1,,2026-07-30T13:07:46.946867,106497,5321,2119,5321,763,5321,156,5321,27,5321,2,9413,3,1.029164999985369
5,1,,2026-07-30T13:07:47.976585,106012,5336,2106,5336,785,5336,147,5336,29,5336,1,9309,1,1.029166400025133
5,1,,2026-07-30T13:07:49.006663,105733,5498,2232,5498,745,5498,171,5498,24,5498,2,9431,5,1.0296791000000667
5,1,,2026-07-30T13:07:50.035516,105773,5385,2174,5385,772,5385,161,5385,27,5385,0,9347,2,1.0285274000198115
5,1,,2026-07-30T13:07:51.067756,105786,5385,2211,5385,798,5385,131,5385,31,5385,2,9280,4,1.0316691999905743
5,1,,2026-07-30T13:07:52.098287,106119,5373,2123,5373,758,5373,143,5373,29,5373,2,9526,1,1.0300739000085741
5,1,,2026-07-30T13:07:53.128125,106347,5388,2142,5388,801,5388,135,5388,22,5388,2,9322,2,1.0294942999898922
5,1,,2026-07-30T13:07:54.158292,105036,5399,2194,5399,760,5399,158,5399,28,5399,1,9442,5,1.029813600005582
5,1,,2026-07-30T13:07:55.189258,106174,5392,2223,5392,728,5392,134,5392,23,5392,2,9360,5,1.0305202000017744
5,1,,2026-07-30T13:07:56.218969,105673,5470,2165,5470,785,5470,148,5470,32,5470,1,9426,2,1.029246099991724
5,1,,2026-07-30T13:07:57.248255,106251,5479,2234,5479,770,5479,151,5479,23,5479,0,9343,5,1.0288308999734
5,1,,2026-07-30T13:07:58.278441,105797,5371,2218,5371,740,5371,166,5371,29,5371,1,9490,7,1.0297805999871343
5,2,,2026-07-30T13:08:05.729789,106090,6529,3102,6529,813,6529,97,6529,23,6529,1,9435,2,1.0296300000045449
5,2,,2026-07-30T13:08:06.758867,105823,6611,3232,6611,762,6611,141,6611,10,6611,2,9271,4,1.0286830999830272
5,2,,2026-07-30T13:08:07.787460,105826,6576,3171,6576,721,6576,116,6576,24,6576,2,9299,4,1.0282050000096206
5,2,,2026-07-30T13:08:08.816270,106610,6748,3135,6748,827,6748,120,6748,17,6748,2,9340,3,1.0283794999995735
5,2,,2026-07-30T13:08:09.844780,106455,6682,3170,6682,831,6682,126,6682,20,6682,1,9562,2,1.0280729999940377
5,2,,2026-07-30T13:08:10.875761,105976,6522,3017,6522,814,6522,155,6522,15,6522,4,9216,2,1.030747100012377
5,2,,2026-07-30T13:08:11.906081,105801,6618,3168,6618,812,6618,107,6618,16,6618,2,9441,2,1.0298529000137933
5,2,,2026-07-30T13:08:12.935208,105894,6578,3155,6578,759,6578,124,6578,11,6578,0,9263,1,1.0287915999942925
5,2,,2026-07-30T13:08:13.964836,106087,6658,3205,6658,852,6658,120,6658,16,6658,0,9385,1,1.0293026000144891
5,2,,2026-07-30T13:08:14.995820,105769,6569,3143,6569,794,6569,121,6569,21,6569,4,9365,0,1.0305572999932338
5,2,,2026-07-30T13:08:16.027144,105722,6512,3094,6512,787,6512,112,6512,23,6512,0,9264,2,1.0310139999783132
5,2,,2026-07-30T13:08:17.057175,105820,6551,3121,6551,799,6551,122,6551,15,6551,1,9376,5,1.0297009000205435
5,2,,2026-07-30T13:08:18.087528,106034,6440,3078,6440,761,6440,123,6440,13,6440,1,9293,3,1.0299849000002723
5,2,,2026-07-30T13:08:19.116719,105869,6695,3131,6695,870,6695,114,6695,17,6695,1,9347,2,1.0287994000245817
5,2,,2026-07-30T13:08:20.146396,105763,6487,3062,6487,796,6487,104,6487,18,6487,1,9228,1,1.029322799993679
5,2,,2026-07-30T13:08:21.176066,105951,6576,3119,6576,774,6576,124,6576,15,6576,0,9420,0,1.0292855000006966
5,2,,2026-07-30T13:08:22.206116,105830,6613,3154,6613,820,6613,121,6613,12,6613,3,9380,2,1.0294703000108711
5,2,,2026-07-30T13:08:23.235133,106832,6708,3196,6708,832,6708,112,6708,17,6708,2,9445,3,1.0285789000045042
5,2,,2026-07-30T13:08:24.266523,106489,6591,3171,6591,853,6591,109,6591,11,6591,0,9452,1,1.0310398000001442
5,2,,2026-07-30T13:08:25.295605,105825,6641,3116,6641,798,6641,134,6641,14,6641,2,9390,2,1.0287038999958895
5,2,,2026-07-30T13:08:26.326434,105672,6663,3223,6663,784,6663,123,6663,18,6663,0,9234,6,1.0304480000049807
5,2,,2026-07-30T13:08:27.356191,105838,6695,3219,6695,767,6695,106,6695,16,6695,0,9612,3,1.029440499987686
5,2,,2026-07-30T13:08:28.386739,106412,6579,3063,6579,787,6579,123,6579,10,6579,2,9379,0,1.0301885000080802
5,2,,2026-07-30T13:08:29.416884,105978,6441,3066,6441,750,6441,109,6441,11,6441,1,9271,1,1.0296759000048041
5,2,,2026-07-30T13:08:30.446570,105699,6508,3092,6508,806,6508,148,6508,18,6508,2,9266,2,1.029332100006286
5,2,,2026-07-30T13:08:31.476188,105872,6517,3102,6517,811,6517,116,6517,7,6517,3,9307,3,1.0292786000063643
5,2,,2026-07-30T13:08:32.505631,106001,6552,3133,6552,777,6552,136,6552,19,6552,0,9403,6,1.0290953000076115
5,2,,2026-07-30T13:08:33.534374,106112,6464,3045,6464,779,6464,123,6464,22,6464,1,9377,5,1.0283194000076037
5,2,,2026-07-30T13:08:34.565084,105605,6553,3150,6553,778,6553,123,6553,14,6553,0,9331,6,1.0303265999828
5,2,,2026-07-30T13:08:35.595291,106351,6757,3230,6757,813,6757,118,6757,16,6757,2,9264,0,1.0298682999855373
5,2,,2026-07-30T13:08:36.623097,105801,6677,3195,6677,831,6677,125,6677,10,6677,1,9358,4,1.0274683000170626
5,2,,2026-07-30T13:08:37.651411,106177,6656,3184,6656,819,6656,131,6656,11,6656,1,9335,6,1.0280364000063855
5,2,,2026-07-30T13:08:38.680169,105798,6554,3185,6554,750,6554,122,6554,11,6554,1,9221,2,1.0284631999966223
5,2,,2026-07-30T13:08:39.709287,105535,6458,3089,6458,822,6458,126,6458,16,6458,3,9137,4,1.028822799999034
5,2,,2026-07-30T13:08:40.738344,106448,6457,3076,6457,786,6457,102,6457,19,6457,2,9480,2,1.0288333999924362
5,2,,2026-07-30T13:08:41.767790,105109,6514,3073,6514,825,6514,103,6514,24,6514,0,9354,6,1.029254499997478
5,2,,2026-07-30T13:08:42.796975,106001,6682,3215,6682,870,6682,121,6682,21,6682,2,9244,2,1.0288979000179097
5,2,,2026-07-30T13:08:43.825666,105841,6480,3068,6480,809,6480,117,6480,16,6480,1,9114,3,1.0282700999814551
5,2,,2026-07-30T13:08:44.855351,105815,6468,3073,6468,833,6468,117,6468,19,6468,0,9404,3,1.0293242000043392
5,2,,2026-07-30T13:08:45.885327,106661,6568,3116,6568,786,6568,115,6568,18,6568,2,9487,3,1.0296032000042032
5,2,,2026-07-30T13:08:46.915273,106200,6739,3195,6739,791,6739,119,6739,9,6739,1,9416,2,1.0295527999987826
5,2,,2026-07-30T13:08:47.945314,105518,6640,3152,6640,785,6640,122,6640,11,6640,2,9398,1,1.0296173999959137
5,2,,2026-07-30T13:08:48.976404,105713,6572,3203,6572,840,6572,106,6572,21,6572,2,9435,4,1.0306935000116937
5,2,,2026-07-30T13:08:50.007129,106183,6576,3097,6576,804,6576,118,6576,19,6576,1,9397,3,1.030421799980104
5,2,,2026-07-30T13:08:51.036055,106164,6517,3066,6517,877,6517,126,6517,17,6517,1,9554,5,1.0285685999842826
5,2,,2026-07-30T13:08:52.065665,106073,6586,3203,6586,800,6586,109,6586,15,6586,0,9453,4,1.0292837000160944
5,2,,2026-07-30T13:08:53.094962,105217,6626,3101,6626,856,6626,118,6626,14,6626,2,9317,3,1.0288205999822821
5,2,,2026-07-30T13:08:54.124569,105849,6548,3086,6548,781,6548,126,6548,16,6548,0,9419,3,1.029283599986229
5,2,,2026-07-30T13:08:55.153324,105962,6657,3138,6657,794,6657,130,6657,13,6657,0,9165,2,1.0284229000099003
5,2,,2026-07-30T13:08:56.183759,105596,6563,3136,6563,799,6563,128,6563,12,6563,0,9254,1,1.0299970000050962
5,2,,2026-07-30T13:08:57.214197,105658,6646,3192,6646,819,6646,126,6646,16,6646,2,9352,1,1.03004830001737
5,2,,2026-07-30T13:08:58.243369,105868,6510,3201,6510,818,6510,114,6510,14,6510,0,9470,4,1.0287300999916624
5,2,,2026-07-30T13:08:59.272822,106049,6679,3244,6679,826,6679,117,6679,15,6679,0,9447,1,1.0291328000021167
5,2,,2026-07-30T13:09:00.302198,105548,6632,3157,6632,832,6632,136,6632,21,6632,2,9251,2,1.0290357999911066
5,2,,2026-07-30T13:09:01.332528,105737,6752,3277,6752,815,6752,107,6752,14,6752,0,9465,3,1.029984200024046
5,2,,2026-07-30T13:09:02.362500,106011,6635,3121,6635,812,6635,132,6635,23,6635,0,9297,1,1.0295169000164606
5,2,,2026-07-30T13:09:03.392828,106282,6736,3187,6736,808,6736,113,6736,11,6736,2,9428,5,1.029691300005652
5,2,,2026-07-30T13:09:04.421993,105810,6650,3160,6650,791,6650,119,6650,13,6650,1,9130,4,1.0287857000075746
5,2,,2026-07-30T13:09:05.449330,106393,6550,3102,6550,833,6550,121,6550,18,6550,1,9313,5,1.0270376999978907
5,2,,2026-07-30T13:09:06.478707,105752,6673,3206,6673,781,6673,116,6673,15,6673,2,9332,0,1.0289753000251949
5,2,,2026-07-30T13:09:07.506336,106130,6620,3150,6620,825,6620,117,6620,20,6620,2,9403,0,1.027355099999113
5,2,,2026-07-30T13:09:08.536736,106081,6637,3136,6637,863,6637,133,6637,15,6637,1,9374,2,1.02996849999181
5,2,,2026-07-30T13:09:09.567089,105839,6565,3189,6565,756,6565,116,6565,24,6565,2,9381,2,1.0298941000073683
5,2,,2026-07-30T13:09:10.597792,106002,6593,3154,6593,802,6593,122,6593,18,6593,0,9432,3,1.030352400004631
5,2,,2026-07-30T13:09:11.627096,106161,6761,3187,6761,833,6761,121,6761,9,6761,3,9275,4,1.0288621000072453
5,2,,2026-07-30T13:09:12.657897,106239,6658,3098,6658,826,6658,119,6658,17,6658,0,9344,2,1.0303109000087716
5,2,,2026-07-30T13:09:13.688297,105769,6587,3147,6587,797,6587,137,6587,20,6587,2,9398,0,1.0300395999802276
5,2,,2026-07-30T13:09:14.718185,106184,6539,3113,6539,780,6539,122,6539,14,6539,0,9421,5,1.0294922000030056
5,2,,2026-07-30T13:09:15.745427,106576,6638,3127,6638,828,6638,140,6638,23,6638,2,9465,2,1.026793600001838
5,2,,2026-07-30T13:09:16.775223,106515,6449,3040,6449,773,6449,126,6449,20,6449,2,9385,6,1.0294329000171274
5,2,,2026-07-30T13:09:17.804329,106159,6404,3109,6404,795,6404,126,6404,15,6404,1,9179,1,1.0287578999996185
5,2,,2026-07-30T13:09:18.832985,105956,6558,3141,6558,788,6558,121,6558,19,6558,3,9345,5,1.028368600003887
5,2,,2026-07-30T13:09:19.860669,105494,6633,3127,6633,793,6633,129,6633,13,6633,4,9279,4,1.0273124999948777
5,2,,2026-07-30T13:09:20.888797,106036,6552,3045,6552,839,6552,144,6552,18,6552,2,9502,4,1.0278433999919798
5,2,,2026-07-30T13:09:21.915860,105979,6497,3130,6497,792,6497,125,6497,14,6497,3,9338,0,1.0268035000190139
5,2,,2026-07-30T13:09:22.942599,106309,6538,3116,6538,732,6538,128,6538,14,6538,1,9279,1,1.026502900000196
5,2,,2026-07-30T13:09:23.970743,106008,6611,3109,6611,815,6611,114,6611,18,6611,3,9416,4,1.0279115999874193
5,2,,2026-07-30T13:09:24.998189,106173,6546,3103,6546,757,6546,114,6546,13,6546,1,9419,2,1.027168000000529
5,2,,2026-07-30T13:09:26.026344,106301,6661,3176,6661,753,6661,137,6661,21,6661,1,9304,4,1.027937800012296
5,2,,2026-07-30T13:09:27.055973,105706,6557,3135,6557,788,6557,124,6557,16,6557,2,9284,1,1.029238000017358
5,2,,2026-07-30T13:09:28.084013,106018,6625,3162,6625,806,6625,126,6625,23,6625,0,9451,4,1.0276971999846864
5,2,,2026-07-30T13:09:29.114725,105688,6654,3162,6654,795,6654,135,6654,18,6654,1,9496,4,1.0301611000031698
5,2,,2026-07-30T13:09:30.142885,105944,6628,3218,6628,815,6628,116,6628,17,6628,4,9272,3,1.0278236000158358
5,2,,2026-07-30T13:09:31.170745,105463,6615,3146,6615,842,6615,138,6615,15,6615,1,9368,2,1.0276607999985572
5,2,,2026-07-30T13:09:32.198520,105494,6581,3099,6581,809,6581,117,6581,14,6581,1,9230,4,1.027425400010543
5,2,,2026-07-30T13:09:33.228049,105867,6557,3097,6557,790,6557,119,6557,15,6557,0,9305,1,1.0292711000074632
5,2,,2026-07-30T13:09:34.257975,106101,6589,3219,6589,769,6589,136,6589,19,6589,1,9205,2,1.0295554999902379
5,2,,2026-07-30T13:09:35.286766,105946,6530,3062,6530,816,6530,141,6530,10,6530,1,9530,2,1.0285090999968816
5,2,,2026-07-30T13:09:36.316163,106419,6506,3117,6506,822,6506,114,6506,18,6506,1,9324,6,1.028866200009361
5,2,,2026-07-30T13:09:37.345600,105657,6626,3107,6626,807,6626,122,6626,15,6626,2,9470,1,1.0290679000027012
5,2,,2026-07-30T13:09:38.375865,105868,6458,3079,6458,786,6458,144,6458,11,6458,2,9349,3,1.0298773999966215
5,2,,2026-07-30T13:09:39.406936,105992,6693,3269,6693,816,6693,121,6693,16,6693,1,9466,0,1.0306503000028897
5,2,,2026-07-30T13:09:40.436428,105806,6598,3126,6598,817,6598,121,6598,11,6598,2,9245,2,1.028965400008019
5,2,,2026-07-30T13:09:41.466663,106427,6638,3108,6638,808,6638,130,6638,16,6638,1,9289,4,1.0296987000037916
5,2,,2026-07-30T13:09:42.495774,105913,6531,3190,6531,742,6531,109,6531,12,6531,2,9438,6,1.0286534000188112
5,2,,2026-07-30T13:09:43.525204,105434,6589,3132,6589,851,6589,123,6589,8,6589,0,9301,5,1.0290535000094678
5,2,,2026-07-30T13:09:44.553738,106171,6628,3194,6628,791,6628,149,6628,16,6628,0,9258,3,1.0282574000011664
5,2,,2026-07-30T13:09:45.584531,105961,6952,3191,6952,875,6952,117,6952,15,6952,1,9541,6,1.0304119000211358
5,2,,2026-07-30T13:09:46.614958,106171,6615,3158,6615,793,6615,116,6615,20,6615,2,9440,5,1.0299204000039026
5,2,,2026-07-30T13:09:47.645371,105994,6709,3195,6709,788,6709,142,6709,15,6709,0,9409,5,1.030010200018296
5,2,,2026-07-30T13:09:48.674373,106449,6579,3147,6579,798,6579,132,6579,21,6579,2,9350,1,1.0286698999989312
5,2,,2026-07-30T13:09:49.703385,105723,6662,3156,6662,815,6662,107,6662,22,6662,2,9363,2,1.0287431000033394
5,2,,2026-07-30T13:09:50.734042,106369,6736,3153,6736,807,6736,125,6736,13,6736,1,9298,5,1.0302677999716252
5,2,,2026-07-30T13:09:51.763894,106008,6653,3143,6653,830,6653,106,6653,19,6653,1,9191,4,1.029343100002734
5,2,,2026-07-30T13:09:52.792593,106067,6631,3108,6631,776,6631,125,6631,21,6631,1,9346,5,1.0282952999987174
5,2,,2026-07-30T13:09:53.820680,106085,6555,3067,6555,818,6555,111,6555,20,6555,0,9466,3,1.0277367000235245
5,2,,2026-07-30T13:09:54.851760,105542,6564,3148,6564,813,6564,111,6564,19,6564,2,9379,2,1.0307628999871667
5,2,,2026-07-30T13:09:55.882448,106522,6710,3258,6710,848,6710,108,6710,16,6710,3,9272,3,1.0302052999904845
5,2,,2026-07-30T13:09:56.911102,106044,6670,3220,6670,783,6670,114,6670,20,6670,2,9451,7,1.0282826999900863
5,2,,2026-07-30T13:09:57.940032,105806,6698,3124,6698,840,6698,125,6698,17,6698,0,9571,1,1.0284739999915473
5,2,,2026-07-30T13:09:58.969894,105737,6535,3129,6535,798,6535,112,6535,17,6535,0,9413,2,1.029529299994465
5,2,,2026-07-30T13:09:59.999568,106280,6638,3198,6638,855,6638,114,6638,16,6638,2,9210,3,1.0292604000132997
5,2,,2026-07-30T13:10:01.030118,106380,6474,3075,6474,827,6474,133,6474,12,6474,2,9314,5,1.0299309999973048
5,2,,2026-07-30T13:10:02.060402,105850,6628,3145,6628,813,6628,128,6628,16,6628,0,9259,3,1.0299271999974735
5,2,,2026-07-30T13:10:03.090174,106183,6607,3132,6607,826,6607,113,6607,15,6607,5,9334,5,1.0294187999970745
5,2,,2026-07-30T13:10:04.120389,105616,6599,3110,6599,812,6599,129,6599,18,6599,2,9428,2,1.0298194999922998
5,2,,2026-07-30T13:10:05.149675,106212,6718,3083,6718,831,6718,135,6718,16,6718,2,9468,3,1.0288558999891393
5,2,,2026-07-30T13:10:06.178529,106608,6514,3113,6514,790,6514,117,6514,12,6514,0,9408,3,1.0285127999959514
5,2,,2026-07-30T13:10:07.207768,106368,6610,3158,6610,793,6610,115,6610,14,6610,2,9463,1,1.0288944000203628
5,2,,2026-07-30T13:10:08.236526,106098,6506,3103,6506,777,6506,120,6506,20,6506,2,9422,3,1.0282780999841634
5,2,,2026-07-30T13:10:09.266309,105870,6467,3030,6467,812,6467,126,6467,16,6467,2,9350,2,1.0294393000076525
5,2,,2026-07-30T13:10:10.296897,106350,6576,3148,6576,785,6576,111,6576,10,6576,4,9259,6,1.0301556999911554
5,2,,2026-07-30T13:10:11.326225,106355,6683,3177,6683,777,6683,135,6683,13,6683,3,9317,3,1.0289969999867026
5,2,,2026-07-30T13:10:12.356162,106064,6516,3048,6516,785,6516,135,6516,17,6516,0,9261,3,1.0296334000013303
5,2,,2026-07-30T13:10:13.384247,106040,6667,3198,6667,818,6667,130,6667,23,6667,1,9394,2,1.0277401999919675
5,2,,2026-07-30T13:10:14.412015,105813,6646,3170,6646,801,6646,126,6646,18,6646,0,9382,6,1.0275439000106417
5,2,,2026-07-30T13:10:15.440464,106098,6512,3148,6512,804,6512,124,6512,13,6512,3,9688,1,1.028336399991531
5,2,,2026-07-30T13:10:16.467713,106047,6589,3077,6589,850,6589,114,6589,19,6589,2,9255,5,1.0269294999889098
5,2,,2026-07-30T13:10:17.496493,105847,6578,3084,6578,819,6578,108,6578,17,6578,1,9357,1,1.0286003999935929
5,2,,2026-07-30T13:10:18.526285,105911,6594,3160,6594,797,6594,117,6594,14,6594,2,9466,2,1.0294575000007171
5,2,,2026-07-30T13:10:19.556349,105971,6648,3161,6648,834,6648,108,6648,16,6648,4,9338,3,1.0296117000107188
5,2,,2026-07-30T13:10:20.585307,106220,6592,3124,6592,763,6592,138,6592,21,6592,1,9352,4,1.0286644999869168
5,2,,2026-07-30T13:10:21.614814,105981,6518,3133,6518,780,6518,120,6518,18,6518,0,9455,5,1.0292097000055946
5,2,,2026-07-30T13:10:22.644137,106275,6764,3196,6764,840,6764,126,6764,20,6764,2,9262,0,1.0289305000042077
5,2,,2026-07-30T13:10:23.672586,105652,6412,3062,6412,776,6412,117,6412,17,6412,3,9448,1,1.0280351999972481
5,2,,2026-07-30T13:10:24.702123,106606,6674,3190,6674,784,6674,116,6674,14,6674,0,9510,3,1.0291002999874763
5,2,,2026-07-30T13:10:25.732156,106117,6599,3175,6599,844,6599,110,6599,17,6599,0,9389,3,1.0297019999998156
5,2,,2026-07-30T13:10:26.760847,105985,6592,3113,6592,801,6592,124,6592,12,6592,0,9438,3,1.0282777000102215
5,2,,2026-07-30T13:10:27.791924,106258,6580,3097,6580,875,6580,131,6580,12,6580,2,9296,2,1.0305426999984775
5,2,,2026-07-30T13:10:28.820799,106624,6546,3166,6546,765,6546,115,6546,16,6546,4,9359,0,1.0285344000149053
5,2,,2026-07-30T13:10:29.850249,106238,6564,3169,6564,813,6564,123,6564,14,6564,3,9396,0,1.029115700017428
5,2,,2026-07-30T13:10:30.880204,105928,6548,3128,6548,825,6548,97,6548,19,6548,2,9368,4,1.0296066000009887
5,2,,2026-07-30T13:10:31.909070,106264,6656,3181,6656,842,6656,145,6656,19,6656,1,9309,1,1.0285703999979887
5,2,,2026-07-30T13:10:32.939272,106075,6627,3195,6627,780,6627,127,6627,13,6627,3,9369,1,1.0297939000010956
5,2,,2026-07-30T13:10:33.968553,106426,6685,3124,6685,821,6685,114,6685,20,6685,1,9398,3,1.0288376999960747
5,2,,2026-07-30T13:10:34.997524,105697,6596,3189,6596,747,6596,123,6596,10,6596,1,9179,2,1.0286163999990094
5,2,,2026-07-30T13:10:36.027543,106255,6687,3182,6687,827,6687,113,6687,11,6687,2,9397,5,1.0296626999916043
5,2,,2026-07-30T13:10:37.056399,106398,6644,3132,6644,833,6644,116,6644,22,6644,1,9242,7,1.028476400009822
5,2,,2026-07-30T13:10:38.086591,106613,6560,3145,6560,759,6560,127,6560,20,6560,3,9284,9,1.0297450999787543
5,2,,2026-07-30T13:10:39.116176,106131,6485,3180,6485,827,6485,102,6485,13,6485,1,9542,0,1.0290991000074428
5,2,,2026-07-30T13:10:40.146505,106422,6719,3198,6719,790,6719,139,6719,20,6719,1,9310,4,1.0299200000008568
5,2,,2026-07-30T13:10:41.176488,106206,6593,3195,6593,799,6593,120,6593,16,6593,1,9409,1,1.0295785999915097
5,2,,2026-07-30T13:10:42.205669,105900,6529,3140,6529,752,6529,128,6529,19,6529,0,9442,3,1.0288010999793187
5,2,,2026-07-30T13:10:43.235276,105967,6508,3145,6508,818,6508,114,6508,17,6508,2,9284,0,1.029269699996803
5,2,,2026-07-30T13:10:44.264182,106324,6580,3125,6580,750,6580,123,6580,9,6580,1,9358,4,1.0285530000110157
5,2,,2026-07-30T13:10:45.295156,105908,6638,3234,6638,755,6638,146,6638,16,6638,1,9268,6,1.0305698000011034
5,2,,2026-07-30T13:10:46.324826,105783,6537,3094,6537,767,6537,113,6537,13,6537,2,9474,0,1.029254100023536
5,2,,2026-07-30T13:10:47.353386,106492,6586,3119,6586,792,6586,127,6587,14,6587,0,9361,2,1.0281994999968447
5,2,,2026-07-30T13:10:48.383975,105084,6522,3086,6522,789,6522,126,6521,11,6521,2,9478,4,1.0300698999781162
5,2,,2026-07-30T13:10:49.413493,106223,6660,3231,6660,786,6660,122,6660,15,6660,1,9390,2,1.029141000006348
5,2,,2026-07-30T13:10:50.444335,106458,6691,3145,6691,805,6691,124,6691,24,6691,3,9353,2,1.0305549000040628
5,2,,2026-07-30T13:10:51.474615,106022,6716,3254,6716,796,6717,128,6717,17,6717,0,9291,3,1.0298139000078663
5,2,,2026-07-30T13:10:52.504379,106168,6511,3161,6511,793,6510,121,6510,10,6510,0,9229,1,1.0293772000004537
5,2,,2026-07-30T13:10:53.534241,106187,6469,3107,6469,762,6469,135,6469,16,6469,0,9405,4,1.0295267000037711
5,2,,2026-07-30T13:10:54.563422,107023,6684,3121,6684,814,6684,117,6684,21,6684,3,9528,4,1.0287413999903947
5,2,,2026-07-30T13:10:55.594231,105949,6661,3255,6661,784,6661,151,6661,18,6661,2,9236,4,1.0304126999981236
5,2,,2026-07-30T13:10:56.622969,106333,6550,3141,6550,818,6550,139,6550,15,6550,0,9467,2,1.028283999999985
5,2,,2026-07-30T13:10:57.652237,106392,6448,3051,6448,826,6448,111,6448,15,6448,0,9397,1,1.0288984999933746
5,2,,2026-07-30T13:10:58.681115,106345,6598,3085,6598,812,6598,117,6598,11,6598,1,9353,2,1.0284704000223428
5,2,,2026-07-30T13:10:59.710738,106147,6589,3174,6589,785,6589,127,6589,23,6589,2,9351,3,1.0292463999940082
5,2,,2026-07-30T13:11:00.739577,106194,6578,3133,6578,787,6578,109,6578,18,6578,0,9369,2,1.0283570000028703
5,2,,2026-07-30T13:11:01.769304,105848,6615,3108,6615,811,6615,133,6615,16,6615,2,9284,1,1.029360100015765
5,2,,2026-07-30T13:11:02.798976,106279,6660,3188,6660,807,6660,124,6660,17,6660,0,9321,3,1.0293336999893654
5,2,,2026-07-30T13:11:03.828933,106139,6706,3136,6706,844,6706,118,6706,27,6706,1,9044,1,1.02950270002475
5,2,,2026-07-30T13:11:04.857940,106482,6713,3197,6713,805,6713,144,6713,13,6713,4,9342,4,1.0286906999826897
5,2,,2026-07-30T13:11:05.885841,106137,6586,3142,6586,811,6586,110,6586,19,6586,1,9452,1,1.027462400001241
5,2,,2026-07-30T13:11:06.913686,105878,6570,3155,6570,758,6570,120,6570,20,6570,1,9193,3,1.027633199992124
5,2,,2026-07-30T13:11:07.942430,106163,6635,3159,6635,784,6635,128,6635,17,6635,0,9318,1,1.0284728000115138
5,2,,2026-07-30T13:11:08.971881,106000,6715,3222,6715,813,6715,138,6715,17,6715,1,9285,3,1.0291056000278331
5,2,,2026-07-30T13:11:10.001738,106311,6616,3158,6616,822,6616,124,6616,14,6616,0,9177,3,1.0293899000098463
5,2,,2026-07-30T13:11:11.031791,105646,6730,3263,6730,796,6730,114,6730,16,6730,2,9254,2,1.029714000003878
5,2,,2026-07-30T13:11:12.061178,106244,6687,3230,6687,813,6687,114,6687,24,6687,2,9325,5,1.0289757999998983
5,2,,2026-07-30T13:11:13.090605,106157,6703,3186,6703,881,6703,121,6703,11,6703,0,9333,5,1.0291213000018615
5,2,,2026-07-30T13:11:14.119811,106531,6749,3294,6749,855,6749,113,6749,15,6749,2,9364,4,1.0288513000123203
5,2,,2026-07-30T13:11:15.150677,106070,6661,3237,6661,782,6661,105,6661,18,6661,0,9398,3,1.0303496000124142
5,2,,2026-07-30T13:11:16.181557,106397,6730,3209,6730,833,6730,130,6730,17,6730,0,9556,3,1.0302908000012394
5,2,,2026-07-30T13:11:17.208767,106240,6567,3096,6567,822,6567,120,6567,22,6567,2,9474,1,1.0266620999900624
5,2,,2026-07-30T13:11:18.237113,105868,6581,3146,6581,841,6581,122,6581,15,6581,2,9242,6,1.0281369999866001
5,2,,2026-07-30T13:11:19.266522,105987,6717,3189,6717,835,6717,131,6717,23,6717,1,9269,4,1.0290722000063397
5,2,,2026-07-30T13:11:20.296710,106128,6606,3137,6606,806,6606,120,6606,22,6606,1,9348,3,1.0297461999871302
5,2,,2026-07-30T13:11:21.325748,106371,6646,3224,6646,813,6646,126,6646,15,6646,1,9438,3,1.0285354999941774
5,2,,2026-07-30T13:11:22.355245,106192,6705,3242,6705,787,6705,135,6705,16,6705,2,9473,4,1.0290974999952596
5,2,,2026-07-30T13:11:23.384060,106007,6611,3179,6611,824,6611,121,6611,16,6611,3,9304,7,1.0283729000075255
5,2,,2026-07-30T13:11:24.413749,106285,6588,3131,6588,776,6588,118,6588,14,6588,2,9435,3,1.0292126999993343
5,2,,2026-07-30T13:11:25.443171,106537,6731,3264,6731,796,6731,134,6731,22,6731,1,9290,6,1.029046700015897
5,2,,2026-07-30T13:11:26.474115,106246,6514,3123,6514,808,6514,106,6514,13,6514,1,9424,1,1.0305289999814704
5,2,,2026-07-30T13:11:27.503362,106387,6595,3160,6595,787,6595,130,6595,16,6595,0,9375,3,1.0288776999805123
5,2,,2026-07-30T13:11:28.532598,106249,6684,3256,6684,766,6684,122,6684,19,6684,2,9562,1,1.0288244000112172
5,2,,2026-07-30T13:11:29.562084,107067,6650,3157,6650,792,6650,129,6650,17,6650,3,9414,2,1.0290557999978773
5,2,,2026-07-30T13:11:30.591499,106060,6533,3067,6533,828,6533,121,6533,22,6533,0,9417,5,1.0290117000113241
5,2,,2026-07-30T13:11:31.619436,106453,6571,3104,6571,799,6571,139,6571,27,6571,2,9319,0,1.0275515000103042
5,2,,2026-07-30T13:11:32.650108,106365,6650,3234,6650,781,6650,103,6650,22,6650,0,9323,3,1.0303011999931186
5,2,,2026-07-30T13:11:33.680196,106746,6634,3172,6634,800,6634,155,6634,19,6634,3,9403,4,1.0296572000079323
5,2,,2026-07-30T13:11:34.709892,106204,6597,3213,6597,846,6597,132,6597,14,6597,2,9521,1,1.029218400013633
5,2,,2026-07-30T13:11:35.737905,107110,6776,3155,6776,847,6776,118,6776,16,6776,1,9284,4,1.0276896999857854
5,2,,2026-07-30T13:11:36.766931,105937,6640,3136,6640,823,6640,125,6640,20,6640,2,9511,2,1.0287205000058748
5,2,,2026-07-30T13:11:37.796792,106055,6475,3086,6475,805,6475,137,6475,15,6475,1,9649,3,1.0293481000117026
5,2,,2026-07-30T13:11:38.825371,106140,6569,3145,6569,792,6569,126,6569,19,6569,2,9436,0,1.0282814999809489
5,2,,2026-07-30T13:11:39.855877,106430,6607,3176,6607,792,6607,107,6607,15,6607,3,9320,0,1.0299798999913037
5,2,,2026-07-30T13:11:40.884805,106120,6552,3131,6552,823,6552,119,6552,29,6552,3,9507,3,1.028471500001615
5,2,,2026-07-30T13:11:41.914093,105757,6706,3141,6706,793,6706,131,6706,16,6706,1,9165,4,1.028948599996511
5,2,,2026-07-30T13:11:42.944635,105932,6623,3152,6623,783,6623,116,6623,14,6623,0,9211,4,1.0302009000151884
5,2,,2026-07-30T13:11:43.973846,106190,6557,3177,6557,788,6557,113,6557,17,6557,0,9297,6,1.0288112999987788
5,2,,2026-07-30T13:11:45.003285,106851,6654,3198,6654,855,6654,131,6654,21,6654,1,9419,3,1.0290689000103157
5,2,,2026-07-30T13:11:46.033253,106299,6590,3209,6590,788,6590,115,6590,16,6590,2,9456,0,1.0297832999785896
5,2,,2026-07-30T13:11:47.062323,106903,6730,3212,6730,803,6730,106,6730,18,6730,0,9462,8,1.0286283000023104
5,2,,2026-07-30T13:11:48.091552,106181,6594,3152,6594,781,6594,136,6594,17,6594,2,9447,5,1.0288486999925226
5,2,,2026-07-30T13:11:49.120427,106378,6645,3149,6645,803,6645,122,6645,19,6645,1,9359,6,1.0285294000059366
5,2,,2026-07-30T13:11:50.149541,106369,6551,3090,6551,836,6551,108,6551,10,6551,2,9490,3,1.0287585999758448
5,2,,2026-07-30T13:11:51.178036,106219,6580,3230,6580,788,6580,129,6580,19,6580,2,9266,2,1.0281821000098716
5,2,,2026-07-30T13:11:52.206051,105859,6582,3054,6582,808,6582,131,6582,16,6582,0,9507,1,1.0278194000129588
5,2,,2026-07-30T13:11:53.235517,106155,6490,3145,6490,823,6490,118,6490,16,6490,0,9304,3,1.0291997999884188
5,2,,2026-07-30T13:11:54.264636,105646,6674,3226,6674,806,6674,129,6674,19,6674,2,9252,1,1.02857490000315
5,2,,2026-07-30T13:11:55.295936,106204,6637,3183,6637,767,6637,148,6637,25,6637,2,9258,4,1.0309587999945506
5,2,,2026-07-30T13:11:56.324863,106940,6618,3199,6618,845,6618,117,6618,25,6618,1,9463,7,1.0285618999914732
5,2,,2026-07-30T13:11:57.352197,106678,6642,3208,6642,792,6642,137,6642,22,6642,1,9326,2,1.027030700002797
5,2,,2026-07-30T13:11:58.382609,106159,6692,3197,6692,798,6692,133,6692,15,6692,1,9266,5,1.0300350000034086
5,2,,2026-07-30T13:11:59.409466,106470,6532,3064,6532,802,6532,129,6532,24,6532,1,9350,1,1.0265424000099301
5,2,,2026-07-30T13:12:00.438781,106132,6679,3234,6679,744,6679,138,6679,19,6679,1,9435,2,1.02902419999009
5,2,,2026-07-30T13:12:01.467795,106350,6708,3157,6708,810,6708,136,6708,17,6708,2,9539,2,1.0286990000167862
5,2,,2026-07-30T13:12:02.498010,106372,6510,3084,6510,777,6510,123,6510,12,6510,1,9487,3,1.0298640000110026
5,2,,2026-07-30T13:12:03.526442,106750,6558,3121,6558,832,6558,122,6558,18,6558,0,9388,4,1.027951900003245
5,2,,2026-07-30T13:12:04.556344,105823,6627,3148,6627,810,6627,124,6627,18,6627,2,9352,2,1.0295438000175636
5,2,,2026-07-30T13:12:05.585804,106635,6647,3162,6647,803,6647,126,6647,13,6647,1,9077,3,1.029112599993823
5,2,,2026-07-30T13:12:06.615943,106387,6469,3095,6469,799,6469,127,6469,14,6469,0,9373,5,1.029676299978746
5,2,,2026-07-30T13:12:07.645420,105945,6557,3169,6557,760,6557,117,6557,13,6557,2,9304,4,1.0291491000098176
5,2,,2026-07-30T13:12:08.674278,106010,6568,3169,6568,812,6568,128,6568,10,6568,2,9262,1,1.0285445000045002
5,2,,2026-07-30T13:12:09.703640,106168,6645,3119,6645,822,6645,125,6645,15,6645,2,9329,3,1.0290072999778204
5,2,,2026-07-30T13:12:10.734593,106411,6595,3137,6595,772,6595,127,6595,12,6595,4,9328,3,1.0305671999813057
5,2,,2026-07-30T13:12:11.765099,106541,6682,3249,6682,760,6682,114,6682,16,6682,2,9345,3,1.0300019000133034
5,2,,2026-07-30T13:12:12.793843,106483,6619,3169,6619,845,6619,130,6619,15,6619,0,9537,2,1.0283268000057433
5,2,,2026-07-30T13:12:13.823831,106152,6584,3140,6584,769,6584,116,6584,17,6584,1,9394,7,1.0296129999915138
5,2,,2026-07-30T13:12:14.853076,107090,6739,3236,6739,822,6739,131,6739,20,6739,2,9605,2,1.0290548999910243
5,2,,2026-07-30T13:12:15.882693,105944,6708,3261,6708,802,6708,109,6708,18,6708,1,9345,1,1.0291970999969635
5,2,,2026-07-30T13:12:16.910986,106083,6523,3125,6523,798,6523,113,6523,19,6523,0,9474,6,1.02789609998581
5,2,,2026-07-30T13:12:17.938733,106406,6464,3120,6464,778,6464,112,6464,10,6464,1,9432,5,1.0274288000073284
5,2,,2026-07-30T13:12:18.967878,105957,6517,3199,6517,760,6517,132,6517,11,6517,0,9232,2,1.0288767000020016
5,2,,2026-07-30T13:12:19.998244,106082,6560,3144,6560,806,6560,122,6560,10,6560,4,9386,4,1.0300020000140648
5,2,,2026-07-30T13:12:21.027984,106325,6761,3205,6761,842,6761,141,6761,23,6761,0,9332,8,1.029400200000964
5,2,,2026-07-30T13:12:22.057974,106069,6699,3201,6699,811,6699,134,6699,13,6699,8,9302,2,1.0296338999760337
5,2,,2026-07-30T13:12:23.087634,105906,6627,3181,6627,823,6627,124,6627,12,6627,3,9399,2,1.0292158999945968
5,2,,2026-07-30T13:12:24.118260,106109,6710,3213,6710,788,6710,124,6710,11,6710,0,9467,4,1.0302240000164602
5,2,,2026-07-30T13:12:25.147489,106410,6645,3204,6645,818,6645,121,6645,18,6645,4,9330,1,1.0288568999967538
5,2,,2026-07-30T13:12:26.178024,106714,6617,3197,6617,825,6617,115,6617,17,6617,1,9279,0,1.0301778999855742
5,2,,2026-07-30T13:12:27.208707,106337,6517,3082,6517,795,6517,119,6517,18,6517,3,9507,4,1.030171499995049
5,2,,2026-07-30T13:12:28.237453,106446,6757,3214,6757,805,6757,101,6757,13,6757,1,9421,2,1.028387800004566
5,2,,2026-07-30T13:12:29.267249,106011,6385,3072,6385,747,6385,125,6385,14,6385,0,9474,2,1.0294408000190742
5,2,,2026-07-30T13:12:30.297886,106936,6606,3094,6606,812,6606,127,6606,16,6606,1,9448,3,1.030109600018477
5,2,,2026-07-30T13:12:31.327860,106307,6490,3080,6490,813,6490,106,6490,18,6490,2,9377,6,1.0296398999926168
5,2,,2026-07-30T13:12:32.358733,106658,6610,3171,6610,798,6610,109,6610,17,6610,1,9482,3,1.0304560999793466
5,2,,2026-07-30T13:12:33.388536,106512,6638,3161,6638,803,6638,128,6638,18,6638,0,9463,5,1.0295082000084221
5,2,,2026-07-30T13:12:34.419098,106985,6619,3180,6619,788,6619,115,6619,26,6619,2,9360,2,1.030191099998774
5,2,,2026-07-30T13:12:35.448457,106669,6575,3156,6575,795,6575,110,6575,14,6575,5,9437,2,1.028926600003615
5,2,,2026-07-30T13:12:36.477692,106498,6709,3220,6709,756,6709,125,6709,16,6709,2,9435,3,1.0288703999831341
5,2,,2026-07-30T13:12:37.508086,106696,6650,3212,6650,844,6650,136,6650,17,6650,1,9338,2,1.030037300020922
5,2,,2026-07-30T13:12:38.537617,106637,6517,3094,6517,762,6517,132,6517,10,6517,0,9381,4,1.0287549000058789
5,2,,2026-07-30T13:12:39.567829,106222,6578,3148,6578,775,6578,113,6578,13,6578,0,9451,8,1.0298644000140484
5,2,,2026-07-30T13:12:40.596763,106736,6609,3146,6609,758,6609,132,6609,13,6609,1,9341,2,1.028590100002475
5,2,,2026-07-30T13:12:41.625051,106290,6623,3102,6623,820,6623,150,6623,26,6623,1,9251,1,1.027968200010946
5,2,,2026-07-30T13:12:42.652308,106196,6699,3169,6699,837,6699,124,6699,15,6699,0,9358,1,1.0269274000020232
5,2,,2026-07-30T13:12:43.680558,106196,6659,3180,6659,840,6659,123,6659,15,6659,0,9424,1,1.0280593000061344
5,2,,2026-07-30T13:12:44.709683,106208,6590,3180,6590,796,6590,123,6590,13,6590,1,9456,4,1.0287673999846447
5,2,,2026-07-30T13:12:45.738116,105982,6556,3190,6556,799,6556,107,6556,18,6556,0,9318,0,1.028033599985065
5,2,,2026-07-30T13:12:46.767654,106336,6609,3161,6609,763,6609,128,6609,15,6609,0,9462,3,1.0291402000002563
5,2,,2026-07-30T13:12:47.796559,106290,6621,3183,6621,804,6621,115,6621,12,6621,2,9485,1,1.0285698999941815
5,2,,2026-07-30T13:12:48.825473,106582,6661,3226,6661,807,6661,125,6661,23,6661,3,9330,2,1.0285817999974824
5,2,,2026-07-30T13:12:49.855597,106835,6596,3132,6596,827,6596,133,6596,14,6596,1,9449,2,1.0296877000073437
5,2,,2026-07-30T13:12:50.884827,106343,6553,3149,6553,790,6553,115,6553,14,6553,3,9434,4,1.0287033999920823
5,2,,2026-07-30T13:12:51.913999,106840,6770,3301,6770,797,6770,116,6770,13,6770,3,9386,5,1.0288436000118963
5,2,,2026-07-30T13:12:52.943695,106131,6558,3152,6558,768,6558,104,6558,12,6558,4,9378,3,1.029189699998824
5,2,,2026-07-30T13:12:53.973472,106755,6710,3161,6710,837,6710,121,6710,16,6710,1,9289,2,1.0293509000039194
5,2,,2026-07-30T13:12:55.004053,107037,6514,3090,6514,795,6514,123,6514,15,6514,2,9497,2,1.0301354999828618
5,2,,2026-07-30T13:12:56.032553,106675,6626,3204,6626,783,6626,112,6626,7,6626,0,9322,6,1.028050399996573
5,2,,2026-07-30T13:12:57.060621,106258,6564,3066,6564,851,6564,137,6564,24,6564,0,9194,2,1.0277233000088017
5,2,,2026-07-30T13:12:58.089567,106788,6620,3215,6620,767,6620,130,6620,10,6620,0,9326,5,1.0285674999759067
5,2,,2026-07-30T13:12:59.116720,106510,6602,3128,6602,818,6602,116,6602,16,6602,2,9285,1,1.026840299979085
5,2,,2026-07-30T13:13:00.144765,106543,6415,3077,6415,863,6415,107,6415,16,6415,1,9534,4,1.027661599975545
5,2,,2026-07-30T13:13:01.175037,106226,6651,3118,6651,803,6651,144,6651,21,6651,0,9361,5,1.0299339000193868
5,2,,2026-07-30T13:13:02.203932,106923,6659,3161,6659,864,6659,133,6659,19,6659,0,9591,0,1.028516699996544
5,2,,2026-07-30T13:13:03.233257,106803,6560,3119,6560,804,6560,140,6560,15,6560,2,9277,2,1.028987400000915
5,2,,2026-07-30T13:13:04.264389,106386,6620,3121,6620,791,6620,116,6620,18,6620,2,9477,7,1.0307028999959584
5,2,,2026-07-30T13:13:05.293145,105815,6539,3075,6539,810,6539,109,6539,19,6539,2,9299,4,1.0284082999860402
5,2,,2026-07-30T13:13:06.321876,105617,6713,3256,6713,781,6713,121,6713,19,6713,2,9355,4,1.0284449000027962
5,2,,2026-07-30T13:13:07.351508,106862,6714,3197,6714,810,6714,113,6714,20,6714,2,9313,3,1.0292637000093237
5,2,,2026-07-30T13:13:08.382020,106132,6562,3111,6562,830,6562,130,6562,25,6562,1,9469,3,1.0302015999914147
5,2,,2026-07-30T13:13:09.412797,106725,6414,3096,6414,798,6414,106,6414,14,6414,0,9567,2,1.030388600018341
5,2,,2026-07-30T13:13:10.444017,106581,6851,3247,6851,834,6851,141,6851,18,6851,1,9443,4,1.0309788000013214
5,2,,2026-07-30T13:13:11.471888,106687,6572,3107,6572,807,6572,125,6572,14,6572,1,9399,0,1.0275545000040438
5,2,,2026-07-30T13:13:12.500497,106100,6688,3244,6688,794,6688,111,6688,19,6688,1,9305,2,1.0282154000014998
5,2,,2026-07-30T13:13:13.530493,106503,6588,3149,6588,818,6588,131,6588,18,6588,2,9398,2,1.029489399981685
5,2,,2026-07-30T13:13:14.560797,106675,6700,3159,6700,816,6700,141,6700,16,6700,0,9465,3,1.0298686000169255
5,2,,2026-07-30T13:13:15.590421,106401,6593,3173,6593,773,6593,127,6593,15,6593,2,9484,6,1.0292585999995936
5,2,,2026-07-30T13:13:16.618693,106622,6519,3093,6519,819,6519,118,6519,18,6519,1,9659,2,1.0278523000015412
5,2,,2026-07-30T13:13:17.648682,106316,6537,3135,6537,784,6537,136,6537,23,6537,1,9330,3,1.0296147000044584
5,2,,2026-07-30T13:13:18.676871,106641,6768,3235,6768,820,6768,132,6768,21,6768,0,9404,2,1.0278114000102505
5,2,,2026-07-30T13:13:19.706953,106609,6582,3096,6582,808,6582,112,6582,10,6582,3,9521,4,1.029842899995856
5,2,,2026-07-30T13:13:20.736715,106416,6475,3143,6475,780,6475,128,6475,15,6475,3,9447,4,1.0293063999852166
5,2,,2026-07-30T13:13:21.765938,106100,6712,3257,6712,832,6712,133,6712,12,6712,2,9465,3,1.0288618999766186
5,2,,2026-07-30T13:13:22.796072,106512,6678,3193,6678,805,6678,129,6678,19,6678,2,9425,1,1.0297512999968603
5,2,,2026-07-30T13:13:23.824917,107106,6640,3199,6640,805,6640,124,6640,10,6640,1,9493,7,1.0283663000154775
5,2,,2026-07-30T13:13:24.855117,106305,6683,3149,6683,815,6683,139,6683,16,6683,1,9462,0,1.0298046999960206
5,2,,2026-07-30T13:13:25.883924,106210,6672,3240,6672,800,6672,118,6672,20,6672,1,9596,5,1.0283982999972068
5,2,,2026-07-30T13:13:26.913061,106201,6543,3047,6543,771,6543,108,6543,21,6543,0,9450,1,1.0288180999923497
5,2,,2026-07-30T13:13:27.940724,106466,6602,3203,6602,748,6602,115,6602,16,6602,2,9598,3,1.027376500016544
5,2,,2026-07-30T13:13:28.969441,106434,6755,3234,6755,814,6755,117,6755,19,6755,2,9375,2,1.028441100002965
5,2,,2026-07-30T13:13:29.999563,106023,6507,3151,6507,814,6507,106,6507,14,6507,3,9231,3,1.0296967000176664
5,2,,2026-07-30T13:13:31.031146,106322,6699,3270,6699,804,6699,114,6699,14,6699,1,9419,3,1.0311397000041325
5,2,,2026-07-30T13:13:32.062648,106190,6555,3191,6555,812,6555,116,6555,14,6555,0,9447,2,1.0310159999935422
5,2,,2026-07-30T13:13:33.090921,106550,6655,3093,6655,840,6655,131,6655,18,6655,2,9126,1,1.0279897000000346
5,2,,2026-07-30T13:13:34.120407,106287,6690,3210,6690,809,6690,138,6690,20,6690,1,9257,4,1.029324600007385
5,2,,2026-07-30T13:13:35.150023,106222,6675,3225,6675,812,6675,128,6675,13,6675,0,9381,3,1.0294679999933578
5,2,,2026-07-30T13:13:36.179105,106425,6579,3172,6579,819,6579,128,6579,16,6579,2,9305,3,1.0288884999754373
5,2,,2026-07-30T13:13:37.208538,106758,6581,3176,6581,771,6581,143,6581,10,6581,2,9523,2,1.0290247999946587
5,2,,2026-07-30T13:13:38.237099,106575,6626,3125,6626,835,6626,127,6626,15,6626,1,9484,3,1.0282489000237547
5,2,,2026-07-30T13:13:39.267918,107037,6675,3256,6675,850,6675,106,6675,20,6675,1,9618,2,1.030416299996432
5,2,,2026-07-30T13:13:40.298119,106928,6525,3108,6525,821,6525,113,6525,15,6525,2,9468,1,1.0298103999812156
5,2,,2026-07-30T13:13:41.328064,106783,6637,3204,6637,818,6637,108,6637,21,6637,1,9282,2,1.0293668999802321
5,2,,2026-07-30T13:13:42.356963,106711,6674,3194,6674,835,6674,112,6674,25,6674,0,9373,1,1.028577499993844
5,2,,2026-07-30T13:13:43.387111,106470,6495,3052,6495,769,6495,124,6495,10,6495,1,9430,3,1.0297922999889124
5,2,,2026-07-30T13:13:44.416767,106499,6513,3158,6513,792,6513,117,6513,10,6513,1,9522,0,1.0293023999838624
5,2,,2026-07-30T13:13:45.448736,106493,6619,3270,6619,781,6619,126,6619,14,6619,1,9500,6,1.0315479999990202
5,2,,2026-07-30T13:13:46.477546,106492,6517,3061,6517,807,6517,125,6517,14,6517,4,9364,1,1.028472200006945
5,2,,2026-07-30T13:13:47.507379,106987,6620,3158,6620,788,6620,133,6620,9,6620,1,9455,3,1.0295490999997128
5,2,,2026-07-30T13:13:48.537069,106819,6696,3212,6696,834,6696,140,6696,22,6696,3,9294,5,1.0292191999906208
5,2,,2026-07-30T13:13:49.568197,106456,6657,3187,6657,788,6657,138,6657,17,6657,1,9266,0,1.0307793999963906
5,2,,2026-07-30T13:13:50.598002,106897,6649,3148,6649,782,6649,106,6649,11,6649,0,9548,4,1.0293870999885257
5,2,,2026-07-30T13:13:51.627169,106135,6616,3156,6616,779,6616,127,6616,8,6616,0,9229,2,1.0286071999871638
5,2,,2026-07-30T13:13:52.656105,106900,6647,3170,6647,818,6647,114,6647,22,6647,0,9264,3,1.028540700004669
5,2,,2026-07-30T13:13:53.686488,106527,6531,3060,6531,798,6531,115,6531,22,6531,1,9466,8,1.0300494999974035
5,2,,2026-07-30T13:13:54.716888,107047,6715,3187,6715,850,6715,133,6715,11,6715,0,9344,2,1.0300964000052772
5,2,,2026-07-30T13:13:55.747934,106225,6531,3129,6531,823,6531,117,6531,11,6531,4,9395,3,1.0306098999863025
5,2,,2026-07-30T13:13:56.778048,106439,6508,3133,6508,812,6508,119,6508,24,6508,2,9527,0,1.0297010999929626
5,2,,2026-07-30T13:13:57.807276,106641,6555,3106,6555,776,6555,112,6555,14,6555,1,9468,4,1.0288372999930289
5,2,,2026-07-30T13:13:58.838823,106006,6627,3239,6627,816,6627,122,6627,22,6627,0,9336,3,1.031112500000745
5,2,,2026-07-30T13:13:59.869259,106683,6642,3151,6642,815,6642,140,6642,18,6642,1,9185,3,1.0301156000059564
5,2,,2026-07-30T13:14:00.900348,106921,6647,3213,6647,843,6647,110,6647,13,6647,0,9483,5,1.0305373000155669
5,2,,2026-07-30T13:14:01.929337,106548,6696,3239,6696,792,6696,118,6696,11,6696,0,9314,2,1.0285370000055991
5,2,,2026-07-30T13:14:02.958314,106860,6644,3180,6644,817,6644,124,6644,16,6644,1,9288,3,1.0286542999965604
5,2,,2026-07-30T13:14:03.987505,106694,6492,3098,6492,789,6492,119,6492,18,6492,0,9221,1,1.0288219999929424
5,2,,2026-07-30T13:14:05.018137,106726,6635,3132,6635,788,6635,137,6635,25,6635,2,9347,0,1.0301381000026595
5,2,,2026-07-30T13:14:06.048383,105959,6654,3115,6654,835,6654,125,6654,14,6654,1,9331,5,1.029662199987797
5,2,,2026-07-30T13:14:07.075492,106497,6624,3183,6624,777,6624,116,6624,14,6624,0,9339,1,1.026689799997257
5,2,,2026-07-30T13:14:08.105086,106135,6747,3189,6747,805,6747,147,6747,19,6747,0,9283,3,1.0293253000127152
5,2,,2026-07-30T13:14:09.135075,106479,6593,3151,6593,824,6593,129,6593,15,6593,1,9512,1,1.0295951000007335
5,2,,2026-07-30T13:14:10.166811,106814,6554,3130,6554,796,6554,115,6554,15,6554,1,9377,2,1.0313835999986622
5,2,,2026-07-30T13:14:11.195750,106767,6829,3204,6829,830,6829,134,6829,18,6829,1,9473,7,1.0284618999867234
5,2,,2026-07-30T13:14:12.225750,107223,6566,3132,6566,797,6566,126,6566,19,6566,0,9406,2,1.0296541000134312
5,2,,2026-07-30T13:14:13.254803,105790,6517,3131,6517,756,6517,113,6517,11,6517,0,9288,2,1.0287174000113737
5,2,,2026-07-30T13:14:14.285410,106069,6643,3230,6643,792,6643,108,6643,12,6643,1,9255,5,1.0302696999860927
5,2,,2026-07-30T13:14:15.315118,106615,6612,3131,6612,803,6612,130,6612,17,6612,2,9378,5,1.0293490000185557
5,2,,2026-07-30T13:14:16.344446,106658,6703,3180,6703,784,6703,118,6703,12,6703,1,9336,3,1.0289863999933004
5,2,,2026-07-30T13:14:17.374214,106389,6573,3175,6573,753,6573,122,6573,16,6573,1,9317,6,1.029376799997408
5,2,,2026-07-30T13:14:18.404623,106710,6591,3122,6591,791,6591,117,6591,17,6591,1,9447,2,1.0300206000101753
5,2,,2026-07-30T13:14:19.432252,106874,6636,3189,6636,805,6636,112,6636,22,6636,2,9440,6,1.0272982000024058
5,2,,2026-07-30T13:14:20.461848,106524,6785,3304,6785,782,6785,123,6785,12,6785,0,9465,2,1.0293693999992684
5,2,,2026-07-30T13:14:21.491555,106683,6589,3138,6589,793,6589,114,6589,12,6589,2,9308,1,1.029343300004257
5,2,,2026-07-30T13:14:22.520202,107018,6676,3166,6676,777,6676,114,6676,19,6676,0,9405,1,1.0283077000058256
5,2,,2026-07-30T13:14:23.550899,106067,6625,3202,6625,777,6625,121,6625,21,6625,0,9478,4,1.0303349000168964
5,2,,2026-07-30T13:14:24.580583,106495,6626,3175,6626,770,6626,125,6626,15,6626,5,9404,0,1.0291856999974698
5,2,,2026-07-30T13:14:25.609896,106490,6613,3253,6613,785,6613,121,6613,16,6613,2,9203,3,1.0289941999944858
5,2,,2026-07-30T13:14:26.638797,106148,6562,3174,6562,850,6562,100,6562,17,6562,6,9293,2,1.0285627999983262
5,2,,2026-07-30T13:14:27.666747,106776,6684,3195,6684,786,6684,137,6684,17,6684,0,9289,2,1.027605199982645
5,2,,2026-07-30T13:14:28.694666,106636,6818,3199,6818,845,6818,143,6818,21,6818,3,9303,3,1.0276238999795169
5,2,,2026-07-30T13:14:29.725252,106760,6597,3160,6597,855,6597,130,6597,14,6597,0,9518,3,1.030262499989476
5,2,,2026-07-30T13:14:30.754378,106910,6658,3150,6658,816,6658,130,6658,21,6658,2,9324,0,1.0287797000200953
5,2,,2026-07-30T13:14:31.784333,106794,6618,3241,6618,771,6618,112,6618,14,6618,1,9426,2,1.0295492000004742
5,2,,2026-07-30T13:14:32.812606,106315,6700,3185,6700,799,6700,141,6700,15,6700,0,9408,1,1.0278555000259075
5,2,,2026-07-30T13:14:33.841564,107002,6792,3247,6792,840,6792,135,6792,23,6792,1,9327,1,1.0286798999877647
5,2,,2026-07-30T13:14:34.869975,106632,6484,3088,6484,793,6484,146,6484,10,6484,2,9451,3,1.0279876999848057
5,2,,2026-07-30T13:14:35.899921,106843,6459,3061,6459,840,6459,123,6459,22,6459,1,9510,5,1.0296172999951523
5,2,,2026-07-30T13:14:36.930285,106615,6685,3196,6685,812,6685,119,6685,14,6685,0,9410,1,1.0299975000089034
5,2,,2026-07-30T13:14:37.957724,106907,6726,3199,6726,780,6726,125,6726,18,6726,1,9337,2,1.0271134999929927
5,2,,2026-07-30T13:14:38.985064,106336,6645,3149,6645,794,6645,129,6645,14,6645,1,9294,4,1.0270917000016198
5,2,,2026-07-30T13:14:40.013193,105744,6790,3232,6790,801,6790,124,6790,21,6790,3,9308,4,1.0278479999979027
5,2,,2026-07-30T13:14:41.040527,106349,6466,3078,6466,813,6466,130,6466,19,6466,0,9313,0,1.027006899996195
5,2,,2026-07-30T13:14:42.068035,106072,6605,3166,6605,806,6605,134,6605,18,6605,1,9455,3,1.027225500001805
5,2,,2026-07-30T13:14:43.095587,106331,6738,3256,6738,779,6738,138,6738,16,6738,1,9417,1,1.0272088999918196
5,2,,2026-07-30T13:14:44.126499,106840,6657,3129,6657,833,6657,123,6657,11,6657,3,9347,1,1.0306248999841046
5,2,,2026-07-30T13:14:45.157275,106832,6622,3240,6622,783,6622,117,6622,19,6622,6,9479,1,1.0304859000025317
5,2,,2026-07-30T13:14:46.186746,107395,6680,3106,6680,881,6680,123,6680,17,6680,2,9579,3,1.0291100000031292
5,2,,2026-07-30T13:14:47.216241,106554,6604,3205,6604,827,6604,119,6604,17,6604,1,9291,2,1.0291209999995772
5,2,,2026-07-30T13:14:48.244497,106279,6659,3236,6659,812,6659,109,6659,17,6659,2,9322,5,1.0279522000055294
5,2,,2026-07-30T13:14:49.274587,106396,6675,3194,6675,831,6675,116,6675,18,6675,3,9488,3,1.0298156999924686
5,2,,2026-07-30T13:14:50.305454,106758,6666,3209,6666,751,6666,116,6666,18,6666,0,9510,5,1.0304602999822237
5,2,,2026-07-30T13:14:51.334201,106084,6673,3191,6673,822,6673,123,6673,15,6673,3,9265,1,1.0283359999884851
5,2,,2026-07-30T13:14:52.364250,106868,6472,3074,6472,806,6472,127,6472,15,6472,0,9325,1,1.0296753000002354
5,2,,2026-07-30T13:14:53.392921,106762,6540,3177,6540,743,6540,121,6540,14,6540,0,9368,3,1.0283425000088755
5,2,,2026-07-30T13:14:54.422061,105890,6658,3193,6658,768,6658,127,6658,19,6658,0,9380,3,1.0287328000122216
5,2,,2026-07-30T13:14:55.452364,106166,6618,3137,6618,820,6618,124,6618,13,6618,3,9363,3,1.0298186000145506
5,2,,2026-07-30T13:14:56.481128,106342,6692,3191,6692,816,6692,113,6692,15,6692,0,9365,3,1.0283633999933954
5,2,,2026-07-30T13:14:57.510616,106749,6587,3139,6587,839,6587,133,6587,20,6587,2,9558,2,1.0291522999759763
5,2,,2026-07-30T13:14:58.539031,107321,6587,3215,6587,761,6587,108,6587,15,6587,2,9370,3,1.0280600000114646
5,2,,2026-07-30T13:14:59.568174,106641,6629,3177,6629,831,6629,131,6629,14,6629,0,9397,3,1.0288126000086777
5,2,,2026-07-30T13:15:00.598630,106859,6706,3185,6706,824,6706,112,6706,15,6706,2,9504,0,1.0301104999962263
5,2,,2026-07-30T13:15:01.628034,106329,6460,3086,6460,761,6460,122,6460,19,6460,1,9464,3,1.0289843000064138
5,2,,2026-07-30T13:15:02.657629,107082,6520,3114,6520,802,6520,122,6520,21,6520,1,9421,2,1.0292432999995071
5,2,,2026-07-30T13:15:03.687137,106865,6591,3126,6591,828,6591,134,6591,19,6591,0,9499,6,1.0290883000125177
5,2,,2026-07-30T13:15:04.716540,106496,6660,3156,6660,821,6660,117,6660,17,6660,2,9245,2,1.0290515999950003
5,2,,2026-07-30T13:15:05.747065,106704,6555,3162,6555,801,6555,110,6555,25,6555,0,9745,3,1.0301658000098541
5,2,,2026-07-30T13:15:06.778433,106505,6730,3187,6730,789,6730,135,6730,22,6730,2,9306,6,1.0310139000066556
5,2,,2026-07-30T13:15:07.808366,107332,6647,3167,6647,765,6647,105,6647,15,6647,3,9391,3,1.0295661000127438
5,2,,2026-07-30T13:15:08.837886,106903,6515,3146,6515,811,6515,117,6515,12,6515,2,9402,2,1.0291521000035573
5,2,,2026-07-30T13:15:09.867624,106357,6566,3074,6566,822,6566,116,6566,18,6566,1,9500,4,1.0294036000268534
5,2,,2026-07-30T13:15:10.897315,106584,6597,3097,6597,822,6597,129,6597,23,6597,1,9290,2,1.0293005999992602
5,2,,2026-07-30T13:15:11.926633,106377,6713,3213,6713,812,6713,138,6713,18,6713,1,9345,4,1.028975100023672
5,2,,2026-07-30T13:15:12.957336,107192,6710,3200,6710,815,6710,132,6710,17,6710,0,9390,3,1.0302962000132538
5,2,,2026-07-30T13:15:13.987358,106667,6615,3149,6615,834,6615,126,6615,15,6615,1,9414,4,1.0296174999966752
5,2,,2026-07-30T13:15:15.016344,106701,6553,3155,6553,814,6553,109,6553,14,6553,1,9285,2,1.028648899984546
5,2,,2026-07-30T13:15:16.046978,106555,6599,3192,6599,783,6599,109,6599,10,6599,3,9419,5,1.0303633000003174
5,2,,2026-07-30T13:15:17.075943,106982,6533,3111,6533,762,6533,133,6533,13,6533,3,9467,3,1.0285904000047594
5,2,,2026-07-30T13:15:18.107063,106337,6670,3180,6670,749,6670,120,6670,9,6670,1,9399,0,1.030476300016744
5,2,,2026-07-30T13:15:19.137195,106805,6704,3171,6704,822,6704,134,6704,21,6704,1,9407,6,1.0291186999820638
5,2,,2026-07-30T13:15:20.165114,105689,6551,3130,6551,807,6551,98,6551,16,6551,2,9465,6,1.0277175000228453
5,2,,2026-07-30T13:15:21.194234,106675,6600,3133,6600,824,6600,121,6600,19,6600,1,9382,1,1.028883000020869
5,2,,2026-07-30T13:15:22.222560,106291,6536,3133,6536,760,6536,119,6536,15,6536,0,9348,0,1.0279185000108555
5,2,,2026-07-30T13:15:23.252582,106897,6621,3201,6621,776,6621,127,6621,16,6621,1,9527,2,1.0296617999847513
5,2,,2026-07-30T13:15:24.282405,106889,6622,3187,6622,770,6622,137,6622,15,6622,0,9580,5,1.0292985000123736
5,2,,2026-07-30T13:15:25.311907,106628,6741,3241,6741,768,6741,122,6741,18,6741,2,9380,3,1.0291189999843482
5,2,,2026-07-30T13:15:26.342847,106727,6652,3146,6652,810,6652,121,6652,16,6652,1,9469,6,1.0305868000141345
5,2,,2026-07-30T13:15:27.373120,106171,6691,3212,6691,807,6691,143,6691,16,6691,2,9328,2,1.0297831000061706
5,2,,2026-07-30T13:15:28.402525,107407,6623,3157,6623,788,6623,132,6623,20,6623,1,9305,2,1.0289880000054836
5,2,,2026-07-30T13:15:29.431989,106628,6598,3141,6598,834,6598,131,6598,15,6598,0,9386,1,1.0291513999982271
5,2,,2026-07-30T13:15:30.461632,106302,6472,3126,6472,795,6472,117,6472,16,6472,1,9568,2,1.029209100001026
5,2,,2026-07-30T13:15:31.491191,106736,6711,3209,6711,813,6711,113,6711,24,6711,1,9255,2,1.0292924999957904
5,2,,2026-07-30T13:15:32.521838,106990,6595,3161,6595,821,6595,127,6595,19,6595,1,9490,2,1.0301169000158552
5,2,,2026-07-30T13:15:33.551089,106630,6639,3200,6639,833,6639,122,6639,19,6639,0,9538,3,1.0289544000115711
5,2,,2026-07-30T13:15:34.580234,106582,6545,3053,6545,785,6545,130,6545,21,6545,0,9492,0,1.0287531999929342
5,2,,2026-07-30T13:15:35.609469,107098,6683,3235,6683,840,6683,109,6683,19,6683,0,9356,3,1.0288867000199389
5,2,,2026-07-30T13:15:36.640358,106133,6611,3189,6611,815,6611,114,6611,20,6611,2,9484,3,1.0305152999935672
5,2,,2026-07-30T13:15:37.670244,107205,6710,3220,6710,776,6710,130,6710,15,6710,2,9467,1,1.0295064000238199
5,2,,2026-07-30T13:15:38.699097,106796,6744,3201,6744,823,6744,105,6744,17,6744,1,9321,2,1.0284878000093158
5,2,,2026-07-30T13:15:39.728215,107026,6710,3171,6710,827,6710,143,6710,21,6710,0,9475,2,1.0287121000001207
5,2,,2026-07-30T13:15:40.757237,106755,6718,3250,6718,855,6718,110,6718,15,6718,1,9517,2,1.028549499984365
5,2,,2026-07-30T13:15:41.786160,106771,6644,3156,6644,821,6644,128,6644,19,6644,1,9341,5,1.0286097999778576
5,2,,2026-07-30T13:15:42.815668,106735,6553,3149,6553,738,6553,131,6553,25,6553,1,9286,4,1.028914300026372
5,2,,2026-07-30T13:15:43.845220,106724,6715,3291,6715,796,6715,122,6715,21,6715,1,9299,3,1.0291337000089698
5,2,,2026-07-30T13:15:44.874872,106517,6621,3153,6621,834,6621,122,6621,18,6621,0,9442,2,1.0292746000050101
5,2,,2026-07-30T13:15:45.903875,106769,6740,3301,6740,835,6740,109,6740,16,6740,1,9262,3,1.0286513000028208
5,2,,2026-07-30T13:15:46.932989,107250,6619,3191,6619,798,6619,113,6619,19,6619,1,9500,3,1.0286027000111062
5,2,,2026-07-30T13:15:47.962879,106865,6689,3248,6689,830,6689,132,6689,12,6689,0,9536,2,1.0295523999957368
5,2,,2026-07-30T13:15:48.992249,106928,6562,3096,6562,778,6562,115,6562,18,6562,2,9520,3,1.0290385999833234
5,2,,2026-07-30T13:15:50.021678,106670,6659,3269,6659,799,6659,120,6659,22,6659,1,9229,4,1.0289700999855995
5,2,,2026-07-30T13:15:51.050589,106605,6629,3222,6629,774,6629,127,6629,16,6629,1,9490,2,1.0285672000027262
5,2,,2026-07-30T13:15:52.079330,106756,6480,3083,6480,825,6480,117,6480,18,6480,1,9475,4,1.0284069999761414
5,2,,2026-07-30T13:15:53.108907,106774,6585,3169,6585,837,6585,116,6585,18,6585,0,9338,1,1.0292501999938395
5,2,,2026-07-30T13:15:54.140432,106772,6614,3132,6614,807,6614,121,6614,18,6614,1,9530,2,1.0311905999842566
5,2,,2026-07-30T13:15:55.169366,106544,6581,3162,6581,815,6581,103,6581,15,6581,1,9407,4,1.028506100003142
5,2,,2026-07-30T13:15:56.197701,106045,6658,3150,6658,818,6658,125,6658,16,6658,0,9496,5,1.0280449999845587
5,2,,2026-07-30T13:15:57.227154,106802,6679,3137,6679,784,6679,131,6679,21,6679,2,9418,2,1.0291121999907773
5,2,,2026-07-30T13:15:58.257426,106987,6602,3152,6602,765,6602,147,6602,13,6602,1,9536,3,1.029957499995362
5,2,,2026-07-30T13:15:59.286151,107189,6713,3193,6713,834,6713,112,6713,19,6713,1,9493,5,1.0283997999795247
5,2,,2026-07-30T13:16:00.315109,106304,6703,3166,6703,829,6703,136,6703,18,6703,0,9249,2,1.0285152000142261
5,2,,2026-07-30T13:16:01.344510,106653,6698,3246,6698,825,6698,109,6698,23,6698,0,9514,2,1.0289968999859411
5,2,,2026-07-30T13:16:02.375131,106952,6724,3242,6724,803,6724,103,6724,14,6724,2,9325,1,1.0301844000059646
5,2,,2026-07-30T13:16:03.405336,107042,6611,3206,6611,828,6611,115,6611,20,6611,1,9498,5,1.0297162999922875
5,2,,2026-07-30T13:16:04.435223,107100,6452,3083,6452,778,6452,118,6452,18,6452,1,9424,3,1.029623000009451
5,2,,2026-07-30T13:16:05.464561,107220,6752,3234,6752,834,6752,121,6752,22,6752,2,9516,5,1.0290082000137772
5,2,,2026-07-30T13:16:06.494442,106874,6632,3156,6632,842,6632,128,6632,8,6632,2,9463,8,1.0293851000024006
5,2,,2026-07-30T13:16:07.522134,106278,6571,3169,6571,783,6571,116,6571,12,6571,2,9236,2,1.0272632999985944
5,2,,2026-07-30T13:16:08.551239,106706,6767,3297,6767,803,6767,120,6767,14,6767,1,9380,5,1.0288891999807674
5,2,,2026-07-30T13:16:09.579158,107060,6561,3196,6561,820,6561,102,6561,16,6561,2,9363,2,1.0276294999930542
5,2,,2026-07-30T13:16:10.609085,106990,6676,3152,6676,805,6676,140,6676,24,6676,3,9432,1,1.0296165000181645
5,2,,2026-07-30T13:16:11.638607,106749,6564,3101,6564,837,6564,147,6564,17,6564,2,9358,3,1.029196999996202
5,2,,2026-07-30T13:16:12.668373,106964,6662,3207,6662,829,6662,137,6662,17,6662,1,9324,0,1.0294223999953829
5,2,,2026-07-30T13:16:13.698276,106344,6653,3145,6653,831,6653,128,6653,17,6653,1,9450,0,1.029477300005965
5,2,,2026-07-30T13:16:14.727571,106298,6653,3144,6653,819,6653,128,6653,15,6653,1,9421,3,1.0287992999947164
5,2,,2026-07-30T13:16:15.757644,107231,6506,3080,6506,767,6506,106,6506,14,6506,1,9455,2,1.0296885000134353
5,2,,2026-07-30T13:16:16.786406,106205,6754,3208,6754,803,6754,122,6754,15,6754,0,9346,3,1.0284779999929015
5,2,,2026-07-30T13:16:17.815606,106571,6665,3185,6665,797,6665,134,6665,14,6665,2,9456,5,1.0288050000090152
5,2,,2026-07-30T13:16:18.844323,106144,6632,3153,6632,809,6632,122,6632,13,6632,1,9324,2,1.0283865999954287
5,2,,2026-07-30T13:16:19.874399,106498,6772,3222,6772,823,6772,107,6772,17,6772,0,9519,5,1.0297286000277381
5,2,,2026-07-30T13:16:20.902012,106598,6609,3177,6609,788,6609,119,6609,18,6609,1,9395,1,1.027381800027797
5,2,,2026-07-30T13:16:21.932787,106525,6651,3190,6651,785,6651,125,6651,14,6651,2,9517,2,1.0304164999979548
5,2,,2026-07-30T13:16:22.962753,106748,6636,3147,6636,818,6636,133,6636,16,6636,2,9409,3,1.029440699989209
5,2,,2026-07-30T13:16:23.991922,106921,6698,3158,6698,847,6698,132,6698,19,6698,1,9358,2,1.0288393000082579
5,2,,2026-07-30T13:16:25.021635,106850,6631,3135,6631,787,6631,135,6631,17,6631,1,9419,4,1.0293645999918226
5,2,,2026-07-30T13:16:26.050924,106166,6745,3265,6745,844,6745,136,6745,16,6745,1,9340,3,1.0289340000017546
5,2,,2026-07-30T13:16:27.081099,106802,6615,3144,6615,775,6615,116,6615,18,6615,2,9381,1,1.0297481000015978
5,2,,2026-07-30T13:16:28.110272,106433,6523,3111,6523,797,6523,109,6523,13,6523,0,9346,2,1.0287922999996226
5,2,,2026-07-30T13:16:29.139808,106249,6817,3278,6817,858,6817,117,6817,10,6817,1,9420,5,1.0292195999936666
5,2,,2026-07-30T13:16:30.168978,107280,6737,3266,6737,795,6737,119,6737,21,6737,4,9571,3,1.0287974000093527
5,2,,2026-07-30T13:16:31.199091,106533,6638,3132,6638,827,6638,110,6638,11,6638,0,9392,0,1.0295526999980211
5,2,,2026-07-30T13:16:32.228283,106383,6650,3208,6650,816,6650,116,6650,23,6650,2,9354,2,1.028900600009365
5,2,,2026-07-30T13:16:33.258934,107019,6667,3217,6667,828,6667,117,6667,22,6667,2,9173,0,1.03000400000019
5,2,,2026-07-30T13:16:34.287386,106344,6607,3151,6607,809,6607,122,6607,19,6607,1,9502,2,1.0281363000103738
5,2,,2026-07-30T13:16:35.318215,107186,6635,3148,6635,783,6635,101,6635,15,6635,2,9376,2,1.0304860000032932
5,2,,2026-07-30T13:16:36.347919,106666,6771,3239,6771,840,6771,129,6771,21,6771,2,9392,3,1.0292538999929093
5,2,,2026-07-30T13:16:37.377411,106680,6663,3226,6663,773,6663,125,6663,9,6663,1,9543,2,1.0291461999877356
5,2,,2026-07-30T13:16:38.407433,106444,6449,3048,6449,775,6449,137,6449,20,6449,0,9320,3,1.029590799997095
5,2,,2026-07-30T13:16:39.435816,106881,6671,3140,6671,790,6671,124,6671,20,6671,3,9368,3,1.0279010999947786
5,2,,2026-07-30T13:16:40.465478,106809,6757,3161,6757,815,6757,100,6757,22,6757,1,9397,3,1.029209299973445
5,2,,2026-07-30T13:16:41.496728,107079,6528,3162,6528,730,6528,119,6528,11,6528,2,9240,4,1.0308330999978352
5,2,,2026-07-30T13:16:42.525348,106961,6579,3064,6579,823,6579,131,6579,21,6579,0,9452,2,1.0282116999733262
5,2,,2026-07-30T13:16:43.554821,106673,6633,3191,6633,826,6633,133,6633,19,6633,1,9497,2,1.0290628999937326
5,2,,2026-07-30T13:16:44.584116,106559,6461,3025,6461,778,6461,117,6461,19,6461,3,9365,4,1.0289961000089534
5,2,,2026-07-30T13:16:45.615013,107373,6648,3131,6648,833,6648,123,6648,19,6648,2,9576,5,1.0304503999941517
5,2,,2026-07-30T13:16:46.644234,105860,6652,3107,6652,816,6652,127,6652,25,6652,4,9353,4,1.0288026000198442
5,2,,2026-07-30T13:16:47.674216,106222,6604,3209,6604,788,6604,111,6604,23,6604,1,9587,3,1.0297004000167362
5,2,,2026-07-30T13:16:48.703421,107268,6587,3109,6587,779,6587,117,6587,11,6587,3,9355,4,1.0288396000105422
5,2,,2026-07-30T13:16:49.733439,106242,6476,3044,6476,813,6476,115,6476,16,6476,0,9388,2,1.0294929999799933
5,2,,2026-07-30T13:16:50.763991,106506,6588,3064,6588,827,6588,117,6588,17,6588,2,9406,1,1.0300626000098418
5,2,,2026-07-30T13:16:51.793433,107114,6647,3193,6647,802,6647,121,6647,14,6647,2,9469,3,1.029135499993572
5,2,,2026-07-30T13:16:52.823997,106657,6610,3192,6610,799,6610,108,6610,18,6610,0,9374,2,1.0302067000011448
5,2,,2026-07-30T13:16:53.851386,107540,6535,3175,6535,789,6535,117,6535,9,6535,3,9406,3,1.0270378999994136
5,2,,2026-07-30T13:16:54.879052,106253,6464,3032,6464,786,6464,104,6464,13,6464,3,9288,4,1.0273471999971662
5,2,,2026-07-30T13:16:55.909254,106420,6605,3120,6605,799,6605,121,6605,16,6605,1,9360,1,1.0297712000028696
5,2,,2026-07-30T13:16:56.937035,106625,6653,3153,6653,813,6653,122,6653,15,6653,1,9484,2,1.0275450999906752
5,2,,2026-07-30T13:16:57.966661,106908,6677,3236,6677,761,6677,130,6677,16,6677,1,9418,2,1.0293296999880113
5,2,,2026-07-30T13:16:58.996087,106826,6621,3165,6621,840,6621,124,6621,20,6621,0,9278,4,1.029047999996692
5,2,,2026-07-30T13:17:00.025529,106108,6662,3144,6662,811,6662,142,6662,17,6662,1,9621,2,1.0290464999852702
5,2,,2026-07-30T13:17:01.054636,106943,6657,3139,6657,834,6657,112,6657,23,6657,0,9534,4,1.0287967000040226
5,2,,2026-07-30T13:17:02.085303,106396,6652,3249,6652,792,6652,130,6652,16,6652,5,9462,2,1.0303913000097964
5,2,,2026-07-30T13:17:03.115363,107793,6701,3202,6701,839,6701,121,6701,17,6701,1,9369,3,1.0296897999942303
5,2,,2026-07-30T13:17:04.145533,107395,6540,3192,6540,787,6540,117,6540,16,6540,1,9478,1,1.029705599998124
5,2,,2026-07-30T13:17:05.174906,106431,6634,3126,6634,850,6634,108,6634,20,6634,1,9392,4,1.0291531000111718
5,2,,2026-07-30T13:17:06.204399,106865,6701,3266,6701,763,6701,113,6701,15,6701,0,9384,6,1.0291791000054218
5,2,,2026-07-30T13:17:07.234681,107240,6698,3163,6698,817,6698,118,6698,21,6698,2,9415,1,1.0299754000152461
5,2,,2026-07-30T13:17:08.264864,107206,6728,3108,6728,869,6728,132,6728,16,6728,3,9483,1,1.0298106000118423
5,2,,2026-07-30T13:17:09.294893,106644,6549,3127,6549,814,6549,120,6549,11,6549,1,9496,4,1.0296439999947324
5,2,,2026-07-30T13:17:10.322894,106634,6628,3190,6628,779,6628,142,6628,20,6628,0,9275,3,1.027647499984596
5,2,,2026-07-30T13:17:11.350779,106481,6559,3203,6559,777,6559,120,6559,8,6559,2,9228,4,1.0275448999891523
5,2,,2026-07-30T13:17:12.381128,106543,6612,3092,6612,860,6612,133,6612,17,6612,0,9361,1,1.0300227999978233
5,2,,2026-07-30T13:17:13.411424,106526,6532,3122,6532,801,6532,116,6532,23,6532,2,9545,5,1.0300004000018816
5,2,,2026-07-30T13:17:14.441909,106214,6498,3168,6498,742,6498,115,6498,13,6498,0,9302,1,1.030103400000371
5,2,,2026-07-30T13:17:15.471684,107296,6638,3221,6638,788,6638,126,6638,13,6638,1,9344,2,1.0294074999983422
5,2,,2026-07-30T13:17:16.501503,106667,6806,3215,6806,823,6806,125,6806,15,6806,2,9399,1,1.0294821000134107
5,2,,2026-07-30T13:17:17.530638,106438,6576,3115,6576,792,6576,114,6576,20,6576,2,9336,2,1.0287919000256807
5,2,,2026-07-30T13:17:18.560766,106766,6466,3113,6466,817,6466,122,6466,12,6466,0,9174,0,1.029770199995255
5,2,,2026-07-30T13:17:19.591823,106965,6456,3101,6456,783,6456,108,6456,10,6456,1,9361,5,1.0306609000253957
5,2,,2026-07-30T13:17:20.620860,106699,6696,3237,6696,836,6696,111,6696,16,6696,2,9575,1,1.0284934999945108
5,2,,2026-07-30T13:17:21.650183,106106,6702,3174,6702,844,6702,118,6702,13,6702,0,9377,2,1.0289756999991369
5,2,,2026-07-30T13:17:22.679220,106493,6579,3178,6579,786,6579,114,6579,15,6579,1,9575,1,1.028768799995305
5,2,,2026-07-30T13:17:23.708656,107084,6744,3194,6744,876,6744,134,6744,15,6744,1,9441,4,1.029078199993819
5,2,,2026-07-30T13:17:24.738069,107144,6643,3139,6643,825,6643,107,6643,8,6643,0,9282,1,1.0290912999771535
5,2,,2026-07-30T13:17:25.768174,106171,6596,3177,6596,809,6596,115,6596,19,6596,1,9413,5,1.0297472999955062
5,2,,2026-07-30T13:17:26.797935,106422,6622,3160,6622,796,6622,126,6622,15,6622,0,9374,4,1.0294356000085827
5,2,,2026-07-30T13:17:27.828052,107275,6603,3108,6603,781,6603,133,6603,28,6603,0,9441,1,1.0297170999983791
5,2,,2026-07-30T13:17:28.857375,106824,6649,3213,6649,791,6649,127,6649,14,6650,3,9491,3,1.0289802000042982
5,2,,2026-07-30T13:17:29.884973,106269,6635,3172,6635,816,6635,124,6635,21,6634,2,9417,5,1.0271935000200756
5,2,,2026-07-30T13:17:30.913742,106239,6591,3169,6591,805,6591,113,6591,8,6591,1,9255,2,1.0284718000038993
5,2,,2026-07-30T13:17:31.943267,106963,6781,3253,6781,837,6781,111,6781,21,6781,2,9498,3,1.0291797000099905
5,2,,2026-07-30T13:17:32.971904,106692,6596,3143,6596,814,6596,116,6596,15,6596,0,9500,3,1.02824720001081
5,2,,2026-07-30T13:17:34.001444,106148,6616,3156,6616,781,6616,143,6616,17,6616,1,9473,6,1.0292019000044093
5,2,,2026-07-30T13:17:35.030483,106748,6634,3171,6634,767,6634,135,6634,17,6634,1,9553,4,1.028675999987172
5,2,,2026-07-30T13:17:36.060943,106458,6621,3113,6621,801,6621,113,6621,21,6621,1,9374,4,1.0301023999927565
5,2,,2026-07-30T13:17:37.091021,106389,6666,3223,6666,842,6666,136,6666,22,6666,0,9350,2,1.0297138000023551
5,2,,2026-07-30T13:17:38.122076,107299,6673,3177,6673,835,6673,133,6673,22,6673,1,9453,2,1.0296345000097062
5,2,,2026-07-30T13:17:39.151359,106190,6617,3108,6617,797,6617,121,6617,16,6617,0,9292,5,1.0289197999809403
5,2,,2026-07-30T13:17:40.180815,107039,6627,3181,6627,792,6627,116,6627,19,6627,2,9464,2,1.0291198000195436
5,2,,2026-07-30T13:17:41.211705,106992,6569,3146,6569,812,6569,122,6569,14,6569,2,9436,5,1.030517899984261
5,2,,2026-07-30T13:17:42.240803,106727,6752,3224,6752,851,6752,126,6752,14,6752,1,9191,2,1.0285921999893617
5,2,,2026-07-30T13:17:43.270375,107314,6574,3125,6574,795,6574,146,6574,23,6574,1,9396,1,1.029218999989098
5,2,,2026-07-30T13:17:44.299292,106205,6601,3138,6601,780,6601,127,6601,19,6601,2,9546,5,1.0285399999993388
5,2,,2026-07-30T13:17:45.329142,106767,6443,3076,6443,758,6443,123,6443,15,6443,0,9493,4,1.0294592000136618
5,2,,2026-07-30T13:17:46.358499,107347,6704,3214,6704,824,6704,124,6704,15,6704,1,9412,2,1.0289923000091221
5,2,,2026-07-30T13:17:47.387575,106727,6545,3088,6545,788,6545,114,6545,24,6545,2,9392,2,1.0287606999918353
5,2,,2026-07-30T13:17:48.416382,105747,6623,3109,6623,779,6623,123,6623,16,6623,2,9333,2,1.0286376999865752
5,2,,2026-07-30T13:17:49.446275,106750,6761,3246,6761,776,6761,116,6761,16,6761,2,9479,2,1.0295149000012316
5,2,,2026-07-30T13:17:50.476057,107123,6879,3352,6879,843,6879,139,6879,19,6879,3,9463,5,1.029534600005718
5,2,,2026-07-30T13:17:51.507518,106768,6719,3224,6719,801,6719,132,6719,17,6719,1,9327,5,1.0309425999876112
5,2,,2026-07-30T13:17:52.536728,106825,6732,3260,6732,838,6732,114,6732,20,6732,0,9506,1,1.028821899992181
5,2,,2026-07-30T13:17:53.565794,106454,6590,3123,6590,817,6590,122,6590,25,6590,1,9487,2,1.0287336000183132
5,2,,2026-07-30T13:17:54.592709,106686,6587,3126,6587,808,6587,124,6587,22,6587,0,9489,2,1.0265635999967344
5,2,,2026-07-30T13:17:55.621105,106244,6635,3181,6635,766,6635,138,6635,26,6635,0,9360,3,1.0280818000028376
5,2,,2026-07-30T13:17:56.650352,106500,6836,3274,6836,823,6836,133,6836,17,6836,0,9309,2,1.0289182999986224
5,2,,2026-07-30T13:17:57.677674,106630,6641,3145,6641,821,6641,115,6641,15,6641,1,9488,2,1.0269489999918733
5,2,,2026-07-30T13:17:58.706402,106399,6552,3157,6552,807,6552,116,6552,13,6552,1,9462,3,1.0284730000130367
5,2,,2026-07-30T13:17:59.735373,105823,6683,3222,6683,787,6683,125,6683,11,6683,0,9343,5,1.0286219000117853
5,2,,2026-07-30T13:18:00.765279,107062,6718,3255,6718,782,6718,114,6718,15,6718,0,9351,3,1.02958000000217
5,2,,2026-07-30T13:18:01.793628,105753,6571,3153,6571,780,6571,119,6571,20,6571,2,9331,5,1.027877799991984
5,2,,2026-07-30T13:18:02.823760,106385,6624,3153,6624,810,6624,123,6624,17,6624,0,9299,2,1.0296109000046272
5,2,,2026-07-30T13:18:03.852622,106359,6717,3247,6717,784,6717,124,6717,20,6717,2,9352,0,1.0284276999882422
5,2,,2026-07-30T13:18:04.881879,106457,6655,3188,6655,817,6655,128,6655,18,6655,2,9501,4,1.028917099989485
5,2,,2026-07-30T13:18:05.910871,106251,6592,3210,6592,732,6592,120,6592,18,6592,1,9385,5,1.0286009999981616
5,2,,2026-07-30T13:18:06.941142,106403,6521,3115,6521,773,6521,145,6521,20,6521,3,9503,3,1.029739999998128
5,2,,2026-07-30T13:18:07.970197,106929,6585,3121,6585,794,6585,119,6585,18,6585,0,9358,4,1.028561000013724
5,2,,2026-07-30T13:18:08.999916,106494,6581,3111,6581,840,6581,111,6581,15,6581,2,9432,1,1.0293165000039153
5,2,,2026-07-30T13:18:10.031248,106484,6523,3140,6523,773,6523,100,6523,15,6523,0,9367,3,1.0309458000119776
5,2,,2026-07-30T13:18:11.061082,106350,6682,3165,6682,786,6682,116,6682,19,6682,0,9378,4,1.0293710999831092
5,2,,2026-07-30T13:18:12.090470,106522,6681,3119,6681,818,6681,103,6681,18,6681,1,9145,1,1.0289704000169877
5,2,,2026-07-30T13:18:13.119451,107052,6756,3219,6756,826,6756,135,6756,17,6756,4,9485,3,1.028606200008653
5,2,,2026-07-30T13:18:14.148559,106347,6445,3099,6445,773,6445,123,6445,16,6445,1,9323,2,1.028690600011032
5,2,,2026-07-30T13:18:15.178149,106535,6630,3148,6630,857,6630,109,6630,13,6630,2,9409,3,1.0291792000061832
5,2,,2026-07-30T13:18:16.207206,106670,6639,3182,6639,746,6639,126,6639,14,6639,1,9246,2,1.0286652000213508
5,2,,2026-07-30T13:18:17.235973,106255,6594,3149,6594,819,6594,112,6594,21,6594,3,9366,2,1.0283486999978777
5,2,,2026-07-30T13:18:18.265812,106555,6623,3118,6623,839,6623,117,6623,14,6623,2,9334,6,1.0292388999951072
5,2,,2026-07-30T13:18:19.296336,106653,6500,3153,6500,765,6500,116,6500,20,6500,0,9542,1,1.0300711000163574
5,2,,2026-07-30T13:18:20.325922,106136,6657,3214,6657,789,6657,123,6657,13,6657,2,9489,3,1.0290513999934774
5,2,,2026-07-30T13:18:21.355007,106977,6587,3144,6587,777,6587,118,6587,17,6587,1,9389,5,1.0287207000073977
5,2,,2026-07-30T13:18:22.384429,106655,6662,3149,6662,817,6662,130,6662,14,6662,1,9385,2,1.0290962999861222
5,2,,2026-07-30T13:18:23.415794,106608,6570,3146,6570,784,6570,123,6570,21,6570,0,9405,2,1.0307140999939293
5,2,,2026-07-30T13:18:24.445772,106729,6567,3205,6567,819,6567,127,6567,13,6567,0,9485,5,1.0296201999881305
5,2,,2026-07-30T13:18:25.476874,106775,6837,3240,6837,822,6837,134,6837,16,6837,2,9445,2,1.0307274000078905
5,2,,2026-07-30T13:18:26.506500,106775,6650,3100,6650,834,6650,105,6650,18,6650,0,9291,3,1.0292449000116903
5,2,,2026-07-30T13:18:27.535698,107084,6711,3198,6711,812,6711,113,6711,15,6711,0,9401,6,1.0288740000105463
5,2,,2026-07-30T13:18:28.563943,106887,6797,3267,6797,832,6797,106,6797,18,6797,2,9375,4,1.027760800003307
5,2,,2026-07-30T13:18:29.593448,106659,6703,3153,6703,838,6703,123,6703,16,6703,2,9429,4,1.02935370002524
5,2,,2026-07-30T13:18:30.623339,106992,6737,3217,6737,848,6737,133,6737,25,6737,3,9519,2,1.0295686000026762
5,2,,2026-07-30T13:18:31.651092,106372,6544,3163,6544,779,6544,126,6544,20,6544,1,9203,0,1.0275688999972772
5,2,,2026-07-30T13:18:32.681064,106360,6595,3105,6595,805,6595,119,6595,21,6595,1,9306,3,1.0296306000091136
5,2,,2026-07-30T13:18:33.711693,106358,6550,3188,6550,743,6550,117,6550,9,6550,0,9488,2,1.0302036000066437
5,2,,2026-07-30T13:18:34.741652,106675,6651,3190,6651,811,6651,128,6651,26,6651,3,9382,4,1.0294915999984369
5,2,,2026-07-30T13:18:35.771317,106585,6517,3043,6517,844,6517,130,6517,12,6517,1,9505,4,1.0292684999876656
5,2,,2026-07-30T13:18:36.800524,106780,6632,3224,6632,735,6632,130,6632,13,6632,2,9445,2,1.0288596999889705
5,2,,2026-07-30T13:18:37.830394,106328,6668,3155,6668,839,6668,132,6668,20,6668,1,9400,0,1.0294949999952223
5,2,,2026-07-30T13:18:38.860254,106655,6754,3240,6754,774,6754,123,6754,16,6754,3,9385,2,1.029508600011468
5,2,,2026-07-30T13:18:39.889686,106436,6494,3112,6494,783,6494,132,6494,15,6494,1,9233,3,1.0290066999732517
5,2,,2026-07-30T13:18:40.919519,107105,6554,3078,6554,827,6554,133,6554,16,6554,0,9483,1,1.0295102999953087
5,2,,2026-07-30T13:18:41.947574,107020,6640,3226,6640,820,6640,101,6640,14,6640,2,9401,4,1.0277783999918029
5,2,,2026-07-30T13:18:42.976928,106341,6756,3251,6756,820,6756,134,6756,13,6756,2,9289,2,1.0289891000138596
5,2,,2026-07-30T13:18:44.005813,106442,6696,3193,6696,774,6696,134,6696,16,6696,0,9370,6,1.028541400009999
5,2,,2026-07-30T13:18:45.035666,106439,6569,3154,6569,798,6569,145,6569,18,6569,1,9443,4,1.029404600005364
5,2,,2026-07-30T13:18:46.065939,106989,6467,3128,6467,757,6467,95,6467,11,6467,0,9320,2,1.0298818000010215
5,2,,2026-07-30T13:18:47.096462,107391,6541,3163,6541,788,6541,105,6541,17,6541,1,9323,1,1.0299372000154108
5,2,,2026-07-30T13:18:48.126320,106836,6530,3109,6530,820,6530,110,6530,12,6530,0,9464,2,1.0294791999913286
5,2,,2026-07-30T13:18:49.154142,106752,6498,3054,6498,821,6498,108,6498,16,6498,1,9390,5,1.0274627000035252
5,2,,2026-07-30T13:18:50.185749,106732,6701,3168,6701,825,6701,141,6701,18,6701,1,9579,4,1.0311160999990534
5,2,,2026-07-30T13:18:51.215962,106662,6566,3125,6566,784,6566,120,6566,14,6566,1,9389,7,1.0298270000203047
5,2,,2026-07-30T13:18:52.244130,107448,6676,3129,6676,866,6676,127,6676,12,6676,1,9474,4,1.0278748999990057
5,2,,2026-07-30T13:18:53.273852,106759,6658,3136,6658,841,6658,122,6658,16,6658,0,9393,1,1.0292256000102498
5,2,,2026-07-30T13:18:54.302592,106544,6484,3151,6484,769,6484,117,6484,7,6484,0,9385,5,1.0283829999971204
5,2,,2026-07-30T13:18:55.332672,105995,6650,3133,6650,799,6650,130,6650,25,6650,2,9308,2,1.0298065000097267
5,2,,2026-07-30T13:18:56.362668,106339,6629,3132,6629,822,6629,137,6629,17,6629,1,9318,3,1.029734300012933
5,2,,2026-07-30T13:18:57.390332,106568,6583,3133,6583,827,6583,119,6583,22,6583,0,9377,2,1.027279300004011
5,2,,2026-07-30T13:18:58.419022,106654,6569,3146,6569,828,6569,131,6569,17,6569,1,9405,5,1.0283555000205524
5,2,,2026-07-30T13:18:59.449801,106891,6494,3084,6494,784,6494,115,6494,20,6494,1,9405,6,1.0304308000195306
5,2,,2026-07-30T13:19:00.478797,106146,6672,3145,6672,852,6672,119,6672,18,6672,5,9226,1,1.0286185999866575
5,2,,2026-07-30T13:19:01.507637,107068,6658,3170,6658,770,6658,110,6658,16,6658,1,9362,2,1.0284798999782652
5,2,,2026-07-30T13:19:02.537104,106253,6574,3170,6574,785,6574,108,6574,17,6574,1,9468,2,1.0288919000013266
5,2,,2026-07-30T13:19:03.565681,106055,6691,3175,6691,869,6691,127,6691,15,6691,0,9319,4,1.0282968000101391
5,2,,2026-07-30T13:19:04.594790,106719,6495,3113,6495,779,6495,99,6495,15,6495,3,9373,3,1.02880049997475
5,2,,2026-07-30T13:19:05.625463,106848,6531,3155,6531,786,6531,117,6531,15,6531,0,9362,2,1.0303568000090308
5,2,,2026-07-30T13:19:06.653841,105928,6571,3147,6571,801,6571,123,6571,17,6571,1,9385,7,1.0280054999748245
5,2,,2026-07-30T13:19:07.684421,106086,6546,3112,6546,811,6546,106,6546,17,6546,1,9417,3,1.0301949999993667
5,2,,2026-07-30T13:19:08.713365,106738,6580,3195,6580,784,6580,97,6580,19,6580,2,9401,6,1.0285249000007752
5,2,,2026-07-30T13:19:09.742727,106580,6459,3104,6459,774,6459,99,6459,14,6459,2,9419,2,1.0289595999929588
5,2,,2026-07-30T13:19:10.773980,106229,6576,3156,6576,801,6576,134,6576,18,6576,0,9270,1,1.0308525000000373
5,2,,2026-07-30T13:19:11.804548,106923,6686,3127,6686,840,6686,142,6686,14,6686,0,9214,3,1.0301266000024043
5,2,,2026-07-30T13:19:12.834264,106962,6666,3178,6666,812,6666,133,6666,17,6666,0,9402,2,1.0292300999863073
5,2,,2026-07-30T13:19:13.864300,106398,6690,3222,6690,816,6690,118,6690,21,6690,2,9290,2,1.0295945999969263
5,2,,2026-07-30T13:19:14.894489,105833,6694,3191,6694,787,6694,110,6694,15,6694,2,9316,0,1.029781399993226
5,2,,2026-07-30T13:19:15.923584,106088,6688,3228,6688,830,6688,93,6688,17,6688,1,9476,2,1.0287453999917489
5,2,,2026-07-30T13:19:16.952519,106352,6652,3183,6652,802,6652,109,6653,24,6653,2,9581,2,1.0286276999977417
5,2,,2026-07-30T13:19:17.982263,106346,6530,3060,6530,801,6530,118,6529,22,6529,1,9380,3,1.0293814000033308
5,2,,2026-07-30T13:19:19.012448,106605,6617,3160,6617,712,6617,135,6617,15,6617,1,9426,0,1.0297840999846812
5,2,,2026-07-30T13:19:20.040212,106580,6600,3142,6600,805,6600,113,6600,18,6600,0,9348,3,1.0273740999982692
5,2,,2026-07-30T13:19:21.069192,106366,6534,3164,6534,777,6534,122,6534,21,6534,1,9458,2,1.0286829000106081
5,2,,2026-07-30T13:19:22.095661,106205,6574,3137,6574,800,6574,123,6574,18,6574,0,9452,3,1.0260110000090208
5,2,,2026-07-30T13:19:23.121954,106436,6576,3120,6576,844,6576,123,6576,16,6576,2,9279,2,1.0259627999912482
5,2,,2026-07-30T13:19:24.149436,106235,6633,3192,6633,772,6633,130,6633,9,6633,1,9304,2,1.027336800005287
5,2,,2026-07-30T13:19:25.178276,106240,6651,3187,6651,801,6651,122,6651,12,6651,1,9477,4,1.0284954000089783
5,2,,2026-07-30T13:19:26.207686,106542,6484,3074,6484,763,6484,130,6484,10,6484,2,9404,6,1.029023999988567
5,2,,2026-07-30T13:19:27.236446,106760,6515,3110,6515,818,6515,134,6515,17,6515,1,9370,3,1.0284160999872256
5,2,,2026-07-30T13:19:28.265599,106508,6531,3096,6531,821,6531,127,6531,16,6531,3,9249,2,1.0287637000146788
5,2,,2026-07-30T13:19:29.295122,106542,6568,3114,6568,813,6568,107,6568,23,6568,0,9653,5,1.0291209999995772
5,2,,2026-07-30T13:19:30.324412,107250,6581,3116,6581,771,6581,109,6581,16,6581,3,9433,1,1.028974199987715
5,2,,2026-07-30T13:19:31.355278,105930,6562,3104,6562,762,6562,114,6562,13,6562,0,9309,4,1.030420299997786
5,2,,2026-07-30T13:19:32.385030,106409,6624,3213,6624,836,6624,121,6624,11,6624,0,9326,4,1.0293788999842945
5,2,,2026-07-30T13:19:33.414463,107060,6766,3208,6766,857,6766,125,6766,16,6766,1,9525,1,1.0291297000076156
5,2,,2026-07-30T13:19:34.443698,107054,6639,3138,6639,817,6639,130,6639,17,6639,4,9476,2,1.0288745000143535
5,2,,2026-07-30T13:19:35.473586,106478,6573,3128,6573,827,6573,113,6573,12,6573,1,9456,2,1.0295401999901515
5,2,,2026-07-30T13:19:36.504041,106830,6544,3100,6544,787,6544,123,6544,18,6544,4,9380,0,1.030035300005693
5,2,,2026-07-30T13:19:37.535626,106454,6608,3093,6608,808,6608,109,6608,18,6608,1,9283,2,1.0310347999911755
5,2,,2026-07-30T13:19:38.565341,106989,6627,3130,6627,808,6627,119,6627,25,6627,0,9438,2,1.0292700999998488
5,2,,2026-07-30T13:19:39.594555,106646,6673,3199,6673,800,6673,117,6673,20,6673,1,9319,1,1.0287733000004664
5,2,,2026-07-30T13:19:40.623412,106549,6601,3164,6601,715,6601,111,6601,19,6601,2,9479,2,1.0284976999973878
5,2,,2026-07-30T13:19:41.654217,106875,6375,2989,6375,776,6375,132,6375,15,6375,2,9412,3,1.030393399996683
5,2,,2026-07-30T13:19:42.684058,106357,6606,3212,6606,786,6606,120,6606,19,6606,2,9247,0,1.0294402000145055
5,2,,2026-07-30T13:19:43.713468,106865,6623,3161,6623,804,6623,108,6623,22,6623,0,9333,0,1.0290344000095502
5,2,,2026-07-30T13:19:44.742315,106131,6544,3174,6544,742,6544,111,6544,13,6544,1,9545,2,1.0285174000018742
5,2,,2026-07-30T13:19:45.770769,106133,6521,3127,6521,776,6521,103,6521,10,6521,1,9205,6,1.028162100003101
5,2,,2026-07-30T13:19:46.799187,106587,6534,3056,6534,782,6534,138,6534,16,6534,2,9366,1,1.0281006000004709
5,2,,2026-07-30T13:19:47.828681,106730,6631,3093,6631,812,6631,129,6631,12,6631,1,9468,4,1.0292237999965437
5,2,,2026-07-30T13:19:48.856943,107145,6696,3175,6696,812,6696,108,6696,14,6696,0,9431,3,1.0279069000098389
5,2,,2026-07-30T13:19:49.885554,105665,6630,3124,6630,780,6630,142,6630,24,6630,1,9268,2,1.028291700000409
5,2,,2026-07-30T13:19:50.914786,106552,6535,3178,6535,755,6535,112,6535,14,6535,3,9400,6,1.0289202999847475
5,2,,2026-07-30T13:19:51.944974,106387,6625,3161,6625,775,6625,134,6625,14,6625,1,9482,3,1.0298501999932341
5,2,,2026-07-30T13:19:52.972568,107170,6586,3084,6586,816,6586,119,6586,12,6586,1,9533,4,1.0272606999787968
5,2,,2026-07-30T13:19:54.000811,106902,6534,3108,6534,795,6534,131,6534,21,6534,2,9389,3,1.0279250999737997
5,2,,2026-07-30T13:19:55.029685,106182,6635,3164,6635,775,6635,112,6635,18,6635,0,9421,2,1.0284910000045784
5,2,,2026-07-30T13:19:56.059209,107003,6636,3194,6636,842,6636,128,6636,18,6636,1,9435,1,1.0292583999980707
5,2,,2026-07-30T13:19:57.088244,106761,6653,3198,6653,768,6653,119,6653,21,6653,3,9488,2,1.028552200004924
5,2,,2026-07-30T13:19:58.118162,106589,6600,3063,6600,816,6600,114,6600,14,6600,2,9151,6,1.0295265000022482
5,2,,2026-07-30T13:19:59.148608,106258,6631,3091,6631,844,6631,117,6631,12,6631,2,9346,1,1.0300695999758318
5,2,,2026-07-30T13:20:00.176213,106970,6592,3152,6592,753,6592,122,6592,17,6592,2,9252,1,1.027217800001381
5,2,,2026-07-30T13:20:01.206074,106336,6600,3153,6600,790,6600,113,6600,17,6600,3,9233,4,1.0296135000244249
5,2,,2026-07-30T13:20:02.235665,106760,6614,3257,6614,752,6614,130,6614,7,6614,1,9255,4,1.029207099985797
5,2,,2026-07-30T13:20:03.265073,106089,6446,3039,6446,856,6446,123,6446,21,6446,3,9511,1,1.0290379999787547
5,2,,2026-07-30T13:20:04.293906,106796,6836,3155,6836,864,6836,133,6836,11,6836,1,9391,0,1.0283867999969516
5,2,,2026-07-30T13:20:05.322828,106807,6628,3125,6628,852,6628,124,6628,22,6628,2,9473,3,1.0285837999836076
5,2,,2026-07-30T13:20:06.352829,106861,6623,3178,6623,765,6623,121,6623,20,6623,0,9421,4,1.0295991000020877
5,2,,2026-07-30T13:20:07.383799,107514,6654,3204,6654,802,6654,131,6654,15,6654,1,9561,2,1.03055540000787
5,2,,2026-07-30T13:20:08.412836,106928,6661,3217,6661,784,6661,118,6661,12,6661,1,9521,4,1.0285812999936752
5,2,,2026-07-30T13:20:09.441717,106771,6666,3211,6666,802,6666,125,6666,25,6666,1,9626,7,1.0285800000128802
5,2,,2026-07-30T13:20:10.470881,106890,6574,3212,6574,804,6574,118,6574,16,6574,1,9335,1,1.028888900007587
5,2,,2026-07-30T13:20:11.499789,107137,6674,3158,6674,865,6674,140,6674,15,6674,4,9201,0,1.0286390999972355
5,2,,2026-07-30T13:20:12.528579,106289,6608,3132,6608,803,6608,124,6608,17,6608,2,9423,2,1.0284532000077888
5,2,,2026-07-30T13:20:13.557595,106318,6725,3240,6725,840,6725,101,6725,16,6725,0,9367,1,1.0286447000107728
5,2,,2026-07-30T13:20:14.586439,106836,6533,3165,6533,799,6533,123,6533,22,6533,1,9440,1,1.0285647000127938
5,2,,2026-07-30T13:20:15.615257,106572,6511,3118,6511,792,6511,118,6511,15,6511,2,9380,2,1.028448800003389
5,2,,2026-07-30T13:20:16.644507,106638,6645,3182,6645,800,6645,110,6645,18,6645,2,9283,4,1.0287306999962311
5,2,,2026-07-30T13:20:17.673961,107199,6671,3166,6671,782,6671,108,6671,18,6671,0,9473,2,1.0291370000049938
5,2,,2026-07-30T13:20:18.704021,106049,6611,3110,6611,847,6611,110,6611,19,6611,1,9325,1,1.029710899980273
5,2,,2026-07-30T13:20:19.733477,106736,6556,3145,6556,737,6556,144,6556,16,6556,0,9512,0,1.0291165000235196
5,2,,2026-07-30T13:20:20.762967,106904,6607,3196,6607,815,6607,124,6607,21,6607,3,9529,2,1.0291138000029605
5,2,,2026-07-30T13:20:21.792580,106812,6630,3227,6630,744,6630,126,6630,15,6630,1,9203,5,1.0292817000008654
5,2,,2026-07-30T13:20:22.823149,106512,6620,3083,6620,808,6620,127,6620,17,6620,1,9402,4,1.030089300009422
5,2,,2026-07-30T13:20:23.852918,106708,6614,3187,6614,756,6614,122,6614,19,6614,0,9558,1,1.0293918999959715
5,2,,2026-07-30T13:20:24.883118,106730,6745,3249,6745,853,6745,125,6745,20,6745,2,9266,5,1.029787999985274
5,2,,2026-07-30T13:20:25.913956,106520,6627,3138,6627,797,6627,112,6627,17,6627,1,9411,5,1.030438600020716
5,2,,2026-07-30T13:20:26.943199,106830,6578,3122,6578,816,6578,125,6578,11,6578,0,9499,5,1.0289061999937985
5,2,,2026-07-30T13:20:27.971961,106493,6425,3063,6425,763,6425,127,6425,22,6425,1,9361,2,1.0284405999991577
5,2,,2026-07-30T13:20:29.000892,106425,6667,3141,6667,818,6667,126,6667,16,6667,0,9387,5,1.0285481000028085
5,2,,2026-07-30T13:20:30.031480,106403,6572,3174,6572,836,6572,96,6572,18,6572,0,9465,2,1.0302236000134144
5,2,,2026-07-30T13:20:31.061567,106441,6696,3179,6696,821,6696,127,6696,17,6696,3,9219,2,1.0296434999909252
5,2,,2026-07-30T13:20:32.091270,106477,6583,3171,6583,803,6583,105,6583,14,6583,1,9388,3,1.029271899984451
5,2,,2026-07-30T13:20:33.120038,107205,6728,3193,6728,768,6728,121,6728,10,6728,3,9337,3,1.0284660999896005
5,2,,2026-07-30T13:20:34.149682,106536,6612,3127,6612,807,6612,126,6612,9,6612,2,9418,0,1.0292190000182018
5,2,,2026-07-30T13:20:35.178469,106034,6568,3137,6568,784,6568,134,6568,13,6568,1,9259,4,1.0284917000099085
5,2,,2026-07-30T13:20:36.208862,107056,6525,3172,6525,751,6525,115,6525,15,6525,2,9515,3,1.0300368999887723
5,2,,2026-07-30T13:20:37.237547,106969,6609,3120,6609,848,6609,140,6609,20,6609,4,9372,4,1.0282385000027716
5,2,,2026-07-30T13:20:38.269178,106293,6662,3128,6662,818,6662,120,6663,15,6663,1,9533,3,1.031236299982993
5,2,,2026-07-30T13:20:39.299251,107470,6597,3060,6597,809,6597,126,6596,10,6596,0,9428,5,1.0296909000026062
5,2,,2026-07-30T13:20:40.329419,106901,6734,3238,6734,817,6734,116,6734,18,6734,1,9417,4,1.0297483000031207
5,2,,2026-07-30T13:20:41.358943,106619,6543,3130,6543,813,6543,104,6543,21,6543,1,9496,5,1.0291468999930657
5,2,,2026-07-30T13:20:42.388876,106784,6574,3134,6574,788,6574,119,6574,21,6574,0,9422,3,1.029578899993794
5,2,,2026-07-30T13:20:43.419290,106770,6684,3208,6684,777,6684,120,6684,15,6684,2,9331,4,1.0298704000015277
5,2,,2026-07-30T13:20:44.450671,106683,6640,3199,6640,839,6640,132,6640,14,6640,1,9279,4,1.0307923999789637
5,2,,2026-07-30T13:20:45.479983,107251,6576,3106,6576,802,6576,121,6576,17,6576,1,9563,3,1.0288020999869332
5,2,,2026-07-30T13:20:46.509575,106229,6524,3065,6524,817,6524,131,6524,14,6524,1,9232,1,1.029254499997478
5,2,,2026-07-30T13:20:47.539847,106128,6639,3238,6639,834,6639,116,6639,15,6639,2,9385,2,1.0299381000222638
5,2,,2026-07-30T13:20:48.569949,106536,6677,3219,6677,835,6677,132,6677,18,6677,0,9349,1,1.0297433000232559
5,2,,2026-07-30T13:20:49.599942,106463,6592,3150,6592,810,6592,136,6592,11,6592,0,9293,6,1.0295006999804173
5,2,,2026-07-30T13:20:50.630206,106347,6528,3144,6528,732,6528,126,6528,21,6528,1,9513,7,1.0299096000089776
5,2,,2026-07-30T13:20:51.659511,106012,6660,3245,6660,809,6660,99,6660,19,6660,5,9417,4,1.0289904000237584
5,2,,2026-07-30T13:20:52.688880,106356,6521,3161,6521,774,6521,127,6521,18,6521,1,9328,2,1.0290630999952555
5,2,,2026-07-30T13:20:53.718661,106705,6645,3206,6645,807,6645,128,6645,23,6645,0,9259,3,1.0291954000131227
5,2,,2026-07-30T13:20:54.747756,106421,6594,3161,6594,773,6594,138,6594,19,6594,2,9479,3,1.0287605000194162
5,2,,2026-07-30T13:20:55.776049,106463,6569,3178,6569,770,6569,120,6569,13,6569,2,9256,4,1.0281187999935355
5,2,,2026-07-30T13:20:56.806149,106731,6663,3130,6663,824,6663,135,6663,16,6663,3,9417,3,1.0296533999789972
5,2,,2026-07-30T13:20:57.833447,106167,6527,3160,6527,817,6527,119,6527,14,6527,2,9370,5,1.026795600017067
5,2,,2026-07-30T13:20:58.862036,106843,6695,3189,6695,821,6695,118,6695,22,6695,0,9340,2,1.0282422000018414
5,2,,2026-07-30T13:20:59.892145,107015,6650,3142,6650,801,6650,122,6650,11,6650,0,9325,4,1.0297019999998156
5,2,,2026-07-30T13:21:00.920679,106512,6570,3161,6570,770,6570,129,6570,18,6570,3,9469,1,1.0279807000188157
5,2,,2026-07-30T13:21:01.951143,106232,6567,3140,6567,811,6567,127,6567,16,6567,1,9532,9,1.0302225000050385
5,2,,2026-07-30T13:21:02.982215,107041,6727,3241,6727,820,6727,115,6727,25,6727,1,9450,4,1.030603199993493
5,2,,2026-07-30T13:21:04.012514,106604,6613,3125,6613,793,6613,123,6613,15,6613,0,9327,3,1.0298303999879863
5,2,,2026-07-30T13:21:05.043366,106514,6616,3130,6616,810,6616,120,6616,15,6616,0,9297,5,1.0303076999844052
5,2,,2026-07-30T13:21:06.072518,106387,6636,3181,6636,812,6636,112,6636,23,6636,0,9386,1,1.028777599975001
5,2,,2026-07-30T13:21:07.102379,106733,6585,3125,6585,812,6585,116,6585,11,6585,1,9602,5,1.0294477999850642
5,2,,2026-07-30T13:21:08.131896,107089,6517,3100,6517,796,6517,124,6517,18,6517,4,9321,0,1.0291722000110894
5,2,,2026-07-30T13:21:09.160878,106326,6527,3071,6527,828,6527,102,6527,18,6527,2,9525,4,1.028571600007126
5,2,,2026-07-30T13:21:10.190938,106422,6628,3068,6628,814,6628,125,6628,25,6628,2,9240,1,1.0297106000070926
5,2,,2026-07-30T13:21:11.219873,106785,6672,3174,6672,791,6672,121,6672,17,6672,2,9369,4,1.0285845000180416
5,2,,2026-07-30T13:21:12.249468,106295,6540,3085,6540,769,6540,130,6540,19,6540,1,9239,0,1.0292614999925718
5,2,,2026-07-30T13:21:13.279789,106524,6663,3115,6663,785,6663,141,6663,13,6663,2,9388,2,1.0298937000043225
5,2,,2026-07-30T13:21:14.310780,106638,6558,3118,6558,785,6558,131,6558,14,6558,0,9352,5,1.0304417999868747
5,2,,2026-07-30T13:21:15.338859,106493,6671,3197,6671,785,6671,126,6671,19,6671,4,9308,4,1.0277831999992486
5,2,,2026-07-30T13:21:16.369032,105894,6723,3252,6723,793,6723,128,6723,16,6723,1,9366,5,1.0299102000135463
5,2,,2026-07-30T13:21:17.398413,106649,6742,3211,6742,779,6742,131,6742,16,6742,1,9194,2,1.0290263000060804
5,2,,2026-07-30T13:21:18.427860,106796,6586,3157,6586,791,6586,115,6586,11,6586,0,9302,4,1.0290658999874722
5,2,,2026-07-30T13:21:19.459569,106599,6603,3072,6603,812,6603,125,6603,16,6603,0,9599,3,1.0301570000010543
5,2,,2026-07-30T13:21:20.490438,106994,6751,3257,6751,815,6751,106,6751,10,6751,1,9470,3,1.0305284000060055
5,2,,2026-07-30T13:21:21.519179,106235,6476,3043,6476,798,6476,127,6476,19,6476,0,9424,3,1.0283097999927122
5,2,,2026-07-30T13:21:22.546965,106161,6561,3142,6561,761,6561,142,6561,18,6561,3,9329,1,1.0274944999837317
5,2,,2026-07-30T13:21:23.576797,106525,6603,3193,6603,784,6603,120,6603,20,6603,1,9301,4,1.029590799997095
5,2,,2026-07-30T13:21:24.605210,106755,6637,3197,6637,810,6637,119,6637,13,6637,1,9512,5,1.0281115999969188
5,2,,2026-07-30T13:21:25.635190,106203,6409,3108,6409,775,6409,110,6409,8,6409,1,9345,4,1.0296201999881305
5,2,,2026-07-30T13:21:26.665476,106632,6483,3098,6483,768,6483,123,6483,19,6483,1,9375,4,1.0298443000065163
5,2,,2026-07-30T13:21:27.694525,107345,6650,3170,6650,805,6650,114,6650,16,6650,3,9409,4,1.02864080001018
5,2,,2026-07-30T13:21:28.723933,107048,6549,3123,6549,754,6549,115,6549,17,6549,0,9367,3,1.02901539998129
5,2,,2026-07-30T13:21:29.753007,107207,6558,3115,6558,812,6558,97,6558,16,6558,5,9609,5,1.0286741000018083
5,2,,2026-07-30T13:21:30.783023,106420,6626,3132,6626,815,6626,106,6626,22,6626,4,9263,3,1.0297163000213914
5,2,,2026-07-30T13:21:31.812231,106526,6695,3144,6695,765,6695,140,6695,16,6695,0,9520,4,1.0288375999953132
5,2,,2026-07-30T13:21:32.841511,106013,6594,3183,6594,761,6594,113,6594,18,6594,1,9352,3,1.0288836999970954
5,2,,2026-07-30T13:21:33.870407,106362,6615,3103,6615,764,6615,123,6615,12,6615,0,9276,3,1.0285021000017878
5,2,,2026-07-30T13:21:34.899124,106890,6634,3154,6634,792,6634,133,6634,14,6634,1,9291,0,1.028221599990502
5,2,,2026-07-30T13:21:35.928575,106311,6513,3115,6513,788,6513,117,6513,25,6513,1,9440,1,1.0291674999753013
5,2,,2026-07-30T13:21:36.957597,106128,6647,3185,6647,799,6647,84,6647,11,6647,0,9432,3,1.0286271000222769
5,2,,2026-07-30T13:21:37.987393,106352,6698,3159,6698,825,6698,128,6698,11,6698,0,9372,2,1.0294451000227127
5,2,,2026-07-30T13:21:39.016729,107165,6727,3226,6727,797,6727,131,6727,16,6727,1,9572,4,1.0290688999812119
5,2,,2026-07-30T13:21:40.045323,106191,6394,3031,6394,846,6394,112,6394,18,6394,0,9188,2,1.0281518000119831
5,2,,2026-07-30T13:21:41.075587,107143,6644,3220,6644,805,6644,116,6644,19,6644,1,9474,5,1.0298759999859612
5,2,,2026-07-30T13:21:42.104455,106294,6517,3135,6517,798,6517,125,6517,8,6517,1,9529,4,1.0285242999962065
5,2,,2026-07-30T13:21:43.133485,106230,6715,3220,6715,799,6715,112,6715,17,6715,3,9224,1,1.028595999989193
5,2,,2026-07-30T13:21:44.164478,106522,6677,3151,6677,803,6677,120,6677,23,6677,2,9393,6,1.0304304999881424
5,2,,2026-07-30T13:21:45.195471,107246,6612,3184,6612,776,6612,126,6612,19,6612,0,9290,5,1.0304327000048943
5,2,,2026-07-30T13:21:46.224022,106584,6658,3201,6658,804,6658,121,6658,19,6658,2,9321,2,1.028140300011728
5,2,,2026-07-30T13:21:47.253318,106079,6570,3097,6570,752,6570,125,6570,20,6570,2,9313,4,1.0290136000257917
5,2,,2026-07-30T13:21:48.281536,105622,6487,3061,6487,793,6487,118,6487,19,6487,1,9288,4,1.0278932000219356
5,2,,2026-07-30T13:21:49.309461,106423,6560,3030,6560,789,6560,138,6560,14,6560,3,9398,3,1.0275889999757055
5,2,,2026-07-30T13:21:50.338784,106262,6558,3170,6558,789,6558,114,6558,19,6558,0,9343,1,1.0291772999917157
5,2,,2026-07-30T13:21:51.368719,106418,6597,3174,6597,820,6597,130,6597,15,6597,2,9317,3,1.0296164999890607
5,2,,2026-07-30T13:21:52.400071,107229,6661,3135,6661,762,6661,105,6661,24,6661,1,9415,3,1.0309306999843102
5,2,,2026-07-30T13:21:53.428918,106411,6721,3153,6721,809,6721,138,6721,15,6721,2,9320,4,1.028438700013794
5,2,,2026-07-30T13:21:54.457606,106541,6411,3114,6411,760,6411,114,6411,16,6411,3,9426,5,1.028284400003031
5,2,,2026-07-30T13:21:55.487239,106939,6555,3182,6555,783,6555,138,6555,10,6555,0,9504,3,1.0292746000050101
5,2,,2026-07-30T13:21:56.515143,106052,6551,3151,6551,762,6551,118,6551,16,6551,2,9535,1,1.027599699998973
5,2,,2026-07-30T13:21:57.543926,105999,6491,3132,6491,780,6491,151,6491,17,6491,1,9412,1,1.0284543999878224
5,2,,2026-07-30T13:21:58.571821,105937,6623,3173,6623,827,6623,127,6623,19,6623,1,9305,2,1.027556100016227
5,2,,2026-07-30T13:21:59.601250,106763,6691,3247,6691,779,6691,122,6691,19,6691,0,9300,5,1.0291859999997541
5,2,,2026-07-30T13:22:00.630325,106697,6668,3180,6668,867,6668,107,6668,18,6668,1,9386,3,1.0286707000050228
5,2,,2026-07-30T13:22:01.659843,106312,6410,3089,6410,729,6410,126,6410,18,6410,2,9229,4,1.0291167000250425
5,2,,2026-07-30T13:22:02.689914,106615,6607,3157,6607,763,6607,136,6607,24,6607,2,9341,4,1.0296360999927856
5,2,,2026-07-30T13:22:03.719648,105869,6492,3061,6492,770,6492,112,6492,16,6492,1,9188,0,1.0292431999987457
5,2,,2026-07-30T13:22:04.748772,106706,6544,3144,6544,796,6544,121,6544,15,6544,1,9299,3,1.028675799985649
5,2,,2026-07-30T13:22:05.778998,106235,6696,3176,6696,756,6696,121,6696,19,6696,0,9344,3,1.029787799983751
5,2,,2026-07-30T13:22:06.807392,106361,6572,3165,6572,786,6572,125,6572,18,6572,1,9186,2,1.0278626000217628
5,2,,2026-07-30T13:22:07.836930,106651,6627,3078,6627,853,6627,120,6627,18,6627,0,9436,5,1.0291003000165801
5,2,,2026-07-30T13:22:08.866033,106065,6719,3202,6719,791,6719,105,6719,21,6719,4,9385,3,1.0286620999977458
5,2,,2026-07-30T13:22:09.895904,105470,6612,3215,6612,820,6612,133,6612,12,6612,2,9296,1,1.0295168999873567
5,2,,2026-07-30T13:22:10.926565,106677,6574,3180,6574,813,6574,106,6574,13,6574,1,9275,4,1.030133799999021
5,2,,2026-07-30T13:22:11.956538,106185,6493,3098,6493,785,6493,117,6493,14,6493,3,9399,0,1.0296212000248488
5,2,,2026-07-30T13:22:12.986223,106443,6507,3100,6507,733,6507,119,6507,19,6507,1,9448,7,1.0292186999868136
5,2,,2026-07-30T13:22:14.015698,106784,6567,3130,6567,818,6567,134,6567,17,6567,1,9414,3,1.0289749999938067
5,2,,2026-07-30T13:22:15.045402,106738,6688,3271,6688,810,6688,123,6688,13,6688,0,9355,6,1.029359200008912
5,2,,2026-07-30T13:22:16.075301,106825,6543,3119,6543,785,6543,116,6543,24,6543,0,9329,3,1.029532200016547
5,2,,2026-07-30T13:22:17.105222,106727,6657,3187,6657,838,6657,110,6657,17,6657,1,9230,3,1.0294411000213586
5,2,,2026-07-30T13:22:18.134658,106663,6730,3232,6730,812,6730,125,6730,16,6730,1,9447,2,1.0290747999970336
5,2,,2026-07-30T13:22:19.164554,105926,6588,3156,6588,778,6588,132,6588,13,6588,3,9301,4,1.0293914999929257
5,2,,2026-07-30T13:22:20.194073,106310,6661,3150,6661,836,6661,106,6661,17,6661,0,9402,5,1.0290951000060886
5,2,,2026-07-30T13:22:21.224659,106510,6659,3165,6659,834,6659,127,6659,23,6659,3,9512,4,1.030238899984397
5,2,,2026-07-30T13:22:22.252730,106177,6749,3198,6749,786,6749,154,6749,14,6749,0,9333,0,1.0277458000055049
5,2,,2026-07-30T13:22:23.281360,106142,6564,3111,6564,768,6564,113,6564,23,6564,0,9333,3,1.0281679000181612
5,2,,2026-07-30T13:22:24.310575,106543,6604,3206,6604,789,6604,115,6604,8,6604,1,9266,5,1.0288713999907486
5,2,,2026-07-30T13:22:25.337890,106749,6582,3114,6582,834,6582,109,6582,13,6582,0,9469,1,1.0270053000131156
5,2,,2026-07-30T13:22:26.368017,106581,6724,3185,6724,832,6724,108,6724,18,6724,0,9354,3,1.029788699990604
5,2,,2026-07-30T13:22:27.399377,105981,6560,3126,6560,809,6560,129,6560,18,6560,1,9321,2,1.0309782000258565
5,2,,2026-07-30T13:22:28.427477,106782,6626,3178,6626,808,6626,120,6626,23,6626,2,9187,2,1.0276325999875553
5,2,,2026-07-30T13:22:29.458495,106542,6489,3076,6489,799,6489,110,6489,25,6489,3,9389,3,1.0306589999818243
5,2,,2026-07-30T13:22:30.487317,106352,6664,3180,6664,846,6664,122,6664,23,6664,0,9272,5,1.0284937999967951
5,2,,2026-07-30T13:22:31.516728,106621,6569,3152,6569,788,6569,118,6569,18,6569,0,9183,2,1.0291050000232644
5,2,,2026-07-30T13:22:32.546403,106844,6664,3146,6664,784,6664,145,6664,21,6664,2,9305,1,1.0291891999950167
5,2,,2026-07-30T13:22:33.575745,106962,6657,3153,6657,801,6657,123,6657,14,6657,0,9426,0,1.0289193000062369
5,2,,2026-07-30T13:22:34.603824,106269,6640,3226,6640,760,6640,127,6640,18,6640,1,9196,6,1.0276433000108227
5,2,,2026-07-30T13:22:35.634482,106517,6611,3150,6611,778,6611,114,6611,20,6611,0,9228,4,1.030339199991431
5,2,,2026-07-30T13:22:36.664015,106134,6451,3115,6451,798,6451,126,6451,23,6451,1,9466,2,1.0291336000082083
5,2,,2026-07-30T13:22:37.694608,106551,6582,3167,6582,782,6582,119,6582,10,6582,1,9326,6,1.030261400010204
5,2,,2026-07-30T13:22:38.724763,106065,6564,3125,6564,826,6564,120,6564,12,6564,1,9415,3,1.029653400008101
5,2,,2026-07-30T13:22:39.752380,106950,6610,3163,6610,784,6610,128,6610,18,6610,0,9348,3,1.027064199995948
5,2,,2026-07-30T13:22:40.782636,106423,6666,3114,6666,844,6666,126,6666,16,6666,1,9315,4,1.0299870999879204
5,2,,2026-07-30T13:22:41.810092,106263,6489,3083,6489,785,6489,119,6489,10,6489,0,9276,2,1.0271090000169352
5,2,,2026-07-30T13:22:42.837520,105804,6529,3072,6529,785,6529,116,6529,13,6529,1,9436,2,1.0272117000131402
5,2,,2026-07-30T13:22:43.866533,106133,6551,3144,6551,823,6551,122,6551,16,6551,1,9432,4,1.028718999994453
5,2,,2026-07-30T13:22:44.896332,106718,6542,3231,6542,747,6542,102,6542,14,6542,2,9338,5,1.0295272000075784
5,2,,2026-07-30T13:22:45.925718,106332,6538,3120,6538,777,6538,112,6538,16,6538,0,9361,3,1.0291081999894232
5,2,,2026-07-30T13:22:46.955139,106234,6771,3201,6771,852,6771,132,6771,19,6771,3,9363,3,1.029009899997618
5,2,,2026-07-30T13:22:47.984178,105512,6490,3138,6490,738,6490,132,6490,12,6490,2,9224,6,1.0286880000203382
5,2,,2026-07-30T13:22:49.014821,106541,6613,3110,6613,796,6613,128,6613,21,6613,2,9413,4,1.0301031000271905
5,2,,2026-07-30T13:22:50.045705,106569,6584,3124,6584,768,6584,131,6584,15,6584,0,9311,3,1.0305140000127722
5,2,,2026-07-30T13:22:51.074960,106739,6593,3151,6593,796,6593,123,6593,13,6593,5,9438,3,1.028827000001911
5,2,,2026-07-30T13:22:52.104310,105741,6387,2980,6387,749,6387,119,6387,16,6387,0,9352,2,1.0289451999997254
5,2,,2026-07-30T13:22:53.135109,106590,6617,3156,6617,798,6617,110,6617,13,6617,1,9407,1,1.0304013999993913
5,2,,2026-07-30T13:22:54.164988,106571,6540,3132,6540,793,6540,131,6540,14,6540,0,9392,0,1.0294896000123117
5,2,,2026-07-30T13:22:55.193832,106789,6603,3192,6603,807,6603,92,6603,17,6603,1,9305,3,1.028452800004743
5,2,,2026-07-30T13:22:56.223135,106876,6608,3168,6608,797,6608,120,6608,18,6608,1,9505,3,1.0289641999988817
5,2,,2026-07-30T13:22:57.253458,105651,6486,3106,6486,810,6486,107,6486,21,6486,1,9463,1,1.0299398000061046
5,2,,2026-07-30T13:22:58.280905,106442,6525,3122,6525,751,6525,106,6525,17,6525,1,9378,5,1.0272521000006236
5,2,,2026-07-30T13:22:59.308936,106318,6607,3129,6607,810,6607,144,6607,17,6607,2,9286,2,1.027811300009489
5,2,,2026-07-30T13:23:00.337232,106677,6556,3142,6556,814,6556,115,6556,22,6556,0,9230,4,1.0280005999957211
5,2,,2026-07-30T13:23:01.366572,106295,6555,3065,6556,778,6556,127,6556,18,6556,0,9503,2,1.0290193999826442
5,2,,2026-07-30T13:23:02.396464,106749,6473,3130,6472,762,6472,119,6472,18,6472,2,9245,4,1.0294962999760173
5,2,,2026-07-30T13:23:03.427263,106683,6617,3087,6617,814,6617,129,6617,13,6617,1,9314,2,1.030510199983837
5,2,,2026-07-30T13:23:04.455005,106310,6458,3039,6458,774,6458,115,6458,16,6458,2,9307,2,1.0274767000228167
5,2,,2026-07-30T13:23:05.484829,106699,6603,3182,6603,798,6603,131,6603,15,6603,2,9478,1,1.0295983999967575
5,2,,2026-07-30T13:23:06.514024,106578,6610,3151,6610,837,6610,117,6610,13,6610,0,9242,2,1.0287889999744948
5,2,,2026-07-30T13:23:07.543134,106139,6627,3123,6627,841,6627,113,6627,17,6627,1,9337,2,1.0288006000046153
5,2,,2026-07-30T13:23:08.573229,105730,6421,3055,6421,776,6421,113,6421,17,6421,1,9282,0,1.0297531000105664
5,2,,2026-07-30T13:23:09.602149,106379,6673,3107,6673,823,6673,108,6673,17,6673,0,9534,3,1.0284379000077024
5,2,,2026-07-30T13:23:10.629849,106391,6644,3176,6644,792,6644,110,6644,16,6644,3,9348,3,1.0273824000032619
5,2,,2026-07-30T13:23:11.659911,106320,6631,3200,6631,783,6631,121,6631,18,6631,0,9254,0,1.0297558000020217
5,2,,2026-07-30T13:23:12.690994,105805,6547,3098,6547,774,6547,119,6547,22,6547,2,9350,4,1.0305397000047378
5,2,,2026-07-30T13:23:13.722003,106497,6648,3183,6648,869,6648,119,6648,17,6648,0,9242,4,1.0305128000036348
5,2,,2026-07-30T13:23:14.752007,106471,6697,3178,6697,808,6697,134,6697,15,6697,1,9339,6,1.0295713000232354
5,2,,2026-07-30T13:23:15.782462,105969,6459,3067,6459,822,6459,124,6459,11,6459,0,9248,3,1.0300701999804005
5,2,,2026-07-30T13:23:16.811538,106171,6632,3047,6632,798,6632,118,6632,21,6632,1,9388,1,1.0286168000020552
5,2,,2026-07-30T13:23:17.840524,106348,6545,3077,6545,812,6545,145,6545,14,6545,2,9400,3,1.0286363999766763
5,2,,2026-07-30T13:23:18.869893,105952,6719,3221,6719,774,6719,107,6719,11,6719,0,9191,6,1.0289943999960087
5,2,,2026-07-30T13:23:19.899114,106013,6570,3186,6570,784,6570,107,6570,15,6570,1,9415,7,1.0286678000120446
5,2,,2026-07-30T13:23:20.929347,106476,6501,3065,6501,808,6501,126,6501,11,6501,5,9233,2,1.029941000015242
5,2,,2026-07-30T13:23:21.957007,106142,6525,3064,6525,784,6525,103,6525,16,6525,0,9524,1,1.0272174999990966
5,2,,2026-07-30T13:23:22.985732,106266,6550,3119,6550,771,6550,115,6550,18,6550,0,9461,2,1.0284908000030555
5,2,,2026-07-30T13:23:24.015980,106560,6683,3267,6683,819,6683,115,6683,18,6683,0,9205,2,1.0297047999920323
5,2,,2026-07-30T13:23:25.046775,106445,6739,3173,6739,814,6739,132,6739,17,6739,0,9293,2,1.0303888999915216
5,2,,2026-07-30T13:23:26.074497,106314,6593,3088,6593,818,6593,118,6593,21,6593,2,9399,1,1.0273765999882016
5,2,,2026-07-30T13:23:27.101649,106234,6647,3181,6647,792,6647,115,6647,25,6647,0,9356,2,1.0269166999787558
5,2,,2026-07-30T13:23:28.132302,105588,6544,3155,6544,794,6544,123,6544,6,6544,1,9197,11,1.030360299977474
5,2,,2026-07-30T13:23:29.161104,106466,6524,3025,6524,838,6524,127,6524,16,6524,0,9379,3,1.0285834000096656
5,2,,2026-07-30T13:23:30.188751,106461,6578,3063,6578,849,6578,137,6578,15,6578,2,9317,0,1.0273245999997016
5,2,,2026-07-30T13:23:31.217280,106411,6524,3175,6524,758,6524,112,6524,8,6524,2,9327,4,1.028202900022734
5,2,,2026-07-30T13:23:32.247356,106121,6639,3138,6639,790,6639,116,6639,12,6639,2,9258,3,1.029519400006393
5,2,,2026-07-30T13:23:33.277012,105774,6452,3085,6452,731,6452,132,6452,26,6452,1,9347,3,1.0292335999838542
5,2,,2026-07-30T13:23:34.306306,105989,6431,3079,6431,783,6431,133,6431,27,6431,1,9266,3,1.0290287999960128
5,2,,2026-07-30T13:23:35.335638,106197,6619,3237,6619,801,6619,129,6619,9,6619,0,9314,1,1.0290007999865338
5,2,,2026-07-30T13:23:36.364532,106222,6624,3182,6624,784,6624,112,6624,10,6624,0,9195,1,1.0284269000112545
5,2,,2026-07-30T13:23:37.395801,106274,6625,3198,6625,756,6625,135,6625,13,6625,1,9362,4,1.030752399994526
5,2,,2026-07-30T13:23:38.425416,106261,6690,3115,6690,839,6690,113,6690,21,6690,1,9487,3,1.029262199997902
5,2,,2026-07-30T13:23:39.455306,105402,6455,3032,6455,770,6455,119,6455,20,6455,2,9410,4,1.0294587000098545
5,2,,2026-07-30T13:23:40.484499,106656,6527,3164,6527,803,6527,103,6527,18,6527,2,9385,3,1.0288537999731489
5,2,,2026-07-30T13:23:41.513964,106196,6641,3193,6641,780,6641,117,6641,17,6641,1,9364,2,1.0290754000016022
5,2,,2026-07-30T13:23:42.542791,105815,6356,3055,6356,695,6356,137,6356,15,6356,1,9507,1,1.0283657000109088
5,2,,2026-07-30T13:23:43.572840,105575,6644,3227,6644,813,6644,111,6644,19,6644,0,9314,3,1.0296173999959137
5,2,,2026-07-30T13:23:44.603398,106567,6498,3041,6498,773,6498,130,6498,13,6498,2,9326,4,1.0300987999944482
5,2,,2026-07-30T13:23:45.633216,106678,6720,3256,6720,801,6720,118,6720,13,6720,1,9261,2,1.0294510000094306
5,2,,2026-07-30T13:23:46.660250,106302,6613,3163,6613,801,6613,124,6613,15,6613,2,9473,2,1.0267002999898978
5,2,,2026-07-30T13:23:47.687367,105469,6539,3106,6539,813,6539,121,6539,18,6539,0,9258,1,1.0268259000149556
5,2,,2026-07-30T13:23:48.717544,105881,6676,3087,6676,844,6676,125,6676,20,6676,1,9278,3,1.029765800019959
5,2,,2026-07-30T13:23:49.748607,106658,6495,3099,6495,784,6495,126,6495,15,6495,1,9413,2,1.0306402000132948
5,2,,2026-07-30T13:23:50.778385,106443,6588,3133,6588,858,6588,108,6588,19,6588,0,9248,2,1.0293177999847103
5,2,,2026-07-30T13:23:51.807985,106454,6653,3119,6653,826,6653,136,6653,10,6653,0,9492,2,1.0291587999963667
5,2,,2026-07-30T13:23:52.837866,106649,6488,3103,6488,799,6488,127,6488,9,6488,1,9171,2,1.0294774000067264
5,2,,2026-07-30T13:23:53.868234,105710,6524,3112,6524,777,6524,122,6524,21,6524,1,9306,3,1.029881900001783
5,2,,2026-07-30T13:23:54.898380,106034,6588,3104,6588,779,6588,128,6588,12,6588,1,9371,3,1.0295509000134189
5,2,,2026-07-30T13:23:55.927433,107048,6590,3126,6590,782,6590,127,6590,16,6590,0,9331,3,1.0286939999787137
5,2,,2026-07-30T13:23:56.957501,106362,6459,3028,6459,789,6459,116,6459,20,6459,1,9337,2,1.0295534000033513
5,2,,2026-07-30T13:23:57.987337,105866,6528,3159,6528,781,6528,126,6528,14,6528,0,9264,4,1.0295104999968316
5,2,,2026-07-30T13:23:59.018142,106372,6584,3123,6584,775,6584,114,6584,10,6584,3,9501,4,1.0304599999799393
5,2,,2026-07-30T13:24:00.045163,106177,6500,3160,6500,779,6500,112,6500,17,6500,2,9225,1,1.026561100006802
5,2,,2026-07-30T13:24:01.074489,105440,6615,3128,6615,809,6615,121,6615,17,6615,1,9410,4,1.029080399981467
5,2,,2026-07-30T13:24:02.104648,106371,6527,3126,6527,794,6527,119,6527,22,6527,1,9423,1,1.0297161000198685
5,2,,2026-07-30T13:24:03.136062,106225,6471,3032,6471,790,6471,122,6471,14,6471,1,9336,0,1.031001199997263
5,2,,2026-07-30T13:24:04.166283,106521,6616,3233,6616,734,6616,124,6616,26,6616,1,9425,4,1.0298159000230953
5,2,,2026-07-30T13:24:05.196685,106342,6540,3116,6540,788,6540,104,6540,14,6540,3,9075,4,1.0300074999977369
5,2,,2026-07-30T13:24:06.226758,106653,6584,3121,6584,834,6584,132,6584,19,6584,2,9357,5,1.0296813999884762
5,2,,2026-07-30T13:24:07.255824,106844,6474,3111,6474,769,6474,123,6474,17,6474,1,9429,2,1.0287333000160288
5,2,,2026-07-30T13:24:08.283890,105807,6656,3196,6656,834,6656,130,6656,16,6656,1,9223,4,1.0276325999875553
5,2,,2026-07-30T13:24:09.313038,106404,6585,3150,6585,793,6585,118,6585,21,6585,0,9466,4,1.0289697999833152
5,2,,2026-07-30T13:24:10.343145,106314,6626,3117,6626,813,6626,119,6626,14,6626,0,9191,2,1.0296160999860149
5,2,,2026-07-30T13:24:11.372215,106621,6610,3127,6610,815,6610,132,6610,20,6610,1,9427,5,1.0285489000089
5,2,,2026-07-30T13:24:12.401618,106677,6538,3127,6538,768,6538,122,6538,11,6538,1,9296,3,1.0289684999734163
5,2,,2026-07-30T13:24:13.432042,105754,6681,3175,6681,855,6681,141,6681,13,6681,1,9438,1,1.029997600009665
5,2,,2026-07-30T13:24:14.462611,106721,6510,3163,6510,797,6510,120,6510,17,6510,1,9414,1,1.0300544000056107
5,2,,2026-07-30T13:24:15.493183,106391,6517,3104,6517,837,6517,113,6517,14,6517,2,9341,3,1.029972699994687
5,2,,2026-07-30T13:24:16.522528,106363,6596,3159,6596,791,6596,145,6596,19,6596,0,9365,2,1.0286924999963958
5,2,,2026-07-30T13:24:17.552027,106699,6619,3113,6619,810,6619,139,6619,17,6619,0,9334,2,1.0291361999989022
5,2,,2026-07-30T13:24:18.582663,106871,6723,3159,6723,834,6723,138,6723,12,6723,3,9458,5,1.0302625999902375
5,2,,2026-07-30T13:24:19.611534,106035,6569,3159,6569,812,6569,146,6569,16,6569,0,9459,3,1.028500200016424
5,2,,2026-07-30T13:24:20.638604,106278,6677,3201,6677,789,6677,134,6677,11,6677,2,9268,4,1.0267070999834687
5,2,,2026-07-30T13:24:21.667173,105707,6506,3100,6506,761,6506,115,6506,20,6506,2,9198,2,1.0283001000061631
5,2,,2026-07-30T13:24:22.696398,105982,6451,3058,6451,745,6451,115,6451,19,6451,0,9293,2,1.0288455999980215
5,2,,2026-07-30T13:24:23.725907,106023,6364,2972,6364,842,6364,112,6364,15,6364,0,9342,5,1.0291996000159997
5,2,,2026-07-30T13:24:24.755343,106148,6433,3113,6433,786,6433,107,6433,14,6433,3,9406,1,1.029105099994922
5,2,,2026-07-30T13:24:25.784462,106303,6482,3116,6482,789,6482,146,6482,15,6482,2,9484,4,1.0287788999849
5,2,,2026-07-30T13:24:26.811584,106169,6538,3092,6538,780,6538,126,6538,17,6538,2,9455,0,1.0268116999941412
5,2,,2026-07-30T13:24:27.841181,106019,6692,3283,6692,768,6692,142,6692,11,6692,1,9449,4,1.0292916000180412
5,2,,2026-07-30T13:24:28.869814,105898,6599,3144,6599,793,6599,116,6599,12,6599,1,9240,5,1.0283135999925435
5,2,,2026-07-30T13:24:29.900100,106295,6623,3154,6623,773,6623,117,6623,20,6623,2,9323,1,1.0298664000001736
5,2,,2026-07-30T13:24:30.928970,106397,6575,3093,6575,843,6575,123,6575,18,6575,0,9380,1,1.0282136999885552
5,2,,2026-07-30T13:24:31.959217,106141,6513,3049,6513,822,6513,119,6513,22,6513,1,9408,2,1.0297752999758814
5,2,,2026-07-30T13:24:32.988497,106365,6658,3247,6658,794,6658,128,6658,16,6658,1,9340,5,1.0287920999980997
5,2,,2026-07-30T13:24:34.018620,106551,6752,3187,6752,859,6752,128,6752,14,6752,1,9444,4,1.0297955000132788
5,2,,2026-07-30T13:24:35.047832,106319,6539,3113,6539,800,6539,104,6539,13,6539,0,9201,2,1.0289110000012442
5,2,,2026-07-30T13:24:36.077458,106650,6731,3244,6731,769,6731,115,6731,10,6731,1,9340,4,1.0292593000049237
5,2,,2026-07-30T13:24:37.107820,106091,6632,3150,6632,807,6632,129,6632,14,6632,2,9391,2,1.0301031999988481
5,2,,2026-07-30T13:24:38.137904,105854,6528,3139,6529,774,6529,122,6529,12,6529,3,9277,5,1.0297857999976259
5,2,,2026-07-30T13:24:39.167400,106241,6626,3108,6625,815,6625,123,6625,21,6625,3,9459,3,1.029081100015901
5,2,,2026-07-30T13:24:40.196508,106229,6675,3166,6675,810,6675,130,6675,19,6675,1,9319,3,1.0287267999956384
5,2,,2026-07-30T13:24:41.226801,106423,6527,3113,6527,794,6527,136,6527,17,6527,3,9224,4,1.0298214000067674
5,2,,2026-07-30T13:24:42.256840,105681,6476,3033,6477,816,6477,107,6477,17,6477,0,9386,1,1.0297155000152998
5,2,,2026-07-30T13:24:43.287301,106210,6679,3188,6678,831,6678,117,6678,16,6678,2,9358,1,1.030028500012122
5,2,,2026-07-30T13:24:44.317559,106704,6566,3146,6566,787,6566,127,6566,9,6566,2,9578,3,1.0297718000074383
5,2,,2026-07-30T13:24:45.347156,106329,6735,3212,6735,811,6735,123,6735,19,6735,1,9291,3,1.0292637999809813
5,2,,2026-07-30T13:24:46.377447,106390,6620,3193,6620,805,6620,119,6620,19,6620,1,9388,0,1.0297116999863647
5,2,,2026-07-30T13:24:47.407078,106273,6635,3177,6635,780,6635,132,6635,18,6635,0,9351,3,1.0293001999962144
5,2,,2026-07-30T13:24:48.436007,106261,6634,3095,6634,798,6634,127,6634,19,6634,2,9285,2,1.028536300000269
5,2,,2026-07-30T13:24:49.465206,105952,6693,3183,6693,849,6693,126,6693,18,6693,3,9217,2,1.0287840000237338
5,2,,2026-07-30T13:24:50.493115,105772,6569,3078,6569,812,6569,139,6569,12,6569,0,9319,3,1.027598400018178
5,2,,2026-07-30T13:24:51.522681,106146,6609,3154,6609,818,6609,102,6609,20,6609,1,9234,5,1.0292268999910448
5,2,,2026-07-30T13:24:52.553215,106007,6600,3128,6600,842,6600,130,6600,13,6600,1,9286,0,1.0301554999896325
5,2,,2026-07-30T13:24:53.582293,105696,6487,3075,6487,751,6487,125,6487,13,6487,1,9230,0,1.0285780999984127
5,2,,2026-07-30T13:24:54.612345,106264,6692,3221,6692,835,6692,126,6692,16,6692,2,9275,2,1.029632899997523
5,2,,2026-07-30T13:24:55.642185,106687,6588,3099,6588,823,6588,124,6588,24,6588,0,9445,1,1.0294702000101097
5,2,,2026-07-30T13:24:56.670279,106503,6636,3138,6636,806,6636,123,6636,16,6636,1,9370,2,1.0275163000042085
5,2,,2026-07-30T13:24:57.700000,105984,6548,3079,6548,747,6548,144,6548,21,6548,1,9234,5,1.029301700007636
5,2,,2026-07-30T13:24:58.727611,105980,6654,3156,6654,799,6654,135,6654,19,6654,0,9244,4,1.027266499993857
5,2,,2026-07-30T13:24:59.755943,105572,6592,3152,6592,745,6592,111,6592,18,6592,2,9290,1,1.0280889999994542
5,2,,2026-07-30T13:25:00.784324,106454,6594,3105,6594,816,6594,115,6594,18,6594,2,9339,2,1.0280764999915846
5,2,,2026-07-30T13:25:01.812673,106328,6577,3178,6577,793,6577,117,6577,14,6577,0,9362,3,1.0280474000028335
5,2,,2026-07-30T13:25:02.839526,105822,6687,3200,6687,748,6687,122,6687,19,6687,0,9346,5,1.026657599984901
5,2,,2026-07-30T13:25:03.867725,106160,6570,3040,6570,825,6570,132,6570,19,6570,3,9248,1,1.0280045999970753
5,2,,2026-07-30T13:25:04.894932,106024,6415,3036,6415,824,6415,95,6415,15,6415,3,9159,5,1.0268692999961786
5,2,,2026-07-30T13:25:05.924545,105511,6603,3116,6603,761,6603,118,6603,17,6603,3,9237,5,1.0293541999999434
5,2,,2026-07-30T13:25:06.952629,105983,6495,3107,6495,773,6495,113,6495,15,6495,2,9169,2,1.0277290999947581
5,2,,2026-07-30T13:25:07.981112,106047,6612,3118,6612,794,6612,104,6612,21,6612,3,9495,2,1.0282200000074226
5,2,,2026-07-30T13:25:09.011782,105956,6545,3096,6545,789,6545,128,6545,20,6545,3,9184,7,1.0302763000072446
5,2,,2026-07-30T13:25:10.039974,106854,6578,3026,6578,792,6578,136,6578,15,6578,3,9485,2,1.0275353000033647
5,2,,2026-07-30T13:25:11.067376,105659,6630,3095,6630,772,6630,138,6630,20,6630,1,9399,1,1.0270828000211623
5,2,,2026-07-30T13:25:12.096563,105303,6475,3094,6475,746,6475,116,6475,14,6475,4,9278,3,1.028992500010645
5,2,,2026-07-30T13:25:13.126336,105825,6491,3142,6491,774,6491,116,6491,17,6491,0,9414,3,1.0292804000200704
5,2,,2026-07-30T13:25:14.157618,106422,6535,3095,6535,785,6535,107,6535,12,6535,3,9306,3,1.0308645000040997
5,2,,2026-07-30T13:25:15.186791,106061,6687,3158,6687,765,6687,136,6687,22,6687,1,9326,3,1.0287925000011455
5,2,,2026-07-30T13:25:16.216315,105855,6561,3115,6561,792,6561,114,6561,12,6561,0,9226,3,1.0291051999956835
5,2,,2026-07-30T13:25:17.246237,106321,6606,3128,6606,794,6606,120,6606,15,6606,4,9204,2,1.0294213999877684
5,2,,2026-07-30T13:25:18.275089,106260,6668,3176,6668,782,6668,115,6668,15,6668,1,9175,5,1.02847279998241
5,2,,2026-07-30T13:25:19.304671,105096,6641,3193,6641,768,6641,140,6641,19,6641,1,9178,4,1.0291205999965314
5,2,,2026-07-30T13:25:20.333429,105743,6558,3123,6558,785,6558,118,6558,10,6558,1,9312,1,1.028373000008287
5,2,,2026-07-30T13:25:21.363527,106703,6575,3174,6575,777,6575,121,6575,23,6575,0,9412,0,1.0295251999923494
5,2,,2026-07-30T13:25:22.391715,106145,6630,3217,6630,791,6630,129,6630,12,6630,1,9354,2,1.0278182000038214
5,2,,2026-07-30T13:25:23.420462,106168,6621,3135,6621,813,6621,110,6621,22,6621,1,9193,2,1.0284920000121929
5,2,,2026-07-30T13:25:24.450397,105879,6449,3111,6449,736,6449,120,6449,14,6449,3,9346,1,1.0295851999835577
5,2,,2026-07-30T13:25:25.481573,105972,6696,3178,6696,827,6696,129,6696,16,6696,3,9426,4,1.030733899999177
5,2,,2026-07-30T13:25:26.512512,106806,6607,3140,6607,813,6607,110,6607,11,6607,0,9409,1,1.0304426999937277
5,2,,2026-07-30T13:25:27.540680,106094,6814,3295,6814,776,6814,121,6814,17,6814,2,9477,3,1.0277474999893457
5,2,,2026-07-30T13:25:28.569604,106273,6697,3181,6697,796,6697,133,6697,17,6697,3,9411,2,1.0285761000122875
5,2,,2026-07-30T13:25:29.599571,105767,6499,3039,6499,768,6499,117,6499,19,6499,1,9351,4,1.0294967999798246
5,2,,2026-07-30T13:25:30.628800,106069,6587,3072,6587,819,6587,134,6587,14,6587,1,9376,2,1.028856499993708
5,2,,2026-07-30T13:25:31.656720,106178,6599,3158,6599,784,6599,124,6599,16,6599,2,9307,1,1.0275254000152927
5,2,,2026-07-30T13:25:32.686128,105590,6469,3089,6469,774,6469,134,6469,17,6469,0,9414,2,1.0289097000204492
5,2,,2026-07-30T13:25:33.716502,106589,6510,3076,6510,743,6510,114,6510,14,6510,1,9452,3,1.0296487000014167
5,2,,2026-07-30T13:25:34.747128,106172,6648,3105,6648,755,6648,144,6648,21,6648,2,9384,2,1.030079799995292
5,2,,2026-07-30T13:25:35.774987,106451,6640,3177,6640,773,6640,130,6640,16,6640,1,9477,5,1.0275151999958325
5,2,,2026-07-30T13:25:36.803568,106346,6395,3051,6395,740,6395,132,6395,14,6395,1,9250,1,1.0282342999998946
5,2,,2026-07-30T13:25:37.832542,106033,6624,3165,6624,822,6624,103,6624,22,6624,3,9398,3,1.028602599981241
5,2,,2026-07-30T13:25:38.862722,106466,6438,3013,6438,788,6438,135,6438,23,6438,1,9296,1,1.0298638000094797
5,2,,2026-07-30T13:25:39.890592,106428,6592,3107,6592,824,6592,129,6592,20,6592,1,9393,2,1.0274351999978535
5,2,,2026-07-30T13:25:40.921103,106205,6651,3166,6651,798,6651,127,6651,18,6651,0,9419,3,1.0301821999892127
5,2,,2026-07-30T13:25:41.950970,106057,6662,3193,6662,773,6662,105,6662,20,6662,3,9260,2,1.0295119999791496
5,2,,2026-07-30T13:25:42.980291,106117,6668,3143,6668,778,6668,118,6668,9,6668,2,9287,4,1.0289516000193544
5,2,,2026-07-30T13:25:44.009612,106400,6532,3097,6532,803,6532,111,6532,20,6532,3,9471,6,1.0288761999981944
5,2,,2026-07-30T13:25:45.040033,106182,6615,3060,6615,788,6615,136,6615,24,6615,1,9299,5,1.0299483999842778
5,2,,2026-07-30T13:25:46.070685,106270,6603,3095,6603,824,6603,124,6603,18,6603,0,9336,3,1.030306800006656
5,2,,2026-07-30T13:25:47.100857,106051,6428,3087,6428,724,6428,110,6428,17,6428,0,9315,6,1.029840700008208
5,2,,2026-07-30T13:25:48.129891,106454,6536,3060,6536,754,6536,117,6536,18,6536,1,9381,5,1.0285953999846242
5,2,,2026-07-30T13:25:49.159135,106473,6561,3123,6561,814,6561,115,6561,11,6561,3,9300,2,1.0288275000057183
5,2,,2026-07-30T13:25:50.188496,105379,6493,3121,6493,787,6493,137,6493,12,6493,4,9392,3,1.028996700013522
5,2,,2026-07-30T13:25:51.218964,106240,6619,3119,6619,819,6619,129,6619,20,6619,5,9261,2,1.0301259999978356
5,2,,2026-07-30T13:25:52.247721,106549,6565,3163,6565,839,6565,118,6565,23,6565,2,9332,1,1.0283982000255492
5,2,,2026-07-30T13:25:53.275409,105562,6521,3134,6521,762,6521,123,6521,16,6521,1,9260,1,1.0271585999871604
5,2,,2026-07-30T13:25:54.304553,106604,6481,3120,6481,777,6481,109,6481,16,6481,0,9436,4,1.028797199978726
5,2,,2026-07-30T13:25:55.333198,105807,6631,3162,6631,767,6631,135,6631,15,6631,1,9329,6,1.028295900003286
5,2,,2026-07-30T13:25:56.362402,105991,6525,3038,6525,791,6525,128,6525,16,6525,0,9239,1,1.0290117000113241
5,2,,2026-07-30T13:25:57.391944,106206,6607,3157,6607,869,6607,103,6607,21,6607,2,9345,8,1.029193700000178
5,2,,2026-07-30T13:25:58.421545,106308,6505,3082,6505,779,6505,105,6505,17,6505,3,9342,3,1.0292568000149913
5,2,,2026-07-30T13:25:59.451934,106077,6480,3104,6480,799,6480,126,6480,12,6480,0,9378,3,1.0300339999957941
5,2,,2026-07-30T13:26:00.480667,106136,6637,3180,6637,799,6637,132,6637,15,6637,1,9271,2,1.0283345999778248
5,2,,2026-07-30T13:26:01.508435,106350,6585,3129,6585,772,6585,125,6585,17,6585,0,9357,2,1.0275459999975283
5,2,,2026-07-30T13:26:02.546116,105938,6620,3173,6620,834,6620,109,6620,19,6620,1,9348,3,1.037374000006821
5,2,,2026-07-30T13:26:03.593558,109159,6865,3268,6865,875,6865,114,6865,10,6865,2,9544,2,1.0273269999888726
5,2,,2026-07-30T13:26:04.622800,106178,6605,3135,6605,802,6605,116,6605,16,6605,2,9277,2,1.0289979000226595
5,2,,2026-07-30T13:26:05.653699,106175,6611,3036,6611,830,6611,123,6611,10,6611,0,9387,3,1.030549399991287
5,2,,2026-07-30T13:26:06.684823,106131,6505,3093,6505,790,6505,125,6505,22,6505,1,9254,2,1.0306525000196416
5,2,,2026-07-30T13:26:07.715701,106527,6749,3180,6749,853,6749,115,6749,25,6749,3,9366,2,1.0304033999855164
5,2,,2026-07-30T13:26:08.744598,106253,6569,3049,6569,799,6569,124,6569,22,6569,1,9290,1,1.028556800010847
5,2,,2026-07-30T13:26:09.774539,106306,6657,3065,6657,786,6657,140,6657,11,6657,1,9449,3,1.0296091999916825
5,2,,2026-07-30T13:26:10.803999,106012,6558,3209,6558,739,6558,118,6558,15,6558,2,9540,6,1.0290528000041377
5,2,,2026-07-30T13:26:11.834787,106196,6364,3068,6364,757,6364,123,6364,24,6364,2,9332,1,1.0304176999779884
5,2,,2026-07-30T13:26:12.863752,106257,6630,3167,6630,790,6630,105,6630,16,6630,0,9512,3,1.028599999990547
5,2,,2026-07-30T13:26:13.893255,106355,6669,3177,6669,806,6669,122,6669,16,6669,0,9246,6,1.0291763999848627
5,2,,2026-07-30T13:26:14.923248,105834,6574,3178,6574,773,6574,110,6574,16,6574,1,9252,5,1.029607499978738
5,2,,2026-07-30T13:26:15.951913,106406,6662,3120,6662,833,6662,134,6662,18,6662,4,9474,2,1.0282852000091225
5,2,,2026-07-30T13:26:16.981114,106425,6412,3111,6412,749,6412,114,6412,25,6412,3,9215,0,1.028781999979401
5,2,,2026-07-30T13:26:18.010478,105829,6551,3223,6551,780,6551,111,6551,16,6551,1,9269,2,1.0289627999882214
5,2,,2026-07-30T13:26:19.039251,106394,6591,3113,6591,784,6591,137,6591,10,6591,0,9217,1,1.0283768000081182
5,2,,2026-07-30T13:26:20.070085,106156,6518,3062,6518,774,6518,101,6518,26,6518,1,9556,3,1.030488599993987
5,2,,2026-07-30T13:26:21.099344,106203,6704,3220,6704,788,6704,119,6704,17,6704,1,9437,1,1.0289152000041213
5,2,,2026-07-30T13:26:22.128846,105925,6603,3185,6603,765,6603,126,6603,12,6603,0,9226,4,1.0291730999888387
5,2,,2026-07-30T13:26:23.158980,106428,6544,3182,6544,770,6544,104,6544,17,6544,2,9394,2,1.0296089999901596
5,2,,2026-07-30T13:26:24.188221,106202,6675,3137,6675,895,6675,99,6675,17,6675,0,9401,2,1.0289451999997254
5,2,,2026-07-30T13:26:25.217963,105978,6545,3063,6545,864,6545,112,6545,18,6545,2,9330,3,1.0293406000128016
5,2,,2026-07-30T13:26:26.246102,105827,6520,3056,6520,820,6520,111,6520,17,6520,1,9378,3,1.0278057999967132
5,2,,2026-07-30T13:26:27.276715,106158,6548,3099,6548,788,6548,118,6548,19,6548,1,9176,1,1.0303252000012435
5,2,,2026-07-30T13:26:28.305258,106551,6590,3156,6590,798,6590,123,6590,17,6590,1,9323,4,1.0282006000052206
5,2,,2026-07-30T13:26:29.335903,106357,6525,3126,6525,863,6525,115,6525,10,6525,0,9164,1,1.030096100002993
5,2,,2026-07-30T13:26:30.365978,106522,6485,3087,6485,806,6485,116,6485,17,6485,2,9261,2,1.0297068000072613
5,2,,2026-07-30T13:26:31.395490,106249,6627,3121,6627,805,6627,132,6627,18,6627,3,9406,6,1.0291077999863774
5,2,,2026-07-30T13:26:32.426389,106642,6671,3204,6671,816,6671,127,6671,15,6671,2,9378,6,1.0305179000133649
5,2,,2026-07-30T13:26:33.456694,106760,6663,3217,6663,803,6663,146,6663,21,6663,0,9330,2,1.0298074999882374
5,2,,2026-07-30T13:26:34.485439,106035,6654,3160,6654,788,6654,112,6654,18,6654,1,9244,2,1.0284442999982275
5,2,,2026-07-30T13:26:35.514805,105954,6685,3142,6685,848,6685,119,6685,16,6685,0,9346,2,1.0287976000108756
5,2,,2026-07-30T13:26:36.543262,105610,6566,3073,6566,773,6566,120,6566,17,6566,0,9399,2,1.02808869999717
5,2,,2026-07-30T13:26:37.572805,106167,6549,3079,6549,810,6549,115,6549,13,6549,1,9293,2,1.0291524999774992
5,2,,2026-07-30T13:26:38.602447,105857,6499,3073,6499,772,6499,109,6499,22,6499,0,9293,1,1.0292345999914687
5,2,,2026-07-30T13:26:39.631503,105899,6685,3107,6685,777,6685,129,6685,16,6685,2,9335,1,1.0285607999830972
5,2,,2026-07-30T13:26:40.660613,106078,6533,3099,6533,823,6533,118,6533,18,6533,1,9272,1,1.0287089000048582
5,2,,2026-07-30T13:26:41.690360,105672,6573,3130,6573,793,6573,130,6573,18,6573,2,9540,3,1.0294370999909006
5,2,,2026-07-30T13:26:42.720492,106486,6646,3044,6646,846,6646,125,6646,22,6646,2,9373,1,1.029761400015559
5,2,,2026-07-30T13:26:43.749050,105815,6515,3121,6515,756,6515,104,6515,19,6515,2,9202,2,1.028159500012407
5,2,,2026-07-30T13:26:44.779358,105964,6510,3032,6510,755,6510,137,6510,21,6510,0,9563,3,1.0298325000039767
5,2,,2026-07-30T13:26:45.808948,106467,6633,3120,6633,802,6633,122,6633,21,6633,2,9386,0,1.029137500008801
5,2,,2026-07-30T13:26:46.838001,105847,6568,3157,6568,743,6568,137,6568,14,6568,3,9502,4,1.028700499999104
5,2,,2026-07-30T13:26:47.868126,107000,6659,3129,6659,787,6659,134,6659,15,6659,0,9346,3,1.0298176000069361
5,2,,2026-07-30T13:26:48.898526,105522,6564,3064,6564,800,6564,122,6564,16,6564,1,9276,4,1.029908800002886
5,2,,2026-07-30T13:26:49.932363,106233,6677,3199,6677,774,6677,131,6677,15,6677,0,9339,2,1.0332903999951668
5,2,,2026-07-30T13:26:50.960053,106752,6589,3096,6589,844,6589,117,6589,13,6589,0,9469,3,1.0274712000100408
5,2,,2026-07-30T13:26:51.988724,106033,6596,3123,6596,773,6596,125,6596,20,6596,1,9467,4,1.0282948999956716
5,2,,2026-07-30T13:26:53.018243,106043,6490,3093,6490,755,6490,126,6490,17,6490,2,9384,3,1.029170299996622
5,2,,2026-07-30T13:26:54.048961,106383,6466,3102,6466,798,6466,121,6466,16,6466,1,9307,2,1.0301244000147562
5,2,,2026-07-30T13:26:55.078005,106328,6538,3092,6538,796,6538,126,6538,18,6538,1,9322,2,1.0286901999788824
5,2,,2026-07-30T13:26:56.107129,105325,6571,3065,6571,795,6571,108,6571,16,6571,2,9281,4,1.0288005000038538
5,2,,2026-07-30T13:26:57.136145,105741,6385,3063,6385,709,6385,132,6385,15,6385,2,9435,4,1.0286797000153456
5,2,,2026-07-30T13:26:58.166622,106144,6686,3190,6686,771,6686,133,6686,14,6686,2,9316,6,1.0301125000114553
5,2,,2026-07-30T13:26:59.196732,106220,6558,3051,6558,836,6558,108,6558,13,6558,2,9238,3,1.0294398999831174
5,2,,2026-07-30T13:27:00.226562,106177,6672,3186,6672,754,6672,131,6672,16,6672,1,9240,4,1.0293247000081465
5,2,,2026-07-30T13:27:01.256624,106146,6524,3118,6524,797,6524,104,6524,23,6524,0,9423,3,1.0296329999982845
5,2,,2026-07-30T13:27:02.285711,105765,6560,3070,6560,848,6560,127,6560,13,6560,0,9261,2,1.0287619000009727
5,2,,2026-07-30T13:27:03.315905,106325,6596,3075,6596,834,6596,122,6596,19,6596,0,9189,7,1.029877499997383
5,2,,2026-07-30T13:27:04.345450,105979,6730,3234,6730,817,6730,117,6730,8,6730,0,9474,2,1.0290848999866284
5,2,,2026-07-30T13:27:05.374961,105648,6746,3257,6746,776,6746,110,6746,17,6746,1,9246,6,1.0290265000076033
5,2,,2026-07-30T13:27:06.404109,105677,6664,3174,6664,783,6664,113,6664,14,6664,0,9261,1,1.0287975000101142
5,2,,2026-07-30T13:27:07.434096,105963,6478,3109,6478,805,6478,99,6478,13,6478,1,9372,3,1.0296079000108875
5,2,,2026-07-30T13:27:08.464083,106611,6498,3179,6498,724,6498,116,6498,18,6498,0,9454,6,1.0295891000132542
5,2,,2026-07-30T13:27:09.494988,105864,6640,3117,6640,844,6640,123,6640,13,6640,0,9160,2,1.030553200020222
5,2,,2026-07-30T13:27:10.523936,106004,6448,3110,6448,757,6448,129,6448,11,6448,2,9477,3,1.0285981000051834
5,2,,2026-07-30T13:27:11.553038,106279,6628,3127,6628,782,6628,138,6628,16,6628,3,9176,2,1.0287506000022404
5,2,,2026-07-30T13:27:12.583642,106060,6500,3027,6500,747,6500,142,6500,16,6500,2,9362,6,1.030129599996144
5,2,,2026-07-30T13:27:13.614028,106548,6472,3034,6472,789,6472,131,6472,16,6472,1,9245,3,1.0299686000216752
5,2,,2026-07-30T13:27:14.643633,106439,6637,3208,6637,801,6637,119,6637,19,6637,3,9396,1,1.029134399985196
5,2,,2026-07-30T13:27:15.672621,105743,6667,3173,6667,762,6667,137,6667,22,6667,1,9357,2,1.028627099993173
5,2,,2026-07-30T13:27:16.701976,106487,6633,3140,6633,809,6633,116,6633,17,6633,0,9325,4,1.0287650999962352
5,2,,2026-07-30T13:27:17.731571,105839,6512,3124,6512,744,6512,114,6512,8,6512,2,9421,4,1.0292353000259027
5,2,,2026-07-30T13:27:18.762595,106291,6534,3103,6534,813,6534,143,6534,17,6534,0,9422,3,1.0306557000149041
5,2,,2026-07-30T13:27:19.791179,105692,6605,3134,6605,763,6605,128,6605,18,6605,1,9320,1,1.0282579000049736
5,2,,2026-07-30T13:27:20.821612,106603,6673,3146,6673,762,6673,117,6673,23,6673,0,9241,6,1.0300675999897067
5,2,,2026-07-30T13:27:21.851419,105966,6491,3117,6491,765,6491,115,6491,12,6491,0,9280,4,1.0292944999819156
5,2,,2026-07-30T13:27:22.881663,106166,6528,3167,6528,739,6528,119,6528,25,6528,0,9325,3,1.0298439000034705
5,2,,2026-07-30T13:27:23.910765,106675,6630,3156,6630,813,6630,117,6630,21,6630,3,9363,6,1.028821700019762
5,2,,2026-07-30T13:27:24.939662,106559,6492,3066,6492,808,6492,121,6492,15,6492,1,9368,5,1.0285552999994252
5,2,,2026-07-30T13:27:25.968698,105809,6695,3178,6695,850,6695,119,6695,18,6695,1,9274,5,1.0286971000023186
5,2,,2026-07-30T13:27:26.997777,105751,6426,3077,6426,795,6426,109,6426,17,6426,2,9549,4,1.0285977000021376
5,2,,2026-07-30T13:27:28.027449,105736,6631,3164,6631,847,6631,133,6632,17,6632,0,9390,1,1.0292680000129621
5,2,,2026-07-30T13:27:29.054931,106147,6559,3114,6559,801,6559,133,6558,17,6558,3,9328,1,1.027217800001381
5,2,,2026-07-30T13:27:30.084307,106382,6584,3166,6584,746,6584,128,6584,14,6584,1,9497,4,1.0290837000065949
5,2,,2026-07-30T13:27:31.113709,106029,6721,3182,6721,847,6721,133,6721,13,6721,1,9405,3,1.0290580000146292
5,2,,2026-07-30T13:27:32.142235,106328,6796,3237,6796,813,6796,115,6796,12,6796,1,9258,1,1.0281643000198528
5,2,,2026-07-30T13:27:33.171029,105671,6704,3170,6704,820,6704,140,6704,13,6704,3,9274,3,1.0283855000161566
5,2,,2026-07-30T13:27:34.200751,106284,6683,3130,6683,815,6683,121,6683,21,6683,0,9330,7,1.0293946000165306
5,2,,2026-07-30T13:27:35.230997,106226,6647,3190,6647,789,6647,112,6647,21,6647,0,9427,2,1.0298232000204735
5,2,,2026-07-30T13:27:36.258925,106521,6516,3027,6516,823,6516,132,6516,21,6516,1,9338,2,1.0275672000134364
5,2,,2026-07-30T13:27:37.287970,105784,6484,3118,6484,779,6484,133,6484,14,6484,3,9206,4,1.0287119999993593
5,2,,2026-07-30T13:27:38.316414,105841,6514,3088,6514,755,6514,114,6514,13,6514,0,9177,5,1.0279971999989357
5,2,,2026-07-30T13:27:39.345209,105981,6684,3178,6684,811,6684,114,6684,15,6684,1,9316,2,1.0285640000074636
5,2,,2026-07-30T13:27:40.373643,105265,6569,3133,6569,764,6569,115,6569,20,6569,3,9345,3,1.028162100003101
5,2,,2026-07-30T13:27:41.402171,105488,6467,3013,6467,786,6467,129,6467,20,6467,2,9397,1,1.0281489999906626
5,2,,2026-07-30T13:27:42.432186,106586,6584,3105,6584,769,6584,128,6584,17,6584,1,9487,6,1.0296324999944773
5,2,,2026-07-30T13:27:43.461708,106320,6527,3135,6527,822,6527,118,6527,19,6527,2,9190,0,1.0291167999967001
5,2,,2026-07-30T13:27:44.491431,105517,6450,3087,6450,762,6450,122,6450,17,6450,1,9407,3,1.0293676999863237
5,2,,2026-07-30T13:27:45.520585,106127,6655,3170,6655,791,6655,110,6655,15,6655,1,9185,2,1.0285689999873284
5,2,,2026-07-30T13:27:46.551327,106514,6515,3106,6515,786,6515,107,6515,15,6515,1,9535,0,1.0303845000162255
5,2,,2026-07-30T13:27:47.580223,105968,6367,3027,6367,785,6367,126,6367,15,6367,3,9443,1,1.0284514999948442
5,2,,2026-07-30T13:27:48.610075,105640,6619,3148,6619,795,6619,113,6619,13,6619,1,9286,4,1.0292302999878302
5,2,,2026-07-30T13:27:49.640405,106220,6866,3343,6866,777,6866,118,6866,20,6866,1,9313,3,1.0299229000229388
5,2,,2026-07-30T13:27:50.667908,105745,6652,3134,6652,750,6652,134,6652,18,6652,0,9520,4,1.0271251999947708
5,2,,2026-07-30T13:27:51.695203,106444,6656,3085,6656,848,6656,128,6656,17,6656,0,9099,4,1.0270070999977179
5,2,,2026-07-30T13:27:52.724644,105842,6651,3165,6651,848,6651,123,6651,21,6651,2,9250,2,1.0291076000139583
5,2,,2026-07-30T13:27:53.754051,105716,6620,3134,6620,804,6620,116,6620,7,6620,2,9281,0,1.0290916000085417
5,2,,2026-07-30T13:27:54.783761,105779,6645,3125,6645,794,6645,126,6645,23,6645,0,9406,1,1.0293717000167817
5,2,,2026-07-30T13:27:55.810988,106031,6567,3108,6567,825,6567,137,6567,27,6567,2,9486,4,1.026900700002443
5,2,,2026-07-30T13:27:56.839558,105382,6537,3102,6537,790,6537,129,6537,19,6537,1,9416,1,1.0283102999965195
5,2,,2026-07-30T13:27:57.868041,106050,6556,3147,6556,820,6556,128,6556,15,6556,1,9326,3,1.0282598999910988
5,2,,2026-07-30T13:27:58.897368,105503,6656,3182,6656,806,6656,113,6656,12,6656,1,9347,2,1.0290134999959264
5,2,,2026-07-30T13:27:59.927021,106338,6596,3109,6596,810,6596,109,6596,16,6596,1,9129,2,1.0293085999728646
5,2,,2026-07-30T13:28:00.959011,105515,6546,3110,6546,799,6546,113,6546,21,6546,2,9261,3,1.0316845999914221
5,2,,2026-07-30T13:28:01.988177,106449,6632,3174,6632,837,6632,110,6632,23,6632,0,9312,5,1.0287056999804918
5,2,,2026-07-30T13:28:03.017067,105863,6506,3047,6506,797,6506,120,6506,18,6506,1,9211,0,1.0285158999904525
5,2,,2026-07-30T13:28:04.046381,105570,6377,3040,6377,805,6377,128,6377,14,6377,1,9335,6,1.0289093000174034
5,2,,2026-07-30T13:28:05.076364,105684,6454,3043,6454,784,6454,113,6454,21,6454,1,9224,3,1.0296314000152051
5,2,,2026-07-30T13:28:06.106225,106746,6662,3093,6662,813,6662,126,6662,16,6662,1,9400,2,1.0294449000211898
5,3,,2026-07-30T13:28:08.949764,105744,7382,3868,7382,715,7382,96,7382,9,7382,2,9272,3,1.0295503000088502
5,3,,2026-07-30T13:28:09.979633,105651,7635,3966,7635,805,7635,98,7635,13,7635,2,9359,0,1.0294675000186544
5,3,,2026-07-30T13:28:11.009179,106347,7641,4011,7641,735,7641,95,7641,11,7641,1,9240,5,1.029188399988925
5,3,,2026-07-30T13:28:12.039150,105497,7692,4076,7692,781,7692,92,7692,5,7692,1,9373,1,1.0295999000081792
5,3,,2026-07-30T13:28:13.069310,105751,7524,3903,7524,752,7524,92,7524,6,7524,5,9266,2,1.0297756999789272
5,3,,2026-07-30T13:28:14.097634,105957,7546,3931,7546,751,7546,95,7546,8,7546,1,9363,2,1.0279878999863286
5,3,,2026-07-30T13:28:15.126861,105862,7477,3924,7477,763,7477,81,7477,15,7477,1,9245,2,1.028931000008015
5,3,,2026-07-30T13:28:16.156486,106662,7614,4010,7614,776,7614,77,7614,11,7614,2,9314,6,1.029199399985373
5,3,,2026-07-30T13:28:17.185982,106479,7647,4050,7647,770,7647,94,7647,13,7647,1,9113,3,1.0290268999815453
5,3,,2026-07-30T13:28:18.214905,105591,7406,3941,7406,700,7406,79,7406,5,7406,1,9169,2,1.028555500000948
5,3,,2026-07-30T13:28:19.242611,105280,7678,3939,7678,834,7678,97,7678,8,7678,2,9322,3,1.0273391999944579
5,3,,2026-07-30T13:28:20.273042,105698,7494,3927,7494,739,7494,78,7494,10,7494,3,9357,1,1.0302202999882866
5,3,,2026-07-30T13:28:21.301744,105919,7537,3882,7537,775,7537,99,7537,3,7537,0,9259,7,1.0282166999822948
5,3,,2026-07-30T13:28:22.331015,105506,7448,3927,7448,755,7448,113,7448,12,7448,1,9253,4,1.0289622000127565
5,3,,2026-07-30T13:28:23.361077,105940,7517,3909,7517,769,7517,93,7517,5,7517,1,9450,4,1.0297081999888178
5,3,,2026-07-30T13:28:24.391616,106227,7651,4012,7651,823,7651,85,7651,12,7651,0,9294,1,1.030152099992847
5,3,,2026-07-30T13:28:25.420769,106305,7790,4044,7790,814,7790,98,7790,4,7790,0,9124,1,1.0287573999958113
5,3,,2026-07-30T13:28:26.450402,105894,7691,4030,7691,775,7691,78,7691,11,7691,1,9283,3,1.0291596000024583
5,3,,2026-07-30T13:28:27.479655,106360,7734,4063,7734,774,7734,90,7734,4,7734,2,9216,3,1.0287824999832083
5,3,,2026-07-30T13:28:28.507979,106037,7555,3969,7555,762,7555,90,7555,10,7555,2,9273,1,1.0279103000066243
5,3,,2026-07-30T13:28:29.535425,106331,7674,4075,7674,757,7674,88,7674,4,7674,1,9331,4,1.0270915000000969
5,3,,2026-07-30T13:28:30.565708,105103,7545,3901,7545,767,7545,107,7545,13,7545,2,9127,1,1.0299107999890111
5,3,,2026-07-30T13:28:31.595723,106384,7556,3958,7556,773,7556,88,7556,5,7556,1,9250,5,1.0295146999997087
5,3,,2026-07-30T13:28:32.625477,106524,7689,4086,7689,786,7689,80,7689,10,7689,1,9343,2,1.0293759999913163
5,3,,2026-07-30T13:28:33.654774,105803,7709,4053,7709,805,7709,105,7709,11,7709,4,9417,2,1.028815500001656
5,3,,2026-07-30T13:28:34.683850,105461,7599,3983,7599,823,7599,94,7599,7,7599,0,9383,2,1.0287115999963135
5,3,,2026-07-30T13:28:35.714709,106180,7550,3944,7550,748,7550,105,7550,13,7550,1,9429,4,1.0304586999991443
5,3,,2026-07-30T13:28:36.745075,106441,7541,3960,7541,784,7541,103,7541,4,7541,0,9345,2,1.0299450999882538
5,3,,2026-07-30T13:28:37.774324,105917,7596,4077,7596,772,7596,98,7596,7,7596,1,9362,3,1.0288020000152756
5,3,,2026-07-30T13:28:38.802781,105649,7554,3913,7554,798,7554,91,7554,7,7554,1,9374,1,1.0281108999915887
5,3,,2026-07-30T13:28:39.831988,105647,7497,3957,7497,760,7497,106,7497,8,7497,1,9199,1,1.0286534999904688
5,3,,2026-07-30T13:28:40.862414,106316,7720,4104,7720,837,7720,90,7720,6,7720,2,9446,2,1.0301653999777045
5,3,,2026-07-30T13:28:41.893667,106189,7652,3987,7652,798,7652,74,7652,5,7652,3,9392,2,1.0308310999826062
5,3,,2026-07-30T13:28:42.924295,105520,7673,4028,7673,766,7673,77,7673,10,7673,1,9364,1,1.0302197000128217
5,3,,2026-07-30T13:28:43.951823,106083,7587,4007,7587,774,7587,90,7587,8,7587,0,9455,4,1.0270962999784388
5,3,,2026-07-30T13:28:44.981408,105965,7663,3995,7663,798,7663,95,7663,10,7663,2,9224,3,1.0293673000123817
5,3,,2026-07-30T13:28:46.011044,105681,7672,3996,7672,794,7672,79,7672,8,7672,0,9185,4,1.0292125999985728
5,3,,2026-07-30T13:28:47.040823,106403,7514,3958,7514,756,7514,83,7514,12,7514,1,9456,9,1.0294430000067223
5,3,,2026-07-30T13:28:48.069476,105578,7542,3975,7542,790,7542,85,7542,10,7542,1,9318,3,1.0283484999963548
5,3,,2026-07-30T13:28:49.098107,105042,7495,3923,7495,783,7495,100,7495,10,7495,2,9340,2,1.028292800008785
5,3,,2026-07-30T13:28:50.125453,105909,7424,3828,7424,790,7424,88,7424,4,7424,2,9421,3,1.0269923000014387
5,3,,2026-07-30T13:28:51.153960,105544,7697,4103,7697,775,7697,94,7697,6,7697,1,9281,0,1.028312200010987
5,3,,2026-07-30T13:28:52.183629,105963,7564,3994,7564,793,7564,79,7564,8,7564,0,9155,0,1.029292199993506
5,3,,2026-07-30T13:28:53.212638,105425,7526,3997,7526,757,7526,66,7526,8,7526,0,9430,1,1.0285517000011168
5,3,,2026-07-30T13:28:54.242560,105232,7535,3978,7535,771,7535,85,7535,5,7535,2,9343,2,1.0295913000009023
5,3,,2026-07-30T13:28:55.271940,106496,7558,4008,7558,748,7558,93,7558,13,7558,0,9261,3,1.0289049000130035
5,3,,2026-07-30T13:28:56.300875,105608,7595,3972,7595,813,7595,85,7595,6,7595,2,9245,2,1.0286141000106
5,3,,2026-07-30T13:28:57.330199,105503,7559,4086,7559,771,7559,97,7559,7,7559,1,9281,2,1.0290336000034586
5,3,,2026-07-30T13:28:58.358821,105863,7450,3962,7450,741,7450,89,7450,9,7450,2,9381,0,1.0282772000064142
5,3,,2026-07-30T13:28:59.388814,106050,7607,3944,7607,820,7607,94,7607,8,7607,3,9262,3,1.0296521999989636
5,3,,2026-07-30T13:29:00.418273,105647,7691,3976,7691,821,7691,87,7691,13,7691,1,9490,3,1.0290627999929711
5,3,,2026-07-30T13:29:01.447863,105591,7651,3955,7651,800,7651,91,7651,12,7651,3,9417,0,1.029159300000174
5,3,,2026-07-30T13:29:02.476044,105573,7719,4099,7719,786,7719,95,7719,13,7719,0,9232,2,1.0278573000105098
5,3,,2026-07-30T13:29:03.505981,106137,7604,3977,7604,821,7604,80,7604,10,7604,0,9373,4,1.0296023999981117
5,3,,2026-07-30T13:29:04.536025,105912,7572,3996,7572,788,7572,80,7572,10,7572,0,9333,2,1.0296692000119947
5,3,,2026-07-30T13:29:05.565975,106155,7412,3894,7412,813,7412,70,7412,3,7412,3,9292,2,1.0295159999805037
5,3,,2026-07-30T13:29:06.595925,106676,7522,3969,7522,755,7522,93,7522,8,7522,2,9199,2,1.0294793999928515
5,3,,2026-07-30T13:29:07.626247,106716,7598,4005,7598,752,7598,87,7598,8,7598,2,9231,2,1.0298636999796145
5,3,,2026-07-30T13:29:08.655604,106386,7675,4039,7675,821,7675,102,7675,8,7675,1,9317,6,1.0289862000208814
5,3,,2026-07-30T13:29:09.684961,106293,7580,4026,7580,740,7580,94,7580,2,7580,1,9475,1,1.029033500002697
5,3,,2026-07-30T13:29:10.715504,105453,7527,3939,7527,761,7527,79,7527,3,7527,1,9236,2,1.0301193000050262
5,3,,2026-07-30T13:29:11.746196,105644,7554,3982,7554,764,7554,93,7554,8,7554,2,9362,6,1.0303772000188474
5,3,,2026-07-30T13:29:12.775523,105792,7774,4073,7774,796,7774,91,7774,10,7774,2,9354,4,1.028972399974009
5,3,,2026-07-30T13:29:13.805444,105994,7631,3975,7631,790,7631,92,7631,9,7631,1,9317,0,1.0295107000274584
5,3,,2026-07-30T13:29:14.834754,106337,7609,3971,7609,783,7609,70,7609,2,7609,1,9300,7,1.0289444999943953
5,3,,2026-07-30T13:29:15.865300,106249,7457,4003,7457,735,7457,86,7457,12,7457,0,9443,3,1.0301506000105292
5,3,,2026-07-30T13:29:16.894088,105909,7797,4109,7797,777,7797,78,7797,11,7797,0,9287,2,1.0282325000152923
5,3,,2026-07-30T13:29:17.922706,105764,7610,3990,7610,790,7610,79,7610,7,7610,0,9284,2,1.028321199992206
5,3,,2026-07-30T13:29:18.952748,105317,7501,3986,7501,763,7501,77,7501,11,7501,0,9307,1,1.0297050999943167
5,3,,2026-07-30T13:29:19.981111,105703,7519,3963,7519,747,7519,107,7519,9,7519,1,9308,4,1.0280209999764338
5,3,,2026-07-30T13:29:21.011293,105299,7627,4009,7627,742,7627,95,7627,11,7627,2,9359,4,1.0298364000045694
5,3,,2026-07-30T13:29:22.041237,105541,7542,4018,7542,789,7542,93,7542,4,7542,1,9194,2,1.0295616000075825
5,3,,2026-07-30T13:29:23.069969,105815,7589,3967,7590,809,7590,74,7590,6,7590,1,9237,3,1.028380500007188
5,3,,2026-07-30T13:29:24.096412,105799,7532,3916,7531,788,7531,103,7531,4,7531,0,9315,1,1.0262026999844238
5,3,,2026-07-30T13:29:25.124146,105180,7535,4018,7535,793,7535,83,7535,10,7535,2,9395,3,1.0274295999843162
5,3,,2026-07-30T13:29:26.151578,105099,7404,3924,7404,782,7404,87,7404,11,7404,0,9348,1,1.0271109000022989
5,3,,2026-07-30T13:29:27.179070,105393,7494,3899,7494,770,7494,74,7494,12,7494,1,9363,1,1.027112500014482
5,3,,2026-07-30T13:29:28.208419,104908,7595,4020,7595,794,7595,102,7595,8,7595,1,9273,3,1.0290278000175022
5,3,,2026-07-30T13:29:29.239146,105996,7594,3997,7594,796,7594,82,7594,7,7594,0,9350,2,1.0302873000036925
5,3,,2026-07-30T13:29:30.268240,105616,7504,3952,7504,754,7504,88,7504,8,7504,1,9407,4,1.0287414000194985
5,3,,2026-07-30T13:29:31.295956,105957,7398,3937,7398,780,7398,89,7398,6,7398,1,9334,2,1.027358399995137
5,3,,2026-07-30T13:29:32.323312,105483,7374,3911,7374,769,7374,111,7374,13,7374,1,9181,2,1.027077200007625
5,3,,2026-07-30T13:29:33.352048,105443,7510,3928,7510,785,7510,97,7510,4,7510,0,9306,3,1.0284794000035618
5,3,,2026-07-30T13:29:34.381007,105869,7517,4079,7517,765,7517,82,7517,7,7517,0,9350,2,1.0287056000088342
5,3,,2026-07-30T13:29:35.411112,105575,7537,3990,7537,817,7537,67,7537,9,7537,0,9269,5,1.0298170000023674
5,3,,2026-07-30T13:29:36.440783,105931,7391,3971,7391,738,7391,70,7391,6,7391,1,9294,7,1.0292099000071175
5,3,,2026-07-30T13:29:37.470754,105760,7461,4011,7461,784,7461,86,7461,11,7461,1,9329,4,1.0295279000129085
5,3,,2026-07-30T13:29:38.499934,106249,7589,4032,7589,804,7589,91,7589,5,7589,2,9456,4,1.028788199997507
5,3,,2026-07-30T13:29:39.530191,105999,7443,3969,7443,771,7443,98,7443,5,7443,2,9363,2,1.0296247999940533
5,3,,2026-07-30T13:29:40.560298,105718,7457,3917,7457,754,7457,80,7457,13,7457,3,9287,3,1.0295774000114761
5,3,,2026-07-30T13:29:41.588746,105930,7425,3971,7425,757,7425,102,7425,8,7425,1,9274,7,1.0280450000136625
5,3,,2026-07-30T13:29:42.618203,105003,7587,4120,7587,757,7587,97,7587,12,7587,0,9110,1,1.0291717000072822
5,3,,2026-07-30T13:29:43.647163,105413,7326,3880,7326,745,7326,87,7326,11,7326,1,9384,1,1.0285302000120282
5,3,,2026-07-30T13:29:44.676444,105509,7360,3939,7360,720,7360,80,7360,6,7360,2,9154,5,1.028981500014197
5,3,,2026-07-30T13:29:45.704187,105856,7449,3902,7449,776,7449,90,7449,8,7449,2,9285,1,1.0274032999877818
5,3,,2026-07-30T13:29:46.735378,106072,7583,4062,7583,780,7583,83,7583,13,7583,5,9279,1,1.030936199997086
5,3,,2026-07-30T13:29:47.764956,105465,7485,3983,7485,764,7485,79,7485,4,7485,0,9400,2,1.0291059000010137
5,3,,2026-07-30T13:29:48.794161,105077,7631,4064,7631,814,7631,94,7631,10,7631,0,9249,1,1.0288805000018328
5,3,,2026-07-30T13:29:49.823701,105207,7439,3909,7439,781,7439,81,7439,8,7439,0,9205,3,1.0291843000159133
5,3,,2026-07-30T13:29:50.853703,105552,7560,3978,7560,823,7560,93,7560,6,7560,1,9294,1,1.0296652000106405
5,3,,2026-07-30T13:29:51.883538,105442,7578,4045,7578,797,7578,109,7578,8,7578,3,9291,0,1.0293704000068828
5,3,,2026-07-30T13:29:52.912706,105914,7668,4039,7668,791,7668,92,7668,3,7668,1,9246,4,1.0286667999753263
5,3,,2026-07-30T13:29:53.941323,105381,7567,4052,7567,796,7567,100,7567,7,7567,2,9128,1,1.028319900011411
5,3,,2026-07-30T13:29:54.970860,105473,7333,3935,7333,763,7333,102,7333,10,7333,2,9107,3,1.0292348000220954
5,3,,2026-07-30T13:29:56.001520,105545,7663,4086,7663,765,7663,75,7663,5,7663,2,9138,4,1.030337200005306
5,3,,2026-07-30T13:29:57.030716,105438,7417,4001,7417,769,7417,92,7417,8,7417,3,9265,4,1.0287778000056278
5,3,,2026-07-30T13:29:58.060206,105347,7451,3932,7451,819,7451,77,7451,5,7451,1,9498,3,1.0290829000005033
5,3,,2026-07-30T13:29:59.090269,105062,7466,3963,7466,810,7466,98,7466,12,7466,2,9216,3,1.0296295000007376
5,3,,2026-07-30T13:30:00.118180,105790,7668,4143,7668,769,7668,105,7668,9,7668,0,9136,0,1.0276346000027843
5,3,,2026-07-30T13:30:01.147529,105480,7449,3939,7449,761,7449,86,7449,8,7449,1,9256,1,1.029040299996268
5,3,,2026-07-30T13:30:02.176361,105352,7773,4120,7773,820,7773,85,7773,10,7773,3,9200,2,1.0284945000021253
5,3,,2026-07-30T13:30:03.204925,105686,7608,4057,7608,758,7608,89,7608,11,7608,1,9313,4,1.0282076000003144
5,3,,2026-07-30T13:30:04.234725,105629,7568,3965,7568,811,7568,88,7568,10,7568,1,9155,2,1.0293923999997787
5,3,,2026-07-30T13:30:05.264435,105322,7478,3961,7478,767,7478,93,7478,9,7478,2,9317,3,1.029270400002133
5,3,,2026-07-30T13:30:06.293285,105321,7423,3973,7423,786,7423,96,7423,7,7423,2,9309,0,1.028506800008472
5,3,,2026-07-30T13:30:07.322836,105922,7544,3980,7544,748,7544,85,7544,7,7544,1,9143,4,1.0291706999996677
5,3,,2026-07-30T13:30:08.351102,105385,7628,4030,7628,737,7628,91,7628,6,7628,1,9313,1,1.027886199997738
5,3,,2026-07-30T13:30:09.378550,105433,7415,3910,7415,802,7415,78,7415,6,7415,1,9233,0,1.0271959000092465
5,3,,2026-07-30T13:30:10.408722,105249,7466,3915,7466,755,7466,92,7466,9,7466,1,9171,2,1.0298648000170942
5,3,,2026-07-30T13:30:11.436409,105385,7457,3898,7457,816,7457,99,7457,7,7457,3,9212,2,1.027309700002661
5,3,,2026-07-30T13:30:12.464653,104616,7360,3926,7360,775,7360,94,7360,11,7360,2,9206,2,1.02788470001542
5,3,,2026-07-30T13:30:13.492357,106076,7541,3994,7541,771,7541,78,7541,10,7541,1,9358,3,1.027442799997516
5,3,,2026-07-30T13:30:14.520547,105617,7700,4113,7700,771,7700,82,7700,10,7700,0,9191,3,1.0279711000039242
5,3,,2026-07-30T13:30:15.549430,105571,7405,3929,7405,790,7405,94,7405,7,7405,1,9340,2,1.0285402000008617
5,3,,2026-07-30T13:30:16.576963,105708,7436,3850,7436,773,7436,88,7436,8,7436,2,9177,3,1.0271996000083163
5,3,,2026-07-30T13:30:17.604870,105706,7342,3869,7342,786,7342,100,7342,8,7342,0,9171,6,1.0276589000131935
5,3,,2026-07-30T13:30:18.636138,105149,7415,3984,7415,774,7415,88,7415,5,7415,0,9376,2,1.0309685000102036
5,3,,2026-07-30T13:30:19.665625,105732,7518,3904,7518,839,7518,82,7518,5,7518,1,9268,5,1.0290205999917816
5,3,,2026-07-30T13:30:20.695674,105753,7631,4041,7631,797,7631,99,7631,13,7631,1,9189,3,1.0295246999885421
5,3,,2026-07-30T13:30:21.725949,105447,7470,3979,7470,777,7470,90,7470,9,7470,0,9293,1,1.0299436000059359
5,3,,2026-07-30T13:30:22.752880,104968,7608,4081,7608,766,7608,84,7608,11,7608,0,9158,3,1.0265976000227965
5,3,,2026-07-30T13:30:23.781528,105319,7453,4024,7453,758,7453,71,7453,6,7453,2,9363,2,1.02841199998511
5,3,,2026-07-30T13:30:24.812170,105800,7547,3968,7547,789,7547,82,7547,10,7547,1,9099,5,1.0302474000200164
5,3,,2026-07-30T13:30:25.842150,105820,7670,4035,7670,808,7670,98,7670,7,7670,0,9343,5,1.029586399992695
5,3,,2026-07-30T13:30:26.870913,105438,7420,3954,7420,756,7420,107,7420,17,7420,1,9298,4,1.0283842999779154
5,3,,2026-07-30T13:30:27.899414,105710,7513,4009,7513,751,7513,86,7513,4,7513,2,9218,2,1.0282272000040393
5,3,,2026-07-30T13:30:28.930549,105434,7568,3917,7568,799,7568,116,7568,11,7568,3,9290,2,1.0307117000047583
5,3,,2026-07-30T13:30:29.961383,105845,7513,4023,7513,769,7513,98,7513,11,7513,3,9206,3,1.0303559000021778
5,3,,2026-07-30T13:30:30.990396,105069,7516,3991,7516,742,7516,81,7516,12,7516,0,9306,0,1.0285838000127114
5,3,,2026-07-30T13:30:32.020181,105351,7456,3962,7456,769,7456,106,7456,6,7456,1,9264,2,1.0294814000080805
5,3,,2026-07-30T13:30:33.049707,105474,7391,3898,7391,758,7391,82,7391,13,7391,0,9087,0,1.0291919000155758
5,3,,2026-07-30T13:30:34.079619,105662,7667,3999,7667,799,7667,99,7667,7,7667,3,9397,1,1.0295428000099491
5,3,,2026-07-30T13:30:35.109481,104982,7495,3974,7495,800,7495,90,7495,13,7495,2,9274,2,1.029487899999367
5,3,,2026-07-30T13:30:36.138318,105469,7600,3997,7600,803,7600,85,7600,9,7600,2,9391,5,1.0285313999920618
5,3,,2026-07-30T13:30:37.168481,105443,7624,4071,7624,781,7624,80,7624,9,7624,1,9434,2,1.0297651000146288
5,3,,2026-07-30T13:30:38.197802,105412,7617,4063,7617,801,7617,82,7617,4,7617,1,9283,2,1.0289683000009973
5,3,,2026-07-30T13:30:39.228326,106028,7585,3972,7585,778,7585,82,7585,5,7585,0,9260,1,1.0302281999902334
5,3,,2026-07-30T13:30:40.258418,105778,7672,4069,7672,764,7672,82,7672,10,7672,1,9445,3,1.0294917999999598
5,3,,2026-07-30T13:30:41.286848,105964,7479,3936,7479,768,7479,89,7479,14,7479,2,9333,1,1.0279812999942806
5,3,,2026-07-30T13:30:42.317973,105348,7594,3925,7594,832,7594,105,7594,9,7594,2,9162,0,1.0307860999892
5,3,,2026-07-30T13:30:43.348309,106155,7448,3945,7448,781,7448,98,7448,12,7448,1,9459,1,1.0299658000003546
5,3,,2026-07-30T13:30:44.378337,105152,7623,4053,7623,766,7623,88,7623,7,7623,0,9392,1,1.029679400002351
5,3,,2026-07-30T13:30:45.407807,105585,7591,3987,7591,809,7591,74,7591,6,7591,0,9241,0,1.029005899996264
5,3,,2026-07-30T13:30:46.438203,105970,7683,4061,7683,732,7683,89,7683,7,7683,0,9269,3,1.0298921999929007
5,3,,2026-07-30T13:30:47.467081,105676,7669,4045,7669,793,7669,84,7669,8,7669,3,9262,7,1.028495299979113
5,3,,2026-07-30T13:30:48.497329,106074,7658,4010,7658,791,7658,87,7658,9,7658,1,9466,1,1.029779000004055
5,3,,2026-07-30T13:30:49.528654,105757,7602,4007,7602,778,7602,98,7602,8,7602,2,9375,6,1.0309295999759343
5,3,,2026-07-30T13:30:50.558333,106018,7704,4082,7704,777,7704,91,7704,6,7704,1,9496,2,1.0293209000083152
5,3,,2026-07-30T13:30:51.587658,105638,7532,3967,7532,760,7532,77,7532,14,7532,3,9398,6,1.0289713999954984
5,3,,2026-07-30T13:30:52.616680,105651,7602,4012,7602,758,7602,87,7602,8,7602,0,9273,2,1.0287206000066362
5,3,,2026-07-30T13:30:53.646316,105602,7699,4041,7699,767,7699,101,7699,15,7699,1,9313,2,1.029298400011612
5,3,,2026-07-30T13:30:54.675950,105930,7647,4061,7647,773,7647,88,7647,4,7647,0,9392,2,1.029245699988678
5,3,,2026-07-30T13:30:55.706706,106332,7620,4051,7620,832,7620,112,7620,9,7620,0,9274,2,1.0301400999887846
5,3,,2026-07-30T13:30:56.735893,105572,7706,4038,7706,804,7706,82,7706,10,7706,2,9211,4,1.028806899994379
5,3,,2026-07-30T13:30:57.765975,106298,7697,4135,7697,808,7697,91,7697,8,7697,1,9509,5,1.0297589999972843
5,3,,2026-07-30T13:30:58.795047,105968,7564,3946,7564,785,7564,72,7564,10,7564,1,9192,2,1.0286869000119623
5,3,,2026-07-30T13:30:59.822671,106723,7627,4011,7627,811,7627,95,7627,5,7627,2,9358,3,1.0272189999814145
5,3,,2026-07-30T13:31:00.851554,105889,7660,4084,7660,756,7660,85,7660,6,7660,1,9120,3,1.0285839999851305
5,3,,2026-07-30T13:31:01.881554,105722,7482,3959,7482,750,7482,102,7482,3,7482,0,9368,0,1.0296516999951564
5,3,,2026-07-30T13:31:02.914258,106422,7775,4097,7775,765,7775,98,7775,6,7775,0,9274,2,1.0323185000161175
5,3,,2026-07-30T13:31:03.943616,106112,7514,3968,7514,798,7514,89,7514,7,7514,1,9291,3,1.0288528999953996
5,3,,2026-07-30T13:31:04.973880,105466,7558,4030,7558,811,7558,84,7558,9,7558,0,9389,6,1.0299291999835987
5,3,,2026-07-30T13:31:06.003854,106385,7642,4087,7642,717,7642,107,7642,11,7642,1,9177,1,1.0295829999959096
5,3,,2026-07-30T13:31:07.032230,106467,7703,4017,7703,816,7703,93,7703,11,7703,1,9363,3,1.0281225999933667
5,3,,2026-07-30T13:31:08.059501,105817,7631,4006,7631,822,7631,73,7631,7,7631,0,9193,5,1.0269092000089586
5,3,,2026-07-30T13:31:09.087445,105489,7516,3956,7516,766,7517,91,7517,8,7517,1,9319,5,1.0276705999858677
5,3,,2026-07-30T13:31:10.118162,106031,7700,3986,7700,774,7699,95,7699,10,7699,0,9361,3,1.0304490000125952
5,3,,2026-07-30T13:31:11.148160,105997,7514,3926,7514,744,7514,93,7514,11,7514,0,9475,0,1.0297706999990623
5,3,,2026-07-30T13:31:12.177486,105456,7486,3950,7486,762,7486,86,7486,9,7486,3,9387,3,1.0289814000134356
5,3,,2026-07-30T13:31:13.206366,105683,7532,4040,7532,769,7532,79,7532,3,7532,0,9472,3,1.028515799989691
5,3,,2026-07-30T13:31:14.236246,106014,7713,4120,7713,775,7713,87,7713,10,7713,1,9289,2,1.0295423000061419
5,3,,2026-07-30T13:31:15.266767,105944,7565,3987,7565,800,7565,86,7565,7,7565,0,9425,6,1.0299827999842819
5,3,,2026-07-30T13:31:16.297161,105925,7652,4024,7652,805,7652,81,7652,6,7652,1,9466,4,1.0299534999940079
5,3,,2026-07-30T13:31:17.326848,105500,7629,4055,7629,821,7629,77,7629,6,7629,0,9304,0,1.0293647999933455
5,3,,2026-07-30T13:31:18.357040,106165,7523,3944,7523,714,7523,99,7523,6,7523,4,9298,2,1.029713099997025
5,3,,2026-07-30T13:31:19.385622,105840,7573,3908,7573,791,7573,91,7573,9,7573,1,9222,2,1.028251400013687
5,3,,2026-07-30T13:31:20.415125,105628,7557,4042,7557,744,7557,93,7557,8,7557,2,9312,1,1.0291520000027958
5,3,,2026-07-30T13:31:21.443993,105561,7489,3849,7489,797,7489,97,7489,14,7489,2,9385,3,1.0286022999789566
5,3,,2026-07-30T13:31:22.473220,105972,7730,4113,7730,790,7730,110,7730,9,7730,0,9407,3,1.0288453999964986
5,3,,2026-07-30T13:31:23.503006,106178,7387,3890,7387,775,7387,61,7387,8,7387,1,9310,0,1.0293866000138223
5,3,,2026-07-30T13:31:24.532085,105502,7705,4017,7705,801,7705,98,7705,7,7705,2,9442,4,1.0286761000170372
5,3,,2026-07-30T13:31:25.561944,106091,7588,4025,7588,763,7588,83,7588,5,7588,1,9322,2,1.0295370999956504
5,3,,2026-07-30T13:31:26.591098,105770,7561,3974,7561,779,7561,75,7561,8,7561,1,9119,1,1.0288145000231452
5,3,,2026-07-30T13:31:27.620108,105715,7606,3993,7606,803,7606,94,7606,6,7606,0,9322,3,1.0286650999914855
5,3,,2026-07-30T13:31:28.649690,106187,7554,3903,7554,827,7554,103,7554,10,7554,3,9363,3,1.029195199982496
5,3,,2026-07-30T13:31:29.678630,105742,7635,4031,7635,800,7635,73,7635,9,7635,0,9389,5,1.0285282999975607
5,3,,2026-07-30T13:31:30.709148,106269,7724,4053,7724,797,7724,96,7724,11,7724,3,9273,1,1.0302186000044458
5,3,,2026-07-30T13:31:31.736906,106178,7602,4008,7602,808,7602,94,7602,6,7602,1,9320,2,1.0274182000139263
5,3,,2026-07-30T13:31:32.767464,105773,7766,4140,7766,794,7766,84,7766,8,7766,1,9316,0,1.0303042000159621
5,3,,2026-07-30T13:31:33.797987,105905,7585,4072,7585,775,7585,92,7585,8,7585,2,9447,2,1.0300347000011243
5,3,,2026-07-30T13:31:34.828155,106303,7478,4054,7478,732,7478,87,7478,9,7478,1,9286,2,1.0297308999870438
5,3,,2026-07-30T13:31:35.858340,106181,7595,4073,7595,772,7595,90,7595,5,7595,1,9235,2,1.0297084999911021
5,3,,2026-07-30T13:31:36.888544,105496,7572,3968,7572,804,7572,99,7572,5,7572,2,9112,2,1.0296362999943085
5,3,,2026-07-30T13:31:37.918274,106119,7615,3994,7615,804,7615,99,7615,6,7615,1,9294,4,1.029471400019247
5,3,,2026-07-30T13:31:38.948737,105692,7634,4048,7634,770,7634,72,7634,10,7634,0,9360,5,1.0300799000251573
5,3,,2026-07-30T13:31:39.978990,105817,7697,4153,7697,786,7697,103,7697,7,7697,2,9293,4,1.0297723000112455
5,3,,2026-07-30T13:31:41.009261,105977,7596,4027,7596,781,7596,90,7596,8,7596,1,9298,3,1.0298397000005934
5,3,,2026-07-30T13:31:42.039157,106073,7649,3966,7649,767,7650,110,7650,9,7650,1,9257,0,1.0295502000080887
5,3,,2026-07-30T13:31:43.068882,106115,7625,4074,7625,782,7624,78,7624,6,7624,0,9251,4,1.0281704999797512
5,3,,2026-07-30T13:31:44.098172,105588,7647,4034,7647,802,7647,84,7647,8,7647,1,9455,5,1.0289468999835663
5,3,,2026-07-30T13:31:45.128699,105618,7597,4002,7597,791,7597,77,7597,3,7597,0,9537,2,1.0301322000159416
5,3,,2026-07-30T13:31:46.157997,105729,7499,3959,7499,769,7499,89,7499,9,7499,0,9540,1,1.028857400000561
5,3,,2026-07-30T13:31:47.185805,105797,7630,4020,7630,824,7630,83,7630,14,7630,1,9490,1,1.0273891999968328
5,3,,2026-07-30T13:31:48.215309,105770,7509,3942,7509,804,7509,79,7509,11,7509,1,9400,3,1.0291218000056688
5,3,,2026-07-30T13:31:49.243680,106346,7583,4045,7583,752,7583,106,7583,7,7583,2,9425,1,1.0280644999875221
5,3,,2026-07-30T13:31:50.273302,105835,7694,4009,7694,773,7694,89,7694,9,7694,2,9487,1,1.0292125999985728
5,3,,2026-07-30T13:31:51.302394,105699,7510,3962,7510,750,7510,107,7510,7,7510,1,9367,5,1.0287162000022363
5,3,,2026-07-30T13:31:52.333669,106067,7703,4047,7703,819,7703,80,7703,6,7703,2,9273,1,1.0309484000026714
5,3,,2026-07-30T13:31:53.362390,106918,7581,4028,7581,789,7581,98,7581,10,7581,1,9369,2,1.0281325999822002
5,3,,2026-07-30T13:31:54.391556,105853,7699,4049,7699,806,7699,93,7699,6,7699,3,9577,5,1.0287526000174694
5,3,,2026-07-30T13:31:55.421251,106021,7459,3959,7459,781,7459,97,7459,10,7459,2,9370,4,1.0293472999765072
5,3,,2026-07-30T13:31:56.451784,105886,7593,4009,7593,802,7593,81,7593,8,7593,1,9368,1,1.0301623000123072
5,3,,2026-07-30T13:31:57.481396,106080,7530,3968,7530,768,7530,111,7530,11,7530,3,9441,4,1.0292007999960333
5,3,,2026-07-30T13:31:58.511459,105483,7453,3918,7453,772,7453,101,7453,9,7453,1,9423,1,1.029776999988826
5,3,,2026-07-30T13:31:59.541724,106006,7599,3939,7599,759,7599,103,7599,8,7599,1,9360,4,1.0299170000071172
5,3,,2026-07-30T13:32:00.570952,105789,7729,4030,7729,809,7729,96,7729,3,7729,3,9368,6,1.0287786000117194
5,3,,2026-07-30T13:32:01.601596,105694,7726,4066,7726,800,7726,82,7726,10,7726,0,9464,5,1.0302620000147726
5,3,,2026-07-30T13:32:02.630544,106518,7489,3991,7489,768,7489,83,7489,3,7489,1,9387,7,1.0286756999848876
5,3,,2026-07-30T13:32:03.659758,105792,7592,4028,7592,788,7592,83,7592,8,7592,3,9387,3,1.028874099982204
5,3,,2026-07-30T13:32:04.689628,105572,7679,4109,7679,792,7679,98,7679,6,7679,2,9489,1,1.0295282999868505
5,3,,2026-07-30T13:32:05.718891,107183,7546,4056,7546,719,7546,80,7546,10,7546,1,9335,8,1.028711499995552
5,3,,2026-07-30T13:32:06.749521,105933,7629,3958,7629,816,7629,92,7629,5,7629,1,9269,1,1.0300563999917358
5,3,,2026-07-30T13:32:07.777910,106271,7618,4042,7618,764,7618,95,7618,5,7618,1,9403,3,1.028160999994725
5,3,,2026-07-30T13:32:08.807395,106143,7692,4064,7692,793,7692,71,7692,3,7693,0,9444,1,1.0291807999892626
5,3,,2026-07-30T13:32:09.836320,105696,7616,4050,7616,809,7616,99,7616,11,7615,0,9333,5,1.0284828000003472
5,3,,2026-07-30T13:32:10.865791,106538,7588,3987,7588,760,7588,92,7588,5,7588,1,9478,1,1.0290555999963544
5,3,,2026-07-30T13:32:11.895235,105873,7613,4051,7613,800,7613,88,7613,9,7613,0,9223,6,1.0291227000125218
5,3,,2026-07-30T13:32:12.924460,105877,7624,4042,7624,812,7624,71,7624,8,7624,1,9280,2,1.028781799977878
5,3,,2026-07-30T13:32:13.953811,105617,7611,4045,7611,794,7611,86,7611,9,7611,0,9226,4,1.0290474999928847
5,3,,2026-07-30T13:32:14.982858,106318,7607,4000,7607,774,7607,81,7607,12,7607,3,9501,3,1.0286912999872584
5,3,,2026-07-30T13:32:16.012858,105784,7585,4015,7585,800,7585,65,7585,7,7585,0,9388,2,1.029663499997696
5,3,,2026-07-30T13:32:17.043266,106098,7721,4049,7721,798,7721,82,7721,8,7721,0,9415,5,1.0300411999924108
5,3,,2026-07-30T13:32:18.073236,106336,7667,3967,7667,821,7667,101,7667,6,7667,5,9425,3,1.029695700010052
5,3,,2026-07-30T13:32:19.103321,106122,7722,4053,7722,827,7722,103,7722,9,7722,0,9199,2,1.0296022999973502
5,3,,2026-07-30T13:32:20.131927,106305,7515,3878,7515,806,7515,88,7515,10,7515,2,9348,2,1.0282282000116538
5,3,,2026-07-30T13:32:21.161960,105899,7674,4047,7674,756,7674,85,7674,9,7674,1,9447,3,1.0296233000117354
5,3,,2026-07-30T13:32:22.190231,106210,7646,4114,7646,802,7646,100,7646,9,7646,0,9456,2,1.0278962000156753
5,3,,2026-07-30T13:32:23.218918,105915,7668,3987,7668,794,7668,79,7668,4,7668,0,9183,0,1.0283254999958444
5,3,,2026-07-30T13:32:24.249268,105509,7575,3920,7575,861,7575,80,7575,5,7575,1,9152,5,1.029924000002211
5,3,,2026-07-30T13:32:25.279789,106470,7718,4143,7718,752,7718,90,7718,4,7718,0,9312,0,1.0299582000006922
5,3,,2026-07-30T13:32:26.310267,106196,7648,4011,7648,830,7648,87,7648,7,7648,0,9414,2,1.0299375999893527
5,3,,2026-07-30T13:32:27.339877,105728,7542,3946,7542,797,7542,103,7542,9,7542,0,9389,4,1.0291490000090562
5,3,,2026-07-30T13:32:28.368755,106171,7619,4006,7619,790,7619,102,7619,9,7619,1,9195,1,1.0284197000146378
5,3,,2026-07-30T13:32:29.398327,106327,7514,3905,7514,715,7514,98,7514,8,7514,1,9329,3,1.0292513000022154
5,3,,2026-07-30T13:32:30.428439,105661,7574,3992,7574,780,7574,96,7574,7,7574,0,9223,4,1.0297796000086237
5,3,,2026-07-30T13:32:31.457458,106734,7583,4043,7583,788,7583,88,7583,7,7583,5,9491,4,1.028625999984797
5,3,,2026-07-30T13:32:32.485621,106027,7587,4045,7587,790,7587,70,7587,13,7587,4,9348,5,1.0277547000150662
5,3,,2026-07-30T13:32:33.515898,105660,7656,4032,7656,806,7656,77,7656,8,7656,0,9099,2,1.0298865000077058
5,3,,2026-07-30T13:32:34.545797,106153,7638,4032,7638,794,7638,85,7638,7,7638,0,9289,4,1.0294850000063889
5,3,,2026-07-30T13:32:35.575800,105632,7605,3994,7605,790,7605,93,7605,6,7605,1,9427,0,1.029611300007673
5,3,,2026-07-30T13:32:36.606506,106376,7696,4075,7696,762,7696,97,7696,6,7696,1,9628,1,1.0303490000078455
5,3,,2026-07-30T13:32:37.637458,106197,7448,3953,7448,772,7448,92,7448,11,7448,2,9555,4,1.030427600024268
5,3,,2026-07-30T13:32:38.666822,105881,7610,3918,7610,753,7610,90,7610,13,7610,3,9492,2,1.0289058999915142
5,3,,2026-07-30T13:32:39.696965,105917,7603,4058,7603,740,7603,88,7603,10,7603,1,9298,0,1.0296701999905054
5,3,,2026-07-30T13:32:40.726806,106419,7605,3969,7605,811,7605,90,7605,9,7605,1,9356,2,1.029443600011291
5,3,,2026-07-30T13:32:41.758157,106427,7642,4019,7642,803,7642,86,7642,6,7642,2,9326,6,1.0309119999874383
5,3,,2026-07-30T13:32:42.786672,106732,7553,4039,7553,748,7553,82,7553,9,7553,1,9388,3,1.0281396000063978
5,3,,2026-07-30T13:32:43.814554,105581,7540,3993,7540,791,7540,106,7540,8,7540,1,9314,0,1.027523700002348
5,3,,2026-07-30T13:32:44.842049,105900,7450,3894,7450,770,7450,83,7450,12,7450,1,9363,3,1.0269543999747839
5,3,,2026-07-30T13:32:45.872085,106168,7600,4077,7600,743,7600,76,7600,8,7600,3,9386,1,1.0297633000009228
5,3,,2026-07-30T13:32:46.901788,106016,7499,4034,7499,725,7499,85,7499,6,7499,0,9453,3,1.0294521999894641
5,3,,2026-07-30T13:32:47.930987,105661,7670,3990,7670,802,7670,93,7670,9,7670,4,9331,3,1.0287313000007998
5,3,,2026-07-30T13:32:48.960887,106218,7571,3938,7571,758,7571,90,7571,8,7571,3,9411,1,1.0295642999990378
5,3,,2026-07-30T13:32:49.990924,105511,7498,3972,7498,766,7498,80,7498,9,7498,0,9350,3,1.029693699994823
5,3,,2026-07-30T13:32:51.019501,105754,7652,3958,7652,778,7652,105,7652,12,7652,1,9357,2,1.0281266999954823
5,3,,2026-07-30T13:32:52.048717,105878,7565,3975,7565,718,7565,102,7565,12,7565,1,9440,3,1.028777200001059
5,3,,2026-07-30T13:32:53.079290,106163,7698,4020,7698,784,7698,90,7698,8,7698,0,9181,3,1.0299418999929912
5,3,,2026-07-30T13:32:54.108402,105920,7505,3975,7505,811,7505,83,7505,8,7505,1,9417,2,1.0286409000109416
5,3,,2026-07-30T13:32:55.138836,106464,7613,4016,7613,728,7613,95,7613,8,7613,2,9317,0,1.0301081000070553
5,3,,2026-07-30T13:32:56.169066,106518,7669,4105,7669,806,7669,99,7669,6,7669,1,9626,5,1.0299417999922298
5,3,,2026-07-30T13:32:57.197123,106752,7653,4061,7653,731,7653,94,7653,8,7653,2,9280,3,1.0276042000041343
5,3,,2026-07-30T13:32:58.227324,105652,7640,4016,7640,801,7640,93,7640,9,7640,1,9269,1,1.0298302999872249
5,3,,2026-07-30T13:32:59.258332,106457,7564,4009,7564,760,7564,99,7564,8,7564,2,9322,0,1.0306615000008605
5,3,,2026-07-30T13:33:00.288868,106255,7568,4037,7568,745,7568,87,7568,13,7568,1,9312,2,1.0303039999853354
5,3,,2026-07-30T13:33:01.318611,106482,7637,3984,7637,789,7637,82,7637,7,7637,0,9442,3,1.0293799999926705
5,3,,2026-07-30T13:33:02.348864,106418,7708,4106,7708,762,7708,82,7708,10,7708,1,9629,3,1.0299598000128753
5,3,,2026-07-30T13:33:03.379132,106298,7507,3994,7507,784,7507,81,7507,16,7507,0,9435,0,1.0299010000017006
5,3,,2026-07-30T13:33:04.407549,105873,7373,3897,7373,733,7373,90,7373,7,7373,1,9360,2,1.0280436000030022
5,3,,2026-07-30T13:33:05.437516,106185,7764,4075,7764,826,7764,108,7764,10,7764,0,9400,1,1.029616999992868
5,3,,2026-07-30T13:33:06.466750,106469,7645,4044,7645,779,7645,100,7645,6,7645,0,9263,1,1.0289487999980338
5,3,,2026-07-30T13:33:07.496158,106405,7444,3986,7444,764,7444,73,7444,12,7444,1,9436,3,1.0288413999951445
5,3,,2026-07-30T13:33:08.525802,106286,7710,4052,7710,785,7710,80,7710,11,7710,2,9343,2,1.029288899997482
5,3,,2026-07-30T13:33:09.555235,106734,7755,4008,7755,824,7755,78,7755,6,7755,1,9364,1,1.029111500014551
5,3,,2026-07-30T13:33:10.583523,106317,7488,3963,7488,737,7488,90,7488,5,7488,2,9448,1,1.0279341000132263
5,3,,2026-07-30T13:33:11.613815,106715,7714,4012,7714,840,7714,84,7714,7,7714,1,9323,0,1.0298394999990705
5,3,,2026-07-30T13:33:12.644861,106058,7565,4012,7565,763,7565,82,7565,10,7565,2,9448,4,1.030681000003824
5,3,,2026-07-30T13:33:13.673423,106179,7687,3969,7687,808,7687,88,7687,11,7687,1,9246,3,1.0281061000132468
5,3,,2026-07-30T13:33:14.702801,106398,7573,3967,7573,809,7573,80,7573,7,7573,1,9543,3,1.0290374000032898
5,3,,2026-07-30T13:33:15.732943,106292,7719,4080,7719,793,7719,80,7719,7,7719,2,9367,1,1.029594999999972
5,3,,2026-07-30T13:33:16.762090,105758,7652,4032,7652,758,7652,97,7652,3,7652,3,9202,2,1.028763699985575
5,3,,2026-07-30T13:33:17.791395,106473,7521,3905,7521,760,7521,104,7521,5,7521,2,9302,3,1.0288632999872789
5,3,,2026-07-30T13:33:18.820311,106227,7528,4061,7528,750,7528,85,7528,9,7528,1,9504,5,1.0285633000021335
5,3,,2026-07-30T13:33:19.849522,105844,7645,4004,7645,801,7645,101,7645,8,7645,3,9459,3,1.0288194999739062
5,3,,2026-07-30T13:33:20.879715,105537,7671,4053,7671,806,7671,105,7671,6,7671,3,9402,5,1.0298223000136204
5,3,,2026-07-30T13:33:21.908930,105745,7714,4055,7714,821,7714,99,7714,8,7714,1,9182,3,1.0288592999859247
5,3,,2026-07-30T13:33:22.938489,105615,7550,3946,7550,777,7550,74,7550,7,7550,2,9247,2,1.0291565000079572
5,3,,2026-07-30T13:33:23.968011,106406,7585,4029,7585,815,7585,85,7585,7,7585,0,9214,2,1.0291658000205643
5,3,,2026-07-30T13:33:24.997399,105916,7569,3980,7569,761,7569,72,7569,11,7569,2,9230,2,1.0290682000049856
5,3,,2026-07-30T13:33:26.026181,106393,7538,4038,7538,754,7538,93,7538,7,7538,2,9299,2,1.0284972000226844
5,3,,2026-07-30T13:33:27.054936,106185,7518,3953,7518,774,7518,77,7518,10,7518,0,9353,3,1.0283396000158973
5,3,,2026-07-30T13:33:28.085240,105515,7465,4014,7465,728,7465,81,7465,6,7465,1,9128,1,1.030053800001042
5,3,,2026-07-30T13:33:29.114342,106036,7530,4045,7530,786,7530,72,7530,11,7530,2,9395,1,1.0287590000079945
5,3,,2026-07-30T13:33:30.143223,105489,7534,3903,7534,780,7534,103,7534,10,7534,1,9267,4,1.0285132999997586
5,3,,2026-07-30T13:33:31.173426,106000,7481,3912,7481,796,7481,73,7481,10,7481,3,9140,2,1.0298456000164151
5,3,,2026-07-30T13:33:32.203064,105968,7610,3977,7610,775,7610,87,7610,7,7610,0,9279,3,1.0292474000016227
5,3,,2026-07-30T13:33:33.231714,106216,7582,4004,7582,763,7582,85,7582,8,7582,1,9361,1,1.0283247000188567
5,3,,2026-07-30T13:33:34.260682,106290,7481,3969,7481,719,7481,88,7481,6,7481,0,9508,1,1.028554400021676
5,3,,2026-07-30T13:33:35.291453,106243,7529,4015,7529,764,7529,78,7529,11,7529,0,9179,1,1.0304093000013381
5,3,,2026-07-30T13:33:36.320000,106366,7515,3909,7515,788,7515,89,7515,8,7515,2,9449,3,1.0280521999811754
5,3,,2026-07-30T13:33:37.349629,105242,7600,4021,7600,775,7600,77,7600,12,7600,0,9280,3,1.029349499993259
5,3,,2026-07-30T13:33:38.377696,105897,7501,3970,7501,775,7501,87,7501,9,7501,2,9329,3,1.0276385999750346
5,3,,2026-07-30T13:33:39.407513,106700,7525,3957,7525,781,7525,73,7525,15,7525,3,9343,2,1.0294876999978442
5,3,,2026-07-30T13:33:40.436615,105719,7470,3948,7470,730,7470,84,7470,5,7470,1,9277,1,1.0288572999997996
5,3,,2026-07-30T13:33:41.465754,106221,7611,4122,7611,736,7611,80,7611,12,7611,3,9424,5,1.0287489999900572
5,3,,2026-07-30T13:33:42.495072,105469,7515,4010,7515,812,7515,108,7515,10,7515,1,9301,0,1.0288953999988735
5,3,,2026-07-30T13:33:43.524836,106261,7662,4053,7662,800,7662,89,7662,9,7662,0,9337,3,1.02938739999081
5,3,,2026-07-30T13:33:44.555301,106863,7664,4040,7664,836,7664,85,7664,6,7664,0,9384,3,1.0300973000121303
5,3,,2026-07-30T13:33:45.585496,106939,7848,4204,7848,746,7848,87,7848,11,7848,3,9393,2,1.0297793000063393
5,3,,2026-07-30T13:33:46.614989,106151,7456,3925,7456,769,7456,74,7456,7,7456,3,9283,3,1.0290403000253718
5,3,,2026-07-30T13:33:47.644083,105599,7570,4066,7570,739,7570,89,7570,11,7570,4,9480,6,1.0287819000077434
5,3,,2026-07-30T13:33:48.673896,106023,7806,4171,7806,739,7806,92,7806,11,7806,1,9321,4,1.029479100019671
5,3,,2026-07-30T13:33:49.703607,105637,7682,4131,7682,803,7682,88,7682,10,7682,2,9391,3,1.0293724999937695
5,3,,2026-07-30T13:33:50.732649,105938,7581,3979,7581,763,7581,84,7581,14,7581,0,9431,1,1.028692800027784
5,3,,2026-07-30T13:33:51.762791,105947,7423,3926,7423,736,7423,93,7423,17,7423,0,9471,3,1.0297839000122622
5,3,,2026-07-30T13:33:52.791991,106287,7390,3919,7390,771,7390,92,7390,8,7390,0,9508,3,1.0288446999911685
5,3,,2026-07-30T13:33:53.821060,105869,7557,4046,7557,776,7557,78,7557,5,7557,3,9344,1,1.0286597999802325
5,3,,2026-07-30T13:33:54.850219,105995,7528,4021,7528,805,7528,99,7528,10,7528,0,9392,1,1.0288158000039402
5,3,,2026-07-30T13:33:55.878629,105923,7649,4010,7649,800,7649,91,7649,10,7649,0,9256,2,1.0280093999754172
5,3,,2026-07-30T13:33:56.908187,105428,7377,3837,7377,848,7377,74,7377,7,7377,2,9484,2,1.0290246999938972
5,3,,2026-07-30T13:33:57.935290,105944,7625,3967,7625,784,7625,105,7625,4,7625,2,9366,4,1.0266707999981008
5,3,,2026-07-30T13:33:58.964583,105457,7430,3956,7430,769,7430,98,7430,3,7430,1,9239,3,1.0289910999999847
5,3,,2026-07-30T13:33:59.993640,106042,7593,4040,7593,816,7593,88,7593,10,7593,1,9339,4,1.0285501000180375
5,3,,2026-07-30T13:34:01.022037,106143,7512,3961,7512,750,7512,106,7512,13,7512,0,9432,1,1.0280098000075668
5,3,,2026-07-30T13:34:02.050273,105803,7617,4017,7617,787,7617,83,7617,11,7617,2,9353,3,1.0278790000011213
5,3,,2026-07-30T13:34:03.079265,105283,7260,3902,7260,804,7260,87,7260,7,7260,1,9469,3,1.0285326000011992
5,3,,2026-07-30T13:34:04.108386,105374,7505,4050,7505,771,7505,85,7505,9,7505,1,9046,2,1.0286469000275247
5,3,,2026-07-30T13:34:05.138748,105587,7535,4015,7535,762,7535,80,7535,8,7535,2,9252,3,1.0300066999916453
5,3,,2026-07-30T13:34:06.168379,106409,7444,4009,7444,765,7444,71,7444,9,7444,1,9457,2,1.0291288000007626
5,3,,2026-07-30T13:34:07.197638,106082,7487,3982,7487,790,7487,89,7487,9,7487,2,9335,4,1.0288916999998037
5,3,,2026-07-30T13:34:08.224299,106373,7499,4047,7499,766,7499,97,7499,4,7499,1,9351,3,1.026319800002966
5,3,,2026-07-30T13:34:09.251598,105471,7327,3910,7327,752,7327,99,7327,11,7327,0,9396,4,1.0270666999858804
5,3,,2026-07-30T13:34:10.279168,106301,7497,4026,7497,772,7497,81,7497,3,7497,2,9464,2,1.0273146000108682
5,3,,2026-07-30T13:34:11.307900,105803,7488,3931,7488,805,7488,86,7488,9,7488,1,9495,2,1.028428299992811
5,3,,2026-07-30T13:34:12.337563,105634,7478,3976,7478,783,7478,98,7478,8,7478,1,9433,4,1.0291411000071093
5,3,,2026-07-30T13:34:13.367261,105659,7483,4004,7483,813,7483,72,7483,8,7483,4,9355,2,1.029317100008484
5,3,,2026-07-30T13:34:14.397447,106173,7558,4081,7558,820,7558,95,7558,2,7558,0,9312,0,1.0298514000023715
5,3,,2026-07-30T13:34:15.428544,106364,7510,3978,7510,837,7510,84,7510,9,7510,0,9009,3,1.0307512999861501
5,3,,2026-07-30T13:34:16.457102,106272,7390,3957,7390,792,7390,82,7390,9,7390,2,9411,3,1.0282193000020925
5,3,,2026-07-30T13:34:17.484388,105151,7474,3959,7474,791,7474,90,7474,11,7474,0,9206,2,1.0270142999943346
5,3,,2026-07-30T13:34:18.512587,105806,7387,3947,7387,755,7387,93,7387,10,7387,1,9361,3,1.027952100004768
5,3,,2026-07-30T13:34:19.541707,105793,7384,3881,7384,810,7384,100,7384,5,7384,2,9424,6,1.0286872999859042
5,3,,2026-07-30T13:34:20.571169,105674,7488,3999,7488,715,7488,106,7488,7,7488,1,9375,1,1.029084599984344
5,3,,2026-07-30T13:34:21.601366,106089,7544,4137,7544,758,7544,91,7544,14,7544,2,9418,1,1.029895400017267
5,3,,2026-07-30T13:34:22.632611,106362,7566,4070,7566,796,7566,89,7566,9,7566,3,9356,1,1.0307955999742262
5,3,,2026-07-30T13:34:23.663003,105967,7448,3920,7448,743,7448,101,7448,11,7448,2,9458,1,1.0299796000181232
5,3,,2026-07-30T13:34:24.692108,105841,7521,4071,7521,725,7521,93,7521,9,7521,0,9252,0,1.0283681000000797
5,3,,2026-07-30T13:34:25.722563,106337,7486,4030,7486,784,7486,82,7486,5,7486,0,9274,1,1.0299858000071254
5,3,,2026-07-30T13:34:26.750830,105571,7646,4047,7646,785,7646,71,7646,11,7646,2,9375,1,1.0278439999965485
5,3,,2026-07-30T13:34:27.779281,105671,7447,3926,7447,727,7447,84,7447,10,7447,2,9427,3,1.0280318000004627
5,3,,2026-07-30T13:34:28.808141,105530,7370,3865,7370,800,7370,76,7370,5,7370,1,9173,1,1.0284374000038952
5,3,,2026-07-30T13:34:29.838060,105716,7517,3972,7517,810,7517,89,7517,5,7517,0,9180,4,1.0296052999910899
5,3,,2026-07-30T13:34:30.868611,106567,7679,4185,7679,784,7679,98,7679,4,7679,2,9340,5,1.0301727000041865
5,3,,2026-07-30T13:34:31.897957,106466,7521,3951,7521,790,7521,81,7521,8,7522,2,9284,2,1.0289110000012442
5,3,,2026-07-30T13:34:32.927664,106542,7617,4066,7617,779,7617,77,7617,9,7616,3,9369,4,1.0293532000214327
5,3,,2026-07-30T13:34:33.958047,106700,7676,4018,7676,803,7676,93,7676,11,7676,1,9357,2,1.0298421999905258
5,3,,2026-07-30T13:34:34.986473,106057,7560,3990,7560,794,7560,103,7560,9,7560,0,9483,0,1.0281428000016604
5,3,,2026-07-30T13:34:36.015753,106075,7563,4017,7563,804,7563,83,7563,14,7563,1,9353,2,1.0288207000121474
5,3,,2026-07-30T13:34:37.045465,105966,7494,4000,7494,726,7494,92,7494,10,7494,0,9333,2,1.0292617000231985
5,3,,2026-07-30T13:34:38.075057,106056,7512,3970,7512,798,7512,108,7512,17,7512,2,9609,2,1.029300800000783
5,3,,2026-07-30T13:34:39.105119,105899,7466,4119,7466,700,7466,91,7466,4,7466,2,9394,1,1.0297275000193622
5,3,,2026-07-30T13:34:40.135280,105777,7444,3929,7444,790,7444,86,7444,5,7444,0,9295,1,1.0298165999993216
5,3,,2026-07-30T13:34:41.164741,106388,7536,4031,7536,797,7536,102,7536,10,7536,4,9446,2,1.0290653000120074
5,3,,2026-07-30T13:34:42.193573,106193,7486,4003,7486,786,7486,86,7486,5,7486,2,9313,4,1.0281748000124935
5,3,,2026-07-30T13:34:43.221724,105724,7436,3957,7436,802,7436,95,7436,9,7436,1,9386,4,1.027778700023191
5,3,,2026-07-30T13:34:44.251432,105928,7502,4038,7502,783,7502,79,7502,8,7502,1,9329,2,1.0293983000156004
5,3,,2026-07-30T13:34:45.282625,105208,7469,4017,7469,813,7469,81,7469,11,7469,1,9332,0,1.0308099000249058
5,3,,2026-07-30T13:34:46.313919,106536,7446,4000,7446,748,7446,80,7446,14,7446,2,9400,1,1.0308321999909822
5,3,,2026-07-30T13:34:47.342905,106167,7494,3960,7494,788,7494,75,7494,4,7494,2,9296,0,1.0285185000102501
5,3,,2026-07-30T13:34:48.372247,106006,7347,3887,7347,770,7347,85,7347,12,7347,0,9498,2,1.0290153000096325
5,3,,2026-07-30T13:34:49.403224,106392,7501,3933,7501,803,7501,80,7501,9,7501,0,9197,2,1.0306438999832608
5,3,,2026-07-30T13:34:50.433729,105863,7375,4000,7375,727,7375,82,7375,11,7375,0,9403,3,1.0301287999900524
5,3,,2026-07-30T13:34:51.462830,105620,7616,4082,7616,810,7616,101,7616,9,7616,0,9205,1,1.0287569999927655
5,3,,2026-07-30T13:34:52.492660,105910,7515,3992,7515,809,7515,85,7515,10,7515,0,9317,3,1.0294203000084963
5,3,,2026-07-30T13:34:53.521763,106505,7611,4087,7611,787,7611,107,7611,11,7611,3,9529,6,1.0287389000004623
5,3,,2026-07-30T13:34:54.550562,106492,7620,4042,7620,735,7620,107,7620,6,7620,0,9338,3,1.0284370000008494
5,3,,2026-07-30T13:34:55.580527,106456,7604,4029,7604,781,7604,92,7604,7,7604,1,9372,3,1.0295431000122335
5,3,,2026-07-30T13:34:56.609890,106259,7474,3985,7474,787,7474,81,7474,4,7474,1,9351,4,1.0290116000105627
5,3,,2026-07-30T13:34:57.638152,106317,7370,3971,7370,764,7370,87,7370,9,7370,0,9362,5,1.02791000000434
5,3,,2026-07-30T13:34:58.668317,105609,7460,4019,7460,760,7460,85,7460,7,7460,0,9328,2,1.0298460999911185
5,3,,2026-07-30T13:34:59.697883,106514,7748,4177,7748,794,7748,88,7748,7,7748,2,9369,3,1.0291738999949303
5,3,,2026-07-30T13:35:00.727156,106453,7507,4043,7507,796,7507,80,7507,9,7507,2,9359,1,1.0288100000179838
5,3,,2026-07-30T13:35:01.756146,106101,7501,3997,7501,749,7501,84,7501,6,7501,4,9402,3,1.0286624000000302
5,3,,2026-07-30T13:35:02.785391,106237,7572,4046,7572,810,7572,84,7572,9,7572,1,9327,4,1.0289250999921933
5,3,,2026-07-30T13:35:03.814589,105721,7484,3975,7484,778,7484,82,7484,10,7484,0,9377,0,1.0289013999863528
5,3,,2026-07-30T13:35:04.843889,105973,7517,3958,7517,812,7517,85,7517,4,7517,2,9301,2,1.0289367999939714
5,3,,2026-07-30T13:35:05.873909,106411,7500,4078,7500,759,7500,77,7500,11,7500,1,9307,1,1.029646800016053
5,3,,2026-07-30T13:35:06.904519,106533,7631,4083,7631,835,7631,75,7631,6,7631,1,9292,1,1.0300104999914765
5,3,,2026-07-30T13:35:07.935623,106469,7462,4065,7462,783,7462,89,7462,6,7462,0,9336,2,1.0306550999812316
5,3,,2026-07-30T13:35:08.965378,105941,7422,3947,7422,737,7422,81,7422,15,7422,1,9180,1,1.0292647000169381
5,3,,2026-07-30T13:35:09.993218,105407,7619,4042,7619,798,7619,97,7619,9,7619,0,9267,1,1.0274313999980222
5,3,,2026-07-30T13:35:11.023366,105957,7468,4020,7468,785,7468,87,7468,7,7468,4,9454,3,1.0297581999911927
5,3,,2026-07-30T13:35:12.049521,105996,7466,3880,7466,858,7466,87,7466,5,7466,1,9262,4,1.025817099987762
5,3,,2026-07-30T13:35:13.076277,105796,7510,4018,7510,779,7510,87,7510,6,7510,0,9333,6,1.0265811999852303
5,3,,2026-07-30T13:35:14.103677,105965,7425,4021,7425,774,7425,83,7425,8,7425,3,9392,4,1.0271771000116132
5,3,,2026-07-30T13:35:15.131311,105973,7535,3984,7535,842,7535,88,7535,4,7535,0,9251,2,1.0274077000212856
5,3,,2026-07-30T13:35:16.158790,105222,7495,4036,7495,804,7495,96,7495,8,7495,2,9281,2,1.027148399996804
5,3,,2026-07-30T13:35:17.188130,105842,7528,3977,7528,788,7528,92,7528,11,7528,0,9233,2,1.029085899994243
5,3,,2026-07-30T13:35:18.216976,106056,7601,4128,7601,726,7601,85,7601,8,7601,0,9293,1,1.0285335999797098
5,3,,2026-07-30T13:35:19.246721,106344,7543,4069,7543,790,7543,90,7543,4,7543,0,9311,3,1.0294260999944527
5,3,,2026-07-30T13:35:20.274562,106336,7690,4065,7690,798,7690,83,7690,11,7690,2,9222,3,1.0275599999877159
5,3,,2026-07-30T13:35:21.335881,108401,7705,4089,7705,778,7705,85,7705,8,7705,2,9574,1,1.0610625999979675
5,3,,2026-07-30T13:35:22.362558,107553,7617,4043,7617,801,7617,100,7617,9,7617,3,9485,3,1.0264324999880046
5,3,,2026-07-30T13:35:23.392623,106276,7527,4067,7527,800,7527,119,7527,8,7527,4,9287,3,1.0297739000234287
5,3,,2026-07-30T13:35:24.419422,105969,7473,4016,7473,792,7473,103,7473,5,7473,0,9375,1,1.0264901999908034
5,3,,2026-07-30T13:35:25.446844,105766,7334,3893,7334,749,7334,88,7334,9,7334,1,9280,1,1.027253699983703
5,3,,2026-07-30T13:35:26.476687,106037,7545,4066,7545,744,7545,87,7545,12,7545,1,9057,3,1.029593700019177
5,3,,2026-07-30T13:35:27.505810,105934,7557,4036,7557,779,7557,81,7557,11,7557,1,9442,1,1.0288425000035204
5,3,,2026-07-30T13:35:28.534754,106185,7477,3972,7477,816,7477,91,7477,13,7477,0,9222,2,1.0286219000117853
5,3,,2026-07-30T13:35:29.564526,106242,7632,4124,7632,742,7632,86,7632,11,7632,0,9283,2,1.0294444999890402
5,3,,2026-07-30T13:35:30.595441,105863,7407,3976,7407,781,7407,89,7407,7,7407,1,9290,3,1.0306274000031408
5,3,,2026-07-30T13:35:31.625286,106611,7598,4085,7598,793,7598,85,7598,12,7598,2,9141,5,1.029451499984134
5,3,,2026-07-30T13:35:32.655429,105953,7510,4057,7510,785,7510,105,7510,7,7510,1,9504,4,1.0298946999828331
5,3,,2026-07-30T13:35:33.684908,106733,7607,4059,7607,831,7607,85,7607,4,7607,2,9220,0,1.0291403000010177
5,3,,2026-07-30T13:35:34.714278,106514,7601,4052,7601,793,7601,80,7601,6,7601,0,9372,2,1.0289697000116576
5,3,,2026-07-30T13:35:35.744263,105989,7445,3976,7445,813,7445,86,7445,9,7445,2,9348,4,1.0296389000141062
5,3,,2026-07-30T13:35:36.772587,106040,7443,4001,7443,739,7443,87,7443,7,7443,1,9328,1,1.02801140001975
5,3,,2026-07-30T13:35:37.802840,105215,7321,3946,7321,760,7321,92,7321,5,7321,1,9246,7,1.0298821000033058
5,3,,2026-07-30T13:35:38.834776,106140,7516,3991,7516,807,7516,83,7516,13,7516,1,9271,6,1.0314910000015516
5,3,,2026-07-30T13:35:39.865740,106219,7438,3964,7438,815,7438,85,7438,7,7438,1,9260,2,1.0305463999975473
5,3,,2026-07-30T13:35:40.894939,105882,7533,4060,7533,752,7533,87,7533,8,7533,2,9259,2,1.0287928000034299
5,3,,2026-07-30T13:35:41.924023,105745,7587,4063,7587,780,7587,100,7587,6,7587,0,9285,4,1.0286601000116207
5,3,,2026-07-30T13:35:42.953913,105756,7442,4007,7442,748,7442,95,7442,8,7442,2,9288,4,1.0295488999981899
5,3,,2026-07-30T13:35:43.983773,106195,7549,4065,7549,824,7549,91,7549,10,7549,0,9190,3,1.0294301999965683
5,3,,2026-07-30T13:35:45.012472,106342,7551,4024,7551,811,7551,99,7551,6,7551,1,9388,3,1.0283509999862872
5,3,,2026-07-30T13:35:46.041598,106115,7489,4128,7489,760,7489,75,7489,5,7489,1,9384,3,1.028814000019338
5,3,,2026-07-30T13:35:47.071513,105972,7639,4074,7639,760,7639,94,7639,6,7639,1,9369,6,1.0295602999976836
5,3,,2026-07-30T13:35:48.099864,106183,7529,4060,7529,781,7529,94,7529,4,7529,0,9544,5,1.0278376000060234
5,3,,2026-07-30T13:35:49.129584,105562,7523,4022,7523,779,7523,98,7523,10,7523,1,9175,4,1.0292335000121966
5,3,,2026-07-30T13:35:50.159706,105873,7475,3976,7475,762,7475,108,7475,8,7475,1,9166,3,1.029708300018683
5,3,,2026-07-30T13:35:51.190445,106012,7551,4090,7551,735,7551,93,7551,6,7551,1,9274,2,1.0303377000091132
5,3,,2026-07-30T13:35:52.219106,106112,7453,4005,7453,781,7453,81,7453,7,7453,2,9354,3,1.0282756999949925
5,3,,2026-07-30T13:35:53.248918,106252,7607,4034,7607,801,7607,97,7607,8,7607,0,9386,4,1.029446000000462
5,3,,2026-07-30T13:35:54.278835,105661,7598,4097,7598,812,7598,95,7598,7,7598,0,9276,2,1.0295100000221282
5,3,,2026-07-30T13:35:55.308723,106076,7587,4033,7587,773,7587,92,7587,7,7587,4,9303,3,1.0295485999959055
5,3,,2026-07-30T13:35:56.337871,106600,7483,4003,7483,781,7483,98,7483,7,7483,0,9440,3,1.0287476000085007
5,3,,2026-07-30T13:35:57.367035,106636,7448,4038,7448,740,7448,101,7448,11,7448,1,9472,4,1.0287012000044342
5,3,,2026-07-30T13:35:58.396875,105725,7506,3991,7506,775,7506,74,7506,11,7506,1,9264,2,1.0294968000089284
5,3,,2026-07-30T13:35:59.426508,105824,7437,4038,7437,724,7437,102,7437,12,7437,0,9258,2,1.0292352999967989
5,3,,2026-07-30T13:36:00.455042,105854,7356,3935,7356,796,7356,71,7356,5,7356,1,9130,1,1.0281037999957334
5,3,,2026-07-30T13:36:01.484755,105862,7418,3976,7418,722,7418,88,7418,13,7418,1,9201,1,1.0293014000053518
5,3,,2026-07-30T13:36:02.516238,106417,7508,4066,7508,768,7508,85,7508,9,7508,0,9346,1,1.0309711000008974
5,3,,2026-07-30T13:36:03.544748,106617,7472,4039,7472,762,7472,85,7472,8,7472,2,9388,2,1.0281209999811836
5,3,,2026-07-30T13:36:04.572247,106943,7426,3979,7426,787,7426,70,7426,11,7426,0,9419,3,1.0271493999753147
5,3,,2026-07-30T13:36:05.618720,108114,7731,4151,7731,793,7731,94,7731,6,7731,0,9556,2,1.0462973000248894
5,3,,2026-07-30T13:36:06.647725,105903,7424,4057,7424,745,7424,84,7424,5,7424,1,9294,2,1.0282309999747667
5,3,,2026-07-30T13:36:07.678627,105985,7479,3971,7479,757,7479,92,7479,7,7479,0,9279,4,1.0305194999964442
5,3,,2026-07-30T13:36:08.709332,106393,7618,4139,7618,784,7618,92,7618,9,7618,0,9405,1,1.0303177000023425
5,3,,2026-07-30T13:36:09.738762,106269,7643,4113,7643,777,7643,77,7643,8,7643,0,9217,0,1.0289279000135139
5,3,,2026-07-30T13:36:10.768723,105764,7619,4003,7619,802,7619,92,7619,8,7619,0,9220,1,1.029622100002598
5,3,,2026-07-30T13:36:11.798615,106185,7420,3909,7420,765,7420,82,7420,6,7420,0,9333,1,1.029510600026697
5,3,,2026-07-30T13:36:12.829648,106191,7573,4052,7573,767,7573,91,7573,10,7573,2,9371,0,1.0306991999968886
5,3,,2026-07-30T13:36:13.860889,106529,7567,3909,7567,825,7567,97,7567,8,7567,1,9399,1,1.0307038000028115
5,3,,2026-07-30T13:36:14.891332,106485,7628,4095,7628,814,7628,75,7628,10,7628,1,9408,3,1.0300151999981608
5,3,,2026-07-30T13:36:15.920859,105894,7377,3939,7377,769,7377,80,7377,7,7377,0,9251,5,1.0290495000081137
5,3,,2026-07-30T13:36:16.951020,105930,7498,3988,7498,812,7498,97,7498,7,7498,1,9312,1,1.0298162999970373
5,3,,2026-07-30T13:36:17.979923,105258,7357,3912,7357,769,7357,88,7357,5,7357,5,9410,2,1.0285284999990836
5,3,,2026-07-30T13:36:19.009905,105995,7527,4019,7527,766,7527,87,7527,13,7527,1,9356,3,1.029599200002849
5,3,,2026-07-30T13:36:20.038475,106388,7389,3931,7389,747,7389,79,7389,8,7389,1,9327,1,1.028241899999557
5,3,,2026-07-30T13:36:21.067951,106224,7517,4033,7517,768,7517,96,7517,15,7518,0,9302,4,1.029108200018527
5,3,,2026-07-30T13:36:22.099434,105942,7502,4023,7502,745,7502,77,7502,6,7501,1,9430,0,1.030946800019592
5,3,,2026-07-30T13:36:23.127297,106826,7651,4101,7651,794,7651,88,7651,7,7651,0,9339,1,1.0276225999987219
5,3,,2026-07-30T13:36:24.157329,106483,7316,3907,7316,824,7316,73,7316,4,7316,0,9292,1,1.0295572000031825
5,3,,2026-07-30T13:36:25.186135,106623,7530,4060,7530,818,7530,67,7530,8,7530,0,9500,3,1.0284268999821506
5,3,,2026-07-30T13:36:26.215572,106463,7611,4050,7611,834,7611,104,7611,7,7611,0,9171,3,1.0290795000037178
5,3,,2026-07-30T13:36:27.244858,107086,7619,4110,7619,743,7619,90,7619,4,7619,0,9331,1,1.0288151999993715
5,3,,2026-07-30T13:36:28.273405,106231,7653,4071,7653,808,7653,83,7653,6,7653,0,9376,3,1.028030099987518
5,3,,2026-07-30T13:36:29.302609,105867,7468,3942,7468,782,7468,88,7468,5,7468,3,9236,5,1.0287433000048622
5,3,,2026-07-30T13:36:30.331407,106129,7375,4013,7375,764,7375,85,7375,9,7375,2,9301,2,1.0284644999774173
5,3,,2026-07-30T13:36:31.362210,106344,7583,4078,7583,777,7583,81,7583,8,7583,2,9321,2,1.0304286000027787
5,3,,2026-07-30T13:36:32.391175,106417,7554,4026,7554,763,7554,108,7554,10,7554,1,9331,3,1.0286075999902096
5,3,,2026-07-30T13:36:33.419747,106244,7540,4020,7540,790,7540,84,7540,7,7540,1,9329,2,1.0281797000207007
5,3,,2026-07-30T13:36:34.448270,106139,7563,4094,7563,802,7563,85,7563,8,7563,0,9266,2,1.0282230000011623
5,3,,2026-07-30T13:36:35.476533,106195,7512,4046,7512,745,7512,90,7512,7,7512,3,9215,2,1.0278727000113577
5,3,,2026-07-30T13:36:36.504732,105925,7643,4081,7643,766,7643,97,7643,6,7643,1,9304,3,1.028017100004945
5,3,,2026-07-30T13:36:37.535092,106008,7407,4004,7407,750,7407,109,7407,7,7407,1,9337,3,1.030108700011624
5,3,,2026-07-30T13:36:38.565371,106674,7555,4097,7555,780,7555,84,7555,9,7555,1,9407,3,1.0299152999941725
5,3,,2026-07-30T13:36:39.594864,106134,7620,4059,7620,777,7620,93,7620,9,7620,2,9441,4,1.0291228999849409
5,3,,2026-07-30T13:36:40.624432,106460,7582,4027,7582,794,7582,91,7582,9,7583,0,9404,5,1.0291826000029687
5,3,,2026-07-30T13:36:41.653346,106018,7547,4113,7547,739,7547,103,7547,7,7546,0,9236,1,1.0285776999953669
5,3,,2026-07-30T13:36:42.683290,106196,7569,4024,7569,789,7569,79,7569,9,7569,2,9331,2,1.0294570999976713
5,3,,2026-07-30T13:36:43.712577,105963,7449,4014,7449,763,7449,82,7449,8,7449,2,9477,1,1.029005699994741
5,3,,2026-07-30T13:36:44.742208,106403,7569,4114,7569,804,7569,75,7569,10,7569,0,9372,5,1.0291626999969594
5,3,,2026-07-30T13:36:45.771014,106882,7511,3948,7511,788,7511,80,7511,9,7511,0,9437,3,1.0284522000001743
5,3,,2026-07-30T13:36:46.801167,106338,7602,4026,7602,855,7602,79,7602,10,7602,4,9338,3,1.0297040999867022
5,3,,2026-07-30T13:36:47.831521,106014,7601,4106,7601,779,7601,92,7601,1,7601,1,9467,0,1.0299026999855414
5,3,,2026-07-30T13:36:48.860531,106494,7627,4142,7627,765,7627,85,7627,9,7627,1,9286,5,1.0284700999909546
5,3,,2026-07-30T13:36:49.889519,106135,7617,4101,7617,787,7617,79,7617,9,7617,0,9462,2,1.0285204999963753
5,3,,2026-07-30T13:36:50.918527,106333,7477,3951,7477,795,7477,85,7477,6,7477,1,9283,1,1.0284444999997504
5,3,,2026-07-30T13:36:51.947058,105743,7467,4018,7467,757,7467,84,7467,9,7467,1,9230,1,1.0281277999747545
5,3,,2026-07-30T13:36:52.975934,105756,7415,3905,7415,787,7415,89,7415,16,7415,0,9106,6,1.0284663999918848
5,3,,2026-07-30T13:36:54.003661,105516,7497,3990,7497,802,7497,92,7497,6,7497,2,9347,1,1.0274313999980222
5,3,,2026-07-30T13:36:55.032677,106225,7575,4061,7575,776,7575,83,7575,11,7575,0,9288,4,1.0287319000053685
5,3,,2026-07-30T13:36:56.062152,105976,7392,3963,7392,743,7392,84,7392,7,7392,0,9218,4,1.02924790000543
5,3,,2026-07-30T13:36:57.091255,106709,7514,4077,7514,755,7514,82,7514,6,7514,1,9231,1,1.0286971000023186
5,3,,2026-07-30T13:36:58.119884,106370,7564,4043,7564,785,7564,108,7564,7,7564,0,9379,1,1.0282912000257056
5,3,,2026-07-30T13:36:59.152039,105933,7493,4042,7493,767,7493,94,7493,4,7493,1,9125,1,1.0318361000099685
5,3,,2026-07-30T13:37:00.180174,106209,7542,3962,7542,789,7542,99,7542,2,7542,2,9218,2,1.027721999998903
5,3,,2026-07-30T13:37:01.207569,105713,7628,4105,7628,767,7628,91,7628,4,7628,1,9250,1,1.0271083999832626
5,3,,2026-07-30T13:37:02.237083,106454,7594,4113,7594,765,7594,103,7594,14,7594,0,9320,1,1.029325500014238
5,3,,2026-07-30T13:37:03.265559,106278,7406,3957,7406,805,7406,86,7406,13,7406,4,9220,4,1.0280787000083365
5,3,,2026-07-30T13:37:04.295816,106430,7455,3958,7455,796,7455,98,7455,5,7455,2,9238,3,1.029714200005401
5,3,,2026-07-30T13:37:05.325689,106401,7476,4022,7476,761,7476,85,7476,9,7476,1,9503,2,1.0294656000041869
5,3,,2026-07-30T13:37:06.355470,106764,7517,4025,7517,806,7517,77,7517,10,7517,0,9347,3,1.0293364000099245
5,3,,2026-07-30T13:37:07.385074,106755,7406,3954,7406,768,7406,73,7406,3,7406,0,9365,3,1.0292900999775156
5,3,,2026-07-30T13:37:08.415185,106024,7593,4021,7593,818,7593,89,7593,6,7593,0,9378,2,1.029673700017156
5,3,,2026-07-30T13:37:09.445277,106638,7493,4106,7493,803,7493,69,7493,8,7493,1,9365,3,1.0296187000058126
5,3,,2026-07-30T13:37:10.475772,106618,7642,4014,7642,848,7642,83,7642,11,7642,2,9226,2,1.0299211000092328
5,3,,2026-07-30T13:37:11.505641,106649,7619,4057,7619,758,7619,87,7619,11,7619,1,9458,4,1.0293466999719385
5,3,,2026-07-30T13:37:12.534791,106593,7540,4069,7540,798,7540,99,7540,5,7540,1,9237,3,1.0287572999950498
5,3,,2026-07-30T13:37:13.563436,106683,7705,4102,7705,820,7705,77,7705,9,7705,3,9329,4,1.0284320999926422
5,3,,2026-07-30T13:37:14.593184,106256,7437,3988,7437,756,7437,80,7437,8,7437,1,9442,2,1.0294020999863278
5,3,,2026-07-30T13:37:15.623488,106286,7639,4092,7639,774,7639,101,7639,9,7639,4,9239,5,1.0297394999943208
5,3,,2026-07-30T13:37:16.652228,105786,7393,3903,7393,807,7393,97,7393,5,7393,0,9309,5,1.0282792999933008
5,3,,2026-07-30T13:37:17.681982,105975,7495,3969,7495,792,7495,81,7495,12,7495,3,9383,1,1.0294234000029974
5,3,,2026-07-30T13:37:18.711388,106282,7558,4125,7558,735,7558,78,7558,5,7558,0,9489,1,1.0290281999914441
5,3,,2026-07-30T13:37:19.742128,106880,7556,4013,7557,779,7557,88,7557,7,7557,0,9406,2,1.0304028000100516
5,3,,2026-07-30T13:37:20.771409,106764,7526,4000,7525,808,7525,88,7525,14,7525,1,9346,3,1.0288637999910861
5,3,,2026-07-30T13:37:21.800889,106466,7545,4010,7545,795,7545,95,7545,9,7545,0,9273,2,1.0290591999946628
5,3,,2026-07-30T13:37:22.830861,106658,7500,3991,7500,778,7500,87,7500,10,7500,3,9353,4,1.0296135999960825
5,3,,2026-07-30T13:37:23.859963,106579,7519,4101,7519,797,7519,81,7519,6,7519,0,9369,2,1.0288297000224702
5,3,,2026-07-30T13:37:24.888990,106976,7464,3943,7464,803,7464,83,7464,10,7464,0,9360,2,1.028661899996223
5,3,,2026-07-30T13:37:25.918638,105764,7402,3945,7402,759,7402,94,7402,5,7402,2,9286,1,1.029266199999256
5,3,,2026-07-30T13:37:26.948427,106420,7514,4021,7514,784,7514,102,7514,12,7514,2,9382,1,1.0294345000002068
5,3,,2026-07-30T13:37:27.977746,106535,7522,4137,7522,740,7522,67,7522,6,7522,0,9373,2,1.0289678999979515
5,3,,2026-07-30T13:37:29.006987,106380,7562,4111,7562,765,7562,83,7562,8,7562,0,9203,1,1.0287115999963135
5,3,,2026-07-30T13:37:30.037253,106034,7754,4221,7754,776,7754,92,7754,10,7754,1,9405,4,1.0298729999922216
5,3,,2026-07-30T13:37:31.066580,105980,7375,3932,7375,759,7375,101,7375,9,7375,2,9440,2,1.0287864999845624
5,3,,2026-07-30T13:37:32.096313,107222,7574,4154,7574,781,7574,76,7574,8,7574,1,9411,2,1.0293822000094224
5,3,,2026-07-30T13:37:33.128481,106190,7409,3981,7409,753,7409,92,7409,10,7409,0,9209,2,1.031805299979169
5,3,,2026-07-30T13:37:34.158069,106984,7752,4110,7752,846,7753,85,7753,12,7753,0,9380,3,1.0292459999909624
5,3,,2026-07-30T13:37:35.187216,106525,7437,3991,7437,728,7436,93,7436,10,7436,1,9220,2,1.0287410999881104
5,3,,2026-07-30T13:37:36.216533,106651,7533,4007,7533,788,7533,83,7533,9,7533,0,9412,2,1.0289953000028618
5,3,,2026-07-30T13:37:37.246369,106756,7478,3956,7478,801,7478,77,7478,10,7478,1,9379,2,1.0295347000064794
5,3,,2026-07-30T13:37:38.275392,106400,7614,4055,7614,799,7614,100,7614,6,7614,3,9358,0,1.0286779000016395
5,3,,2026-07-30T13:37:39.304983,106445,7547,3981,7547,813,7547,81,7547,12,7547,2,9407,0,1.0291828000044916
5,3,,2026-07-30T13:37:40.335506,106578,7609,4069,7609,815,7609,94,7609,7,7609,0,9470,4,1.0301993000030052
5,3,,2026-07-30T13:37:41.365685,105810,7620,4075,7620,807,7620,108,7620,10,7620,2,9484,3,1.0297931999957655
5,3,,2026-07-30T13:37:42.396769,106411,7800,4167,7800,746,7800,94,7800,7,7800,1,9366,4,1.0306862999859732
5,3,,2026-07-30T13:37:43.424869,106731,7602,3976,7602,848,7602,100,7602,3,7602,2,9243,4,1.027729499997804
5,3,,2026-07-30T13:37:44.479302,105677,7423,3926,7423,777,7423,72,7423,4,7423,1,9418,2,1.0541190000076313
5,3,,2026-07-30T13:37:45.526565,110665,7982,4211,7982,831,7982,99,7982,11,7982,4,9659,2,1.0283116000064183
5,3,,2026-07-30T13:37:46.556448,106306,7360,3965,7360,774,7360,91,7360,5,7360,4,9468,3,1.02949320001062
5,3,,2026-07-30T13:37:47.585921,106684,7547,3990,7547,819,7547,97,7547,7,7547,1,9435,0,1.029071400000248
5,3,,2026-07-30T13:37:48.615741,106170,7417,3921,7417,758,7417,103,7417,7,7417,2,9274,2,1.0293623999750707
5,3,,2026-07-30T13:37:49.645463,106042,7413,3928,7413,814,7413,74,7413,11,7413,1,9367,3,1.0292822999763303
5,3,,2026-07-30T13:37:50.675112,106190,7610,4126,7610,739,7610,87,7610,13,7610,2,9291,4,1.029246799997054
5,3,,2026-07-30T13:37:51.704429,106600,7459,3991,7459,758,7459,86,7459,6,7459,1,9324,1,1.0288372999930289
5,3,,2026-07-30T13:37:52.735188,106911,7613,4083,7613,764,7613,100,7613,6,7613,0,9369,1,1.0303981000033673
5,3,,2026-07-30T13:37:53.765952,107149,7460,3932,7460,780,7460,108,7460,8,7460,1,9185,1,1.030260100000305
5,3,,2026-07-30T13:37:54.796386,106386,7560,3980,7560,817,7560,81,7560,11,7560,1,9017,2,1.0300919000001159
5,3,,2026-07-30T13:37:55.825386,106189,7514,4055,7514,740,7514,74,7514,12,7514,3,9437,2,1.028716600005282
5,3,,2026-07-30T13:37:56.854468,106631,7451,4037,7451,743,7451,84,7451,3,7451,2,9444,2,1.0287348999991082
5,3,,2026-07-30T13:37:57.884945,106301,7402,4032,7402,807,7402,64,7402,3,7402,1,9403,2,1.03016879997449
5,3,,2026-07-30T13:37:58.915500,106711,7465,4124,7465,759,7465,86,7465,7,7465,0,9380,2,1.0301673999929335
5,3,,2026-07-30T13:37:59.946216,105965,7574,4018,7574,793,7574,106,7574,10,7574,2,9340,1,1.0303324999986216
5,3,,2026-07-30T13:38:00.977369,106996,7616,4126,7616,814,7616,103,7616,12,7616,0,9321,1,1.030659799987916
5,3,,2026-07-30T13:38:02.006591,106935,7752,4130,7752,807,7752,83,7752,11,7752,0,9383,2,1.0287659000023268
5,3,,2026-07-30T13:38:03.035127,105974,7567,4083,7567,785,7567,81,7567,14,7567,3,9206,0,1.0282216999912634
5,3,,2026-07-30T13:38:04.064164,106389,7650,4103,7650,743,7650,93,7650,10,7650,3,9488,4,1.02872760000173
5,3,,2026-07-30T13:38:05.092867,106222,7630,4022,7630,781,7630,116,7630,6,7630,0,9437,2,1.028301400016062
5,3,,2026-07-30T13:38:06.120316,106438,7530,4115,7530,811,7530,74,7530,6,7530,1,9265,4,1.027131200011354
5,3,,2026-07-30T13:38:07.148703,106494,7492,4042,7492,771,7492,89,7492,6,7492,3,9528,2,1.0280214000085834
5,3,,2026-07-30T13:38:08.178606,105996,7571,4065,7571,837,7571,91,7571,13,7571,2,9216,3,1.0291982000053395
5,3,,2026-07-30T13:38:09.208069,106096,7437,3990,7437,736,7437,86,7437,8,7437,0,9579,5,1.029086800001096
5,3,,2026-07-30T13:38:10.237256,107024,7645,4141,7645,769,7645,76,7645,9,7645,3,9306,2,1.028777200001059
5,3,,2026-07-30T13:38:11.266904,106259,7596,4045,7596,781,7596,91,7596,7,7596,1,9363,1,1.0293023000122048
5,3,,2026-07-30T13:38:12.296412,106319,7604,4008,7604,813,7604,99,7604,10,7604,3,9270,2,1.029019400011748
5,3,,2026-07-30T13:38:13.325444,106386,7658,4098,7658,797,7658,90,7658,9,7658,1,9432,0,1.0287756999896374
5,3,,2026-07-30T13:38:14.355753,106695,7592,4131,7592,768,7592,80,7592,8,7592,1,9486,8,1.029959300009068
5,3,,2026-07-30T13:38:15.385759,107581,7612,4114,7612,783,7612,84,7612,6,7612,0,9356,6,1.0295970999868587
5,3,,2026-07-30T13:38:16.415935,106722,7520,4031,7520,787,7520,91,7520,4,7520,2,9336,2,1.0298117000202183
5,3,,2026-07-30T13:38:17.445459,106386,7526,4044,7526,825,7526,88,7526,7,7526,1,9204,1,1.0291400999994949
5,3,,2026-07-30T13:38:18.475393,106501,7613,4065,7613,788,7613,103,7613,6,7613,2,9200,1,1.0296672999975272
5,3,,2026-07-30T13:38:19.504316,106820,7571,4003,7571,797,7571,68,7571,5,7571,3,9453,3,1.0285489000089
5,3,,2026-07-30T13:38:20.533487,106977,7527,4009,7527,813,7527,86,7527,8,7527,1,9383,3,1.0286643999861553
5,3,,2026-07-30T13:38:21.562908,106036,7458,3999,7458,764,7458,99,7458,7,7458,2,9185,4,1.029028399992967
5,3,,2026-07-30T13:38:22.593417,106983,7465,3975,7465,744,7465,76,7465,6,7465,2,9345,3,1.030200999986846
5,3,,2026-07-30T13:38:23.623273,106687,7524,4053,7524,837,7524,75,7524,9,7524,4,9444,2,1.029495800001314
5,3,,2026-07-30T13:38:24.653567,106684,7563,4035,7564,782,7564,89,7564,8,7564,1,9425,1,1.029939000000013
5,3,,2026-07-30T13:38:25.683870,106295,7491,4021,7490,774,7490,74,7490,8,7490,0,9307,4,1.0298736999975517
5,3,,2026-07-30T13:38:26.712528,106852,7716,4151,7716,825,7716,92,7716,8,7716,1,9471,4,1.0283412999997381
5,3,,2026-07-30T13:38:27.742822,106603,7495,4097,7495,778,7495,64,7495,11,7495,1,9234,4,1.0299307999957819
5,3,,2026-07-30T13:38:28.772991,106680,7511,4007,7511,785,7511,113,7511,5,7511,0,9250,2,1.02973270000075
5,3,,2026-07-30T13:38:29.804652,107085,7638,4114,7638,786,7638,68,7638,11,7638,2,9367,3,1.0312459999986459
5,3,,2026-07-30T13:38:30.834276,107367,7653,4130,7653,804,7653,97,7653,5,7653,2,9206,1,1.0291452999808826
5,3,,2026-07-30T13:38:31.864949,106308,7415,3939,7415,829,7415,92,7415,6,7415,1,9247,3,1.03030059998855
5,3,,2026-07-30T13:38:32.894940,106321,7602,4050,7602,806,7602,78,7602,6,7602,3,9247,3,1.0295625999860931
5,3,,2026-07-30T13:38:33.923685,106064,7490,4014,7490,782,7490,83,7490,5,7490,0,9352,2,1.0283625999873038
5,3,,2026-07-30T13:38:34.952381,107009,7500,4000,7500,779,7500,77,7500,5,7500,0,9405,5,1.0282124999794178
5,3,,2026-07-30T13:38:35.980299,106278,7437,3983,7437,776,7437,91,7437,7,7437,1,9422,2,1.0274442000081763
5,3,,2026-07-30T13:38:37.006634,106909,7592,4012,7592,785,7592,77,7592,6,7592,2,9338,0,1.0260147000080906
5,3,,2026-07-30T13:38:38.034829,106131,7532,4052,7532,811,7532,75,7532,11,7532,2,9165,2,1.0280101999815088
5,3,,2026-07-30T13:38:39.063062,106260,7474,3997,7474,747,7474,90,7474,8,7474,0,9402,4,1.027826500008814
5,3,,2026-07-30T13:38:40.092281,106649,7507,4069,7507,759,7507,83,7507,9,7507,1,9396,4,1.028895299998112
5,3,,2026-07-30T13:38:41.121061,106497,7483,4006,7483,787,7483,82,7483,8,7483,0,9417,3,1.0284679000033066
5,3,,2026-07-30T13:38:42.151880,106355,7495,3984,7495,772,7495,86,7495,5,7495,2,9257,4,1.0303740000235848
5,3,,2026-07-30T13:38:43.181554,107108,7616,3997,7616,811,7616,89,7616,7,7616,2,9346,1,1.029286900011357
5,3,,2026-07-30T13:38:44.211469,106302,7512,4007,7512,783,7512,89,7512,2,7512,1,9355,2,1.0295998000074178
5,3,,2026-07-30T13:38:45.240291,106472,7552,4083,7552,784,7552,83,7552,7,7552,2,9478,0,1.0283467999834102
5,3,,2026-07-30T13:38:46.268661,106121,7559,4051,7559,744,7559,76,7559,10,7559,1,9474,4,1.0279956000158563
5,3,,2026-07-30T13:38:47.296842,106538,7641,4013,7641,806,7641,79,7641,6,7641,2,9288,4,1.0278489999764133
5,3,,2026-07-30T13:38:48.324237,105787,7533,4007,7533,769,7533,97,7533,4,7533,0,9364,6,1.0270655000058468
5,3,,2026-07-30T13:38:49.351584,106282,7301,3939,7301,753,7301,98,7301,8,7301,1,9210,1,1.0269196000008378
5,3,,2026-07-30T13:38:50.380654,106586,7597,4037,7597,786,7597,103,7597,12,7597,0,9271,5,1.0287834000191651
5,3,,2026-07-30T13:38:51.408203,107160,7507,4035,7507,778,7507,81,7507,6,7507,0,9392,3,1.0271405999956187
5,3,,2026-07-30T13:38:52.438212,106196,7618,4080,7618,811,7618,72,7618,2,7618,0,9299,5,1.0296231000102125
5,3,,2026-07-30T13:38:53.467086,106538,7454,3991,7454,817,7454,80,7454,1,7454,0,9324,6,1.028462699992815
5,3,,2026-07-30T13:38:54.496076,106569,7422,3982,7422,766,7422,72,7422,12,7422,2,9341,5,1.0286051000002772
5,3,,2026-07-30T13:38:55.525656,106885,7509,4068,7509,758,7509,96,7509,9,7509,2,9392,0,1.029235800000606
5,3,,2026-07-30T13:38:56.554922,106699,7564,4037,7564,781,7564,84,7564,9,7564,2,9153,1,1.0289277999836486
5,3,,2026-07-30T13:38:57.583844,106242,7435,3991,7435,771,7435,77,7435,7,7435,0,9364,2,1.0284977999981493
5,3,,2026-07-30T13:38:58.613630,106490,7245,3905,7245,725,7245,94,7245,10,7245,0,9250,2,1.0294040000007953
5,3,,2026-07-30T13:38:59.641671,106825,7539,4013,7539,790,7539,82,7539,8,7539,1,9306,2,1.0276807000045665
5,3,,2026-07-30T13:39:00.670637,106149,7444,3996,7444,759,7444,78,7444,7,7444,0,9107,4,1.0285606000106782
5,3,,2026-07-30T13:39:01.700485,107973,7659,4100,7659,723,7659,76,7659,6,7659,2,9483,1,1.0294433000090066
5,3,,2026-07-30T13:39:02.729338,107505,7601,4070,7601,794,7601,100,7601,7,7601,0,9303,2,1.0284131999942474
5,3,,2026-07-30T13:39:03.758236,106591,7479,4021,7479,792,7479,82,7479,7,7479,1,9240,0,1.0285827999759931
5,3,,2026-07-30T13:39:04.787571,106382,7366,4008,7366,739,7366,88,7366,7,7366,2,9353,2,1.0289857999887317
5,3,,2026-07-30T13:39:05.817998,106494,7526,4015,7526,753,7526,93,7526,5,7526,1,9378,2,1.0299385999969672
5,3,,2026-07-30T13:39:06.849042,106728,7643,4112,7643,808,7643,80,7643,6,7643,0,9205,5,1.0305326999805402
5,3,,2026-07-30T13:39:07.878103,106643,7506,4072,7506,778,7506,89,7506,12,7506,1,9085,0,1.0287517000106163
5,3,,2026-07-30T13:39:08.907511,107219,7641,4082,7641,822,7641,101,7641,7,7641,0,9365,1,1.0290665999928024
5,3,,2026-07-30T13:39:09.936459,106466,7564,4064,7564,771,7564,89,7564,6,7564,2,9436,1,1.0286250000062864
5,3,,2026-07-30T13:39:10.966497,106405,7647,4192,7647,789,7647,86,7647,4,7647,1,9457,3,1.0296312000136822
5,3,,2026-07-30T13:39:11.996327,106264,7596,3935,7596,809,7596,77,7596,9,7596,2,9324,3,1.0293849000008777
5,3,,2026-07-30T13:39:13.026222,106604,7691,4113,7691,825,7691,91,7691,9,7691,0,9362,1,1.029433199990308
5,3,,2026-07-30T13:39:14.055944,106846,7588,4080,7588,827,7588,100,7588,15,7588,0,9337,2,1.02936139999656
5,3,,2026-07-30T13:39:15.086405,106603,7552,4002,7552,817,7552,96,7552,10,7552,1,9335,0,1.030098299990641
5,3,,2026-07-30T13:39:16.117046,106063,7545,4115,7545,752,7545,80,7545,7,7545,1,9442,2,1.0302370999997947
5,3,,2026-07-30T13:39:17.146915,106439,7743,4157,7743,795,7743,104,7743,8,7743,2,9271,1,1.0295249000191689
5,3,,2026-07-30T13:39:18.181636,106596,7407,3955,7407,731,7407,96,7407,6,7407,2,9459,3,1.034343200008152
5,3,,2026-07-30T13:39:19.212040,106967,7591,4008,7591,781,7591,85,7591,5,7591,1,9365,2,1.029790000000503
5,3,,2026-07-30T13:39:20.241123,106852,7653,4060,7653,814,7653,103,7653,8,7653,0,9161,4,1.0286472000007052
5,3,,2026-07-30T13:39:21.269768,106123,7486,4014,7486,727,7486,89,7486,8,7486,2,9195,2,1.0282890999806114
5,3,,2026-07-30T13:39:22.299157,106951,7600,4093,7600,756,7600,95,7600,12,7600,0,9402,1,1.0289533000031952
5,3,,2026-07-30T13:39:23.330308,106386,7542,4045,7542,823,7542,101,7542,10,7542,0,9325,5,1.0305830999859609
5,3,,2026-07-30T13:39:24.360361,106150,7487,3958,7487,738,7487,78,7487,9,7487,1,9222,2,1.0295100999937858
5,3,,2026-07-30T13:39:25.390438,106489,7466,3973,7466,755,7466,81,7466,12,7466,0,9421,1,1.029369099996984
5,3,,2026-07-30T13:39:26.420124,106670,7605,4050,7605,803,7605,74,7605,7,7605,0,9360,2,1.029414499993436
5,3,,2026-07-30T13:39:27.450389,106142,7328,3920,7328,746,7328,72,7328,4,7328,0,9449,3,1.0299253999837674
5,3,,2026-07-30T13:39:28.481061,106765,7603,4128,7603,762,7603,94,7603,5,7603,0,9344,4,1.0302293999993708
5,3,,2026-07-30T13:39:29.511053,105864,7474,4001,7474,795,7474,112,7474,4,7474,2,9258,3,1.0295514999888837
5,3,,2026-07-30T13:39:30.539952,106650,7599,4099,7599,795,7599,84,7599,7,7599,1,9489,2,1.0284690999833401
5,3,,2026-07-30T13:39:31.568818,106498,7348,3938,7348,746,7348,99,7348,3,7348,2,9216,3,1.0285137000028044
5,3,,2026-07-30T13:39:32.596561,106155,7442,3983,7442,756,7442,80,7442,9,7442,3,9172,1,1.0274255000113044
5,3,,2026-07-30T13:39:33.624911,105946,7620,4064,7620,821,7620,81,7620,11,7620,3,9120,2,1.0281205999781378
5,3,,2026-07-30T13:39:34.654509,105928,7378,3911,7378,797,7378,99,7378,5,7378,1,9335,2,1.0290934999939054
5,3,,2026-07-30T13:39:35.683298,106378,7356,3890,7356,764,7356,88,7356,9,7356,1,9396,3,1.0284367999993265
5,3,,2026-07-30T13:39:36.712365,106705,7466,4001,7466,785,7466,83,7466,4,7466,2,9415,4,1.0288037000282202
5,3,,2026-07-30T13:39:37.739879,106416,7575,4098,7575,756,7575,86,7575,6,7575,1,9285,3,1.0271696999843698
5,3,,2026-07-30T13:39:38.768773,106288,7568,4130,7568,805,7568,84,7568,6,7568,1,9306,2,1.0285747999732848
5,3,,2026-07-30T13:39:39.799468,106566,7642,4148,7642,823,7642,100,7642,14,7642,4,9436,1,1.0302017999929376
5,3,,2026-07-30T13:39:40.829111,107195,7559,4025,7559,786,7559,107,7559,8,7559,1,9444,3,1.0292959999933373
5,3,,2026-07-30T13:39:41.860006,106400,7367,3925,7367,757,7367,91,7367,8,7367,1,9395,3,1.0301086999825202
5,3,,2026-07-30T13:39:42.889615,107018,7380,3958,7380,759,7380,88,7380,13,7380,1,9335,5,1.0291423000162467
5,3,,2026-07-30T13:39:43.918761,106642,7672,4255,7672,754,7672,87,7672,6,7672,0,9434,3,1.0288317000085954
5,3,,2026-07-30T13:39:44.948140,106054,7509,3940,7509,775,7509,89,7509,11,7509,2,9260,3,1.0290247999946587
5,3,,2026-07-30T13:39:45.977308,106868,7382,3996,7382,747,7382,103,7382,5,7382,0,9396,3,1.028830699971877
5,3,,2026-07-30T13:39:47.006302,106381,7414,3934,7414,754,7414,87,7414,6,7414,1,9276,3,1.0286376000149176
5,3,,2026-07-30T13:39:48.037046,106558,7440,3925,7440,783,7440,118,7440,4,7440,1,9376,2,1.030378399998881
5,3,,2026-07-30T13:39:49.067498,106479,7504,4059,7504,779,7504,83,7504,10,7504,1,9244,0,1.0298170000023674
5,3,,2026-07-30T13:39:50.097466,106437,7624,4074,7624,799,7624,87,7624,5,7624,0,9453,2,1.0294731999747455
5,3,,2026-07-30T13:39:51.126249,106206,7505,3929,7505,825,7505,88,7505,12,7505,0,9282,2,1.028355799993733
5,3,,2026-07-30T13:39:52.154828,106481,7493,4049,7493,776,7493,69,7493,9,7493,1,9207,1,1.0282058999873698
5,3,,2026-07-30T13:39:53.185644,106098,7474,4071,7474,776,7474,81,7474,10,7474,2,9193,2,1.0305041999963578
5,3,,2026-07-30T13:39:54.214683,106614,7523,4029,7523,772,7523,91,7523,11,7523,0,9410,3,1.0286362000042573
5,3,,2026-07-30T13:39:55.244555,106603,7544,4021,7544,780,7544,105,7544,10,7544,4,9443,1,1.0294691000017338
5,3,,2026-07-30T13:39:56.274295,106548,7485,4016,7485,792,7485,98,7485,10,7485,0,9459,2,1.0292677999823354
5,3,,2026-07-30T13:39:57.303134,106867,7574,4160,7574,774,7574,106,7574,9,7574,0,9282,2,1.0284908000030555
5,3,,2026-07-30T13:39:58.332907,106458,7698,4175,7698,781,7698,88,7698,11,7698,1,9370,3,1.0294511999818496
5,3,,2026-07-30T13:39:59.362438,106983,7635,4125,7635,785,7635,92,7635,8,7635,0,9385,2,1.029171900008805
5,3,,2026-07-30T13:40:00.391739,106207,7494,4042,7494,748,7494,82,7494,6,7494,1,9545,1,1.0288283999834675
5,3,,2026-07-30T13:40:01.422110,106518,7600,4108,7600,790,7600,78,7600,9,7600,1,9404,2,1.0299441999814007
5,3,,2026-07-30T13:40:02.451887,106684,7544,4065,7544,777,7544,79,7544,8,7544,0,9545,3,1.029343100002734
5,3,,2026-07-30T13:40:03.480598,106695,7650,4092,7650,792,7650,98,7650,10,7650,0,9308,3,1.0283381000044756
5,3,,2026-07-30T13:40:04.510254,106356,7627,4096,7627,824,7627,68,7627,11,7627,0,9276,4,1.029316000000108
5,3,,2026-07-30T13:40:05.540245,106330,7490,4081,7490,746,7490,78,7490,5,7490,0,9344,3,1.029611699981615
5,3,,2026-07-30T13:40:06.570314,106429,7507,4002,7507,750,7507,102,7507,5,7507,2,9391,1,1.0296939999971073
5,3,,2026-07-30T13:40:07.598756,106648,7445,3865,7445,781,7445,99,7445,15,7445,1,9286,3,1.0280293000105303
5,3,,2026-07-30T13:40:08.627945,106340,7512,4010,7512,803,7512,92,7512,9,7512,4,9276,0,1.0288040000014007
5,3,,2026-07-30T13:40:09.657179,106431,7420,4002,7420,778,7420,84,7420,12,7420,2,9440,3,1.0287672999838833
5,3,,2026-07-30T13:40:10.685448,106721,7649,4065,7649,783,7649,111,7649,8,7649,2,9285,1,1.0279136000026483
5,3,,2026-07-30T13:40:11.715309,106575,7509,4107,7509,721,7509,83,7509,5,7509,2,9449,0,1.029494500020519
5,3,,2026-07-30T13:40:12.743822,106430,7582,4059,7582,776,7582,69,7582,7,7582,1,9271,3,1.028116300003603
5,3,,2026-07-30T13:40:13.772681,106184,7551,4084,7551,761,7551,89,7551,9,7551,1,9227,3,1.028506800008472
5,3,,2026-07-30T13:40:14.802505,106356,7467,4018,7467,783,7467,80,7467,10,7467,2,9154,2,1.0294075999991037
5,3,,2026-07-30T13:40:15.829346,106585,7573,4006,7573,803,7573,94,7573,3,7573,1,9160,2,1.0264097999897785
5,3,,2026-07-30T13:40:16.858519,106144,7472,4010,7472,782,7472,84,7472,5,7472,0,9268,2,1.0288065999920946
5,3,,2026-07-30T13:40:17.887947,106347,7544,3998,7544,755,7544,99,7544,8,7544,2,9370,3,1.0290536000102293
5,3,,2026-07-30T13:40:18.916593,106422,7522,3974,7522,775,7522,79,7522,8,7522,1,9465,1,1.0282218999927863
5,3,,2026-07-30T13:40:19.946191,106027,7468,3998,7468,798,7468,94,7468,7,7468,1,9301,3,1.0292657999962103
5,3,,2026-07-30T13:40:20.975032,106458,7476,4018,7476,775,7476,83,7476,10,7476,0,9225,0,1.0284001000109129
5,3,,2026-07-30T13:40:22.004776,105738,7646,4123,7646,750,7646,87,7646,8,7646,1,9309,2,1.0293624999758322
5,3,,2026-07-30T13:40:23.034815,106300,7579,4029,7579,748,7579,92,7579,10,7579,3,9358,4,1.0295977000205312
5,3,,2026-07-30T13:40:24.064989,106645,7586,4017,7586,793,7586,109,7586,8,7586,0,9287,2,1.0298006999946665
5,3,,2026-07-30T13:40:25.094779,106724,7436,3981,7436,768,7436,100,7436,12,7436,1,9383,1,1.0294278000073973
5,3,,2026-07-30T13:40:26.124086,106487,7478,4029,7478,769,7478,91,7478,9,7478,2,9417,4,1.0289389000099618
5,3,,2026-07-30T13:40:27.152458,106369,7507,3987,7507,832,7507,77,7507,8,7507,1,9236,2,1.0280249000061303
5,3,,2026-07-30T13:40:28.182267,106318,7510,4123,7510,764,7510,81,7510,7,7510,0,9257,3,1.0291109000099823
5,3,,2026-07-30T13:40:29.211678,106610,7441,3997,7441,778,7441,93,7441,9,7441,2,9297,2,1.0290736999886576
5,3,,2026-07-30T13:40:30.240621,106272,7401,3942,7401,782,7401,86,7401,5,7401,0,9296,6,1.0286495999898762
5,3,,2026-07-30T13:40:31.271266,106272,7495,4000,7495,800,7495,75,7495,1,7495,1,9341,3,1.0301656999799889
5,3,,2026-07-30T13:40:32.301078,106817,7545,3988,7545,801,7545,87,7545,13,7545,3,9371,4,1.029517399991164
5,3,,2026-07-30T13:40:33.329492,106544,7580,3970,7580,814,7580,81,7580,9,7580,2,9051,2,1.0280440999777056
5,3,,2026-07-30T13:40:34.358703,106081,7463,3970,7463,828,7463,86,7463,12,7463,0,9244,3,1.0289510999864433
5,3,,2026-07-30T13:40:35.388053,106983,7496,3995,7496,786,7496,75,7496,8,7496,1,9371,1,1.0289675999956671
5,3,,2026-07-30T13:40:36.417900,106453,7544,4049,7544,792,7544,74,7544,6,7544,1,9270,1,1.0293748999829404
5,3,,2026-07-30T13:40:37.445966,106479,7661,4057,7661,824,7661,104,7661,5,7661,1,9485,5,1.0276393000094686
5,3,,2026-07-30T13:40:38.473740,106077,7473,3999,7473,770,7473,79,7473,8,7473,0,9201,1,1.027462400001241
5,3,,2026-07-30T13:40:39.501372,106079,7276,3911,7276,714,7276,84,7276,12,7276,1,9468,2,1.0272871000051964
5,3,,2026-07-30T13:40:40.530524,105717,7363,3924,7363,702,7363,96,7363,7,7363,1,9171,1,1.0289717999985442
5,3,,2026-07-30T13:40:41.559418,107072,7518,4073,7518,768,7518,70,7518,10,7518,1,9456,5,1.028607500018552
5,3,,2026-07-30T13:40:42.588879,106426,7604,4013,7604,802,7604,85,7604,9,7604,1,9355,4,1.0292302999878302
5,3,,2026-07-30T13:40:43.617726,106208,7692,4189,7692,754,7692,100,7692,6,7692,1,9197,1,1.0284600000013597
5,3,,2026-07-30T13:40:44.647997,106214,7435,3979,7435,777,7435,86,7435,10,7435,0,9284,0,1.0296923999849241
5,3,,2026-07-30T13:40:45.677282,106057,7524,4010,7524,787,7524,83,7524,6,7524,2,9279,2,1.0288029999937862
5,3,,2026-07-30T13:40:46.706866,106337,7656,4092,7656,781,7656,91,7656,10,7656,1,9243,3,1.029232500004582
5,3,,2026-07-30T13:40:47.738026,106584,7433,3924,7433,719,7433,76,7433,8,7433,2,9184,2,1.0307984999963082
5,3,,2026-07-30T13:40:48.767510,106751,7518,3986,7518,814,7518,90,7518,14,7518,0,9371,4,1.0292630000039935
5,3,,2026-07-30T13:40:49.797758,106853,7560,3965,7560,763,7560,100,7560,9,7560,0,9338,3,1.0297796999802813
5,3,,2026-07-30T13:40:50.826072,106104,7487,4010,7487,802,7487,80,7487,8,7487,3,9355,0,1.0279627999989316
5,3,,2026-07-30T13:40:51.856217,106425,7632,4077,7632,745,7632,112,7632,12,7632,0,9201,2,1.0297547999944072
5,3,,2026-07-30T13:40:52.886215,106324,7527,4026,7527,831,7527,87,7527,12,7527,1,9190,2,1.0297059000004083
5,3,,2026-07-30T13:40:53.916554,106610,7484,3974,7484,811,7484,89,7484,8,7484,0,9361,3,1.0299949999898672
5,3,,2026-07-30T13:40:54.946547,107277,7399,3929,7399,776,7399,82,7399,12,7399,1,9463,2,1.0296648000075947
5,3,,2026-07-30T13:40:55.975673,105973,7392,3982,7392,727,7392,86,7392,9,7392,0,9276,1,1.0287431000033394
5,3,,2026-07-30T13:40:57.005882,106203,7412,4071,7412,743,7412,81,7412,9,7412,2,9215,1,1.029848399979528
5,3,,2026-07-30T13:40:58.036980,106619,7494,4001,7494,779,7494,92,7494,6,7494,2,9435,1,1.0307501000061166
5,3,,2026-07-30T13:40:59.066812,106541,7277,3853,7277,796,7277,91,7277,6,7277,1,9199,0,1.0292966999986675
5,3,,2026-07-30T13:41:00.095193,106191,7608,4066,7608,777,7608,80,7608,8,7608,3,9352,2,1.0281022999843117
5,3,,2026-07-30T13:41:01.123796,105812,7603,4043,7603,758,7603,99,7603,8,7603,3,9282,2,1.028282399987802
5,3,,2026-07-30T13:41:02.152404,106496,7488,4044,7488,779,7488,88,7488,5,7488,4,9192,5,1.0283461000071838
5,3,,2026-07-30T13:41:03.179855,105667,7497,3950,7497,813,7497,81,7497,9,7497,0,9334,5,1.0270825999905355
5,3,,2026-07-30T13:41:04.207748,105964,7643,4024,7643,798,7643,89,7643,5,7643,3,9374,2,1.02771229998325
5,3,,2026-07-30T13:41:05.236022,106009,7493,4031,7493,753,7493,93,7493,8,7493,3,9380,0,1.0280534999910742
5,3,,2026-07-30T13:41:06.262566,105984,7533,4014,7533,772,7533,82,7533,6,7533,0,9336,4,1.026136000000406
5,3,,2026-07-30T13:41:07.291640,106025,7553,3967,7553,750,7553,97,7553,6,7553,0,9335,0,1.028856499993708
5,3,,2026-07-30T13:41:08.321481,106358,7509,4021,7509,791,7509,91,7509,7,7509,1,9311,3,1.02947160002077
5,3,,2026-07-30T13:41:09.351384,106760,7480,4010,7480,812,7480,88,7480,6,7480,5,9308,1,1.0294271000020672
5,3,,2026-07-30T13:41:10.381702,106734,7510,4032,7510,747,7510,72,7510,9,7510,3,9357,4,1.0299447999859694
5,3,,2026-07-30T13:41:11.411097,106241,7432,3950,7432,771,7432,79,7432,8,7432,3,9298,3,1.029013199993642
5,3,,2026-07-30T13:41:12.440652,106122,7558,4006,7558,805,7558,98,7559,11,7559,2,9253,3,1.0290351000148803
5,3,,2026-07-30T13:41:13.469799,105918,7582,4073,7582,802,7582,98,7581,9,7581,1,9502,3,1.0286732999957167
5,3,,2026-07-30T13:41:14.499777,106344,7517,3939,7517,831,7517,83,7517,3,7517,1,9356,2,1.0295736999833025
5,3,,2026-07-30T13:41:15.528742,106797,7512,4009,7512,774,7512,92,7512,7,7512,0,9472,2,1.0285908999794628
5,3,,2026-07-30T13:41:16.557788,105872,7532,4063,7532,773,7532,81,7532,14,7532,1,9307,3,1.0287109000200871
5,3,,2026-07-30T13:41:17.586289,105435,7473,4051,7473,718,7473,90,7473,6,7473,2,9227,0,1.028152200015029
5,3,,2026-07-30T13:41:18.615361,106481,7531,4026,7531,825,7531,95,7531,10,7531,1,9272,5,1.0286486000113655
5,3,,2026-07-30T13:41:19.644743,105741,7462,3927,7462,764,7462,92,7462,10,7462,2,9434,0,1.028950400010217
5,3,,2026-07-30T13:41:20.674297,106101,7504,4032,7504,773,7504,95,7504,11,7504,1,9304,4,1.0291758000093978
5,3,,2026-07-30T13:41:21.704081,106374,7632,4029,7632,801,7632,79,7632,10,7632,1,9409,4,1.0294254000182264
5,3,,2026-07-30T13:41:22.734688,106742,7606,4069,7606,799,7606,93,7606,8,7606,0,9286,2,1.0301677999959793
5,3,,2026-07-30T13:41:23.764800,106605,7476,4029,7476,787,7476,83,7476,4,7476,3,9231,4,1.029598299995996
5,3,,2026-07-30T13:41:24.794656,106240,7538,4022,7538,752,7538,80,7538,7,7538,1,9359,4,1.0295048000116367
5,3,,2026-07-30T13:41:25.824217,106790,7502,3954,7502,776,7502,96,7502,7,7502,1,9551,1,1.029232500004582
5,3,,2026-07-30T13:41:26.854625,106884,7531,3995,7531,820,7531,87,7531,5,7531,0,9459,3,1.030040600016946
5,3,,2026-07-30T13:41:27.885039,106414,7569,3993,7569,804,7569,101,7569,5,7569,0,9222,0,1.0299374999885913
5,3,,2026-07-30T13:41:28.914030,106354,7441,3947,7441,775,7441,83,7441,8,7441,1,9381,2,1.0288291000179015
5,3,,2026-07-30T13:41:29.943271,106179,7442,3964,7442,765,7442,88,7442,9,7442,5,9224,4,1.0288983999926131
5,3,,2026-07-30T13:41:30.971612,106741,7613,4078,7613,813,7613,81,7613,7,7613,1,9232,3,1.0279964999936055
5,3,,2026-07-30T13:41:32.002478,106016,7548,4017,7548,768,7548,92,7548,9,7548,1,9211,3,1.030510000011418
5,3,,2026-07-30T13:41:33.032847,106675,7498,3986,7498,726,7498,81,7498,5,7498,0,9073,3,1.0298857000016142
5,3,,2026-07-30T13:41:34.061884,106550,7468,3983,7468,743,7468,96,7468,11,7468,1,9296,4,1.0286349999951199
5,3,,2026-07-30T13:41:35.090881,106298,7341,3919,7341,755,7341,73,7341,9,7341,0,9378,5,1.0285353000217583
5,3,,2026-07-30T13:41:36.120589,106548,7751,4191,7751,826,7751,94,7751,10,7751,1,9099,1,1.0293322999787051
5,3,,2026-07-30T13:41:37.150387,106019,7651,4134,7651,784,7651,98,7651,3,7651,0,9239,3,1.029318199987756
5,3,,2026-07-30T13:41:38.180720,106132,7467,4002,7467,829,7467,87,7467,5,7467,1,9202,3,1.0298289000056684
5,3,,2026-07-30T13:41:39.209161,106289,7456,4025,7456,730,7456,90,7456,5,7456,4,9237,2,1.027825600001961
5,3,,2026-07-30T13:41:40.237887,105765,7461,3919,7461,785,7461,75,7461,6,7461,1,9348,6,1.0283777999866288
5,3,,2026-07-30T13:41:41.267600,106085,7547,4056,7547,750,7547,94,7547,6,7547,1,9266,2,1.0292686000175308
5,3,,2026-07-30T13:41:42.297199,106672,7571,4036,7571,762,7571,96,7571,10,7571,1,9238,1,1.0292440000048373
5,3,,2026-07-30T13:41:43.327991,107072,7567,4002,7567,765,7567,80,7567,11,7567,3,9243,2,1.0304165999987163
5,3,,2026-07-30T13:41:44.358206,106644,7462,4049,7462,780,7462,78,7462,8,7462,1,9106,4,1.0298598000081256
5,3,,2026-07-30T13:41:45.387504,106429,7429,3953,7429,744,7429,66,7429,9,7429,3,9245,3,1.0289542999817058
5,3,,2026-07-30T13:41:46.417083,105701,7544,4033,7544,768,7544,87,7544,8,7544,0,9361,6,1.0291421999863815
5,3,,2026-07-30T13:41:47.446929,106344,7603,4047,7603,855,7603,89,7603,12,7603,0,9298,2,1.0295174000202678
5,3,,2026-07-30T13:41:48.475863,106626,7409,3966,7409,768,7409,89,7409,5,7409,2,9299,2,1.0285665999981575
5,3,,2026-07-30T13:41:49.506895,106393,7394,4014,7394,702,7394,100,7394,8,7394,1,9435,1,1.0306507000059355
5,3,,2026-07-30T13:41:50.536011,106112,7483,4038,7483,785,7483,93,7483,5,7483,3,9286,3,1.028705099975923
5,3,,2026-07-30T13:41:51.566135,106353,7564,4014,7564,742,7564,102,7564,10,7564,1,9270,2,1.0295565000269562
5,3,,2026-07-30T13:41:52.595105,106675,7533,3976,7533,814,7533,94,7533,7,7533,0,9420,2,1.0285543000209145
5,3,,2026-07-30T13:41:53.622399,106583,7586,4084,7586,770,7586,107,7586,4,7586,1,9176,2,1.0270176000194624
5,3,,2026-07-30T13:41:54.649825,106723,7418,3932,7418,809,7418,75,7418,8,7418,1,9245,1,1.0272262999787927
5,3,,2026-07-30T13:41:55.679878,106028,7411,3968,7411,748,7411,83,7411,11,7411,2,9240,2,1.029767100000754
5,3,,2026-07-30T13:41:56.709852,105516,7542,4078,7542,811,7542,73,7542,11,7542,1,9223,2,1.0296238000155427
5,3,,2026-07-30T13:41:57.738305,106651,7506,4041,7506,803,7506,94,7506,7,7506,1,9326,0,1.028035200026352
5,3,,2026-07-30T13:41:58.766624,105803,7441,4030,7441,733,7441,63,7441,6,7441,0,9216,2,1.0280001999926753
5,3,,2026-07-30T13:41:59.795824,105945,7366,3928,7366,770,7366,72,7366,7,7366,0,9211,2,1.0285831000073813
5,3,,2026-07-30T13:42:00.825402,106610,7663,4095,7663,779,7663,89,7663,13,7663,2,9405,5,1.0292391999973916
5,3,,2026-07-30T13:42:01.853557,106510,7617,4039,7617,767,7617,89,7617,11,7617,3,9252,2,1.0278281999926548
5,3,,2026-07-30T13:42:02.881815,106084,7424,3984,7424,775,7424,80,7424,9,7424,1,9270,1,1.0278549999929965
5,3,,2026-07-30T13:42:03.911292,105608,7434,4037,7434,734,7434,76,7434,7,7434,0,9387,2,1.029275900014909
5,3,,2026-07-30T13:42:04.940624,106661,7481,4001,7481,771,7481,97,7481,8,7481,1,9313,4,1.02898170001572
5,3,,2026-07-30T13:42:05.969742,106191,7563,4099,7563,768,7563,96,7563,8,7563,2,9312,3,1.0287895000074059
5,3,,2026-07-30T13:42:06.999084,106554,7542,4021,7542,800,7542,87,7542,7,7542,2,9427,2,1.028995999979088
5,3,,2026-07-30T13:42:08.030148,105874,7276,3865,7276,727,7276,90,7276,8,7276,2,9222,2,1.0306760999956168
5,3,,2026-07-30T13:42:09.060145,106759,7534,4022,7534,800,7534,96,7534,14,7534,1,9420,4,1.0294929999799933
5,3,,2026-07-30T13:42:10.089872,105796,7425,3917,7425,773,7425,83,7425,8,7425,0,9139,3,1.0293878999946173
5,3,,2026-07-30T13:42:11.119022,107052,7427,3985,7427,788,7427,102,7427,8,7427,1,9325,2,1.028804500005208
5,3,,2026-07-30T13:42:12.149131,106604,7384,3946,7384,787,7384,83,7384,5,7384,1,9267,3,1.0295900999917649
5,3,,2026-07-30T13:42:13.179115,106410,7451,3954,7451,770,7451,80,7451,8,7451,0,9360,1,1.0296392999880482
5,3,,2026-07-30T13:42:14.209315,106874,7549,3967,7549,825,7549,101,7549,11,7549,1,9300,3,1.0297269999864511
5,3,,2026-07-30T13:42:15.238714,106163,7478,3997,7478,759,7478,101,7478,10,7478,4,9068,0,1.0290359999926295
5,3,,2026-07-30T13:42:16.267642,106103,7519,4039,7519,775,7519,95,7519,12,7519,1,9251,4,1.0286019000050146
5,3,,2026-07-30T13:42:17.297721,106275,7469,3926,7469,784,7469,104,7469,10,7469,1,9452,1,1.0295823000196833
5,3,,2026-07-30T13:42:18.326729,106605,7431,3970,7431,760,7431,108,7431,5,7431,2,9144,2,1.0284394999907818
5,3,,2026-07-30T13:42:19.355941,106182,7494,4103,7494,780,7494,96,7494,8,7494,0,9425,2,1.0288600999920163
5,3,,2026-07-30T13:42:20.385624,106525,7431,4013,7431,735,7431,89,7431,10,7431,0,9305,2,1.0291911000094842
5,3,,2026-07-30T13:42:21.414055,105708,7471,3950,7471,770,7471,89,7471,6,7471,2,9452,1,1.0280805999937002
5,3,,2026-07-30T13:42:22.443246,105889,7380,3961,7380,791,7380,74,7380,11,7380,0,9440,2,1.028831400006311
5,3,,2026-07-30T13:42:23.473498,106374,7469,3918,7469,792,7469,77,7469,10,7469,1,9310,2,1.0298716000106651
5,3,,2026-07-30T13:42:24.504169,106218,7336,3900,7336,793,7336,97,7336,11,7336,2,9324,3,1.0302510000183247
5,3,,2026-07-30T13:42:25.533676,106858,7591,4083,7591,750,7591,100,7591,4,7591,1,9235,2,1.0289815999858547
5,3,,2026-07-30T13:42:26.563401,106643,7460,4017,7460,809,7460,84,7460,5,7460,1,9440,0,1.029329399985727
5,3,,2026-07-30T13:42:27.593251,105555,7408,3949,7408,770,7408,93,7408,7,7408,0,9229,1,1.0295148000004701
5,3,,2026-07-30T13:42:28.620810,106585,7458,4076,7458,762,7458,88,7458,9,7458,1,9337,1,1.0272098999994341
5,3,,2026-07-30T13:42:29.651020,105905,7488,3984,7488,778,7488,84,7488,6,7488,1,9326,4,1.0298477000033017
5,3,,2026-07-30T13:42:30.681962,106181,7377,4003,7377,725,7377,72,7377,12,7377,2,9195,5,1.0305667000066023
5,3,,2026-07-30T13:42:31.711888,106519,7549,4078,7549,772,7549,96,7549,8,7549,4,9341,5,1.029550500010373
5,3,,2026-07-30T13:42:32.741652,106414,7623,4104,7623,823,7623,81,7623,9,7623,0,9330,4,1.0293784000095911
5,3,,2026-07-30T13:42:33.772067,105735,7514,4037,7514,754,7514,91,7514,9,7514,1,9441,3,1.0300279000075534
5,3,,2026-07-30T13:42:34.801368,106502,7370,3956,7370,759,7370,94,7370,7,7370,0,9285,3,1.028862199978903
5,3,,2026-07-30T13:42:35.831563,106280,7472,3999,7472,767,7472,68,7472,8,7472,2,9240,3,1.0297587999957614
5,3,,2026-07-30T13:42:36.861319,106343,7529,4046,7529,769,7529,80,7529,11,7529,1,9471,0,1.0293674000131432
5,3,,2026-07-30T13:42:37.890925,106421,7561,4088,7561,752,7561,88,7561,9,7561,2,9322,2,1.0292827999801375
5,3,,2026-07-30T13:42:38.920249,106275,7598,4057,7598,797,7598,88,7598,11,7598,2,9324,3,1.0289821999904234
5,3,,2026-07-30T13:42:39.950188,106356,7458,3975,7458,771,7458,68,7458,11,7458,0,9434,3,1.0294877999986056
5,3,,2026-07-30T13:42:40.979340,106740,7520,3963,7520,781,7520,80,7520,10,7520,1,9274,2,1.0288684999977704
5,3,,2026-07-30T13:42:42.009612,106610,7663,4024,7663,811,7663,95,7663,9,7663,0,9369,6,1.0299147999903653
5,3,,2026-07-30T13:42:43.036554,106297,7418,3967,7418,807,7418,90,7418,9,7418,0,9135,5,1.026608699990902
5,3,,2026-07-30T13:42:44.064863,106355,7407,3940,7407,782,7407,88,7407,4,7407,0,9216,3,1.0280020000063814
5,3,,2026-07-30T13:42:45.094454,105949,7483,4002,7483,791,7483,80,7483,10,7483,0,9151,3,1.0291381000133697
5,3,,2026-07-30T13:42:46.123782,105827,7498,3920,7498,792,7498,108,7498,10,7498,0,9165,2,1.0290588999923784
5,3,,2026-07-30T13:42:47.153721,106800,7318,3888,7318,746,7318,94,7318,5,7318,1,9315,6,1.0295590000168886
5,3,,2026-07-30T13:42:48.184072,106809,7606,4028,7606,787,7606,100,7606,9,7606,3,9573,3,1.0300021000148263
5,3,,2026-07-30T13:42:49.215369,106118,7629,4138,7629,769,7629,99,7629,9,7629,2,9211,3,1.0309833999781404
5,3,,2026-07-30T13:42:50.244716,105855,7483,3974,7483,799,7483,99,7483,4,7483,1,9406,3,1.0289785000204574
5,3,,2026-07-30T13:42:51.274193,106210,7592,4065,7592,721,7592,90,7592,8,7592,2,9245,6,1.029289299971424
5,3,,2026-07-30T13:42:52.304486,106201,7565,4076,7565,744,7565,80,7565,9,7565,0,9436,2,1.0298415000142995
5,3,,2026-07-30T13:42:53.335370,106612,7548,4066,7548,809,7548,97,7548,6,7548,2,9301,2,1.030536599981133
5,3,,2026-07-30T13:42:54.364774,105915,7432,3975,7432,731,7432,83,7432,8,7432,0,9380,3,1.0289232000068296
5,3,,2026-07-30T13:42:55.395624,105884,7517,4073,7517,773,7517,90,7517,9,7517,1,9454,1,1.0304352999955881
5,3,,2026-07-30T13:42:56.425636,106818,7682,4054,7682,797,7682,107,7682,5,7682,1,9156,2,1.0296834999753628
5,3,,2026-07-30T13:42:57.456370,106681,7577,3979,7577,821,7577,92,7577,9,7577,1,9263,3,1.030269299983047
5,3,,2026-07-30T13:42:58.485892,106699,7543,4094,7543,720,7543,72,7543,7,7543,2,9321,3,1.029252100008307
5,3,,2026-07-30T13:42:59.516193,106728,7588,4012,7588,789,7588,82,7588,10,7588,0,9413,4,1.0299823000095785
5,3,,2026-07-30T13:43:00.546547,106064,7385,3976,7385,784,7385,73,7385,7,7385,1,9199,1,1.030007299996214
5,3,,2026-07-30T13:43:01.575549,106348,7412,3907,7412,791,7412,72,7412,2,7412,1,9340,1,1.0286423000216018
5,3,,2026-07-30T13:43:02.606085,106309,7453,3907,7453,825,7453,86,7453,11,7453,3,9107,3,1.0299550000054296
5,3,,2026-07-30T13:43:03.635937,106302,7650,3972,7650,791,7650,114,7650,5,7650,1,9307,1,1.0294531999970786
5,3,,2026-07-30T13:43:04.665093,106384,7421,3908,7421,771,7421,93,7421,5,7421,1,9341,3,1.0287865999853238
5,3,,2026-07-30T13:43:05.694558,105765,7507,4010,7507,740,7507,96,7507,8,7507,0,9152,1,1.029124699998647
5,3,,2026-07-30T13:43:06.724923,106541,7448,3967,7448,788,7448,99,7448,7,7448,2,9117,2,1.0300260999938473
5,3,,2026-07-30T13:43:07.754861,106120,7380,3931,7380,772,7380,73,7380,5,7380,2,9231,2,1.0296137999976054
5,3,,2026-07-30T13:43:08.783895,106803,7488,4000,7488,793,7488,69,7488,10,7488,0,9352,3,1.0286238000262529
5,3,,2026-07-30T13:43:09.813527,105752,7428,3932,7428,779,7428,86,7428,5,7428,3,9365,2,1.0292689999914728
5,3,,2026-07-30T13:43:10.842304,105671,7428,3992,7428,771,7428,88,7428,6,7428,1,9288,1,1.02836950001074
5,3,,2026-07-30T13:43:11.873239,105774,7502,3975,7502,781,7502,89,7502,1,7502,1,9203,2,1.0303377000091132
5,3,,2026-07-30T13:43:12.902557,106265,7495,4088,7495,768,7495,76,7495,11,7495,0,9225,2,1.0287727000250015
5,3,,2026-07-30T13:43:13.933794,106544,7445,3997,7445,756,7445,70,7445,8,7445,2,9225,4,1.0308572000067215
5,3,,2026-07-30T13:43:14.964202,107071,7349,3906,7349,795,7349,90,7349,9,7349,2,9359,2,1.030078300012974
5,3,,2026-07-30T13:43:15.993637,106485,7353,3891,7353,788,7353,92,7353,6,7353,2,9087,3,1.0291175000020303
5,3,,2026-07-30T13:43:17.023029,107062,7577,4027,7577,759,7577,102,7577,8,7577,0,9385,4,1.0290233999839984
5,3,,2026-07-30T13:43:18.052149,106041,7429,3906,7429,760,7429,86,7429,10,7429,2,9353,4,1.0287801999947987
5,3,,2026-07-30T13:43:19.081073,106789,7460,3982,7460,713,7460,91,7460,6,7460,0,9253,4,1.0286248000047635
5,3,,2026-07-30T13:43:20.110364,106836,7563,4116,7563,784,7563,81,7563,6,7563,0,9260,1,1.0289887000108138
5,3,,2026-07-30T13:43:21.140254,106783,7476,3926,7476,802,7476,88,7476,5,7476,2,9513,4,1.029333399987081
5,3,,2026-07-30T13:43:22.169288,106327,7486,4009,7486,705,7486,75,7486,9,7486,3,9302,6,1.0286980999808293
5,3,,2026-07-30T13:43:23.199205,105998,7455,4008,7455,775,7455,87,7455,9,7455,0,9321,3,1.029683099972317
5,3,,2026-07-30T13:43:24.230313,106599,7451,3996,7451,777,7451,99,7451,10,7451,1,9175,2,1.0307359999860637
5,3,,2026-07-30T13:43:25.258845,106089,7585,3990,7585,802,7585,88,7585,7,7585,2,9225,3,1.0280268000205979
5,3,,2026-07-30T13:43:26.287977,106173,7450,3929,7450,790,7450,101,7450,8,7450,0,9212,3,1.0285344999865629
5,3,,2026-07-30T13:43:27.317305,105717,7447,4106,7447,745,7447,94,7447,8,7447,1,9191,2,1.0289964000112377
5,3,,2026-07-30T13:43:28.346731,106447,7550,4092,7550,787,7550,75,7550,12,7550,0,9119,1,1.029025099996943
5,3,,2026-07-30T13:43:29.376118,106350,7467,4074,7467,728,7467,73,7467,3,7467,1,9390,3,1.0290162999881431
5,3,,2026-07-30T13:43:30.405088,106094,7467,4052,7467,740,7467,85,7467,6,7467,0,9251,5,1.0286229000193998
5,3,,2026-07-30T13:43:31.434109,106130,7419,4023,7419,746,7419,89,7419,7,7419,0,9230,3,1.0285385999886785
5,3,,2026-07-30T13:43:32.464412,106852,7528,4055,7528,798,7528,82,7528,11,7528,2,9383,5,1.0299482000118587
5,3,,2026-07-30T13:43:33.493669,106149,7428,3987,7428,789,7428,87,7428,9,7428,1,9511,5,1.0288092999835499
5,3,,2026-07-30T13:43:34.522649,105514,7539,4025,7539,801,7539,84,7539,3,7539,1,9226,3,1.0285218000062741
5,3,,2026-07-30T13:43:35.551583,105529,7303,3862,7303,809,7303,92,7303,5,7303,1,9236,3,1.0285888999933377
5,3,,2026-07-30T13:43:36.581614,105906,7573,3948,7573,780,7573,91,7573,7,7573,1,9471,5,1.0296430999878794
5,3,,2026-07-30T13:43:37.614112,105655,7524,4052,7524,775,7524,94,7524,7,7524,0,9337,2,1.030687599995872
5,3,,2026-07-30T13:43:38.641136,106429,7388,3893,7388,738,7388,90,7388,11,7388,1,9531,0,1.0266773999901488
5,3,,2026-07-30T13:43:39.670297,105733,7404,4022,7404,754,7404,88,7404,7,7404,1,9275,3,1.0289319999865256
5,3,,2026-07-30T13:43:40.701266,106422,7489,3951,7489,795,7489,90,7489,9,7489,1,9352,8,1.0306262999947648
5,3,,2026-07-30T13:43:41.731457,106200,7403,3967,7403,752,7403,82,7403,9,7403,0,9363,2,1.0297031000081915
5,3,,2026-07-30T13:43:42.760799,106131,7608,4118,7608,757,7608,98,7608,5,7608,0,9254,4,1.028898200020194
5,3,,2026-07-30T13:43:43.790356,105201,7445,3985,7445,738,7445,81,7445,8,7445,0,9229,2,1.0292080000217538
5,3,,2026-07-30T13:43:44.819859,106363,7353,3901,7353,734,7353,87,7353,9,7353,1,9317,3,1.0292116999917198
5,3,,2026-07-30T13:43:45.850731,106202,7599,4084,7599,790,7599,89,7599,9,7599,0,9187,1,1.0304063000075985
5,3,,2026-07-30T13:43:46.880903,106484,7615,4053,7615,803,7615,92,7615,5,7615,3,9311,5,1.0297351000190247
5,3,,2026-07-30T13:43:47.910522,106079,7546,3980,7546,796,7546,99,7546,12,7546,0,9274,2,1.0293011000030674
5,3,,2026-07-30T13:43:48.940158,106110,7339,3967,7339,712,7339,90,7339,10,7339,1,9261,3,1.0292352999967989
5,3,,2026-07-30T13:43:49.970162,106461,7408,3961,7408,756,7408,91,7408,6,7408,2,9313,8,1.0295485999959055
5,3,,2026-07-30T13:43:50.998797,106166,7526,4060,7526,826,7526,77,7526,4,7526,0,9341,7,1.0283105000271462
5,3,,2026-07-30T13:43:52.027132,105829,7472,4040,7472,781,7472,82,7472,9,7472,2,9232,2,1.0281066999887116
5,3,,2026-07-30T13:43:53.056577,106243,7376,3862,7376,753,7376,88,7376,7,7376,2,9170,4,1.0290980999998283
5,3,,2026-07-30T13:43:54.086060,106056,7536,3971,7536,777,7536,103,7536,5,7536,3,9330,1,1.0290963999868836
5,3,,2026-07-30T13:43:55.115714,105862,7600,4090,7600,777,7600,87,7600,7,7600,3,9104,2,1.0293012000038289
5,3,,2026-07-30T13:43:56.145875,106176,7358,3871,7358,771,7358,81,7358,8,7358,2,9322,2,1.029703200008953
5,3,,2026-07-30T13:43:57.174306,106223,7558,3989,7558,765,7558,85,7558,12,7558,1,9260,1,1.027975000004517
5,3,,2026-07-30T13:43:58.203088,106096,7424,3873,7424,814,7424,96,7424,17,7424,1,9125,2,1.0284700999909546
5,3,,2026-07-30T13:43:59.231769,106072,7623,4077,7623,787,7623,99,7623,14,7623,0,9394,4,1.0283958000072744
5,3,,2026-07-30T13:44:00.261089,106488,7471,3980,7471,795,7471,83,7471,8,7471,2,9321,5,1.0289435000158846
5,3,,2026-07-30T13:44:01.291437,106201,7693,4095,7693,780,7693,75,7693,12,7693,1,9406,3,1.0298825999780092
5,3,,2026-07-30T13:44:02.320498,106166,7388,4008,7388,724,7388,85,7388,14,7388,0,9356,1,1.0287236000003759
5,3,,2026-07-30T13:44:03.350471,106292,7540,4121,7540,762,7540,86,7540,10,7540,1,9287,3,1.0295829999959096
5,3,,2026-07-30T13:44:04.379819,106474,7571,4062,7571,767,7571,74,7571,14,7571,5,9337,2,1.0290198999864515
5,3,,2026-07-30T13:44:05.409250,106319,7478,3963,7478,772,7478,77,7478,11,7478,1,9294,3,1.0290920999832451
5,3,,2026-07-30T13:44:06.438539,106152,7553,3938,7553,799,7553,102,7553,10,7553,0,9321,0,1.0289272999798413
5,3,,2026-07-30T13:44:07.468655,105680,7470,3969,7470,743,7470,85,7470,10,7470,1,9187,0,1.0297799999825656
5,3,,2026-07-30T13:44:08.498268,106598,7401,3960,7401,763,7401,90,7401,12,7401,2,9448,2,1.0291287000000011
5,3,,2026-07-30T13:44:09.528783,105842,7478,4023,7478,785,7478,87,7478,10,7478,2,9254,0,1.0300964000052772
5,3,,2026-07-30T13:44:10.558382,105937,7565,4028,7565,790,7565,102,7565,10,7565,1,9351,3,1.0291835000098217
5,3,,2026-07-30T13:44:11.588251,106747,7530,4048,7530,762,7530,98,7530,12,7530,1,9550,1,1.0294458999997005
5,3,,2026-07-30T13:44:12.617967,106637,7562,4054,7562,809,7562,89,7562,8,7562,1,9377,2,1.0291408999764826
5,3,,2026-07-30T13:44:13.647870,106282,7592,4064,7592,832,7592,69,7592,6,7592,3,9224,2,1.0294408999907319
5,3,,2026-07-30T13:44:14.677197,106162,7568,4050,7568,794,7568,92,7568,12,7568,0,9343,3,1.02888100000564
5,3,,2026-07-30T13:44:15.707950,105345,7482,4022,7482,816,7482,85,7482,8,7482,0,9318,5,1.0303351000184193
5,3,,2026-07-30T13:44:16.738131,105688,7376,3974,7376,722,7376,115,7376,11,7376,1,9223,5,1.02988680000999
5,3,,2026-07-30T13:44:17.765357,105972,7458,3954,7458,818,7458,74,7458,11,7458,1,9306,3,1.0268054000043776
5,3,,2026-07-30T13:44:18.793498,105330,7403,4040,7403,706,7403,79,7403,5,7403,1,9189,2,1.0278917000105139
5,3,,2026-07-30T13:44:19.822400,105665,7279,3885,7279,788,7279,86,7279,5,7279,0,8951,4,1.0285548999963794
5,3,,2026-07-30T13:44:20.849272,105926,7484,4073,7484,747,7484,92,7484,4,7484,2,9296,5,1.0266157999867573
5,3,,2026-07-30T13:44:21.878962,106063,7506,3985,7506,792,7506,98,7506,6,7506,0,9429,3,1.029454600007739
5,3,,2026-07-30T13:44:22.907696,105729,7343,3940,7343,744,7343,96,7343,4,7343,0,9134,5,1.0283551999891642
5,3,,2026-07-30T13:44:23.937209,106127,7685,4120,7685,794,7685,91,7685,10,7685,3,9235,3,1.0292347999929916
5,3,,2026-07-30T13:44:24.966498,106494,7460,4017,7460,781,7460,76,7460,7,7460,0,9314,3,1.0289787000219803
5,3,,2026-07-30T13:44:25.996336,105779,7506,3992,7506,815,7506,90,7506,11,7506,0,9372,1,1.0293644999910612
5,3,,2026-07-30T13:44:27.025460,106416,7442,3945,7442,797,7442,82,7442,14,7442,2,9348,3,1.0287727999966592
5,3,,2026-07-30T13:44:28.053993,106517,7370,3919,7370,787,7370,81,7370,13,7370,1,9280,5,1.0281787000130862
5,3,,2026-07-30T13:44:29.081706,105972,7558,3997,7558,786,7558,85,7558,5,7558,0,9464,1,1.027357100014342
5,3,,2026-07-30T13:44:30.109270,106080,7355,3906,7355,753,7355,86,7355,11,7355,2,9314,7,1.0271840000059456
5,3,,2026-07-30T13:44:31.136445,106113,7474,3998,7474,755,7474,93,7474,8,7474,0,9270,2,1.0268790000118315
5,3,,2026-07-30T13:44:32.167412,105965,7522,3987,7522,774,7522,88,7522,15,7522,2,9204,1,1.030595699994592
5,3,,2026-07-30T13:44:33.195176,106592,7551,4072,7551,781,7551,90,7551,6,7551,1,9260,1,1.027409699978307
5,3,,2026-07-30T13:44:34.224572,106486,7529,4041,7529,769,7529,87,7529,8,7529,0,9218,4,1.0291078999871388
5,3,,2026-07-30T13:44:35.255535,106579,7540,4097,7540,747,7540,94,7540,14,7540,2,9298,1,1.0306629999831785
5,3,,2026-07-30T13:44:36.285480,106632,7532,3984,7532,785,7532,92,7532,5,7532,1,9340,4,1.0295848000096157
5,3,,2026-07-30T13:44:37.314993,106268,7575,4087,7575,759,7575,95,7575,6,7575,2,9209,3,1.0291598000039812
5,3,,2026-07-30T13:44:38.345841,105507,7359,3937,7359,797,7359,85,7359,8,7359,2,9135,2,1.0304148999857716
5,3,,2026-07-30T13:44:39.376108,105573,7427,4003,7427,756,7427,68,7427,7,7427,2,9189,3,1.0295686000026762
5,3,,2026-07-30T13:44:40.405773,106859,7413,4009,7413,789,7413,79,7413,9,7413,2,9152,1,1.029314900020836
5,3,,2026-07-30T13:44:41.435074,105939,7582,4004,7582,851,7582,108,7582,8,7582,0,9273,1,1.0290085999877192
5,3,,2026-07-30T13:44:42.465132,105382,7651,4110,7651,772,7651,94,7651,6,7651,1,9184,3,1.0297772000194527
5,3,,2026-07-30T13:44:43.495632,106297,7477,4018,7477,805,7477,97,7477,13,7477,3,9439,2,1.0301341000013053
5,3,,2026-07-30T13:44:44.526557,106424,7494,3934,7494,769,7494,80,7494,12,7494,2,9191,3,1.0305831999867223
5,3,,2026-07-30T13:44:45.556010,106129,7516,3983,7516,747,7516,98,7516,7,7516,2,9114,3,1.0290698999888264
5,3,,2026-07-30T13:44:46.585627,105791,7577,4052,7577,764,7577,85,7577,9,7577,3,9327,1,1.029247700003907
5,3,,2026-07-30T13:44:47.613921,105814,7282,3889,7282,756,7282,94,7282,15,7282,1,9206,2,1.0279857000277843
5,3,,2026-07-30T13:44:48.643465,105690,7585,4003,7585,779,7585,83,7585,7,7585,0,9138,5,1.0291950999817345
5,3,,2026-07-30T13:44:49.673970,105718,7409,4009,7409,757,7409,88,7409,4,7409,0,9305,2,1.030146600009175
5,3,,2026-07-30T13:44:50.703598,105493,7514,4054,7514,785,7514,81,7514,8,7514,1,9198,1,1.0291299999807961
5,3,,2026-07-30T13:44:51.732818,106065,7522,4012,7522,782,7522,83,7522,7,7522,2,9283,1,1.0287176000128966
5,3,,2026-07-30T13:44:52.762708,105638,7224,3936,7224,754,7224,92,7224,6,7224,1,9234,1,1.029452399990987
5,3,,2026-07-30T13:44:53.793094,106299,7424,3931,7424,795,7424,97,7424,7,7424,1,9159,4,1.0298610999889206
5,3,,2026-07-30T13:44:54.822851,105880,7445,3946,7445,743,7445,104,7445,9,7445,0,9221,2,1.0293998999986798
5,3,,2026-07-30T13:44:55.852573,106424,7501,4007,7501,755,7501,99,7501,5,7501,0,9312,0,1.0293269000248984
5,3,,2026-07-30T13:44:56.881840,105893,7407,3967,7407,716,7407,74,7407,4,7407,2,9461,4,1.0289365000207908
5,3,,2026-07-30T13:44:57.910074,105731,7310,3961,7310,782,7310,93,7310,9,7310,2,9011,2,1.0278743999951985
5,3,,2026-07-30T13:44:58.939299,105534,7350,3885,7350,785,7350,82,7350,8,7350,1,9234,0,1.0289185000001453
5,3,,2026-07-30T13:44:59.968429,105454,7425,3929,7425,820,7425,87,7425,12,7425,0,9124,4,1.02876240000478
5,3,,2026-07-30T13:45:00.998036,106320,7372,3901,7372,775,7372,79,7372,13,7372,2,9145,5,1.0292216000088956
5,3,,2026-07-30T13:45:02.025169,105964,7514,3971,7514,778,7514,103,7514,7,7514,1,8973,1,1.0268059000081848
5,3,,2026-07-30T13:45:03.053341,105577,7350,3876,7350,755,7350,80,7350,7,7350,0,9211,0,1.0279379999847151
5,3,,2026-07-30T13:45:04.082833,105926,7474,4013,7474,800,7474,75,7474,7,7474,0,9415,1,1.0292092000017874
5,3,,2026-07-30T13:45:05.113238,106187,7475,3995,7475,779,7475,89,7475,6,7475,0,9304,2,1.0299817999766674
5,3,,2026-07-30T13:45:06.140881,105892,7582,4034,7582,747,7582,84,7582,7,7582,0,9311,2,1.0272767000133172
5,3,,2026-07-30T13:45:07.168328,105464,7524,3985,7524,802,7524,85,7524,6,7524,0,9152,2,1.0271762000047602
5,3,,2026-07-30T13:45:08.196829,105452,7468,4022,7468,756,7468,83,7468,4,7468,2,9163,2,1.0281806999992114
5,3,,2026-07-30T13:45:09.228068,105140,7413,4044,7413,720,7413,73,7413,15,7413,2,9323,2,1.030972100008512
5,3,,2026-07-30T13:45:10.258004,106310,7366,3980,7366,770,7366,91,7366,6,7366,1,9299,4,1.029577999986941
5,3,,2026-07-30T13:45:11.288075,105884,7469,3995,7469,749,7469,82,7469,9,7469,0,9257,2,1.0296650999807753
5,3,,2026-07-30T13:45:12.317326,106329,7357,3975,7357,747,7357,80,7357,5,7357,5,9290,4,1.028851700015366
5,3,,2026-07-30T13:45:13.347249,106469,7439,4044,7439,716,7439,82,7439,5,7439,1,9315,4,1.029628699994646
5,3,,2026-07-30T13:45:14.377674,106297,7557,4067,7557,750,7557,97,7557,10,7557,3,9324,4,1.0300469000067096
5,3,,2026-07-30T13:45:15.407905,105785,7375,3875,7375,772,7375,87,7375,14,7375,1,9234,3,1.0298116999911144
5,3,,2026-07-30T13:45:16.438832,106609,7409,3894,7409,782,7409,100,7409,9,7409,2,9058,1,1.0305598999839276
5,3,,2026-07-30T13:45:17.468555,105799,7305,3903,7305,787,7305,80,7305,5,7305,2,9213,6,1.0293391000013798
5,3,,2026-07-30T13:45:18.498191,106404,7610,4060,7610,807,7610,87,7610,4,7610,1,9239,3,1.029262900003232
5,3,,2026-07-30T13:45:19.528894,106337,7596,4077,7596,808,7596,98,7596,13,7596,0,9132,3,1.030375100002857
5,3,,2026-07-30T13:45:20.557320,106346,7500,4052,7500,752,7500,94,7500,12,7500,2,9299,3,1.0281543000019155
5,3,,2026-07-30T13:45:21.587362,105667,7389,4019,7389,726,7389,98,7389,6,7389,0,9101,2,1.029678299993975
5,3,,2026-07-30T13:45:22.616080,105943,7546,4021,7546,802,7546,86,7546,5,7546,2,9250,5,1.0284071000060067
5,3,,2026-07-30T13:45:23.645936,105734,7509,4049,7509,786,7509,102,7509,8,7509,1,9305,5,1.0294910999946296
5,3,,2026-07-30T13:45:24.676919,106111,7541,3971,7541,754,7541,91,7541,8,7541,0,9140,2,1.0304672999773175
5,3,,2026-07-30T13:45:25.706354,105783,7551,4051,7551,766,7551,72,7551,8,7551,5,9317,1,1.0289036000031047
5,3,,2026-07-30T13:45:26.737368,106192,7469,3983,7469,800,7469,79,7469,6,7469,1,9260,2,1.0305994999944232
5,3,,2026-07-30T13:45:27.768145,106473,7603,4099,7603,766,7603,85,7603,8,7603,0,9301,3,1.0302969999902416
5,3,,2026-07-30T13:45:28.797588,106164,7463,4034,7463,746,7463,85,7463,7,7463,2,9248,2,1.0290210999955889
5,3,,2026-07-30T13:45:29.827288,106097,7631,4053,7631,778,7631,91,7631,4,7631,0,9209,2,1.0294031000230461
5,3,,2026-07-30T13:45:30.856865,106394,7468,4026,7468,780,7468,84,7468,4,7468,2,9368,4,1.0292352000251412
5,3,,2026-07-30T13:45:31.886757,106272,7475,3940,7475,779,7475,79,7475,11,7475,3,9091,2,1.029501800017897
5,3,,2026-07-30T13:45:32.916734,106025,7400,3957,7400,749,7400,84,7400,10,7400,1,9336,1,1.0295381000032648
5,3,,2026-07-30T13:45:33.945841,105684,7503,3978,7503,840,7503,94,7503,14,7503,3,9168,4,1.02870670001721
5,3,,2026-07-30T13:45:34.975372,106337,7393,4049,7393,725,7393,76,7393,9,7393,0,9269,2,1.0291830000060145
5,3,,2026-07-30T13:45:36.004199,106446,7511,4093,7511,759,7511,90,7511,12,7511,2,9144,1,1.0284431999898516
5,3,,2026-07-30T13:45:37.034083,105350,7435,3890,7435,837,7435,86,7435,4,7435,1,9227,1,1.0295424000069033
5,3,,2026-07-30T13:45:38.064921,106223,7523,4053,7523,768,7523,97,7523,10,7523,2,9357,3,1.0303969999949913
5,3,,2026-07-30T13:45:39.094298,105937,7420,4014,7420,745,7420,89,7420,8,7420,1,9172,8,1.029022000002442
5,3,,2026-07-30T13:45:40.123982,105947,7657,4121,7657,790,7657,90,7657,7,7657,2,9237,2,1.0293151999940164
5,3,,2026-07-30T13:45:41.153306,106423,7618,4096,7618,780,7618,88,7618,10,7618,0,9365,3,1.0289122999820393
5,3,,2026-07-30T13:45:42.184309,105722,7286,3869,7286,713,7286,82,7286,7,7286,0,9259,1,1.0306071999948472
5,3,,2026-07-30T13:45:43.213104,106490,7471,3961,7471,767,7471,99,7471,7,7471,1,9394,4,1.0282695000059903
5,3,,2026-07-30T13:45:44.243146,105500,7288,3910,7288,742,7288,88,7288,7,7288,2,9244,7,1.0297285999986343
5,3,,2026-07-30T13:45:45.271205,105935,7380,3929,7380,773,7380,89,7380,2,7380,1,9125,2,1.0277171999914572
5,3,,2026-07-30T13:45:46.298778,105502,7419,3993,7419,794,7419,76,7419,10,7419,0,9297,4,1.0272206000227015
5,3,,2026-07-30T13:45:47.327017,105397,7408,3960,7408,744,7408,100,7408,3,7408,2,9289,4,1.0278603000042494
5,3,,2026-07-30T13:45:48.354925,105940,7532,4019,7532,783,7532,90,7532,12,7532,0,9245,2,1.0276321999845095
5,3,,2026-07-30T13:45:49.383210,106311,7520,4058,7520,753,7520,79,7520,10,7520,1,9264,4,1.02805829999852
5,3,,2026-07-30T13:45:50.411976,106142,7404,4011,7404,742,7404,85,7404,7,7404,0,9207,2,1.0285452000098303
5,3,,2026-07-30T13:45:51.439455,106232,7447,3956,7447,797,7447,94,7447,3,7447,0,9306,1,1.027257500012638
5,3,,2026-07-30T13:45:52.467438,105790,7508,4006,7508,782,7508,89,7508,6,7508,1,9151,2,1.027747600019211
5,3,,2026-07-30T13:45:53.494041,105491,7298,3962,7298,707,7298,82,7298,6,7298,1,9273,4,1.0260593999992125
5,3,,2026-07-30T13:45:54.522677,105631,7505,4001,7505,803,7505,85,7505,12,7505,0,9310,0,1.0284658999880776
5,3,,2026-07-30T13:45:55.550716,105750,7255,3928,7255,747,7255,88,7255,6,7255,1,9308,4,1.0277266999764834
5,3,,2026-07-30T13:45:56.579786,106041,7509,4063,7509,774,7509,86,7509,5,7509,3,9100,3,1.0287543000013102
5,3,,2026-07-30T13:45:57.608280,106197,7586,4085,7586,779,7586,88,7586,12,7586,0,9280,5,1.0281636999861803
5,3,,2026-07-30T13:45:58.636586,105718,7388,3945,7388,782,7388,93,7388,10,7388,2,9233,3,1.0279929999960586
5,3,,2026-07-30T13:45:59.666336,105640,7339,3791,7339,765,7339,82,7339,11,7339,1,9269,0,1.0294289000157733
5,3,,2026-07-30T13:46:00.695436,105870,7326,3942,7326,771,7326,79,7326,6,7326,1,9066,5,1.0287421999964863
5,3,,2026-07-30T13:46:01.725276,105934,7422,3978,7422,736,7422,85,7422,7,7422,3,9444,2,1.0294692000024952
5,3,,2026-07-30T13:46:02.754290,106194,7560,4019,7560,759,7560,97,7560,15,7560,1,9337,3,1.0287176000128966
5,3,,2026-07-30T13:46:03.783465,106331,7493,3960,7493,742,7493,93,7493,5,7493,2,9248,3,1.0288029999937862
5,3,,2026-07-30T13:46:04.813621,106026,7403,3958,7403,786,7403,93,7403,4,7403,3,9226,4,1.0298641999834217
5,3,,2026-07-30T13:46:05.843376,105564,7440,4006,7440,746,7440,94,7440,11,7440,0,9139,2,1.0294907000206877
5,3,,2026-07-30T13:46:06.872569,106159,7603,3969,7603,810,7603,88,7603,10,7603,1,9364,2,1.028846400004113
5,3,,2026-07-30T13:46:07.902067,106328,7378,3934,7378,795,7378,75,7378,10,7378,0,9292,1,1.029136400000425
5,3,,2026-07-30T13:46:08.932745,105714,7437,3962,7437,811,7437,82,7438,9,7438,3,9239,3,1.0303211000282317
5,3,,2026-07-30T13:46:09.962379,105818,7493,3971,7493,806,7493,94,7492,8,7492,1,9155,4,1.029232900007628
5,3,,2026-07-30T13:46:10.992195,105903,7476,3988,7476,792,7476,94,7476,5,7476,2,9179,4,1.0292397000011988
5,3,,2026-07-30T13:46:12.021137,105770,7649,4107,7649,786,7649,96,7649,5,7649,0,9184,1,1.0286265000177082
5,3,,2026-07-30T13:46:13.050992,105952,7495,4028,7495,786,7495,84,7495,7,7495,3,9238,1,1.0294953999982681
5,3,,2026-07-30T13:46:14.080071,106547,7468,3970,7468,722,7468,91,7468,8,7468,3,9201,3,1.0286838000174612
5,3,,2026-07-30T13:46:15.111170,106117,7413,3963,7413,750,7413,96,7413,6,7413,2,9480,1,1.0306362000119407
5,3,,2026-07-30T13:46:16.137507,105294,7390,4011,7390,773,7390,89,7390,4,7390,1,9317,2,1.0258892999845557
5,3,,2026-07-30T13:46:17.164998,105550,7376,3897,7376,786,7376,85,7376,9,7376,1,9191,1,1.0268851000000723
5,3,,2026-07-30T13:46:18.194949,105661,7491,4007,7491,785,7491,100,7491,13,7491,1,9191,3,1.0295765999762807
5,3,,2026-07-30T13:46:19.224879,105889,7576,4028,7576,838,7576,102,7576,10,7576,1,9248,5,1.0294515000132378
5,3,,2026-07-30T13:46:20.254431,106502,7553,4063,7553,789,7553,89,7553,3,7553,2,9393,4,1.0291512999974657
5,3,,2026-07-30T13:46:21.283404,105886,7516,4053,7516,731,7516,93,7516,7,7516,2,9277,4,1.0286101999809034
5,3,,2026-07-30T13:46:22.313862,105715,7374,3914,7374,769,7374,80,7374,9,7374,1,9099,1,1.029955499980133
5,3,,2026-07-30T13:46:23.343888,105767,7497,4048,7497,751,7497,86,7497,10,7497,0,9117,4,1.0295860999904107
5,3,,2026-07-30T13:46:24.372816,105768,7461,4046,7461,805,7461,96,7461,11,7461,1,9252,3,1.02857930000755
5,3,,2026-07-30T13:46:25.402532,105987,7420,3950,7420,782,7420,94,7420,6,7420,3,9362,1,1.029372200020589
5,3,,2026-07-30T13:46:26.431271,106241,7428,3936,7428,804,7428,97,7428,7,7428,2,9364,1,1.0284298999758903
5,3,,2026-07-30T13:46:27.462169,105839,7319,3896,7319,762,7319,95,7319,9,7319,1,9106,1,1.0304838999873027
5,3,,2026-07-30T13:46:28.493420,105331,7503,3985,7503,773,7503,89,7503,10,7503,2,9390,1,1.0309464999882039
5,3,,2026-07-30T13:46:29.522616,105890,7489,3958,7489,853,7489,80,7489,7,7489,1,9289,3,1.0288440000149421
5,3,,2026-07-30T13:46:30.552723,105571,7348,3958,7348,750,7348,81,7348,4,7348,1,9185,2,1.0297613000147976
5,3,,2026-07-30T13:46:31.582735,105927,7272,3916,7272,745,7272,107,7272,8,7272,1,9269,1,1.029665100009879
5,3,,2026-07-30T13:46:32.611551,105878,7337,3902,7337,781,7337,80,7337,5,7337,2,9398,0,1.0284117000119295
5,3,,2026-07-30T13:46:33.640510,106113,7444,4013,7444,743,7444,80,7444,10,7444,1,9220,6,1.0283700999862049
5,3,,2026-07-30T13:46:34.669495,105505,7541,4140,7541,778,7541,76,7541,2,7541,0,9270,5,1.0283601000264753
5,3,,2026-07-30T13:46:35.697940,106541,7549,4024,7549,767,7549,87,7549,6,7549,0,9394,3,1.0280778000014834
5,3,,2026-07-30T13:46:36.727556,105951,7565,3991,7565,796,7565,72,7565,12,7565,1,9127,2,1.0293657000001986
5,3,,2026-07-30T13:46:37.758143,105509,7307,3925,7307,795,7307,96,7307,9,7307,2,9155,1,1.030172600003425
5,3,,2026-07-30T13:46:38.787647,106267,7429,3975,7429,772,7429,88,7429,3,7429,0,9199,0,1.0291740999964532
5,3,,2026-07-30T13:46:39.816761,106477,7564,4076,7564,807,7564,91,7564,8,7564,1,9279,1,1.028733299986925
5,3,,2026-07-30T13:46:40.846144,106326,7506,4006,7506,753,7506,99,7506,14,7506,0,9231,0,1.0289708999916911
5,3,,2026-07-30T13:46:41.875755,106600,7526,4004,7526,761,7526,94,7526,8,7526,0,9300,3,1.0292634000070393
5,3,,2026-07-30T13:46:42.906343,106301,7538,4027,7538,743,7538,79,7538,9,7538,1,9273,3,1.0302350000129081
5,3,,2026-07-30T13:46:43.935916,106039,7648,4112,7648,798,7648,90,7648,14,7648,0,9103,1,1.0291579999902751
5,3,,2026-07-30T13:46:44.965908,105808,7558,4068,7558,754,7558,82,7558,5,7558,0,9393,3,1.0295710999926087
5,3,,2026-07-30T13:46:45.994176,104868,7429,3961,7429,752,7429,83,7429,4,7429,2,9317,1,1.0276954000000842
5,3,,2026-07-30T13:46:47.022215,105715,7390,4011,7390,741,7390,88,7390,6,7390,1,9176,2,1.0277837999747135
5,3,,2026-07-30T13:46:48.052327,105918,7430,3993,7430,746,7430,79,7430,7,7430,2,9185,2,1.0297197999898344
5,3,,2026-07-30T13:46:49.079716,105367,7499,4003,7499,779,7499,95,7499,11,7499,1,9259,4,1.0269601000181865
5,3,,2026-07-30T13:46:50.108394,105772,7504,4051,7504,744,7504,92,7504,4,7504,3,9256,1,1.028447699995013
5,3,,2026-07-30T13:46:51.137832,105655,7396,3959,7396,776,7396,78,7396,3,7396,2,9169,1,1.0291367000027094
5,3,,2026-07-30T13:46:52.168391,105829,7351,3941,7351,747,7351,98,7351,8,7351,4,9125,2,1.030114399996819
5,3,,2026-07-30T13:46:53.198817,105194,7495,3992,7495,801,7495,85,7495,15,7495,0,9065,3,1.029931500001112
5,3,,2026-07-30T13:46:54.228293,106046,7495,3958,7495,755,7495,78,7495,2,7495,0,9287,0,1.0291474999976344
5,3,,2026-07-30T13:46:55.257837,106006,7373,3927,7373,757,7373,96,7373,8,7373,1,9276,3,1.0291595999733545
5,3,,2026-07-30T13:46:56.286349,105813,7596,4108,7596,734,7597,86,7597,15,7597,2,9321,3,1.0281874999927823
5,3,,2026-07-30T13:46:57.316566,105907,7427,3993,7427,774,7426,80,7426,3,7426,0,9149,2,1.0297403000004124
5,3,,2026-07-30T13:46:58.346207,106386,7588,4011,7588,742,7588,89,7588,10,7588,1,9273,2,1.0291994999861345
5,3,,2026-07-30T13:46:59.375608,106516,7319,3962,7319,792,7319,79,7319,5,7319,0,9328,1,1.0288958000019193
5,3,,2026-07-30T13:47:00.403229,105564,7602,4001,7602,851,7602,81,7602,9,7602,2,9122,1,1.0273018000007141
5,3,,2026-07-30T13:47:01.434067,105729,7497,3897,7497,826,7497,74,7497,8,7497,2,9183,1,1.0304391000245232
5,3,,2026-07-30T13:47:02.464327,106202,7398,3911,7398,786,7398,99,7398,6,7398,2,9281,3,1.0297056999988854
5,3,,2026-07-30T13:47:03.494197,106004,7447,3960,7447,821,7447,106,7447,8,7447,1,9220,5,1.0293855000054464
5,3,,2026-07-30T13:47:04.524044,105526,7475,4064,7475,795,7475,103,7475,4,7475,0,9212,3,1.029256300011184
5,3,,2026-07-30T13:47:05.553814,105306,7554,4029,7554,790,7554,88,7554,7,7554,0,9119,4,1.0293012000038289
5,3,,2026-07-30T13:47:06.584321,105637,7444,3956,7444,806,7444,86,7444,7,7444,3,9107,3,1.030136199988192
5,3,,2026-07-30T13:47:07.614148,105968,7497,4019,7497,755,7497,81,7497,7,7497,1,9111,2,1.0294407999899704
5,3,,2026-07-30T13:47:08.643211,105262,7334,3916,7334,709,7334,97,7334,9,7334,0,9221,3,1.028702899988275
5,3,,2026-07-30T13:47:09.672468,105414,7375,3899,7375,765,7375,80,7375,10,7375,3,9240,2,1.0288791000202764
5,3,,2026-07-30T13:47:10.703391,105609,7554,4060,7554,795,7554,78,7554,8,7554,0,9180,1,1.0305613000236917
5,3,,2026-07-30T13:47:11.734586,106077,7415,4037,7415,737,7415,66,7415,9,7415,2,9215,1,1.0307184000266716
5,3,,2026-07-30T13:47:12.764476,105814,7464,3959,7464,743,7464,87,7464,7,7464,0,9197,1,1.0293827999848872
5,3,,2026-07-30T13:47:13.793169,106180,7473,3853,7473,792,7473,97,7473,7,7473,0,9367,1,1.0283352000114974
5,3,,2026-07-30T13:47:14.822482,105807,7500,4010,7500,781,7500,82,7500,8,7500,0,9263,2,1.029026399977738
5,3,,2026-07-30T13:47:15.852984,105472,7413,4024,7413,732,7413,80,7413,6,7413,1,9289,2,1.0301491999998689
5,3,,2026-07-30T13:47:16.883194,105860,7418,3996,7418,769,7418,75,7418,4,7418,2,9240,2,1.0298831000109203
5,3,,2026-07-30T13:47:17.912498,105852,7405,3962,7405,757,7405,96,7405,4,7405,0,9328,0,1.0288493999978527
5,3,,2026-07-30T13:47:18.941837,105930,7389,3938,7389,760,7389,89,7389,10,7389,2,9217,3,1.0289803000050597
5,3,,2026-07-30T13:47:19.970618,105439,7345,3961,7345,771,7345,75,7345,6,7345,0,9232,4,1.0284131999942474
5,3,,2026-07-30T13:47:21.000411,105762,7249,3907,7249,701,7249,89,7249,7,7249,0,9285,6,1.0293681000184733
5,3,,2026-07-30T13:47:22.031316,106298,7554,4011,7554,805,7554,89,7554,7,7554,2,9352,4,1.0303887999907602
5,3,,2026-07-30T13:47:23.060085,106430,7602,4064,7602,778,7602,88,7602,3,7602,1,9206,2,1.0284167999925558
5,3,,2026-07-30T13:47:24.089276,105258,7420,3959,7420,801,7420,81,7420,7,7420,0,9227,4,1.0289068999991287
5,3,,2026-07-30T13:47:25.120455,106177,7412,3995,7412,780,7412,91,7412,7,7412,1,9192,1,1.0307957000040915
5,3,,2026-07-30T13:47:26.150524,106430,7480,3971,7480,789,7480,82,7480,9,7480,2,9358,1,1.029661100008525
5,3,,2026-07-30T13:47:27.179585,105748,7565,4053,7565,794,7565,85,7565,9,7565,1,9254,4,1.0285415000107605
5,3,,2026-07-30T13:47:28.210133,105629,7449,4020,7449,738,7449,101,7450,6,7450,1,9298,3,1.0301948999986053
5,3,,2026-07-30T13:47:29.240081,105585,7473,3941,7473,776,7473,98,7472,7,7472,1,9099,1,1.0294966000074055
5,3,,2026-07-30T13:47:30.268018,105419,7474,3946,7474,810,7474,94,7474,7,7474,4,9360,3,1.0275789000152145
5,3,,2026-07-30T13:47:31.297201,105648,7582,3980,7582,790,7582,82,7582,6,7582,1,9241,1,1.0289294000249356
5,3,,2026-07-30T13:47:32.324467,105733,7543,3996,7543,799,7543,79,7543,3,7543,0,9265,5,1.026963500014972
5,3,,2026-07-30T13:47:33.352420,106052,7531,4024,7531,780,7531,107,7531,16,7531,0,9359,0,1.0277189000044018
5,3,,2026-07-30T13:47:34.381286,105522,7419,3982,7419,765,7419,79,7419,4,7419,0,9266,3,1.0286627000023145
5,3,,2026-07-30T13:47:35.410719,105936,7662,4016,7662,830,7662,72,7662,11,7662,0,9315,0,1.0291337000089698
5,3,,2026-07-30T13:47:36.439763,105538,7401,3961,7401,786,7401,92,7401,5,7401,2,9311,1,1.0286684000166133
5,3,,2026-07-30T13:47:37.470656,105918,7476,4021,7476,787,7476,73,7476,7,7476,1,9462,5,1.0305473000044003
5,3,,2026-07-30T13:47:38.500104,105414,7383,4113,7383,737,7383,90,7383,5,7383,2,9157,2,1.0290545000170823
5,3,,2026-07-30T13:47:39.529348,105996,7406,3885,7406,764,7406,91,7406,10,7406,0,9256,2,1.0289736000122502
5,3,,2026-07-30T13:47:40.558548,106309,7444,4031,7444,798,7444,73,7444,10,7444,2,9179,1,1.0288602999935392
5,3,,2026-07-30T13:47:41.588287,105335,7374,3905,7374,794,7374,85,7374,9,7374,0,9315,2,1.0293894999776967
5,3,,2026-07-30T13:47:42.618536,106128,7507,3998,7507,794,7507,104,7507,5,7507,0,9294,5,1.0295887000102084
5,3,,2026-07-30T13:47:43.647434,105638,7395,3954,7395,795,7395,83,7395,7,7395,0,9211,1,1.0285125999944285
5,3,,2026-07-30T13:47:44.677189,105570,7504,3985,7504,740,7504,97,7504,7,7504,1,9195,3,1.0294109999958891
5,3,,2026-07-30T13:47:45.708338,106208,7618,4095,7618,777,7618,91,7618,11,7618,0,9270,4,1.030568799993489
5,3,,2026-07-30T13:47:46.738822,105434,7391,3971,7391,790,7391,70,7391,5,7391,1,9289,4,1.0299968000035733
5,3,,2026-07-30T13:47:47.769024,106217,7500,3964,7500,783,7500,81,7500,6,7500,2,9337,1,1.0298072000150569
5,3,,2026-07-30T13:47:48.798404,106098,7483,3982,7483,760,7483,87,7483,17,7483,2,9176,2,1.0289644000004046
5,3,,2026-07-30T13:47:49.827044,105831,7502,4012,7502,803,7502,97,7502,8,7502,4,9298,2,1.028249599999981
5,3,,2026-07-30T13:47:50.856596,106285,7519,4014,7519,736,7519,86,7519,5,7519,3,9455,4,1.0291587999963667
5,3,,2026-07-30T13:47:51.886685,105549,7260,3897,7260,745,7260,84,7260,7,7260,1,9229,1,1.0296855000196956
5,3,,2026-07-30T13:47:52.916937,105951,7366,3930,7366,812,7366,75,7366,4,7366,0,9272,6,1.0297123999916948
5,3,,2026-07-30T13:47:53.945126,105636,7448,3943,7448,771,7448,92,7448,3,7448,0,9243,0,1.0279157999902964
5,3,,2026-07-30T13:47:54.974806,106156,7415,3969,7415,775,7415,90,7415,11,7415,2,9363,5,1.0291695999912918
5,3,,2026-07-30T13:47:56.004366,105828,7428,3951,7428,776,7428,83,7428,13,7428,1,9282,1,1.0292286000039894
5,3,,2026-07-30T13:47:57.034192,105728,7441,3978,7441,771,7441,82,7441,11,7441,0,9135,4,1.0294551000115462
5,3,,2026-07-30T13:47:58.063623,106406,7516,4023,7516,809,7516,85,7516,9,7516,1,9102,2,1.0289543000108097
5,3,,2026-07-30T13:47:59.093252,105733,7403,3937,7403,781,7403,102,7403,10,7403,2,9215,1,1.0292169000022113
5,3,,2026-07-30T13:48:00.120365,105880,7314,3872,7314,739,7314,94,7314,10,7314,2,9266,4,1.026755700004287
5,3,,2026-07-30T13:48:01.148342,106125,7422,3996,7422,759,7422,110,7422,8,7422,3,9324,3,1.0277025999967009
5,3,,2026-07-30T13:48:02.177024,105257,7501,3980,7501,776,7501,87,7501,5,7501,0,9275,0,1.028308199980529
5,3,,2026-07-30T13:48:03.206634,105983,7586,4136,7586,786,7586,95,7586,6,7586,0,9402,3,1.0291902000026312
5,3,,2026-07-30T13:48:04.235406,105525,7423,3921,7423,778,7423,102,7423,8,7423,1,9271,5,1.028248699993128
5,3,,2026-07-30T13:48:05.266858,105460,7508,4031,7508,763,7508,73,7508,7,7508,2,9308,4,1.030984900018666
5,3,,2026-07-30T13:48:06.296961,106642,7517,4010,7517,755,7517,91,7517,9,7517,3,9276,3,1.0297546999936458
5,3,,2026-07-30T13:48:07.325655,105960,7518,4026,7518,801,7518,85,7518,6,7518,0,9150,2,1.0282170999853406
5,3,,2026-07-30T13:48:08.355836,105540,7468,3987,7468,803,7468,92,7468,12,7468,0,9437,2,1.0298764999897685
5,3,,2026-07-30T13:48:09.384684,105925,7433,3998,7433,739,7433,85,7433,7,7433,0,9311,2,1.0283271000080276
5,4,,2026-07-30T13:48:18.440174,105481,8314,4857,8314,644,8314,43,8314,2,8314,3,8979,2,1.0283323000185192
5,4,,2026-07-30T13:48:19.469151,106423,8293,4846,8293,647,8293,41,8293,0,8293,1,9442,2,1.028524199995445
5,4,,2026-07-30T13:48:20.498386,105903,8343,4883,8343,653,8343,35,8343,2,8343,0,9313,6,1.0289370999962557
5,4,,2026-07-30T13:48:21.529322,105398,8296,4783,8296,637,8296,40,8296,2,8296,2,9164,5,1.030623500002548
5,4,,2026-07-30T13:48:22.558148,106423,8475,4955,8475,641,8475,37,8475,3,8475,2,9181,5,1.028384500008542
5,4,,2026-07-30T13:48:23.587381,105492,8441,4928,8441,643,8441,44,8441,1,8441,0,9165,2,1.0289042000076734
5,4,,2026-07-30T13:48:24.616891,105896,8499,4860,8499,699,8499,43,8499,2,8499,0,9293,4,1.0291534000134561
5,4,,2026-07-30T13:48:25.647349,105705,8447,4942,8447,644,8447,38,8447,2,8447,0,9208,2,1.0300821000128053
5,4,,2026-07-30T13:48:26.677464,105279,8350,4788,8350,660,8350,45,8350,0,8350,0,9078,5,1.0294807000027504
5,4,,2026-07-30T13:48:27.707036,105946,8555,5084,8555,668,8555,40,8555,2,8555,1,9278,3,1.0291954000131227
5,4,,2026-07-30T13:48:28.735549,105521,8301,4854,8301,660,8301,36,8301,2,8301,1,9298,3,1.0281838000228163
5,4,,2026-07-30T13:48:29.765135,105814,8498,4975,8498,685,8498,55,8498,3,8498,0,9189,1,1.029217899980722
5,4,,2026-07-30T13:48:30.795072,105867,8455,4977,8455,621,8455,25,8455,2,8455,1,9248,5,1.0295189000025857
5,4,,2026-07-30T13:48:31.824623,105307,8229,4880,8229,619,8229,45,8229,2,8229,0,9370,1,1.0290083999861963
5,4,,2026-07-30T13:48:32.854373,105856,8486,4894,8486,675,8486,39,8486,1,8486,0,9128,4,1.0292785000056028
5,4,,2026-07-30T13:48:33.883611,105712,8352,4879,8352,672,8352,40,8352,0,8352,2,9120,4,1.0286979999800678
5,4,,2026-07-30T13:48:34.912917,106451,8587,4999,8587,694,8587,30,8587,1,8587,1,9223,3,1.028884899977129
5,4,,2026-07-30T13:48:35.944430,105487,8377,4924,8377,644,8377,44,8377,3,8377,3,9345,2,1.0310420999885537
5,4,,2026-07-30T13:48:36.974311,106506,8366,4965,8366,671,8366,45,8366,2,8366,0,9193,2,1.0294862000155263
5,4,,2026-07-30T13:48:38.004325,105869,8474,4981,8474,641,8474,39,8474,1,8474,0,9386,1,1.0295296999975108
5,4,,2026-07-30T13:48:39.035120,105923,8372,4918,8372,659,8372,43,8372,4,8372,1,9215,2,1.0304590000014286
5,4,,2026-07-30T13:48:40.064570,105700,8439,4840,8439,655,8439,45,8439,1,8439,1,9256,2,1.029088999988744
5,4,,2026-07-30T13:48:41.093970,105567,8383,4972,8383,662,8383,41,8383,0,8383,2,9354,3,1.028952799999388
5,4,,2026-07-30T13:48:42.121172,105729,8436,4974,8436,683,8436,41,8436,2,8436,0,9182,2,1.0268856000038795
5,4,,2026-07-30T13:48:43.150653,105558,8393,4874,8393,686,8393,37,8393,0,8393,0,9351,3,1.029152500006603
5,4,,2026-07-30T13:48:44.178362,105790,8436,4938,8436,671,8436,50,8436,0,8436,0,9189,3,1.0273065000073984
5,4,,2026-07-30T13:48:45.208413,105466,8333,4916,8333,610,8333,46,8333,1,8333,3,9241,3,1.0297417999827303
5,4,,2026-07-30T13:48:46.239013,105101,8316,4870,8316,656,8316,47,8316,0,8316,1,9129,4,1.0302694999845698
5,4,,2026-07-30T13:48:47.270280,105280,8349,4769,8349,662,8349,39,8349,2,8349,2,9215,3,1.0309257000044454
5,4,,2026-07-30T13:48:48.301092,106098,8478,4939,8478,653,8478,49,8478,3,8478,0,9317,2,1.030233199999202
5,4,,2026-07-30T13:48:49.330254,106040,8494,4912,8494,680,8494,43,8494,4,8494,0,9371,1,1.0287432000041008
5,4,,2026-07-30T13:48:50.359163,105890,8426,4880,8426,675,8426,32,8426,2,8426,3,9300,5,1.0285417000122834
5,4,,2026-07-30T13:48:51.387263,105468,8206,4855,8206,604,8206,31,8206,4,8206,2,9071,3,1.0278060999989975
5,4,,2026-07-30T13:48:52.416666,105693,8598,5018,8598,695,8598,45,8598,1,8598,1,9191,1,1.0291875000111759
5,4,,2026-07-30T13:48:53.445737,105273,8444,4908,8444,676,8444,34,8444,6,8444,0,9255,3,1.0286859000043478
5,4,,2026-07-30T13:48:54.475178,105427,8367,4835,8367,666,8367,33,8367,1,8367,0,9205,3,1.029216399998404
5,4,,2026-07-30T13:48:55.502844,105684,8277,4825,8277,668,8277,40,8277,3,8277,0,9302,1,1.0273617000202648
5,4,,2026-07-30T13:48:56.531976,106002,8391,4945,8391,652,8391,46,8391,2,8391,1,9268,3,1.028884500003187
5,4,,2026-07-30T13:48:57.561746,105434,8341,4896,8341,639,8341,49,8341,0,8341,1,9254,1,1.029424599983031
5,4,,2026-07-30T13:48:58.591193,106359,8441,4993,8441,629,8441,46,8441,3,8441,2,9258,1,1.0289760000014212
5,4,,2026-07-30T13:48:59.621963,105635,8372,4812,8372,671,8372,46,8372,2,8372,1,9360,3,1.0303136000002269
5,4,,2026-07-30T13:49:00.651489,105962,8510,4923,8510,640,8510,40,8510,1,8510,1,9184,4,1.0290698000171687
5,4,,2026-07-30T13:49:01.682064,106208,8411,4963,8411,689,8411,41,8411,2,8411,0,9159,3,1.0301696000096854
5,4,,2026-07-30T13:49:02.710723,105502,8480,4976,8480,687,8480,44,8480,2,8480,2,9307,2,1.0281151999952272
5,4,,2026-07-30T13:49:03.742055,104997,8408,4944,8408,625,8408,45,8408,3,8408,0,9179,4,1.03092230000766
5,4,,2026-07-30T13:49:04.772431,106198,8506,4933,8506,654,8506,53,8506,0,8506,0,9244,4,1.0299762999929953
5,4,,2026-07-30T13:49:05.802395,105558,8352,4903,8352,636,8352,36,8352,4,8352,1,9268,7,1.0296310000121593
5,4,,2026-07-30T13:49:06.832450,105203,8338,4875,8338,642,8338,49,8338,2,8338,1,9229,1,1.0296831000014208
5,4,,2026-07-30T13:49:07.862609,105479,8335,4867,8335,654,8335,33,8335,2,8335,0,9339,2,1.0299656999995932
5,4,,2026-07-30T13:49:08.893336,105483,8487,4969,8487,638,8487,42,8487,6,8487,0,9259,5,1.0303720000083558
5,4,,2026-07-30T13:49:09.922883,105455,8440,4902,8440,628,8440,32,8440,1,8440,1,9250,0,1.029048900003545
5,4,,2026-07-30T13:49:10.952508,105301,8424,4831,8424,679,8424,43,8425,2,8425,0,9292,5,1.0292880999913905
5,4,,2026-07-30T13:49:11.982302,105446,8609,5092,8609,646,8609,44,8608,1,8608,0,9065,2,1.0294342999986839
5,4,,2026-07-30T13:49:13.011715,105838,8496,4945,8496,653,8496,42,8496,1,8496,0,9231,5,1.0290550999925472
5,4,,2026-07-30T13:49:14.040617,105159,8248,4818,8248,671,8248,45,8248,1,8248,1,9237,4,1.0285474999982398
5,4,,2026-07-30T13:49:15.071375,105476,8363,4900,8363,678,8363,46,8363,1,8363,1,9305,5,1.0304997000203002
5,4,,2026-07-30T13:49:16.101402,105447,8372,4839,8372,664,8372,42,8372,2,8372,2,9187,2,1.0296291000267956
5,4,,2026-07-30T13:49:17.131038,105595,8229,4898,8229,621,8229,48,8229,3,8229,1,9287,1,1.0292528000136372
5,4,,2026-07-30T13:49:18.160167,105996,8278,4805,8278,638,8278,36,8278,2,8278,0,9167,3,1.028792600001907
5,4,,2026-07-30T13:49:19.190587,105917,8337,4824,8337,675,8337,43,8337,1,8337,1,9266,3,1.0300146999943536
5,4,,2026-07-30T13:49:20.219893,105513,8376,4943,8376,645,8376,46,8376,0,8376,5,9146,3,1.0289207999885548
5,4,,2026-07-30T13:49:21.249185,105167,8416,4899,8416,639,8416,42,8416,2,8416,1,9229,4,1.0287902999843936
5,4,,2026-07-30T13:49:22.279046,105705,8520,4901,8520,681,8520,40,8520,0,8520,5,9300,1,1.0293785000103526
5,4,,2026-07-30T13:49:23.308796,105616,8416,4952,8416,649,8416,53,8416,3,8416,2,9111,1,1.029405500012217
5,4,,2026-07-30T13:49:24.337924,105720,8392,4831,8392,679,8392,41,8392,3,8392,2,9448,2,1.028809800016461
5,4,,2026-07-30T13:49:25.367817,105808,8484,4972,8484,657,8484,46,8484,1,8484,0,9228,1,1.0294519000162836
5,4,,2026-07-30T13:49:26.396809,105825,8443,4982,8443,654,8443,46,8443,0,8443,2,9312,2,1.0285426000191364
5,4,,2026-07-30T13:49:27.425851,105303,8410,4846,8410,662,8410,38,8410,0,8410,1,9235,6,1.0285863000026438
5,4,,2026-07-30T13:49:28.455387,105485,8430,4882,8430,659,8430,35,8430,1,8430,3,9134,5,1.0291844999883324
5,4,,2026-07-30T13:49:29.485325,105761,8389,4864,8389,667,8389,47,8389,2,8389,1,9240,1,1.0296075000078417
5,4,,2026-07-30T13:49:30.514982,105770,8452,4956,8452,697,8452,27,8452,2,8452,0,9143,1,1.0293584000028204
5,4,,2026-07-30T13:49:31.544200,105271,8386,4872,8386,649,8386,33,8386,3,8386,0,9180,2,1.0288802000286523
5,4,,2026-07-30T13:49:32.574604,105665,8255,4791,8255,653,8255,38,8255,3,8255,1,9272,3,1.0300441000144929
5,4,,2026-07-30T13:49:33.604015,105627,8405,4945,8405,644,8405,33,8405,3,8405,0,9170,2,1.0288867999915965
5,4,,2026-07-30T13:49:34.633473,105363,8309,4799,8309,647,8309,43,8309,1,8309,2,9142,2,1.0291449000069406
5,4,,2026-07-30T13:49:35.663780,105894,8385,4926,8385,644,8385,39,8385,4,8385,1,9156,4,1.0299552000069525
5,4,,2026-07-30T13:49:36.694786,105023,8216,4679,8216,674,8216,47,8216,3,8216,0,9088,3,1.030627200001618
5,4,,2026-07-30T13:49:37.724479,105527,8597,4958,8597,701,8597,48,8597,0,8597,2,9545,1,1.0291093999985605
5,4,,2026-07-30T13:49:38.754646,104995,8424,4968,8424,679,8424,30,8424,1,8424,1,9213,0,1.02981579999323
5,4,,2026-07-30T13:49:39.783260,106296,8423,4878,8423,631,8423,35,8423,3,8423,0,9097,2,1.028333099995507
5,4,,2026-07-30T13:49:40.812541,105439,8327,4885,8327,688,8327,36,8327,0,8327,0,9254,2,1.028924200014444
5,4,,2026-07-30T13:49:41.840730,105349,8365,4868,8365,656,8365,40,8365,4,8365,0,9246,2,1.0279083999921568
5,4,,2026-07-30T13:49:42.871202,105243,8548,5073,8548,654,8548,41,8548,2,8548,1,9114,3,1.0301480000198353
5,4,,2026-07-30T13:49:43.900996,106305,8568,4944,8568,675,8568,41,8568,0,8568,1,9213,2,1.0293151000223588
5,4,,2026-07-30T13:49:44.927407,105418,8482,4916,8482,629,8482,40,8482,1,8482,4,9214,3,1.025908299983712
5,4,,2026-07-30T13:49:45.956423,105037,8338,4957,8338,600,8338,48,8338,1,8338,1,9195,1,1.028823700005887
5,4,,2026-07-30T13:49:46.984844,105510,8433,5048,8433,654,8433,34,8433,0,8433,1,9219,3,1.0280579999962356
5,4,,2026-07-30T13:49:48.014805,105498,8465,4969,8465,631,8465,51,8465,0,8465,0,9213,1,1.0296119999838993
5,4,,2026-07-30T13:49:49.045558,105855,8276,4870,8276,649,8276,37,8276,3,8276,2,9306,4,1.0304161999956705
5,4,,2026-07-30T13:49:50.075198,106023,8546,4907,8546,655,8546,52,8546,0,8546,3,9290,7,1.0291510999959428
5,4,,2026-07-30T13:49:51.105628,105198,8492,4995,8492,647,8492,50,8492,2,8492,2,9354,2,1.0299435000051744
5,4,,2026-07-30T13:49:52.135220,106446,8522,4902,8522,679,8522,46,8522,3,8522,1,9316,5,1.029155800002627
5,4,,2026-07-30T13:49:53.165696,105735,8404,4961,8404,632,8404,35,8404,0,8404,1,9301,3,1.0301261999993585
5,4,,2026-07-30T13:49:54.193972,106026,8515,4968,8515,628,8515,45,8515,3,8515,3,9494,3,1.0278395999921486
5,4,,2026-07-30T13:49:55.223729,105847,8422,4848,8422,636,8422,39,8422,1,8422,2,9528,1,1.0294961000035983
5,4,,2026-07-30T13:49:56.252323,105371,8409,4872,8409,648,8409,40,8409,1,8409,0,9137,5,1.0282188999990467
5,4,,2026-07-30T13:49:57.281633,105412,8338,4916,8338,608,8338,39,8338,1,8338,1,9284,1,1.0289517999917734
5,4,,2026-07-30T13:49:58.311025,105291,8423,4844,8423,653,8423,38,8423,1,8423,3,9353,2,1.029039000015473
5,4,,2026-07-30T13:49:59.340211,106107,8286,4817,8286,622,8286,45,8286,2,8286,2,9339,1,1.0288303999986965
5,4,,2026-07-30T13:50:00.369168,105162,8470,4899,8470,649,8470,43,8470,3,8470,1,9380,0,1.0286057000048459
5,4,,2026-07-30T13:50:01.398381,105790,8429,4883,8429,669,8429,54,8429,0,8429,0,9111,4,1.0288249000150245
5,4,,2026-07-30T13:50:02.428508,105151,8379,4878,8379,643,8379,47,8379,1,8379,1,9283,7,1.0296186000050511
5,4,,2026-07-30T13:50:03.457670,105458,8468,4960,8468,679,8468,43,8468,2,8468,0,9305,4,1.0287303999939468
5,4,,2026-07-30T13:50:04.488679,105763,8339,4871,8339,643,8339,42,8339,1,8339,6,9250,5,1.0306174000143073
5,4,,2026-07-30T13:50:05.519366,105328,8523,4955,8523,663,8523,45,8523,1,8523,1,9109,0,1.0302780000201892
5,4,,2026-07-30T13:50:06.550221,105467,8370,4908,8370,627,8370,45,8370,5,8370,0,9114,3,1.0303949000081047
5,4,,2026-07-30T13:50:07.579405,105464,8329,4829,8329,693,8329,44,8329,0,8329,3,9357,0,1.0287421999964863
5,4,,2026-07-30T13:50:08.609407,105568,8478,4928,8478,616,8478,36,8478,1,8478,1,9468,1,1.0296670999960043
5,4,,2026-07-30T13:50:09.639064,105444,8382,4971,8382,674,8382,40,8382,2,8382,0,9245,2,1.0293126000033226
5,4,,2026-07-30T13:50:10.670172,105759,8550,5019,8550,641,8550,42,8550,5,8550,0,9330,5,1.030628100008471
5,4,,2026-07-30T13:50:11.701887,105438,8326,4882,8326,685,8326,44,8326,2,8326,2,9178,0,1.031191799993394
5,4,,2026-07-30T13:50:12.730719,105669,8563,5018,8564,680,8564,41,8564,1,8564,1,9292,3,1.0284771999868099
5,4,,2026-07-30T13:50:13.759484,105452,8346,4877,8345,646,8345,35,8345,0,8345,1,9302,2,1.0284073000075296
5,4,,2026-07-30T13:50:14.789223,105522,8279,4832,8279,656,8279,37,8279,1,8279,0,9297,3,1.0293311000277754
5,4,,2026-07-30T13:50:15.819319,105645,8594,5066,8594,623,8594,36,8594,3,8594,0,9216,0,1.0297354999929667
5,4,,2026-07-30T13:50:16.848204,106140,8535,4977,8535,704,8535,40,8535,2,8535,0,9272,4,1.0283233000081964
5,4,,2026-07-30T13:50:17.877185,106043,8347,4808,8347,677,8347,38,8347,1,8347,0,9351,1,1.0287783999810927
5,4,,2026-07-30T13:50:18.907418,105294,8383,4904,8383,630,8383,39,8383,6,8383,2,9268,3,1.0296595999971032
5,4,,2026-07-30T13:50:19.936741,105297,8482,4910,8482,638,8482,36,8482,0,8482,1,9136,5,1.0289823999919463
5,4,,2026-07-30T13:50:20.966601,105782,8426,4921,8426,635,8426,48,8426,2,8426,3,9203,4,1.0294666000118013
5,4,,2026-07-30T13:50:21.996071,105746,8416,4950,8416,685,8416,44,8416,2,8416,1,9341,2,1.0290515000233427
5,4,,2026-07-30T13:50:23.025914,105431,8397,4952,8397,620,8397,39,8397,2,8397,1,9300,4,1.029489200009266
5,4,,2026-07-30T13:50:24.054651,105761,8448,4945,8448,662,8448,40,8448,0,8448,2,9185,3,1.0284439999959432
5,4,,2026-07-30T13:50:25.085821,105033,8447,4943,8447,594,8447,38,8447,2,8447,2,9236,2,1.0307840000023134
5,4,,2026-07-30T13:50:26.115594,106382,8455,4947,8455,669,8455,33,8455,3,8455,0,9337,2,1.029276299988851
5,4,,2026-07-30T13:50:27.144261,105488,8334,4923,8334,647,8334,31,8334,1,8334,1,9164,3,1.0281433000054676
5,4,,2026-07-30T13:50:28.174105,105468,8432,4878,8432,631,8432,37,8432,0,8432,1,9141,2,1.029489900014596
5,4,,2026-07-30T13:50:29.202970,104931,8325,4969,8325,618,8325,43,8325,1,8325,0,9229,4,1.028535199991893
5,4,,2026-07-30T13:50:30.232878,105640,8445,5001,8445,639,8445,47,8445,1,8445,0,9082,2,1.0294210000138264
5,4,,2026-07-30T13:50:31.261746,105680,8288,4750,8288,711,8288,43,8288,1,8288,1,9319,5,1.028503700013971
5,4,,2026-07-30T13:50:32.290685,105128,8408,4926,8408,648,8408,34,8408,1,8408,1,9052,5,1.0286833999853116
5,4,,2026-07-30T13:50:33.318870,105621,8475,4846,8475,670,8475,42,8475,1,8475,0,9216,1,1.0278542000160087
5,4,,2026-07-30T13:50:34.346452,105445,8370,4788,8370,640,8370,46,8370,4,8370,1,9280,1,1.027371400006814
5,4,,2026-07-30T13:50:35.373542,105619,8419,4965,8419,622,8419,44,8419,0,8419,2,9207,1,1.0267938999750186
5,4,,2026-07-30T13:50:36.402281,105076,8422,4883,8422,675,8422,44,8422,0,8422,2,9297,3,1.0283794999995735
5,4,,2026-07-30T13:50:37.431866,106034,8497,4939,8497,702,8497,54,8497,0,8497,2,9107,0,1.0292550000012852
5,4,,2026-07-30T13:50:38.460954,105137,8594,4958,8594,669,8594,37,8594,5,8594,1,9301,1,1.0287066000164486
5,4,,2026-07-30T13:50:39.490690,105533,8451,4862,8451,714,8451,49,8451,1,8451,3,9289,3,1.02942659999826
5,4,,2026-07-30T13:50:40.520117,105948,8413,4897,8413,648,8413,42,8413,1,8413,0,9340,2,1.0288664999825414
5,4,,2026-07-30T13:50:41.549898,105400,8454,4930,8454,683,8454,46,8454,1,8454,0,9391,0,1.029400200000964
5,4,,2026-07-30T13:50:42.579941,105417,8308,4967,8308,664,8308,41,8308,0,8308,1,9056,1,1.0296507999883033
5,4,,2026-07-30T13:50:43.609413,105596,8516,4990,8516,679,8516,41,8516,4,8516,0,9329,1,1.0291910000087228
5,4,,2026-07-30T13:50:44.638631,105018,8371,4787,8371,670,8371,43,8371,2,8371,0,9258,0,1.028873700008262
5,4,,2026-07-30T13:50:45.667641,105359,8428,4912,8428,646,8428,37,8428,3,8428,0,9288,2,1.028638999996474
5,4,,2026-07-30T13:50:46.696437,105137,8337,4884,8337,687,8337,46,8337,0,8337,0,9289,2,1.0284248999960255
5,4,,2026-07-30T13:50:47.725069,105155,8383,4879,8383,717,8383,37,8383,1,8383,3,9271,4,1.0282639999932144
5,4,,2026-07-30T13:50:48.753768,105234,8345,4866,8345,646,8345,45,8345,4,8345,3,9383,4,1.0283016999892425
5,4,,2026-07-30T13:50:49.783242,105736,8577,5071,8577,680,8577,43,8577,3,8577,0,9246,2,1.0291215000033844
5,4,,2026-07-30T13:50:50.812591,105752,8415,4935,8415,633,8415,39,8415,0,8415,1,9079,0,1.0290051000192761
5,4,,2026-07-30T13:50:51.842252,105682,8382,4893,8382,702,8382,52,8382,1,8382,1,9290,5,1.0293448999873362
5,4,,2026-07-30T13:50:52.872579,105596,8447,4908,8447,635,8447,47,8447,3,8447,1,9345,3,1.029910600016592
5,4,,2026-07-30T13:50:53.902968,105547,8508,4980,8508,667,8508,46,8508,0,8508,0,9495,3,1.0298674999794457
5,4,,2026-07-30T13:50:54.931201,105811,8370,4864,8370,660,8370,38,8370,3,8370,0,9515,3,1.0278619000164326
5,4,,2026-07-30T13:50:55.959751,106037,8308,4853,8308,670,8308,39,8308,2,8308,1,9377,3,1.028251799987629
5,4,,2026-07-30T13:50:56.989331,105793,8351,4845,8351,671,8351,37,8351,2,8351,0,9207,1,1.029309799982002
5,4,,2026-07-30T13:50:58.018647,104390,8235,4827,8235,661,8235,43,8235,2,8235,0,9077,0,1.029073400015477
5,4,,2026-07-30T13:50:59.049249,105532,8550,4919,8550,708,8550,39,8550,0,8550,1,9404,7,1.030288300011307
5,4,,2026-07-30T13:51:00.075605,105853,8355,4823,8355,700,8355,37,8355,2,8355,0,9227,1,1.0260290000005625
5,4,,2026-07-30T13:51:01.103139,104764,8243,4749,8243,657,8243,35,8243,1,8243,1,9276,1,1.0273032000113744
5,4,,2026-07-30T13:51:02.131284,105358,8468,5045,8468,644,8468,49,8468,1,8468,0,9287,5,1.027708999987226
5,4,,2026-07-30T13:51:03.158958,104938,8406,4934,8406,637,8406,48,8406,2,8406,0,9184,7,1.0274426999967545
5,4,,2026-07-30T13:51:04.188761,104660,8392,4852,8392,640,8392,41,8392,0,8392,1,9159,0,1.0295808000082616
5,4,,2026-07-30T13:51:05.218739,105331,8479,4983,8479,629,8479,40,8479,0,8479,1,9316,4,1.029629800003022
5,4,,2026-07-30T13:51:06.248263,105330,8445,4915,8445,677,8445,37,8445,2,8445,0,9311,2,1.0291406999749597
5,4,,2026-07-30T13:51:07.279128,105351,8353,4899,8353,656,8353,40,8353,1,8353,0,9277,2,1.0306275000039022
5,4,,2026-07-30T13:51:08.307439,105789,8429,4996,8429,682,8429,47,8429,3,8429,1,9347,1,1.0279517000017222
5,4,,2026-07-30T13:51:09.336694,105062,8292,4841,8292,620,8292,44,8292,0,8292,2,9207,2,1.0289667999895755
5,4,,2026-07-30T13:51:10.365971,105388,8410,4960,8410,619,8410,27,8410,4,8410,3,9168,3,1.0289282999874558
5,4,,2026-07-30T13:51:11.395701,105219,8246,4786,8246,688,8246,46,8246,1,8246,3,9410,2,1.0293595000111964
5,4,,2026-07-30T13:51:12.425332,104971,8433,4940,8433,624,8433,39,8433,2,8433,1,9206,2,1.0292094000033103
5,4,,2026-07-30T13:51:13.454324,105403,8521,4931,8521,666,8521,39,8521,4,8521,1,9305,1,1.0286582999979146
5,4,,2026-07-30T13:51:14.483472,104983,8309,4853,8309,691,8309,28,8309,3,8309,1,9191,3,1.0287993999954779
5,4,,2026-07-30T13:51:15.513254,105141,8283,4876,8283,636,8283,45,8283,2,8283,1,9398,2,1.0294384000007994
5,4,,2026-07-30T13:51:16.541201,105498,8407,4970,8407,605,8407,42,8407,0,8407,0,9376,7,1.0276264999993145
5,4,,2026-07-30T13:51:17.568697,104988,8387,4983,8387,660,8387,42,8387,2,8387,2,9291,2,1.0272159000160173
5,4,,2026-07-30T13:51:18.595642,104799,8353,4859,8353,677,8353,35,8353,2,8353,0,9365,1,1.0266289999999572
5,4,,2026-07-30T13:51:19.623707,105551,8284,4825,8284,672,8284,43,8284,2,8284,3,9168,3,1.027866799995536
5,4,,2026-07-30T13:51:20.653419,105255,8297,4809,8297,656,8297,30,8297,2,8297,2,9365,5,1.0292636000085622
5,4,,2026-07-30T13:51:21.681263,105648,8341,4820,8341,646,8341,43,8341,1,8341,0,9288,6,1.027407800022047
5,4,,2026-07-30T13:51:22.711092,104843,8394,4885,8394,673,8394,43,8394,2,8394,1,9461,5,1.0294757999945432
5,4,,2026-07-30T13:51:23.740948,105188,8478,5014,8478,664,8478,51,8478,3,8478,0,9199,3,1.0287313000007998
5,4,,2026-07-30T13:51:24.769142,105297,8335,4934,8335,606,8335,36,8335,3,8335,3,9199,3,1.0279289000027347
5,4,,2026-07-30T13:51:25.797319,104707,8372,4894,8372,633,8372,45,8372,0,8372,2,9373,2,1.0279340000124648
5,4,,2026-07-30T13:51:26.826690,104842,8407,4950,8407,680,8407,33,8407,0,8407,1,9216,3,1.0289282999874558
5,4,,2026-07-30T13:51:27.854275,105984,8396,4959,8396,652,8396,38,8396,0,8396,1,9280,4,1.0272157000144944
5,4,,2026-07-30T13:51:28.883682,105399,8367,4864,8367,642,8367,40,8367,3,8367,0,9285,4,1.0290391000162344
5,4,,2026-07-30T13:51:29.914609,105676,8514,4911,8514,671,8514,50,8514,2,8514,1,9335,1,1.0305939000099897
5,4,,2026-07-30T13:51:30.944040,104915,8353,4866,8353,640,8353,31,8353,1,8353,1,9391,2,1.0290846999851055
5,4,,2026-07-30T13:51:31.972756,105092,8423,4851,8423,689,8423,34,8423,2,8423,3,9165,3,1.0283756999997422
5,4,,2026-07-30T13:51:33.002132,105143,8558,5000,8558,644,8558,43,8558,2,8558,0,9379,2,1.0289899999916088
5,4,,2026-07-30T13:51:34.031097,105188,8223,4837,8223,663,8223,35,8223,2,8223,1,9301,5,1.0286015000019688
5,4,,2026-07-30T13:51:35.060469,105668,8345,4948,8345,648,8345,40,8345,4,8345,1,9236,2,1.0290270000114106
5,4,,2026-07-30T13:51:36.089900,104793,8380,4893,8380,626,8380,40,8380,5,8380,1,9150,0,1.0290794000029564
5,4,,2026-07-30T13:51:37.120172,105463,8369,4867,8369,679,8369,40,8369,0,8369,3,9105,3,1.0299329000117723
5,4,,2026-07-30T13:51:38.150435,105624,8573,4976,8573,672,8573,41,8573,3,8573,2,9133,0,1.0297943000041414
5,4,,2026-07-30T13:51:39.179236,105554,8341,4865,8341,675,8341,38,8341,2,8341,0,9159,0,1.0284365999978036
5,4,,2026-07-30T13:51:40.208516,105600,8345,4943,8345,645,8345,32,8345,1,8345,2,9028,0,1.028962300013518
5,4,,2026-07-30T13:51:41.237805,105214,8366,4856,8366,675,8366,38,8366,3,8366,1,8989,4,1.0289393000130076
5,4,,2026-07-30T13:51:42.269076,105789,8448,4903,8448,684,8448,38,8448,1,8448,0,9229,2,1.0307009000098333
5,4,,2026-07-30T13:51:43.298459,105127,8393,4814,8393,672,8393,50,8393,3,8393,0,9189,1,1.0289646000019275
5,4,,2026-07-30T13:51:44.325829,105487,8565,4955,8565,657,8565,43,8565,2,8565,2,9365,6,1.0270121000066865
5,4,,2026-07-30T13:51:45.354376,105140,8299,4891,8299,655,8299,46,8299,4,8299,0,9393,2,1.02827320000506
5,4,,2026-07-30T13:51:46.381336,105635,8529,5007,8529,672,8529,35,8529,2,8529,0,9294,1,1.026530000002822
5,4,,2026-07-30T13:51:47.410395,104943,8376,4906,8376,657,8376,51,8376,2,8376,2,9473,5,1.028861800004961
5,4,,2026-07-30T13:51:48.438397,104666,8411,4945,8411,620,8411,48,8411,3,8411,1,9145,1,1.0276371999934781
5,4,,2026-07-30T13:51:49.467599,105440,8520,4996,8520,696,8520,37,8520,2,8520,1,9091,6,1.028838199999882
5,4,,2026-07-30T13:51:50.497856,105356,8376,4948,8376,682,8376,35,8376,2,8376,1,9087,0,1.0298532999877352
5,4,,2026-07-30T13:51:51.528267,105363,8406,4899,8406,640,8406,45,8406,1,8406,2,9090,3,1.0297167999960948
5,4,,2026-07-30T13:51:52.555941,105641,8432,4903,8432,656,8432,45,8432,1,8432,1,9223,3,1.027324900001986
5,4,,2026-07-30T13:51:53.585403,105647,8557,5026,8557,684,8557,41,8557,1,8557,0,9192,7,1.0291651999868918
5,4,,2026-07-30T13:51:54.613544,105966,8452,4936,8452,674,8452,45,8452,2,8452,1,9258,2,1.0278000000107568
5,4,,2026-07-30T13:51:55.644012,105079,8426,4912,8426,692,8426,51,8426,2,8426,1,9240,4,1.0301879000035115
5,4,,2026-07-30T13:51:56.673115,104795,8306,4802,8306,686,8306,51,8306,1,8306,0,9166,2,1.0287691999983508
5,4,,2026-07-30T13:51:57.702527,104597,8362,4886,8362,679,8362,33,8362,2,8362,0,9131,3,1.0290514999942388
5,4,,2026-07-30T13:51:58.731746,105641,8411,4843,8411,699,8411,45,8411,0,8411,1,9313,2,1.0286739000002854
5,4,,2026-07-30T13:51:59.760405,105162,8385,4903,8385,648,8385,40,8385,1,8385,1,9079,4,1.0283118000079412
5,4,,2026-07-30T13:52:00.789232,105604,8399,4889,8399,665,8399,40,8399,4,8399,1,9110,2,1.028514699981315
5,4,,2026-07-30T13:52:01.818252,105006,8443,4905,8444,671,8444,36,8444,2,8444,1,9260,0,1.0285057000000961
5,4,,2026-07-30T13:52:02.845721,104955,8410,4888,8409,656,8409,43,8409,3,8409,2,9270,2,1.027104100008728
5,4,,2026-07-30T13:52:03.874346,104667,8167,4718,8167,641,8167,39,8167,0,8167,1,9173,1,1.0283628999895882
5,4,,2026-07-30T13:52:04.904187,104790,8501,4951,8501,630,8501,37,8501,2,8501,0,9231,2,1.0295169999881182
5,4,,2026-07-30T13:52:05.934006,105154,8513,4901,8513,662,8513,50,8513,1,8513,1,9231,2,1.0294371000200044
5,4,,2026-07-30T13:52:06.963352,105037,8587,5035,8587,650,8587,38,8587,4,8587,0,9206,5,1.0289683000009973
5,4,,2026-07-30T13:52:07.994222,105163,8439,4896,8439,649,8439,46,8439,3,8439,0,9001,5,1.0304114999889862
5,4,,2026-07-30T13:52:09.023675,105208,8383,4902,8383,649,8383,42,8383,2,8383,3,9352,1,1.029094299999997
5,4,,2026-07-30T13:52:10.053522,104759,8367,4867,8367,662,8367,51,8367,1,8367,1,9453,2,1.0293663000047673
5,4,,2026-07-30T13:52:11.083337,105162,8585,5019,8585,652,8585,34,8585,3,8585,1,9256,4,1.0293016999785323
5,4,,2026-07-30T13:52:12.112229,105993,8566,5026,8566,670,8566,45,8566,3,8566,1,9246,2,1.0285030000086408
5,4,,2026-07-30T13:52:13.140838,105747,8299,4955,8299,638,8299,37,8299,2,8299,0,9170,1,1.0279384999885224
5,4,,2026-07-30T13:52:14.171173,104358,8404,4865,8404,643,8404,62,8404,2,8404,1,9235,3,1.0300174000149127
5,4,,2026-07-30T13:52:15.200279,104936,8509,4935,8509,643,8509,45,8509,2,8509,2,9338,2,1.0285929999954533
5,4,,2026-07-30T13:52:16.228827,104713,8493,4898,8493,658,8493,44,8493,1,8493,1,9218,4,1.0282808000047226
5,4,,2026-07-30T13:52:17.259600,105248,8459,4875,8459,683,8459,41,8459,4,8459,1,9157,2,1.0304168000002392
5,4,,2026-07-30T13:52:18.289319,106094,8528,4942,8528,654,8528,52,8528,0,8528,0,9216,4,1.0291610000131186
5,4,,2026-07-30T13:52:19.319054,105539,8466,4912,8466,681,8466,46,8466,5,8466,1,9320,0,1.029301000002306
5,4,,2026-07-30T13:52:20.349123,105132,8508,5054,8508,645,8508,30,8508,0,8508,0,9389,0,1.029734300012933
5,4,,2026-07-30T13:52:21.378955,105014,8533,5010,8533,672,8533,47,8533,2,8533,1,9177,1,1.029482799989637
5,4,,2026-07-30T13:52:22.409147,105198,8534,4988,8534,651,8534,37,8534,3,8534,2,9251,2,1.0297129999962635
5,4,,2026-07-30T13:52:23.439097,105544,8379,4915,8379,674,8379,34,8379,1,8379,1,9178,3,1.0293486999871675
5,4,,2026-07-30T13:52:24.467599,105334,8371,4765,8371,722,8371,38,8371,1,8371,1,9327,6,1.0281200999743305
5,4,,2026-07-30T13:52:25.497732,105084,8445,4947,8445,643,8445,45,8445,2,8445,0,9079,1,1.0296955999801867
5,4,,2026-07-30T13:52:26.528037,105851,8404,4892,8404,650,8404,48,8404,2,8404,0,9264,0,1.02991209999891
5,4,,2026-07-30T13:52:27.558037,105201,8414,4929,8414,668,8414,28,8414,1,8414,1,9292,1,1.0295927000115626
5,4,,2026-07-30T13:52:28.586957,105351,8444,4891,8444,654,8444,43,8444,1,8444,2,9209,3,1.0284726000099909
5,4,,2026-07-30T13:52:29.617756,104990,8333,4826,8333,634,8333,43,8333,0,8333,0,9372,1,1.0304386999923736
5,4,,2026-07-30T13:52:30.648355,105139,8591,5006,8591,652,8591,46,8591,3,8591,0,9311,4,1.0299713000131305
5,4,,2026-07-30T13:52:31.679242,105037,8351,4874,8351,662,8351,45,8351,0,8351,0,9261,3,1.0304940000060014
5,4,,2026-07-30T13:52:32.708855,105399,8350,4906,8350,624,8350,34,8350,2,8350,0,9277,2,1.0289803000050597
5,4,,2026-07-30T13:52:33.738183,104611,8521,4987,8521,603,8521,40,8521,3,8521,2,9020,1,1.0289859999902546
5,4,,2026-07-30T13:52:34.768642,105599,8467,4939,8467,637,8467,42,8467,3,8467,2,9184,3,1.029966100002639
5,4,,2026-07-30T13:52:35.799294,105698,8475,4977,8475,647,8475,34,8475,0,8475,0,9369,1,1.0301240000117105
5,4,,2026-07-30T13:52:36.827579,105054,8344,4868,8344,644,8344,45,8344,4,8344,1,9220,4,1.0279938000021502
5,4,,2026-07-30T13:52:37.857544,105612,8383,4991,8383,671,8383,41,8383,3,8383,1,9403,2,1.0296518000250217
5,4,,2026-07-30T13:52:38.887068,105911,8427,4876,8427,643,8427,33,8427,1,8427,2,9295,1,1.029057899984764
5,4,,2026-07-30T13:52:39.916506,105458,8592,4972,8592,689,8592,30,8592,4,8592,1,9321,4,1.0290213999978732
5,4,,2026-07-30T13:52:40.945087,105676,8393,4980,8393,668,8393,38,8393,0,8393,2,9192,2,1.0281911000201944
5,4,,2026-07-30T13:52:41.974505,105364,8499,5008,8499,637,8499,39,8499,0,8499,2,9261,1,1.0291245999978855
5,4,,2026-07-30T13:52:43.003793,105135,8263,4842,8263,638,8263,42,8263,1,8263,1,9439,5,1.0288882000022568
5,4,,2026-07-30T13:52:44.033023,105484,8469,4952,8469,659,8469,34,8469,2,8469,1,9232,3,1.028895299998112
5,4,,2026-07-30T13:52:45.062414,105181,8481,4950,8481,631,8481,45,8481,1,8481,0,9190,5,1.0289132000179961
5,4,,2026-07-30T13:52:46.092929,105537,8527,4951,8527,670,8527,46,8527,2,8527,5,9447,0,1.0301870999974199
5,4,,2026-07-30T13:52:47.120462,105686,8348,4895,8348,680,8348,41,8348,2,8348,1,9196,2,1.027192700013984
5,4,,2026-07-30T13:52:48.150155,105202,8309,4796,8309,653,8309,32,8309,2,8309,0,9169,1,1.029340899985982
5,4,,2026-07-30T13:52:49.181830,105479,8601,5027,8601,663,8601,53,8601,0,8601,2,9317,0,1.0312727999989875
5,4,,2026-07-30T13:52:50.212051,105846,8433,4944,8433,677,8433,40,8433,4,8433,4,9363,2,1.0296846000128426
5,4,,2026-07-30T13:52:51.242617,105120,8343,4865,8343,628,8343,39,8343,1,8343,0,9145,3,1.0301668999891263
5,4,,2026-07-30T13:52:52.272861,104999,8240,4902,8240,626,8240,42,8240,3,8240,0,9215,2,1.029815600020811
5,4,,2026-07-30T13:52:53.302973,105223,8475,4916,8475,666,8475,48,8475,1,8475,0,9288,4,1.0297075000125915
5,4,,2026-07-30T13:52:54.332208,105605,8480,4970,8480,613,8480,54,8480,1,8480,0,9314,4,1.028733800019836
5,4,,2026-07-30T13:52:55.362591,105940,8599,5077,8599,676,8599,46,8599,1,8599,1,9338,4,1.0299326999811456
5,4,,2026-07-30T13:52:56.391960,105573,8478,5031,8478,655,8478,37,8478,2,8478,1,9190,1,1.0288761999981944
5,4,,2026-07-30T13:52:57.421657,104848,8409,4982,8409,625,8409,55,8409,1,8409,0,9348,1,1.0293163000023924
5,4,,2026-07-30T13:52:58.451679,105899,8234,4790,8234,649,8234,33,8234,5,8234,1,9153,2,1.0296127000183333
5,4,,2026-07-30T13:52:59.478988,104999,8232,4813,8232,620,8232,39,8232,0,8232,1,9286,4,1.0268334000138566
5,4,,2026-07-30T13:53:00.507702,105999,8456,5002,8457,645,8457,42,8457,1,8457,2,9248,2,1.0282592000148725
5,4,,2026-07-30T13:53:01.537702,104900,8251,4907,8250,606,8250,38,8250,1,8250,0,9417,2,1.0296853000181727
5,4,,2026-07-30T13:53:02.566377,105476,8447,4923,8447,661,8447,39,8447,2,8447,0,9193,3,1.0281961000000592
5,4,,2026-07-30T13:53:03.595023,105119,8401,4915,8401,629,8401,48,8401,4,8401,3,9261,4,1.028351399989333
5,4,,2026-07-30T13:53:04.622756,105481,8369,4847,8369,645,8369,44,8369,0,8369,1,9435,3,1.0274724000191782
5,4,,2026-07-30T13:53:05.650556,104709,8310,4830,8310,667,8310,36,8310,1,8310,0,9119,2,1.0275747000123374
5,4,,2026-07-30T13:53:06.677988,105190,8374,4845,8374,669,8374,47,8374,5,8374,0,9342,5,1.027209199994104
5,4,,2026-07-30T13:53:07.706886,104945,8375,4886,8375,650,8375,42,8375,1,8375,1,9091,7,1.028664999990724
5,4,,2026-07-30T13:53:08.738072,105146,8408,4908,8408,655,8408,29,8408,1,8408,1,9233,4,1.0307327999908011
5,4,,2026-07-30T13:53:09.768439,105703,8456,4914,8456,707,8456,32,8456,0,8456,1,9393,2,1.0300648999982513
5,4,,2026-07-30T13:53:10.797430,105475,8630,5004,8630,705,8630,39,8630,4,8630,0,9155,2,1.0285287000006065
5,4,,2026-07-30T13:53:11.826441,105548,8422,4972,8422,633,8422,41,8422,3,8422,1,9332,7,1.0286785000062082
5,4,,2026-07-30T13:53:12.855157,105070,8556,4971,8556,648,8556,53,8556,4,8556,1,9225,4,1.0283030999999028
5,4,,2026-07-30T13:53:13.885031,105254,8508,4884,8508,683,8508,51,8508,0,8508,0,9129,3,1.029450200003339
5,4,,2026-07-30T13:53:14.914923,105704,8368,4876,8368,638,8368,50,8368,2,8368,0,9251,1,1.029501299984986
5,4,,2026-07-30T13:53:15.944766,105855,8437,4875,8437,731,8437,54,8437,3,8437,0,9469,1,1.0295812000113074
5,4,,2026-07-30T13:53:16.973281,104856,8511,5018,8511,622,8511,38,8511,1,8511,0,9261,3,1.0281698999751825
5,4,,2026-07-30T13:53:18.003999,105340,8407,4920,8407,642,8407,36,8407,1,8408,2,9261,1,1.0303226000105496
5,4,,2026-07-30T13:53:19.034644,105588,8485,4947,8485,654,8485,54,8485,1,8484,0,9380,4,1.0302470999886282
5,4,,2026-07-30T13:53:20.064160,105897,8538,4956,8538,689,8538,53,8538,3,8538,1,9245,5,1.029007900011493
5,4,,2026-07-30T13:53:21.092897,105562,8338,4821,8338,668,8338,39,8338,2,8338,1,9241,3,1.0283928999851923
5,4,,2026-07-30T13:53:22.122862,105390,8347,4934,8347,640,8347,37,8347,0,8347,1,9330,1,1.0296049000171479
5,4,,2026-07-30T13:53:23.151458,105499,8351,4876,8351,676,8351,40,8351,5,8351,0,9473,3,1.0281835999921896
5,4,,2026-07-30T13:53:24.181471,105950,8431,4919,8431,681,8431,36,8431,2,8431,3,9274,6,1.0296632000245154
5,4,,2026-07-30T13:53:25.211257,105654,8471,4931,8471,694,8471,66,8471,2,8471,1,9270,3,1.0294065999914892
5,4,,2026-07-30T13:53:26.241404,105579,8384,4904,8384,644,8384,42,8384,2,8384,1,9165,2,1.0294450000219513
5,4,,2026-07-30T13:53:27.271517,105593,8348,4899,8348,656,8348,43,8348,2,8348,2,9393,4,1.0296329999982845
5,4,,2026-07-30T13:53:28.301952,105657,8570,5166,8570,608,8570,39,8570,0,8570,2,9342,1,1.0299302999919746
5,4,,2026-07-30T13:53:29.331660,105502,8560,5037,8560,641,8560,40,8560,1,8560,2,9204,4,1.0291965000214987
5,4,,2026-07-30T13:53:30.361172,104860,8249,4811,8249,638,8249,37,8249,0,8249,1,9314,4,1.0291501999890897
5,4,,2026-07-30T13:53:31.388463,105721,8374,4865,8374,680,8374,40,8374,1,8374,3,9226,5,1.0269823000126053
5,4,,2026-07-30T13:53:32.417467,104991,8373,4799,8373,676,8373,47,8373,1,8373,5,9171,2,1.0287262999918312
5,4,,2026-07-30T13:53:33.447340,105358,8496,4955,8496,683,8496,50,8496,3,8496,1,9305,4,1.0296117999823764
5,4,,2026-07-30T13:53:34.477462,105089,8439,4859,8439,647,8439,42,8439,1,8439,1,9355,2,1.0296822999953292
5,4,,2026-07-30T13:53:35.507504,105626,8397,4922,8397,681,8397,38,8397,0,8397,2,9424,2,1.0296189000073355
5,4,,2026-07-30T13:53:36.537322,105870,8416,4857,8416,635,8416,46,8416,0,8416,0,9436,0,1.0294175999879371
5,4,,2026-07-30T13:53:37.566686,104849,8360,4825,8360,666,8360,43,8360,2,8360,1,9243,2,1.0289836000010837
5,4,,2026-07-30T13:53:38.595710,105735,8420,4951,8420,669,8420,49,8420,4,8420,1,9478,2,1.0286568999872543
5,4,,2026-07-30T13:53:39.624391,104841,8456,4928,8456,662,8456,47,8456,3,8456,0,9457,0,1.028287699999055
5,4,,2026-07-30T13:53:40.653403,105388,8335,4866,8335,685,8335,48,8335,1,8335,1,9332,2,1.0286747999780346
5,4,,2026-07-30T13:53:41.683105,105581,8507,5033,8507,649,8507,41,8507,0,8507,1,9334,3,1.0293893000052776
5,4,,2026-07-30T13:53:42.712291,105695,8467,4929,8467,661,8467,46,8467,0,8467,0,9280,2,1.0288504999771249
5,4,,2026-07-30T13:53:43.740655,105265,8414,4923,8414,677,8414,51,8414,1,8414,1,9103,1,1.0279218999785371
5,4,,2026-07-30T13:53:44.769802,105200,8531,4948,8531,663,8531,42,8531,4,8531,1,9175,3,1.0286201999988407
5,4,,2026-07-30T13:53:45.799499,105898,8488,4879,8488,661,8488,46,8488,2,8488,1,9303,2,1.029246600024635
5,4,,2026-07-30T13:53:46.828649,105400,8587,5026,8587,658,8587,44,8587,2,8587,2,9323,1,1.028724699979648
5,4,,2026-07-30T13:53:47.858325,105334,8616,5042,8616,644,8616,35,8616,2,8616,1,9270,3,1.0293032999907155
5,4,,2026-07-30T13:53:48.888376,105614,8582,4977,8582,683,8582,49,8582,4,8582,2,9175,4,1.0296434999909252
5,4,,2026-07-30T13:53:49.916845,105475,8220,4801,8220,629,8220,37,8220,1,8220,0,9401,5,1.0280499999935273
5,4,,2026-07-30T13:53:50.944922,105230,8404,5007,8404,686,8404,40,8404,4,8404,0,9388,3,1.0276553999865428
5,4,,2026-07-30T13:53:51.974967,104931,8412,4913,8412,652,8412,41,8412,0,8412,0,9258,3,1.029719300015131
5,4,,2026-07-30T13:53:53.003976,105197,8394,4834,8394,687,8394,48,8394,5,8394,0,9293,1,1.0286736999987625
5,4,,2026-07-30T13:53:54.031948,105944,8379,4888,8379,644,8379,40,8379,2,8379,1,9218,3,1.0274173000070732
5,4,,2026-07-30T13:53:55.059396,106001,8401,4854,8401,694,8401,52,8401,2,8401,0,9298,4,1.0269326000125147
5,4,,2026-07-30T13:53:56.087321,105597,8534,5003,8534,661,8534,53,8534,4,8534,2,9211,6,1.0277913000027183
5,4,,2026-07-30T13:53:57.116077,105714,8399,4893,8399,642,8399,40,8399,1,8399,1,9340,2,1.0286199999973178
5,4,,2026-07-30T13:53:58.146875,105156,8469,4993,8469,639,8469,49,8469,2,8469,0,9086,3,1.0304471999988891
5,4,,2026-07-30T13:53:59.176587,105905,8501,4933,8501,672,8501,40,8501,2,8501,0,9289,4,1.0293697000015527
5,4,,2026-07-30T13:54:00.206966,105962,8283,4828,8283,646,8283,36,8283,0,8283,2,9271,5,1.0300446999899577
5,4,,2026-07-30T13:54:01.236439,105373,8433,4965,8433,649,8433,44,8433,3,8433,2,9182,1,1.0291546999942511
5,4,,2026-07-30T13:54:02.266326,105183,8412,4872,8412,650,8412,49,8412,0,8412,0,9388,2,1.0294422000006307
5,4,,2026-07-30T13:54:03.296203,105688,8533,5048,8533,676,8533,49,8533,1,8533,1,9304,0,1.0295307000051253
5,4,,2026-07-30T13:54:04.325603,105570,8432,4926,8432,649,8432,45,8432,0,8432,0,9253,2,1.0288577000028454
5,4,,2026-07-30T13:54:05.354905,105438,8480,5028,8481,657,8481,28,8481,0,8481,2,9182,2,1.0289265000028536
5,4,,2026-07-30T13:54:06.385553,105646,8434,4964,8434,686,8434,42,8434,4,8434,0,9265,1,1.0302152000076603
5,4,,2026-07-30T13:54:07.415296,104901,8315,4863,8314,634,8314,36,8314,2,8314,0,9221,4,1.0293794999888632
5,4,,2026-07-30T13:54:08.444356,105806,8602,5055,8602,649,8602,46,8602,0,8602,5,9260,3,1.0287787999841385
5,4,,2026-07-30T13:54:09.473592,105129,8493,4921,8493,664,8493,40,8493,0,8493,1,9259,2,1.0288834000239149
5,4,,2026-07-30T13:54:10.503059,105345,8458,5020,8458,636,8458,33,8458,1,8458,1,9224,3,1.029132399999071
5,4,,2026-07-30T13:54:11.533230,105518,8513,5018,8513,649,8513,37,8513,3,8513,1,9213,4,1.0298717000114266
5,4,,2026-07-30T13:54:12.563996,105357,8451,4895,8451,680,8451,29,8451,2,8451,2,9305,2,1.0303008999908343
5,4,,2026-07-30T13:54:13.593470,105089,8322,4772,8322,694,8322,34,8322,2,8322,2,9127,4,1.0289620000112336
5,4,,2026-07-30T13:54:14.622849,105567,8401,4875,8401,659,8401,38,8401,3,8401,0,9454,3,1.0289634999935515
5,4,,2026-07-30T13:54:15.651683,105421,8492,5000,8492,655,8492,43,8492,1,8492,3,9254,2,1.0284493999788538
5,4,,2026-07-30T13:54:16.682474,105563,8525,5002,8525,659,8525,45,8525,3,8525,1,9463,4,1.0304378000146244
5,4,,2026-07-30T13:54:17.712588,105314,8542,4957,8542,676,8542,48,8542,2,8542,0,9254,5,1.0295515000179876
5,4,,2026-07-30T13:54:18.742684,105483,8424,4843,8424,658,8424,49,8425,4,8425,0,9271,3,1.0296005999844056
5,4,,2026-07-30T13:54:19.771643,105508,8175,4751,8175,669,8175,46,8174,1,8174,0,9042,3,1.028477500018198
5,4,,2026-07-30T13:54:20.801059,105288,8360,4893,8360,655,8360,34,8360,3,8360,1,9328,6,1.0290824999974575
5,4,,2026-07-30T13:54:21.831462,105716,8277,4866,8277,640,8277,38,8277,0,8277,1,9207,5,1.0300584000069648
5,4,,2026-07-30T13:54:22.861025,105984,8402,4961,8402,653,8402,43,8402,5,8402,0,9310,2,1.0290958000114188
5,4,,2026-07-30T13:54:23.890416,105585,8454,4923,8454,700,8454,38,8454,3,8454,1,9300,2,1.029050700017251
5,4,,2026-07-30T13:54:24.919631,106143,8520,4968,8520,689,8520,37,8520,0,8520,0,9558,4,1.028852099989308
5,4,,2026-07-30T13:54:25.947065,105186,8402,4894,8402,639,8402,34,8402,3,8402,0,9310,3,1.0270107999967877
5,4,,2026-07-30T13:54:26.976332,105338,8638,5119,8638,630,8638,41,8638,3,8638,0,9215,0,1.0289590999891516
5,4,,2026-07-30T13:54:28.005513,106019,8356,4969,8356,651,8356,41,8356,0,8356,1,9386,4,1.0286751000094227
5,4,,2026-07-30T13:54:29.036224,105660,8475,4925,8475,650,8475,40,8475,2,8475,1,9282,2,1.0302328999969177
5,4,,2026-07-30T13:54:30.066347,105555,8306,4928,8306,592,8306,41,8306,2,8306,1,9288,4,1.0296488000021782
5,4,,2026-07-30T13:54:31.094312,105771,8701,5071,8701,698,8701,46,8701,2,8701,1,9313,2,1.0276091999839991
5,4,,2026-07-30T13:54:32.122544,105406,8530,5004,8530,680,8530,44,8530,2,8530,0,9365,4,1.0278795000049286
5,4,,2026-07-30T13:54:33.149626,105337,8456,4927,8456,657,8456,48,8456,2,8456,0,9291,3,1.0267275999940466
5,4,,2026-07-30T13:54:34.177747,105464,8303,4863,8303,698,8303,44,8303,0,8303,0,9254,2,1.0278216000006068
5,4,,2026-07-30T13:54:35.207392,105488,8506,5008,8506,676,8506,48,8506,1,8506,1,9209,2,1.0293217000144068
5,4,,2026-07-30T13:54:36.236409,105497,8494,4928,8494,691,8494,46,8494,3,8494,1,9334,2,1.0286701000004541
5,4,,2026-07-30T13:54:37.266534,105716,8401,4909,8401,722,8401,47,8401,2,8401,2,9259,4,1.0296165999898221
5,4,,2026-07-30T13:54:38.296442,105289,8495,4922,8495,657,8495,48,8495,4,8495,0,9468,2,1.0295482000219636
5,4,,2026-07-30T13:54:39.326395,106274,8549,5003,8549,670,8549,43,8549,2,8549,0,9370,5,1.0294095000135712
5,4,,2026-07-30T13:54:40.355802,105382,8296,4875,8296,596,8296,41,8296,0,8296,0,9352,3,1.0288789000187535
5,4,,2026-07-30T13:54:41.386200,105668,8335,4817,8335,687,8335,51,8335,3,8335,1,9288,4,1.0300573999993503
5,4,,2026-07-30T13:54:42.415049,105416,8366,4870,8366,654,8366,43,8366,1,8366,1,9160,7,1.028475700004492
5,4,,2026-07-30T13:54:43.446206,105479,8442,4987,8442,643,8442,49,8442,2,8442,1,9186,2,1.030829299998004
5,4,,2026-07-30T13:54:44.487152,105929,8595,5026,8595,660,8595,42,8595,2,8595,1,9592,4,1.0405350999790244
5,4,,2026-07-30T13:54:45.520454,107124,8560,4992,8560,686,8560,45,8560,3,8560,2,9380,4,1.0285508999950252
5,4,,2026-07-30T13:54:46.550758,105854,8382,4808,8382,648,8382,41,8382,1,8382,2,9235,2,1.029997799982084
5,4,,2026-07-30T13:54:47.578209,106020,8528,4976,8528,646,8528,35,8528,4,8528,0,9457,2,1.0269595999852754
5,4,,2026-07-30T13:54:48.607850,105713,8465,4886,8465,703,8465,35,8465,2,8465,3,9378,2,1.0293661000032444
5,4,,2026-07-30T13:54:49.638128,105745,8469,4868,8469,652,8469,48,8469,2,8469,3,9521,3,1.0299727999954484
5,4,,2026-07-30T13:54:50.667717,106257,8548,4940,8548,669,8548,40,8548,4,8548,2,9482,2,1.0292079000209924
5,4,,2026-07-30T13:54:51.696262,106272,8521,4988,8521,655,8521,41,8521,0,8521,2,9059,0,1.0281757999910042
5,4,,2026-07-30T13:54:52.725342,105920,8591,5028,8591,632,8591,47,8591,4,8591,1,9378,0,1.0287571999942884
5,4,,2026-07-30T13:54:53.753884,105772,8369,4894,8369,671,8369,52,8369,2,8369,0,9240,1,1.02806780001265
5,4,,2026-07-30T13:54:54.782527,105320,8355,4822,8355,640,8355,35,8355,1,8356,0,9244,2,1.0282339000259526
5,4,,2026-07-30T13:54:55.812701,105290,8558,5076,8558,624,8558,48,8558,1,8557,2,9298,3,1.0299301999912132
5,4,,2026-07-30T13:54:56.842044,106252,8425,4880,8425,662,8425,38,8425,0,8425,0,9369,2,1.0289411999983713
5,4,,2026-07-30T13:54:57.872403,105867,8452,4909,8452,695,8452,26,8452,1,8452,3,9255,1,1.0299449000158347
5,4,,2026-07-30T13:54:58.902112,105973,8497,4969,8497,640,8497,35,8497,4,8497,1,9261,5,1.0292244000011124
5,4,,2026-07-30T13:54:59.930916,105725,8445,4942,8445,696,8445,46,8445,0,8445,1,9364,2,1.0283945000264794
5,4,,2026-07-30T13:55:00.961745,105816,8567,5060,8567,666,8567,52,8567,4,8567,0,9285,3,1.0304871999833267
5,4,,2026-07-30T13:55:01.991314,105956,8474,4994,8474,652,8474,53,8474,1,8474,1,9378,3,1.0291696999920532
5,4,,2026-07-30T13:55:03.020525,105806,8354,4973,8354,680,8354,52,8354,0,8354,0,9347,0,1.028877000004286
5,4,,2026-07-30T13:55:04.048918,105467,8467,4987,8467,707,8467,39,8467,1,8467,0,9274,2,1.0280568999878597
5,4,,2026-07-30T13:55:05.079086,106042,8369,4875,8369,695,8369,48,8369,3,8369,2,9278,7,1.0298627000011038
5,4,,2026-07-30T13:55:06.107609,105385,8365,4817,8365,670,8365,53,8365,3,8365,1,9286,3,1.0280422000214458
5,4,,2026-07-30T13:55:07.137661,105184,8314,4837,8314,665,8314,39,8314,1,8314,2,8997,2,1.0296395000186749
5,4,,2026-07-30T13:55:08.167201,105803,8294,4890,8294,629,8294,32,8294,0,8294,1,9276,2,1.0292021999775898
5,4,,2026-07-30T13:55:09.198104,106150,8270,4814,8270,659,8270,35,8270,1,8270,0,9440,1,1.0303857999970205
5,4,,2026-07-30T13:55:10.227383,105604,8392,4883,8392,651,8392,48,8392,1,8392,1,9237,2,1.0288065999920946
5,4,,2026-07-30T13:55:11.258860,105784,8352,4954,8352,583,8352,50,8352,2,8352,0,9457,6,1.030953600013163
5,4,,2026-07-30T13:55:12.287973,105844,8497,4971,8497,718,8497,40,8497,3,8497,1,9230,3,1.0286961999954656
5,4,,2026-07-30T13:55:13.316852,105315,8364,4937,8364,669,8364,50,8364,1,8364,1,9416,2,1.0285572000138927
5,4,,2026-07-30T13:55:14.346429,106146,8396,4837,8396,694,8396,50,8396,0,8396,1,9286,2,1.0292476000031456
5,4,,2026-07-30T13:55:15.375967,105087,8435,4910,8435,669,8435,34,8435,2,8435,1,9364,5,1.0292251000064425
5,4,,2026-07-30T13:55:16.405750,105601,8434,4842,8434,632,8434,49,8434,2,8434,2,9430,5,1.029410299990559
5,4,,2026-07-30T13:55:17.434874,105369,8671,5095,8671,674,8671,53,8671,1,8671,1,9341,3,1.0287724000227172
5,4,,2026-07-30T13:55:18.464806,105670,8426,4915,8426,688,8426,37,8426,0,8426,0,9096,3,1.0294973999843933
5,4,,2026-07-30T13:55:19.494328,105535,8568,4902,8568,706,8568,51,8568,5,8568,2,9268,1,1.0290078000107314
5,4,,2026-07-30T13:55:20.523623,105536,8537,4887,8537,675,8537,43,8537,2,8537,0,9265,5,1.0287619000009727
5,4,,2026-07-30T13:55:21.552880,105387,8471,4958,8471,662,8471,38,8471,1,8471,0,9325,0,1.0289077000052202
5,4,,2026-07-30T13:55:22.582724,105275,8621,5071,8621,663,8621,39,8621,0,8621,2,9294,3,1.0295203999849036
5,4,,2026-07-30T13:55:23.612299,105926,8451,4928,8451,659,8451,44,8451,1,8451,1,9372,2,1.029224099998828
5,4,,2026-07-30T13:55:24.641431,106070,8639,5112,8639,649,8639,58,8639,1,8639,1,9482,1,1.028751200006809
5,4,,2026-07-30T13:55:25.670856,105492,8467,4942,8467,648,8467,57,8467,6,8467,0,9334,1,1.0291049999941606
5,4,,2026-07-30T13:55:26.701339,105778,8552,5065,8552,666,8552,47,8552,2,8552,0,9469,5,1.030141299997922
5,4,,2026-07-30T13:55:27.731921,106541,8551,5057,8551,658,8551,42,8551,0,8551,1,9291,4,1.030203000002075
5,4,,2026-07-30T13:55:28.762777,105893,8494,4977,8494,678,8494,50,8494,1,8494,2,9256,0,1.030466800002614
5,4,,2026-07-30T13:55:29.791162,105630,8411,4935,8411,619,8411,35,8411,2,8411,2,9434,2,1.0278664999932516
5,4,,2026-07-30T13:55:30.821268,105922,8550,4948,8550,711,8550,53,8550,4,8550,0,9353,2,1.0295467000105418
5,4,,2026-07-30T13:55:31.850079,105885,8532,4996,8532,650,8532,50,8532,3,8532,1,9324,4,1.0281084000016563
5,4,,2026-07-30T13:55:32.879568,105803,8419,4900,8419,675,8419,44,8419,1,8419,1,9358,0,1.0292310999939218
5,4,,2026-07-30T13:55:33.908980,105766,8449,4902,8449,685,8449,31,8449,0,8449,1,9365,1,1.029067199997371
5,4,,2026-07-30T13:55:34.937012,105411,8746,5054,8746,676,8746,40,8746,3,8746,1,9200,3,1.027539100003196
5,4,,2026-07-30T13:55:35.965832,106235,8487,5003,8487,682,8487,35,8487,3,8487,0,9420,1,1.0284725000092294
5,4,,2026-07-30T13:55:36.995311,105725,8413,4884,8413,654,8413,42,8413,3,8413,0,9252,2,1.0291652000159957
5,4,,2026-07-30T13:55:38.024298,105677,8568,4984,8568,669,8568,35,8568,3,8568,0,9230,2,1.0285561000055168
5,4,,2026-07-30T13:55:39.055019,105934,8575,4988,8575,677,8575,43,8575,0,8575,2,9342,2,1.0302517999953125
5,4,,2026-07-30T13:55:40.084488,106052,8419,4925,8419,655,8419,54,8419,2,8419,0,9458,4,1.0289485000248533
5,4,,2026-07-30T13:55:41.114174,105650,8528,4945,8528,677,8528,45,8528,2,8528,4,9149,3,1.0292865000083111
5,4,,2026-07-30T13:55:42.144105,105636,8675,5109,8675,696,8675,39,8675,2,8675,1,9257,1,1.0294493999972474
5,4,,2026-07-30T13:55:43.173282,106025,8348,4858,8348,650,8348,39,8348,1,8348,0,9381,2,1.0286861000058707
5,4,,2026-07-30T13:55:44.202532,105674,8404,4914,8404,623,8404,44,8404,2,8404,0,9171,1,1.0289208000176586
5,4,,2026-07-30T13:55:45.231944,106012,8543,4984,8543,712,8543,39,8543,1,8543,1,9223,5,1.0290923999855295
5,4,,2026-07-30T13:55:46.261260,106502,8710,5171,8710,653,8710,47,8710,0,8710,2,9452,4,1.028955899993889
5,4,,2026-07-30T13:55:47.291836,105215,8504,4939,8504,639,8504,47,8504,0,8504,1,9445,3,1.0302361999929417
5,4,,2026-07-30T13:55:48.320471,106334,8524,5046,8524,656,8524,49,8524,6,8524,2,9286,3,1.0282741999835707
5,4,,2026-07-30T13:55:49.349930,105498,8430,4860,8430,656,8430,51,8430,2,8430,1,9241,2,1.0290809000143781
5,4,,2026-07-30T13:55:50.378524,105761,8528,4990,8528,630,8528,46,8528,2,8528,2,9237,2,1.028172699996503
5,4,,2026-07-30T13:55:51.408911,106024,8511,4916,8511,701,8511,44,8511,1,8511,0,9409,5,1.0299849000002723
5,4,,2026-07-30T13:55:52.438577,105628,8507,4993,8507,663,8507,47,8507,1,8507,0,9227,5,1.0292424999934155
5,4,,2026-07-30T13:55:53.467747,105424,8418,4910,8418,688,8418,43,8418,3,8418,1,9510,2,1.0287335000175517
5,4,,2026-07-30T13:55:54.498022,105908,8513,4996,8513,628,8513,37,8513,1,8513,0,9305,2,1.0297687999845948
5,4,,2026-07-30T13:55:55.528669,105770,8480,5051,8480,671,8480,42,8480,1,8480,0,9266,2,1.0302705999929458
5,4,,2026-07-30T13:55:56.559057,106613,8628,5085,8628,660,8628,45,8628,2,8628,1,9178,1,1.0298432999989018
5,4,,2026-07-30T13:55:57.588958,105410,8487,4945,8487,684,8487,35,8487,3,8487,0,9280,0,1.0295634999929462
5,4,,2026-07-30T13:55:58.617772,105708,8565,5038,8565,663,8565,50,8565,1,8565,0,9322,0,1.0284746999968775
5,4,,2026-07-30T13:55:59.646984,105403,8503,4927,8503,663,8503,39,8503,2,8503,0,9383,5,1.0288572999997996
5,4,,2026-07-30T13:56:00.677798,105125,8255,4899,8255,650,8255,43,8255,0,8255,2,9248,1,1.0304022000054829
5,4,,2026-07-30T13:56:01.709077,105767,8492,5036,8492,620,8492,40,8492,0,8492,2,9322,4,1.0306963000039104
5,4,,2026-07-30T13:56:02.738369,106636,8375,4943,8375,650,8375,29,8375,0,8375,1,9421,4,1.0289478000195231
5,4,,2026-07-30T13:56:03.767012,105583,8423,4891,8423,665,8423,38,8423,0,8423,1,9207,6,1.028423699986888
5,4,,2026-07-30T13:56:04.797328,106108,8596,4969,8596,666,8596,46,8596,2,8596,1,9186,2,1.0299671000102535
5,4,,2026-07-30T13:56:05.827794,105839,8388,4901,8388,659,8388,50,8388,1,8388,1,9401,2,1.0299771999998484
5,4,,2026-07-30T13:56:06.855384,106115,8410,4989,8410,634,8410,53,8410,3,8410,0,9225,3,1.027182999998331
5,4,,2026-07-30T13:56:07.884211,105881,8462,4936,8462,665,8462,40,8462,3,8462,1,9227,3,1.028551499999594
5,4,,2026-07-30T13:56:08.914112,106249,8314,4795,8314,654,8314,46,8314,2,8314,0,9371,5,1.0295474999875296
5,4,,2026-07-30T13:56:09.943350,105769,8568,5046,8568,672,8568,34,8568,1,8568,1,9368,1,1.028801599983126
5,4,,2026-07-30T13:56:10.971903,105304,8452,4935,8452,626,8452,41,8452,3,8452,0,9338,3,1.0281497999967542
5,4,,2026-07-30T13:56:12.002054,105822,8571,5134,8571,607,8571,37,8571,1,8571,0,9112,3,1.0299058000091463
5,4,,2026-07-30T13:56:13.030494,106077,8502,5024,8503,657,8503,40,8503,2,8503,0,9267,2,1.0280489000142552
5,4,,2026-07-30T13:56:14.058585,105179,8627,4968,8626,679,8626,51,8626,3,8626,2,9222,3,1.0276768000039738
5,4,,2026-07-30T13:56:15.086370,105677,8558,4927,8558,686,8558,44,8558,3,8558,1,9175,4,1.0273511999985203
5,4,,2026-07-30T13:56:16.114714,105504,8508,5018,8508,683,8508,42,8508,3,8508,0,9401,3,1.0280333000118844
5,4,,2026-07-30T13:56:17.142535,104976,8388,4845,8388,700,8388,35,8388,5,8388,0,9288,4,1.0275114999967627
5,4,,2026-07-30T13:56:18.171357,105739,8466,4925,8466,661,8466,44,8466,1,8466,0,9123,3,1.028499500011094
5,4,,2026-07-30T13:56:19.200217,105667,8483,5011,8483,658,8483,47,8483,3,8483,3,9326,0,1.0283897000190336
5,4,,2026-07-30T13:56:20.229892,105543,8404,4948,8404,632,8404,46,8404,1,8404,1,9206,1,1.0294196999748237
5,4,,2026-07-30T13:56:21.258581,105543,8523,4928,8523,677,8523,38,8523,2,8523,5,9160,0,1.0283668000192847
5,4,,2026-07-30T13:56:22.287040,105623,8419,4886,8419,642,8419,36,8419,0,8419,1,9248,5,1.0281345999974292
5,4,,2026-07-30T13:56:23.317102,106273,8520,4980,8520,668,8520,48,8520,1,8520,0,9162,0,1.0295999999798369
5,4,,2026-07-30T13:56:24.347599,106323,8368,4877,8368,633,8368,41,8368,4,8368,4,9362,1,1.0301483999937773
5,4,,2026-07-30T13:56:25.377776,105346,8426,4940,8426,657,8426,39,8426,3,8426,0,9424,2,1.029863400006434
5,4,,2026-07-30T13:56:26.408391,105882,8561,5025,8561,658,8561,38,8561,3,8561,0,9262,2,1.0301925000094343
5,4,,2026-07-30T13:56:27.438839,105742,8450,4965,8450,673,8450,40,8450,1,8450,2,9353,3,1.030141299997922
5,4,,2026-07-30T13:56:28.468600,106100,8557,4954,8557,689,8557,41,8557,1,8557,2,9164,3,1.0293845999985933
5,4,,2026-07-30T13:56:29.500117,105652,8618,5050,8618,681,8618,47,8618,0,8618,0,9397,3,1.0311853000021074
5,4,,2026-07-30T13:56:30.528967,106271,8370,4904,8370,672,8370,54,8370,1,8370,1,9347,1,1.0282967999810353
5,4,,2026-07-30T13:56:31.558994,105895,8396,4887,8396,704,8396,43,8396,4,8396,1,9418,2,1.029662199987797
5,4,,2026-07-30T13:56:32.588947,106573,8470,4941,8470,643,8470,40,8470,2,8470,3,9323,3,1.0294695000047795
5,4,,2026-07-30T13:56:33.618740,105998,8528,4895,8528,696,8528,41,8528,1,8528,0,9303,2,1.0293708000099286
5,4,,2026-07-30T13:56:34.647724,105493,8547,4996,8547,677,8547,41,8547,2,8547,2,9427,2,1.0285356999957003
5,4,,2026-07-30T13:56:35.677174,105470,8313,4901,8313,634,8313,37,8313,2,8313,2,9407,2,1.0290527000033762
5,4,,2026-07-30T13:56:36.707119,105780,8380,4942,8380,633,8380,36,8380,2,8380,1,9270,4,1.0295480999920983
5,4,,2026-07-30T13:56:37.737914,105687,8506,5027,8506,631,8506,36,8506,2,8506,1,9195,1,1.0304100999783259
5,4,,2026-07-30T13:56:38.765349,105982,8477,5082,8477,692,8477,42,8477,3,8477,1,9391,0,1.0270010000094771
5,4,,2026-07-30T13:56:39.795502,105527,8564,5034,8564,687,8564,48,8564,5,8564,2,9381,3,1.0298933000012767
5,4,,2026-07-30T13:56:40.825172,106183,8628,5018,8628,700,8628,40,8628,4,8628,1,9220,5,1.0293241000035778
5,4,,2026-07-30T13:56:41.854269,106283,8511,5079,8511,641,8511,45,8511,3,8511,0,9279,3,1.0287539999990258
5,4,,2026-07-30T13:56:42.881906,106004,8540,4899,8540,659,8540,47,8540,4,8540,3,9407,5,1.0272124000184704
5,4,,2026-07-30T13:56:43.911685,105331,8542,4939,8542,664,8542,56,8542,3,8542,3,9197,4,1.0293423999974038
5,4,,2026-07-30T13:56:44.940918,106234,8430,4989,8430,612,8430,43,8430,0,8430,1,9306,0,1.0289159000094514
5,4,,2026-07-30T13:56:45.970265,105101,8384,4952,8384,646,8384,47,8384,2,8384,0,9314,1,1.0289046999823768
5,4,,2026-07-30T13:56:47.000398,106050,8511,5055,8511,672,8511,42,8511,1,8511,2,9228,4,1.0297753000049852
5,4,,2026-07-30T13:56:48.029577,105761,8422,4919,8422,638,8422,38,8422,1,8422,0,9281,2,1.0288042000029236
5,4,,2026-07-30T13:56:49.058482,105960,8554,5116,8554,657,8554,31,8554,1,8554,2,9246,5,1.028572000010172
5,4,,2026-07-30T13:56:50.087330,105868,8502,4951,8502,697,8502,42,8502,3,8502,1,9157,0,1.0284957999829203
5,4,,2026-07-30T13:56:51.116332,105458,8427,4895,8427,637,8427,33,8427,4,8427,3,9243,2,1.0286674999806564
5,4,,2026-07-30T13:56:52.145931,105699,8371,4872,8371,631,8371,39,8371,3,8371,1,9398,1,1.0292174000060186
5,4,,2026-07-30T13:56:53.175819,105722,8412,4956,8412,643,8412,33,8412,1,8412,2,9371,1,1.0295345000049565
5,4,,2026-07-30T13:56:54.206268,106281,8467,4917,8467,674,8467,52,8467,4,8467,0,9296,2,1.0300944999908097
5,4,,2026-07-30T13:56:55.237011,105782,8414,4790,8414,685,8414,49,8414,0,8414,2,9256,4,1.030270900024334
5,4,,2026-07-30T13:56:56.266191,106225,8364,4860,8364,653,8364,42,8364,3,8364,3,9370,0,1.0288660999794956
5,4,,2026-07-30T13:56:57.295583,106435,8399,4953,8399,675,8399,24,8399,0,8399,0,9242,3,1.0290169000218157
5,4,,2026-07-30T13:56:58.326170,106004,8468,4895,8468,685,8468,45,8468,2,8468,3,9231,2,1.0301274999801535
5,4,,2026-07-30T13:56:59.357621,105700,8441,4906,8441,648,8441,43,8441,2,8441,0,9362,4,1.0309330000018235
5,4,,2026-07-30T13:57:00.387278,105912,8267,4826,8267,639,8267,36,8267,3,8267,2,9382,1,1.0292183000128716
5,4,,2026-07-30T13:57:01.416665,106262,8374,4906,8374,674,8374,45,8374,2,8374,2,9323,2,1.0290299000043888
5,4,,2026-07-30T13:57:02.446652,105921,8453,4919,8453,689,8453,43,8453,3,8453,2,9534,2,1.0296043000125792
5,4,,2026-07-30T13:57:03.476658,105514,8568,5030,8568,685,8568,42,8568,2,8568,2,9178,2,1.029624499991769
5,4,,2026-07-30T13:57:04.506107,105284,8325,4860,8325,669,8325,37,8325,0,8325,1,9159,3,1.0290749999985565
5,4,,2026-07-30T13:57:05.536316,106279,8399,4986,8399,576,8399,38,8399,4,8399,2,9150,4,1.0298569000151474
5,4,,2026-07-30T13:57:06.564939,105856,8434,4928,8434,665,8434,44,8434,3,8434,2,9528,2,1.0282814999809489
5,4,,2026-07-30T13:57:07.595405,106367,8394,4879,8394,675,8394,47,8394,3,8394,0,9286,1,1.0301298999984283
5,4,,2026-07-30T13:57:08.625977,106219,8289,4833,8289,675,8289,47,8289,2,8289,2,9397,2,1.0299377999908756
5,4,,2026-07-30T13:57:09.654287,105917,8550,5028,8550,635,8550,38,8550,7,8550,2,9442,0,1.0272985000046901
5,4,,2026-07-30T13:57:10.681794,105841,8615,5049,8615,680,8615,45,8615,0,8615,2,9316,1,1.0272648999816738
5,4,,2026-07-30T13:57:11.712133,106033,8530,5049,8530,652,8530,43,8530,2,8530,2,9336,3,1.029971200012369
5,4,,2026-07-30T13:57:12.740326,105921,8520,4966,8520,723,8520,44,8520,3,8520,1,9338,5,1.027866599994013
5,4,,2026-07-30T13:57:13.768974,105715,8336,4934,8336,655,8336,44,8336,1,8336,0,9348,2,1.028274100011913
5,4,,2026-07-30T13:57:14.797812,105792,8459,4936,8459,644,8459,49,8459,0,8459,3,9454,3,1.0285210000001825
5,4,,2026-07-30T13:57:15.828193,105898,8337,4879,8337,633,8337,49,8337,1,8337,1,9214,0,1.0299294000142254
5,4,,2026-07-30T13:57:16.857044,105679,8340,4925,8340,656,8340,38,8340,0,8340,1,9297,3,1.0283635999949183
5,4,,2026-07-30T13:57:17.887005,105904,8443,4941,8443,640,8443,50,8443,0,8443,1,9505,3,1.0294949999952223
5,4,,2026-07-30T13:57:18.916014,105813,8316,4895,8316,679,8316,37,8316,4,8316,2,9289,4,1.0286218000110239
5,4,,2026-07-30T13:57:19.946427,105624,8340,4818,8340,678,8340,37,8340,1,8340,2,9300,3,1.030099199997494
5,4,,2026-07-30T13:57:20.976828,105857,8557,4948,8557,698,8557,45,8557,0,8557,2,9199,3,1.0300273000029847
5,4,,2026-07-30T13:57:22.006607,105651,8362,4884,8362,603,8362,48,8362,0,8362,2,9199,1,1.0293039999960456
5,4,,2026-07-30T13:57:23.036628,105881,8439,4943,8439,720,8439,55,8439,1,8439,1,9387,1,1.0296764000086114
5,4,,2026-07-30T13:57:24.065499,106076,8437,4970,8437,637,8437,33,8437,3,8437,2,9291,8,1.0284816999919713
5,4,,2026-07-30T13:57:25.093620,105965,8446,4918,8446,686,8446,39,8446,2,8446,0,9406,4,1.0277592000202276
5,4,,2026-07-30T13:57:26.122584,105780,8374,4911,8374,638,8374,37,8374,2,8374,0,9330,1,1.0286235999956261
5,4,,2026-07-30T13:57:27.151484,105767,8430,4910,8430,672,8430,39,8430,1,8430,0,9496,4,1.0285606999823358
5,4,,2026-07-30T13:57:28.181027,106066,8485,4898,8485,664,8485,37,8485,4,8485,5,9143,4,1.0291374000080395
5,4,,2026-07-30T13:57:29.211503,106244,8652,5012,8652,677,8652,50,8652,1,8652,1,9382,5,1.0298844000208192
5,4,,2026-07-30T13:57:30.241636,106347,8652,5154,8652,661,8652,43,8652,0,8652,0,9456,3,1.0294807000027504
5,4,,2026-07-30T13:57:31.271684,105664,8602,5009,8602,727,8602,47,8602,1,8602,3,9315,0,1.0296658999868669
5,4,,2026-07-30T13:57:32.301344,105744,8600,5015,8600,664,8600,49,8600,2,8600,1,9319,3,1.0292996999924071
5,4,,2026-07-30T13:57:33.332014,105975,8280,4832,8280,636,8280,41,8280,0,8280,3,9236,4,1.0302535999799147
5,4,,2026-07-30T13:57:34.360884,106309,8542,4992,8542,700,8542,39,8542,2,8542,0,9266,5,1.028444199997466
5,4,,2026-07-30T13:57:35.389440,105658,8384,4917,8384,670,8384,44,8384,2,8384,1,9258,2,1.0280599000107031
5,4,,2026-07-30T13:57:36.419493,105764,8436,4918,8436,650,8436,42,8436,1,8436,0,9514,5,1.0295408999954816
5,4,,2026-07-30T13:57:37.450076,106561,8605,4999,8605,724,8605,34,8605,1,8605,2,9301,4,1.0302013000182342
5,4,,2026-07-30T13:57:38.480920,106130,8537,4958,8537,691,8537,42,8537,2,8537,0,9447,3,1.0304671000048984
5,4,,2026-07-30T13:57:39.510417,106030,8615,5016,8615,697,8615,36,8615,1,8615,3,9397,6,1.0291629999992438
5,4,,2026-07-30T13:57:40.540746,106679,8535,5005,8535,690,8535,42,8535,1,8535,0,9152,1,1.029949099989608
5,4,,2026-07-30T13:57:41.569953,105419,8552,4991,8552,715,8552,46,8552,0,8552,0,9331,3,1.02888540001004
5,4,,2026-07-30T13:57:42.599989,106117,8461,4901,8461,683,8461,34,8461,1,8461,0,9247,1,1.0295888000109699
5,4,,2026-07-30T13:57:43.629516,105894,8481,4962,8481,643,8481,47,8481,0,8481,0,9236,2,1.0291122999915387
5,4,,2026-07-30T13:57:44.659917,105763,8436,4929,8436,677,8436,35,8436,3,8436,1,9192,2,1.030041700025322
5,4,,2026-07-30T13:57:45.688748,106500,8369,4856,8369,685,8369,50,8369,2,8369,1,9071,3,1.0285345999873243
5,4,,2026-07-30T13:57:46.717291,106161,8358,4874,8358,687,8358,36,8358,3,8358,1,9208,2,1.02807989998837
5,4,,2026-07-30T13:57:47.746368,105709,8495,4934,8495,665,8495,36,8495,2,8495,1,9331,4,1.028755099978298
5,4,,2026-07-30T13:57:48.775252,105460,8503,5007,8503,701,8503,42,8503,3,8503,0,9292,1,1.0285172000003513
5,4,,2026-07-30T13:57:49.805046,105803,8377,4863,8377,638,8377,34,8377,1,8377,1,9417,5,1.029444699990563
5,4,,2026-07-30T13:57:50.833783,105523,8352,4839,8352,682,8352,41,8352,1,8352,3,9366,5,1.0283876000030432
5,4,,2026-07-30T13:57:51.863208,106398,8416,4958,8416,701,8416,42,8416,2,8416,2,9323,2,1.0290687000087928
5,4,,2026-07-30T13:57:52.892418,105982,8505,4965,8505,680,8505,40,8505,0,8505,2,9096,3,1.0288963999773841
5,4,,2026-07-30T13:57:53.922177,106261,8515,5014,8515,678,8515,40,8515,0,8515,2,9316,3,1.0294010000070557
5,4,,2026-07-30T13:57:54.952999,106258,8464,4906,8464,686,8464,50,8464,1,8464,0,9459,2,1.030308099987451
5,4,,2026-07-30T13:57:55.982389,105863,8388,4924,8388,605,8388,43,8388,4,8388,0,9417,4,1.0289676999964286
5,4,,2026-07-30T13:57:57.011005,105822,8492,4956,8492,634,8492,36,8492,1,8492,0,9244,2,1.0282597999903373
5,4,,2026-07-30T13:57:58.038041,105496,8570,4992,8570,650,8570,42,8570,2,8570,2,9355,4,1.0266857000242453
5,4,,2026-07-30T13:57:59.066533,105969,8333,4802,8333,668,8333,45,8333,1,8333,1,9363,1,1.0281626000069082
5,4,,2026-07-30T13:58:00.096013,106646,8489,5013,8489,633,8489,42,8489,3,8489,2,9385,0,1.0291487000067718
5,4,,2026-07-30T13:58:01.126663,105971,8444,4883,8444,643,8444,37,8444,4,8444,1,9338,5,1.0303067000058945
5,4,,2026-07-30T13:58:02.155933,106042,8578,5085,8578,674,8578,48,8578,0,8578,2,9446,2,1.0289141999965068
5,4,,2026-07-30T13:58:03.185551,106272,8508,4964,8508,667,8508,56,8508,3,8508,0,9365,5,1.029268400016008
5,4,,2026-07-30T13:58:04.215118,106379,8484,4983,8484,642,8484,33,8484,2,8484,2,9280,2,1.0291792999778409
5,4,,2026-07-30T13:58:05.244934,105960,8544,4992,8544,672,8544,36,8544,3,8544,3,9381,3,1.0293565000174567
5,4,,2026-07-30T13:58:06.274636,106742,8502,4892,8502,666,8502,44,8502,2,8502,0,9361,2,1.0291839000128675
5,4,,2026-07-30T13:58:07.304571,106055,8380,4900,8380,672,8380,44,8380,0,8380,0,9299,6,1.0295700000133365
5,4,,2026-07-30T13:58:08.334054,105817,8287,4785,8287,668,8287,39,8287,1,8287,0,9540,3,1.0291362999996636
5,4,,2026-07-30T13:58:09.365121,105863,8536,4915,8536,707,8536,51,8536,2,8536,0,9322,2,1.0307008999807294
5,4,,2026-07-30T13:58:10.394332,106444,8558,5018,8558,660,8558,33,8558,1,8558,1,9369,1,1.0288339999970049
5,4,,2026-07-30T13:58:11.424166,105880,8381,4899,8381,651,8381,52,8381,2,8381,3,9316,2,1.0293673999840394
5,4,,2026-07-30T13:58:12.455584,106028,8465,4968,8465,657,8465,45,8465,4,8465,1,9286,2,1.0309672000003047
5,4,,2026-07-30T13:58:13.485885,106154,8520,4942,8520,661,8520,51,8520,2,8520,0,9333,5,1.0298873000137974
5,4,,2026-07-30T13:58:14.516381,106454,8525,4957,8525,658,8525,40,8525,3,8525,2,9261,5,1.0299244000052568
5,4,,2026-07-30T13:58:15.545310,106123,8396,4862,8396,665,8396,43,8396,2,8396,0,9447,0,1.0285441000014544
5,4,,2026-07-30T13:58:16.574443,105606,8435,4896,8435,703,8435,39,8435,2,8435,0,9192,7,1.028804300003685
5,4,,2026-07-30T13:58:17.604225,106068,8470,4871,8470,670,8470,39,8470,0,8470,3,9247,1,1.0293549999769311
5,4,,2026-07-30T13:58:18.633638,105926,8448,4788,8448,689,8448,38,8448,1,8448,0,9225,2,1.0290345000103116
5,4,,2026-07-30T13:58:19.663350,106301,8451,4926,8451,676,8451,43,8451,0,8451,1,9360,2,1.0293157999985851
5,4,,2026-07-30T13:58:20.693208,106817,8529,4917,8529,661,8529,36,8529,1,8529,1,9479,2,1.0295031999994535
5,4,,2026-07-30T13:58:21.722676,105863,8434,4945,8434,694,8434,42,8434,2,8434,0,9349,3,1.0291035999835003
5,4,,2026-07-30T13:58:22.752563,105820,8439,4980,8439,665,8439,41,8439,2,8439,1,9427,1,1.0294787000166252
5,4,,2026-07-30T13:58:23.782283,106087,8445,4942,8445,662,8445,35,8445,2,8445,4,9386,4,1.029236200003652
5,4,,2026-07-30T13:58:24.811409,106235,8468,4969,8468,669,8468,39,8468,1,8468,0,9455,2,1.0287622999749146
5,4,,2026-07-30T13:58:25.839796,105667,8479,4961,8479,625,8479,52,8479,4,8479,2,9385,2,1.0280367000086699
5,4,,2026-07-30T13:58:26.868901,105501,8494,4977,8494,652,8494,46,8494,0,8494,1,9348,2,1.0286650999914855
5,4,,2026-07-30T13:58:27.898369,105413,8523,4944,8523,671,8523,55,8523,2,8523,0,9352,2,1.0291780999978073
5,4,,2026-07-30T13:58:28.927944,105517,8442,4923,8442,676,8442,37,8442,4,8442,2,9206,3,1.0291708000004292
5,4,,2026-07-30T13:58:29.956173,106158,8412,4821,8412,681,8412,39,8412,2,8412,1,9312,0,1.0278424000134692
5,4,,2026-07-30T13:58:30.987187,106163,8335,4837,8335,627,8335,42,8335,4,8335,0,9326,5,1.0306234000017866
5,4,,2026-07-30T13:58:32.016358,106191,8398,4888,8398,674,8398,34,8398,2,8398,2,9385,0,1.0287294999870937
5,4,,2026-07-30T13:58:33.045571,106009,8395,4903,8395,674,8395,43,8395,2,8395,2,9360,2,1.028840900020441
5,4,,2026-07-30T13:58:34.074130,106025,8440,4878,8440,663,8440,49,8440,2,8440,1,9310,1,1.02821170000243
5,4,,2026-07-30T13:58:35.101307,105843,8396,4946,8396,644,8396,44,8396,1,8396,3,9229,6,1.0267233999911696
5,4,,2026-07-30T13:58:36.130804,105464,8458,4925,8458,681,8458,57,8458,3,8458,0,9387,2,1.0292227000172716
5,4,,2026-07-30T13:58:37.160798,106255,8533,5065,8533,692,8533,38,8533,3,8533,1,9350,4,1.0294567000237294
5,4,,2026-07-30T13:58:38.189317,106364,8442,5015,8442,678,8442,39,8442,0,8442,0,9420,6,1.0282153000007384
5,4,,2026-07-30T13:58:39.220583,106183,8358,4884,8358,654,8358,37,8358,1,8358,1,9274,4,1.0308722000045236
5,4,,2026-07-30T13:58:40.249825,106132,8461,4949,8461,690,8461,41,8461,1,8461,0,9373,0,1.0288373999937903
5,4,,2026-07-30T13:58:41.279197,106100,8477,4919,8477,682,8477,45,8477,1,8477,0,9292,3,1.0290862999972887
5,4,,2026-07-30T13:58:42.308571,106357,8367,4894,8367,666,8367,55,8367,5,8367,2,9300,3,1.0289790999959223
5,4,,2026-07-30T13:58:43.338301,106499,8517,5022,8517,678,8517,38,8517,2,8517,1,9473,10,1.029392700002063
5,4,,2026-07-30T13:58:44.370070,106054,8465,4923,8465,654,8465,33,8465,1,8465,1,9512,4,1.0311905999842566
5,4,,2026-07-30T13:58:45.400111,106567,8698,5061,8698,663,8698,44,8698,4,8698,1,9213,3,1.0296934000216424
5,4,,2026-07-30T13:58:46.428700,106215,8464,4968,8464,717,8464,34,8464,3,8464,1,9226,2,1.028176000021631
5,4,,2026-07-30T13:58:47.455714,105952,8296,4863,8296,643,8296,41,8296,6,8296,1,9402,1,1.0267624000262003
5,4,,2026-07-30T13:58:48.493020,105669,8524,5003,8524,651,8524,52,8524,2,8524,0,9250,5,1.037047399993753
5,4,,2026-07-30T13:58:49.522596,107683,8562,5108,8562,630,8562,45,8562,1,8562,2,9403,1,1.0269707999832463
5,4,,2026-07-30T13:58:50.551093,105675,8501,4938,8501,629,8501,34,8501,2,8501,0,9180,3,1.0283183999999892
5,4,,2026-07-30T13:58:51.582011,106282,8482,5012,8482,655,8482,34,8482,0,8482,1,9513,1,1.0304634000058286
5,4,,2026-07-30T13:58:52.611423,106260,8572,4921,8572,669,8572,40,8572,0,8572,1,9289,2,1.0291285999992397
5,4,,2026-07-30T13:58:53.640747,106059,8555,5112,8555,658,8555,53,8555,1,8555,0,9342,6,1.0289869999978691
5,4,,2026-07-30T13:58:54.670191,106241,8552,4925,8552,703,8552,41,8552,2,8552,1,9334,2,1.0289598000235856
5,4,,2026-07-30T13:58:55.699673,106302,8469,4972,8469,665,8469,46,8469,2,8469,1,9339,3,1.0290186000056565
5,4,,2026-07-30T13:58:56.730456,106329,8356,4897,8356,632,8356,51,8356,3,8356,0,9292,0,1.0303488000063226
5,4,,2026-07-30T13:58:57.758984,106294,8570,4999,8570,632,8570,38,8570,2,8570,0,9301,3,1.0280781000037678
5,4,,2026-07-30T13:58:58.789045,105889,8608,5018,8608,687,8608,44,8608,1,8608,1,9242,1,1.029665100009879
5,4,,2026-07-30T13:58:59.821535,106568,8427,4841,8427,663,8427,36,8427,1,8427,2,9440,2,1.0318684999947436
5,4,,2026-07-30T13:59:00.850505,106298,8525,4978,8525,668,8525,39,8525,2,8525,0,9373,2,1.0283886999823153
5,4,,2026-07-30T13:59:01.879465,105829,8463,4923,8463,683,8463,37,8463,1,8463,2,9426,1,1.0285832000081427
5,4,,2026-07-30T13:59:02.909091,106540,8511,4989,8511,693,8511,33,8511,2,8511,1,9225,2,1.0292438000033144
5,4,,2026-07-30T13:59:03.938222,106100,8513,5057,8513,614,8513,47,8513,3,8513,2,9258,1,1.0287563000165392
5,4,,2026-07-30T13:59:04.967375,106350,8454,4938,8454,638,8454,35,8454,0,8454,1,9367,1,1.0288005000038538
5,4,,2026-07-30T13:59:05.997091,106275,8570,5039,8570,657,8570,32,8570,3,8570,2,9355,4,1.0293067999882624
5,4,,2026-07-30T13:59:07.026824,106221,8566,5009,8566,660,8566,43,8566,2,8566,2,9316,3,1.029325700015761
5,4,,2026-07-30T13:59:08.055710,106263,8351,5016,8351,646,8351,44,8351,1,8351,2,9149,2,1.028563400002895
5,4,,2026-07-30T13:59:09.085298,106383,8543,4926,8543,668,8543,50,8543,1,8543,2,9230,3,1.0290574999817181
5,4,,2026-07-30T13:59:10.115493,106784,8425,4897,8425,618,8425,42,8425,2,8425,1,9281,2,1.0298443000065163
5,4,,2026-07-30T13:59:11.145456,106967,8487,4927,8487,644,8487,49,8487,2,8487,1,9401,0,1.0295841999759432
5,4,,2026-07-30T13:59:12.174258,105931,8479,5011,8479,662,8479,43,8479,2,8479,1,9392,1,1.0284492999780923
5,4,,2026-07-30T13:59:13.203029,106163,8473,4980,8473,624,8473,39,8473,0,8473,1,9589,3,1.0284242000197992
5,4,,2026-07-30T13:59:14.233275,106569,8488,4964,8488,691,8488,48,8488,1,8488,1,9229,0,1.0298144999833312
5,4,,2026-07-30T13:59:15.262451,107121,8562,5017,8562,650,8562,61,8562,3,8562,0,9514,2,1.0287595000118017
5,4,,2026-07-30T13:59:16.291324,106109,8540,4992,8540,642,8540,37,8540,1,8540,0,9226,2,1.0285586999962106
5,4,,2026-07-30T13:59:17.320754,106403,8471,4956,8471,654,8471,38,8471,0,8471,0,9333,2,1.0289898999908473
5,4,,2026-07-30T13:59:18.350822,106457,8491,4981,8491,652,8491,41,8491,2,8491,0,9289,1,1.029739999998128
5,4,,2026-07-30T13:59:19.380261,106259,8308,4938,8308,580,8308,47,8308,3,8308,1,9242,1,1.0288817000109702
5,4,,2026-07-30T13:59:20.410375,106508,8467,4973,8467,641,8467,36,8467,0,8467,1,9559,2,1.0297102000040468
5,4,,2026-07-30T13:59:21.440538,106246,8441,4957,8441,652,8441,27,8441,2,8441,1,9326,7,1.02984619999188
5,4,,2026-07-30T13:59:22.470126,106010,8491,5031,8491,662,8491,43,8491,1,8491,1,9291,4,1.029233600012958
5,4,,2026-07-30T13:59:23.500323,105546,8497,5024,8497,622,8497,39,8497,4,8497,2,9310,3,1.02984109998215
5,4,,2026-07-30T13:59:24.530534,106270,8648,5096,8648,641,8648,48,8648,3,8648,1,9366,4,1.0298481000063475
5,4,,2026-07-30T13:59:25.561501,106730,8519,4974,8519,685,8519,41,8519,1,8519,0,9263,3,1.030497400002787
5,4,,2026-07-30T13:59:26.590994,106341,8564,4919,8564,658,8564,43,8564,0,8564,1,9286,1,1.0290090000198688
5,4,,2026-07-30T13:59:27.620873,106117,8480,4930,8480,661,8480,48,8480,3,8480,1,9475,3,1.029430800001137
5,4,,2026-07-30T13:59:28.650892,106944,8534,4882,8534,671,8534,45,8534,2,8534,0,9399,2,1.029644999973243
5,4,,2026-07-30T13:59:29.680750,105626,8513,5037,8513,640,8513,51,8513,3,8513,1,9532,3,1.0294220999930985
5,4,,2026-07-30T13:59:30.710257,106246,8475,4942,8475,657,8475,54,8475,2,8475,1,9338,1,1.0291567000094801
5,4,,2026-07-30T13:59:31.739766,106020,8640,5055,8640,667,8640,55,8640,3,8640,2,9304,2,1.0290440000244416
5,4,,2026-07-30T13:59:32.770505,106641,8353,4890,8353,636,8353,48,8353,0,8353,2,9443,1,1.0303462000156287
5,4,,2026-07-30T13:59:33.798642,106147,8555,4951,8555,679,8555,42,8555,3,8555,2,9241,3,1.027650200005155
5,4,,2026-07-30T13:59:34.827600,106377,8431,4843,8431,695,8431,48,8431,4,8431,3,9337,2,1.0286571999895386
5,4,,2026-07-30T13:59:35.856949,106369,8456,4930,8456,681,8456,43,8456,2,8456,5,9371,0,1.0288435999827925
5,4,,2026-07-30T13:59:36.885733,105894,8378,4929,8378,607,8378,37,8378,0,8378,1,9552,1,1.0284487000026274
5,4,,2026-07-30T13:59:37.912993,106290,8561,4910,8561,693,8561,43,8561,2,8561,0,9377,3,1.0268533999915235
5,4,,2026-07-30T13:59:38.942737,106044,8432,4896,8432,674,8432,49,8432,1,8432,2,9399,3,1.0294170000124723
5,4,,2026-07-30T13:59:39.970966,106003,8595,5003,8595,641,8595,35,8595,1,8595,2,9530,3,1.0280380999902263
5,4,,2026-07-30T13:59:40.998828,106598,8442,4911,8442,637,8442,39,8442,2,8442,0,9490,5,1.027622199995676
5,4,,2026-07-30T13:59:42.027725,106316,8412,4936,8412,657,8412,52,8412,1,8412,0,9215,1,1.0285654999897815
5,4,,2026-07-30T13:59:43.057216,106458,8582,4988,8582,631,8582,34,8582,3,8582,1,9425,1,1.0291588999971282
5,4,,2026-07-30T13:59:44.086044,106078,8608,5025,8608,698,8608,46,8608,2,8608,4,9495,6,1.0284176999994088
5,4,,2026-07-30T13:59:45.115208,106607,8496,4959,8496,678,8496,44,8496,2,8496,3,9515,3,1.028628200001549
5,4,,2026-07-30T13:59:46.145134,105959,8409,4901,8409,636,8409,36,8409,2,8409,1,9200,2,1.0295793999976013
5,4,,2026-07-30T13:59:47.173375,106301,8459,4955,8459,641,8459,40,8459,3,8459,1,9259,4,1.027849400008563
5,4,,2026-07-30T13:59:48.203432,106581,8532,4916,8532,688,8532,45,8532,1,8532,0,9335,1,1.0296699999889825
5,4,,2026-07-30T13:59:49.232453,106286,8440,4965,8440,705,8440,48,8440,3,8440,2,9285,3,1.0285793999792077
5,4,,2026-07-30T13:59:50.263314,106410,8391,4919,8391,640,8391,42,8391,1,8391,0,9298,4,1.0304547999985516
5,4,,2026-07-30T13:59:51.293645,106687,8570,5014,8570,673,8570,52,8570,0,8570,1,9250,1,1.0298123999964446
5,4,,2026-07-30T13:59:52.323869,105902,8373,4928,8373,679,8373,42,8373,4,8373,3,9311,3,1.029874200001359
5,4,,2026-07-30T13:59:53.353994,106261,8393,4848,8393,680,8393,41,8393,1,8393,0,9375,5,1.0295870999980252
5,4,,2026-07-30T13:59:54.383721,106325,8393,4921,8393,667,8393,44,8393,6,8393,1,9380,3,1.0293685999931768
5,4,,2026-07-30T13:59:55.412952,106602,8449,4923,8449,664,8449,42,8449,0,8449,3,9376,1,1.0289125999843236
5,4,,2026-07-30T13:59:56.442804,106276,8583,5027,8583,687,8583,37,8583,0,8583,2,9457,1,1.0295777000137605
5,4,,2026-07-30T13:59:57.472861,106380,8652,5132,8652,701,8652,45,8652,1,8652,0,9453,5,1.029670799995074
5,4,,2026-07-30T13:59:58.502316,106227,8494,4938,8494,612,8494,43,8494,1,8494,0,9537,2,1.028990499995416
5,4,,2026-07-30T13:59:59.531590,105807,8490,4891,8490,684,8490,43,8490,2,8490,1,9437,2,1.0289524999971036
5,4,,2026-07-30T14:00:00.561216,106042,8510,5058,8510,692,8510,52,8510,1,8510,2,9498,2,1.0292883999936748
5,4,,2026-07-30T14:00:01.591544,106428,8488,4974,8488,655,8488,38,8488,0,8488,1,9252,7,1.0299625999759883
5,4,,2026-07-30T14:00:02.622684,106462,8477,5069,8477,630,8477,42,8477,3,8477,3,9458,3,1.030726400000276
5,4,,2026-07-30T14:00:03.650026,106595,8598,5059,8598,664,8598,43,8598,7,8598,0,9357,1,1.0268745999783278
5,4,,2026-07-30T14:00:04.677599,105674,8467,4890,8467,664,8467,43,8467,1,8467,1,9276,2,1.0273414999828674
5,4,,2026-07-30T14:00:05.705352,106233,8422,4937,8422,664,8422,44,8422,4,8422,1,9213,1,1.0274944999837317
5,4,,2026-07-30T14:00:06.734510,105847,8379,4787,8379,672,8379,25,8379,4,8379,0,9301,4,1.028945099998964
5,4,,2026-07-30T14:00:07.763898,106540,8471,4901,8471,715,8471,44,8471,1,8471,0,9390,1,1.029004599986365
5,4,,2026-07-30T14:00:08.793428,106754,8513,4919,8513,670,8513,29,8513,2,8513,0,9342,7,1.0291773000208195
5,4,,2026-07-30T14:00:09.823198,106064,8426,4943,8426,655,8426,47,8426,2,8426,0,9336,4,1.029347300005611
5,4,,2026-07-30T14:00:10.854466,106210,8523,5085,8523,653,8523,47,8523,5,8523,0,9379,4,1.0309178000024986
5,4,,2026-07-30T14:00:11.884158,106340,8511,4975,8511,711,8511,37,8511,0,8511,2,9320,3,1.02929549998953
5,4,,2026-07-30T14:00:12.912460,106297,8449,4981,8449,666,8449,30,8449,2,8449,1,9339,4,1.0279510999971535
5,4,,2026-07-30T14:00:13.940945,106312,8499,4909,8499,647,8499,38,8499,3,8499,1,9494,4,1.02812490001088
5,4,,2026-07-30T14:00:14.971290,106167,8361,4799,8361,640,8361,45,8361,2,8361,1,9334,1,1.0300006000034045
5,4,,2026-07-30T14:00:16.001808,105991,8512,4940,8512,650,8512,32,8512,0,8512,0,9528,0,1.0302106000017375
5,4,,2026-07-30T14:00:17.031291,106644,8530,4980,8530,646,8530,45,8530,2,8530,2,9358,2,1.0291016999981366
5,4,,2026-07-30T14:00:18.060562,106816,8417,4905,8417,671,8417,44,8417,0,8417,1,9340,2,1.028935200010892
5,4,,2026-07-30T14:00:19.089598,106082,8348,4929,8348,638,8348,51,8348,0,8348,0,9373,1,1.0286946000123862
5,4,,2026-07-30T14:00:20.121676,106219,8507,4949,8507,715,8507,39,8507,2,8507,1,9332,3,1.0316383999888785
5,4,,2026-07-30T14:00:21.152215,106513,8530,4988,8530,628,8530,48,8530,3,8530,1,9331,3,1.0300794999930076
5,4,,2026-07-30T14:00:22.181269,106862,8395,4848,8395,645,8395,46,8395,1,8395,0,9342,3,1.0286490000144113
5,4,,2026-07-30T14:00:23.209958,106084,8523,4946,8523,693,8523,39,8523,1,8523,0,9472,1,1.0283283999888226
5,4,,2026-07-30T14:00:24.239348,106384,8480,4951,8480,688,8480,49,8480,1,8480,2,9393,2,1.0289705999894068
5,4,,2026-07-30T14:00:25.268873,106772,8630,5075,8630,683,8630,44,8630,4,8630,1,9278,2,1.0291920999879949
5,4,,2026-07-30T14:00:26.299717,106393,8431,4988,8431,691,8431,37,8431,1,8431,2,9392,1,1.0304812999966089
5,4,,2026-07-30T14:00:27.327500,106716,8445,4893,8445,677,8445,38,8445,3,8445,1,9508,0,1.027453599992441
5,4,,2026-07-30T14:00:28.355803,106331,8616,5037,8616,696,8616,47,8616,0,8616,0,9320,0,1.0280284000036772
5,4,,2026-07-30T14:00:29.385993,106325,8555,4969,8555,622,8555,44,8555,3,8555,2,9306,4,1.029835399996955
5,4,,2026-07-30T14:00:30.414032,105974,8398,4906,8398,660,8398,38,8398,4,8398,1,9249,1,1.027789899992058
5,4,,2026-07-30T14:00:31.444557,106558,8390,4966,8390,611,8390,31,8390,3,8390,3,9336,2,1.030089500010945
5,4,,2026-07-30T14:00:32.472377,106695,8553,5044,8553,679,8553,31,8553,1,8553,0,9444,2,1.0273465999925975
5,4,,2026-07-30T14:00:33.501999,106276,8358,4856,8358,633,8358,50,8358,3,8358,3,9255,2,1.0293359000061173
5,4,,2026-07-30T14:00:34.531016,106243,8438,4934,8438,654,8438,37,8438,3,8438,1,9316,1,1.0287861000106204
5,4,,2026-07-30T14:00:35.558750,106004,8348,4882,8348,662,8348,44,8348,1,8348,1,9314,4,1.0275626999791712
5,4,,2026-07-30T14:00:36.586143,106859,8682,5029,8682,659,8682,39,8682,2,8682,2,9221,3,1.0269377999939024
5,4,,2026-07-30T14:00:37.615091,106379,8417,4933,8417,635,8417,44,8417,1,8417,0,9357,4,1.0285964000213426
5,4,,2026-07-30T14:00:38.643752,106069,8315,4947,8315,645,8315,39,8315,1,8315,0,9398,1,1.0282957000017632
5,4,,2026-07-30T14:00:39.674022,106798,8502,4915,8502,677,8502,45,8502,3,8502,0,9195,3,1.0299491999903694
5,4,,2026-07-30T14:00:40.702717,106935,8516,4929,8516,675,8516,41,8516,0,8516,1,9456,3,1.0282261999964248
5,4,,2026-07-30T14:00:41.732592,106669,8563,5051,8563,675,8563,40,8563,2,8563,0,9391,2,1.0294718000222929
5,4,,2026-07-30T14:00:42.762802,106064,8369,4915,8369,661,8369,45,8369,0,8369,1,9280,2,1.0298289000056684
5,4,,2026-07-30T14:00:43.790740,106152,8412,4970,8412,628,8412,32,8412,3,8412,0,9326,8,1.027601699985098
5,4,,2026-07-30T14:00:44.821937,106044,8487,4919,8487,681,8487,32,8487,1,8487,1,9336,4,1.030817599996226
5,4,,2026-07-30T14:00:45.851917,106319,8500,4984,8500,663,8500,34,8500,2,8500,2,9321,3,1.0295045000093523
5,4,,2026-07-30T14:00:46.881893,106286,8529,4941,8529,668,8529,44,8529,2,8529,1,9327,0,1.0295360999880359
5,4,,2026-07-30T14:00:47.912842,106650,8538,4911,8538,655,8538,37,8538,3,8538,2,9350,2,1.0303936999989673
5,4,,2026-07-30T14:00:48.940844,106560,8529,5039,8529,636,8529,40,8529,3,8529,3,9297,2,1.0276001000020187
5,4,,2026-07-30T14:00:49.971276,106156,8511,4965,8511,697,8511,39,8511,3,8511,3,9374,4,1.030036200012546
5,4,,2026-07-30T14:00:51.001194,106575,8620,5076,8620,655,8620,48,8620,2,8620,1,9406,2,1.029494699992938
5,4,,2026-07-30T14:00:52.030359,106842,8512,4940,8512,680,8512,41,8512,1,8512,0,9428,3,1.0288067999936175
5,4,,2026-07-30T14:00:53.058608,107257,8544,5057,8544,696,8544,38,8544,3,8544,0,9401,0,1.0279290999751538
5,4,,2026-07-30T14:00:54.087936,106058,8311,4827,8311,673,8311,40,8311,1,8311,3,9213,8,1.0290581000153907
5,4,,2026-07-30T14:00:55.116884,106761,8445,4900,8445,672,8445,51,8445,2,8445,1,9367,1,1.0283998000086285
5,4,,2026-07-30T14:00:56.145451,106769,8477,4929,8477,637,8477,38,8477,2,8477,2,9551,3,1.028204000002006
5,4,,2026-07-30T14:00:57.174939,106302,8420,4915,8420,659,8420,43,8420,2,8420,0,9278,0,1.0289845999795943
5,4,,2026-07-30T14:00:58.203633,106679,8489,4954,8489,665,8489,39,8489,1,8489,0,9338,3,1.0283519999939017
5,4,,2026-07-30T14:00:59.235115,107180,8690,5073,8690,732,8690,37,8690,7,8690,1,9377,4,1.0310905000078492
5,4,,2026-07-30T14:01:00.263839,106190,8393,4892,8393,643,8393,38,8393,1,8393,1,9294,3,1.0284228000091389
5,4,,2026-07-30T14:01:01.293224,106005,8532,5014,8532,677,8532,29,8532,0,8532,1,9292,1,1.0291424000170082
5,4,,2026-07-30T14:01:02.321541,106519,8404,4962,8404,671,8404,33,8404,3,8404,1,9453,6,1.0280512000026647
5,4,,2026-07-30T14:01:03.349831,106743,8546,5015,8546,639,8546,33,8546,2,8546,2,9460,2,1.0280424999946263
5,4,,2026-07-30T14:01:04.379683,105915,8481,4988,8481,664,8481,31,8481,2,8481,0,9280,3,1.0294858000124805
5,4,,2026-07-30T14:01:05.407868,106452,8466,4924,8466,669,8466,47,8466,2,8466,0,9476,5,1.027768300002208
5,4,,2026-07-30T14:01:06.437121,106349,8392,4944,8392,656,8392,42,8392,2,8392,1,9455,0,1.0288890000083484
5,4,,2026-07-30T14:01:07.466318,106006,8555,4888,8555,700,8555,51,8555,3,8555,0,9401,1,1.0288308000017423
5,4,,2026-07-30T14:01:08.496287,106096,8463,4876,8463,621,8463,40,8463,0,8463,3,9481,1,1.0296277000161353
5,4,,2026-07-30T14:01:09.525325,106768,8554,5042,8554,647,8554,41,8554,1,8554,2,9366,2,1.0286298000137322
5,4,,2026-07-30T14:01:10.555240,106218,8544,4940,8544,667,8544,42,8544,1,8544,2,9299,6,1.029342900001211
5,4,,2026-07-30T14:01:11.585273,106221,8501,5014,8501,643,8501,32,8501,0,8501,1,9299,3,1.029698099999223
5,4,,2026-07-30T14:01:12.614114,106272,8440,4874,8440,633,8440,43,8440,1,8440,0,9446,4,1.0284714000008535
5,4,,2026-07-30T14:01:13.644014,106864,8522,4953,8522,655,8522,39,8522,3,8522,5,9376,3,1.0295266000030097
5,4,,2026-07-30T14:01:14.673571,106330,8271,4811,8271,629,8271,38,8271,1,8271,1,9461,4,1.0291458000137936
5,4,,2026-07-30T14:01:15.703634,106525,8691,4998,8691,685,8691,35,8691,2,8691,1,9274,1,1.0296506999875419
5,4,,2026-07-30T14:01:16.732922,106842,8456,4987,8456,669,8456,45,8456,3,8456,5,9319,2,1.028913799993461
5,4,,2026-07-30T14:01:17.763212,107024,8637,4966,8637,676,8637,35,8637,2,8637,0,9558,5,1.0298354999977164
5,4,,2026-07-30T14:01:18.793148,106266,8473,4895,8473,664,8473,39,8473,3,8473,2,9439,4,1.0295187000010628
5,4,,2026-07-30T14:01:19.822250,106494,8696,5035,8696,637,8696,46,8696,1,8696,2,9384,1,1.028736000007484
5,4,,2026-07-30T14:01:20.850183,106332,8567,4993,8567,665,8567,39,8567,1,8567,2,9187,3,1.027537099987967
5,4,,2026-07-30T14:01:21.877838,106183,8474,4907,8474,707,8474,38,8474,2,8474,1,9597,3,1.0274027999839745
5,4,,2026-07-30T14:01:22.929233,106664,8509,4980,8509,637,8509,33,8509,0,8509,1,9404,3,1.0511316999909468
5,4,,2026-07-30T14:01:23.965070,110392,8750,5064,8750,690,8750,40,8750,0,8750,2,9667,0,1.027926100010518
5,4,,2026-07-30T14:01:24.993800,106091,8491,4938,8491,658,8491,35,8491,0,8491,1,9538,1,1.0283455000026152
5,4,,2026-07-30T14:01:26.022349,107229,8534,5012,8534,640,8534,45,8534,2,8534,1,9405,4,1.028157499997178
5,4,,2026-07-30T14:01:27.050952,105950,8576,4913,8576,670,8576,40,8576,1,8576,1,9458,1,1.0283505999832414
5,4,,2026-07-30T14:01:28.078649,106703,8595,5041,8595,667,8595,42,8595,1,8595,1,9473,4,1.0274149999895599
5,4,,2026-07-30T14:01:29.106950,106091,8349,4905,8349,666,8349,39,8349,4,8349,1,9538,1,1.0281174999836367
5,4,,2026-07-30T14:01:30.136310,106068,8444,4909,8444,637,8444,34,8444,0,8444,0,9229,5,1.0289877000031993
5,4,,2026-07-30T14:01:31.165207,106633,8529,4992,8529,626,8529,42,8529,3,8529,0,9468,4,1.0284058999968693
5,4,,2026-07-30T14:01:32.195622,106828,8514,4892,8514,671,8514,35,8514,1,8514,0,9401,1,1.0300801999983378
5,4,,2026-07-30T14:01:33.225155,107062,8578,4944,8578,701,8578,47,8578,3,8578,2,9365,1,1.0290778999915347
5,4,,2026-07-30T14:01:34.255318,106896,8571,4971,8571,639,8571,59,8571,2,8571,3,9477,5,1.0296728999819607
5,4,,2026-07-30T14:01:35.284791,106609,8697,4932,8697,695,8697,36,8697,1,8697,2,9318,3,1.0291127000236884
5,4,,2026-07-30T14:01:36.314782,107023,8588,5037,8588,680,8588,45,8588,4,8588,1,9381,3,1.0294885999755934
5,4,,2026-07-30T14:01:37.344473,107221,8674,5060,8674,668,8674,38,8674,2,8674,1,9453,2,1.0293941000127234
5,4,,2026-07-30T14:01:38.374940,106880,8573,4960,8573,661,8573,46,8573,1,8573,1,9318,1,1.0300723999971524
5,4,,2026-07-30T14:01:39.403883,106724,8592,5026,8592,687,8592,34,8592,3,8592,1,9378,4,1.0286402000056114
5,4,,2026-07-30T14:01:40.433299,106635,8617,4973,8617,659,8617,45,8617,3,8617,0,9416,2,1.029012499988312
5,4,,2026-07-30T14:01:41.463093,106561,8523,4960,8523,626,8523,38,8523,0,8523,1,9317,3,1.0294651000003796
5,4,,2026-07-30T14:01:42.492156,106401,8559,5034,8559,649,8559,48,8559,1,8559,3,9491,4,1.0286592000047676
5,4,,2026-07-30T14:01:43.522137,107161,8378,4939,8378,606,8378,37,8378,0,8378,2,9424,4,1.0294215999892913
5,4,,2026-07-30T14:01:44.552328,106463,8460,4882,8460,697,8460,36,8460,2,8460,1,9499,0,1.0297069999796804
5,4,,2026-07-30T14:01:45.581937,106340,8673,5034,8673,637,8673,38,8673,2,8673,0,9439,3,1.0292599000094924
5,4,,2026-07-30T14:01:46.610761,106550,8555,4975,8555,651,8555,39,8555,1,8555,2,9360,6,1.0284966000181157
5,4,,2026-07-30T14:01:47.640512,106861,8515,4925,8515,666,8515,31,8515,2,8515,3,9479,4,1.0293833000177983
5,4,,2026-07-30T14:01:48.669875,106524,8517,4986,8517,665,8517,42,8517,3,8517,0,9318,3,1.0289649999758694
5,4,,2026-07-30T14:01:49.698670,106615,8325,4854,8325,619,8325,37,8325,2,8325,1,9375,2,1.0283980999956839
5,4,,2026-07-30T14:01:50.728964,106562,8557,4910,8557,662,8557,52,8557,2,8557,1,9378,3,1.0299429000006057
5,4,,2026-07-30T14:01:51.759865,106651,8506,4964,8506,652,8506,36,8506,2,8506,3,9446,2,1.030538199993316
5,4,,2026-07-30T14:01:52.787951,106790,8664,5104,8664,679,8664,30,8664,3,8664,2,9590,1,1.027672900003381
5,4,,2026-07-30T14:01:53.817213,106450,8455,4935,8455,667,8455,43,8455,3,8455,1,9257,2,1.028929899999639
5,4,,2026-07-30T14:01:54.845604,107050,8534,4990,8534,631,8534,49,8534,2,8534,4,9583,2,1.0280693999957293
5,4,,2026-07-30T14:01:55.875679,106388,8482,5024,8482,655,8482,48,8482,2,8482,0,9587,2,1.029618800006574
5,4,,2026-07-30T14:01:56.904242,106012,8430,4944,8430,655,8430,27,8430,0,8430,2,9191,1,1.0282125000085216
5,4,,2026-07-30T14:01:57.933910,106090,8577,4967,8577,702,8577,50,8577,5,8577,0,9368,2,1.029335600003833
5,4,,2026-07-30T14:01:58.963183,106920,8626,5106,8626,662,8626,42,8626,3,8626,2,9397,3,1.0289345000055619
5,4,,2026-07-30T14:01:59.993214,105626,8382,4926,8382,617,8382,37,8382,2,8382,0,9383,1,1.029648299998371
5,4,,2026-07-30T14:02:01.022033,106659,8517,5001,8517,669,8517,47,8517,2,8517,1,9215,0,1.0284439999959432
5,4,,2026-07-30T14:02:02.051204,106884,8646,5018,8646,716,8646,43,8646,1,8646,0,9295,4,1.0288073999981862
5,4,,2026-07-30T14:02:03.081162,106280,8432,4865,8432,641,8432,45,8432,0,8432,3,9302,4,1.0295553999894764
5,4,,2026-07-30T14:02:04.109399,105769,8460,4889,8460,676,8460,36,8460,2,8460,1,9447,7,1.0278260000050068
5,4,,2026-07-30T14:02:05.139403,106198,8368,4825,8368,665,8368,35,8368,2,8368,1,9362,1,1.0296621000161394
5,4,,2026-07-30T14:02:06.168938,106430,8584,5023,8584,671,8584,38,8584,3,8584,2,9471,1,1.0291055999987293
5,4,,2026-07-30T14:02:07.197821,106568,8562,4973,8562,656,8562,43,8562,1,8562,0,9376,2,1.028565599990543
5,4,,2026-07-30T14:02:08.252369,106301,8391,4804,8391,699,8391,32,8391,0,8391,0,9441,0,1.0543367000063881
5,4,,2026-07-30T14:02:09.285219,109126,8749,5169,8749,677,8749,52,8749,1,8749,0,9493,3,1.0297471999947447
5,4,,2026-07-30T14:02:10.313948,106553,8573,5028,8573,649,8573,53,8573,0,8573,2,9527,3,1.0283023999945726
5,4,,2026-07-30T14:02:11.342357,106696,8420,4935,8420,665,8420,44,8420,4,8420,2,9196,4,1.028120899980422
5,4,,2026-07-30T14:02:12.372897,106537,8562,5017,8562,705,8562,32,8562,0,8562,2,9486,0,1.0301691999775358
5,4,,2026-07-30T14:02:13.401854,106610,8313,4884,8313,645,8313,37,8313,2,8313,0,9366,3,1.0285349000187125
5,4,,2026-07-30T14:02:14.430086,106227,8472,5020,8472,674,8472,46,8472,1,8472,2,9397,3,1.0278823000262491
5,4,,2026-07-30T14:02:15.460601,106659,8689,5081,8689,721,8689,42,8689,0,8689,2,9339,3,1.0300791999907233
5,4,,2026-07-30T14:02:16.489527,106827,8564,4996,8564,687,8564,47,8564,2,8564,0,9416,2,1.0285489000089
5,4,,2026-07-30T14:02:17.519010,106639,8549,5084,8549,618,8549,37,8549,1,8549,1,9365,0,1.0291575999872293
5,4,,2026-07-30T14:02:18.549550,106208,8536,5026,8536,680,8536,43,8536,2,8536,4,9261,3,1.0301948999986053
5,4,,2026-07-30T14:02:19.579663,106842,8486,4972,8486,591,8486,40,8486,5,8486,1,9632,2,1.029788899992127
5,4,,2026-07-30T14:02:20.608603,105993,8586,4988,8586,695,8586,47,8586,3,8586,1,9359,0,1.0286671000067145
5,4,,2026-07-30T14:02:21.638677,106770,8602,4948,8602,649,8602,38,8602,3,8602,0,9375,4,1.0295747000200208
5,4,,2026-07-30T14:02:22.669022,105922,8424,4909,8424,692,8424,37,8424,2,8424,0,9445,2,1.0299570000206586
5,4,,2026-07-30T14:02:23.699561,106414,8448,4960,8448,653,8448,38,8448,3,8448,0,9370,3,1.0301357000134885
5,4,,2026-07-30T14:02:24.728816,106472,8645,5039,8645,669,8645,44,8645,1,8645,0,9365,3,1.0288498000008985
5,4,,2026-07-30T14:02:25.757576,106397,8453,4858,8453,645,8453,40,8453,1,8453,4,9352,2,1.0283928999851923
5,4,,2026-07-30T14:02:26.788296,107050,8450,4913,8450,634,8450,52,8450,1,8450,1,9237,1,1.0304273999936413
5,4,,2026-07-30T14:02:27.818467,106554,8391,4865,8391,647,8391,45,8391,1,8391,5,9230,1,1.0297200000204612
5,4,,2026-07-30T14:02:28.846962,106917,8429,5009,8429,665,8429,41,8429,4,8429,2,9419,1,1.0281524000165518
5,4,,2026-07-30T14:02:29.876245,105977,8327,4868,8327,690,8327,40,8327,0,8327,2,9306,3,1.0289325999910943
5,4,,2026-07-30T14:02:30.905763,106148,8355,4904,8355,639,8355,51,8355,4,8355,0,9372,6,1.0291123999923002
5,4,,2026-07-30T14:02:31.936352,106365,8436,4896,8436,651,8436,38,8436,0,8436,0,9305,1,1.0301830999960657
5,4,,2026-07-30T14:02:32.967387,106826,8394,4926,8394,652,8394,39,8394,1,8394,0,9273,4,1.0307118999771774
5,4,,2026-07-30T14:02:33.996704,105748,8518,4931,8518,698,8518,39,8518,2,8518,0,9180,2,1.0285905000055209
5,4,,2026-07-30T14:02:35.024742,105891,8490,4976,8490,665,8490,48,8490,0,8490,1,9457,3,1.0276381000003312
5,4,,2026-07-30T14:02:36.053106,106303,8482,4981,8482,638,8482,56,8482,4,8482,0,9309,0,1.027999699988868
5,4,,2026-07-30T14:02:37.083022,106764,8464,4912,8464,712,8464,54,8464,1,8464,2,9525,0,1.0296085999871138
5,4,,2026-07-30T14:02:38.113109,106388,8403,4846,8403,662,8403,46,8403,0,8403,2,9379,2,1.0294903999892995
5,4,,2026-07-30T14:02:39.142331,105517,8352,4918,8352,655,8352,36,8352,2,8352,2,9512,2,1.028876800002763
5,4,,2026-07-30T14:02:40.172355,106553,8548,4994,8548,676,8548,39,8548,2,8548,1,9425,2,1.0297135000000708
5,4,,2026-07-30T14:02:41.202765,106083,8525,4958,8525,672,8525,46,8525,0,8525,1,9272,2,1.0300324000127148
5,4,,2026-07-30T14:02:42.232489,106171,8510,5072,8510,605,8510,48,8510,1,8510,1,9395,1,1.0293457999941893
5,4,,2026-07-30T14:02:43.262422,106114,8345,4862,8345,667,8345,27,8345,1,8345,2,9329,6,1.0295520999934524
5,4,,2026-07-30T14:02:44.289876,106290,8640,4951,8640,686,8640,40,8640,1,8640,1,9319,2,1.0270644999982323
5,4,,2026-07-30T14:02:45.320203,106117,8393,4831,8393,669,8393,50,8393,9,8393,0,9154,5,1.0299444000120275
5,4,,2026-07-30T14:02:46.350183,106277,8304,4853,8304,643,8304,42,8304,1,8304,2,9356,1,1.0296724999789149
5,4,,2026-07-30T14:02:47.379559,106309,8337,4786,8337,644,8337,39,8337,0,8337,2,9348,0,1.0289887000108138
5,4,,2026-07-30T14:02:48.408196,105854,8438,4862,8438,685,8438,45,8438,4,8438,2,9185,3,1.0282321000122465
5,4,,2026-07-30T14:02:49.439388,106588,8405,4925,8405,645,8405,42,8405,1,8405,0,9424,4,1.0309239999915008
5,4,,2026-07-30T14:02:50.488330,108286,8583,5013,8583,611,8583,44,8583,3,8583,3,9552,1,1.0486547999898903
5,4,,2026-07-30T14:02:51.519922,106711,8573,4988,8573,707,8573,42,8573,1,8573,2,9374,3,1.030354000016814
5,4,,2026-07-30T14:02:52.550630,106322,8591,5001,8591,633,8591,39,8591,0,8591,0,9508,3,1.03030059998855
5,4,,2026-07-30T14:02:53.577677,106653,8473,4884,8473,698,8473,46,8473,3,8473,2,9457,3,1.0266585999925155
5,4,,2026-07-30T14:02:54.607815,106276,8527,5009,8527,661,8527,47,8527,1,8527,1,9094,1,1.0299273999989964
5,4,,2026-07-30T14:02:55.635730,106354,8517,5089,8517,636,8517,31,8517,3,8517,1,9508,1,1.027561599999899
5,4,,2026-07-30T14:02:56.665285,106072,8420,4959,8420,659,8420,38,8420,3,8420,2,9297,5,1.0292702000006102
5,4,,2026-07-30T14:02:57.694707,106253,8443,4865,8443,677,8443,53,8443,4,8443,2,9522,4,1.02903810000862
5,4,,2026-07-30T14:02:58.722709,106318,8409,4864,8409,680,8409,46,8409,1,8409,0,9350,8,1.027636499988148
5,4,,2026-07-30T14:02:59.751154,106374,8459,4931,8459,661,8459,40,8459,2,8459,1,9236,3,1.0281950999924447
5,4,,2026-07-30T14:03:00.780149,105633,8334,4904,8334,662,8334,36,8334,2,8334,2,9298,6,1.028755800012732
5,4,,2026-07-30T14:03:01.809339,106323,8392,4862,8392,679,8392,38,8392,1,8392,1,9107,4,1.0288189999992028
5,4,,2026-07-30T14:03:02.837382,106361,8462,4875,8462,641,8462,45,8462,0,8462,0,9351,6,1.0276730000041425
5,4,,2026-07-30T14:03:03.866135,106559,8466,4924,8466,637,8466,50,8466,4,8466,2,9279,4,1.0284240000182763
5,4,,2026-07-30T14:03:04.893949,105788,8314,4824,8314,630,8314,34,8314,3,8314,1,9250,1,1.0274742000037804
5,4,,2026-07-30T14:03:05.924204,106320,8551,5033,8551,659,8551,29,8551,2,8551,0,9329,1,1.0298680999840144
5,4,,2026-07-30T14:03:06.953998,105787,8407,4877,8407,651,8407,38,8407,1,8407,0,9265,5,1.0293186999915633
5,4,,2026-07-30T14:03:07.982922,106836,8570,4970,8570,646,8570,38,8570,1,8570,2,9412,6,1.0285298000089824
5,4,,2026-07-30T14:03:09.010219,106379,8429,4883,8429,652,8429,36,8429,1,8429,0,9330,2,1.0270578999770805
5,4,,2026-07-30T14:03:10.037264,106279,8415,4969,8415,657,8415,40,8415,3,8415,1,9212,2,1.0268779000034556
5,4,,2026-07-30T14:03:11.066214,106317,8476,4920,8476,646,8476,35,8476,2,8476,0,9537,4,1.0287759999919217
5,4,,2026-07-30T14:03:12.094096,105894,8525,4932,8525,680,8525,26,8525,3,8525,0,9291,1,1.0274880999932066
5,4,,2026-07-30T14:03:13.121596,106083,8435,4986,8435,627,8435,48,8435,2,8435,0,9307,5,1.0272971000231337
5,4,,2026-07-30T14:03:14.150925,105841,8329,4892,8329,644,8329,43,8329,3,8329,0,9241,5,1.0291290000022855
5,4,,2026-07-30T14:03:15.178451,105954,8514,5020,8514,628,8514,40,8514,3,8514,2,9265,0,1.0272420999826863
5,4,,2026-07-30T14:03:16.207047,106154,8406,4980,8406,650,8406,33,8406,1,8406,0,9289,1,1.0282905000203755
5,4,,2026-07-30T14:03:17.236637,106542,8523,4880,8523,694,8523,45,8523,2,8523,3,9398,3,1.0292645999870729
5,4,,2026-07-30T14:03:18.264928,105676,8405,4907,8405,646,8405,40,8405,2,8405,0,9346,4,1.0278484000009485
5,4,,2026-07-30T14:03:19.295707,106118,8416,4852,8416,687,8416,41,8416,1,8416,0,9345,5,1.0303025000030175
5,4,,2026-07-30T14:03:20.326060,106122,8502,4922,8502,664,8502,32,8502,2,8502,2,9345,3,1.0299023000115994
5,4,,2026-07-30T14:03:21.357102,106217,8638,5082,8638,680,8638,47,8638,1,8638,1,9151,2,1.0306699999782722
5,4,,2026-07-30T14:03:22.386922,106749,8609,5045,8609,686,8609,39,8609,3,8609,3,9399,2,1.0295232999778818
5,4,,2026-07-30T14:03:23.415948,106688,8530,4949,8530,661,8530,41,8530,3,8530,0,9537,3,1.0287075999949593
5,4,,2026-07-30T14:03:24.444365,106776,8443,5024,8443,593,8443,31,8443,0,8443,1,9385,4,1.028075300011551
5,4,,2026-07-30T14:03:25.473085,106359,8472,4931,8472,669,8472,50,8472,2,8472,0,9329,2,1.0283113999757916
5,4,,2026-07-30T14:03:26.498728,105753,8435,4837,8435,707,8435,40,8435,1,8435,2,9396,3,1.0253505999862682
5,4,,2026-07-30T14:03:27.524873,105721,8407,4959,8407,606,8407,35,8407,1,8407,1,9273,1,1.0260033000085969
5,4,,2026-07-30T14:03:28.550466,106033,8472,4955,8472,651,8472,32,8472,1,8472,1,9404,3,1.0253870000015013
5,4,,2026-07-30T14:03:29.576587,106182,8561,4982,8561,698,8561,28,8561,0,8561,0,9382,2,1.0259777000173926
5,4,,2026-07-30T14:03:30.602032,105626,8314,4772,8314,711,8314,59,8314,1,8314,0,9337,3,1.0253052999905776
5,4,,2026-07-30T14:03:31.628543,106006,8564,4966,8564,677,8564,36,8564,2,8564,0,9375,3,1.0263962000026368
5,4,,2026-07-30T14:03:32.655183,106091,8405,4952,8405,651,8405,34,8405,3,8405,0,9403,1,1.0264960000058636
5,4,,2026-07-30T14:03:33.680844,106170,8461,4841,8461,642,8461,46,8461,1,8461,1,9190,1,1.0255111000151373
5,4,,2026-07-30T14:03:34.706831,105987,8394,4909,8394,630,8394,40,8394,2,8394,3,9227,5,1.0258807999780402
5,4,,2026-07-30T14:03:35.732763,106024,8464,4870,8464,664,8464,36,8464,2,8464,2,9262,2,1.0258076000027359
5,4,,2026-07-30T14:03:36.760250,105583,8449,4932,8449,682,8449,41,8449,2,8449,1,9385,0,1.0273266999865882
5,4,,2026-07-30T14:03:37.785755,105790,8486,4980,8486,639,8486,32,8486,3,8486,1,9269,2,1.025294599996414
5,4,,2026-07-30T14:03:38.811019,105891,8381,4846,8381,674,8381,44,8381,2,8381,2,9346,3,1.0251252999878488
5,4,,2026-07-30T14:03:39.837764,105552,8493,5005,8493,663,8493,45,8493,2,8493,0,9120,1,1.026606700004777
5,4,,2026-07-30T14:03:40.863977,107030,8655,5105,8655,654,8655,46,8655,2,8655,0,9330,3,1.0260654999874532
5,4,,2026-07-30T14:03:41.889652,106071,8532,4908,8532,660,8532,38,8532,3,8532,2,9296,2,1.0255297999829054
5,4,,2026-07-30T14:03:42.915204,106240,8369,4815,8369,661,8369,42,8369,5,8369,1,9390,3,1.0254218999762088
5,4,,2026-07-30T14:03:43.940603,106103,8451,4943,8451,665,8451,45,8451,2,8451,2,9293,2,1.0252478000184055
5,4,,2026-07-30T14:03:44.968700,105420,8306,4869,8306,654,8306,39,8306,2,8306,2,9205,2,1.0279105000081472
5,4,,2026-07-30T14:03:45.997805,106215,8457,4962,8457,647,8457,35,8457,1,8457,3,9274,1,1.0287680000183173
5,4,,2026-07-30T14:03:47.025402,105733,8430,4916,8430,652,8430,40,8430,2,8430,1,9311,0,1.027281100017717
5,4,,2026-07-30T14:03:48.054925,106112,8429,4931,8429,641,8429,33,8429,0,8429,0,9336,0,1.029137899982743
5,4,,2026-07-30T14:03:49.082552,106090,8372,4965,8372,633,8372,42,8372,3,8372,0,9401,4,1.027269600017462
5,4,,2026-07-30T14:03:50.109823,106533,8499,4951,8499,676,8499,44,8499,3,8499,2,9414,2,1.0269641999911983
5,4,,2026-07-30T14:03:51.136567,106299,8393,4928,8393,633,8393,41,8393,3,8393,1,9383,1,1.026570099988021
5,4,,2026-07-30T14:03:52.163367,106268,8467,4976,8467,642,8467,42,8467,4,8467,3,9180,1,1.0264350999786984
5,4,,2026-07-30T14:03:53.189908,106074,8578,5048,8578,675,8578,42,8578,2,8578,1,9368,1,1.026396900007967
5,4,,2026-07-30T14:03:54.216873,105653,8394,4874,8394,670,8394,49,8394,0,8394,1,9355,3,1.02671159998863
5,4,,2026-07-30T14:03:55.246219,105898,8601,4964,8601,653,8601,33,8601,1,8601,2,9226,2,1.0291504000197165
5,4,,2026-07-30T14:03:56.274174,106771,8442,4970,8442,631,8442,49,8442,2,8442,1,9336,5,1.02754239999922
5,4,,2026-07-30T14:03:57.301736,106011,8316,4919,8316,657,8316,35,8316,1,8316,0,9310,2,1.0272347000136506
5,4,,2026-07-30T14:03:58.330471,105300,8400,4865,8400,650,8400,33,8400,2,8400,2,9402,1,1.0285489999805577
5,4,,2026-07-30T14:03:59.359883,105958,8487,4983,8487,672,8487,51,8487,3,8487,0,9349,2,1.0290669999958482
5,4,,2026-07-30T14:04:00.386868,105892,8567,4995,8567,677,8567,45,8567,2,8567,1,9336,2,1.0266475999960676
5,4,,2026-07-30T14:04:01.414573,106011,8296,4910,8296,628,8296,45,8296,2,8296,0,9144,1,1.0273744000005536
5,4,,2026-07-30T14:04:02.443093,106583,8500,4964,8500,648,8500,54,8500,1,8500,0,9506,3,1.028196699975524
5,4,,2026-07-30T14:04:03.472782,105882,8535,4945,8535,656,8535,45,8535,3,8535,2,9252,4,1.029398599988781
5,4,,2026-07-30T14:04:04.500992,106155,8566,5069,8566,658,8566,46,8566,2,8566,0,9518,1,1.0278260000050068
5,4,,2026-07-30T14:04:05.530118,105582,8333,4880,8333,653,8333,46,8333,3,8333,4,9382,1,1.0288972000125796
5,4,,2026-07-30T14:04:06.559700,106258,8448,4887,8448,665,8448,40,8448,1,8448,0,9378,1,1.0292897999752313
5,4,,2026-07-30T14:04:07.588161,105969,8361,4888,8361,676,8361,47,8361,3,8361,4,9316,3,1.0281979000137653
5,4,,2026-07-30T14:04:08.616060,105728,8392,4926,8392,619,8392,47,8392,2,8392,1,9214,4,1.027570400008699
5,4,,2026-07-30T14:04:09.643405,105767,8583,5003,8583,672,8583,37,8583,3,8583,1,9146,3,1.026976499997545
5,4,,2026-07-30T14:04:10.671383,106262,8438,4960,8438,643,8438,30,8438,1,8438,0,9107,1,1.027585600008024
5,4,,2026-07-30T14:04:11.700649,106007,8291,4902,8291,647,8291,37,8291,2,8291,1,9349,2,1.0290165999904275
5,4,,2026-07-30T14:04:12.728110,106277,8472,4878,8472,687,8472,34,8472,4,8472,2,9353,1,1.0271662999875844
5,4,,2026-07-30T14:04:13.757316,106186,8585,5037,8585,662,8585,40,8585,1,8585,1,9318,2,1.0289997000072617
5,4,,2026-07-30T14:04:14.785224,106038,8482,4906,8482,659,8482,38,8482,0,8482,1,9331,5,1.02749990002485
5,4,,2026-07-30T14:04:15.813735,106420,8641,5035,8641,658,8641,57,8641,4,8641,0,9136,2,1.0281581000017468
5,4,,2026-07-30T14:04:16.841270,105771,8456,4942,8456,648,8456,41,8456,2,8456,3,9340,1,1.027335300022969
5,4,,2026-07-30T14:04:17.869421,106150,8625,5090,8625,688,8625,52,8625,2,8625,3,9423,1,1.0278639000025578
5,4,,2026-07-30T14:04:18.896955,105699,8623,5004,8623,655,8623,32,8623,1,8623,0,9212,5,1.0272212999989279
5,4,,2026-07-30T14:04:19.923080,106072,8440,4871,8440,656,8440,35,8440,1,8440,0,9226,5,1.0259222999738995
5,4,,2026-07-30T14:04:20.952695,106170,8503,5098,8503,647,8503,50,8503,1,8503,0,9259,4,1.029455300013069
5,4,,2026-07-30T14:04:21.981176,106356,8390,4894,8390,660,8390,45,8390,2,8390,2,9341,6,1.028231100004632
5,4,,2026-07-30T14:04:23.011368,106167,8324,4840,8324,645,8324,39,8325,2,8325,2,9292,3,1.0298075000173412
5,4,,2026-07-30T14:04:24.038926,106635,8464,4926,8464,688,8464,43,8463,1,8463,0,9178,10,1.0272651999839582
5,4,,2026-07-30T14:04:25.068591,105762,8382,4899,8382,658,8382,35,8382,4,8382,0,9316,2,1.029340899985982
5,4,,2026-07-30T14:04:26.096716,106225,8345,4797,8345,660,8345,48,8345,1,8345,5,9420,3,1.0277923000103328
5,4,,2026-07-30T14:04:27.125234,106101,8480,4931,8480,686,8480,38,8480,2,8480,0,9304,3,1.0282337999960873
5,4,,2026-07-30T14:04:28.154469,105329,8339,5008,8339,580,8339,40,8339,0,8339,3,9192,6,1.0288924999767914
5,4,,2026-07-30T14:04:29.181682,106962,8396,4979,8396,608,8396,42,8396,1,8396,2,9320,1,1.0269063000159804
5,4,,2026-07-30T14:04:30.210051,105331,8307,4782,8307,675,8307,38,8307,0,8307,0,9125,7,1.0280329000088386
5,4,,2026-07-30T14:04:31.238351,106551,8432,4912,8432,652,8432,37,8432,1,8432,0,9246,1,1.0279720000107773
5,4,,2026-07-30T14:04:32.265977,105530,8362,4926,8362,644,8362,32,8362,2,8362,0,9418,4,1.0273698999953922
5,4,,2026-07-30T14:04:33.292617,106058,8459,4901,8459,652,8459,34,8459,5,8459,0,9259,2,1.0264122000080533
5,4,,2026-07-30T14:04:34.322316,105687,8582,5010,8582,678,8582,55,8582,1,8582,1,9231,3,1.0293398999783676
5,4,,2026-07-30T14:04:35.351566,105961,8403,4929,8403,630,8403,46,8403,2,8403,1,9352,4,1.0289484999957494
5,4,,2026-07-30T14:04:36.379494,106178,8384,4919,8384,689,8384,51,8384,2,8384,1,9331,5,1.0276578999764752
5,4,,2026-07-30T14:04:37.406476,105373,8491,5008,8491,669,8491,51,8491,2,8491,1,9342,10,1.0267729999904986
5,4,,2026-07-30T14:04:38.436280,106126,8278,4901,8278,648,8278,36,8278,1,8278,3,9293,1,1.0294538000016473
5,4,,2026-07-30T14:04:39.464528,106673,8358,4968,8358,606,8358,40,8358,1,8358,2,9260,2,1.0280498000211082
5,4,,2026-07-30T14:04:40.493674,105979,8325,4906,8325,677,8325,46,8325,4,8325,1,9269,2,1.0289485000248533
5,4,,2026-07-30T14:04:41.522686,105868,8456,4923,8456,667,8456,39,8456,4,8456,1,9411,6,1.0288351000053808
5,4,,2026-07-30T14:04:42.551762,106117,8533,4857,8533,678,8533,51,8533,3,8533,1,9295,1,1.0286936000047717
5,4,,2026-07-30T14:04:43.580760,106019,8295,4869,8295,630,8295,40,8295,2,8295,1,9311,0,1.0286490000144113
5,4,,2026-07-30T14:04:44.608921,106260,8348,4831,8348,657,8348,47,8348,2,8348,3,9269,3,1.0277539999806322
5,4,,2026-07-30T14:04:45.639097,106525,8402,4946,8402,664,8402,47,8402,2,8402,1,9341,1,1.0296549999911804
5,4,,2026-07-30T14:04:46.669584,106438,8341,4799,8341,650,8341,51,8341,3,8341,4,9455,5,1.0300866000179667
5,4,,2026-07-30T14:04:47.699243,106336,8328,4812,8328,694,8328,49,8328,1,8328,1,9366,6,1.0292665000015404
5,4,,2026-07-30T14:04:48.727110,105583,8265,4913,8265,620,8265,31,8265,2,8265,1,9147,3,1.0274948000151198
5,4,,2026-07-30T14:04:49.755206,106026,8348,4944,8348,681,8348,24,8348,1,8348,3,9063,4,1.0279234999907203
5,4,,2026-07-30T14:04:50.783634,106233,8439,4953,8439,646,8439,36,8439,3,8439,2,9169,2,1.028087399987271
5,4,,2026-07-30T14:04:51.811647,106068,8539,5028,8539,617,8539,46,8539,5,8539,0,9076,0,1.027750700013712
5,4,,2026-07-30T14:04:52.840714,106829,8305,4841,8305,681,8305,44,8305,3,8305,3,9177,3,1.028703999996651
5,4,,2026-07-30T14:04:53.868211,106216,8524,4977,8524,626,8524,44,8524,0,8524,1,9329,5,1.0271629999915604
5,4,,2026-07-30T14:04:54.897005,106173,8305,4937,8305,621,8305,44,8305,4,8305,1,9543,3,1.0285825000028126
5,4,,2026-07-30T14:04:55.926649,106479,8282,4844,8282,647,8282,51,8282,0,8282,1,9157,3,1.0293102999858093
5,4,,2026-07-30T14:04:56.955002,106072,8474,4853,8474,666,8474,32,8474,1,8474,0,9400,1,1.0281061000132468
5,4,,2026-07-30T14:04:57.984518,106711,8459,4898,8459,644,8459,45,8459,0,8459,0,9358,2,1.0292697999975644
5,4,,2026-07-30T14:04:59.014916,106635,8458,4920,8458,666,8458,34,8458,3,8458,3,9331,4,1.0301504000090063
5,4,,2026-07-30T14:05:00.044088,106222,8485,4980,8485,670,8485,35,8485,1,8485,2,9332,3,1.0287899000104517
5,4,,2026-07-30T14:05:01.073953,106436,8569,5012,8569,615,8569,36,8569,0,8569,2,9304,3,1.0295220999978483
5,4,,2026-07-30T14:05:02.104211,106794,8589,5041,8589,695,8589,36,8589,2,8589,0,9193,2,1.0299144000164233
5,4,,2026-07-30T14:05:03.133252,106240,8268,4792,8268,636,8268,53,8268,1,8268,0,9304,1,1.0284312999865506
5,4,,2026-07-30T14:05:04.161370,106018,8509,4986,8509,662,8509,47,8509,3,8509,2,9253,1,1.0275593999831472
5,4,,2026-07-30T14:05:05.191877,106440,8451,4994,8451,646,8451,38,8451,2,8451,0,9249,0,1.03019660001155
5,4,,2026-07-30T14:05:06.219804,106038,8588,5066,8588,694,8588,34,8588,2,8588,0,9382,1,1.0275372999894898
5,4,,2026-07-30T14:05:07.247303,106034,8391,4841,8391,682,8391,46,8391,2,8391,4,9431,2,1.0272267999826
5,4,,2026-07-30T14:05:08.275350,105891,8481,5057,8481,631,8481,28,8481,5,8481,3,9329,3,1.0278185000061058
5,4,,2026-07-30T14:05:09.303538,106468,8478,4909,8478,647,8478,37,8478,1,8478,1,9401,2,1.0279209000000264
5,4,,2026-07-30T14:05:10.331054,106423,8536,4975,8536,691,8536,49,8536,1,8536,1,9199,1,1.027201300021261
5,4,,2026-07-30T14:05:11.358394,106333,8301,4878,8301,615,8301,45,8301,0,8301,0,9155,3,1.0270670999889262
5,4,,2026-07-30T14:05:12.386034,106133,8385,4947,8385,587,8385,52,8385,1,8385,0,9487,4,1.0273515000008047
5,4,,2026-07-30T14:05:13.413253,106187,8484,4898,8484,683,8484,38,8484,4,8484,2,9277,7,1.026926699996693
5,4,,2026-07-30T14:05:14.440442,106285,8378,4832,8378,642,8378,45,8378,1,8378,0,9228,0,1.0269256999890786
5,4,,2026-07-30T14:05:15.470201,106510,8471,4941,8471,660,8471,43,8471,1,8471,2,9263,4,1.0293744999798946
5,4,,2026-07-30T14:05:16.500817,106809,8304,4687,8304,662,8304,37,8304,1,8304,2,9322,5,1.0303115999849979
5,4,,2026-07-30T14:05:17.528462,106344,8469,4913,8469,659,8469,46,8469,1,8469,2,9436,1,1.0272962000162806
5,4,,2026-07-30T14:05:18.555601,105762,8578,4957,8578,692,8578,43,8578,1,8578,1,9094,5,1.02675590000581
5,4,,2026-07-30T14:05:19.582718,106052,8420,4862,8420,669,8420,32,8420,5,8420,2,9339,0,1.0267175000044517
5,4,,2026-07-30T14:05:20.611270,105445,8356,4938,8356,657,8356,40,8356,0,8356,0,9338,4,1.0282764000003226
5,4,,2026-07-30T14:05:21.639217,106439,8440,4889,8440,661,8440,44,8440,1,8440,0,9197,4,1.0276316000090446
5,4,,2026-07-30T14:05:22.667133,106002,8566,5005,8566,669,8566,38,8566,1,8566,3,9332,5,1.0275515999819618
5,4,,2026-07-30T14:05:23.696233,106341,8405,4918,8405,642,8405,52,8405,3,8405,0,9342,1,1.0287955999956466
5,4,,2026-07-30T14:05:24.724629,106715,8451,4936,8451,687,8451,39,8451,2,8451,2,9268,3,1.0280749000085052
5,4,,2026-07-30T14:05:25.754806,105633,8211,4768,8211,634,8211,38,8211,4,8211,1,9228,3,1.0297690999868792
5,4,,2026-07-30T14:05:26.784620,106182,8456,4873,8456,615,8456,41,8456,2,8456,1,9307,4,1.029581800015876
5,4,,2026-07-30T14:05:27.813218,106555,8486,4940,8486,686,8486,43,8486,2,8486,1,9261,2,1.028206000017235
5,4,,2026-07-30T14:05:28.841865,106220,8516,4909,8516,680,8516,30,8516,0,8516,4,9372,0,1.0282164000091143
5,4,,2026-07-30T14:05:29.870114,105804,8532,5008,8532,664,8532,54,8532,1,8532,3,9349,4,1.0280005999957211
5,4,,2026-07-30T14:05:30.899560,105824,8313,4809,8313,648,8313,48,8313,3,8313,2,9341,2,1.0290210999955889
5,4,,2026-07-30T14:05:31.930542,105878,8397,4858,8397,665,8397,43,8397,3,8397,1,9175,2,1.0305445000121836
5,4,,2026-07-30T14:05:32.960904,106540,8585,5000,8585,685,8585,39,8585,3,8585,1,9493,6,1.0299369000131264
5,4,,2026-07-30T14:05:33.990452,106896,8605,4956,8605,697,8605,44,8605,3,8605,2,9357,2,1.029196999996202
5,4,,2026-07-30T14:05:35.019493,105955,8354,4823,8354,642,8354,60,8354,2,8354,5,9304,3,1.0287638000154402
5,4,,2026-07-30T14:05:36.048756,106277,8456,4943,8456,619,8456,38,8456,2,8456,0,9275,0,1.0288569999975152
5,4,,2026-07-30T14:05:37.078490,106220,8478,4962,8478,639,8478,36,8478,1,8478,1,9203,1,1.029331199999433
5,4,,2026-07-30T14:05:38.107670,105712,8457,4928,8457,649,8457,43,8457,2,8457,0,9204,2,1.0288109999964945
5,4,,2026-07-30T14:05:39.137634,106213,8345,4821,8345,668,8345,47,8345,2,8345,1,9211,3,1.0296120999846607
5,4,,2026-07-30T14:05:40.167191,106590,8360,4827,8360,627,8360,38,8360,0,8360,3,9289,0,1.0292617999948561
5,4,,2026-07-30T14:05:41.198393,106403,8429,4914,8429,631,8429,50,8429,1,8429,1,9293,5,1.030934900016291
5,4,,2026-07-30T14:05:42.227310,106885,8373,4797,8373,704,8373,47,8373,2,8373,1,9402,4,1.0284956000105012
5,4,,2026-07-30T14:05:43.255900,105715,8353,4833,8353,664,8353,32,8353,1,8353,1,9322,2,1.0282601999933831
5,4,,2026-07-30T14:05:44.287415,106068,8440,4934,8440,671,8440,37,8440,1,8440,1,9493,4,1.0312009000044782
5,4,,2026-07-30T14:05:45.316235,106572,8531,4978,8531,676,8531,24,8531,1,8531,0,9302,4,1.028469499986386
5,4,,2026-07-30T14:05:46.346426,106136,8353,4751,8353,695,8353,43,8353,1,8353,0,9264,2,1.0299181999871507
5,4,,2026-07-30T14:05:47.375993,106563,8319,4813,8319,656,8319,39,8319,1,8319,0,9265,2,1.0291938000009395
5,4,,2026-07-30T14:05:48.405508,105847,8476,4996,8476,652,8476,34,8476,2,8476,2,9270,2,1.0291230999864638
5,4,,2026-07-30T14:05:49.434815,106515,8426,4922,8426,674,8426,40,8426,4,8426,0,9206,2,1.0289378000015859
5,4,,2026-07-30T14:05:50.464748,106993,8512,4984,8512,676,8512,48,8512,4,8512,1,9202,2,1.0295045000093523
5,4,,2026-07-30T14:05:51.492962,105604,8335,4838,8335,673,8335,40,8335,3,8335,3,9468,5,1.0278944999736268
5,4,,2026-07-30T14:05:52.522527,106082,8334,4888,8334,601,8334,39,8334,1,8334,3,9355,4,1.0291727999865543
5,4,,2026-07-30T14:05:53.551824,106424,8338,4878,8339,640,8339,43,8339,2,8339,0,9310,1,1.0287900000112131
5,4,,2026-07-30T14:05:54.581244,106419,8521,4895,8520,681,8520,43,8520,1,8520,0,9225,2,1.02905459998874
5,4,,2026-07-30T14:05:55.611675,105766,8194,4784,8194,666,8194,30,8194,1,8194,0,9289,3,1.029928000003565
5,4,,2026-07-30T14:05:56.642575,106299,8405,4825,8405,678,8405,42,8405,3,8405,2,9240,1,1.0306178000173531
5,4,,2026-07-30T14:05:57.673864,105944,8421,4858,8421,656,8421,37,8421,0,8421,2,9468,4,1.0307662999839522
5,4,,2026-07-30T14:05:58.702587,106862,8527,4895,8527,727,8527,31,8527,3,8527,0,9503,5,1.028350100008538
5,4,,2026-07-30T14:05:59.731990,105620,8390,4931,8390,616,8390,33,8390,1,8390,3,9306,3,1.0290203000186011
5,4,,2026-07-30T14:06:00.761262,106294,8357,4878,8357,635,8357,37,8357,1,8357,0,9292,3,1.0288677999924403
5,4,,2026-07-30T14:06:01.790861,106333,8524,5006,8524,689,8524,49,8524,2,8524,0,9323,2,1.0291897999995854
5,4,,2026-07-30T14:06:02.819212,105911,8157,4767,8157,626,8157,41,8157,1,8157,0,9190,1,1.0279791999782901
5,4,,2026-07-30T14:06:03.846524,106744,8375,4900,8375,658,8375,36,8375,5,8375,1,9287,2,1.026912800007267
5,4,,2026-07-30T14:06:04.875977,106468,8376,4875,8376,642,8376,24,8376,0,8376,2,9274,1,1.0290179000003263
5,4,,2026-07-30T14:06:05.905335,106283,8563,4957,8563,641,8563,52,8563,0,8563,1,9185,8,1.0289374999993015
5,4,,2026-07-30T14:06:06.932755,105906,8453,4946,8453,642,8453,44,8453,0,8453,1,9347,2,1.0270741999847814
5,4,,2026-07-30T14:06:07.962614,106304,8560,5046,8560,640,8560,54,8560,0,8560,1,9091,3,1.0295220999978483
5,4,,2026-07-30T14:06:08.991880,106263,8488,4918,8488,659,8488,34,8488,1,8488,0,9299,5,1.0288165000092704
5,4,,2026-07-30T14:06:10.021100,106282,8455,4895,8455,692,8455,48,8455,1,8455,2,9208,3,1.0288657000055537
5,4,,2026-07-30T14:06:11.049975,106329,8374,4905,8374,674,8374,44,8374,0,8374,1,9247,3,1.0286385999934282
5,4,,2026-07-30T14:06:12.079506,105837,8349,4780,8349,659,8349,30,8349,2,8349,1,9286,6,1.0290912999771535
5,4,,2026-07-30T14:06:13.110549,105261,8392,4932,8392,660,8392,34,8392,2,8392,0,9391,3,1.0306278000061866
5,4,,2026-07-30T14:06:14.140369,106646,8595,5061,8595,623,8595,43,8595,4,8595,2,9161,7,1.0294387000030838
5,4,,2026-07-30T14:06:15.168441,106121,8562,4944,8562,672,8562,40,8562,2,8562,1,9273,3,1.0276989999983925
5,4,,2026-07-30T14:06:16.195919,106220,8351,4899,8351,652,8351,44,8351,3,8351,2,9279,3,1.0272818999947049
5,4,,2026-07-30T14:06:17.223286,105810,8423,4932,8423,654,8423,40,8423,3,8423,2,9219,2,1.0268236999982037
5,4,,2026-07-30T14:06:18.253025,105340,8334,4782,8334,645,8334,43,8334,2,8334,1,9328,0,1.0294159000040963
5,4,,2026-07-30T14:06:19.281792,106209,8340,4883,8340,625,8340,38,8340,3,8340,1,9373,3,1.028401000017766
5,4,,2026-07-30T14:06:20.310074,106122,8442,4970,8442,663,8442,46,8442,4,8442,2,9297,1,1.027820499992231
5,4,,2026-07-30T14:06:21.340541,105640,8317,4803,8317,697,8317,39,8317,2,8317,2,9299,1,1.0300866999896243
5,4,,2026-07-30T14:06:22.370458,106252,8580,5109,8580,614,8580,35,8580,6,8580,3,9457,5,1.0294159000040963
5,4,,2026-07-30T14:06:23.398740,106472,8512,4902,8512,639,8512,47,8512,1,8512,0,9209,0,1.027877799991984
5,4,,2026-07-30T14:06:24.426592,106153,8469,4928,8469,610,8469,50,8469,2,8469,1,9146,4,1.0276054000132717
5,4,,2026-07-30T14:06:25.455283,106323,8488,4987,8488,692,8488,26,8488,2,8488,0,9285,3,1.02825929998653
5,4,,2026-07-30T14:06:26.484193,105895,8425,4952,8425,603,8425,47,8425,1,8425,3,9343,2,1.0285119999898598
5,4,,2026-07-30T14:06:27.514312,105751,8520,4910,8520,652,8520,40,8520,2,8521,2,9285,1,1.0297457999840844
5,4,,2026-07-30T14:06:28.542888,105639,8239,4838,8239,605,8239,43,8239,1,8238,0,9206,1,1.0283300000010058
5,4,,2026-07-30T14:06:29.573162,106385,8547,4963,8547,680,8547,44,8547,1,8547,1,9242,3,1.029847300000256
5,4,,2026-07-30T14:06:30.602857,106342,8390,4873,8390,654,8390,58,8390,2,8390,2,9459,2,1.0293762999936007
5,4,,2026-07-30T14:06:31.630146,106273,8372,4856,8372,666,8372,57,8372,0,8372,0,9422,4,1.0269405999861192
5,4,,2026-07-30T14:06:32.659502,106201,8413,4865,8413,675,8413,49,8413,2,8413,0,9255,6,1.0289455000020098
5,4,,2026-07-30T14:06:33.687770,106577,8435,4966,8435,663,8435,38,8435,1,8435,0,9480,2,1.027995699987514
5,4,,2026-07-30T14:06:34.715065,105193,8436,4852,8436,669,8436,41,8436,1,8436,2,9265,2,1.027054300007876
5,4,,2026-07-30T14:06:35.743013,105937,8359,4872,8359,610,8359,36,8359,1,8359,0,9245,1,1.0276815999823157
5,4,,2026-07-30T14:06:36.770954,105614,8466,4975,8466,682,8466,26,8466,3,8466,1,9211,2,1.0275563999894075
5,4,,2026-07-30T14:06:37.798615,106054,8370,4870,8370,621,8370,41,8370,2,8370,1,9191,2,1.0273523000068963
5,4,,2026-07-30T14:06:38.825704,105846,8508,4978,8508,634,8508,36,8508,0,8508,1,9233,4,1.0267520999768749
5,4,,2026-07-30T14:06:39.856051,106283,8495,5097,8495,694,8495,37,8495,1,8495,0,9312,3,1.0301506999821868
5,4,,2026-07-30T14:06:40.883281,105922,8567,5055,8567,649,8567,47,8567,2,8567,2,9306,3,1.0268129000032786
5,4,,2026-07-30T14:06:41.913081,106454,8327,4822,8327,695,8327,35,8327,2,8327,0,9353,1,1.0294147999957204
5,4,,2026-07-30T14:06:42.942791,105521,8318,4926,8318,615,8318,44,8318,1,8318,0,9240,2,1.0294324999849778
5,4,,2026-07-30T14:06:43.973010,106083,8434,4879,8434,688,8434,46,8434,2,8434,0,9372,5,1.0298623999988195
5,4,,2026-07-30T14:06:45.003628,106411,8369,4840,8369,660,8369,41,8369,4,8369,1,9474,3,1.0302217000280507
5,4,,2026-07-30T14:06:46.032215,106661,8508,4969,8508,709,8508,40,8508,1,8508,2,9336,1,1.0281758999917656
5,4,,2026-07-30T14:06:47.061332,105626,8361,4834,8361,631,8361,36,8361,2,8361,1,9125,1,1.0287423999980092
5,4,,2026-07-30T14:06:48.092374,105933,8433,4924,8433,616,8433,39,8433,2,8433,3,9184,4,1.0306863999867346
5,4,,2026-07-30T14:06:49.122308,106451,8499,4978,8499,680,8499,47,8499,2,8499,3,9177,5,1.0295231999771204
5,4,,2026-07-30T14:06:50.152202,106404,8351,4921,8351,693,8351,39,8351,0,8351,3,9450,2,1.0293796999903861
5,4,,2026-07-30T14:06:51.181696,105316,8215,4750,8215,640,8215,43,8215,2,8215,0,9250,2,1.0291407000040635
5,4,,2026-07-30T14:06:52.212426,106519,8587,4897,8587,698,8587,51,8587,2,8587,1,9453,3,1.0304023000062443
5,4,,2026-07-30T14:06:53.242623,106326,8443,4951,8443,657,8443,35,8443,1,8443,0,9273,2,1.0298833999841008
5,4,,2026-07-30T14:06:54.271802,105992,8244,4745,8244,656,8244,40,8244,1,8244,1,9262,2,1.0287710999837145
5,4,,2026-07-30T14:06:55.301129,105343,8405,4854,8405,703,8405,42,8405,3,8405,1,9310,2,1.0289157999795862
5,4,,2026-07-30T14:06:56.331701,106426,8518,4963,8518,671,8518,33,8518,2,8518,1,9213,5,1.03005089997896
5,4,,2026-07-30T14:06:57.362086,106094,8512,4884,8512,676,8512,43,8512,0,8512,2,9422,4,1.0299752999853808
5,4,,2026-07-30T14:06:58.391298,106248,8538,4961,8538,644,8538,33,8538,2,8538,1,9300,1,1.0288483000185806
5,4,,2026-07-30T14:06:59.420795,105821,8571,4970,8571,684,8572,39,8572,3,8572,1,9233,1,1.029209800006356
5,4,,2026-07-30T14:07:00.450379,106242,8518,4915,8518,686,8517,51,8517,1,8517,1,9185,6,1.0292301999870688
5,4,,2026-07-30T14:07:01.480769,105838,8355,4873,8355,672,8355,41,8355,1,8355,0,9284,3,1.030054700007895
5,4,,2026-07-30T14:07:02.510621,106550,8440,4946,8440,688,8440,38,8440,1,8440,0,9334,2,1.02954960000352
5,4,,2026-07-30T14:07:03.542280,106248,8509,4903,8509,686,8509,35,8509,0,8509,1,9302,2,1.0311337999883108
5,4,,2026-07-30T14:07:04.570129,106421,8440,4820,8440,652,8440,44,8440,1,8440,0,9315,8,1.0274811999988742
5,4,,2026-07-30T14:07:05.597402,105903,8411,5033,8411,647,8411,38,8411,3,8411,1,9249,1,1.0270375999971293
5,4,,2026-07-30T14:07:06.624936,105891,8394,4791,8394,644,8394,43,8394,2,8394,1,9215,2,1.0271582000132184
5,4,,2026-07-30T14:07:07.653333,106053,8548,4940,8548,674,8548,53,8548,1,8548,3,9242,2,1.028012700000545
5,4,,2026-07-30T14:07:08.681912,106391,8500,4981,8500,683,8500,44,8500,3,8500,0,9340,1,1.028214800026035
5,4,,2026-07-30T14:07:09.710815,106332,8401,4885,8401,674,8401,49,8401,4,8401,0,9425,2,1.0285845000180416
5,4,,2026-07-30T14:07:10.740642,106483,8363,4917,8363,651,8363,29,8363,1,8363,1,9530,1,1.0293909000174608
5,4,,2026-07-30T14:07:11.771375,106084,8378,4930,8378,640,8378,40,8378,2,8378,0,9170,2,1.030163299990818
5,4,,2026-07-30T14:07:12.800580,106629,8344,4843,8344,653,8344,40,8344,1,8344,2,9276,2,1.028726699994877
5,4,,2026-07-30T14:07:13.830981,106015,8436,4932,8436,700,8436,36,8436,2,8436,0,9307,2,1.029852600011509
5,4,,2026-07-30T14:07:14.859871,105828,8477,4985,8477,651,8477,39,8477,4,8477,1,9282,6,1.0284414000052493
5,4,,2026-07-30T14:07:15.889089,105899,8254,4850,8254,649,8254,38,8254,1,8254,1,9533,4,1.0288754000212066
5,4,,2026-07-30T14:07:16.918585,106253,8524,5001,8524,658,8524,61,8524,1,8524,1,9253,2,1.0291390999918804
5,4,,2026-07-30T14:07:17.948462,106057,8418,4940,8418,664,8418,49,8418,3,8418,0,9185,4,1.029417600017041
5,4,,2026-07-30T14:07:18.978684,106086,8258,4729,8258,624,8258,34,8258,2,8258,4,9186,2,1.0298780000011902
5,4,,2026-07-30T14:07:20.008591,105709,8300,4839,8300,636,8300,44,8300,3,8300,2,9204,5,1.029499800002668
5,4,,2026-07-30T14:07:21.037503,105908,8374,4882,8374,664,8374,50,8374,0,8374,1,9363,1,1.0285562999779359
5,4,,2026-07-30T14:07:22.066121,106070,8401,4937,8401,654,8401,39,8401,1,8401,0,9322,2,1.0282338999968488
5,4,,2026-07-30T14:07:23.095181,105740,8514,4951,8514,665,8514,34,8514,3,8514,5,9243,2,1.0288235999760218
5,4,,2026-07-30T14:07:24.124796,105668,8290,4779,8290,643,8290,51,8290,1,8290,0,9279,1,1.029250999999931
5,4,,2026-07-30T14:07:25.155401,106446,8430,4859,8430,644,8430,46,8430,3,8430,2,9359,7,1.0301809000084177
5,4,,2026-07-30T14:07:26.185236,106300,8316,4906,8316,633,8316,41,8316,1,8316,0,9342,4,1.0292819000023883
5,4,,2026-07-30T14:07:27.214733,106138,8484,4938,8484,663,8484,46,8484,4,8484,1,9353,4,1.029081699991366
5,4,,2026-07-30T14:07:28.244488,106450,8513,4924,8513,694,8513,41,8513,0,8513,0,9336,1,1.0293826000124682
5,4,,2026-07-30T14:07:29.274394,106179,8564,5069,8564,632,8564,52,8564,0,8564,0,9196,3,1.029449299996486
5,4,,2026-07-30T14:07:30.303844,105842,8354,4773,8354,710,8354,44,8354,1,8354,3,9234,1,1.0290257000015117
5,4,,2026-07-30T14:07:31.336346,106361,8400,4868,8400,644,8400,53,8400,1,8400,3,9186,3,1.0319874999986496
5,4,,2026-07-30T14:07:32.366496,106507,8440,4964,8440,605,8440,39,8440,1,8440,0,9314,2,1.0297501999884844
5,4,,2026-07-30T14:07:33.395794,105940,8317,4925,8317,640,8317,37,8317,1,8317,2,9407,3,1.0289329999941401
5,4,,2026-07-30T14:07:34.425273,106100,8396,4890,8396,652,8396,37,8396,2,8396,1,9328,1,1.0290634999983013
5,4,,2026-07-30T14:07:35.454881,105559,8470,4993,8470,651,8470,44,8470,4,8470,1,9138,2,1.0292361000028905
5,4,,2026-07-30T14:07:36.484468,105563,8448,5036,8448,613,8448,40,8448,2,8448,1,9290,3,1.0292705000028946
5,4,,2026-07-30T14:07:37.513713,106369,8519,4995,8519,654,8519,38,8519,3,8519,1,9331,3,1.028797000006307
5,4,,2026-07-30T14:07:38.543353,106149,8415,4975,8415,623,8415,40,8415,1,8415,1,9403,1,1.029267500009155
5,4,,2026-07-30T14:07:39.573870,106037,8447,4914,8447,649,8447,47,8447,0,8447,1,9200,4,1.0302073000057135
5,4,,2026-07-30T14:07:40.602341,105880,8355,4866,8355,649,8355,39,8355,1,8355,1,9165,4,1.0279657000210136
5,4,,2026-07-30T14:07:41.631847,105912,8343,4884,8343,663,8343,32,8343,2,8343,0,9300,5,1.0291749000025447
5,4,,2026-07-30T14:07:42.664148,106337,8348,4841,8348,643,8348,30,8348,0,8348,3,9190,4,1.0318282000080217
5,4,,2026-07-30T14:07:43.692569,106116,8333,4900,8333,642,8333,37,8333,0,8333,5,9264,2,1.027942399989115
5,4,,2026-07-30T14:07:44.722271,105506,8514,4931,8514,669,8514,41,8514,1,8514,1,9451,1,1.029204899998149
5,4,,2026-07-30T14:07:45.751613,106178,8264,4868,8264,624,8264,40,8264,1,8264,1,9445,4,1.0289610000036191
5,4,,2026-07-30T14:07:46.781143,105713,8376,4884,8376,628,8376,44,8376,1,8376,1,9222,4,1.0291613999870606
5,4,,2026-07-30T14:07:47.810295,106133,8525,4997,8525,657,8525,30,8525,0,8525,0,9221,1,1.0288009000068996
5,4,,2026-07-30T14:07:48.839701,106038,8581,4977,8581,669,8581,35,8581,2,8581,2,9307,5,1.0289682000002358
5,4,,2026-07-30T14:07:49.867625,106252,8436,4940,8436,666,8436,38,8436,0,8436,0,9376,4,1.027483799989568
5,4,,2026-07-30T14:07:50.896799,105940,8610,5060,8610,695,8610,42,8610,4,8610,3,9302,3,1.028894199989736
5,4,,2026-07-30T14:07:51.925576,106136,8515,5010,8515,609,8515,42,8515,3,8515,2,9425,1,1.0284146000049077
5,4,,2026-07-30T14:07:52.955186,105228,8305,4789,8305,647,8305,42,8305,3,8305,2,9356,2,1.0292102000094019
5,4,,2026-07-30T14:07:53.984488,105908,8281,4878,8281,625,8281,47,8281,2,8281,1,9245,1,1.0289805999782402
5,4,,2026-07-30T14:07:55.013811,106088,8469,4944,8469,672,8469,41,8469,2,8469,1,9401,1,1.028943099983735
5,4,,2026-07-30T14:07:56.044421,106116,8351,4896,8351,612,8351,44,8351,0,8351,1,9410,1,1.0302436000201851
5,4,,2026-07-30T14:07:57.074529,105985,8586,5000,8586,670,8586,39,8586,2,8586,2,9233,2,1.0295796999998856
5,4,,2026-07-30T14:07:58.104307,106351,8441,4936,8441,641,8441,30,8441,2,8441,0,9403,5,1.0294184999947902
5,4,,2026-07-30T14:07:59.133458,104886,8504,4969,8504,647,8504,28,8504,2,8504,0,9320,3,1.0288160000054631
5,4,,2026-07-30T14:08:00.162984,105477,8385,4956,8385,655,8385,43,8385,1,8385,1,9319,5,1.0291077000147197
5,4,,2026-07-30T14:08:01.191928,106087,8574,4959,8574,680,8574,39,8574,1,8574,0,9373,2,1.0284255000005942
5,4,,2026-07-30T14:08:02.221368,106405,8464,4954,8464,681,8464,37,8464,3,8464,2,9014,2,1.0290980999998283
5,4,,2026-07-30T14:08:03.251180,106084,8510,5005,8510,659,8510,43,8510,1,8510,1,9193,2,1.0294786999875214
5,4,,2026-07-30T14:08:04.281243,105755,8367,4929,8367,676,8367,38,8367,1,8367,3,9268,1,1.0296411000017542
5,4,,2026-07-30T14:08:05.310706,105641,8430,4897,8430,650,8430,37,8430,2,8430,1,9196,2,1.0290449000021908
5,4,,2026-07-30T14:08:06.339364,106077,8439,4845,8439,667,8439,40,8439,1,8439,1,9404,2,1.0282593999872915
5,4,,2026-07-30T14:08:07.368752,105488,8318,4861,8318,658,8318,32,8318,3,8318,0,9179,2,1.0290374000032898
5,4,,2026-07-30T14:08:08.398010,106320,8404,4842,8404,683,8404,36,8404,2,8404,0,9258,4,1.028921299992362
5,4,,2026-07-30T14:08:09.427471,105837,8288,4870,8288,645,8288,41,8288,1,8288,0,9155,2,1.0291293000045698
5,4,,2026-07-30T14:08:10.457498,105923,8419,4950,8419,659,8419,46,8419,2,8419,2,9230,2,1.0296110000053886
5,4,,2026-07-30T14:08:11.487836,106367,8557,4999,8557,648,8557,39,8557,1,8557,1,9263,2,1.029859200003557
5,4,,2026-07-30T14:08:12.518265,105851,8391,4827,8391,658,8391,52,8391,3,8391,1,9188,3,1.029887200013036
5,4,,2026-07-30T14:08:13.548117,105861,8336,4871,8336,699,8336,36,8336,2,8336,2,9076,1,1.0295208999887109
5,4,,2026-07-30T14:08:14.577880,105355,8513,4948,8513,663,8513,42,8513,2,8513,1,9242,2,1.0293221999891102
5,4,,2026-07-30T14:08:15.608200,106187,8350,4850,8350,668,8350,37,8350,1,8350,0,9273,2,1.0299682000186294
5,4,,2026-07-30T14:08:16.638100,105884,8502,5006,8502,658,8502,48,8502,1,8502,2,9343,2,1.02954960000352
5,4,,2026-07-30T14:08:17.667914,105751,8417,4865,8417,686,8417,45,8417,0,8417,1,9320,4,1.029423100000713
5,4,,2026-07-30T14:08:18.697974,105983,8528,4932,8528,666,8528,38,8528,2,8528,2,9287,2,1.0297269000147935
5,5,,2026-07-30T14:08:31.200605,105184,8088,4572,8088,687,8088,59,8088,3,8088,2,9142,2,1.0290602000022773
5,5,,2026-07-30T14:08:32.229055,105821,8228,4662,8228,669,8228,63,8228,3,8228,2,9257,3,1.028125100012403
5,5,,2026-07-30T14:08:33.257832,105818,8090,4617,8090,672,8090,58,8090,2,8090,1,9377,5,1.0283691000076942
5,5,,2026-07-30T14:08:34.287182,106039,8244,4700,8244,700,8244,50,8244,4,8244,1,9246,2,1.0290762000076938
5,5,,2026-07-30T14:08:35.316892,105692,8223,4681,8223,689,8223,66,8223,3,8223,0,9222,3,1.0292880000197329
5,5,,2026-07-30T14:08:36.345178,105957,8244,4636,8244,680,8244,52,8244,7,8244,0,9319,2,1.027928499999689
5,5,,2026-07-30T14:08:37.374940,106026,8227,4670,8227,704,8227,52,8227,5,8227,1,9259,2,1.0294381999992765
5,5,,2026-07-30T14:08:38.403759,106369,8288,4730,8288,699,8288,55,8288,10,8288,0,9331,2,1.0284514999948442
5,5,,2026-07-30T14:08:39.432703,105891,8077,4629,8077,718,8077,52,8077,6,8077,1,9317,2,1.028556600009324
5,5,,2026-07-30T14:08:40.463641,106543,8181,4692,8181,727,8181,59,8181,4,8181,0,9341,2,1.0305248999793548
5,5,,2026-07-30T14:08:41.493087,106065,8148,4702,8148,693,8148,64,8148,4,8148,2,9243,1,1.0289138999942224
5,5,,2026-07-30T14:08:42.522178,105813,8306,4712,8306,701,8306,50,8306,9,8306,0,9345,2,1.0286234999948647
5,5,,2026-07-30T14:08:43.551504,105517,8196,4654,8196,693,8196,72,8196,5,8196,0,9348,4,1.0289122999820393
5,5,,2026-07-30T14:08:44.581958,105876,8036,4665,8036,680,8036,58,8036,3,8036,1,9248,3,1.0300616000022274
5,5,,2026-07-30T14:08:45.612766,106562,8101,4621,8101,691,8101,51,8101,2,8101,0,9142,1,1.0304545999970287
5,5,,2026-07-30T14:08:46.642876,105573,8146,4699,8146,695,8146,52,8146,5,8146,1,9256,2,1.0297192999860272
5,5,,2026-07-30T14:08:47.672553,105918,8133,4641,8133,740,8133,55,8133,5,8133,1,9374,1,1.029103100008797
5,5,,2026-07-30T14:08:48.702936,105613,8268,4695,8268,717,8268,55,8268,7,8268,1,9346,3,1.0299441000097431
5,5,,2026-07-30T14:08:49.735020,106335,8136,4737,8136,716,8136,56,8136,3,8136,1,9389,0,1.0317394000012428
5,5,,2026-07-30T14:08:50.763598,106022,8201,4732,8201,665,8201,78,8201,0,8201,1,9270,4,1.0280883999948855
5,5,,2026-07-30T14:08:51.792139,105453,8213,4667,8213,745,8213,53,8213,7,8213,0,9077,0,1.0282390000065789
5,5,,2026-07-30T14:08:52.821568,105252,8194,4743,8194,662,8194,55,8194,3,8194,1,9155,2,1.029094299999997
5,5,,2026-07-30T14:08:53.850467,106398,8373,4816,8373,692,8373,62,8373,4,8373,0,9283,2,1.0285314999928232
5,5,,2026-07-30T14:08:54.879179,105777,8303,4750,8303,684,8303,63,8304,0,8304,3,9232,1,1.0284113999805413
5,5,,2026-07-30T14:08:55.908007,106336,8028,4614,8028,679,8028,46,8027,3,8027,1,9324,3,1.0283829999971204
5,5,,2026-07-30T14:08:56.935759,106035,8039,4617,8039,698,8039,54,8039,6,8039,0,9259,1,1.0274780000036117
5,5,,2026-07-30T14:08:57.962332,105163,8328,4835,8328,708,8328,60,8328,4,8328,1,9181,2,1.0263076999981422
5,5,,2026-07-30T14:08:58.990769,105667,8211,4671,8211,671,8211,49,8211,5,8211,0,9382,3,1.0282967000093777
5,5,,2026-07-30T14:09:00.019556,105398,8301,4763,8301,690,8301,55,8301,1,8301,2,9225,0,1.0284119000134524
5,5,,2026-07-30T14:09:01.048239,105878,8142,4633,8142,717,8142,62,8142,6,8142,2,9150,7,1.0284541000146419
5,5,,2026-07-30T14:09:02.077280,105404,8048,4631,8048,677,8048,55,8048,3,8048,3,9239,2,1.028798299987102
5,5,,2026-07-30T14:09:03.107020,106375,8328,4782,8328,671,8328,67,8328,8,8328,1,9106,1,1.0292899000050966
5,5,,2026-07-30T14:09:04.136777,106109,8207,4670,8207,622,8207,50,8207,4,8207,0,9284,4,1.0294496999995317
5,5,,2026-07-30T14:09:05.166499,105122,8231,4783,8231,717,8231,47,8231,1,8231,0,9225,4,1.0295435000152793
5,5,,2026-07-30T14:09:06.196207,105332,8115,4594,8115,684,8115,66,8115,3,8115,1,9302,2,1.0292821000039112
5,5,,2026-07-30T14:09:07.225187,105753,8215,4739,8215,647,8215,56,8215,2,8215,2,9241,2,1.0285119000182021
5,5,,2026-07-30T14:09:08.254132,106000,8218,4755,8218,678,8218,62,8218,4,8218,0,9205,1,1.0286147000151686
5,5,,2026-07-30T14:09:09.283658,105856,8180,4693,8180,687,8180,53,8180,3,8180,3,9341,1,1.0290138999989722
5,5,,2026-07-30T14:09:10.312766,105983,7948,4574,7948,690,7948,53,7948,4,7948,2,9254,3,1.0287627000070643
5,5,,2026-07-30T14:09:11.341954,105456,8259,4768,8259,663,8259,61,8259,4,8259,0,9094,3,1.0288532999984454
5,5,,2026-07-30T14:09:12.370757,105701,8161,4553,8161,719,8161,69,8161,4,8161,1,9150,1,1.02843030000804
5,5,,2026-07-30T14:09:13.400214,105909,8140,4634,8140,714,8140,50,8140,4,8140,1,9116,2,1.0290997000120115
5,5,,2026-07-30T14:09:14.430180,105713,8075,4608,8075,679,8075,46,8075,4,8075,2,9206,4,1.0294462000019848
5,5,,2026-07-30T14:09:15.459096,105638,8112,4675,8112,678,8112,49,8112,4,8112,1,9263,0,1.0285427999915555
5,5,,2026-07-30T14:09:16.488343,105644,8230,4697,8230,694,8230,37,8230,7,8230,0,9246,2,1.0287345999968238
5,5,,2026-07-30T14:09:17.518310,105702,8187,4709,8187,672,8187,62,8187,5,8187,0,9292,2,1.0295742000162136
5,5,,2026-07-30T14:09:18.547926,105914,8259,4709,8259,704,8259,57,8259,4,8259,2,9200,3,1.029241499985801
5,5,,2026-07-30T14:09:19.577674,106139,8167,4701,8167,698,8167,53,8167,3,8167,0,9189,0,1.0293031000182964
5,5,,2026-07-30T14:09:20.607781,105842,8215,4733,8215,719,8215,40,8215,7,8215,1,9325,4,1.029690399998799
5,5,,2026-07-30T14:09:21.636769,105747,8143,4696,8143,677,8143,54,8143,7,8143,2,9135,0,1.0285764000145718
5,5,,2026-07-30T14:09:22.667113,106087,8134,4620,8134,752,8134,56,8134,3,8134,0,9313,0,1.0297589999972843
5,5,,2026-07-30T14:09:23.696348,106417,8250,4770,8250,715,8250,63,8250,4,8250,0,9390,1,1.0287447000155225
5,5,,2026-07-30T14:09:24.726119,105879,8216,4671,8216,695,8216,66,8216,9,8216,1,9346,5,1.0293600000150036
5,5,,2026-07-30T14:09:25.756088,105703,8309,4765,8309,753,8309,55,8309,3,8309,2,9191,2,1.0295995000051335
5,5,,2026-07-30T14:09:26.786370,105784,8175,4627,8175,721,8175,59,8175,4,8175,1,9434,1,1.029924700007541
5,5,,2026-07-30T14:09:27.816630,105702,8130,4641,8130,664,8130,49,8130,5,8130,1,9388,1,1.0298920999921393
5,5,,2026-07-30T14:09:28.846599,105951,8120,4740,8120,697,8120,61,8120,6,8120,2,9509,1,1.0294100000173785
5,5,,2026-07-30T14:09:29.875874,105734,8135,4621,8135,688,8135,59,8135,4,8135,2,9202,2,1.0290030999749433
5,5,,2026-07-30T14:09:30.905545,105900,8220,4558,8220,692,8220,63,8220,5,8220,0,9190,3,1.0291662999952678
5,5,,2026-07-30T14:09:31.935646,106652,8115,4665,8115,695,8115,54,8115,3,8115,2,9396,1,1.02968839998357
5,5,,2026-07-30T14:09:32.964464,105926,8270,4763,8270,676,8270,56,8270,4,8270,1,9126,2,1.028472400008468
5,5,,2026-07-30T14:09:33.991064,105823,8261,4838,8261,679,8261,45,8261,3,8261,2,9172,2,1.0261987999838311
5,5,,2026-07-30T14:09:35.019863,105287,8208,4652,8208,695,8208,48,8208,4,8208,1,9365,4,1.0285379000124522
5,5,,2026-07-30T14:09:36.048305,105292,8096,4630,8096,671,8096,56,8096,2,8096,0,9267,3,1.0281507000036072
5,5,,2026-07-30T14:09:37.077077,105927,8164,4712,8164,646,8164,42,8164,7,8164,0,9379,2,1.0284968999912962
5,5,,2026-07-30T14:09:38.105231,105697,8230,4716,8230,701,8230,61,8230,5,8230,0,9048,1,1.027758400014136
5,5,,2026-07-30T14:09:39.134322,105987,8192,4653,8192,688,8192,63,8192,4,8192,1,9337,0,1.0287267999956384
5,5,,2026-07-30T14:09:40.164926,105802,8188,4724,8188,649,8188,55,8188,3,8188,1,9265,1,1.0302664000191726
5,5,,2026-07-30T14:09:41.194680,106307,8394,4827,8394,698,8394,52,8394,1,8394,1,9302,3,1.0292168000014499
5,5,,2026-07-30T14:09:42.224965,105726,8251,4679,8251,732,8251,64,8251,4,8251,1,9262,5,1.0298508999985643
5,5,,2026-07-30T14:09:43.254142,106119,8293,4709,8293,758,8293,60,8293,5,8293,0,9347,1,1.0288348000030965
5,5,,2026-07-30T14:09:44.284605,106161,8158,4594,8158,681,8158,67,8158,3,8158,3,9162,1,1.0299561999854632
5,5,,2026-07-30T14:09:45.313806,106448,8049,4657,8049,600,8049,58,8049,2,8049,2,9441,2,1.028768999996828
5,5,,2026-07-30T14:09:46.340690,105764,7977,4557,7977,722,7977,54,7977,3,7977,5,9231,3,1.0266781999962404
5,5,,2026-07-30T14:09:47.369119,105263,8234,4643,8234,704,8234,38,8234,4,8234,1,9322,2,1.0281634000129998
5,5,,2026-07-30T14:09:48.397800,105549,8262,4798,8262,690,8262,47,8262,6,8262,1,9430,0,1.0282960000040475
5,5,,2026-07-30T14:09:49.425451,105803,8056,4614,8056,683,8056,57,8056,4,8056,0,9226,3,1.027364799985662
5,5,,2026-07-30T14:09:50.454866,105952,8360,4748,8360,708,8360,53,8360,3,8360,3,9269,2,1.028997999994317
5,5,,2026-07-30T14:09:51.482800,105813,8230,4675,8230,748,8230,49,8230,6,8230,0,9327,3,1.0276104000222404
5,5,,2026-07-30T14:09:52.511661,105131,8169,4678,8169,669,8169,66,8169,3,8169,0,9043,1,1.0285382000147365
5,5,,2026-07-30T14:09:53.541032,105610,8030,4584,8030,704,8030,52,8030,5,8030,1,9346,3,1.0290841000096407
5,5,,2026-07-30T14:09:54.571936,106079,8380,4743,8380,714,8380,56,8380,3,8380,2,9390,5,1.0304662999988068
5,5,,2026-07-30T14:09:55.601813,106070,8043,4556,8043,700,8043,48,8043,10,8043,3,9473,0,1.0295730999787338
5,5,,2026-07-30T14:09:56.631753,105659,8152,4682,8152,692,8152,64,8152,3,8152,2,9292,1,1.0295113000029232
5,5,,2026-07-30T14:09:57.662990,105686,8097,4600,8097,691,8097,69,8097,1,8097,2,9449,0,1.030779699998675
5,5,,2026-07-30T14:09:58.691424,106097,8116,4631,8116,681,8116,64,8116,2,8116,0,9287,0,1.0279163000232074
5,5,,2026-07-30T14:09:59.720531,105282,8098,4686,8098,678,8098,72,8098,6,8098,1,9379,2,1.0287993999954779
5,5,,2026-07-30T14:10:00.750905,105709,8325,4748,8325,720,8325,50,8325,1,8325,1,9207,4,1.0300003000011202
5,5,,2026-07-30T14:10:01.780492,106116,8196,4662,8196,723,8196,50,8196,8,8196,2,9241,3,1.0292298000131268
5,5,,2026-07-30T14:10:02.809333,105734,8192,4655,8192,682,8192,64,8192,4,8192,3,9229,2,1.0284419000090566
5,5,,2026-07-30T14:10:03.837746,105860,8185,4699,8185,682,8185,53,8185,2,8185,1,9222,1,1.027889699995285
5,5,,2026-07-30T14:10:04.866145,106287,7953,4555,7953,672,7953,45,7953,3,7953,0,9317,2,1.028015999996569
5,5,,2026-07-30T14:10:05.893820,105633,8005,4521,8005,681,8005,55,8005,4,8005,1,9272,1,1.0272403999988455
5,5,,2026-07-30T14:10:06.923139,105199,8239,4667,8239,730,8239,62,8239,5,8239,3,9229,2,1.0290051999909338
5,5,,2026-07-30T14:10:07.951283,105459,8367,4804,8367,692,8367,47,8367,2,8367,1,9079,2,1.0277541000104975
5,5,,2026-07-30T14:10:08.980514,105749,8188,4702,8188,709,8188,46,8188,1,8188,0,9082,1,1.028976200002944
5,5,,2026-07-30T14:10:10.010977,105744,8093,4623,8093,707,8093,51,8093,4,8093,3,9126,1,1.0301004000066314
5,5,,2026-07-30T14:10:11.041255,105739,8113,4626,8113,618,8113,64,8113,3,8113,0,9151,1,1.0296959999832325
5,5,,2026-07-30T14:10:12.070586,106132,8140,4723,8140,669,8140,46,8140,2,8140,2,9155,0,1.0289536000054795
5,5,,2026-07-30T14:10:13.100636,105710,8203,4745,8203,679,8203,66,8203,2,8203,1,9232,2,1.0297214000020176
5,5,,2026-07-30T14:10:14.131169,105434,8214,4659,8214,674,8214,63,8214,2,8214,0,9138,2,1.0301133999892045
5,5,,2026-07-30T14:10:15.162259,105854,8221,4674,8221,735,8221,51,8221,1,8221,1,9134,1,1.0306761999963783
5,5,,2026-07-30T14:10:16.191551,105428,8207,4681,8207,694,8207,70,8207,4,8207,2,9378,1,1.0288778000103775
5,5,,2026-07-30T14:10:17.221366,105134,7928,4447,7928,659,7928,54,7928,2,7928,1,9049,1,1.0292836999869905
5,5,,2026-07-30T14:10:18.251631,105816,8141,4638,8141,712,8141,62,8141,10,8141,1,9210,2,1.0299196999985725
5,5,,2026-07-30T14:10:19.282104,105471,8193,4633,8193,682,8193,56,8193,3,8193,1,9153,1,1.030095699999947
5,5,,2026-07-30T14:10:20.312148,106064,8256,4664,8256,723,8256,56,8256,7,8256,0,9322,3,1.0295958000060637
5,5,,2026-07-30T14:10:21.341954,105906,8268,4713,8268,678,8268,63,8268,4,8268,1,9309,3,1.0293716999876779
5,5,,2026-07-30T14:10:22.371229,105418,8176,4723,8176,665,8176,78,8176,4,8176,4,9262,1,1.028805400012061
5,5,,2026-07-30T14:10:23.402198,105358,8166,4696,8166,676,8166,52,8166,4,8166,2,9326,5,1.0305494000203907
5,5,,2026-07-30T14:10:24.431794,106323,8303,4737,8303,720,8303,59,8303,3,8303,1,9214,0,1.029252299980726
5,5,,2026-07-30T14:10:25.460935,105861,8074,4583,8074,713,8074,53,8074,3,8074,2,9137,2,1.028856499993708
5,5,,2026-07-30T14:10:26.490737,105634,8089,4695,8089,678,8089,53,8089,3,8089,5,9243,2,1.0294622000074014
5,5,,2026-07-30T14:10:27.520266,105763,8177,4626,8177,697,8177,58,8177,4,8177,2,9260,1,1.0292057000042405
5,5,,2026-07-30T14:10:28.549693,105624,8137,4628,8137,674,8137,51,8137,4,8137,1,9150,2,1.0290830000012647
5,5,,2026-07-30T14:10:29.578652,105921,8261,4814,8261,653,8261,51,8261,4,8261,0,9214,4,1.0286167000012938
5,5,,2026-07-30T14:10:30.609690,105611,8136,4684,8136,709,8136,51,8136,3,8136,0,9231,1,1.030566200002795
5,5,,2026-07-30T14:10:31.637766,105963,8372,4748,8372,718,8372,60,8372,3,8372,0,9308,3,1.0277093000186142
5,5,,2026-07-30T14:10:32.667169,105341,8093,4607,8093,712,8093,50,8093,4,8093,1,9201,5,1.0290788999991491
5,5,,2026-07-30T14:10:33.696910,105993,8222,4709,8222,694,8222,54,8222,7,8222,3,9353,5,1.029440100013744
5,5,,2026-07-30T14:10:34.726130,105489,8089,4661,8089,658,8089,35,8089,4,8089,3,8982,2,1.0288261999958195
5,5,,2026-07-30T14:10:35.756813,105409,8180,4663,8180,717,8180,45,8180,7,8180,2,9210,4,1.0301763000024948
5,5,,2026-07-30T14:10:36.786595,105592,8297,4778,8297,721,8297,45,8297,3,8297,1,9426,2,1.0294274000043515
5,5,,2026-07-30T14:10:37.816373,105692,8247,4653,8247,696,8247,67,8247,7,8247,1,9223,1,1.029305200005183
5,5,,2026-07-30T14:10:38.847513,105976,8178,4706,8178,659,8178,48,8178,5,8178,1,9402,1,1.0307487999962177
5,5,,2026-07-30T14:10:39.878127,105832,8227,4659,8227,660,8227,57,8227,7,8227,1,9299,3,1.030012099974556
5,5,,2026-07-30T14:10:40.906362,106055,8109,4659,8109,689,8109,50,8109,7,8109,3,9447,1,1.0277902000234462
5,5,,2026-07-30T14:10:41.933936,105774,8263,4743,8263,691,8263,55,8263,4,8263,0,9298,1,1.0273002000176348
5,5,,2026-07-30T14:10:42.962910,105188,8156,4698,8156,676,8156,55,8156,5,8156,1,9038,1,1.0287680999899749
5,5,,2026-07-30T14:10:43.991730,106062,8138,4654,8138,683,8138,54,8138,1,8138,0,9422,2,1.0284342999802902
5,5,,2026-07-30T14:10:45.021274,105961,8173,4634,8173,694,8173,51,8173,3,8173,1,9293,5,1.0292057000042405
5,5,,2026-07-30T14:10:46.051705,105097,7990,4629,7990,654,7990,55,7990,1,7990,2,9012,3,1.0300565999932587
5,5,,2026-07-30T14:10:47.080832,105712,8144,4687,8144,657,8144,56,8144,2,8144,1,9315,1,1.0287963000009768
5,5,,2026-07-30T14:10:48.110259,105791,8086,4662,8086,685,8086,57,8086,5,8086,3,9321,1,1.0290616000129376
5,5,,2026-07-30T14:10:49.140577,105167,8128,4670,8128,690,8128,51,8128,6,8128,2,9214,1,1.0299283000058495
5,5,,2026-07-30T14:10:50.170149,105578,8115,4621,8115,678,8115,53,8115,2,8115,1,9345,4,1.0291557000018656
5,5,,2026-07-30T14:10:51.199529,105005,8118,4681,8118,671,8118,60,8118,4,8118,2,9176,1,1.0290253999992274
5,5,,2026-07-30T14:10:52.230285,105625,8160,4760,8160,660,8160,61,8161,4,8161,0,9310,4,1.0302368999982718
5,5,,2026-07-30T14:10:53.258977,105388,8155,4648,8155,679,8155,63,8154,2,8154,2,9274,3,1.0282222999958321
5,5,,2026-07-30T14:10:54.289157,105893,8212,4633,8212,718,8212,48,8212,3,8212,0,9155,3,1.0296306000091136
5,5,,2026-07-30T14:10:55.319783,105372,8292,4719,8292,731,8292,56,8292,5,8292,2,9366,4,1.0302476999931969
5,5,,2026-07-30T14:10:56.348769,105871,8099,4620,8099,679,8099,48,8099,5,8099,2,9362,2,1.0286572000186425
5,5,,2026-07-30T14:10:57.378121,105586,8268,4718,8268,733,8268,65,8268,7,8268,2,9237,1,1.0289755999983754
5,5,,2026-07-30T14:10:58.407544,105641,8271,4686,8271,728,8271,49,8271,5,8271,1,8982,3,1.0289237000106368
5,5,,2026-07-30T14:10:59.434880,105400,8207,4757,8207,695,8207,59,8207,5,8207,0,9085,2,1.0268243000027724
5,5,,2026-07-30T14:11:00.462380,105341,8152,4643,8152,680,8152,66,8152,6,8152,0,9282,2,1.0272542999882717
5,5,,2026-07-30T14:11:01.491990,105350,8194,4641,8194,689,8194,53,8194,6,8194,0,9401,4,1.0292620999971405
5,5,,2026-07-30T14:11:02.521595,105568,8244,4685,8244,702,8244,56,8244,3,8244,0,9084,0,1.0292069999850355
5,5,,2026-07-30T14:11:03.551838,106052,8352,4721,8352,694,8352,58,8352,3,8352,0,9246,0,1.0299066999868955
5,5,,2026-07-30T14:11:04.579954,104939,8251,4703,8251,682,8251,44,8251,8,8251,1,9240,4,1.0278352000168525
5,5,,2026-07-30T14:11:05.611028,105880,8137,4614,8137,711,8137,70,8137,2,8137,0,9320,3,1.030808400013484
5,5,,2026-07-30T14:11:06.641520,105597,8327,4719,8327,715,8327,66,8327,4,8327,2,9221,3,1.0301288999908138
5,5,,2026-07-30T14:11:07.670266,105848,8278,4761,8278,680,8278,69,8278,10,8278,2,9202,5,1.0284109999774955
5,5,,2026-07-30T14:11:08.699755,106607,8267,4730,8267,719,8267,48,8267,3,8267,1,9165,1,1.0291002999874763
5,5,,2026-07-30T14:11:09.730171,105652,8167,4606,8167,665,8167,54,8167,4,8167,3,9193,3,1.0299598000128753
5,5,,2026-07-30T14:11:10.760195,105583,8324,4710,8324,734,8324,68,8324,4,8324,0,9228,1,1.0296431000169832
5,5,,2026-07-30T14:11:11.790552,105673,8184,4763,8184,678,8184,56,8184,6,8184,0,9355,2,1.0299127999751363
5,5,,2026-07-30T14:11:12.819720,106258,8232,4635,8232,684,8232,50,8232,4,8232,1,9157,3,1.0288132000132464
5,5,,2026-07-30T14:11:13.848827,105762,8265,4711,8265,700,8265,62,8265,6,8265,4,9432,1,1.0287534999952186
5,5,,2026-07-30T14:11:14.878784,105731,8382,4728,8382,749,8382,56,8382,3,8382,0,9288,3,1.029610799974762
5,5,,2026-07-30T14:11:15.907806,105504,8222,4725,8222,702,8222,59,8222,3,8222,4,9326,1,1.0285947999800555
5,5,,2026-07-30T14:11:16.937741,105646,8271,4721,8271,729,8271,56,8271,3,8271,1,9384,2,1.029560399998445
5,5,,2026-07-30T14:11:17.966648,105539,8307,4654,8307,719,8307,52,8307,5,8307,0,9272,0,1.0285669000004418
5,5,,2026-07-30T14:11:18.996335,105226,8175,4750,8175,687,8175,64,8175,3,8175,1,9289,2,1.0293599999858998
5,5,,2026-07-30T14:11:20.027088,105797,8149,4653,8149,691,8149,60,8149,3,8149,1,9061,3,1.0303759000089485
5,5,,2026-07-30T14:11:21.055346,105531,8304,4674,8304,691,8304,65,8304,2,8304,1,8972,1,1.0278036000090651
5,5,,2026-07-30T14:11:22.085016,105574,8280,4728,8280,732,8280,52,8280,3,8280,0,9328,2,1.029336700012209
5,5,,2026-07-30T14:11:23.114212,105239,8102,4569,8102,698,8102,55,8102,0,8102,1,9309,4,1.0287597000133246
5,5,,2026-07-30T14:11:24.143714,105415,8194,4616,8194,736,8194,57,8194,4,8194,2,9166,2,1.0291737999941688
5,5,,2026-07-30T14:11:25.173631,106118,8239,4679,8239,697,8239,51,8239,2,8239,0,9289,5,1.0294334000209346
5,5,,2026-07-30T14:11:26.202840,105754,8228,4583,8228,738,8228,55,8228,6,8228,0,9255,4,1.0288792999926955
5,5,,2026-07-30T14:11:27.231914,105591,8240,4695,8240,679,8240,52,8240,1,8240,0,9223,0,1.028716600005282
5,5,,2026-07-30T14:11:28.262221,105653,8281,4702,8281,676,8281,53,8281,3,8281,0,9238,3,1.0298506999970414
5,5,,2026-07-30T14:11:29.292403,105943,8256,4739,8256,703,8256,62,8256,4,8256,0,9394,1,1.029882800008636
5,5,,2026-07-30T14:11:30.319883,105745,8267,4732,8267,639,8267,47,8267,5,8267,1,9386,3,1.0269551000092179
5,5,,2026-07-30T14:11:31.348209,105123,8317,4770,8317,738,8317,55,8317,5,8317,1,9140,0,1.0281229999964125
5,5,,2026-07-30T14:11:32.375411,105574,8205,4638,8205,695,8205,68,8205,8,8205,0,9282,2,1.0270063999923877
5,5,,2026-07-30T14:11:33.403934,105243,8104,4564,8104,658,8104,46,8104,4,8104,1,9142,2,1.028203600028064
5,5,,2026-07-30T14:11:34.434218,105897,8222,4674,8222,710,8222,54,8222,4,8222,0,9243,3,1.029862099996535
5,5,,2026-07-30T14:11:35.464404,105649,8130,4660,8130,739,8130,47,8130,3,8130,2,9307,2,1.0298203999991529
5,5,,2026-07-30T14:11:36.494243,105861,8190,4694,8190,703,8190,57,8190,4,8190,2,9240,1,1.029513899993617
5,5,,2026-07-30T14:11:37.524334,105358,8270,4710,8270,703,8270,63,8270,3,8270,0,9077,2,1.0296978999977
5,5,,2026-07-30T14:11:38.554950,105605,8142,4659,8142,696,8142,52,8142,7,8142,2,9433,1,1.0301935000170488
5,5,,2026-07-30T14:11:39.582929,105427,8243,4748,8243,671,8243,60,8243,3,8243,0,9390,1,1.0276524999935646
5,5,,2026-07-30T14:11:40.613198,104995,8215,4707,8215,714,8215,59,8215,4,8215,0,9523,3,1.029892499995185
5,5,,2026-07-30T14:11:41.642921,106102,8296,4641,8296,721,8296,52,8296,3,8296,1,9389,2,1.029368199990131
5,5,,2026-07-30T14:11:42.672098,105827,8096,4592,8096,676,8096,44,8096,4,8096,1,9181,1,1.0287822000100277
5,5,,2026-07-30T14:11:43.701556,105727,8313,4632,8313,711,8313,62,8313,4,8313,1,9366,4,1.0290911000047345
5,5,,2026-07-30T14:11:44.730079,105853,8233,4648,8233,727,8233,59,8233,5,8233,0,9363,0,1.0281983999884687
5,5,,2026-07-30T14:11:45.759571,105721,8100,4609,8100,678,8100,63,8100,5,8100,0,9248,3,1.0291232999879867
5,5,,2026-07-30T14:11:46.788650,105754,8308,4700,8308,700,8308,63,8308,7,8308,0,9188,1,1.0288027999922633
5,5,,2026-07-30T14:11:47.818472,106021,8350,4693,8350,710,8350,61,8350,2,8350,1,9289,5,1.0294529999955557
5,5,,2026-07-30T14:11:48.846594,106174,8320,4788,8320,707,8320,42,8320,4,8320,1,9307,7,1.0278328999993391
5,5,,2026-07-30T14:11:49.874297,105441,8251,4712,8251,697,8251,66,8251,7,8251,3,9277,1,1.027441500016721
5,5,,2026-07-30T14:11:50.904611,105505,8329,4654,8329,713,8329,57,8329,5,8329,2,9259,2,1.0299397000053432
5,5,,2026-07-30T14:11:51.934027,105796,8234,4665,8234,689,8234,55,8234,2,8234,0,9394,4,1.0288538000022527
5,5,,2026-07-30T14:11:52.962062,105970,8383,4788,8383,714,8383,50,8383,2,8383,3,9170,1,1.0277138000237755
5,5,,2026-07-30T14:11:53.992723,105992,8285,4667,8285,708,8285,55,8285,3,8285,0,9290,1,1.0304023000062443
5,5,,2026-07-30T14:11:55.024298,106175,8347,4719,8347,650,8347,65,8347,1,8347,1,9404,1,1.0311510000028647
5,5,,2026-07-30T14:11:56.053588,105773,8323,4683,8323,758,8323,66,8323,1,8323,3,9204,1,1.0288219999929424
5,5,,2026-07-30T14:11:57.082724,105762,8131,4585,8131,647,8131,58,8131,6,8131,0,9291,2,1.0287551000074018
5,5,,2026-07-30T14:11:58.111688,106478,8378,4768,8378,724,8378,60,8378,4,8378,2,9296,1,1.0284812000172678
5,5,,2026-07-30T14:11:59.142679,105696,8194,4671,8194,646,8194,48,8194,4,8194,3,9362,5,1.0305568000185303
5,5,,2026-07-30T14:12:00.171847,106414,8217,4636,8217,736,8217,51,8217,3,8217,1,9343,1,1.0288047999783885
5,5,,2026-07-30T14:12:01.200430,105536,8396,4715,8396,704,8396,61,8396,1,8396,0,9192,3,1.0282640999939758
5,5,,2026-07-30T14:12:02.229001,106032,8186,4643,8186,642,8186,60,8186,6,8186,1,9540,4,1.028217199986102
5,5,,2026-07-30T14:12:03.259855,106063,8198,4592,8198,652,8198,53,8198,2,8198,2,9291,2,1.0306122000038158
5,5,,2026-07-30T14:12:04.289230,105741,8309,4673,8309,686,8309,52,8309,5,8309,2,9063,0,1.028923300007591
5,5,,2026-07-30T14:12:05.320119,105489,8194,4681,8194,684,8194,50,8194,5,8194,0,9201,0,1.0303820999979507
5,5,,2026-07-30T14:12:06.348589,105653,8357,4734,8357,675,8357,74,8357,4,8357,2,9299,6,1.028055000002496
5,5,,2026-07-30T14:12:07.378185,105532,8268,4705,8268,669,8268,75,8268,6,8268,1,9428,4,1.0291435999970417
5,5,,2026-07-30T14:12:08.408131,105032,8285,4644,8285,718,8285,66,8285,8,8285,0,9196,1,1.0296627999923658
5,5,,2026-07-30T14:12:09.437695,105756,8192,4708,8192,669,8192,38,8192,3,8192,1,9324,1,1.0290715000010096
5,5,,2026-07-30T14:12:10.468113,105585,8301,4692,8301,692,8301,44,8301,2,8301,0,9170,4,1.0300151999981608
5,5,,2026-07-30T14:12:11.497949,105765,8302,4590,8302,711,8302,56,8302,3,8302,0,9307,1,1.029363400011789
5,5,,2026-07-30T14:12:12.527443,105499,8109,4561,8109,683,8109,68,8109,5,8109,2,9265,2,1.0291250000009313
5,5,,2026-07-30T14:12:13.556050,105273,8189,4657,8189,701,8189,53,8189,3,8189,0,9226,0,1.0281170000089332
5,5,,2026-07-30T14:12:14.586681,105634,8404,4811,8404,702,8404,52,8404,5,8404,1,9227,3,1.0300899999856483
5,5,,2026-07-30T14:12:15.615686,105894,8075,4591,8075,676,8075,57,8075,3,8075,2,9315,0,1.0283738999860361
5,5,,2026-07-30T14:12:16.645808,105422,8217,4729,8217,700,8217,50,8217,2,8217,1,9148,1,1.0297383000142872
5,5,,2026-07-30T14:12:17.674728,106451,8345,4725,8345,709,8345,72,8345,5,8345,1,9332,1,1.0285637000051793
5,5,,2026-07-30T14:12:18.703268,105428,8148,4538,8148,680,8148,61,8148,2,8148,0,9216,1,1.028201800014358
5,5,,2026-07-30T14:12:19.732202,105857,8310,4594,8310,781,8310,60,8310,2,8310,1,9188,1,1.0286458000191487
5,5,,2026-07-30T14:12:20.760906,105323,8250,4682,8250,685,8250,50,8250,4,8250,1,9284,5,1.0284584000182804
5,5,,2026-07-30T14:12:21.791018,105683,8137,4623,8137,682,8137,55,8137,6,8137,1,9162,1,1.0297356999944896
5,5,,2026-07-30T14:12:22.820571,105980,8175,4625,8175,710,8175,52,8175,2,8175,1,9308,0,1.029077099985443
5,5,,2026-07-30T14:12:23.850260,105917,8260,4642,8260,734,8260,56,8260,6,8260,1,9323,4,1.0292990999878384
5,5,,2026-07-30T14:12:24.880175,105680,8226,4627,8226,705,8226,58,8226,2,8226,0,9172,1,1.0295728000055533
5,5,,2026-07-30T14:12:25.909848,105603,8231,4649,8231,701,8231,58,8231,7,8231,2,9331,1,1.0292085999972187
5,5,,2026-07-30T14:12:26.940471,106058,8293,4656,8293,708,8293,64,8293,2,8293,4,9297,0,1.0299283000058495
5,5,,2026-07-30T14:12:27.970343,105550,8326,4721,8326,715,8326,57,8326,5,8326,1,9231,1,1.0295714999956544
5,5,,2026-07-30T14:12:29.000137,105393,8246,4671,8246,684,8246,61,8246,4,8246,2,9304,2,1.0294504999765195
5,5,,2026-07-30T14:12:30.030756,105555,8499,4790,8499,694,8499,60,8499,5,8499,3,9181,0,1.0301664000144228
5,5,,2026-07-30T14:12:31.060693,106083,8288,4694,8288,739,8288,62,8288,2,8288,2,9326,2,1.0296291999984533
5,5,,2026-07-30T14:12:32.089610,105471,8195,4668,8195,671,8195,39,8195,4,8195,0,9166,3,1.0285383999871556
5,5,,2026-07-30T14:12:33.117491,105394,8119,4593,8119,644,8119,46,8119,4,8119,0,9253,1,1.0276150999998208
5,5,,2026-07-30T14:12:34.147342,105782,8165,4650,8165,666,8165,57,8165,8,8165,1,9157,3,1.0295855000149459
5,5,,2026-07-30T14:12:35.176409,105861,8321,4715,8321,676,8321,52,8321,3,8321,0,9226,1,1.0287132999801543
5,5,,2026-07-30T14:12:36.205495,105715,8313,4727,8313,694,8313,52,8313,2,8313,0,9268,3,1.0286198999965563
5,5,,2026-07-30T14:12:37.235316,105654,8139,4541,8139,677,8139,48,8139,4,8139,2,9211,2,1.02945259999251
5,5,,2026-07-30T14:12:38.264305,105491,8289,4695,8289,669,8289,57,8289,4,8289,2,9239,5,1.028580200014403
5,5,,2026-07-30T14:12:39.293974,105277,8078,4584,8078,691,8078,47,8078,1,8078,1,9109,0,1.0293049000028986
5,5,,2026-07-30T14:12:40.323668,105451,8369,4742,8369,677,8369,60,8369,6,8369,3,9176,2,1.029285800002981
5,5,,2026-07-30T14:12:41.354920,105527,7978,4593,7978,611,7978,50,7978,5,7978,1,9436,1,1.0308073000051081
5,5,,2026-07-30T14:12:42.385445,105857,8199,4713,8199,684,8199,51,8199,3,8199,1,9189,4,1.0299588000052609
5,5,,2026-07-30T14:12:43.413790,105627,8344,4746,8344,695,8344,56,8344,2,8344,3,9053,3,1.0277945999987423
5,5,,2026-07-30T14:12:44.442906,105669,8349,4728,8349,728,8349,62,8349,4,8349,2,9297,3,1.0287675999861676
5,5,,2026-07-30T14:12:45.472356,105407,8160,4567,8160,680,8160,46,8160,3,8160,1,9037,2,1.0290588999923784
5,5,,2026-07-30T14:12:46.501890,105788,8381,4836,8381,669,8381,54,8381,7,8381,0,9200,1,1.029088999988744
5,5,,2026-07-30T14:12:47.531134,105674,8206,4646,8206,691,8206,63,8206,5,8206,2,9272,2,1.0289455000020098
5,5,,2026-07-30T14:12:48.560349,105560,8344,4684,8344,700,8344,71,8344,3,8344,0,9271,6,1.0288193000014871
5,5,,2026-07-30T14:12:49.588105,105981,8273,4650,8273,712,8273,60,8273,6,8273,1,9249,0,1.0274230999930296
5,5,,2026-07-30T14:12:50.616373,105551,8246,4762,8246,637,8246,59,8246,5,8246,3,9188,3,1.0279510999971535
5,5,,2026-07-30T14:12:51.646274,105606,8192,4667,8192,680,8192,49,8192,4,8192,1,9249,3,1.0295661000127438
5,5,,2026-07-30T14:12:52.676056,105642,8308,4671,8308,696,8308,71,8308,7,8308,0,9232,1,1.0294762999983504
5,5,,2026-07-30T14:12:53.704031,106226,8250,4659,8250,734,8250,57,8250,6,8250,1,9238,1,1.027661400003126
5,5,,2026-07-30T14:12:54.733219,105707,8025,4552,8025,667,8025,57,8025,2,8025,3,9200,2,1.0289891000138596
5,5,,2026-07-30T14:12:55.761179,106003,8421,4684,8421,702,8421,68,8421,1,8421,0,9266,3,1.0275565999909304
5,5,,2026-07-30T14:12:56.790350,105678,8325,4726,8325,719,8325,52,8325,4,8325,2,9151,1,1.0289349999802653
5,5,,2026-07-30T14:12:57.817872,105934,8267,4690,8267,745,8267,48,8267,5,8267,1,9435,1,1.0271626000176184
5,5,,2026-07-30T14:12:58.846458,105906,8389,4784,8389,703,8389,57,8389,7,8389,3,9232,3,1.0283094999904279
5,5,,2026-07-30T14:12:59.874792,105343,8219,4670,8219,666,8219,61,8219,2,8219,1,9300,0,1.027994400006719
5,5,,2026-07-30T14:13:00.901129,105213,8300,4688,8300,692,8300,58,8300,3,8300,0,9286,2,1.0260484000027645
5,5,,2026-07-30T14:13:01.927198,105316,8211,4749,8211,649,8211,55,8211,3,8211,1,9231,3,1.025871099991491
5,5,,2026-07-30T14:13:02.953740,105328,8212,4661,8212,695,8212,55,8212,6,8212,1,9344,3,1.0264083000074606
5,5,,2026-07-30T14:13:03.982499,105840,8268,4679,8268,728,8268,66,8268,5,8268,3,9303,4,1.0284954000089783
5,5,,2026-07-30T14:13:05.010278,106139,8297,4687,8297,721,8297,66,8297,5,8297,3,9289,4,1.0274217999831308
5,5,,2026-07-30T14:13:06.039066,105230,8070,4612,8070,664,8070,44,8070,5,8070,0,9278,3,1.0286091000016313
5,5,,2026-07-30T14:13:07.068878,105713,8223,4639,8223,721,8223,49,8223,5,8223,2,9217,4,1.0294431000074837
5,5,,2026-07-30T14:13:08.097255,105688,8312,4766,8312,685,8312,51,8312,3,8312,2,9250,2,1.0279360999993514
5,5,,2026-07-30T14:13:09.125503,104936,8125,4579,8125,661,8125,64,8125,0,8125,2,9145,2,1.0279232000175398
5,5,,2026-07-30T14:13:10.155012,105782,8261,4663,8261,713,8261,63,8261,6,8261,0,9266,2,1.0290704000217374
5,5,,2026-07-30T14:13:11.182233,105365,8065,4571,8065,674,8065,60,8065,5,8065,2,9275,4,1.0266806000145152
5,5,,2026-07-30T14:13:12.209926,105335,8414,4793,8414,698,8414,64,8414,2,8414,0,9275,0,1.0273987999826204
5,5,,2026-07-30T14:13:13.238618,104652,8072,4578,8072,658,8073,57,8073,4,8073,1,9314,2,1.0283183999999892
5,5,,2026-07-30T14:13:14.266646,105505,8366,4720,8366,687,8365,64,8365,7,8365,0,9302,3,1.0276033999980427
5,5,,2026-07-30T14:13:15.293010,105515,8209,4682,8209,691,8209,50,8209,1,8209,0,9059,6,1.0260697999910917
5,5,,2026-07-30T14:13:16.320947,104927,8102,4581,8102,713,8102,32,8102,3,8102,1,9304,1,1.0277870999998413
5,5,,2026-07-30T14:13:17.349837,105724,8119,4569,8119,670,8119,46,8119,2,8119,0,9267,1,1.0284564000030514
5,5,,2026-07-30T14:13:18.379004,105375,8271,4627,8271,756,8271,47,8271,9,8271,4,9228,3,1.02881950000301
5,5,,2026-07-30T14:13:19.407703,105837,8125,4674,8125,659,8125,55,8125,5,8125,0,9287,3,1.0282477000146173
5,5,,2026-07-30T14:13:20.436757,105242,8253,4644,8253,684,8253,50,8253,3,8253,0,9119,1,1.028653099987423
5,5,,2026-07-30T14:13:21.468001,106041,8267,4633,8267,667,8267,59,8267,4,8267,1,9212,3,1.0307508999831043
5,5,,2026-07-30T14:13:22.499245,106091,8173,4664,8173,682,8173,61,8173,4,8173,0,9273,4,1.0306989999953657
5,5,,2026-07-30T14:13:23.527314,105707,8304,4686,8304,702,8304,66,8304,4,8304,0,9250,1,1.0277505999838468
5,5,,2026-07-30T14:13:24.555623,105556,8317,4691,8317,716,8317,58,8317,4,8317,1,9317,4,1.028034299990395
5,5,,2026-07-30T14:13:25.585242,105796,8075,4496,8075,732,8075,43,8075,7,8075,1,9313,1,1.0292086999979801
5,5,,2026-07-30T14:13:26.613365,105697,8169,4619,8169,671,8169,67,8169,3,8169,1,9438,4,1.0277872000006028
5,5,,2026-07-30T14:13:27.642359,104975,8130,4617,8130,641,8130,68,8130,1,8130,1,9159,1,1.0286870000127237
5,5,,2026-07-30T14:13:28.672193,105257,8119,4599,8119,650,8119,59,8119,5,8119,2,9297,5,1.0293794999888632
5,5,,2026-07-30T14:13:29.702220,105521,8343,4783,8343,656,8343,58,8343,3,8343,0,9387,2,1.0295807000075001
5,5,,2026-07-30T14:13:30.732342,106057,8246,4746,8246,712,8246,62,8246,2,8246,1,9241,0,1.029720799997449
5,5,,2026-07-30T14:13:31.761052,105013,8278,4692,8278,701,8278,65,8278,3,8278,0,9206,2,1.0284018999955151
5,5,,2026-07-30T14:13:32.790034,105483,8177,4624,8177,679,8177,51,8177,1,8177,2,9223,4,1.0285973999998532
5,5,,2026-07-30T14:13:33.818152,105970,8180,4642,8180,678,8180,58,8180,2,8180,0,9301,3,1.027822300005937
5,5,,2026-07-30T14:13:34.845831,105467,8220,4585,8220,735,8220,58,8220,2,8220,3,9376,3,1.0273053000273649
5,5,,2026-07-30T14:13:35.876068,105600,8300,4706,8300,706,8300,52,8300,4,8300,2,9255,4,1.0299450000165962
5,5,,2026-07-30T14:13:36.904728,105518,8096,4627,8096,639,8096,60,8096,4,8096,1,9364,2,1.0282973000139464
5,5,,2026-07-30T14:13:37.933762,105240,8213,4602,8213,695,8213,61,8213,5,8213,2,9146,4,1.0285173000011127
5,5,,2026-07-30T14:13:38.962734,105492,8364,4683,8364,733,8364,56,8364,4,8364,2,9237,1,1.0285737999947742
5,5,,2026-07-30T14:13:39.992764,106095,8315,4765,8315,681,8315,57,8315,1,8315,3,9137,4,1.0296605000039563
5,5,,2026-07-30T14:13:41.021592,106054,8313,4750,8313,688,8313,54,8313,3,8313,1,9141,3,1.028439600020647
5,5,,2026-07-30T14:13:42.050987,106125,8382,4801,8382,714,8382,48,8382,3,8382,2,9325,2,1.0289384000061546
5,5,,2026-07-30T14:13:43.080781,105530,8449,4835,8449,696,8449,48,8449,1,8449,2,9182,3,1.0293611999950372
5,5,,2026-07-30T14:13:44.110666,105793,8257,4667,8257,708,8257,57,8257,4,8257,1,9492,1,1.0293869000161067
5,5,,2026-07-30T14:13:45.139754,105727,8375,4691,8375,722,8375,58,8375,5,8375,1,9276,3,1.028848999994807
5,5,,2026-07-30T14:13:46.167626,105641,8127,4711,8127,662,8127,57,8127,4,8127,2,9281,2,1.0274463999958243
5,5,,2026-07-30T14:13:47.197284,105233,8327,4789,8327,699,8327,57,8327,1,8327,1,9247,1,1.0293949999904726
5,5,,2026-07-30T14:13:48.227245,105873,8278,4694,8278,670,8278,64,8278,3,8278,2,9217,0,1.0295071000000462
5,5,,2026-07-30T14:13:49.255890,105258,8266,4704,8266,667,8266,51,8266,6,8266,0,9281,6,1.0282029999943916
5,5,,2026-07-30T14:13:50.285405,105343,8377,4671,8377,694,8377,60,8377,5,8377,0,9129,4,1.0291724000126123
5,5,,2026-07-30T14:13:51.315422,105725,8253,4753,8253,686,8253,78,8253,1,8253,0,9435,4,1.029578899993794
5,5,,2026-07-30T14:13:52.344733,105731,8210,4691,8210,645,8210,48,8210,7,8210,0,9310,4,1.0289588999876287
5,5,,2026-07-30T14:13:53.375103,105861,8404,4745,8404,727,8404,55,8404,5,8404,0,9119,4,1.029955499980133
5,5,,2026-07-30T14:13:54.403250,105730,8451,4826,8451,687,8451,57,8451,2,8451,1,9208,2,1.0276855999836698
5,5,,2026-07-30T14:13:55.430954,105562,8173,4715,8173,695,8173,48,8173,2,8173,1,9222,1,1.0273710000037681
5,5,,2026-07-30T14:13:56.460895,105370,8308,4715,8308,694,8308,69,8308,4,8308,3,9307,2,1.0295362000179011
5,5,,2026-07-30T14:13:57.488768,105375,8263,4644,8263,688,8263,51,8263,3,8263,2,9369,3,1.0275137000135146
5,5,,2026-07-30T14:13:58.516900,105204,8204,4694,8204,712,8204,62,8204,7,8204,1,9233,1,1.0278881000122055
5,5,,2026-07-30T14:13:59.544647,105882,8326,4776,8326,688,8326,57,8326,5,8326,1,9194,4,1.0274376000161283
5,5,,2026-07-30T14:14:00.575109,105114,8229,4704,8229,719,8229,49,8229,5,8229,1,9164,1,1.0300541000033263
5,5,,2026-07-30T14:14:01.601494,105941,8154,4616,8154,701,8154,71,8154,2,8154,2,9333,2,1.025812899984885
5,5,,2026-07-30T14:14:02.629758,104686,8164,4643,8164,685,8164,51,8164,1,8164,0,9224,0,1.02811539999675
5,5,,2026-07-30T14:14:03.658056,105041,8130,4634,8130,702,8130,65,8130,6,8130,0,9105,2,1.0279938000021502
5,5,,2026-07-30T14:14:04.687064,105112,8217,4703,8217,686,8217,48,8217,6,8217,0,9453,0,1.0286677999829408
5,5,,2026-07-30T14:14:05.716231,105531,8252,4676,8252,706,8252,44,8252,5,8252,2,9180,1,1.0287363000097685
5,5,,2026-07-30T14:14:06.745102,105383,8243,4675,8243,682,8243,53,8243,4,8243,1,9259,1,1.0284783999959473
5,5,,2026-07-30T14:14:07.773396,104969,8171,4668,8171,656,8171,43,8171,2,8171,0,9403,1,1.0279059000022244
5,5,,2026-07-30T14:14:08.803716,105521,8114,4602,8114,667,8114,60,8114,3,8114,1,9133,2,1.0299457000219263
5,5,,2026-07-30T14:14:09.833840,105771,8334,4820,8334,675,8334,56,8334,4,8334,1,9290,3,1.0295915999740828
5,5,,2026-07-30T14:14:10.862676,105678,8206,4688,8206,705,8206,61,8206,7,8206,0,9240,4,1.0285303999844473
5,5,,2026-07-30T14:14:11.892714,105714,8256,4661,8256,718,8256,48,8256,6,8256,1,9173,2,1.0296613000100479
5,5,,2026-07-30T14:14:12.921367,105409,8333,4811,8333,730,8333,69,8333,6,8333,3,9142,3,1.0282157999754418
5,5,,2026-07-30T14:14:13.950223,105165,8247,4595,8247,778,8247,70,8247,5,8247,3,9044,2,1.0284891999908723
5,5,,2026-07-30T14:14:14.979206,105510,8449,4742,8449,715,8449,48,8449,5,8449,2,9201,1,1.0285396999970544
5,5,,2026-07-30T14:14:16.008303,104822,8162,4648,8162,708,8162,55,8162,4,8162,0,9336,1,1.028685299999779
5,5,,2026-07-30T14:14:17.036364,104919,8119,4582,8119,727,8119,53,8119,8,8119,0,9212,1,1.027522599993972
5,5,,2026-07-30T14:14:18.066343,105016,8302,4686,8302,710,8302,56,8302,7,8302,4,9257,2,1.0296926000155509
5,5,,2026-07-30T14:14:19.095795,105442,8356,4710,8356,717,8356,60,8356,4,8356,0,9204,1,1.028942700009793
5,5,,2026-07-30T14:14:20.123433,105599,8288,4688,8288,707,8288,50,8288,4,8288,1,9122,1,1.0272368000005372
5,5,,2026-07-30T14:14:21.152983,104734,8311,4722,8311,684,8311,51,8311,6,8311,0,9245,2,1.0292744000034872
5,5,,2026-07-30T14:14:22.182662,105235,8344,4784,8344,672,8344,50,8344,6,8344,0,9157,2,1.0292603000125382
5,5,,2026-07-30T14:14:23.212101,105314,8348,4747,8348,723,8348,57,8348,1,8348,1,9232,1,1.0289897000184283
5,5,,2026-07-30T14:14:24.241115,105367,8215,4709,8215,680,8215,65,8215,4,8215,2,9236,3,1.0285626999975648
5,5,,2026-07-30T14:14:25.270884,104691,8131,4600,8131,703,8131,49,8131,3,8131,1,9117,0,1.0292984999832697
5,5,,2026-07-30T14:14:26.300832,105601,8114,4629,8114,667,8114,56,8114,2,8114,1,9150,1,1.0295232000062242
5,5,,2026-07-30T14:14:27.329678,105625,8272,4772,8272,655,8272,50,8272,6,8272,0,9330,2,1.0284192000108305
5,5,,2026-07-30T14:14:28.359503,104724,8247,4716,8247,715,8248,57,8248,5,8248,3,9158,5,1.0293549000052735
5,5,,2026-07-30T14:14:29.387352,105509,8228,4593,8228,671,8227,70,8227,5,8227,0,9213,3,1.0274394000007305
5,5,,2026-07-30T14:14:30.417376,105848,8275,4718,8275,672,8275,67,8275,5,8275,1,9391,3,1.0296333000005689
5,5,,2026-07-30T14:14:31.445995,105538,8111,4646,8111,669,8111,58,8111,5,8111,0,9327,3,1.028197600011481
5,5,,2026-07-30T14:14:32.475407,105197,8271,4704,8271,671,8271,66,8271,6,8271,3,9264,2,1.0290901999978814
5,5,,2026-07-30T14:14:33.504683,105254,8211,4614,8211,710,8211,52,8211,3,8211,2,9024,3,1.0288507000077516
5,5,,2026-07-30T14:14:34.533067,105229,8148,4610,8148,686,8148,44,8148,6,8148,1,9021,3,1.02793599999859
5,5,,2026-07-30T14:14:35.561182,105800,8237,4674,8237,743,8237,58,8237,5,8237,2,9348,4,1.0277637999970466
5,5,,2026-07-30T14:14:36.590603,105685,8292,4703,8292,683,8292,58,8292,4,8292,1,9140,1,1.0290164000180084
5,5,,2026-07-30T14:14:37.618146,105173,8163,4668,8163,679,8163,61,8163,3,8163,0,9293,5,1.0271706999919843
5,5,,2026-07-30T14:14:38.647231,106036,8492,4821,8492,693,8492,64,8492,4,8492,1,9243,2,1.028722100018058
5,5,,2026-07-30T14:14:39.677266,105527,8180,4705,8180,686,8180,54,8180,5,8180,0,9285,1,1.029557100002421
5,5,,2026-07-30T14:14:40.706792,105173,8038,4599,8038,707,8038,44,8038,6,8038,1,9209,4,1.0290935999946669
5,5,,2026-07-30T14:14:41.736604,105319,8279,4718,8279,684,8279,58,8279,7,8279,0,9287,1,1.0293563999875914
5,5,,2026-07-30T14:14:42.765516,104330,8306,4657,8306,704,8306,67,8306,5,8306,1,9189,4,1.0284683000063524
5,5,,2026-07-30T14:14:43.795176,105628,8437,4737,8437,691,8437,61,8437,2,8437,0,9439,2,1.0292024000082165
5,5,,2026-07-30T14:14:44.824172,105874,8283,4624,8283,721,8283,51,8283,2,8283,3,9258,0,1.028497499995865
5,5,,2026-07-30T14:14:45.854350,105810,8400,4733,8400,761,8400,59,8400,4,8400,0,9156,2,1.0297393999935593
5,5,,2026-07-30T14:14:46.883176,105402,8227,4708,8227,670,8227,55,8227,3,8227,2,9196,3,1.0283493000024464
5,5,,2026-07-30T14:14:47.912023,105554,8323,4693,8323,683,8323,49,8323,1,8323,2,9119,4,1.028388399980031
5,5,,2026-07-30T14:14:48.940073,105943,8413,4779,8413,769,8413,74,8413,1,8413,2,9227,0,1.0276387000048999
5,5,,2026-07-30T14:14:49.967653,105447,8274,4705,8274,700,8274,51,8274,2,8274,0,9375,3,1.0272408000018913
5,5,,2026-07-30T14:14:50.997162,105483,8212,4652,8212,662,8212,61,8212,1,8212,0,9452,1,1.0290854000195395
5,5,,2026-07-30T14:14:52.026358,105642,8224,4633,8224,744,8224,51,8224,3,8224,1,9403,0,1.0288079000019934
5,5,,2026-07-30T14:14:53.054046,105140,8157,4660,8157,645,8157,48,8157,8,8157,0,9294,3,1.0273196000198368
5,5,,2026-07-30T14:14:54.082683,105422,8341,4701,8341,731,8341,41,8341,5,8341,1,9205,1,1.0283308000070974
5,5,,2026-07-30T14:14:55.112069,105041,8298,4670,8298,730,8298,63,8298,7,8298,2,9279,2,1.0289878000039607
5,5,,2026-07-30T14:14:56.141336,105346,8406,4750,8406,691,8406,69,8406,6,8406,1,9364,0,1.028821700019762
5,5,,2026-07-30T14:14:57.172015,105409,8337,4770,8337,713,8337,54,8337,5,8337,2,9309,7,1.0301918000041042
5,5,,2026-07-30T14:14:58.199520,104855,8359,4685,8359,758,8359,54,8359,2,8359,2,9134,1,1.027222000004258
5,5,,2026-07-30T14:14:59.229156,105208,8204,4706,8204,689,8204,64,8204,6,8204,4,9210,6,1.029258900001878
5,5,,2026-07-30T14:15:00.259479,105068,8180,4707,8180,694,8180,55,8180,2,8180,1,9289,5,1.0298984000110067
5,5,,2026-07-30T14:15:01.288738,105749,8274,4694,8274,683,8274,45,8274,6,8274,1,9231,0,1.0288430000073276
5,5,,2026-07-30T14:15:02.316088,104514,8279,4710,8279,705,8279,47,8279,6,8279,0,9108,0,1.0268417000188492
5,5,,2026-07-30T14:15:03.346037,105201,8286,4755,8286,688,8286,69,8286,2,8286,1,9222,2,1.0296249999955762
5,5,,2026-07-30T14:15:04.375500,105433,8381,4743,8381,690,8381,58,8381,4,8381,1,9285,1,1.0290956000098959
5,5,,2026-07-30T14:15:05.405365,105748,8186,4634,8186,662,8186,59,8186,3,8186,5,9491,3,1.0294014000101015
5,5,,2026-07-30T14:15:06.434234,105161,8206,4605,8206,696,8206,44,8206,1,8206,1,9153,1,1.0285256000061054
5,5,,2026-07-30T14:15:07.463918,105384,8178,4686,8178,681,8178,39,8178,0,8178,1,9231,2,1.0292134000046644
5,5,,2026-07-30T14:15:08.493363,104952,8185,4620,8185,713,8185,49,8185,5,8185,1,9340,2,1.0290416000061668
5,5,,2026-07-30T14:15:09.522756,105377,8212,4626,8212,670,8212,64,8212,3,8212,2,9196,0,1.0290375000040513
5,5,,2026-07-30T14:15:10.552833,105297,8393,4765,8393,685,8393,58,8393,4,8393,2,9175,3,1.0294894999824464
5,5,,2026-07-30T14:15:11.582640,105967,8371,4753,8371,716,8371,60,8371,4,8371,2,9306,0,1.0294389999762643
5,5,,2026-07-30T14:15:12.611564,105368,8280,4680,8280,717,8280,55,8280,1,8280,1,9247,2,1.0284908000030555
5,5,,2026-07-30T14:15:13.641091,104860,8315,4736,8315,691,8315,51,8315,2,8315,0,9265,2,1.029086599999573
5,5,,2026-07-30T14:15:14.670617,105908,8328,4733,8328,696,8328,45,8328,3,8328,3,9079,2,1.0291585999948438
5,5,,2026-07-30T14:15:15.699981,105547,8284,4616,8284,685,8284,73,8284,4,8284,3,9364,4,1.0289455000020098
5,5,,2026-07-30T14:15:16.729719,105188,8157,4603,8157,686,8157,71,8157,9,8157,1,9278,4,1.0293189999938477
5,5,,2026-07-30T14:15:17.759756,105307,8140,4588,8140,685,8140,43,8140,8,8140,2,9441,2,1.0296443999977782
5,5,,2026-07-30T14:15:18.788727,104943,8186,4607,8186,679,8186,53,8186,2,8187,3,9321,1,1.0285392999940086
5,5,,2026-07-30T14:15:19.819096,105143,8232,4777,8232,683,8232,52,8232,3,8231,0,9232,3,1.0299459999951068
5,5,,2026-07-30T14:15:20.849129,105321,8220,4672,8220,695,8220,53,8220,4,8220,0,9129,4,1.029645000002347
5,5,,2026-07-30T14:15:21.878266,105417,8357,4653,8357,755,8357,58,8357,3,8357,0,9222,5,1.0286493000166956
5,5,,2026-07-30T14:15:22.907534,104895,8356,4717,8356,707,8356,57,8356,4,8356,1,9250,1,1.028874600015115
5,5,,2026-07-30T14:15:23.937118,104985,8265,4728,8265,633,8265,63,8265,6,8265,0,9415,1,1.029152500006603
5,5,,2026-07-30T14:15:24.965862,105350,8166,4673,8166,660,8166,61,8166,9,8166,0,9563,2,1.0282837999984622
5,5,,2026-07-30T14:15:25.996279,105241,8087,4611,8087,683,8087,57,8087,2,8087,0,9355,3,1.0298958999919705
5,5,,2026-07-30T14:15:27.025361,105767,8530,4808,8530,711,8530,56,8530,8,8530,1,9330,2,1.0286234999948647
5,5,,2026-07-30T14:15:28.053985,106111,8523,4826,8523,743,8523,56,8523,4,8523,1,9257,3,1.0282410999934655
5,5,,2026-07-30T14:15:29.083497,104930,8235,4619,8235,702,8235,66,8235,2,8235,2,9202,0,1.028914700000314
5,5,,2026-07-30T14:15:30.112958,105214,8315,4783,8315,708,8315,47,8315,1,8315,1,9447,1,1.0289816999866161
5,5,,2026-07-30T14:15:31.142094,105599,8306,4752,8306,734,8306,55,8306,7,8306,1,9271,3,1.0287000999960583
5,5,,2026-07-30T14:15:32.171064,106312,8393,4785,8393,702,8393,65,8393,4,8393,0,9383,3,1.0286416999879293
5,5,,2026-07-30T14:15:33.199692,105157,8165,4623,8165,703,8165,41,8165,4,8165,2,9204,3,1.0282602999941446
5,5,,2026-07-30T14:15:34.228998,105482,8302,4694,8302,711,8302,53,8302,1,8302,1,9434,1,1.0289775999845006
5,5,,2026-07-30T14:15:35.258718,105692,8204,4613,8204,668,8204,80,8204,9,8204,1,9359,2,1.0292691999929957
5,5,,2026-07-30T14:15:36.287298,105521,8258,4670,8258,704,8258,76,8258,2,8258,1,9436,0,1.0281527999904938
5,5,,2026-07-30T14:15:37.316753,104715,8051,4564,8051,672,8051,60,8051,8,8051,0,9223,5,1.0290559999994002
5,5,,2026-07-30T14:15:38.345742,106165,8298,4674,8298,679,8298,50,8298,3,8298,0,9528,2,1.0285069999808911
5,5,,2026-07-30T14:15:39.377016,105381,8283,4625,8283,685,8283,58,8283,9,8283,1,9257,3,1.030758999986574
5,5,,2026-07-30T14:15:40.404609,104513,8125,4511,8125,679,8125,54,8125,5,8125,1,9186,2,1.0272222999774385
5,5,,2026-07-30T14:15:41.432817,105335,8245,4668,8245,709,8245,55,8245,3,8245,3,9274,3,1.0280714000109583
5,5,,2026-07-30T14:15:42.460148,104875,8189,4644,8189,675,8189,66,8189,9,8189,1,9283,5,1.026984199997969
5,5,,2026-07-30T14:15:43.487827,104924,8211,4652,8211,701,8211,60,8211,4,8211,1,9426,4,1.0274009999993723
5,5,,2026-07-30T14:15:44.516765,105879,8289,4684,8289,725,8289,64,8289,4,8289,1,9173,4,1.0286110999877565
5,5,,2026-07-30T14:15:45.544839,105482,8234,4695,8234,659,8234,62,8234,7,8234,1,9364,3,1.0276284999854397
5,5,,2026-07-30T14:15:46.574011,105543,8332,4739,8332,699,8332,61,8332,0,8332,1,9366,3,1.02882390000741
5,5,,2026-07-30T14:15:47.602141,106107,8255,4610,8255,686,8255,56,8255,3,8255,1,9287,4,1.0278543999884278
5,5,,2026-07-30T14:15:48.631315,105349,8217,4642,8217,696,8217,56,8217,4,8217,1,9204,3,1.0288277000072412
5,5,,2026-07-30T14:15:49.659921,105088,8200,4672,8200,681,8200,64,8200,2,8200,0,9328,2,1.0281970000069123
5,5,,2026-07-30T14:15:50.689506,105121,8152,4605,8152,707,8152,52,8152,5,8152,0,9195,2,1.0291354000219144
5,5,,2026-07-30T14:15:51.717946,105640,8273,4623,8273,688,8273,59,8273,6,8273,1,9219,1,1.0280439000052866
5,5,,2026-07-30T14:15:52.747817,105046,8250,4651,8250,712,8251,58,8251,4,8251,5,9222,3,1.0293664000055287
5,5,,2026-07-30T14:15:53.776847,104884,8309,4741,8309,686,8308,58,8308,5,8308,2,9128,0,1.0285151999851223
5,5,,2026-07-30T14:15:54.807344,105186,8125,4622,8125,656,8125,64,8125,2,8125,1,9285,4,1.030024300009245
5,5,,2026-07-30T14:15:55.836624,106054,8435,4830,8435,737,8435,63,8435,7,8435,5,9335,3,1.028536099998746
5,5,,2026-07-30T14:15:56.866719,105479,8250,4636,8250,689,8250,56,8250,5,8250,1,9182,3,1.0296507999883033
5,5,,2026-07-30T14:15:57.894723,105433,8340,4750,8340,682,8340,59,8340,8,8340,0,9329,2,1.027445899992017
5,5,,2026-07-30T14:15:58.923891,105509,8209,4731,8209,681,8209,62,8209,5,8209,4,9382,2,1.0288017000129912
5,5,,2026-07-30T14:15:59.953798,105822,8357,4784,8357,665,8357,52,8357,3,8357,0,9547,1,1.029376599995885
5,5,,2026-07-30T14:16:00.980275,105862,8395,4638,8395,771,8395,83,8395,3,8395,2,9138,1,1.0260348000156227
5,5,,2026-07-30T14:16:02.009852,104991,8261,4741,8261,687,8261,57,8261,4,8261,0,9210,2,1.0292864000075497
5,5,,2026-07-30T14:16:03.037945,105519,8226,4632,8226,692,8226,61,8226,4,8226,0,9180,1,1.0276239999802783
5,5,,2026-07-30T14:16:04.064461,105169,8142,4627,8142,707,8142,51,8142,2,8142,1,9384,3,1.0262899000081234
5,5,,2026-07-30T14:16:05.093625,105255,8288,4702,8288,690,8288,66,8288,2,8288,1,9171,0,1.028895299998112
5,5,,2026-07-30T14:16:06.123024,105659,8377,4759,8377,674,8377,60,8377,7,8377,3,9152,3,1.0290300000051502
5,5,,2026-07-30T14:16:07.152952,105076,8244,4667,8244,710,8244,55,8244,2,8244,2,9314,1,1.0294833999942057
5,5,,2026-07-30T14:16:08.182783,105447,8279,4658,8279,692,8279,53,8279,5,8279,3,9274,3,1.0293799999926705
5,5,,2026-07-30T14:16:09.211679,105218,8305,4657,8305,733,8305,53,8305,5,8305,4,9274,1,1.0285513999988325
5,5,,2026-07-30T14:16:10.241655,105789,8102,4527,8102,693,8102,76,8102,2,8102,3,9292,4,1.0295255999953952
5,5,,2026-07-30T14:16:11.271858,105343,8429,4785,8429,729,8429,62,8429,2,8429,0,9365,0,1.0296137999976054
5,5,,2026-07-30T14:16:12.301318,105563,8275,4686,8275,673,8275,57,8275,5,8275,0,9375,2,1.0289467999828048
5,5,,2026-07-30T14:16:13.330745,104895,8301,4731,8301,684,8301,61,8301,3,8301,2,9497,1,1.0289854999864474
5,5,,2026-07-30T14:16:14.361070,104889,8264,4747,8264,695,8264,50,8264,2,8264,2,9200,2,1.0298308999917936
5,5,,2026-07-30T14:16:15.390143,105307,8252,4629,8252,734,8252,53,8252,8,8252,2,9232,0,1.0287508000037633
5,5,,2026-07-30T14:16:16.420490,105221,8360,4703,8360,697,8360,56,8360,5,8360,0,9351,4,1.0298309000208974
5,5,,2026-07-30T14:16:17.449045,105391,8268,4677,8268,721,8268,61,8268,3,8268,2,9521,1,1.0279501999903005
5,5,,2026-07-30T14:16:18.478734,105997,8292,4710,8292,706,8292,49,8292,4,8292,1,9208,0,1.0292546999990009
5,5,,2026-07-30T14:16:19.508108,105778,8355,4706,8355,770,8355,53,8355,5,8355,1,9371,1,1.0288837999978568
5,5,,2026-07-30T14:16:20.537177,105641,8225,4640,8225,759,8225,59,8225,8,8225,2,9193,2,1.0287090000056196
5,5,,2026-07-30T14:16:21.564350,104937,8313,4756,8313,670,8313,43,8313,5,8313,0,9352,0,1.0268483999825548
5,5,,2026-07-30T14:16:22.593817,105655,8344,4705,8344,690,8344,52,8344,5,8344,1,9369,3,1.0290893999917898
5,5,,2026-07-30T14:16:23.623733,105679,8317,4674,8317,666,8317,53,8317,7,8317,0,9330,1,1.0294622000074014
5,5,,2026-07-30T14:16:24.654599,105627,8369,4765,8369,695,8369,71,8369,3,8369,3,9283,2,1.0303547999938019
5,5,,2026-07-30T14:16:25.682264,105330,8297,4798,8297,725,8297,64,8297,3,8297,1,9377,3,1.0270464000059292
5,5,,2026-07-30T14:16:26.712121,105090,8317,4679,8317,704,8317,59,8317,1,8317,1,9175,2,1.0294475999835413
5,5,,2026-07-30T14:16:27.740683,104885,8227,4599,8227,678,8227,62,8227,6,8227,1,9171,5,1.0281149999937043
5,5,,2026-07-30T14:16:28.770844,105465,8297,4772,8297,668,8297,57,8297,4,8297,1,9269,1,1.029601200018078
5,5,,2026-07-30T14:16:29.799844,106068,8222,4579,8222,729,8222,67,8222,3,8222,1,9285,2,1.028465600014897
5,5,,2026-07-30T14:16:30.828206,105240,8267,4651,8267,714,8267,61,8267,1,8267,1,9205,6,1.0279852999956347
5,5,,2026-07-30T14:16:31.856235,105424,8199,4615,8199,713,8199,58,8199,4,8199,0,9200,1,1.0277622999856248
5,5,,2026-07-30T14:16:32.884568,105584,8359,4618,8359,764,8359,54,8359,0,8359,1,9236,3,1.0279421999875922
5,5,,2026-07-30T14:16:33.913835,105489,8315,4758,8315,704,8315,49,8315,3,8315,1,9180,2,1.0288787000172306
5,5,,2026-07-30T14:16:34.941765,105363,8104,4595,8104,690,8104,53,8104,4,8104,4,9167,4,1.0277806000085548
5,5,,2026-07-30T14:16:35.970158,105352,8168,4637,8168,650,8168,62,8168,5,8168,0,9264,2,1.0278343000099994
5,5,,2026-07-30T14:16:36.998604,105407,8258,4690,8258,713,8258,68,8258,3,8258,1,9435,5,1.028080799995223
5,5,,2026-07-30T14:16:38.027551,105382,8348,4689,8348,714,8348,62,8348,5,8348,0,9228,2,1.028515600017272
5,5,,2026-07-30T14:16:39.057543,105391,8095,4579,8095,723,8095,42,8095,6,8095,1,9286,6,1.0296139999991283
5,5,,2026-07-30T14:16:40.086684,105960,8340,4715,8340,711,8340,56,8340,2,8340,2,9421,1,1.0287288000108674
5,5,,2026-07-30T14:16:41.116746,105956,8330,4748,8330,680,8330,52,8330,1,8330,2,9234,2,1.029525799996918
5,5,,2026-07-30T14:16:42.144865,105495,8400,4780,8400,676,8400,71,8400,5,8400,0,9411,4,1.0276446000207216
5,5,,2026-07-30T14:16:43.173620,105115,8233,4734,8233,657,8233,59,8233,4,8234,1,9267,3,1.0284180000016931
5,5,,2026-07-30T14:16:44.201831,105458,8229,4672,8229,683,8229,58,8229,1,8228,0,9302,2,1.0278392999898642
5,5,,2026-07-30T14:16:45.231130,105247,8244,4675,8244,713,8244,63,8244,7,8244,2,9380,1,1.0288323999848217
5,5,,2026-07-30T14:16:46.262234,105742,8196,4596,8196,713,8196,58,8196,7,8196,1,9191,4,1.0307279000116978
5,5,,2026-07-30T14:16:47.293191,106130,8342,4753,8342,688,8342,56,8342,10,8342,2,9337,0,1.0304420000175014
5,5,,2026-07-30T14:16:48.324109,105334,8416,4728,8416,718,8416,60,8416,4,8416,0,9415,4,1.0304021000047214
5,5,,2026-07-30T14:16:49.351845,105560,8156,4663,8156,679,8156,51,8156,4,8156,2,9216,2,1.0273240999958944
5,5,,2026-07-30T14:16:50.382636,105198,8344,4697,8344,651,8344,62,8344,4,8344,0,9385,0,1.0305101000121795
5,5,,2026-07-30T14:16:51.412593,105109,8308,4719,8308,714,8308,52,8308,1,8308,0,9277,3,1.0295980999944732
5,5,,2026-07-30T14:16:52.442418,105653,8404,4785,8404,673,8404,75,8404,5,8404,1,9312,1,1.0294327000156045
5,5,,2026-07-30T14:16:53.471303,105256,8286,4670,8286,685,8286,52,8286,2,8286,2,9336,3,1.0284475999942515
5,5,,2026-07-30T14:16:54.498710,105386,8349,4719,8349,702,8349,55,8349,6,8349,1,9194,1,1.0269595000136178
5,5,,2026-07-30T14:16:55.525883,105179,8256,4682,8256,691,8256,50,8256,5,8256,2,9181,1,1.0268465999979526
5,5,,2026-07-30T14:16:56.553331,105551,8468,4806,8468,697,8468,66,8468,7,8468,1,9208,3,1.0271629999915604
5,5,,2026-07-30T14:16:57.581140,105172,8398,4673,8398,719,8398,60,8398,4,8398,1,9227,5,1.0275038000254426
5,5,,2026-07-30T14:16:58.610100,105441,8381,4780,8381,691,8381,51,8381,6,8381,2,9220,1,1.0286292000091635
5,5,,2026-07-30T14:16:59.639387,105493,8275,4666,8275,682,8275,58,8275,4,8275,1,9262,1,1.028935200010892
5,5,,2026-07-30T14:17:00.667922,105395,8119,4587,8119,676,8119,49,8119,4,8119,3,9304,0,1.0281420999963302
5,5,,2026-07-30T14:17:01.696369,106013,8262,4763,8262,691,8262,47,8262,5,8262,1,9262,2,1.028153100021882
5,5,,2026-07-30T14:17:02.722629,105379,8306,4671,8306,742,8306,54,8306,6,8306,0,9294,1,1.0259406999975909
5,5,,2026-07-30T14:17:03.749764,105219,8320,4724,8320,694,8320,66,8320,3,8320,1,9485,0,1.026965500001097
5,5,,2026-07-30T14:17:04.779368,104769,8255,4679,8255,689,8255,48,8255,5,8255,0,9379,1,1.0293462999979965
5,5,,2026-07-30T14:17:05.808797,106053,8425,4798,8425,683,8425,63,8425,4,8425,0,9359,1,1.0290267000091262
5,5,,2026-07-30T14:17:06.838684,105492,8385,4746,8385,664,8385,54,8385,5,8385,1,9190,5,1.0294768000021577
5,5,,2026-07-30T14:17:07.868069,105302,8210,4694,8210,677,8210,51,8210,3,8210,2,9349,0,1.0289559999946505
5,5,,2026-07-30T14:17:08.897115,105716,8172,4625,8172,694,8172,57,8172,2,8172,1,9360,2,1.0286608000169508
5,5,,2026-07-30T14:17:09.927113,105616,8164,4609,8164,694,8164,60,8164,4,8164,0,9257,2,1.029677399987122
5,5,,2026-07-30T14:17:10.956405,105424,8106,4614,8106,649,8106,60,8106,4,8106,2,9403,0,1.0289515999902505
5,5,,2026-07-30T14:17:11.985406,105865,8320,4794,8320,690,8320,54,8320,2,8320,1,9467,1,1.0286264999886043
5,5,,2026-07-30T14:17:13.013912,106270,8289,4698,8289,701,8289,60,8289,5,8289,1,9424,0,1.0281555999827106
5,5,,2026-07-30T14:17:14.044066,105635,8205,4659,8205,680,8205,54,8205,4,8205,1,9313,1,1.0296920000109822
5,5,,2026-07-30T14:17:15.072927,105700,8398,4755,8398,719,8398,55,8398,7,8398,5,9223,3,1.0284419999807142
5,5,,2026-07-30T14:17:16.102687,105699,8249,4628,8249,722,8249,61,8249,4,8249,0,9333,0,1.0293394000036642
5,5,,2026-07-30T14:17:17.131689,105290,8343,4714,8343,660,8343,55,8343,2,8343,0,9219,0,1.0286168000020552
5,5,,2026-07-30T14:17:18.160847,105055,8325,4752,8325,689,8325,60,8325,8,8325,1,9274,2,1.0288224999967497
5,5,,2026-07-30T14:17:19.190108,105605,8336,4774,8336,641,8336,63,8336,5,8336,1,9114,2,1.0288553000136744
5,5,,2026-07-30T14:17:20.219442,104860,8387,4767,8387,663,8387,61,8387,2,8387,0,9269,2,1.028750500001479
5,5,,2026-07-30T14:17:21.247718,105764,8315,4660,8315,697,8315,49,8315,6,8315,1,9221,2,1.0276954000000842
5,5,,2026-07-30T14:17:22.277256,105591,8314,4734,8314,702,8314,60,8314,4,8314,0,9432,2,1.0291047999926377
5,5,,2026-07-30T14:17:23.304811,105626,8217,4613,8217,725,8217,57,8217,1,8217,1,9258,0,1.026842299994314
5,5,,2026-07-30T14:17:24.332315,105726,8189,4586,8189,667,8189,43,8189,2,8189,0,9252,5,1.0272087000194006
5,5,,2026-07-30T14:17:25.360556,104897,8320,4707,8320,678,8320,71,8320,3,8320,2,9203,5,1.0279352000216022
5,5,,2026-07-30T14:17:26.389715,105369,8290,4677,8290,732,8290,72,8290,5,8290,0,9340,2,1.0288277999788988
5,5,,2026-07-30T14:17:27.418467,105875,8244,4694,8244,663,8244,58,8244,6,8244,1,9450,1,1.0284932999929879
5,5,,2026-07-30T14:17:28.446599,105234,8313,4684,8313,727,8313,48,8313,2,8313,1,9147,5,1.0277806000085548
5,5,,2026-07-30T14:17:29.475727,104723,8197,4647,8197,684,8197,50,8197,6,8197,0,9374,3,1.028898799995659
5,5,,2026-07-30T14:17:30.505265,105663,8245,4688,8245,671,8246,58,8246,11,8246,0,9543,3,1.0292265999887604
5,5,,2026-07-30T14:17:31.533450,105604,8296,4719,8296,689,8295,47,8295,2,8295,2,9331,3,1.027829800004838
5,5,,2026-07-30T14:17:32.562478,105567,8335,4721,8335,728,8335,53,8335,5,8335,1,9163,1,1.0286988999869209
5,5,,2026-07-30T14:17:33.592233,105745,8303,4671,8303,735,8303,47,8303,3,8303,2,9351,5,1.0293993999948725
5,5,,2026-07-30T14:17:34.622935,105814,8365,4688,8365,684,8365,74,8365,4,8365,4,9343,1,1.0303692999877967
5,5,,2026-07-30T14:17:35.653347,105905,8287,4728,8287,696,8287,53,8287,3,8287,3,9108,3,1.0299267999944277
5,5,,2026-07-30T14:17:36.683189,106129,8365,4744,8365,680,8365,61,8365,2,8365,1,9324,4,1.029441399994539
5,5,,2026-07-30T14:17:37.711871,105973,8335,4629,8335,736,8335,48,8335,3,8335,1,9341,3,1.0283475999895018
5,5,,2026-07-30T14:17:38.742295,105208,8346,4712,8346,697,8346,55,8346,1,8346,0,9111,2,1.0299877999932505
5,5,,2026-07-30T14:17:39.772536,105293,8293,4709,8293,739,8293,65,8293,3,8293,2,9409,2,1.029653799982043
5,5,,2026-07-30T14:17:40.801107,105632,8280,4693,8280,669,8280,41,8280,6,8280,3,9159,2,1.028184599999804
5,5,,2026-07-30T14:17:41.829820,105681,8342,4704,8342,695,8342,53,8342,3,8342,1,9331,3,1.028257300000405
5,5,,2026-07-30T14:17:42.860415,105254,8226,4609,8226,743,8226,51,8226,6,8226,1,9426,2,1.0301802000030875
5,5,,2026-07-30T14:17:43.889005,105692,8179,4701,8179,646,8179,58,8179,7,8179,2,9338,2,1.0282490000245161
5,5,,2026-07-30T14:17:44.918318,105953,8392,4749,8392,711,8392,61,8392,2,8392,1,9707,3,1.0287974000093527
5,5,,2026-07-30T14:17:45.945649,105847,8406,4739,8406,712,8406,67,8406,6,8406,1,9347,3,1.0269706999824848
5,5,,2026-07-30T14:17:46.974904,105639,8276,4723,8276,712,8276,44,8276,6,8276,0,9321,1,1.0288825000170618
5,5,,2026-07-30T14:17:48.004879,105682,8465,4937,8465,683,8465,51,8465,6,8465,1,9198,1,1.0296613000100479
5,5,,2026-07-30T14:17:49.033586,105949,8327,4730,8327,701,8327,57,8327,3,8327,0,9388,5,1.028272299998207
5,5,,2026-07-30T14:17:50.063362,105619,8233,4707,8233,672,8233,50,8233,1,8233,1,9336,1,1.0292946000117809
5,5,,2026-07-30T14:17:51.093053,106295,8239,4717,8239,700,8239,61,8239,3,8239,3,9513,1,1.0292843999923207
5,5,,2026-07-30T14:17:52.122639,105393,8320,4661,8320,700,8320,68,8320,2,8320,0,9384,0,1.0290724000078626
5,5,,2026-07-30T14:17:53.152466,105870,8188,4627,8188,694,8188,53,8188,7,8188,1,9422,1,1.0294081999745686
5,5,,2026-07-30T14:17:54.181291,105515,8410,4737,8410,702,8410,45,8410,5,8410,1,9431,4,1.028423700015992
5,5,,2026-07-30T14:17:55.211766,106091,8208,4599,8208,680,8208,58,8208,2,8208,1,9508,5,1.0301200000103563
5,5,,2026-07-30T14:17:56.244431,106849,8501,4826,8501,712,8501,63,8501,6,8501,1,9225,3,1.032228700001724
5,5,,2026-07-30T14:17:57.273387,105885,8371,4704,8371,688,8371,60,8371,3,8371,1,9243,0,1.0285931999969762
5,5,,2026-07-30T14:17:58.301973,105378,8318,4660,8318,720,8318,55,8318,3,8318,1,9194,1,1.0282116000016686
5,5,,2026-07-30T14:17:59.331525,105465,8249,4620,8249,677,8249,63,8249,6,8249,2,9368,2,1.0291680000082124
5,5,,2026-07-30T14:18:00.360840,105659,8297,4681,8297,697,8297,76,8297,4,8297,1,9336,0,1.0290600000007544
5,5,,2026-07-30T14:18:01.390319,105292,8353,4614,8353,786,8353,72,8353,3,8353,1,9305,2,1.0290511999919545
5,5,,2026-07-30T14:18:02.419202,105878,8428,4716,8428,698,8428,63,8428,4,8428,2,9424,2,1.0284405999991577
5,5,,2026-07-30T14:18:03.448913,106194,8296,4625,8296,683,8296,51,8296,4,8296,1,9337,0,1.0292065999819897
5,5,,2026-07-30T14:18:04.476611,105921,8349,4741,8349,662,8349,66,8349,5,8349,1,9384,4,1.0271695000119507
5,5,,2026-07-30T14:18:05.506211,104900,8242,4668,8242,706,8242,49,8242,5,8242,1,9295,3,1.0293135000101756
5,5,,2026-07-30T14:18:06.533894,105955,8418,4770,8418,706,8418,52,8418,7,8418,3,9141,3,1.0273456999857444
5,5,,2026-07-30T14:18:07.562549,106104,8406,4797,8406,674,8406,60,8406,8,8406,1,9370,2,1.028408500016667
5,5,,2026-07-30T14:18:08.592328,105808,8276,4633,8276,739,8276,69,8276,5,8276,1,9414,1,1.0294393000076525
5,5,,2026-07-30T14:18:09.621956,105599,8354,4670,8354,713,8354,61,8354,8,8354,1,9085,4,1.0292134000046644
5,5,,2026-07-30T14:18:10.652005,105859,8350,4748,8350,702,8350,55,8350,5,8350,2,9343,2,1.0296700000180863
5,5,,2026-07-30T14:18:11.681420,105208,8327,4678,8327,714,8327,50,8327,7,8327,0,9238,1,1.029036099993391
5,5,,2026-07-30T14:18:12.709991,105520,8251,4693,8251,674,8251,67,8251,3,8251,0,9300,1,1.0282914999988861
5,5,,2026-07-30T14:18:13.738390,105300,8359,4766,8359,697,8359,59,8359,7,8359,0,9439,1,1.027970799972536
5,5,,2026-07-30T14:18:14.766845,105638,8428,4753,8428,719,8428,65,8428,5,8428,0,9421,1,1.0281568000209518
5,5,,2026-07-30T14:18:15.794959,106101,8285,4648,8285,728,8285,77,8285,6,8285,2,9271,2,1.0277988000016194
5,5,,2026-07-30T14:18:16.823220,105488,8341,4778,8341,651,8341,51,8341,8,8341,2,9331,2,1.0279337000101805
5,5,,2026-07-30T14:18:17.853550,105362,8324,4764,8324,690,8324,59,8324,7,8324,1,9591,2,1.0297960999887437
5,5,,2026-07-30T14:18:18.883852,105520,8376,4748,8376,661,8376,51,8376,1,8376,1,9213,2,1.0299415000190493
5,5,,2026-07-30T14:18:19.914207,106128,8368,4803,8368,684,8368,64,8368,4,8368,2,9301,4,1.0298268999904394
5,5,,2026-07-30T14:18:20.942798,106070,8258,4665,8258,667,8258,51,8258,4,8258,1,9252,3,1.0281835999921896
5,5,,2026-07-30T14:18:21.972654,106023,8163,4553,8163,700,8163,46,8163,10,8163,1,9185,2,1.0294038000283763
5,5,,2026-07-30T14:18:23.002815,105514,8164,4631,8164,689,8164,68,8164,4,8164,1,9251,1,1.0298027000098955
5,5,,2026-07-30T14:18:24.031570,105602,8233,4686,8233,694,8233,58,8233,4,8233,1,9417,3,1.0283934000181034
5,5,,2026-07-30T14:18:25.060269,106133,8275,4582,8275,748,8275,65,8275,3,8275,2,9215,1,1.0282661000092048
5,5,,2026-07-30T14:18:26.089428,106148,8278,4642,8278,667,8278,58,8278,4,8278,1,9231,1,1.0288201000075787
5,5,,2026-07-30T14:18:27.118027,105622,8474,4822,8474,721,8474,61,8474,5,8474,0,9365,0,1.0282317000092007
5,5,,2026-07-30T14:18:28.145785,106270,8297,4693,8297,713,8297,59,8297,3,8297,0,9444,3,1.0274555000069086
5,5,,2026-07-30T14:18:29.177030,105478,8401,4820,8401,684,8401,44,8401,5,8401,1,9233,2,1.0309345000132453
5,5,,2026-07-30T14:18:30.205698,105628,8222,4658,8222,627,8222,43,8222,4,8222,0,9239,4,1.0282055000134278
5,5,,2026-07-30T14:18:31.234424,105889,8110,4611,8111,694,8111,53,8111,5,8111,1,9376,0,1.0283273000095505
5,5,,2026-07-30T14:18:32.263304,105205,8253,4734,8252,705,8252,73,8252,6,8252,2,9344,4,1.0285231999878306
5,5,,2026-07-30T14:18:33.292146,105235,8166,4585,8166,685,8166,55,8166,6,8166,0,9258,2,1.0284617000143044
5,5,,2026-07-30T14:18:34.321641,106235,8380,4724,8380,677,8380,49,8380,2,8380,0,9204,3,1.029106000001775
5,5,,2026-07-30T14:18:35.350905,106187,8464,4805,8464,696,8464,64,8464,2,8464,2,9068,2,1.028878800017992
5,5,,2026-07-30T14:18:36.379976,105740,8452,4808,8452,664,8452,63,8452,7,8452,0,9362,0,1.0285649000143167
5,5,,2026-07-30T14:18:37.408865,105818,8290,4691,8290,695,8290,59,8290,12,8290,0,9259,1,1.0286229000193998
5,5,,2026-07-30T14:18:38.438641,106110,8356,4706,8356,723,8356,57,8356,5,8356,1,9453,2,1.0294314000057057
5,5,,2026-07-30T14:18:39.468693,106309,8273,4710,8273,742,8273,60,8273,1,8273,1,9346,1,1.0295094999892171
5,5,,2026-07-30T14:18:40.498157,105934,8294,4748,8294,702,8294,48,8294,3,8294,2,9285,4,1.0290918000100646
5,5,,2026-07-30T14:18:41.527886,106077,8274,4735,8274,640,8274,58,8274,7,8274,1,9353,2,1.0293070999905467
5,5,,2026-07-30T14:18:42.557672,105546,8476,4851,8476,670,8476,72,8476,6,8476,0,9263,0,1.0292442999780178
5,5,,2026-07-30T14:18:43.586087,105666,8330,4699,8330,698,8330,45,8330,1,8330,2,9374,2,1.0279686999856494
5,5,,2026-07-30T14:18:44.615339,105187,8319,4660,8319,737,8319,49,8319,0,8319,0,9156,0,1.0288327999878675
5,5,,2026-07-30T14:18:45.644840,106160,8320,4750,8320,687,8320,62,8320,3,8320,2,9188,2,1.0291048000217415
5,5,,2026-07-30T14:18:46.673126,106088,8359,4694,8359,693,8359,62,8359,5,8359,2,9428,0,1.0278855000215117
5,5,,2026-07-30T14:18:47.701556,105588,8220,4651,8220,683,8220,64,8220,6,8220,1,9485,1,1.0281191999965813
5,5,,2026-07-30T14:18:48.730691,106106,8336,4795,8336,700,8336,59,8336,2,8336,2,9333,2,1.0287404999835417
5,5,,2026-07-30T14:18:49.760996,105605,8231,4677,8231,688,8231,54,8231,7,8231,2,9360,2,1.02983410001616
5,5,,2026-07-30T14:18:50.790489,105974,8443,4803,8443,714,8443,62,8443,4,8443,1,9227,2,1.0290884999849368
5,5,,2026-07-30T14:18:51.819596,105539,8257,4598,8257,693,8257,52,8257,4,8257,0,9482,1,1.0286657999968156
5,5,,2026-07-30T14:18:52.849355,105008,8281,4687,8281,666,8281,54,8281,8,8281,0,9401,3,1.0293003999977373
5,5,,2026-07-30T14:18:53.878148,105928,8382,4767,8382,729,8382,52,8382,3,8382,2,9114,5,1.0283788999950048
5,5,,2026-07-30T14:18:54.908656,105508,8130,4607,8130,666,8130,60,8130,4,8130,1,9281,2,1.0300992999982554
5,5,,2026-07-30T14:18:55.937713,105959,8330,4698,8330,724,8330,59,8330,5,8330,0,9469,1,1.0286659999983385
5,5,,2026-07-30T14:18:56.967945,106156,8323,4701,8323,693,8323,53,8323,2,8323,1,9092,1,1.0297166999953333
5,5,,2026-07-30T14:18:57.997339,106204,8461,4833,8461,721,8461,47,8461,5,8461,1,9200,5,1.0289870999986306
5,5,,2026-07-30T14:18:59.027227,105896,8283,4652,8283,699,8283,51,8283,8,8283,1,9368,3,1.0294894000107888
5,5,,2026-07-30T14:19:00.054205,105584,8450,4792,8450,715,8450,49,8450,4,8450,0,9255,2,1.0267099999764469
5,5,,2026-07-30T14:19:01.085665,104953,8129,4558,8129,693,8129,61,8129,2,8129,1,9485,4,1.031246500002453
5,5,,2026-07-30T14:19:02.114915,105889,8124,4636,8124,705,8124,46,8124,4,8124,1,9388,6,1.0287204000051133
5,5,,2026-07-30T14:19:03.143583,105836,8209,4576,8209,681,8209,56,8209,4,8209,0,9281,1,1.0283225000021048
5,5,,2026-07-30T14:19:04.169825,106006,8294,4697,8294,718,8294,56,8294,4,8294,4,9379,0,1.025985699990997
5,5,,2026-07-30T14:19:05.197248,105383,8355,4733,8355,662,8355,43,8355,6,8355,1,9363,3,1.027177899988601
5,5,,2026-07-30T14:19:06.226708,105940,8523,4792,8523,670,8523,60,8523,6,8523,0,9206,1,1.028723399998853
5,5,,2026-07-30T14:19:07.255024,105910,8355,4721,8355,716,8355,57,8355,2,8355,1,9208,2,1.0277937999926507
5,5,,2026-07-30T14:19:08.285178,106166,8332,4697,8332,741,8332,47,8332,5,8332,2,9353,4,1.0296973999938928
5,5,,2026-07-30T14:19:09.314179,106212,8311,4689,8311,700,8311,66,8311,8,8311,0,9538,1,1.028518199978862
5,5,,2026-07-30T14:19:10.341677,105322,8242,4618,8242,684,8242,72,8242,2,8242,1,9455,3,1.027136899996549
5,5,,2026-07-30T14:19:11.370670,105511,8221,4523,8221,745,8221,58,8221,4,8221,0,9301,1,1.028623799997149
5,5,,2026-07-30T14:19:12.398933,105981,8320,4805,8320,656,8320,72,8320,2,8320,1,9362,1,1.0279018000001088
5,5,,2026-07-30T14:19:13.428451,105321,8361,4704,8361,724,8361,62,8361,2,8361,1,9330,2,1.0289930000144523
5,5,,2026-07-30T14:19:14.457821,106021,8329,4722,8329,663,8329,59,8329,1,8329,2,9194,1,1.0288701000099536
5,5,,2026-07-30T14:19:15.487303,105406,8270,4692,8270,678,8270,62,8270,3,8270,2,9330,2,1.0291294999769889
5,5,,2026-07-30T14:19:16.518326,105360,8365,4698,8365,731,8365,60,8365,6,8365,0,9361,1,1.030604300001869
5,5,,2026-07-30T14:19:17.546801,105847,8355,4681,8355,725,8355,63,8355,6,8355,1,9423,1,1.0279183999809902
5,5,,2026-07-30T14:19:18.575296,106124,8324,4674,8324,692,8324,50,8324,2,8324,0,9435,5,1.0279615999897942
5,5,,2026-07-30T14:19:19.604542,106239,8283,4610,8283,734,8283,59,8283,6,8283,1,9481,1,1.0289028999977745
5,5,,2026-07-30T14:19:20.633229,105871,8434,4701,8434,683,8434,53,8434,8,8434,1,9256,3,1.0283154999779072
5,5,,2026-07-30T14:19:21.662347,106286,8310,4754,8310,701,8310,52,8310,3,8310,0,9170,2,1.0286838000174612
5,5,,2026-07-30T14:19:22.690593,105571,8420,4794,8420,690,8420,52,8420,4,8420,0,9243,2,1.0279185000108555
5,5,,2026-07-30T14:19:23.720761,106507,8321,4739,8321,704,8321,66,8321,3,8321,0,9375,1,1.0297983999771532
5,5,,2026-07-30T14:19:24.750580,105977,8399,4754,8399,734,8399,48,8399,3,8399,3,9235,2,1.0293391000013798
5,5,,2026-07-30T14:19:25.780385,106396,8253,4695,8253,687,8253,64,8253,5,8253,1,9461,3,1.0294465000042692
5,5,,2026-07-30T14:19:26.808581,105399,8193,4671,8193,657,8193,49,8193,3,8193,1,9230,0,1.0278694000153337
5,5,,2026-07-30T14:19:27.838384,105767,8380,4660,8380,731,8380,72,8380,4,8380,0,9167,3,1.0293834999902174
5,5,,2026-07-30T14:19:28.868580,106062,8273,4655,8273,719,8273,51,8273,4,8273,1,9318,0,1.029689499991946
5,5,,2026-07-30T14:19:29.897322,106344,8304,4723,8304,665,8304,67,8304,5,8304,0,9491,2,1.028311100002611
5,5,,2026-07-30T14:19:30.925967,106210,8392,4724,8392,680,8392,54,8392,6,8392,0,9175,1,1.0281757999910042
5,5,,2026-07-30T14:19:31.956588,106068,8206,4676,8206,646,8206,70,8206,4,8206,1,9295,0,1.0303265000111423
5,5,,2026-07-30T14:19:32.986056,106311,8408,4765,8408,678,8408,48,8408,3,8408,4,9388,1,1.0287866999860853
5,5,,2026-07-30T14:19:34.014814,105568,8261,4591,8261,728,8261,65,8261,0,8261,2,9339,1,1.0283959000080358
5,5,,2026-07-30T14:19:35.044242,105735,8191,4634,8191,680,8191,59,8191,3,8191,1,9306,2,1.0290795000037178
5,5,,2026-07-30T14:19:36.074959,106133,8274,4759,8274,667,8274,62,8274,3,8274,0,9354,3,1.0302751999988686
5,5,,2026-07-30T14:19:37.102308,105656,8232,4678,8232,732,8232,63,8232,8,8232,0,9282,2,1.026882200007094
5,5,,2026-07-30T14:19:38.130031,105865,8369,4753,8369,712,8369,62,8369,4,8369,0,9273,1,1.027340100001311
5,5,,2026-07-30T14:19:39.158801,106151,8332,4693,8332,716,8332,76,8332,2,8332,1,9244,3,1.0283956000057515
5,5,,2026-07-30T14:19:40.186557,105398,8364,4727,8364,740,8364,53,8364,1,8364,1,9287,1,1.0275452000205405
5,5,,2026-07-30T14:19:41.215252,106037,8231,4676,8231,679,8231,60,8231,3,8231,1,9254,1,1.028290599992033
5,5,,2026-07-30T14:19:42.244645,105528,8242,4620,8242,680,8242,63,8242,4,8242,0,9282,1,1.0289237000106368
5,5,,2026-07-30T14:19:43.273692,105775,8277,4712,8277,696,8277,57,8277,7,8277,0,9129,1,1.0286036999896169
5,5,,2026-07-30T14:19:44.304097,106058,8470,4817,8470,689,8470,41,8470,1,8470,1,9495,1,1.0299005999986548
5,5,,2026-07-30T14:19:45.333404,105854,8497,4879,8497,693,8497,59,8497,5,8497,2,9213,3,1.0288181999931112
5,5,,2026-07-30T14:19:46.362715,105952,8214,4680,8214,693,8214,52,8214,3,8214,0,9175,1,1.028878800017992
5,5,,2026-07-30T14:19:47.391510,105910,8367,4743,8367,699,8367,53,8367,6,8367,1,9280,1,1.028403900010744
5,5,,2026-07-30T14:19:48.420494,106381,8441,4699,8441,756,8441,58,8441,6,8441,1,9524,4,1.0283998999802861
5,5,,2026-07-30T14:19:49.448233,105510,8257,4674,8257,692,8257,58,8257,3,8257,2,9358,3,1.0273408999782987
5,5,,2026-07-30T14:19:50.477606,106130,8416,4761,8416,690,8416,64,8416,4,8416,2,9432,2,1.0290160999866202
5,5,,2026-07-30T14:19:51.505627,105680,8351,4785,8351,723,8351,46,8351,4,8351,0,9390,3,1.027679699996952
5,5,,2026-07-30T14:19:52.535854,105312,8269,4716,8269,702,8269,53,8269,3,8269,3,9427,2,1.0300555000139866
5,5,,2026-07-30T14:19:53.564203,106617,8232,4589,8232,685,8232,53,8232,4,8232,1,9395,3,1.0277851000137161
5,5,,2026-07-30T14:19:54.591694,105639,8324,4756,8324,669,8324,44,8324,3,8324,2,9402,1,1.0271971999900416
5,5,,2026-07-30T14:19:55.620268,106250,8323,4713,8323,725,8323,55,8323,3,8323,1,9521,4,1.028241199994227
5,5,,2026-07-30T14:19:56.649880,106603,8256,4668,8256,676,8256,72,8256,6,8256,2,9371,3,1.0292055999743752
5,5,,2026-07-30T14:19:57.679249,106259,8413,4689,8413,670,8413,58,8413,4,8413,0,9383,3,1.0288243000104558
5,5,,2026-07-30T14:19:58.709100,106418,8230,4593,8230,736,8230,55,8230,5,8230,0,9621,3,1.029440499987686
5,5,,2026-07-30T14:19:59.737740,106415,8227,4649,8227,719,8227,46,8227,5,8227,1,9228,1,1.0280780000030063
5,5,,2026-07-30T14:20:00.768631,105972,8167,4708,8167,712,8167,48,8167,7,8167,1,9412,3,1.0304938000044785
5,5,,2026-07-30T14:20:01.797371,105576,8251,4687,8251,674,8251,53,8251,3,8251,0,9474,3,1.0282676999922842
5,5,,2026-07-30T14:20:02.826686,105425,8177,4628,8177,657,8177,51,8177,1,8177,1,9377,3,1.0289840000041295
5,5,,2026-07-30T14:20:03.857683,105882,8340,4678,8340,677,8340,60,8340,4,8340,1,9321,2,1.0305412000161596
5,5,,2026-07-30T14:20:04.887829,105734,8432,4762,8432,703,8432,56,8432,5,8432,1,9391,0,1.0295156999782193
5,5,,2026-07-30T14:20:05.915492,105424,8374,4703,8374,712,8374,53,8374,2,8374,1,9367,1,1.0270958000037353
5,5,,2026-07-30T14:20:06.944460,106352,8486,4813,8486,710,8486,49,8486,6,8486,2,9194,5,1.0286660999991
5,5,,2026-07-30T14:20:07.973646,105589,8193,4688,8193,644,8193,58,8193,2,8193,1,9329,2,1.0288428999774624
5,5,,2026-07-30T14:20:09.003449,106030,8386,4798,8386,728,8386,53,8386,3,8386,2,9427,3,1.02941779998946
5,5,,2026-07-30T14:20:10.032571,106505,8458,4786,8458,715,8458,62,8458,8,8458,0,9467,3,1.0286931000009645
5,5,,2026-07-30T14:20:11.062681,105805,8229,4687,8229,676,8229,57,8229,3,8229,0,9406,3,1.0297242999949958
5,5,,2026-07-30T14:20:12.093669,106117,8342,4734,8342,663,8342,58,8342,10,8342,1,9346,2,1.0304992999881506
5,5,,2026-07-30T14:20:13.123701,105805,8353,4776,8353,673,8353,59,8353,3,8353,3,9328,5,1.029480600001989
5,5,,2026-07-30T14:20:14.152331,105990,8446,4723,8446,702,8446,49,8446,1,8446,2,9430,5,1.0280441000068095
5,5,,2026-07-30T14:20:15.180170,105772,8327,4775,8327,686,8327,47,8327,6,8327,0,9447,3,1.0273554000013974
5,5,,2026-07-30T14:20:16.208563,106235,8360,4795,8360,703,8360,49,8360,4,8360,2,9276,1,1.0280958999937866
5,5,,2026-07-30T14:20:17.238337,105494,8388,4801,8388,723,8388,55,8388,2,8388,3,9150,0,1.0294178999902215
5,5,,2026-07-30T14:20:18.267668,106343,8334,4719,8334,705,8334,57,8334,4,8334,0,9436,2,1.028874400013592
5,5,,2026-07-30T14:20:19.293941,106293,8246,4762,8246,667,8246,57,8246,3,8246,1,9301,2,1.025879900000291
5,5,,2026-07-30T14:20:20.319425,105769,8282,4630,8282,690,8282,53,8282,3,8282,1,9550,1,1.0253171999938786
5,5,,2026-07-30T14:20:21.347666,105907,8315,4618,8315,705,8315,46,8315,5,8315,1,9401,2,1.0280223000154365
5,5,,2026-07-30T14:20:22.375213,106368,8326,4756,8326,715,8326,56,8326,5,8326,4,9389,2,1.0273393999959808
5,5,,2026-07-30T14:20:23.405007,105861,8254,4713,8254,685,8254,53,8254,5,8254,0,8978,2,1.029373299999861
5,5,,2026-07-30T14:20:24.434000,105452,8204,4691,8204,665,8204,56,8204,3,8204,1,9287,6,1.028584999992745
5,5,,2026-07-30T14:20:25.463763,106389,8303,4640,8303,699,8303,69,8303,8,8303,0,9350,3,1.0293536999961361
5,5,,2026-07-30T14:20:26.494022,106387,8329,4738,8329,694,8329,69,8329,3,8329,2,9283,0,1.0297475999977905
5,5,,2026-07-30T14:20:27.524058,106338,8267,4712,8267,732,8267,56,8267,3,8267,0,9314,3,1.02960599999642
5,5,,2026-07-30T14:20:28.553187,105774,8265,4703,8265,690,8265,60,8265,5,8265,0,9344,1,1.0287440000101924
5,5,,2026-07-30T14:20:29.580862,106273,8429,4771,8429,688,8429,50,8429,4,8429,1,9290,1,1.027349400013918
5,5,,2026-07-30T14:20:30.609159,105857,8290,4661,8291,718,8291,46,8291,3,8291,0,9487,3,1.028085199999623
5,5,,2026-07-30T14:20:31.638573,105788,8271,4684,8270,659,8270,52,8270,6,8270,2,9295,2,1.028918199997861
5,5,,2026-07-30T14:20:32.668493,105942,8188,4646,8188,693,8188,41,8188,3,8188,2,9402,0,1.029423300002236
5,5,,2026-07-30T14:20:33.696026,106236,8422,4761,8422,685,8422,60,8422,4,8422,2,9508,1,1.0270637999929022
5,5,,2026-07-30T14:20:34.725240,105756,8263,4650,8263,689,8263,50,8263,4,8263,2,9192,4,1.0288241000089329
5,5,,2026-07-30T14:20:35.754082,106072,8172,4585,8172,712,8172,58,8172,4,8172,3,9352,2,1.0283987000002526
5,5,,2026-07-30T14:20:36.783974,105499,8194,4665,8194,667,8194,53,8194,2,8194,4,9212,0,1.0295123000105377
5,5,,2026-07-30T14:20:37.812023,105914,8335,4751,8335,743,8335,48,8335,1,8335,1,9314,2,1.0276149999990594
5,5,,2026-07-30T14:20:38.841557,105703,8250,4630,8250,702,8250,37,8250,1,8250,0,9267,4,1.029186200001277
5,5,,2026-07-30T14:20:39.870364,106062,8320,4716,8320,696,8320,48,8320,7,8320,3,9355,3,1.0281796000199392
5,5,,2026-07-30T14:20:40.897246,106021,8219,4663,8219,623,8219,57,8219,4,8219,2,9432,1,1.02641940000467
5,5,,2026-07-30T14:20:41.924937,105714,8283,4749,8283,715,8283,56,8283,3,8283,2,9242,6,1.027330199984135
5,5,,2026-07-30T14:20:42.952961,105811,8349,4715,8349,714,8349,52,8349,3,8349,0,9346,1,1.0277331999968737
5,5,,2026-07-30T14:20:43.980429,106064,8338,4724,8338,668,8338,59,8338,5,8338,3,9237,3,1.0271440999931656
5,5,,2026-07-30T14:20:45.010900,105623,8212,4697,8212,697,8212,55,8212,3,8212,1,9359,1,1.030232099990826
5,5,,2026-07-30T14:20:46.038922,105850,8293,4645,8293,683,8293,55,8293,2,8293,0,9446,1,1.0278023999999277
5,5,,2026-07-30T14:20:47.065989,105940,8281,4715,8281,682,8281,63,8281,5,8281,1,9487,2,1.02679839998018
5,5,,2026-07-30T14:20:48.094226,105673,8262,4613,8262,747,8262,57,8262,5,8262,2,9304,3,1.0279116000165232
5,5,,2026-07-30T14:20:49.123513,105728,8232,4705,8232,688,8232,43,8232,3,8232,0,9215,4,1.0289654999796767
5,5,,2026-07-30T14:20:50.153510,106109,8279,4748,8279,729,8279,51,8279,5,8279,2,9288,2,1.029583299998194
5,5,,2026-07-30T14:20:51.182523,105437,8032,4534,8032,683,8032,57,8032,6,8032,0,9397,1,1.0286414999864064
5,5,,2026-07-30T14:20:52.212132,105603,8281,4696,8281,681,8281,46,8281,4,8281,0,9321,1,1.0292314999969676
5,5,,2026-07-30T14:20:53.241633,105984,8206,4613,8206,724,8206,58,8206,4,8206,1,9287,3,1.0291271000169218
5,5,,2026-07-30T14:20:54.269936,106629,8341,4624,8341,717,8341,47,8341,2,8341,2,9404,1,1.0279299999820068
5,5,,2026-07-30T14:20:55.299206,105743,8262,4668,8262,727,8262,50,8262,4,8262,1,9311,5,1.0290028000017628
5,5,,2026-07-30T14:20:56.327897,106199,8400,4718,8400,700,8400,47,8400,4,8400,1,9084,3,1.0282521999906749
5,5,,2026-07-30T14:20:57.356612,106179,8417,4831,8417,689,8417,50,8417,5,8417,3,9274,1,1.0282289999886416
5,5,,2026-07-30T14:20:58.386608,105738,8352,4742,8352,694,8352,51,8352,1,8352,0,9359,1,1.0295521999942139
5,5,,2026-07-30T14:20:59.415291,106343,8414,4704,8414,689,8414,51,8414,7,8414,0,9288,4,1.0281951999932062
5,5,,2026-07-30T14:21:00.445329,105807,8472,4786,8472,700,8472,46,8472,8,8472,0,9430,1,1.029458999983035
5,5,,2026-07-30T14:21:01.473272,106123,8309,4765,8309,736,8309,56,8309,6,8309,1,9493,4,1.0276321999845095
5,5,,2026-07-30T14:21:02.501330,105326,8113,4538,8113,682,8113,61,8113,4,8113,1,9142,1,1.0277140000252984
5,5,,2026-07-30T14:21:03.530985,106161,8344,4696,8344,697,8344,44,8344,0,8344,1,9336,4,1.0292737999989185
5,5,,2026-07-30T14:21:04.560625,105836,8242,4596,8242,714,8242,48,8242,1,8242,0,9227,2,1.0292866999807302
5,5,,2026-07-30T14:21:05.589297,106133,8282,4643,8282,682,8282,60,8282,5,8282,2,9420,1,1.028126200020779
5,5,,2026-07-30T14:21:06.616116,105795,8215,4605,8215,704,8215,66,8215,2,8215,0,9399,6,1.0264538000046741
5,5,,2026-07-30T14:21:07.644656,105982,8335,4732,8335,687,8335,52,8335,6,8335,0,9309,2,1.0283601000264753
5,5,,2026-07-30T14:21:08.675047,105336,8214,4577,8214,711,8214,58,8214,6,8214,3,9441,1,1.030005800013896
5,5,,2026-07-30T14:21:09.703213,105664,8426,4787,8426,685,8426,60,8426,3,8426,2,9379,2,1.0276872999966145
5,5,,2026-07-30T14:21:10.733651,105911,8269,4726,8269,668,8269,56,8269,8,8269,4,9179,2,1.030046100000618
5,5,,2026-07-30T14:21:11.761050,106670,8446,4756,8446,697,8446,42,8446,5,8446,2,9349,3,1.026924899982987
5,5,,2026-07-30T14:21:12.791022,105548,8311,4679,8311,662,8311,72,8311,4,8311,0,9429,2,1.0295979999937117
5,5,,2026-07-30T14:21:13.819436,106362,8338,4694,8338,689,8338,67,8338,5,8338,1,9405,4,1.0278655999863986
5,5,,2026-07-30T14:21:14.846578,105071,8178,4605,8178,726,8178,74,8178,2,8178,0,9345,1,1.0267228999873623
5,5,,2026-07-30T14:21:15.876176,105923,8328,4705,8328,699,8328,54,8328,6,8328,3,9225,2,1.0292234999942593
5,5,,2026-07-30T14:21:16.905792,105908,8207,4699,8207,658,8207,59,8207,4,8207,1,9370,1,1.029240200005006
5,5,,2026-07-30T14:21:17.934851,105624,8403,4648,8403,729,8403,46,8403,5,8403,1,9256,3,1.0287193999974988
5,5,,2026-07-30T14:21:18.964880,106213,8282,4710,8282,706,8282,54,8282,2,8282,3,9266,7,1.0296186000050511
5,5,,2026-07-30T14:21:19.993980,105920,8386,4851,8386,688,8386,45,8386,2,8386,2,9363,1,1.0287338999914937
5,5,,2026-07-30T14:21:21.024375,106078,8321,4630,8321,754,8321,69,8321,6,8321,0,9435,2,1.0298927999974694
5,5,,2026-07-30T14:21:22.053971,106090,8587,4888,8587,753,8587,55,8587,6,8587,1,9255,1,1.0290272000129335
5,5,,2026-07-30T14:21:23.082159,105974,8250,4711,8250,686,8250,54,8250,3,8250,3,9298,1,1.0277050000149757
5,5,,2026-07-30T14:21:24.112081,106120,8385,4773,8385,708,8385,63,8385,6,8385,2,9329,0,1.0296157999837305
5,5,,2026-07-30T14:21:25.141817,106477,8388,4763,8388,696,8388,62,8388,5,8388,1,9382,2,1.029332100006286
5,5,,2026-07-30T14:21:26.172233,106334,8288,4662,8288,662,8288,56,8288,7,8288,0,9355,3,1.0298479000048246
5,5,,2026-07-30T14:21:27.201589,106500,8475,4807,8475,711,8475,59,8475,4,8475,3,9409,1,1.028925699996762
5,5,,2026-07-30T14:21:28.230519,106263,8450,4746,8450,736,8450,68,8450,4,8450,1,9623,2,1.0284946000028867
5,5,,2026-07-30T14:21:29.260121,106097,8388,4735,8388,681,8388,55,8388,2,8388,1,9614,5,1.0291935999994166
5,5,,2026-07-30T14:21:30.289427,106277,8425,4734,8425,697,8425,60,8425,4,8425,1,9382,1,1.0288806000025943
5,5,,2026-07-30T14:21:31.319645,106308,8570,4809,8570,746,8570,61,8570,2,8570,2,9393,2,1.029815999994753
5,5,,2026-07-30T14:21:32.349925,106470,8460,4836,8460,729,8460,48,8460,6,8460,1,9279,2,1.0299283000058495
5,5,,2026-07-30T14:21:33.377190,105796,8309,4697,8309,716,8309,64,8309,3,8309,0,9455,5,1.0269291999866255
5,5,,2026-07-30T14:21:34.404698,106611,8472,4841,8472,720,8472,50,8472,5,8472,2,9213,3,1.0273713000060525
5,5,,2026-07-30T14:21:35.432984,106314,8337,4709,8337,682,8337,50,8337,6,8337,0,9174,0,1.0279871000093408
5,5,,2026-07-30T14:21:36.461979,106347,8339,4759,8339,681,8339,69,8339,4,8339,1,9161,2,1.028775399987353
5,5,,2026-07-30T14:21:37.491506,106104,8213,4616,8213,689,8213,50,8213,5,8213,0,9308,4,1.029132399999071
5,5,,2026-07-30T14:21:38.520140,106161,8327,4743,8327,705,8327,58,8327,2,8327,1,9353,3,1.0281298999907449
5,5,,2026-07-30T14:21:39.550365,105649,8402,4736,8402,695,8402,65,8402,2,8402,0,9425,5,1.029777899995679
5,5,,2026-07-30T14:21:40.581136,106772,8379,4838,8379,696,8379,54,8379,5,8379,2,9314,3,1.0302884000120685
5,5,,2026-07-30T14:21:41.611473,105756,8411,4716,8411,696,8411,71,8411,3,8411,1,9138,1,1.029893800005084
5,5,,2026-07-30T14:21:42.640938,105842,8401,4778,8401,676,8401,60,8401,1,8401,3,9348,1,1.0288766000012401
5,5,,2026-07-30T14:21:43.669478,106136,8384,4748,8384,696,8384,62,8384,6,8384,0,9397,2,1.0281504000013229
5,5,,2026-07-30T14:21:44.699291,106112,8233,4587,8233,728,8233,69,8233,6,8233,0,9351,1,1.0293093000072986
5,5,,2026-07-30T14:21:45.727286,106322,8291,4691,8291,666,8291,48,8291,2,8291,0,9423,0,1.0276669000159018
5,5,,2026-07-30T14:21:46.758176,105778,8375,4721,8375,690,8375,49,8375,2,8375,0,9296,3,1.0304968999989796
5,5,,2026-07-30T14:21:47.787974,106071,8186,4681,8186,681,8186,53,8186,2,8186,3,9523,3,1.0293280000041705
5,5,,2026-07-30T14:21:48.818694,106076,8387,4714,8387,716,8387,54,8387,4,8387,0,9216,4,1.0301753999956418
5,5,,2026-07-30T14:21:49.846245,106834,8369,4795,8369,699,8369,69,8369,5,8369,2,9366,3,1.0271817999891937
5,5,,2026-07-30T14:21:50.876285,106085,8337,4759,8337,694,8337,57,8337,6,8337,1,9366,2,1.029724799998803
5,5,,2026-07-30T14:21:51.906250,106508,8292,4634,8292,696,8292,61,8292,4,8292,2,9391,1,1.0293888000014704
5,5,,2026-07-30T14:21:52.935108,105887,8321,4599,8321,752,8321,47,8321,6,8321,2,9283,4,1.0284490999765694
5,5,,2026-07-30T14:21:53.963552,105907,8442,4873,8442,654,8442,52,8442,2,8442,1,9421,1,1.0279915000137407
5,5,,2026-07-30T14:21:54.993841,105490,8189,4638,8189,732,8189,69,8189,4,8189,1,9270,2,1.0299459999951068
5,5,,2026-07-30T14:21:56.024502,106467,8529,4804,8529,695,8529,54,8529,2,8529,3,9536,1,1.0302500999823678
5,5,,2026-07-30T14:21:57.052177,106189,8352,4763,8352,723,8352,47,8352,1,8352,2,9470,2,1.0272209999966435
5,5,,2026-07-30T14:21:58.082081,106379,8274,4764,8274,721,8274,58,8274,4,8274,0,9318,3,1.0295928999839816
5,5,,2026-07-30T14:21:59.112089,106678,8238,4769,8238,690,8238,56,8238,3,8238,1,9362,5,1.0295029999979306
5,5,,2026-07-30T14:22:00.139690,106137,8348,4766,8348,687,8348,68,8348,8,8348,4,9418,2,1.0270972000143956
5,5,,2026-07-30T14:22:01.169691,106064,8356,4734,8356,701,8356,58,8356,2,8356,1,9409,1,1.0297005000174977
5,5,,2026-07-30T14:22:02.200300,106157,8335,4761,8335,713,8335,60,8335,6,8335,2,9391,2,1.0300348000018857
5,5,,2026-07-30T14:22:03.227996,106277,8356,4778,8356,658,8356,57,8356,2,8356,1,9324,1,1.027315399987856
5,5,,2026-07-30T14:22:04.255988,105555,8347,4686,8347,741,8347,58,8347,7,8347,1,9409,3,1.027637000021059
5,5,,2026-07-30T14:22:05.281973,105902,8244,4673,8244,684,8244,62,8244,5,8244,1,9356,4,1.02563290001126
5,5,,2026-07-30T14:22:06.308822,105746,8483,4731,8483,747,8483,76,8483,1,8483,1,9098,3,1.0267000999883749
5,5,,2026-07-30T14:22:07.336628,106364,8204,4699,8204,674,8204,51,8204,6,8204,0,9374,3,1.027562700008275
5,5,,2026-07-30T14:22:08.364062,105642,8426,4754,8426,671,8426,57,8426,3,8426,2,9220,0,1.027125699998578
5,5,,2026-07-30T14:22:09.391354,105854,8288,4693,8288,717,8288,59,8288,4,8288,1,9262,3,1.0269915999961086
5,5,,2026-07-30T14:22:10.419467,105696,8279,4694,8279,654,8279,41,8279,3,8279,1,9437,0,1.0277471999870613
5,5,,2026-07-30T14:22:11.448814,106085,8185,4602,8185,673,8185,69,8185,4,8185,4,9303,3,1.029001499991864
5,5,,2026-07-30T14:22:12.477606,106344,8400,4799,8400,683,8400,54,8400,2,8400,0,9426,1,1.0284252999990713
5,5,,2026-07-30T14:22:13.506316,106398,8414,4774,8414,710,8414,37,8414,5,8414,1,9334,4,1.0282279000093695
5,5,,2026-07-30T14:22:14.535260,106352,8291,4733,8291,685,8291,53,8291,5,8291,1,9363,2,1.0286171000043396
5,5,,2026-07-30T14:22:15.564868,106164,8276,4765,8276,673,8276,49,8276,4,8276,2,9217,3,1.0292376999859698
5,5,,2026-07-30T14:22:16.594362,106587,8197,4640,8197,694,8197,47,8197,4,8197,0,9323,4,1.0290740999917034
5,5,,2026-07-30T14:22:17.623088,106199,8258,4697,8258,649,8258,58,8258,9,8258,1,9273,2,1.0282956000010017
5,5,,2026-07-30T14:22:18.649355,105694,8328,4757,8328,699,8328,67,8328,3,8328,1,9409,2,1.0259473000187427
5,5,,2026-07-30T14:22:19.675195,105787,8334,4747,8334,680,8334,42,8334,4,8334,1,9226,3,1.0255926999961957
5,5,,2026-07-30T14:22:20.703211,105933,8508,4743,8508,700,8508,63,8508,6,8508,0,9402,2,1.0278330999717582
5,5,,2026-07-30T14:22:21.730601,105850,8260,4673,8260,662,8260,50,8260,5,8260,0,9246,4,1.0270233000046574
5,5,,2026-07-30T14:22:22.758182,105906,8330,4752,8330,704,8330,57,8330,3,8330,0,9463,4,1.0273563000082504
5,5,,2026-07-30T14:22:23.785003,105712,8290,4705,8290,708,8291,47,8291,2,8291,0,9619,1,1.0265107000013813
5,5,,2026-07-30T14:22:24.814007,106575,8459,4774,8459,719,8458,71,8458,4,8458,4,9313,5,1.0286867000104394
5,5,,2026-07-30T14:22:25.842626,106359,8125,4572,8125,690,8125,67,8125,5,8125,2,9356,1,1.0283359000168275
5,5,,2026-07-30T14:22:26.872293,106197,8270,4671,8270,730,8270,40,8270,7,8270,0,9438,4,1.029319299996132
5,5,,2026-07-30T14:22:27.901375,106756,8338,4699,8338,678,8338,57,8338,6,8338,0,9360,2,1.0287023000128102
5,5,,2026-07-30T14:22:28.929755,106186,8361,4714,8361,712,8361,54,8361,2,8361,1,9215,2,1.0279907999793068
5,5,,2026-07-30T14:22:29.958003,105466,8319,4713,8319,711,8319,65,8319,5,8319,1,9280,3,1.0278622999903746
5,5,,2026-07-30T14:22:30.983920,106671,8242,4649,8242,727,8242,46,8242,4,8242,0,9296,3,1.0256097000092268
5,5,,2026-07-30T14:22:32.012483,106065,8383,4810,8383,691,8383,52,8383,7,8383,4,9344,3,1.0284141000011005
5,5,,2026-07-30T14:22:33.042015,106108,8272,4723,8272,658,8272,56,8272,4,8272,0,9403,3,1.029154700023355
5,5,,2026-07-30T14:22:34.071118,105288,8394,4732,8394,705,8394,59,8394,2,8394,3,9253,1,1.0286886999965645
5,5,,2026-07-30T14:22:35.099900,106403,8450,4807,8450,723,8450,48,8450,5,8450,0,9286,2,1.0284654999850318
5,5,,2026-07-30T14:22:36.130085,106154,8281,4666,8281,646,8281,58,8281,3,8281,3,9454,4,1.0298227999883238
5,5,,2026-07-30T14:22:37.158038,106320,8273,4711,8273,709,8273,69,8273,3,8273,2,9336,2,1.0276947999955155
5,5,,2026-07-30T14:22:38.187472,106336,8463,4804,8463,704,8463,50,8463,5,8463,0,9528,3,1.029082000022754
5,5,,2026-07-30T14:22:39.215732,106497,8359,4661,8359,730,8359,58,8359,5,8359,0,9416,7,1.0278884999861475
5,5,,2026-07-30T14:22:40.244911,106227,8342,4672,8342,706,8342,54,8342,4,8342,1,9233,4,1.028828100010287
5,5,,2026-07-30T14:22:41.274907,105872,8340,4744,8340,728,8340,51,8340,5,8340,3,9351,0,1.0295550000155345
5,5,,2026-07-30T14:22:42.303953,106427,8278,4675,8278,680,8278,51,8278,7,8278,0,9389,1,1.0285621999937575
5,5,,2026-07-30T14:22:43.335102,105395,8199,4540,8199,705,8199,51,8199,5,8199,1,9275,0,1.0305941999831703
5,5,,2026-07-30T14:22:44.364500,106016,8264,4719,8264,688,8264,57,8264,4,8264,0,9467,2,1.0290065000008326
5,5,,2026-07-30T14:22:45.395135,106482,8268,4706,8268,686,8268,50,8268,1,8268,1,9493,4,1.0302783999941312
5,5,,2026-07-30T14:22:46.424506,106513,8249,4689,8249,692,8249,52,8249,3,8249,0,9396,4,1.0289662000141107
5,5,,2026-07-30T14:22:47.453505,106277,8291,4719,8291,672,8291,55,8291,7,8291,1,9411,3,1.028541400009999
5,5,,2026-07-30T14:22:48.482381,105766,8307,4663,8307,717,8307,68,8307,6,8307,0,9429,3,1.0283863999939058
5,5,,2026-07-30T14:22:49.512401,106630,8321,4791,8321,735,8321,66,8321,2,8321,0,9571,3,1.0294788000173867
5,5,,2026-07-30T14:22:50.542691,105914,8258,4607,8258,741,8258,54,8258,5,8258,1,9311,3,1.0299321999773383
5,5,,2026-07-30T14:22:51.571213,106716,8277,4659,8277,682,8277,39,8277,7,8277,0,9385,1,1.028038899996318
5,5,,2026-07-30T14:22:52.600373,106310,8332,4684,8332,679,8332,44,8332,5,8332,4,9426,1,1.0287878999952227
5,5,,2026-07-30T14:22:53.629514,106739,8452,4775,8452,689,8452,47,8452,3,8452,1,9293,0,1.028700700000627
5,5,,2026-07-30T14:22:54.658861,106435,8422,4784,8422,685,8422,46,8422,2,8422,1,9584,1,1.0289940999937244
5,5,,2026-07-30T14:22:55.687885,106613,8393,4765,8393,734,8393,49,8393,6,8393,1,9426,1,1.0286363000050187
5,5,,2026-07-30T14:22:56.717308,106141,8282,4794,8282,692,8282,49,8282,3,8282,1,9465,4,1.029023099981714
5,5,,2026-07-30T14:22:57.747513,106230,8184,4648,8184,701,8184,55,8184,3,8184,2,9571,0,1.02984619999188
5,5,,2026-07-30T14:22:58.776217,106685,8258,4623,8258,684,8258,65,8258,5,8258,0,9401,4,1.0283165000146255
5,5,,2026-07-30T14:22:59.803856,106371,8213,4686,8213,690,8213,49,8213,2,8213,0,9406,2,1.027314100007061
5,5,,2026-07-30T14:23:00.833375,106465,8249,4631,8249,709,8249,55,8249,2,8249,1,9354,0,1.029240400006529
5,5,,2026-07-30T14:23:01.864125,106042,8227,4690,8227,671,8227,56,8227,5,8227,1,9295,2,1.03037600000971
5,5,,2026-07-30T14:23:02.904125,107772,8480,4760,8480,729,8480,61,8480,8,8480,2,9501,3,1.0396485999808647
5,5,,2026-07-30T14:23:03.931151,105963,8271,4774,8271,677,8271,50,8271,7,8271,0,9438,3,1.026760299981106
5,5,,2026-07-30T14:23:04.959019,105561,8293,4736,8293,698,8293,57,8293,6,8293,3,9423,7,1.0275190999964252
5,5,,2026-07-30T14:23:05.986923,106168,8271,4699,8271,717,8271,52,8271,5,8271,1,9293,1,1.027627700008452
5,5,,2026-07-30T14:23:07.014309,105576,8231,4689,8231,661,8231,52,8231,5,8231,1,9384,2,1.0270812999806367
5,5,,2026-07-30T14:23:08.044115,106577,8401,4798,8401,681,8401,67,8401,2,8401,0,9410,2,1.029447299981257
5,5,,2026-07-30T14:23:09.072608,106624,8268,4686,8268,698,8268,47,8268,5,8268,2,9441,1,1.0281407999864314
5,5,,2026-07-30T14:23:10.101544,105746,8347,4699,8347,701,8347,61,8347,2,8347,2,9417,3,1.0285662000242155
5,5,,2026-07-30T14:23:11.128909,105977,8136,4532,8136,717,8136,40,8136,3,8136,1,9188,0,1.0270616000052541
5,5,,2026-07-30T14:23:12.156630,106189,8475,4878,8475,684,8475,49,8475,2,8475,3,9384,2,1.0273825000040233
5,5,,2026-07-30T14:23:13.183995,106323,8422,4778,8422,703,8422,59,8422,5,8422,1,9190,3,1.0272453000070527
5,5,,2026-07-30T14:23:14.212475,106366,8323,4760,8323,678,8323,46,8323,2,8323,3,9559,3,1.0281496999959927
5,5,,2026-07-30T14:23:15.239996,106105,8148,4716,8148,657,8148,53,8148,9,8148,0,9227,2,1.0271932999894489
5,5,,2026-07-30T14:23:16.270119,106088,8328,4711,8328,721,8328,55,8328,3,8328,1,9398,2,1.0297365000005811
5,5,,2026-07-30T14:23:17.297823,107150,8308,4706,8308,705,8308,58,8308,7,8308,0,9347,1,1.0272413000056986
5,5,,2026-07-30T14:23:18.326904,106420,8329,4784,8329,716,8329,65,8329,5,8329,1,9368,0,1.028715699998429
5,5,,2026-07-30T14:23:19.355558,106284,8172,4576,8172,729,8172,59,8172,2,8172,1,9253,4,1.0282585000095423
5,5,,2026-07-30T14:23:20.383198,105828,8314,4730,8314,670,8314,49,8314,3,8314,1,9437,1,1.0273316999955568
5,5,,2026-07-30T14:23:21.412735,106515,8235,4644,8235,680,8235,53,8235,4,8235,1,9140,7,1.0291579999902751
5,5,,2026-07-30T14:23:22.443860,106096,8406,4679,8406,711,8406,45,8406,4,8406,0,9396,2,1.0308401999936905
5,5,,2026-07-30T14:23:23.472143,106575,8343,4749,8343,670,8343,60,8343,3,8343,1,9460,2,1.027700599981472
5,5,,2026-07-30T14:23:24.501910,106664,8258,4716,8258,710,8258,60,8258,2,8258,1,9401,3,1.0293958999973256
5,5,,2026-07-30T14:23:25.530211,106525,8416,4817,8416,702,8416,47,8416,5,8416,0,9349,2,1.0280268999922555
5,5,,2026-07-30T14:23:26.558052,106516,8287,4706,8287,705,8287,56,8287,4,8287,0,9385,5,1.0275048000039533
5,5,,2026-07-30T14:23:27.587949,106009,8485,4801,8485,694,8485,66,8485,7,8485,4,9424,1,1.0295961999800056
5,5,,2026-07-30T14:23:28.618153,106356,8392,4772,8392,684,8392,65,8392,8,8392,2,9385,0,1.0296712999988813
5,5,,2026-07-30T14:23:29.647480,106214,8232,4702,8232,689,8232,52,8232,8,8232,1,9468,5,1.028682400006801
5,5,,2026-07-30T14:23:30.675255,106297,8433,4857,8433,702,8433,54,8433,2,8433,1,9402,2,1.0273632999742404
5,5,,2026-07-30T14:23:31.706101,106538,8349,4740,8349,722,8349,46,8349,7,8349,3,9415,2,1.030357899988303
5,5,,2026-07-30T14:23:32.734524,106137,8408,4774,8408,672,8408,60,8408,5,8408,0,9421,4,1.0277889000135474
5,5,,2026-07-30T14:23:33.763443,106129,8212,4677,8212,728,8212,50,8212,5,8212,1,9412,2,1.0285628999990877
5,5,,2026-07-30T14:23:34.792696,106690,8385,4761,8385,697,8385,63,8385,4,8385,0,9267,1,1.0287990999931935
5,5,,2026-07-30T14:23:35.821766,106256,8481,4789,8481,664,8481,56,8481,7,8481,5,9343,3,1.0285629999998491
5,5,,2026-07-30T14:23:36.851008,106838,8380,4744,8380,703,8380,70,8380,1,8380,1,9599,1,1.0287575999973342
5,5,,2026-07-30T14:23:37.878499,106266,8261,4593,8261,718,8261,60,8261,5,8261,0,9416,2,1.0270773000083864
5,5,,2026-07-30T14:23:38.906382,106540,8301,4657,8301,718,8301,63,8301,1,8301,2,9373,2,1.0275871999911033
5,5,,2026-07-30T14:23:39.935992,106571,8311,4797,8311,712,8311,53,8311,2,8311,1,9447,0,1.0292763999896124
5,5,,2026-07-30T14:23:40.964635,106804,8307,4704,8307,668,8307,58,8307,5,8307,1,9349,2,1.0283096000202931
5,5,,2026-07-30T14:23:41.994659,106183,8301,4683,8301,712,8301,70,8301,5,8301,1,9508,0,1.0295633999921847
5,5,,2026-07-30T14:23:43.023717,106735,8283,4660,8283,711,8283,63,8283,0,8283,0,9415,4,1.0286463999946136
5,5,,2026-07-30T14:23:44.053354,106507,8142,4673,8142,646,8142,45,8142,2,8142,2,9376,1,1.0293076000234578
5,5,,2026-07-30T14:23:45.081456,106329,8209,4636,8209,675,8209,52,8209,5,8209,0,9332,1,1.027768300002208
5,5,,2026-07-30T14:23:46.110371,106340,8374,4782,8374,679,8374,56,8374,2,8374,1,9364,1,1.0285937000007834
5,5,,2026-07-30T14:23:47.140579,106412,8351,4728,8351,736,8351,58,8351,7,8351,1,9420,4,1.0297131999977864
5,5,,2026-07-30T14:23:48.170848,106290,8500,4757,8500,700,8500,57,8500,4,8500,2,9446,0,1.0299787000112701
5,5,,2026-07-30T14:23:49.200205,106592,8269,4686,8269,670,8269,64,8269,5,8269,0,9396,3,1.0290929999900982
5,5,,2026-07-30T14:23:50.229333,107071,8161,4641,8161,673,8161,66,8161,2,8161,1,9535,1,1.028657100017881
5,5,,2026-07-30T14:23:51.258072,106556,8286,4672,8286,702,8286,56,8286,3,8286,1,9346,2,1.0283655999810435
5,5,,2026-07-30T14:23:52.286798,106781,8398,4678,8398,710,8398,53,8398,5,8398,0,9323,2,1.0283605000004172
5,5,,2026-07-30T14:23:53.316467,106337,8202,4628,8202,673,8202,59,8202,7,8202,3,9509,0,1.0292737999989185
5,5,,2026-07-30T14:23:54.346033,106766,8357,4751,8357,707,8357,62,8357,3,8357,3,9469,3,1.0290574000100605
5,5,,2026-07-30T14:23:55.375750,106783,8308,4751,8308,648,8308,49,8308,8,8308,1,9394,4,1.0292999999946915
5,5,,2026-07-30T14:23:56.405325,106586,8466,4879,8466,707,8466,68,8466,7,8466,0,9295,2,1.0291143999784254
5,5,,2026-07-30T14:23:57.434786,106352,8337,4773,8337,684,8337,54,8337,5,8337,0,9296,0,1.0290834000043105
5,5,,2026-07-30T14:23:58.466326,106098,8430,4845,8430,719,8430,68,8430,0,8430,0,9208,4,1.0310712999780662
5,5,,2026-07-30T14:23:59.495450,106992,8364,4740,8364,708,8364,58,8364,6,8364,1,9275,1,1.0287069999903906
5,5,,2026-07-30T14:24:00.522228,106437,8214,4694,8214,704,8214,57,8214,2,8214,0,9514,3,1.0266209999972489
5,5,,2026-07-30T14:24:01.549460,106160,8355,4744,8355,704,8355,53,8355,7,8355,0,9425,2,1.0269712999870535
5,5,,2026-07-30T14:24:02.578508,106175,8307,4654,8307,731,8307,61,8307,5,8307,1,9385,1,1.0287766999972519
5,5,,2026-07-30T14:24:03.606807,106815,8224,4664,8224,690,8224,56,8224,4,8224,1,9478,0,1.027824100019643
5,5,,2026-07-30T14:24:04.634592,106146,8380,4779,8380,703,8380,67,8380,7,8380,2,9456,3,1.0274777000013273
5,5,,2026-07-30T14:24:05.663521,106158,8379,4771,8379,665,8379,53,8379,6,8379,1,9425,3,1.0284518000262324
5,5,,2026-07-30T14:24:06.692999,106303,8123,4590,8123,670,8123,49,8123,6,8123,0,9427,2,1.0290924000146333
5,5,,2026-07-30T14:24:07.722052,106483,8234,4675,8234,707,8234,63,8234,3,8234,2,9389,2,1.0286300999869127
5,5,,2026-07-30T14:24:08.750072,105844,8154,4631,8154,679,8154,53,8154,4,8154,1,9283,1,1.0276743000140414
5,5,,2026-07-30T14:24:09.779285,106070,8416,4769,8416,714,8416,58,8416,5,8416,0,9360,4,1.0288775000080932
5,5,,2026-07-30T14:24:10.807229,106597,8415,4823,8415,739,8415,63,8415,5,8415,1,9296,3,1.0275724999955855
5,5,,2026-07-30T14:24:11.836652,106277,8204,4630,8204,651,8204,56,8204,3,8204,0,9461,2,1.0288832999940496
5,5,,2026-07-30T14:24:12.865546,106068,8428,4837,8428,729,8428,46,8428,5,8428,4,9333,3,1.0285382000147365
5,5,,2026-07-30T14:24:13.895227,105982,8123,4695,8123,649,8123,49,8123,5,8123,0,9542,0,1.0292610000178684
5,5,,2026-07-30T14:24:14.925047,106287,8284,4793,8284,698,8284,60,8284,5,8284,2,9284,3,1.0293862000107765
5,5,,2026-07-30T14:24:15.953365,106424,8223,4688,8223,684,8223,56,8223,4,8223,0,9487,3,1.02792649998446
5,5,,2026-07-30T14:24:16.982328,106077,8343,4713,8343,711,8343,53,8343,1,8343,0,9440,1,1.0286997000221163
5,5,,2026-07-30T14:24:18.012221,105809,8267,4630,8267,621,8267,62,8267,4,8267,1,9441,2,1.0294636000180617
5,5,,2026-07-30T14:24:19.042220,105986,8346,4743,8346,747,8346,52,8346,3,8346,4,9257,4,1.0295456000021659
5,5,,2026-07-30T14:24:20.070965,105984,8259,4723,8259,701,8259,59,8259,5,8259,1,9252,1,1.0282972999848425
5,5,,2026-07-30T14:24:21.099873,106272,8355,4754,8355,705,8355,44,8355,3,8355,1,9456,4,1.028588299988769
5,5,,2026-07-30T14:24:22.129562,105660,8182,4669,8182,664,8182,49,8182,1,8182,0,9428,3,1.0293573000235483
5,5,,2026-07-30T14:24:23.158546,106446,8290,4773,8290,674,8290,61,8290,5,8290,0,9517,2,1.028604900027858
5,5,,2026-07-30T14:24:24.187704,106573,8298,4757,8298,684,8298,44,8298,6,8298,1,9476,2,1.028775399987353
5,5,,2026-07-30T14:24:25.217401,106436,8440,4734,8440,702,8440,54,8440,6,8440,2,9183,1,1.0293232999974862
5,5,,2026-07-30T14:24:26.247187,106540,8334,4780,8334,727,8334,49,8334,6,8334,1,9243,1,1.0293470000033267
5,5,,2026-07-30T14:24:27.275828,106290,8353,4788,8353,686,8353,73,8353,2,8353,1,9539,2,1.0282448999932967
5,5,,2026-07-30T14:24:28.305944,106451,8294,4728,8294,689,8294,52,8294,3,8294,1,9438,1,1.029670400021132
5,5,,2026-07-30T14:24:29.334003,106317,8448,4857,8448,713,8448,53,8448,9,8448,1,9320,2,1.0276366999896709
5,5,,2026-07-30T14:24:30.363961,106298,8257,4607,8257,735,8257,50,8257,1,8257,1,9273,1,1.029581100010546
5,5,,2026-07-30T14:24:31.393647,106781,8397,4781,8397,657,8397,58,8397,4,8397,5,9326,2,1.0293078999966383
5,5,,2026-07-30T14:24:32.423047,106340,8384,4691,8384,706,8384,57,8384,5,8384,2,9419,3,1.028856299992185
5,5,,2026-07-30T14:24:33.452599,106452,8232,4626,8232,682,8232,55,8232,1,8232,1,9463,3,1.0290352000156417
5,5,,2026-07-30T14:24:34.482299,106829,8280,4778,8280,673,8280,50,8280,5,8280,1,9490,1,1.0293206000060309
5,5,,2026-07-30T14:24:35.513123,106566,8451,4795,8451,679,8451,68,8451,4,8451,0,9235,3,1.0303946000058204
5,5,,2026-07-30T14:24:36.542531,106936,8372,4765,8372,713,8372,65,8372,5,8372,0,9290,1,1.0290437000221573
5,5,,2026-07-30T14:24:37.571299,106040,8316,4748,8316,676,8316,39,8316,3,8316,1,9240,3,1.0281448000168893
5,5,,2026-07-30T14:24:38.601319,106236,8287,4614,8287,755,8287,52,8287,5,8287,1,9295,2,1.0296609999786597
5,5,,2026-07-30T14:24:39.632255,106006,8238,4699,8238,678,8238,47,8238,4,8238,0,9486,2,1.0304278999974485
5,5,,2026-07-30T14:24:40.661812,106269,8275,4821,8275,656,8275,50,8275,7,8275,0,9568,3,1.0291900000011083
5,5,,2026-07-30T14:24:41.691861,106334,8452,4804,8452,711,8452,51,8452,7,8452,2,9516,4,1.029558200010797
5,5,,2026-07-30T14:24:42.721912,105911,8457,4831,8457,674,8457,63,8457,4,8457,1,9309,0,1.0296281000191811
5,5,,2026-07-30T14:24:43.750036,106555,8247,4716,8247,675,8247,52,8247,2,8247,2,9453,0,1.0277099999948405
5,5,,2026-07-30T14:24:44.780093,105714,8203,4664,8203,694,8203,64,8203,4,8203,1,9342,0,1.0297169999976177
5,5,,2026-07-30T14:24:45.809894,106136,8306,4754,8306,719,8306,58,8306,5,8306,0,9456,4,1.029350800003158
5,5,,2026-07-30T14:24:46.840609,106300,8133,4698,8133,662,8133,57,8133,8,8133,3,9329,0,1.0303079999866895
5,5,,2026-07-30T14:24:47.868409,106493,8454,4839,8454,665,8454,60,8454,5,8454,1,9232,2,1.0274068999860901
5,5,,2026-07-30T14:24:48.896617,106035,8239,4652,8239,696,8239,43,8239,1,8239,3,9329,3,1.0277556999935769
5,5,,2026-07-30T14:24:49.926056,106108,8246,4742,8246,697,8246,49,8246,3,8246,1,9383,3,1.0285192000155803
5,5,,2026-07-30T14:24:50.954605,106362,8196,4726,8196,660,8196,66,8196,4,8196,1,9399,3,1.0280288999783807
5,5,,2026-07-30T14:24:51.981843,106244,8242,4702,8242,685,8242,59,8242,3,8242,1,9231,1,1.0268068999866955
5,5,,2026-07-30T14:24:53.009522,105687,8212,4636,8212,722,8212,57,8212,3,8212,0,9273,1,1.0273901000036858
5,5,,2026-07-30T14:24:54.037729,106202,8332,4791,8332,676,8332,61,8332,4,8332,2,9345,1,1.0279155000171158
5,5,,2026-07-30T14:24:55.066331,106124,8317,4725,8317,722,8317,81,8317,3,8317,1,9508,2,1.0282947999949101
5,5,,2026-07-30T14:24:56.095239,106525,8298,4718,8298,704,8298,56,8298,6,8298,1,9337,5,1.028596699994523
5,5,,2026-07-30T14:24:57.123927,105863,8231,4633,8231,710,8231,63,8231,5,8231,1,9300,6,1.0283044999814592
5,5,,2026-07-30T14:24:58.153889,106220,8383,4838,8383,663,8383,53,8383,3,8383,2,9446,7,1.0296015000203624
5,5,,2026-07-30T14:24:59.182980,106360,8378,4710,8378,733,8378,59,8378,5,8378,2,9415,3,1.0286042999941856
5,5,,2026-07-30T14:25:00.210710,106184,8357,4833,8357,694,8357,53,8357,6,8357,1,9182,2,1.027285500022117
5,5,,2026-07-30T14:25:01.239062,106008,8169,4694,8169,641,8169,47,8169,4,8169,1,9343,2,1.0280151000188198
5,5,,2026-07-30T14:25:02.268736,105942,8330,4717,8330,729,8330,59,8330,3,8330,3,9390,2,1.0293963000003714
5,5,,2026-07-30T14:25:03.297095,106319,8439,4834,8439,765,8439,67,8439,1,8439,0,9306,0,1.0280899000063073
5,5,,2026-07-30T14:25:04.324455,106589,8260,4627,8260,721,8260,67,8260,4,8260,0,9351,1,1.0269413000205532
5,5,,2026-07-30T14:25:05.353385,105859,8466,4863,8466,715,8466,60,8466,4,8466,1,9372,1,1.0287327999831177
5,5,,2026-07-30T14:25:06.379875,106123,8365,4789,8365,739,8365,53,8365,3,8365,3,9519,3,1.0261204999987967
5,5,,2026-07-30T14:25:07.406033,106208,8535,4936,8535,668,8535,57,8535,5,8535,1,9121,3,1.0260010000201873
5,5,,2026-07-30T14:25:08.432942,106486,8239,4656,8239,663,8239,56,8239,3,8239,1,9439,1,1.0266910000063945
5,5,,2026-07-30T14:25:09.463015,106133,8159,4614,8159,667,8159,52,8159,7,8159,2,9207,6,1.0297210999997333
5,5,,2026-07-30T14:25:10.492647,106535,8366,4715,8366,691,8366,50,8366,5,8366,1,9351,2,1.0291708000004292
5,5,,2026-07-30T14:25:11.521287,106318,8321,4706,8321,731,8321,45,8321,3,8321,2,9318,4,1.0281942999863531
5,5,,2026-07-30T14:25:12.551025,106238,8128,4671,8128,653,8128,58,8128,4,8128,2,9480,3,1.0292843999923207
5,5,,2026-07-30T14:25:13.580762,106146,8508,4761,8508,726,8508,70,8508,6,8508,1,9240,1,1.0293143000162672
5,5,,2026-07-30T14:25:14.622862,107354,8438,4822,8438,679,8438,55,8438,2,8438,2,9555,1,1.0416524999891408
5,5,,2026-07-30T14:25:15.651529,106117,8240,4713,8240,671,8240,51,8240,5,8240,3,9441,5,1.0284147000056691
5,5,,2026-07-30T14:25:16.680346,105946,8102,4626,8102,649,8102,59,8102,2,8102,0,9400,1,1.0284823999973014
5,5,,2026-07-30T14:25:17.710013,105853,8200,4658,8200,697,8200,55,8200,4,8200,0,9151,1,1.0292302000161726
5,5,,2026-07-30T14:25:18.738954,105608,8118,4544,8118,660,8118,59,8118,6,8118,1,9191,2,1.028497499995865
5,5,,2026-07-30T14:25:19.767826,106057,8284,4686,8284,687,8284,44,8284,2,8284,0,9329,3,1.0284844000125304
5,5,,2026-07-30T14:25:20.796693,106446,8296,4776,8296,696,8296,52,8296,6,8296,1,9377,3,1.0285381999856327
5,5,,2026-07-30T14:25:21.825898,106724,8321,4771,8321,668,8321,46,8321,5,8321,1,9344,4,1.028833599993959
5,5,,2026-07-30T14:25:22.854366,106684,8315,4689,8315,701,8315,49,8315,2,8315,2,9288,4,1.0280364000063855
5,5,,2026-07-30T14:25:23.882439,106159,8227,4711,8227,702,8227,56,8227,1,8227,1,9123,2,1.0276384000026155
5,5,,2026-07-30T14:25:24.912417,106405,8369,4811,8369,704,8369,54,8369,2,8369,2,9271,1,1.0296633999969345
5,5,,2026-07-30T14:25:25.942434,106014,8350,4652,8350,697,8350,59,8350,5,8350,3,9442,3,1.0296062999987043
5,5,,2026-07-30T14:25:26.970795,106043,8487,4806,8487,709,8487,73,8487,3,8487,1,9497,1,1.0278103000018746
5,5,,2026-07-30T14:25:28.000132,106526,8147,4578,8147,670,8147,56,8147,5,8147,0,9442,1,1.0289888999832328
5,5,,2026-07-30T14:25:29.030073,106614,8186,4681,8186,675,8186,53,8186,3,8186,1,9264,0,1.02958440000657
5,5,,2026-07-30T14:25:30.059682,106041,8441,4755,8441,701,8441,64,8441,7,8441,4,9350,2,1.029188200016506
5,5,,2026-07-30T14:25:31.087483,106399,8290,4788,8290,641,8290,64,8290,5,8290,2,9400,2,1.027272900013486
5,5,,2026-07-30T14:25:32.116741,106395,8239,4690,8239,711,8239,54,8239,3,8239,2,9408,2,1.0287836999923456
5,5,,2026-07-30T14:25:33.145152,106227,8214,4643,8214,651,8214,54,8214,1,8214,0,9356,2,1.0280730999947991
5,5,,2026-07-30T14:25:34.174656,106600,8287,4754,8287,640,8287,66,8287,3,8287,2,9425,2,1.0292316999984905
5,5,,2026-07-30T14:25:35.204829,106292,8387,4738,8387,733,8387,61,8387,7,8387,0,9291,3,1.0297772999911103
5,5,,2026-07-30T14:25:36.233476,106632,8329,4793,8329,729,8329,49,8329,4,8329,2,9360,2,1.028259699989576
5,5,,2026-07-30T14:25:37.262656,105709,8219,4716,8219,673,8219,46,8219,3,8219,1,9270,1,1.0288587000104599
5,5,,2026-07-30T14:25:38.291649,106398,8298,4742,8298,678,8298,46,8298,2,8298,1,9391,2,1.0285937000007834
5,5,,2026-07-30T14:25:39.321835,106408,8248,4758,8248,673,8248,54,8248,1,8248,1,9249,7,1.0298269999912009
5,5,,2026-07-30T14:25:40.351972,106541,8364,4713,8364,688,8364,68,8364,4,8364,3,9359,2,1.0298666000016965
5,5,,2026-07-30T14:25:41.380458,106140,8320,4759,8320,741,8320,34,8320,6,8320,1,9453,2,1.0279709000024013
5,5,,2026-07-30T14:25:42.409088,106556,8340,4661,8340,684,8340,41,8340,7,8340,0,9202,4,1.0281550999789033
5,5,,2026-07-30T14:25:43.438151,105689,8265,4749,8265,670,8265,56,8265,8,8265,0,9488,0,1.0286999999952968
5,5,,2026-07-30T14:25:44.467556,105865,8261,4622,8261,674,8261,39,8261,1,8261,1,9204,2,1.0290106000029482
5,5,,2026-07-30T14:25:45.497309,106563,8394,4768,8394,689,8394,57,8394,1,8394,1,9492,1,1.0292639000108466
5,5,,2026-07-30T14:25:46.527066,106471,8207,4719,8207,674,8207,38,8207,3,8207,1,9465,1,1.0293266999942716
5,5,,2026-07-30T14:25:47.556688,106042,8565,4967,8565,685,8565,46,8565,3,8565,2,9373,1,1.029239299998153
5,5,,2026-07-30T14:25:48.587734,106469,8336,4703,8336,710,8336,63,8336,2,8336,0,9398,3,1.0305037000216544
5,5,,2026-07-30T14:25:49.616132,106715,8303,4797,8303,670,8303,45,8303,2,8303,0,9359,2,1.0279141000064556
5,5,,2026-07-30T14:25:50.646160,105479,8207,4676,8207,665,8207,59,8207,5,8207,0,9131,1,1.0297363999998197
5,5,,2026-07-30T14:25:51.675187,106209,8306,4669,8306,703,8306,57,8306,5,8306,1,9279,0,1.0285602000076324
5,5,,2026-07-30T14:25:52.704938,106397,8285,4715,8285,719,8285,59,8285,4,8285,1,9443,4,1.0293393999745604
5,5,,2026-07-30T14:25:53.734280,106225,8247,4626,8247,720,8247,52,8247,4,8247,2,9424,2,1.0288226999982726
5,5,,2026-07-30T14:25:54.763729,106277,8439,4821,8439,741,8439,55,8439,1,8439,1,9458,1,1.0290105000021867
5,5,,2026-07-30T14:25:55.793793,106448,8251,4719,8251,658,8251,51,8251,5,8251,1,9328,1,1.0296552999934647
5,5,,2026-07-30T14:25:56.824222,105641,8203,4571,8203,709,8203,62,8203,2,8203,0,9274,1,1.0299592000083067
5,5,,2026-07-30T14:25:57.854093,105975,8144,4577,8144,708,8144,58,8144,5,8144,0,9402,2,1.0293904999853112
5,5,,2026-07-30T14:25:58.882898,106005,8346,4759,8346,658,8346,60,8346,3,8346,5,9286,2,1.028470399993239
5,5,,2026-07-30T14:25:59.912531,106196,8551,4821,8551,721,8551,54,8551,4,8551,3,9189,3,1.02923909999663
5,5,,2026-07-30T14:26:00.942647,106263,8243,4710,8243,687,8243,54,8243,3,8243,2,9166,2,1.0297300000092946
5,5,,2026-07-30T14:26:01.972100,106726,8171,4673,8171,715,8171,49,8171,5,8171,0,9483,1,1.0290213999978732
5,5,,2026-07-30T14:26:03.000364,106510,8194,4659,8194,673,8194,48,8194,4,8194,0,9673,1,1.0277967999863904
5,5,,2026-07-30T14:26:04.028506,106033,8306,4713,8306,683,8306,57,8306,2,8306,2,9296,5,1.0277782999910414
5,5,,2026-07-30T14:26:05.058147,106994,8446,4846,8446,700,8446,40,8446,4,8446,1,9403,5,1.0293870999885257
5,5,,2026-07-30T14:26:06.088403,106534,8270,4673,8270,673,8270,51,8270,4,8270,0,9369,3,1.0297608000109904
5,5,,2026-07-30T14:26:07.116488,106563,8140,4483,8140,726,8140,58,8140,3,8140,2,9470,2,1.0276662000105716
5,5,,2026-07-30T14:26:08.145058,106465,8277,4682,8277,698,8277,61,8277,6,8277,1,9314,1,1.0282118000031915
5,5,,2026-07-30T14:26:09.174471,106428,8428,4841,8428,675,8428,58,8428,6,8428,1,9150,1,1.0291153999860398
5,5,,2026-07-30T14:26:10.203049,106351,8189,4744,8189,656,8189,52,8189,6,8189,1,9249,1,1.0281042999995407
5,5,,2026-07-30T14:26:11.231897,106215,8141,4662,8141,646,8141,51,8141,8,8141,2,9366,5,1.0283874000015203
5,5,,2026-07-30T14:26:12.262202,106241,8343,4740,8343,717,8343,61,8343,6,8343,0,9337,3,1.0301075000024866
5,5,,2026-07-30T14:26:13.290443,106030,8233,4593,8233,708,8233,64,8233,6,8233,1,9232,2,1.027882700000191
5,5,,2026-07-30T14:26:14.319238,105705,8295,4752,8295,673,8295,48,8295,1,8295,2,9558,3,1.0283837000024505
5,5,,2026-07-30T14:26:15.348505,106215,8316,4760,8316,695,8316,56,8316,4,8316,0,9491,2,1.028847700014012
5,5,,2026-07-30T14:26:16.377552,106291,8250,4673,8250,681,8250,58,8250,5,8250,4,9216,4,1.0285611000144854
5,5,,2026-07-30T14:26:17.406169,106344,8254,4625,8254,692,8254,50,8254,3,8254,2,9364,0,1.0280878999910783
5,5,,2026-07-30T14:26:18.436039,106564,8245,4581,8245,717,8245,62,8245,1,8245,0,9318,1,1.0294198999763466
5,5,,2026-07-30T14:26:19.466599,107350,8406,4749,8406,744,8406,69,8406,6,8406,1,9487,3,1.0301921999780461
5,5,,2026-07-30T14:26:20.495616,107007,8316,4691,8316,702,8316,44,8316,4,8316,1,9191,2,1.0286482000083197
5,5,,2026-07-30T14:26:21.525236,106112,8374,4761,8374,705,8374,42,8374,0,8374,0,9296,2,1.0293005999992602
5,5,,2026-07-30T14:26:22.553953,106209,8349,4741,8349,700,8349,55,8349,6,8349,0,9465,2,1.028311300004134
5,5,,2026-07-30T14:26:23.584904,106380,8419,4837,8419,672,8419,48,8419,2,8419,2,9384,2,1.03057189998799
5,5,,2026-07-30T14:26:24.614676,106612,8284,4691,8284,711,8284,50,8284,6,8284,0,9299,2,1.0293462999979965
5,5,,2026-07-30T14:26:25.643902,106484,8396,4777,8396,678,8396,54,8396,5,8396,0,9470,5,1.0288225999975111
5,5,,2026-07-30T14:26:26.673545,106522,8324,4691,8324,681,8324,55,8324,1,8324,0,9332,3,1.0292913999874145
5,5,,2026-07-30T14:26:27.702818,106393,8378,4771,8378,704,8378,65,8378,3,8378,1,9422,2,1.028875699994387
5,5,,2026-07-30T14:26:28.731693,106318,8165,4624,8165,697,8165,49,8165,4,8165,2,9364,1,1.02852220000932
5,5,,2026-07-30T14:26:29.759338,106000,8262,4637,8262,671,8262,73,8262,4,8262,2,9309,2,1.0273418999859132
5,5,,2026-07-30T14:26:30.786833,106327,8284,4682,8284,697,8284,55,8284,5,8284,1,9341,2,1.027174399991054
5,5,,2026-07-30T14:26:31.814369,106211,8307,4718,8307,650,8307,54,8307,1,8307,0,9225,3,1.026997000008123
5,5,,2026-07-30T14:26:32.841293,106369,8430,4739,8431,716,8431,60,8431,5,8431,0,9501,3,1.0267316000245046
5,5,,2026-07-30T14:26:33.869939,106408,8352,4702,8351,740,8351,55,8351,2,8351,2,9379,3,1.028324299986707
5,5,,2026-07-30T14:26:34.897541,106204,8220,4688,8220,683,8220,72,8220,4,8220,0,9454,1,1.0273179999785498
5,5,,2026-07-30T14:26:35.927817,106343,8422,4792,8422,664,8422,60,8422,3,8422,2,9189,3,1.030002899991814
5,5,,2026-07-30T14:26:36.957714,106584,8215,4601,8215,696,8215,64,8215,3,8215,1,9567,2,1.0293870999885257
5,5,,2026-07-30T14:26:37.986998,106148,8291,4661,8291,702,8291,51,8291,3,8291,2,9449,3,1.028876099997433
5,5,,2026-07-30T14:26:39.014765,106077,8360,4611,8360,723,8360,63,8360,7,8360,0,9308,1,1.0273821000009775
5,5,,2026-07-30T14:26:40.043860,105981,8232,4640,8232,666,8232,54,8232,3,8232,1,9342,1,1.0287608999933582
5,5,,2026-07-30T14:26:41.072968,106677,8318,4709,8318,707,8318,66,8318,3,8318,0,9288,0,1.0287001999968197
5,5,,2026-07-30T14:26:42.102718,106092,8092,4621,8092,698,8092,60,8092,3,8092,3,9348,1,1.0293722999922466
5,5,,2026-07-30T14:26:43.131613,106060,8218,4615,8218,699,8218,65,8218,4,8218,2,9423,1,1.02851340000052
5,5,,2026-07-30T14:26:44.161987,105544,8075,4600,8075,632,8075,65,8075,7,8075,1,9285,4,1.0299018999794498
5,5,,2026-07-30T14:26:45.193254,106069,8415,4718,8415,692,8415,50,8415,1,8415,0,9464,1,1.0306552999827545
5,5,,2026-07-30T14:26:46.222114,107297,8369,4809,8369,747,8369,47,8369,4,8369,1,9494,3,1.0284637999720871
5,5,,2026-07-30T14:26:47.251209,105566,8240,4635,8240,705,8240,64,8240,8,8240,2,9405,4,1.0285745000001043
5,5,,2026-07-30T14:26:48.281145,106309,8287,4750,8287,697,8287,63,8287,1,8287,2,9437,1,1.029454400006216
5,5,,2026-07-30T14:26:49.309627,106031,8198,4626,8198,697,8198,48,8198,3,8198,2,9428,4,1.0282276999787427
5,5,,2026-07-30T14:26:50.336986,106130,8375,4610,8375,727,8375,58,8375,1,8375,6,9238,2,1.0269740000076126
5,5,,2026-07-30T14:26:51.364792,106211,8264,4556,8264,672,8264,63,8264,12,8264,1,9518,2,1.0274509000009857
5,5,,2026-07-30T14:26:52.394963,105822,8307,4657,8307,665,8307,49,8307,5,8307,1,9319,1,1.02998310001567
5,5,,2026-07-30T14:26:53.424036,106024,8150,4624,8150,680,8150,67,8150,3,8150,0,9552,3,1.0286004999943543
5,5,,2026-07-30T14:26:54.454770,106172,8430,4855,8430,653,8430,49,8430,3,8430,2,9441,1,1.0302269000094384
5,5,,2026-07-30T14:26:55.484556,106601,8307,4754,8307,706,8307,66,8307,4,8307,1,9327,2,1.0294164000079036
5,5,,2026-07-30T14:26:56.514500,106294,8260,4658,8260,688,8260,65,8260,5,8260,2,9355,2,1.0295570000016596
5,5,,2026-07-30T14:26:57.543522,106451,8353,4728,8354,690,8354,48,8354,2,8354,0,9487,4,1.0285892999963835
5,5,,2026-07-30T14:26:58.572123,106322,8443,4735,8442,756,8442,45,8442,6,8442,2,9534,2,1.0282446000201162
5,5,,2026-07-30T14:26:59.602424,106096,8510,4799,8510,716,8510,60,8510,3,8510,1,9294,3,1.0298130000010133
5,5,,2026-07-30T14:27:00.631051,106852,8187,4665,8187,643,8187,52,8187,2,8187,4,9513,2,1.0280560000101104
5,5,,2026-07-30T14:27:01.661039,106137,8267,4659,8267,675,8267,55,8267,3,8267,1,9406,1,1.0296806000114884
5,5,,2026-07-30T14:27:02.688550,106126,8320,4739,8320,704,8320,57,8320,1,8320,0,9386,1,1.0271246999909636
5,5,,2026-07-30T14:27:03.718260,106286,8260,4663,8260,663,8260,67,8260,6,8260,0,9364,4,1.0293885999999475
5,5,,2026-07-30T14:27:04.747381,106635,8275,4706,8275,708,8275,56,8275,6,8275,0,9352,1,1.028637500014156
5,5,,2026-07-30T14:27:05.776794,105964,8170,4611,8170,682,8170,58,8170,4,8170,2,9340,1,1.0290624999906868
5,5,,2026-07-30T14:27:06.807156,106972,8371,4767,8371,735,8371,62,8371,3,8371,0,9386,3,1.0298631000041496
5,5,,2026-07-30T14:27:07.836468,106711,8474,4817,8474,705,8474,59,8474,8,8474,0,9394,2,1.0289405999938026
5,5,,2026-07-30T14:27:08.867997,106368,8256,4624,8256,706,8256,58,8256,1,8256,1,9259,0,1.0311448000138626
5,5,,2026-07-30T14:27:09.897796,106444,8420,4738,8420,675,8420,62,8420,5,8420,0,9246,1,1.0294063999899663
5,5,,2026-07-30T14:27:10.926635,106442,8290,4769,8290,690,8290,64,8290,3,8290,1,9388,1,1.0285025000048336
5,5,,2026-07-30T14:27:11.955275,106277,8105,4611,8105,661,8105,63,8105,8,8105,1,9305,3,1.0282526000228245
5,5,,2026-07-30T14:27:12.985212,106174,8348,4699,8348,688,8349,76,8349,3,8349,1,9447,3,1.0295425000076648
5,5,,2026-07-30T14:27:14.013892,106107,8275,4670,8275,669,8274,61,8274,7,8274,1,9415,6,1.0282599999918602
5,5,,2026-07-30T14:27:15.042076,105834,8264,4605,8264,715,8264,70,8264,3,8264,2,9311,1,1.0278415999782737
5,5,,2026-07-30T14:27:16.070241,106424,8323,4723,8323,688,8323,51,8323,6,8323,0,9286,5,1.027827999991132
5,5,,2026-07-30T14:27:17.097775,105971,8084,4573,8084,672,8084,70,8084,3,8084,3,9319,3,1.027237200003583
5,5,,2026-07-30T14:27:18.127052,105913,8223,4721,8223,637,8223,47,8223,3,8223,2,9495,3,1.028992699983064
5,5,,2026-07-30T14:27:19.155210,105992,8302,4707,8302,723,8302,48,8302,3,8302,1,9265,2,1.0279966999951284
5,5,,2026-07-30T14:27:20.183133,105607,8240,4690,8240,676,8240,65,8240,2,8240,1,9284,1,1.027655700017931
5,5,,2026-07-30T14:27:21.211247,106163,8268,4748,8268,663,8268,69,8268,6,8268,1,9146,2,1.027877599990461
5,5,,2026-07-30T14:27:22.238840,106456,8328,4620,8328,692,8328,51,8328,4,8328,1,9456,3,1.027298700006213
5,5,,2026-07-30T14:27:23.267531,106204,8339,4802,8339,679,8339,66,8339,8,8339,1,9511,3,1.0283962000103202
5,5,,2026-07-30T14:27:24.295688,106447,8461,4874,8461,706,8461,45,8461,7,8461,1,9297,2,1.0277747999934945
5,5,,2026-07-30T14:27:25.324982,106956,8465,4854,8465,745,8465,48,8465,1,8465,1,9246,4,1.0288634000171442
5,5,,2026-07-30T14:27:26.355124,106030,8301,4674,8301,685,8301,52,8301,7,8301,0,9316,2,1.0296626999916043
5,5,,2026-07-30T14:27:27.384105,106721,8337,4726,8337,714,8337,55,8337,7,8337,1,9249,1,1.0285904000047594
5,5,,2026-07-30T14:27:28.413984,105911,8234,4601,8234,713,8234,59,8234,6,8234,0,9278,2,1.029545400000643
5,5,,2026-07-30T14:27:29.442911,106400,8279,4760,8279,720,8279,56,8279,7,8279,2,9220,2,1.0285066999786068
5,5,,2026-07-30T14:27:30.472862,106293,8276,4640,8276,708,8276,68,8276,8,8276,3,9278,1,1.0295818999875337
5,5,,2026-07-30T14:27:31.500667,106835,8556,4908,8556,706,8556,52,8556,4,8556,2,9297,2,1.0273816999979317
5,5,,2026-07-30T14:27:32.529322,105700,8280,4694,8280,643,8280,61,8280,4,8280,1,9324,5,1.0281810000014957
5,5,,2026-07-30T14:27:33.558471,106687,8254,4669,8254,714,8254,62,8254,5,8254,0,9338,2,1.028765499999281
5,5,,2026-07-30T14:27:34.587958,107236,8319,4774,8319,691,8319,59,8319,1,8319,2,9449,6,1.0290466000151355
5,5,,2026-07-30T14:27:35.615623,106030,8250,4687,8250,688,8250,60,8250,7,8250,5,9276,1,1.027310800011037
5,5,,2026-07-30T14:27:36.646023,105774,8175,4649,8175,668,8175,48,8175,2,8175,0,9393,6,1.030038600001717
5,5,,2026-07-30T14:27:37.674515,107129,8392,4781,8392,748,8392,60,8392,4,8392,2,9280,0,1.028201800014358
5,5,,2026-07-30T14:27:38.703444,105792,8286,4705,8286,677,8286,53,8286,7,8286,1,9293,1,1.0283935000188649
5,5,,2026-07-30T14:27:39.732104,106386,8302,4750,8302,711,8302,54,8302,1,8302,1,9361,2,1.0281730000278912
5,5,,2026-07-30T14:27:40.761005,106086,8276,4711,8276,687,8276,64,8276,4,8276,1,9435,2,1.0284893999923952
5,5,,2026-07-30T14:27:41.789339,105838,8347,4739,8347,732,8347,65,8347,7,8347,1,9316,3,1.0279620000219438
5,5,,2026-07-30T14:27:42.819366,106256,8300,4730,8300,700,8300,46,8300,3,8300,1,9245,3,1.0296413000032771
5,5,,2026-07-30T14:27:43.848908,106386,8335,4721,8335,713,8335,54,8335,6,8335,2,9386,2,1.0291330000036396
5,5,,2026-07-30T14:27:44.878477,106649,8291,4708,8291,676,8291,59,8291,3,8291,1,9502,0,1.029193900001701
5,5,,2026-07-30T14:27:45.907676,106758,8403,4770,8403,687,8403,51,8403,4,8403,1,9414,1,1.0289614999783225
5,5,,2026-07-30T14:27:46.937734,106718,8366,4727,8366,757,8366,51,8366,4,8366,2,9474,0,1.0296933999925386
5,5,,2026-07-30T14:27:47.966382,106108,8155,4654,8155,680,8155,53,8155,2,8155,0,9318,4,1.0280604000145104
5,5,,2026-07-30T14:27:48.996370,106241,8297,4782,8297,673,8297,58,8297,4,8297,1,9324,1,1.0295277000113856
5,5,,2026-07-30T14:27:50.026315,106028,8372,4845,8372,723,8372,54,8372,2,8372,1,9458,4,1.0294721999962348
5,5,,2026-07-30T14:27:51.055208,106166,8457,4780,8457,690,8457,50,8457,6,8457,0,9465,1,1.0283876000030432
5,5,,2026-07-30T14:27:52.083622,106020,8357,4688,8357,669,8357,56,8357,6,8357,5,9327,1,1.0281744000094477
5,5,,2026-07-30T14:27:53.113996,106050,8294,4646,8294,698,8294,47,8294,6,8294,3,9271,1,1.0300372999918181
5,5,,2026-07-30T14:27:54.142955,106360,8266,4619,8266,714,8266,52,8266,3,8266,2,9234,1,1.0286784000054467
5,5,,2026-07-30T14:27:55.172814,106265,8334,4750,8334,696,8334,46,8334,6,8334,0,9296,2,1.0293084000004455
5,5,,2026-07-30T14:27:56.202694,106292,8339,4621,8339,747,8339,43,8339,10,8339,0,9293,1,1.029333399987081
5,5,,2026-07-30T14:27:57.232467,106105,8301,4622,8301,698,8301,51,8301,2,8301,1,9290,4,1.029173399991123
5,5,,2026-07-30T14:27:58.261749,106132,8455,4790,8455,693,8455,67,8455,5,8455,4,9276,0,1.0289198999817017
5,5,,2026-07-30T14:27:59.290835,106402,8258,4710,8258,710,8258,54,8258,5,8258,1,9279,2,1.028727800003253
5,5,,2026-07-30T14:28:00.318923,105666,8247,4713,8247,677,8247,60,8247,3,8247,2,9386,4,1.027656799997203
5,5,,2026-07-30T14:28:01.348341,106357,8214,4561,8214,711,8214,53,8214,5,8214,3,9227,1,1.029009199992288
5,5,,2026-07-30T14:28:02.380585,105508,8330,4723,8330,692,8330,64,8330,3,8330,1,9280,4,1.0319549999840092
5,5,,2026-07-30T14:28:03.411060,105759,8238,4693,8238,656,8238,54,8238,3,8238,2,9382,4,1.0299308000248857
5,5,,2026-07-30T14:28:04.438991,106547,8375,4817,8375,686,8375,64,8375,7,8375,2,9358,2,1.0274435000028461
5,5,,2026-07-30T14:28:05.466535,106574,8396,4824,8396,674,8396,54,8396,6,8396,0,9223,0,1.0273967999964952
5,5,,2026-07-30T14:28:06.495863,106061,8282,4709,8282,664,8282,62,8282,6,8282,2,9375,4,1.0288154000008944
5,5,,2026-07-30T14:28:07.523745,106212,8192,4673,8192,647,8192,49,8192,3,8192,1,9514,2,1.0265829999989364
5,5,,2026-07-30T14:28:08.549719,105959,8297,4720,8297,683,8297,59,8297,5,8297,0,9432,5,1.0257999999739695
5,5,,2026-07-30T14:28:09.579656,105527,8271,4637,8271,685,8271,47,8271,4,8271,0,9202,3,1.0297834999801125
5,5,,2026-07-30T14:28:10.608629,106437,8234,4672,8234,666,8234,64,8234,5,8234,2,9308,2,1.0285650000150781
5,5,,2026-07-30T14:28:11.638085,105702,8167,4521,8167,702,8167,71,8167,4,8167,1,9124,1,1.0290930999908596
5,5,,2026-07-30T14:28:12.665858,106539,8205,4731,8205,691,8205,59,8205,3,8205,4,9257,1,1.0273776999965776
5,5,,2026-07-30T14:28:13.695821,105864,8173,4621,8173,690,8173,48,8173,5,8173,0,9378,3,1.0296906000003219
5,5,,2026-07-30T14:28:14.725324,106577,8375,4687,8375,718,8375,51,8375,8,8375,1,9234,2,1.0290317000180949
5,5,,2026-07-30T14:28:15.754644,106167,8333,4668,8333,728,8333,55,8333,8,8333,2,9336,4,1.029030400008196
5,5,,2026-07-30T14:28:16.785119,106017,8305,4754,8305,667,8305,53,8305,8,8305,1,9280,5,1.0301086999825202
5,5,,2026-07-30T14:28:17.814420,106716,8337,4744,8337,685,8337,57,8337,5,8337,2,9364,0,1.0289075000036974
5,5,,2026-07-30T14:28:18.842553,105976,8282,4662,8282,646,8282,56,8282,5,8282,2,9362,1,1.0277286000200547
5,5,,2026-07-30T14:28:19.871807,105682,8271,4717,8271,691,8271,45,8271,4,8271,0,9208,0,1.0289185000001453
5,5,,2026-07-30T14:28:20.899639,106067,8254,4664,8254,674,8254,74,8254,5,8254,0,9277,1,1.0273703999991994
5,5,,2026-07-30T14:28:21.930365,105538,8263,4742,8263,711,8263,61,8263,3,8263,1,9279,1,1.0304912999854423
5,5,,2026-07-30T14:28:22.960106,106349,8328,4738,8328,705,8328,60,8328,7,8328,1,9290,3,1.029300099995453
5,5,,2026-07-30T14:28:23.989948,105575,8249,4659,8249,682,8249,53,8249,2,8249,0,9282,3,1.029512600012822
5,5,,2026-07-30T14:28:25.019481,106217,8359,4701,8359,722,8359,71,8359,2,8359,2,9529,0,1.0290977000258863
5,5,,2026-07-30T14:28:26.048474,106166,8206,4593,8206,706,8206,54,8206,1,8206,2,9175,2,1.0284901000268292
5,5,,2026-07-30T14:28:27.078123,105852,8128,4543,8128,715,8128,61,8128,2,8128,0,9389,2,1.0291818999976385
5,5,,2026-07-30T14:28:28.109367,105671,8291,4738,8291,667,8291,59,8291,5,8291,0,9338,0,1.0308503000123892
5,5,,2026-07-30T14:28:29.137664,106321,8380,4788,8380,681,8380,61,8380,4,8380,1,9400,1,1.027907600015169
5,5,,2026-07-30T14:28:30.173309,106003,8290,4728,8290,669,8290,69,8290,6,8290,2,9168,2,1.035340600006748
5,5,,2026-07-30T14:28:31.203142,107014,8398,4759,8398,721,8398,61,8398,7,8398,1,9465,2,1.0294026999908965
