N,input_state,basis,time,herald,singles_ch2,coinc_ch2,singles_ch4,coinc_ch4,singles_ch6,coinc_ch6,singles_ch8,coinc_ch8,singles_ch10,coinc_ch10,singles_ch7,coinc_ch7,int_time
5,0,,2026-07-30T16:48:36.648771,104734,3508,1018,3508,602,3508,204,3508,59,3508,7,9759,6,1.0280161000264343
5,0,,2026-07-30T16:48:37.679054,105450,3587,1023,3587,632,3587,214,3587,38,3587,7,9459,6,1.0300436000106856
5,0,,2026-07-30T16:48:38.710769,105164,3507,963,3507,608,3507,198,3507,35,3507,5,9536,4,1.0314047999854665
5,0,,2026-07-30T16:48:39.741692,105899,3563,1003,3563,603,3563,223,3563,44,3563,12,9628,5,1.030557599995518
5,0,,2026-07-30T16:48:40.770979,104876,3626,1038,3626,616,3626,214,3626,33,3626,4,9667,7,1.028894000017317
5,0,,2026-07-30T16:48:41.800266,105453,3592,958,3592,661,3592,228,3592,46,3592,4,9744,6,1.0290819999936502
5,0,,2026-07-30T16:48:42.829135,104897,3634,1047,3634,636,3634,205,3634,39,3634,10,9654,3,1.0283880999777466
5,0,,2026-07-30T16:48:43.857020,104966,3604,956,3604,648,3604,175,3604,48,3604,5,9548,5,1.0275955000251997
5,0,,2026-07-30T16:48:44.885665,104945,3660,957,3660,659,3660,200,3660,48,3660,6,9506,3,1.0282133000146132
5,0,,2026-07-30T16:48:45.914409,105161,3524,964,3524,648,3524,194,3524,42,3524,7,9634,5,1.0283318999863695
5,0,,2026-07-30T16:48:46.942480,104695,3611,999,3611,589,3611,205,3611,45,3611,5,9581,9,1.027662300009979
5,0,,2026-07-30T16:48:47.973040,104856,3598,1004,3598,591,3598,226,3598,36,3598,10,9450,4,1.030066999985138
5,0,,2026-07-30T16:48:49.003039,104955,3633,972,3633,590,3633,219,3633,38,3633,16,9401,8,1.0296254999993835
5,0,,2026-07-30T16:48:50.032183,105239,3600,1019,3600,626,3600,215,3600,33,3600,2,9553,8,1.0286260999855585
5,0,,2026-07-30T16:48:51.061842,105444,3589,975,3589,629,3589,226,3589,45,3589,7,9500,9,1.029198300006101
5,0,,2026-07-30T16:48:52.090631,104936,3456,947,3456,606,3456,208,3456,45,3456,4,9609,7,1.0282983999932185
5,0,,2026-07-30T16:48:53.119480,104616,3566,973,3566,633,3566,196,3566,49,3566,1,9664,5,1.0285261999815702
5,0,,2026-07-30T16:48:54.147922,104616,3560,1001,3560,616,3560,208,3560,40,3560,7,9772,4,1.0280077999923378
5,0,,2026-07-30T16:48:55.176427,104787,3541,999,3541,651,3541,203,3541,35,3541,2,9439,7,1.028029000008246
5,0,,2026-07-30T16:48:56.205001,105037,3637,941,3637,660,3637,245,3637,55,3637,9,9609,3,1.0282063000195194
5,0,,2026-07-30T16:48:57.233735,104374,3593,1007,3593,594,3593,200,3593,25,3593,3,9396,10,1.028467099997215
5,0,,2026-07-30T16:48:58.262986,105545,3652,973,3652,661,3652,215,3652,35,3652,7,9636,4,1.0289464000088628
5,0,,2026-07-30T16:48:59.292085,104812,3512,1000,3512,595,3512,243,3512,37,3512,3,9821,5,1.028681299998425
5,0,,2026-07-30T16:49:00.321329,104919,3639,977,3639,628,3639,204,3639,48,3639,8,9660,6,1.0287458000238985
5,0,,2026-07-30T16:49:01.350492,104318,3566,1002,3566,628,3566,193,3566,42,3566,7,9575,4,1.028664600016782
5,0,,2026-07-30T16:49:02.379084,105031,3522,946,3522,649,3522,205,3522,41,3522,8,9625,4,1.0281876999943051
5,0,,2026-07-30T16:49:03.408803,105122,3627,949,3627,647,3627,212,3627,46,3627,6,9558,6,1.0293509000039194
5,0,,2026-07-30T16:49:04.438533,105187,3673,1045,3673,659,3673,208,3673,34,3673,5,9510,6,1.0293338999908883
5,0,,2026-07-30T16:49:05.468742,105089,3566,909,3566,669,3566,206,3566,35,3566,5,9638,9,1.0299134000088088
5,0,,2026-07-30T16:49:06.497389,105257,3604,996,3604,621,3604,200,3604,40,3604,12,9665,6,1.0282017000135966
5,0,,2026-07-30T16:49:07.527120,104693,3534,943,3534,602,3534,174,3534,54,3534,5,9641,6,1.0293685000215191
5,0,,2026-07-30T16:49:08.556402,104469,3562,935,3562,671,3562,217,3562,34,3562,5,9628,5,1.0288140999909956
5,0,,2026-07-30T16:49:09.585204,105763,3660,1041,3660,629,3660,200,3660,33,3660,11,9599,9,1.028376100002788
5,0,,2026-07-30T16:49:10.613609,105236,3473,974,3473,577,3473,202,3473,40,3473,7,9576,7,1.0279593000013847
5,0,,2026-07-30T16:49:11.641380,105270,3535,1018,3535,578,3535,203,3535,40,3535,3,9627,5,1.0273323000001255
5,0,,2026-07-30T16:49:12.670457,104996,3572,964,3572,634,3572,216,3572,46,3572,7,9547,5,1.0287906000157818
5,0,,2026-07-30T16:49:13.700294,105121,3532,969,3532,606,3532,216,3532,40,3532,5,9776,3,1.029308500001207
5,0,,2026-07-30T16:49:14.730246,105008,3585,992,3585,620,3585,239,3585,41,3585,5,9603,6,1.0294864999887068
5,0,,2026-07-30T16:49:15.759589,105570,3636,1018,3636,624,3636,205,3636,37,3636,9,9564,8,1.0288439000141807
5,0,,2026-07-30T16:49:16.789901,105200,3563,976,3563,590,3563,224,3563,49,3563,5,9725,7,1.0299295999866445
5,0,,2026-07-30T16:49:17.817849,104693,3377,923,3377,585,3377,197,3377,45,3377,2,9539,6,1.0275879999971949
5,0,,2026-07-30T16:49:18.844113,104428,3544,973,3544,601,3544,202,3544,43,3544,6,9490,5,1.025929700001143
5,0,,2026-07-30T16:49:19.872789,104776,3637,982,3637,629,3637,221,3637,41,3637,2,9534,4,1.0284231000114232
5,0,,2026-07-30T16:49:20.901073,105310,3479,946,3479,605,3479,200,3479,43,3479,6,9508,5,1.02809890001663
5,0,,2026-07-30T16:49:21.930520,105206,3522,988,3522,603,3522,219,3522,45,3522,2,9673,2,1.0290643000043929
5,0,,2026-07-30T16:49:22.960482,105535,3493,955,3493,567,3493,220,3493,45,3493,6,9425,7,1.0293185999908019
5,0,,2026-07-30T16:49:23.991054,105040,3599,987,3599,622,3599,191,3599,48,3599,9,9639,3,1.0302381000074092
5,0,,2026-07-30T16:49:25.021273,105347,3487,968,3487,627,3487,195,3487,47,3487,3,9740,7,1.0298131000017747
5,0,,2026-07-30T16:49:26.051088,104671,3651,1024,3651,615,3651,224,3651,36,3651,7,9512,3,1.0293780000065453
5,0,,2026-07-30T16:49:27.079932,105354,3568,982,3568,597,3568,216,3568,42,3568,8,9678,5,1.0283606000011787
5,0,,2026-07-30T16:49:28.108315,105637,3665,984,3665,656,3665,211,3665,35,3665,4,9527,3,1.0280612999922596
5,0,,2026-07-30T16:49:29.137494,105168,3496,981,3496,627,3496,185,3496,37,3496,8,9618,7,1.0288073999981862
5,0,,2026-07-30T16:49:30.167414,105506,3498,919,3498,595,3498,214,3498,58,3498,4,9585,3,1.0293206000060309
5,0,,2026-07-30T16:49:31.217255,107166,3570,1010,3570,600,3570,225,3570,48,3570,7,9909,7,1.0495332999853417
5,0,,2026-07-30T16:49:32.244886,105505,3523,928,3523,640,3523,206,3523,46,3523,8,9695,3,1.0271701000165194
5,0,,2026-07-30T16:49:33.274178,104621,3577,996,3577,627,3577,201,3577,40,3577,4,9766,7,1.028942700009793
5,0,,2026-07-30T16:49:34.303872,105153,3555,985,3555,602,3555,172,3555,45,3555,7,9575,6,1.029272999992827
5,0,,2026-07-30T16:49:35.332658,105409,3663,936,3663,635,3663,219,3663,47,3663,7,9495,7,1.0284295000019483
5,0,,2026-07-30T16:49:36.362371,105011,3578,978,3578,610,3578,219,3578,34,3578,8,9503,4,1.0292634000070393
5,0,,2026-07-30T16:49:37.391935,105329,3553,957,3553,613,3553,206,3553,31,3553,4,9633,6,1.0291562000056729
5,0,,2026-07-30T16:49:38.419010,105186,3597,943,3597,662,3597,214,3597,31,3597,6,9626,9,1.02664310002001
5,0,,2026-07-30T16:49:39.447986,105021,3523,939,3523,633,3523,238,3523,28,3523,7,9471,5,1.0286616999947
5,0,,2026-07-30T16:49:40.476288,105713,3549,983,3549,615,3549,207,3549,33,3549,9,9666,6,1.0277267000055872
5,0,,2026-07-30T16:49:41.505371,104661,3529,956,3529,596,3529,209,3529,50,3529,11,9742,7,1.0287685999937821
5,0,,2026-07-30T16:49:42.536001,105649,3632,1000,3632,614,3632,210,3632,34,3632,5,9814,7,1.0301581000094302
5,0,,2026-07-30T16:49:43.565328,105650,3516,932,3516,590,3516,203,3516,35,3516,9,9788,9,1.0288332999916747
5,0,,2026-07-30T16:49:44.595550,105467,3546,984,3546,615,3546,196,3546,40,3546,4,9721,7,1.0298429999966174
5,0,,2026-07-30T16:49:45.624703,105597,3552,956,3552,629,3552,217,3552,47,3552,6,9425,6,1.0288058000151068
5,0,,2026-07-30T16:49:46.653241,104919,3625,1018,3625,618,3625,217,3625,47,3625,2,9627,6,1.0280911999871023
5,0,,2026-07-30T16:49:47.681802,104534,3528,1006,3528,566,3528,194,3528,49,3528,8,9500,11,1.0281697000027634
5,0,,2026-07-30T16:49:48.711316,105074,3560,928,3560,619,3560,222,3560,43,3560,6,9535,4,1.0291684999829158
5,0,,2026-07-30T16:49:49.739361,105465,3487,916,3487,591,3487,233,3487,39,3487,5,9556,5,1.027674000011757
5,0,,2026-07-30T16:49:50.768457,104791,3629,972,3629,658,3629,211,3629,33,3629,4,9609,6,1.0286467999976594
5,0,,2026-07-30T16:49:51.797400,104654,3596,973,3596,617,3596,219,3596,51,3596,7,9452,5,1.0285752000054345
5,0,,2026-07-30T16:49:52.826482,105214,3479,892,3479,631,3479,238,3479,43,3479,3,9610,9,1.028678900009254
5,0,,2026-07-30T16:49:53.856290,104937,3466,976,3466,576,3466,215,3466,44,3466,7,9595,6,1.0293901000113692
5,0,,2026-07-30T16:49:54.885930,105452,3485,986,3485,583,3485,213,3485,36,3485,5,9653,5,1.0292487000115216
5,0,,2026-07-30T16:49:55.914339,105639,3590,975,3590,611,3590,237,3590,20,3590,8,9657,3,1.0279786000028253
5,0,,2026-07-30T16:49:56.944062,105105,3628,1006,3628,617,3628,184,3628,39,3628,9,9585,5,1.029407900001388
5,0,,2026-07-30T16:49:57.973440,104943,3564,1005,3564,628,3564,200,3564,40,3564,4,9796,4,1.0289723000023514
5,0,,2026-07-30T16:49:59.003712,106003,3615,1000,3615,623,3615,193,3615,40,3615,6,9590,5,1.0298235999944154
5,0,,2026-07-30T16:50:00.032366,105281,3570,1057,3570,611,3570,189,3570,36,3570,11,9534,10,1.028286399989156
5,0,,2026-07-30T16:50:01.060035,105376,3497,963,3497,645,3497,209,3497,43,3497,6,9647,5,1.0273263999843039
5,0,,2026-07-30T16:50:02.087345,105210,3539,952,3539,599,3539,219,3539,40,3539,7,9561,5,1.0269299000210594
5,0,,2026-07-30T16:50:03.115587,105096,3536,944,3536,558,3536,215,3536,54,3536,7,9703,5,1.0279209000000264
5,0,,2026-07-30T16:50:04.144443,105344,3530,984,3530,617,3530,199,3530,44,3530,5,9587,3,1.0284692000132054
5,0,,2026-07-30T16:50:05.174354,105093,3483,989,3483,567,3483,216,3483,39,3483,9,9720,4,1.029566299985163
5,0,,2026-07-30T16:50:06.203903,104922,3587,960,3587,673,3587,189,3587,37,3587,7,9669,5,1.0290226999786682
5,0,,2026-07-30T16:50:07.233217,105200,3491,995,3491,579,3491,205,3491,40,3491,5,9610,7,1.028798999992432
5,0,,2026-07-30T16:50:08.261203,105938,3647,1045,3647,655,3647,212,3647,44,3647,8,9739,11,1.0275458999967668
5,0,,2026-07-30T16:50:09.289042,104767,3542,998,3542,568,3542,198,3542,31,3542,5,9466,8,1.0274563999846578
5,0,,2026-07-30T16:50:10.319266,105376,3568,964,3568,652,3568,203,3568,42,3568,8,9528,4,1.0298048999975435
5,0,,2026-07-30T16:50:11.348345,105296,3610,981,3610,602,3610,224,3610,34,3610,6,9640,2,1.0286465999961365
5,0,,2026-07-30T16:50:12.377559,105301,3610,967,3610,671,3610,203,3610,38,3610,9,9589,6,1.0286753000109456
5,0,,2026-07-30T16:50:13.405624,105521,3578,1018,3578,579,3578,213,3578,43,3578,5,9506,5,1.0277315999846905
5,0,,2026-07-30T16:50:14.436279,105481,3583,1002,3583,598,3583,217,3583,42,3583,6,9786,3,1.0303046999906655
5,0,,2026-07-30T16:50:15.467141,105658,3563,978,3563,618,3563,197,3563,42,3563,5,9704,8,1.0305090000038035
5,0,,2026-07-30T16:50:16.496660,105674,3497,957,3497,633,3497,201,3497,49,3497,5,9417,7,1.0290101999999024
5,0,,2026-07-30T16:50:17.526244,105386,3557,974,3557,617,3557,211,3557,51,3557,4,9616,6,1.0290016999933869
5,0,,2026-07-30T16:50:18.555381,105649,3473,959,3473,622,3473,212,3473,33,3473,3,9548,6,1.0287943000148516
5,0,,2026-07-30T16:50:19.583732,105027,3526,948,3526,610,3526,215,3526,38,3526,7,9761,6,1.0281405999849085
5,0,,2026-07-30T16:50:20.611701,105421,3422,948,3422,601,3422,214,3422,42,3422,2,9715,7,1.0276311000052374
5,0,,2026-07-30T16:50:21.639729,105440,3516,1041,3516,602,3516,192,3516,31,3516,5,9683,5,1.0277624000154901
5,0,,2026-07-30T16:50:22.668599,104897,3516,948,3516,625,3516,198,3516,41,3516,3,9787,5,1.0284211999969557
5,0,,2026-07-30T16:50:23.699939,105588,3596,1015,3596,592,3596,217,3596,40,3596,4,9777,4,1.030877800018061
5,0,,2026-07-30T16:50:24.729328,104875,3529,903,3529,591,3529,245,3529,45,3529,3,9484,6,1.029127099987818
5,0,,2026-07-30T16:50:25.758173,105044,3556,937,3556,604,3556,233,3556,42,3556,10,9635,6,1.0284981000004336
5,0,,2026-07-30T16:50:26.786699,105340,3562,926,3562,649,3562,236,3562,44,3562,8,9610,7,1.0281582000025082
5,0,,2026-07-30T16:50:27.816369,105778,3489,975,3489,609,3489,208,3489,29,3489,10,9686,3,1.029174499999499
5,0,,2026-07-30T16:50:28.846027,105428,3509,1006,3509,640,3509,197,3509,44,3509,7,9623,8,1.029253399989102
5,0,,2026-07-30T16:50:29.875136,105625,3494,1015,3494,607,3494,190,3494,40,3494,2,9590,5,1.0287216999859083
5,0,,2026-07-30T16:50:30.903168,104812,3504,983,3504,590,3504,198,3504,33,3504,5,9287,5,1.0276166000112426
5,0,,2026-07-30T16:50:31.932286,104706,3618,1016,3618,614,3618,207,3618,35,3618,9,9639,3,1.0287055000080727
5,0,,2026-07-30T16:50:32.960546,104686,3565,1000,3565,589,3565,213,3565,42,3565,1,9443,2,1.027766499988502
5,0,,2026-07-30T16:50:33.990637,105493,3501,992,3501,597,3501,196,3501,40,3501,6,9638,5,1.0297008999914397
5,0,,2026-07-30T16:50:35.021405,105540,3560,962,3560,605,3560,203,3560,42,3560,5,9710,9,1.0302726000081748
5,0,,2026-07-30T16:50:36.050978,105400,3632,1026,3632,618,3632,231,3632,43,3632,7,9484,5,1.0291453000099864
5,0,,2026-07-30T16:50:37.080593,105333,3530,994,3530,570,3530,195,3530,42,3530,8,9473,6,1.0291582000209019
5,0,,2026-07-30T16:50:38.110433,105771,3559,1003,3559,635,3559,185,3559,30,3559,8,9661,5,1.0295144999981858
5,0,,2026-07-30T16:50:39.141067,105620,3564,1001,3564,638,3564,191,3564,52,3564,2,9649,4,1.0300488000211772
5,0,,2026-07-30T16:50:40.170472,105581,3508,948,3508,639,3508,208,3508,44,3508,9,9744,12,1.0291004999889992
5,0,,2026-07-30T16:50:41.201810,105783,3592,1071,3592,606,3592,198,3592,26,3592,3,9565,6,1.0306821999838576
5,0,,2026-07-30T16:50:42.230322,106170,3602,960,3602,667,3602,208,3602,47,3602,3,9544,7,1.0281583000032697
5,0,,2026-07-30T16:50:43.258609,105487,3544,984,3544,616,3544,206,3544,43,3544,7,9468,4,1.027915699989535
5,0,,2026-07-30T16:50:44.286243,105283,3603,1020,3603,578,3603,206,3603,34,3603,6,9550,7,1.0272305999824312
5,0,,2026-07-30T16:50:45.316553,105679,3565,989,3565,613,3565,213,3565,43,3565,7,9798,4,1.0300244999816641
5,0,,2026-07-30T16:50:46.345656,105782,3565,968,3565,631,3565,204,3565,51,3565,5,9667,5,1.0286370999820065
5,0,,2026-07-30T16:50:47.375754,105373,3653,1022,3653,596,3653,169,3653,51,3653,4,9566,8,1.0295846999797504
5,0,,2026-07-30T16:50:48.403960,105644,3611,1028,3611,635,3611,197,3611,36,3611,8,9629,5,1.0278166999923997
5,0,,2026-07-30T16:50:49.433611,105665,3417,1011,3417,589,3417,224,3417,41,3417,5,9684,7,1.0294050999800675
5,0,,2026-07-30T16:50:50.461990,105400,3466,983,3466,601,3466,178,3466,45,3466,3,9623,4,1.0279817999980878
5,0,,2026-07-30T16:50:51.492257,105998,3596,1040,3596,575,3596,225,3596,43,3596,5,9549,9,1.0298481000063475
5,0,,2026-07-30T16:50:52.521075,105030,3564,1016,3564,573,3564,196,3564,53,3564,4,9562,7,1.0283162000123411
5,0,,2026-07-30T16:50:53.549677,105334,3558,958,3558,628,3558,207,3558,49,3558,7,9606,5,1.0281678000173997
5,0,,2026-07-30T16:50:54.580043,105811,3638,980,3638,633,3638,202,3638,36,3638,0,9601,2,1.0298210000037216
5,0,,2026-07-30T16:50:55.610039,105351,3597,969,3597,667,3597,217,3597,52,3597,6,9842,6,1.0294623999798205
5,0,,2026-07-30T16:50:56.639830,105441,3604,1022,3604,611,3604,223,3604,50,3604,5,9647,2,1.0294124000065494
5,0,,2026-07-30T16:50:57.668995,105477,3620,972,3620,659,3620,205,3620,43,3620,5,9684,6,1.0289552999893203
5,0,,2026-07-30T16:50:58.697993,105386,3566,1024,3566,638,3566,200,3566,41,3566,5,9699,6,1.0285867000056896
5,0,,2026-07-30T16:50:59.727349,106110,3588,961,3588,654,3588,233,3588,37,3588,8,9602,6,1.0289678999979515
5,0,,2026-07-30T16:51:00.757074,105629,3511,941,3511,638,3511,213,3511,44,3511,7,9633,4,1.0295059000200126
5,0,,2026-07-30T16:51:01.786990,104476,3538,1013,3538,571,3538,216,3538,39,3538,4,9827,10,1.0295103000244126
5,0,,2026-07-30T16:51:02.816274,105615,3556,988,3556,645,3556,190,3556,42,3556,6,9693,7,1.028889299981529
5,0,,2026-07-30T16:51:03.845527,105747,3564,964,3564,642,3564,222,3564,30,3564,5,9596,4,1.0288308000017423
5,0,,2026-07-30T16:51:04.875940,105577,3541,947,3541,595,3541,220,3541,50,3541,7,9579,11,1.0299623000028078
5,0,,2026-07-30T16:51:05.904328,105108,3576,991,3576,626,3576,231,3576,38,3576,5,9548,6,1.0281344999966677
5,0,,2026-07-30T16:51:06.932665,104829,3578,996,3578,643,3578,203,3578,39,3578,5,9534,7,1.0279803999874275
5,0,,2026-07-30T16:51:07.962119,105765,3583,948,3583,600,3583,211,3583,47,3583,7,9605,10,1.029134599986719
5,0,,2026-07-30T16:51:08.991497,105388,3659,1023,3659,637,3659,221,3659,35,3659,9,9678,5,1.0290103000006638
5,0,,2026-07-30T16:51:10.018664,106053,3647,981,3647,660,3647,203,3647,37,3647,6,9492,2,1.0268798000179231
5,0,,2026-07-30T16:51:11.046959,105572,3611,1028,3611,617,3611,198,3611,66,3611,9,9566,5,1.0280133000051137
5,0,,2026-07-30T16:51:12.075453,105206,3533,997,3533,567,3533,214,3533,42,3533,9,9453,9,1.02821170000243
5,0,,2026-07-30T16:51:13.103457,105288,3584,1008,3584,601,3584,233,3584,45,3584,6,9745,16,1.0277143999992404
5,0,,2026-07-30T16:51:14.131911,105232,3465,989,3465,601,3465,191,3466,43,3466,3,9673,3,1.0280449999845587
5,0,,2026-07-30T16:51:15.160575,105347,3807,1062,3807,658,3807,213,3806,45,3806,8,9604,4,1.0282775999803562
5,0,,2026-07-30T16:51:16.190124,105283,3482,1008,3482,532,3482,199,3482,46,3482,9,9654,3,1.0289130999881309
5,0,,2026-07-30T16:51:17.220067,105618,3646,982,3646,647,3646,200,3646,45,3646,6,9448,6,1.029500900011044
5,0,,2026-07-30T16:51:18.249883,105836,3668,1016,3668,664,3668,199,3668,44,3668,8,9635,8,1.029229600011604
5,0,,2026-07-30T16:51:19.278849,105703,3477,943,3477,602,3477,194,3477,39,3477,8,9733,7,1.0285520000034012
5,0,,2026-07-30T16:51:20.309441,105183,3477,936,3477,603,3477,194,3477,50,3477,6,9690,4,1.0301710999920033
5,0,,2026-07-30T16:51:21.338962,105334,3590,977,3590,611,3590,218,3590,41,3590,6,9445,5,1.0290355999895837
5,0,,2026-07-30T16:51:22.367609,105296,3485,979,3486,581,3486,189,3486,43,3486,4,9649,5,1.0281362000096124
5,0,,2026-07-30T16:51:23.395364,105079,3575,1006,3574,640,3574,211,3574,37,3574,7,9745,7,1.0274618999974336
5,0,,2026-07-30T16:51:24.424093,105001,3444,977,3444,588,3444,208,3444,49,3444,8,9573,2,1.028341500001261
5,0,,2026-07-30T16:51:25.451979,106116,3615,1040,3615,633,3615,235,3615,37,3615,3,9343,8,1.0273773999942932
5,0,,2026-07-30T16:51:26.480709,105320,3466,932,3466,628,3466,197,3466,35,3466,9,9632,3,1.0283794999995735
5,0,,2026-07-30T16:51:27.508585,105257,3556,1015,3556,596,3556,215,3556,43,3556,9,9749,3,1.0274227999907453
5,0,,2026-07-30T16:51:28.536611,105350,3502,974,3503,584,3503,203,3503,45,3503,9,9609,7,1.0276217999926303
5,0,,2026-07-30T16:51:29.564874,105674,3519,1022,3518,623,3518,197,3518,48,3518,7,9630,5,1.027856900007464
5,0,,2026-07-30T16:51:30.594054,105533,3595,955,3595,592,3595,190,3595,46,3595,9,9499,7,1.0288105999934487
5,0,,2026-07-30T16:51:31.623348,105480,3547,1021,3547,588,3547,200,3547,41,3547,11,9742,6,1.0287951999926008
5,0,,2026-07-30T16:51:32.652809,105720,3698,979,3698,643,3698,217,3698,49,3698,4,9619,6,1.029001299990341
5,0,,2026-07-30T16:51:33.682783,105032,3548,994,3548,637,3548,215,3548,31,3548,8,9639,3,1.0295939999923576
5,0,,2026-07-30T16:51:34.712178,105364,3571,1026,3571,586,3571,211,3571,43,3571,5,9503,7,1.0289533000031952
5,0,,2026-07-30T16:51:35.741317,105209,3604,998,3604,630,3604,193,3604,35,3604,8,9561,9,1.0286946999840438
5,0,,2026-07-30T16:51:36.771550,105630,3542,957,3542,619,3542,192,3542,49,3542,6,9682,4,1.02969279998797
5,0,,2026-07-30T16:51:37.800417,105747,3562,963,3562,614,3562,203,3562,44,3562,6,9741,6,1.0283018999907654
5,0,,2026-07-30T16:51:38.830939,105450,3452,949,3452,613,3452,210,3452,34,3452,5,9569,9,1.0301009000104386
5,0,,2026-07-30T16:51:39.861464,105833,3631,1004,3631,621,3631,219,3631,48,3631,6,9617,7,1.030141699971864
5,0,,2026-07-30T16:51:40.892109,105820,3604,1014,3604,596,3604,219,3604,48,3604,6,9686,2,1.0301077000040095
5,0,,2026-07-30T16:51:41.920165,105727,3574,982,3574,598,3574,216,3574,41,3574,6,9565,7,1.0275750999862794
5,0,,2026-07-30T16:51:42.948758,105369,3550,994,3550,627,3550,192,3550,26,3550,6,9531,2,1.028147999983048
5,0,,2026-07-30T16:51:43.976810,106022,3675,1018,3675,648,3675,207,3675,41,3675,6,9641,5,1.027648399991449
5,0,,2026-07-30T16:51:45.007299,105296,3616,949,3616,647,3616,221,3616,37,3616,2,9592,6,1.0301227000018116
5,0,,2026-07-30T16:51:46.036173,106221,3496,942,3496,602,3496,202,3496,52,3496,8,9573,5,1.0284355000185315
5,0,,2026-07-30T16:51:47.066377,104849,3517,1004,3517,594,3517,221,3517,46,3517,7,9584,9,1.0297583999927156
5,0,,2026-07-30T16:51:48.097322,105764,3437,923,3437,584,3437,216,3437,47,3437,6,9573,10,1.0304219999816269
5,0,,2026-07-30T16:51:49.124554,105484,3544,973,3544,660,3544,239,3544,45,3544,5,9554,6,1.0267369999783114
5,0,,2026-07-30T16:51:50.153016,105633,3590,1008,3590,620,3590,203,3590,45,3590,9,9667,11,1.0279917000152636
5,0,,2026-07-30T16:51:51.182168,106139,3649,1038,3649,632,3649,207,3649,31,3649,3,9697,8,1.028690600011032
5,0,,2026-07-30T16:51:52.210710,105463,3512,964,3512,603,3512,189,3512,34,3512,4,9589,4,1.0280856000026688
5,0,,2026-07-30T16:51:53.240446,105383,3627,987,3627,601,3627,211,3627,45,3627,10,9630,7,1.0294331000186503
5,0,,2026-07-30T16:51:54.269624,106117,3620,991,3620,634,3621,221,3621,47,3621,5,9675,5,1.0286795999854803
5,0,,2026-07-30T16:51:55.299857,105690,3504,949,3504,622,3503,202,3503,44,3503,7,9769,4,1.0296357000188436
5,0,,2026-07-30T16:51:56.329167,105344,3534,1013,3534,551,3534,198,3534,34,3534,6,9806,7,1.028806500020437
5,0,,2026-07-30T16:51:57.359354,105647,3639,1005,3639,600,3639,201,3639,38,3639,6,9597,5,1.0296981999999844
5,0,,2026-07-30T16:51:58.387880,105064,3583,958,3583,575,3583,217,3583,49,3583,3,9714,4,1.0280832999851555
5,0,,2026-07-30T16:51:59.416809,105814,3567,979,3567,602,3567,201,3567,42,3567,8,9341,8,1.0285116000159178
5,0,,2026-07-30T16:52:00.445302,105922,3689,1053,3689,638,3689,206,3689,43,3689,5,9663,5,1.028186099982122
5,0,,2026-07-30T16:52:01.473794,105184,3530,944,3530,622,3530,209,3530,36,3530,8,9647,6,1.0282057000149507
5,0,,2026-07-30T16:52:02.502051,105611,3667,1023,3667,632,3667,205,3667,45,3667,8,9705,9,1.0278193000121973
5,0,,2026-07-30T16:52:03.530799,105386,3581,969,3581,641,3581,227,3581,45,3581,12,9563,10,1.02841639998951
5,0,,2026-07-30T16:52:04.559745,104999,3587,990,3587,653,3587,208,3587,32,3587,7,9644,3,1.028327400010312
5,0,,2026-07-30T16:52:05.588300,105694,3495,974,3495,648,3495,174,3495,43,3495,7,9943,5,1.0281091000069864
5,0,,2026-07-30T16:52:06.617121,105578,3632,1043,3632,635,3632,205,3632,42,3632,6,9710,6,1.0284851999895182
5,0,,2026-07-30T16:52:07.646411,105764,3602,988,3602,597,3602,192,3602,54,3602,10,9673,4,1.02888030000031
5,0,,2026-07-30T16:52:08.675601,105584,3444,958,3444,630,3444,214,3444,43,3444,7,9544,10,1.0288233000028413
5,0,,2026-07-30T16:52:09.704521,105733,3677,1031,3677,630,3677,195,3677,42,3677,6,9532,11,1.0284587000205647
5,0,,2026-07-30T16:52:10.731931,105089,3572,920,3572,673,3572,218,3572,34,3572,6,9521,6,1.0270200000086334
5,0,,2026-07-30T16:52:11.759178,105348,3642,998,3642,689,3642,189,3642,44,3642,8,9644,5,1.0269503000017721
5,0,,2026-07-30T16:52:12.788890,105764,3452,944,3452,605,3452,215,3452,53,3452,5,9596,8,1.0293565999891143
5,0,,2026-07-30T16:52:13.818475,105406,3558,971,3558,623,3558,187,3558,38,3558,8,9792,5,1.0291215000033844
5,0,,2026-07-30T16:52:14.847711,105597,3622,1001,3622,646,3622,203,3622,38,3622,8,9498,5,1.028790599986678
5,0,,2026-07-30T16:52:15.875747,105486,3598,969,3598,615,3598,229,3598,45,3598,10,9582,4,1.0275925000023562
5,0,,2026-07-30T16:52:16.904846,105127,3612,1013,3612,635,3612,217,3612,33,3612,8,9647,4,1.028858500008937
5,0,,2026-07-30T16:52:17.933191,105602,3527,991,3527,606,3527,209,3527,47,3527,11,9754,2,1.0279258000082336
5,0,,2026-07-30T16:52:18.964197,105976,3532,949,3532,632,3532,185,3532,37,3532,9,9604,6,1.0305355000018608
5,0,,2026-07-30T16:52:19.994093,105622,3622,990,3622,592,3622,209,3622,37,3622,2,9630,6,1.0294283999828622
5,0,,2026-07-30T16:52:21.022926,105399,3515,968,3515,633,3515,195,3515,41,3515,4,9601,3,1.0284510999917984
5,0,,2026-07-30T16:52:22.052741,105332,3566,972,3566,610,3566,211,3566,29,3566,9,9488,4,1.0294167999818455
5,0,,2026-07-30T16:52:23.081600,105466,3651,1033,3651,644,3651,192,3651,38,3651,8,9585,7,1.0284664999926463
5,0,,2026-07-30T16:52:24.110709,105533,3669,1002,3669,659,3669,212,3669,43,3669,3,9638,3,1.0286937000055332
5,0,,2026-07-30T16:52:25.139504,106035,3669,1057,3669,620,3669,216,3669,36,3669,5,9752,3,1.028478600026574
5,0,,2026-07-30T16:52:26.166877,105915,3562,973,3562,643,3562,215,3562,36,3562,7,9679,4,1.02695179998409
5,0,,2026-07-30T16:52:27.194159,105579,3607,1027,3607,583,3607,227,3607,49,3607,7,9480,3,1.026985100004822
5,0,,2026-07-30T16:52:28.222509,105558,3586,936,3586,655,3586,212,3586,33,3586,5,9490,6,1.028088499995647
5,0,,2026-07-30T16:52:29.250210,105405,3530,961,3530,647,3530,214,3530,40,3530,5,9659,5,1.0273568999837153
5,0,,2026-07-30T16:52:30.277919,105513,3457,941,3457,601,3457,205,3457,37,3457,2,9704,4,1.0274754000129178
5,0,,2026-07-30T16:52:31.305464,105162,3596,1028,3596,563,3596,195,3596,41,3596,3,9509,7,1.0272488000045996
5,0,,2026-07-30T16:52:32.334699,105634,3484,954,3484,624,3484,206,3484,54,3484,6,9484,7,1.028897300013341
5,0,,2026-07-30T16:52:33.361792,105934,3496,951,3496,609,3496,215,3496,38,3496,4,9581,4,1.02678630000446
5,0,,2026-07-30T16:52:34.390274,105027,3538,981,3538,571,3538,212,3538,44,3538,3,9608,6,1.0282014000113122
5,0,,2026-07-30T16:52:35.417441,105677,3552,979,3552,596,3552,236,3552,31,3552,2,9517,9,1.026686700002756
5,0,,2026-07-30T16:52:36.446070,105830,3614,972,3614,650,3614,221,3614,50,3614,4,9593,6,1.0282818999839947
5,0,,2026-07-30T16:52:37.475119,105531,3524,994,3524,584,3524,233,3524,39,3524,1,9583,2,1.0286635999800637
5,0,,2026-07-30T16:52:38.504949,105477,3386,928,3386,589,3386,201,3386,42,3386,5,9756,7,1.0295330999942962
5,0,,2026-07-30T16:52:39.532458,105350,3414,912,3414,642,3414,197,3414,41,3414,4,9676,5,1.0271358999889344
5,0,,2026-07-30T16:52:40.561477,106292,3558,988,3558,564,3558,222,3558,55,3558,4,9646,9,1.0286332000105176
5,0,,2026-07-30T16:52:41.590622,105920,3570,1037,3570,647,3570,222,3570,55,3570,8,9564,2,1.0287064999865834
5,0,,2026-07-30T16:52:42.621138,105599,3540,994,3540,604,3540,185,3540,43,3540,7,9781,2,1.0301465000084136
5,0,,2026-07-30T16:52:43.650841,105265,3498,920,3498,629,3498,211,3498,48,3498,7,9637,8,1.0291848999913782
5,0,,2026-07-30T16:52:44.680823,105344,3543,974,3543,634,3543,191,3543,51,3543,3,9642,7,1.0295666999882087
5,0,,2026-07-30T16:52:45.710125,105454,3542,957,3542,679,3542,196,3542,47,3542,3,9523,8,1.0288708999869414
5,0,,2026-07-30T16:52:46.738946,105851,3614,976,3614,630,3614,196,3614,42,3614,3,9713,4,1.0284154000109993
5,0,,2026-07-30T16:52:47.765744,105558,3578,962,3578,588,3578,219,3578,34,3578,8,9758,11,1.0265509999881033
5,0,,2026-07-30T16:52:48.793592,105834,3494,985,3494,619,3494,205,3494,36,3494,7,9629,5,1.0276863000181038
5,0,,2026-07-30T16:52:49.819859,105352,3491,912,3491,647,3491,211,3491,41,3491,6,9716,5,1.0258671000192408
5,0,,2026-07-30T16:52:50.846886,104948,3626,977,3626,643,3626,243,3626,54,3626,4,9593,9,1.0268824999802746
5,0,,2026-07-30T16:52:51.875140,105574,3595,969,3595,636,3595,213,3595,41,3595,4,9458,6,1.0278627999941818
5,0,,2026-07-30T16:52:52.905005,105772,3472,930,3472,649,3472,210,3472,42,3472,10,9516,3,1.029534400004195
5,0,,2026-07-30T16:52:53.933026,105712,3569,1005,3569,620,3569,213,3569,51,3569,6,9752,11,1.0278165999916382
5,0,,2026-07-30T16:52:54.960722,105784,3532,1001,3532,619,3532,185,3532,43,3532,9,9622,9,1.027258099988103
5,0,,2026-07-30T16:52:55.990146,105756,3562,962,3562,623,3562,199,3562,47,3562,4,9690,5,1.0291044999903534
5,0,,2026-07-30T16:52:57.020041,105954,3572,993,3572,627,3572,194,3572,41,3572,5,9677,3,1.0296245999925304
5,0,,2026-07-30T16:52:58.048774,105885,3584,1018,3584,602,3584,199,3584,42,3584,9,9495,9,1.0282696000067517
5,0,,2026-07-30T16:52:59.077948,105994,3559,1027,3559,642,3559,194,3559,38,3559,8,9648,5,1.028693200001726
5,0,,2026-07-30T16:53:00.106995,105752,3476,1013,3476,603,3476,195,3476,48,3476,7,9664,3,1.0285881999880075
5,0,,2026-07-30T16:53:01.135881,105229,3413,948,3413,578,3413,191,3413,43,3413,9,9652,4,1.0285327000019606
5,0,,2026-07-30T16:53:02.165316,104896,3615,984,3615,633,3615,194,3615,36,3615,5,9563,6,1.0290872000041418
5,0,,2026-07-30T16:53:03.194756,105788,3650,978,3650,633,3650,203,3650,53,3650,5,9691,12,1.0290607000060845
5,0,,2026-07-30T16:53:04.225092,105876,3642,1048,3642,634,3642,192,3642,49,3642,8,9536,8,1.0298911000136286
5,0,,2026-07-30T16:53:05.254178,105692,3557,1014,3557,606,3557,183,3557,33,3557,6,9770,11,1.0286351999966428
5,0,,2026-07-30T16:53:06.283593,105430,3549,988,3549,646,3549,203,3549,39,3549,5,9763,10,1.0290917000093032
5,0,,2026-07-30T16:53:07.312130,105606,3588,987,3588,615,3588,233,3588,45,3588,4,9763,5,1.028168499993626
5,0,,2026-07-30T16:53:08.341592,105519,3530,983,3530,627,3530,205,3530,26,3530,4,9484,7,1.028942000004463
5,0,,2026-07-30T16:53:09.371166,106047,3536,1009,3536,654,3536,216,3536,39,3536,6,9626,6,1.0291526000073645
5,0,,2026-07-30T16:53:10.400576,106077,3500,977,3500,619,3500,206,3500,46,3500,6,9735,13,1.0290731000131927
5,0,,2026-07-30T16:53:11.430855,105344,3612,986,3612,654,3612,209,3612,42,3612,3,9673,11,1.0299098000105005
5,0,,2026-07-30T16:53:12.460361,106020,3588,1001,3588,616,3588,211,3588,38,3588,3,9756,6,1.0292927999980748
5,0,,2026-07-30T16:53:13.490431,105726,3476,954,3476,625,3476,203,3476,41,3476,8,9717,6,1.029643500020029
5,0,,2026-07-30T16:53:14.520869,105545,3603,976,3603,613,3603,219,3603,43,3603,6,9764,7,1.0299929999746382
5,0,,2026-07-30T16:53:15.548844,106015,3622,1011,3622,644,3622,225,3622,39,3622,6,9660,4,1.027629699994577
5,0,,2026-07-30T16:53:16.577679,105618,3576,962,3576,593,3576,266,3576,39,3576,6,9754,5,1.0283611999766435
5,0,,2026-07-30T16:53:17.605948,105743,3551,974,3551,619,3551,209,3551,45,3551,5,9697,4,1.027920600026846
5,0,,2026-07-30T16:53:18.637744,105573,3599,1002,3599,612,3599,245,3599,40,3599,6,9683,8,1.0314961999829393
5,0,,2026-07-30T16:53:19.667061,106181,3486,933,3486,590,3486,208,3486,40,3486,5,9632,5,1.028979700000491
5,0,,2026-07-30T16:53:20.696922,105863,3608,1017,3608,613,3608,216,3608,49,3608,5,9762,8,1.0293947999889497
5,0,,2026-07-30T16:53:21.726976,105955,3573,995,3573,614,3573,207,3573,57,3573,5,9367,9,1.0296428999863565
5,0,,2026-07-30T16:53:22.755674,106196,3609,983,3609,607,3609,194,3609,68,3609,6,9602,8,1.0282604999956675
5,0,,2026-07-30T16:53:23.785783,105858,3695,1020,3695,646,3695,207,3695,39,3695,10,9501,5,1.0297559000027832
5,0,,2026-07-30T16:53:24.814549,105757,3556,1011,3556,585,3556,182,3556,51,3556,4,9600,4,1.0283081000088714
5,0,,2026-07-30T16:53:25.843737,105563,3571,977,3571,611,3571,215,3571,42,3571,3,9567,2,1.0288339999970049
5,0,,2026-07-30T16:53:26.873057,105519,3618,1011,3618,605,3618,200,3618,45,3618,10,9631,2,1.0290008999872953
5,0,,2026-07-30T16:53:27.903354,106047,3428,970,3428,586,3428,173,3428,39,3428,6,9655,7,1.0297859999991488
5,0,,2026-07-30T16:53:28.933692,106316,3559,931,3559,630,3559,207,3559,50,3559,1,9794,8,1.0298692000214942
5,0,,2026-07-30T16:53:29.963278,106052,3387,923,3387,586,3387,208,3387,46,3387,2,9690,6,1.0290968000190333
5,0,,2026-07-30T16:53:30.993530,105611,3502,966,3502,545,3502,200,3502,40,3502,7,9718,5,1.0297384000150487
5,0,,2026-07-30T16:53:32.022997,105786,3496,952,3496,634,3496,190,3496,45,3496,7,9717,6,1.0289532000024337
5,0,,2026-07-30T16:53:33.051886,105804,3573,986,3573,603,3573,197,3573,34,3573,6,9694,4,1.0285254000045825
5,0,,2026-07-30T16:53:34.079768,105863,3605,953,3605,627,3605,200,3605,51,3605,3,9647,2,1.027522799995495
5,0,,2026-07-30T16:53:35.110220,105449,3613,959,3613,642,3613,219,3613,32,3613,3,9539,5,1.0300360999826808
5,0,,2026-07-30T16:53:36.138740,106185,3592,1064,3592,600,3592,206,3592,46,3592,5,9705,3,1.028180199995404
5,1,,2026-07-30T16:53:39.132299,105646,4993,2103,4993,708,4993,144,4993,37,4993,1,9736,8,1.028619599994272
5,1,,2026-07-30T16:53:40.160616,105896,5090,2199,5090,721,5090,164,5090,36,5090,2,9764,7,1.0279040999885183
5,1,,2026-07-30T16:53:41.190833,105476,5020,2154,5020,704,5020,163,5020,27,5020,2,9661,3,1.0299091000051703
5,1,,2026-07-30T16:53:42.218492,105271,5126,2206,5126,729,5126,207,5126,24,5126,4,9526,4,1.02737320002052
5,1,,2026-07-30T16:53:43.245591,106415,5032,2169,5032,737,5032,184,5032,13,5032,0,9716,1,1.026821099978406
5,1,,2026-07-30T16:53:44.274264,105684,5056,2151,5056,719,5056,168,5056,21,5056,2,9562,8,1.0282998000038788
5,1,,2026-07-30T16:53:45.303448,105400,5155,2224,5155,787,5155,163,5155,20,5155,3,9518,11,1.028688400023384
5,1,,2026-07-30T16:53:46.331456,105999,5180,2203,5180,758,5180,192,5180,32,5180,0,9575,4,1.027690300019458
5,1,,2026-07-30T16:53:47.360258,105391,5220,2235,5220,760,5220,170,5220,24,5220,2,9452,6,1.0284592999960296
5,1,,2026-07-30T16:53:48.390201,105800,5096,2106,5096,758,5096,162,5096,28,5096,4,9621,5,1.0295103999960702
5,1,,2026-07-30T16:53:49.417849,105713,5093,2177,5093,724,5093,184,5093,30,5093,2,9560,6,1.027204600017285
5,1,,2026-07-30T16:53:50.445524,106373,4983,2131,4983,699,4983,175,4983,35,4983,1,9660,2,1.02732819999801
5,1,,2026-07-30T16:53:51.473869,106471,5164,2204,5164,735,5164,172,5164,27,5164,3,9682,8,1.0280271999945398
5,1,,2026-07-30T16:53:52.504277,106347,5046,2139,5046,723,5046,179,5046,33,5046,3,9797,6,1.0300802999990992
5,1,,2026-07-30T16:53:53.534619,106333,5195,2157,5195,787,5195,194,5195,26,5195,2,9692,3,1.0298118999926373
5,1,,2026-07-30T16:53:54.563738,106612,5182,2215,5182,732,5182,183,5182,37,5182,0,9763,8,1.0287342999945395
5,1,,2026-07-30T16:53:55.594144,106276,5069,2145,5069,751,5069,164,5069,29,5069,3,9590,5,1.0299601999868173
5,1,,2026-07-30T16:53:56.624362,106505,5103,2198,5103,743,5103,176,5103,27,5103,6,9708,9,1.0296939999971073
5,1,,2026-07-30T16:53:57.654390,106298,5137,2210,5137,710,5137,193,5137,21,5137,2,9676,9,1.0295459000044502
5,1,,2026-07-30T16:53:58.681979,105580,4968,2167,4968,736,4968,155,4968,24,4968,4,9642,6,1.0271522999973968
5,1,,2026-07-30T16:53:59.709703,105474,5153,2123,5153,802,5153,163,5153,21,5153,3,9535,4,1.027399400016293
5,1,,2026-07-30T16:54:00.737503,105572,5228,2284,5228,727,5228,158,5228,33,5228,1,9553,11,1.0275128999783192
5,1,,2026-07-30T16:54:01.766570,105706,4957,2043,4957,751,4958,188,4958,21,4958,3,9538,11,1.0287585000041872
5,1,,2026-07-30T16:54:02.795567,105809,5178,2108,5178,772,5177,194,5177,26,5177,3,9560,8,1.0286053000018
5,1,,2026-07-30T16:54:03.825353,105768,5082,2166,5082,732,5082,175,5082,34,5082,4,9658,6,1.029360300017288
5,1,,2026-07-30T16:54:04.855059,106358,5119,2151,5119,745,5119,196,5119,31,5119,3,9624,5,1.0293282000056934
5,1,,2026-07-30T16:54:05.884400,105983,5124,2188,5124,737,5124,181,5124,25,5124,6,9497,8,1.0289347000070848
5,1,,2026-07-30T16:54:06.913790,106652,5157,2192,5157,747,5157,193,5157,39,5157,5,9712,8,1.028960299998289
5,1,,2026-07-30T16:54:07.943425,106173,5243,2176,5243,770,5243,195,5243,29,5243,6,9431,7,1.0292625000001863
5,1,,2026-07-30T16:54:08.973573,105683,5222,2213,5222,772,5222,187,5222,32,5222,3,9498,8,1.029721500002779
5,1,,2026-07-30T16:54:10.002620,105849,4976,2090,4976,735,4976,176,4976,23,4976,3,9491,7,1.028669199993601
5,1,,2026-07-30T16:54:11.030830,105849,5149,2257,5149,720,5149,193,5149,29,5149,2,9626,13,1.0278243999928236
5,1,,2026-07-30T16:54:12.059498,105746,5100,2101,5100,766,5100,199,5100,21,5100,2,9630,5,1.0283486999978777
5,1,,2026-07-30T16:54:13.088419,106094,5094,2178,5094,734,5094,177,5094,35,5094,2,9685,8,1.0286299999861512
5,1,,2026-07-30T16:54:14.118777,105821,5149,2196,5149,805,5149,168,5149,28,5149,5,9762,3,1.0297611000132747
5,1,,2026-07-30T16:54:15.147837,105824,5102,2192,5102,748,5102,172,5102,28,5102,3,9526,6,1.0287184999906458
5,1,,2026-07-30T16:54:16.177504,105938,5274,2240,5274,754,5274,182,5274,22,5274,6,9805,9,1.0292300000146497
5,1,,2026-07-30T16:54:17.207612,105852,5040,2216,5040,742,5040,170,5040,23,5040,3,9635,5,1.0296434000192676
5,1,,2026-07-30T16:54:18.237288,105676,5097,2153,5097,713,5097,171,5097,30,5097,7,9688,5,1.0291118000168353
5,1,,2026-07-30T16:54:19.267264,106177,5051,2172,5051,723,5051,148,5051,27,5051,0,9622,4,1.0296229999803472
5,1,,2026-07-30T16:54:20.295793,106168,5076,2213,5076,762,5076,157,5076,26,5076,3,9682,5,1.0280862000072375
5,1,,2026-07-30T16:54:21.325132,106336,5116,2172,5116,760,5116,164,5116,24,5116,3,9613,5,1.0289521999948192
5,1,,2026-07-30T16:54:22.354311,106168,5094,2151,5094,744,5094,187,5094,24,5094,4,9484,8,1.0288344999717083
5,1,,2026-07-30T16:54:23.384982,105883,5053,2118,5053,711,5053,170,5053,22,5053,5,9562,3,1.030283900006907
5,1,,2026-07-30T16:54:24.412842,106564,5165,2221,5165,749,5165,160,5165,43,5165,1,9657,4,1.0274224000168033
5,1,,2026-07-30T16:54:25.442125,106050,5065,2204,5065,713,5065,182,5065,24,5065,8,9405,9,1.0288689000008162
5,1,,2026-07-30T16:54:26.472208,106511,5021,2118,5021,774,5021,170,5021,23,5021,1,9616,5,1.0295626999868546
5,1,,2026-07-30T16:54:27.501203,105741,5022,2101,5022,706,5022,180,5022,31,5022,3,9765,8,1.0285618999914732
5,1,,2026-07-30T16:54:28.530589,106005,5114,2159,5114,742,5114,170,5114,31,5114,3,9673,10,1.0290254999999888
5,1,,2026-07-30T16:54:29.560218,106051,5240,2233,5240,727,5240,162,5240,21,5240,6,9568,3,1.0292384999920614
5,1,,2026-07-30T16:54:30.589133,105667,5167,2199,5167,744,5167,191,5167,30,5167,4,9517,1,1.0283972000179347
5,1,,2026-07-30T16:54:31.618473,105887,5059,2152,5059,693,5059,194,5059,33,5059,4,9650,7,1.0289127999858465
5,1,,2026-07-30T16:54:32.646369,105791,5162,2171,5162,766,5162,177,5162,27,5162,4,9569,9,1.0274516000063159
5,1,,2026-07-30T16:54:33.674400,106008,4951,2096,4951,696,4951,170,4951,25,4951,0,9453,3,1.0277413000003435
5,1,,2026-07-30T16:54:34.702207,105782,5053,2179,5053,655,5053,195,5053,30,5053,1,9552,2,1.0276031000248622
5,1,,2026-07-30T16:54:35.729269,105897,5138,2170,5138,763,5138,175,5138,22,5138,6,9485,4,1.0267437000002246
5,1,,2026-07-30T16:54:36.757419,104937,5005,2092,5005,755,5005,166,5005,36,5005,3,9575,5,1.027775800001109
5,1,,2026-07-30T16:54:37.786466,106527,5080,2113,5080,735,5080,175,5080,19,5080,4,9512,3,1.028518000006443
5,1,,2026-07-30T16:54:38.815572,105516,5168,2158,5168,775,5168,174,5168,20,5168,4,9629,3,1.0286846000235528
5,1,,2026-07-30T16:54:39.844415,105723,5155,2165,5155,764,5155,177,5155,36,5155,2,9735,4,1.0284730999846943
5,1,,2026-07-30T16:54:40.873631,106101,5166,2183,5166,771,5166,180,5166,28,5166,4,9513,7,1.0288817000109702
5,1,,2026-07-30T16:54:41.902219,106173,4993,2135,4993,717,4993,160,4993,28,4993,5,9696,7,1.0282160000060685
5,1,,2026-07-30T16:54:42.929287,105399,5152,2168,5152,738,5152,183,5152,34,5152,4,9541,5,1.0267291000054684
5,1,,2026-07-30T16:54:43.958966,105954,5078,2135,5078,732,5078,169,5078,28,5078,3,9593,6,1.029333000013139
5,1,,2026-07-30T16:54:44.986970,106680,5190,2227,5190,696,5190,171,5190,27,5190,1,9529,9,1.0274952999898233
5,1,,2026-07-30T16:54:46.016081,105630,5002,2169,5002,717,5002,182,5002,25,5002,1,9696,10,1.028755600011209
5,1,,2026-07-30T16:54:47.045276,106147,5142,2103,5142,748,5142,199,5142,30,5142,3,9426,8,1.0288144999940414
5,1,,2026-07-30T16:54:48.075572,106325,5144,2175,5144,734,5144,191,5144,26,5144,3,9645,1,1.0298297999834176
5,1,,2026-07-30T16:54:49.105460,106538,5016,2191,5016,752,5016,184,5016,23,5016,2,9565,8,1.029528199986089
5,1,,2026-07-30T16:54:50.136087,105659,5099,2179,5099,692,5099,186,5099,32,5099,3,9555,8,1.030181599984644
5,1,,2026-07-30T16:54:51.163628,106101,5129,2148,5129,714,5129,163,5129,25,5129,3,9538,4,1.0271206999896094
5,1,,2026-07-30T16:54:52.192403,105789,5067,2121,5067,810,5067,169,5067,24,5067,2,9739,4,1.028545800014399
5,1,,2026-07-30T16:54:53.221528,105887,5177,2299,5177,732,5177,190,5177,23,5177,6,9470,5,1.028819699975429
5,1,,2026-07-30T16:54:54.250607,106003,4945,2122,4945,732,4945,167,4945,27,4945,6,9519,8,1.0286942000093404
5,1,,2026-07-30T16:54:55.279508,105925,5195,2215,5195,723,5195,178,5195,23,5195,4,9694,3,1.028513600002043
5,1,,2026-07-30T16:54:56.307148,105860,4910,2090,4910,742,4910,180,4910,30,4910,4,9499,4,1.0272150000091642
5,1,,2026-07-30T16:54:57.335843,105908,5140,2224,5140,737,5140,167,5140,17,5140,3,9508,1,1.0283821999910288
5,1,,2026-07-30T16:54:58.365479,105971,5119,2151,5119,770,5119,175,5119,25,5119,1,9613,10,1.029220800002804
5,1,,2026-07-30T16:54:59.394055,106258,5095,2138,5095,744,5095,174,5095,27,5095,2,9773,9,1.0281593999825418
5,1,,2026-07-30T16:55:00.423533,106140,5132,2133,5132,735,5132,151,5132,27,5132,1,9654,10,1.0291133999999147
5,1,,2026-07-30T16:55:01.453852,105908,5060,2176,5060,735,5060,159,5060,21,5060,3,9774,7,1.029908800002886
5,1,,2026-07-30T16:55:02.484201,106864,5129,2133,5129,748,5129,180,5129,21,5129,4,9602,10,1.029929100011941
5,1,,2026-07-30T16:55:03.511883,106285,5056,2101,5056,753,5056,169,5056,24,5056,1,9761,3,1.0271578999818303
5,1,,2026-07-30T16:55:04.540443,105387,5061,2206,5061,717,5061,180,5061,27,5061,1,9601,11,1.0280965000274591
5,1,,2026-07-30T16:55:05.570243,105836,5185,2254,5185,747,5185,173,5185,24,5185,3,9661,7,1.029395299992757
5,1,,2026-07-30T16:55:06.599690,105964,5187,2172,5187,778,5187,175,5187,29,5187,5,9729,5,1.0290374000032898
5,1,,2026-07-30T16:55:07.628288,105582,5069,2187,5069,685,5069,169,5069,31,5069,2,9677,2,1.028168499993626
5,1,,2026-07-30T16:55:08.657790,105847,5080,2168,5080,744,5080,171,5080,38,5080,7,9637,8,1.0290474999928847
5,1,,2026-07-30T16:55:09.686644,105577,5052,2206,5052,678,5052,168,5052,38,5052,1,9535,10,1.0284229000099003
5,1,,2026-07-30T16:55:10.715790,106291,5039,2153,5039,720,5039,176,5039,25,5039,3,9463,8,1.0285869000072125
5,1,,2026-07-30T16:55:11.745832,106058,5076,2187,5076,744,5076,156,5076,24,5076,2,9626,7,1.029679400002351
5,1,,2026-07-30T16:55:12.774795,106329,4993,2154,4993,710,4993,154,4993,33,4993,2,9652,5,1.028537599981064
5,1,,2026-07-30T16:55:13.803547,105239,5049,2175,5049,665,5049,164,5049,30,5049,3,9673,8,1.0283846999809612
5,1,,2026-07-30T16:55:14.832673,105904,5215,2248,5215,754,5215,173,5215,25,5215,2,9651,2,1.0287493000214454
5,1,,2026-07-30T16:55:15.861315,106175,5008,2111,5008,739,5008,184,5008,28,5008,3,9689,7,1.0282191000005696
5,1,,2026-07-30T16:55:16.889414,105850,5099,2291,5099,726,5099,167,5099,24,5099,5,9691,5,1.0277399999904446
5,1,,2026-07-30T16:55:17.916513,105553,5156,2227,5156,742,5156,172,5156,27,5156,3,9729,6,1.0267377000127453
5,1,,2026-07-30T16:55:18.944288,105410,4974,2049,4974,732,4974,170,4974,28,4974,6,9590,7,1.0274701000016648
5,1,,2026-07-30T16:55:19.972604,105690,5111,2195,5111,725,5111,176,5111,34,5111,2,9700,6,1.028080999996746
5,1,,2026-07-30T16:55:21.000659,105534,5000,2177,5000,706,5000,175,5000,25,5000,2,9690,10,1.0277126999862958
5,1,,2026-07-30T16:55:22.031446,105812,5195,2229,5195,759,5195,166,5195,25,5195,7,9381,9,1.030432799976552
5,1,,2026-07-30T16:55:23.061091,106246,5176,2273,5176,667,5176,192,5176,23,5176,0,9553,7,1.0291274999908637
5,1,,2026-07-30T16:55:24.088923,106319,5085,2164,5085,762,5085,154,5085,24,5085,2,9627,10,1.027309700002661
5,1,,2026-07-30T16:55:25.117611,105821,5109,2165,5109,766,5109,170,5109,32,5109,2,9656,4,1.0284234000137076
5,1,,2026-07-30T16:55:26.144742,105537,5085,2128,5085,742,5085,190,5085,30,5085,2,9647,1,1.026656500005629
5,1,,2026-07-30T16:55:27.172319,105115,5233,2231,5233,771,5233,170,5233,29,5233,6,9479,4,1.027437699987786
5,1,,2026-07-30T16:55:28.200457,106014,5246,2259,5246,731,5246,207,5246,16,5246,6,9484,3,1.0277651000069454
5,1,,2026-07-30T16:55:29.227280,105223,5048,2109,5048,735,5048,174,5048,20,5048,1,9593,12,1.0264758999983314
5,1,,2026-07-30T16:55:30.256423,105086,4935,2132,4935,749,4935,171,4935,18,4935,2,9556,8,1.0287738000042737
5,1,,2026-07-30T16:55:31.286689,106069,5074,2070,5074,764,5074,162,5074,24,5074,1,9566,8,1.0298484999802895
5,1,,2026-07-30T16:55:32.316428,105808,5025,2088,5025,731,5025,170,5025,30,5025,1,9512,5,1.0292863000067882
5,1,,2026-07-30T16:55:33.346565,105977,5022,2118,5022,724,5022,165,5022,21,5022,3,9703,6,1.0299349000270013
5,1,,2026-07-30T16:55:34.376430,106591,5152,2279,5152,711,5152,171,5152,24,5152,6,9620,4,1.0294578000030015
5,1,,2026-07-30T16:55:35.405245,106335,5093,2188,5093,707,5093,177,5093,27,5093,4,9552,11,1.028411099978257
5,1,,2026-07-30T16:55:36.433672,105599,5091,2123,5091,739,5091,171,5091,29,5091,4,9483,9,1.028038300020853
5,1,,2026-07-30T16:55:37.463809,106332,5138,2138,5138,769,5138,173,5138,29,5138,3,9543,2,1.0295856000157073
5,1,,2026-07-30T16:55:38.493373,105913,5074,2198,5074,743,5074,179,5074,28,5074,4,9648,5,1.0291931999963708
5,1,,2026-07-30T16:55:39.522385,105624,5034,2171,5034,673,5034,182,5034,25,5034,1,9524,6,1.0284651999827474
5,1,,2026-07-30T16:55:40.552387,105963,5060,2163,5060,742,5060,168,5060,17,5060,3,9528,8,1.0296683000051416
5,1,,2026-07-30T16:55:41.581972,106203,5108,2216,5108,703,5108,183,5108,22,5108,5,9680,9,1.0289530000009108
5,1,,2026-07-30T16:55:42.611834,106316,5017,2160,5017,761,5017,171,5017,23,5017,2,9653,7,1.0292356999998447
5,1,,2026-07-30T16:55:43.640228,105588,5230,2205,5230,777,5230,202,5230,28,5230,1,9680,7,1.0280399000039324
5,1,,2026-07-30T16:55:44.669757,105489,5100,2217,5100,743,5100,154,5100,29,5100,0,9443,8,1.0292328000068665
5,1,,2026-07-30T16:55:45.699591,105219,5036,2205,5036,692,5036,202,5036,32,5036,2,9660,7,1.0294444000173826
5,1,,2026-07-30T16:55:46.728656,106468,5092,2127,5092,728,5092,156,5092,34,5092,4,9715,5,1.0286833999853116
5,1,,2026-07-30T16:55:47.757145,105796,5020,2151,5020,758,5020,157,5020,22,5020,2,9540,6,1.028152000013506
5,1,,2026-07-30T16:55:48.785012,105261,5024,2195,5024,693,5024,162,5024,16,5024,7,9524,5,1.0275059999839868
5,1,,2026-07-30T16:55:49.814218,105440,5107,2148,5107,749,5107,191,5107,19,5107,4,9591,4,1.0288482999894768
5,1,,2026-07-30T16:55:50.842942,106088,5135,2219,5135,754,5135,143,5135,27,5135,11,9518,5,1.028346999984933
5,1,,2026-07-30T16:55:51.869773,105493,5129,2161,5129,722,5129,192,5129,33,5129,3,9583,5,1.0263201000052504
5,1,,2026-07-30T16:55:52.898905,106193,5190,2147,5190,747,5190,192,5190,18,5190,4,9529,7,1.0288498000008985
5,1,,2026-07-30T16:55:53.927907,105714,5046,2163,5046,714,5046,184,5046,20,5046,1,9590,8,1.0285327000019606
5,1,,2026-07-30T16:55:54.956370,105929,5106,2209,5106,747,5106,160,5106,28,5106,6,9630,5,1.0280880999926012
5,1,,2026-07-30T16:55:55.983986,105894,4997,2088,4997,760,4997,167,4997,18,4997,4,9766,7,1.0272476999962237
5,1,,2026-07-30T16:55:57.012916,106009,5097,2216,5097,722,5097,144,5097,38,5097,2,9585,4,1.0285817999974824
5,1,,2026-07-30T16:55:58.041892,106178,5075,2151,5075,769,5075,204,5075,31,5075,1,9583,7,1.0285200000216719
5,1,,2026-07-30T16:55:59.070074,106050,5231,2221,5231,759,5231,162,5231,31,5231,3,9487,7,1.0277665000176057
5,1,,2026-07-30T16:56:00.098805,105783,5097,2114,5097,823,5097,162,5097,26,5097,5,9804,8,1.028379600000335
5,1,,2026-07-30T16:56:01.128070,106363,5231,2212,5231,773,5231,175,5231,27,5231,3,9625,4,1.029018500004895
5,1,,2026-07-30T16:56:02.155891,106548,5102,2149,5102,756,5102,158,5102,28,5102,3,9723,8,1.0272874999791384
5,1,,2026-07-30T16:56:03.185032,105768,5172,2150,5172,752,5172,174,5172,34,5172,2,9496,7,1.0288040000014007
5,1,,2026-07-30T16:56:04.215429,105898,5133,2205,5133,741,5133,198,5133,26,5133,4,9554,2,1.03003950000857
5,1,,2026-07-30T16:56:05.245767,106332,5079,2162,5079,721,5079,168,5079,17,5079,1,9920,9,1.0298532999877352
5,1,,2026-07-30T16:56:06.276057,105819,5110,2208,5110,742,5110,174,5110,33,5110,3,9561,4,1.029807900020387
5,1,,2026-07-30T16:56:07.307330,105770,5118,2176,5118,729,5118,170,5118,26,5118,2,9471,6,1.0307560999935959
5,1,,2026-07-30T16:56:08.335774,105991,5072,2154,5072,700,5072,162,5072,33,5072,2,9668,3,1.0280869000125676
5,1,,2026-07-30T16:56:09.365313,105427,5185,2186,5185,696,5185,175,5185,27,5185,5,9384,3,1.0292584999988321
5,1,,2026-07-30T16:56:10.393770,105903,5034,2176,5034,727,5034,167,5034,32,5034,4,9613,6,1.0280501000233926
5,1,,2026-07-30T16:56:11.423574,105647,5203,2215,5203,723,5203,168,5203,29,5203,2,9508,3,1.0293249000096694
5,1,,2026-07-30T16:56:12.453410,105935,5044,2130,5044,724,5044,169,5044,26,5044,1,9696,4,1.0294494000263512
5,1,,2026-07-30T16:56:13.482344,105607,5048,2112,5048,730,5048,166,5048,20,5048,1,9781,6,1.0284859000239521
5,1,,2026-07-30T16:56:14.515377,105434,5206,2185,5206,775,5206,182,5206,31,5206,3,9553,4,1.0324887000024319
5,1,,2026-07-30T16:56:15.544920,106152,5150,2210,5150,720,5150,163,5150,18,5150,2,9457,3,1.0291869999782648
5,1,,2026-07-30T16:56:16.574482,106112,5112,2100,5112,730,5112,204,5112,28,5112,1,9655,9,1.0292451000132132
5,1,,2026-07-30T16:56:17.603018,105856,5113,2215,5113,748,5113,178,5113,28,5113,3,9662,8,1.028228000010131
5,1,,2026-07-30T16:56:18.630323,105932,5183,2190,5183,770,5183,164,5183,32,5183,1,9631,4,1.026908400002867
5,1,,2026-07-30T16:56:19.659948,106030,5142,2195,5142,708,5142,182,5142,28,5142,3,9754,3,1.029255400004331
5,1,,2026-07-30T16:56:20.689245,106063,5021,2161,5021,702,5021,187,5021,20,5021,3,9537,3,1.0289166000147816
5,1,,2026-07-30T16:56:21.718550,106301,5061,2190,5061,710,5061,164,5061,29,5061,2,9654,7,1.0288946999935433
5,1,,2026-07-30T16:56:22.748596,105853,4942,2046,4942,724,4942,186,4942,21,4942,4,9701,4,1.0296068000025116
5,1,,2026-07-30T16:56:23.777354,105872,5152,2224,5152,735,5152,167,5152,23,5152,3,9511,0,1.0282739999820478
5,1,,2026-07-30T16:56:24.805937,106058,5025,2123,5025,751,5025,157,5025,30,5025,1,9587,5,1.0282996000023559
5,1,,2026-07-30T16:56:25.834405,105734,5178,2181,5178,761,5178,188,5178,26,5178,3,9771,4,1.028004299994791
5,1,,2026-07-30T16:56:26.862824,106003,5110,2139,5110,774,5110,171,5110,21,5110,3,9689,7,1.0281156999990344
5,1,,2026-07-30T16:56:27.891977,106245,5142,2140,5142,744,5142,182,5142,28,5142,2,9522,9,1.0288005000038538
5,1,,2026-07-30T16:56:28.921552,106028,5017,2171,5017,754,5017,171,5017,32,5017,3,9627,3,1.0292234999942593
5,1,,2026-07-30T16:56:29.949562,105831,5180,2143,5180,726,5180,152,5180,29,5180,6,9597,6,1.0276447999931406
5,1,,2026-07-30T16:56:30.978536,105840,5047,2138,5047,725,5047,166,5047,28,5047,1,9538,9,1.0287210999813396
5,1,,2026-07-30T16:56:32.008222,105798,5104,2137,5104,785,5104,178,5104,34,5104,7,9544,7,1.0293801999941934
5,1,,2026-07-30T16:56:33.037251,106059,5137,2198,5137,740,5137,178,5137,27,5137,6,9742,8,1.0286191999912262
5,1,,2026-07-30T16:56:34.067483,105813,5084,2177,5084,688,5084,170,5084,24,5084,2,9689,5,1.0297155999869574
5,1,,2026-07-30T16:56:35.096352,105845,5160,2236,5160,723,5160,203,5160,26,5160,3,9640,5,1.028385799989337
5,1,,2026-07-30T16:56:36.126081,105495,5071,2115,5071,769,5071,186,5071,21,5071,5,9682,4,1.029261099989526
5,1,,2026-07-30T16:56:37.154964,105881,5159,2190,5159,727,5159,164,5159,29,5159,3,9684,6,1.0284889999893494
5,1,,2026-07-30T16:56:38.182958,106353,5260,2226,5260,809,5260,151,5260,28,5260,3,9628,5,1.0276863000181038
5,1,,2026-07-30T16:56:39.212836,105271,5029,2143,5029,692,5029,188,5029,33,5029,2,9702,7,1.0294521999894641
5,1,,2026-07-30T16:56:40.242698,106544,5045,2174,5045,730,5045,152,5045,27,5045,10,9584,3,1.029521400021622
5,1,,2026-07-30T16:56:41.271906,105802,5131,2100,5131,752,5131,189,5131,34,5131,2,9629,4,1.0286743000033312
5,1,,2026-07-30T16:56:42.301156,105489,5004,2114,5004,719,5004,168,5004,24,5004,3,9575,7,1.0289728000061586
5,1,,2026-07-30T16:56:43.331220,105757,4964,2072,4964,693,4964,172,4964,26,4964,2,9760,4,1.0297093999979552
5,1,,2026-07-30T16:56:44.360117,105991,5101,2151,5101,690,5101,182,5101,32,5101,1,9469,5,1.028417299996363
5,1,,2026-07-30T16:56:45.389157,105164,5081,2099,5081,710,5081,195,5081,24,5081,2,9566,8,1.0285639000067022
5,1,,2026-07-30T16:56:46.418358,105724,5008,2128,5008,693,5008,173,5008,27,5008,4,9642,2,1.0288190999999642
5,1,,2026-07-30T16:56:47.446725,105552,5139,2147,5139,756,5139,186,5139,32,5139,5,9541,4,1.027990000002319
5,1,,2026-07-30T16:56:48.475810,105783,5035,2179,5035,716,5035,178,5035,19,5035,4,9640,5,1.0287396000057925
5,1,,2026-07-30T16:56:49.506493,106208,5065,2156,5065,722,5065,178,5065,36,5065,3,9423,7,1.0301525999966543
5,1,,2026-07-30T16:56:50.535107,105450,5082,2148,5082,740,5082,168,5082,35,5082,2,9607,11,1.0282178000197746
5,1,,2026-07-30T16:56:51.563133,106063,5060,2148,5060,742,5060,162,5060,15,5060,1,9497,9,1.0276765000016894
5,1,,2026-07-30T16:56:52.591423,105675,5178,2219,5178,741,5178,178,5178,28,5178,4,9391,2,1.0278773000172805
5,1,,2026-07-30T16:56:53.620614,105167,5068,2162,5068,733,5068,169,5068,27,5068,4,9483,6,1.028903700003866
5,1,,2026-07-30T16:56:54.649085,106184,5003,2104,5003,762,5003,162,5003,28,5003,6,9500,4,1.0281010999751743
5,1,,2026-07-30T16:56:55.678288,106249,5097,2182,5097,723,5097,182,5097,28,5097,1,9542,2,1.0288036999991164
5,1,,2026-07-30T16:56:56.707250,106368,5053,2141,5053,735,5053,154,5053,28,5053,3,9604,11,1.0285975000006147
5,1,,2026-07-30T16:56:57.736267,105886,5166,2150,5166,721,5166,192,5166,29,5166,1,9696,8,1.0284438999951817
5,1,,2026-07-30T16:56:58.764999,106384,5107,2159,5107,739,5107,180,5107,18,5107,1,9557,9,1.0282649000000674
5,1,,2026-07-30T16:56:59.794339,106146,5108,2157,5108,731,5108,184,5108,30,5108,3,9470,7,1.0289120999805164
5,1,,2026-07-30T16:57:00.824463,106423,5241,2259,5241,720,5241,183,5241,25,5241,5,9579,3,1.0296779999916907
5,1,,2026-07-30T16:57:01.854115,106271,5101,2121,5101,718,5101,164,5101,27,5101,4,9692,6,1.029246799997054
5,1,,2026-07-30T16:57:02.882517,105935,5073,2121,5073,707,5073,184,5073,30,5073,1,9569,6,1.0280708000063896
5,1,,2026-07-30T16:57:03.911884,105659,5129,2140,5130,806,5130,157,5130,28,5130,1,9713,6,1.0289583999838214
5,1,,2026-07-30T16:57:04.940636,105562,5178,2230,5177,727,5177,204,5177,32,5177,4,9502,4,1.0283120999811217
5,1,,2026-07-30T16:57:05.970018,105798,5008,2134,5008,707,5008,159,5008,27,5008,6,9404,4,1.0287380999943707
5,1,,2026-07-30T16:57:06.998568,106044,5254,2253,5254,801,5254,165,5254,28,5254,3,9372,5,1.0281817000068258
5,1,,2026-07-30T16:57:08.027168,105401,4967,2113,4967,675,4967,168,4967,24,4967,4,9601,6,1.0281056000094395
5,1,,2026-07-30T16:57:09.054728,105781,5056,2125,5056,754,5056,159,5056,34,5056,3,9634,1,1.0270385000039823
5,1,,2026-07-30T16:57:10.082949,105477,5063,2176,5063,750,5063,161,5063,19,5063,3,9660,7,1.027893899998162
5,1,,2026-07-30T16:57:11.112344,105415,5082,2200,5082,712,5082,163,5082,31,5082,2,9476,8,1.0289798000012524
5,1,,2026-07-30T16:57:12.141901,105535,4995,2107,4995,689,4995,179,4995,31,4995,3,9661,2,1.0291624999954365
5,1,,2026-07-30T16:57:13.169734,105863,4962,2116,4962,686,4962,171,4962,25,4962,5,9620,6,1.027419899997767
5,1,,2026-07-30T16:57:14.197579,105368,5077,2146,5077,714,5077,178,5077,28,5077,1,9577,5,1.027531400002772
5,1,,2026-07-30T16:57:15.226483,106268,5081,2173,5081,720,5081,193,5081,26,5081,4,9563,9,1.0286269999924116
5,1,,2026-07-30T16:57:16.256411,106174,5079,2178,5079,759,5079,175,5079,33,5079,8,9543,6,1.0295298999990337
5,1,,2026-07-30T16:57:17.285895,105383,5073,2126,5073,712,5073,153,5073,29,5073,2,9672,6,1.0289909999992233
5,1,,2026-07-30T16:57:18.314654,106025,5167,2136,5167,790,5167,176,5167,21,5167,0,9455,5,1.0283894000167493
5,1,,2026-07-30T16:57:19.343705,105776,5219,2220,5219,734,5219,187,5219,22,5219,2,9377,8,1.0286884999950416
5,1,,2026-07-30T16:57:20.373295,106170,5176,2219,5176,780,5176,161,5176,24,5176,2,9648,7,1.0292084999964572
5,1,,2026-07-30T16:57:21.402355,105544,5043,2122,5043,757,5043,187,5043,26,5043,3,9669,2,1.028612099995371
5,1,,2026-07-30T16:57:22.431084,105817,5055,2185,5055,749,5055,164,5055,26,5055,2,9568,7,1.0282429999788292
5,1,,2026-07-30T16:57:23.460322,105764,5026,2116,5026,709,5026,169,5026,26,5026,4,9572,2,1.0288870999938808
5,1,,2026-07-30T16:57:24.489785,105541,5094,2213,5094,740,5094,151,5094,23,5094,3,9458,9,1.0290333000011742
5,1,,2026-07-30T16:57:25.518808,105410,4963,2050,4963,737,4963,171,4963,25,4963,3,9620,8,1.0286729999934323
5,1,,2026-07-30T16:57:26.547717,106163,5107,2210,5107,748,5107,166,5107,29,5107,5,9568,2,1.0285382999863941
5,1,,2026-07-30T16:57:27.576568,105580,4965,2188,4965,705,4965,159,4965,26,4965,3,9357,2,1.0284106999752112
5,1,,2026-07-30T16:57:28.606503,106085,5080,2183,5080,715,5080,184,5080,26,5080,4,9745,3,1.0291941000032239
5,1,,2026-07-30T16:57:29.636564,106064,5012,2092,5012,731,5012,156,5012,30,5012,1,9710,8,1.0295593999908306
5,1,,2026-07-30T16:57:30.665508,105536,5086,2121,5086,707,5086,163,5086,26,5086,2,9567,4,1.0285416999831796
5,1,,2026-07-30T16:57:31.695187,106468,5152,2199,5152,710,5152,207,5152,21,5152,1,9566,5,1.0292472999717575
5,1,,2026-07-30T16:57:32.724699,105898,5023,2018,5023,701,5023,202,5023,29,5023,4,9486,9,1.0290955000091344
5,1,,2026-07-30T16:57:33.753481,105804,5157,2255,5157,735,5157,157,5157,31,5157,4,9610,2,1.0283510999870487
5,1,,2026-07-30T16:57:34.781382,105791,4917,2111,4917,710,4917,181,4917,31,4917,1,9588,2,1.0276302999991458
5,1,,2026-07-30T16:57:35.809521,106152,5105,2191,5105,739,5105,167,5105,30,5105,5,9633,6,1.0277876000036485
5,1,,2026-07-30T16:57:36.836622,105429,5153,2204,5153,755,5153,147,5153,23,5153,4,9420,4,1.0268032000167295
5,1,,2026-07-30T16:57:37.863885,105949,5029,2113,5029,709,5029,160,5029,30,5029,2,9471,5,1.0269741999800317
5,1,,2026-07-30T16:57:38.890272,105669,4970,2037,4970,757,4970,164,4970,32,4970,2,9525,5,1.0261017000011634
5,1,,2026-07-30T16:57:39.917700,105913,5167,2156,5167,746,5167,181,5167,27,5167,6,9502,4,1.0272951999795623
5,1,,2026-07-30T16:57:40.946547,105697,5155,2191,5155,729,5155,184,5155,19,5155,2,9580,6,1.02857490000315
5,1,,2026-07-30T16:57:41.974399,105206,5000,2172,5000,721,5000,179,5000,27,5000,2,9565,4,1.0275850000034552
5,1,,2026-07-30T16:57:43.003312,105387,5179,2194,5179,735,5179,195,5179,26,5179,10,9470,10,1.0286396000010427
5,1,,2026-07-30T16:57:44.030672,105963,5081,2109,5081,732,5081,207,5081,34,5081,4,9627,3,1.0270215999917127
5,1,,2026-07-30T16:57:45.058802,105475,5105,2155,5105,719,5105,152,5105,15,5105,1,9332,10,1.0278048000182025
5,1,,2026-07-30T16:57:46.089033,105363,4960,2219,4960,708,4960,172,4960,36,4960,2,9648,8,1.0299694999994244
5,1,,2026-07-30T16:57:47.117596,105870,5118,2208,5118,723,5118,154,5118,18,5118,2,9652,2,1.0281159000005573
5,1,,2026-07-30T16:57:48.145685,105589,5023,2107,5023,735,5023,188,5023,34,5023,5,9464,7,1.0276742999849375
5,1,,2026-07-30T16:57:49.175660,106121,4981,2073,4981,753,4981,184,4981,30,4981,5,9568,9,1.029687100002775
5,1,,2026-07-30T16:57:50.205213,106225,5140,2176,5140,753,5140,181,5140,31,5140,5,9449,9,1.0290428000153042
5,1,,2026-07-30T16:57:51.234472,105658,5150,2164,5150,741,5150,150,5150,26,5150,4,9563,5,1.0288972000125796
5,1,,2026-07-30T16:57:52.264267,105794,5058,2151,5058,752,5058,173,5058,31,5058,2,9514,8,1.0294283000112046
5,1,,2026-07-30T16:57:53.293919,105376,5049,2202,5049,665,5049,179,5049,36,5049,4,9568,5,1.0292057000042405
5,1,,2026-07-30T16:57:54.323677,105545,5031,2141,5031,699,5031,194,5031,25,5031,3,9618,5,1.029406999994535
5,1,,2026-07-30T16:57:55.352507,105904,5092,2184,5092,781,5092,184,5092,26,5092,1,9633,7,1.028290999995079
5,1,,2026-07-30T16:57:56.379796,105531,5181,2206,5181,706,5181,138,5181,35,5181,4,9419,7,1.0268926999997348
5,1,,2026-07-30T16:57:57.409416,105828,5186,2178,5186,762,5186,179,5186,12,5186,3,9580,7,1.0290644000051543
5,1,,2026-07-30T16:57:58.437242,105936,5042,2160,5042,689,5042,193,5042,28,5042,3,9693,4,1.0273347000184003
5,1,,2026-07-30T16:57:59.465304,105319,4998,2128,4998,707,4998,195,4998,23,4998,2,9458,5,1.027741400001105
5,1,,2026-07-30T16:58:00.494226,105837,5249,2291,5249,756,5249,157,5249,28,5249,3,9437,4,1.028618699987419
5,1,,2026-07-30T16:58:01.523399,106029,5046,2136,5046,684,5046,172,5046,25,5046,3,9477,7,1.0288204999815207
5,1,,2026-07-30T16:58:02.553183,105975,5040,2136,5040,710,5040,192,5040,27,5040,5,9622,7,1.0293790000141598
5,1,,2026-07-30T16:58:03.582720,106336,5175,2178,5175,765,5175,208,5175,29,5175,3,9650,5,1.0291222000087146
5,1,,2026-07-30T16:58:04.613308,105936,5122,2167,5122,746,5122,185,5122,23,5122,1,9453,2,1.030172800004948
5,1,,2026-07-30T16:58:05.641754,105970,4989,2090,4989,697,4989,167,4989,19,4989,4,9518,8,1.0281506000028457
5,1,,2026-07-30T16:58:06.671612,106133,4982,2111,4982,740,4982,175,4982,31,4982,5,9643,9,1.0294332000194117
5,1,,2026-07-30T16:58:07.700797,105740,5049,2136,5049,770,5049,175,5049,33,5049,5,9501,3,1.028808500006562
5,1,,2026-07-30T16:58:08.731198,105918,5105,2161,5105,730,5105,179,5105,24,5105,5,9650,8,1.0299720999901183
5,1,,2026-07-30T16:58:09.760747,105804,5072,2128,5072,737,5072,147,5072,30,5072,3,9582,2,1.0291887999919709
5,1,,2026-07-30T16:58:10.789864,105873,5192,2201,5192,738,5192,189,5192,34,5192,4,9493,7,1.0285710000025574
5,1,,2026-07-30T16:58:11.818911,105876,5101,2172,5101,736,5101,185,5101,29,5101,3,9549,7,1.028686599980574
5,1,,2026-07-30T16:58:12.848704,105451,5167,2213,5167,752,5167,169,5167,27,5167,4,9467,6,1.029417999990983
5,1,,2026-07-30T16:58:13.878218,105503,5079,2157,5079,727,5079,176,5079,17,5079,3,9479,3,1.029095599980792
5,1,,2026-07-30T16:58:14.906464,106487,5119,2259,5119,691,5119,171,5119,27,5119,1,9481,4,1.0279412999807391
5,1,,2026-07-30T16:58:15.936281,105913,5085,2189,5085,771,5085,173,5085,29,5085,1,9554,2,1.0293763000227045
5,1,,2026-07-30T16:58:16.966163,105917,4944,2134,4944,690,4944,173,4944,23,4944,1,9581,6,1.029510799999116
5,1,,2026-07-30T16:58:17.995479,106101,4982,2094,4982,712,4982,163,4982,26,4982,5,9406,6,1.0288437000126578
5,1,,2026-07-30T16:58:19.025610,106388,5165,2136,5165,761,5165,171,5165,30,5165,3,9710,5,1.0297963000193704
5,1,,2026-07-30T16:58:20.055176,105753,5159,2237,5159,734,5159,166,5159,23,5159,4,9530,9,1.0292290000070352
5,1,,2026-07-30T16:58:21.083588,106043,4932,2095,4932,669,4932,170,4932,23,4932,0,9589,6,1.0281110999931116
5,1,,2026-07-30T16:58:22.113336,106081,5070,2118,5070,737,5070,166,5070,35,5070,2,9600,5,1.0295412999985274
5,1,,2026-07-30T16:58:23.143146,105708,5247,2298,5247,743,5247,177,5247,27,5247,1,9593,7,1.0293479000101797
5,1,,2026-07-30T16:58:24.173200,106120,5108,2200,5108,766,5108,151,5108,21,5108,3,9531,2,1.0296650000091176
5,1,,2026-07-30T16:58:25.203394,105720,5186,2166,5186,740,5186,181,5186,21,5186,1,9539,9,1.0299023000115994
5,1,,2026-07-30T16:58:26.232698,105576,5094,2175,5094,725,5094,174,5094,22,5094,2,9678,8,1.0290682999766432
5,1,,2026-07-30T16:58:27.261914,105651,5008,2126,5008,725,5008,180,5008,22,5008,4,9547,3,1.0287722000211943
5,1,,2026-07-30T16:58:28.291200,106191,5079,2139,5079,703,5079,184,5079,21,5079,3,9588,9,1.0289093000174034
5,1,,2026-07-30T16:58:29.320579,105666,5072,2105,5072,720,5072,186,5072,24,5072,4,9417,7,1.0289071000006516
5,1,,2026-07-30T16:58:30.350449,105410,5110,2212,5110,786,5110,158,5110,28,5110,2,9423,7,1.0294741000107024
5,1,,2026-07-30T16:58:31.378810,106068,5053,2169,5053,706,5053,165,5053,26,5053,3,9383,6,1.0278812999895308
5,1,,2026-07-30T16:58:32.407513,105145,4956,2063,4956,743,4956,197,4956,26,4956,4,9502,7,1.0282738000096288
5,1,,2026-07-30T16:58:33.436637,105635,5172,2162,5172,749,5172,169,5172,32,5172,5,9581,5,1.0287413999903947
5,1,,2026-07-30T16:58:34.465638,105523,5181,2183,5181,704,5181,184,5181,26,5181,6,9566,2,1.0285785000014585
5,1,,2026-07-30T16:58:35.494619,105729,5137,2265,5137,737,5137,160,5137,18,5137,6,9582,8,1.0283986999711487
5,1,,2026-07-30T16:58:36.522891,106182,5188,2206,5188,733,5188,186,5188,23,5188,1,9636,6,1.0278147999779321
5,1,,2026-07-30T16:58:37.552602,105718,4982,2116,4982,736,4982,144,4982,25,4982,3,9547,5,1.0293883999984246
5,1,,2026-07-30T16:58:38.581026,105975,5099,2155,5099,715,5099,156,5099,24,5099,4,9516,6,1.027972600015346
5,2,,2026-07-30T16:58:46.004056,105146,6173,3106,6173,739,6173,122,6173,22,6173,1,9676,6,1.0286584999994375
5,2,,2026-07-30T16:58:47.034092,105992,6293,3195,6293,787,6293,151,6293,16,6293,5,9523,6,1.0295746000192594
5,2,,2026-07-30T16:58:48.063842,106244,6244,3154,6244,755,6244,155,6244,30,6244,1,9425,4,1.0294021000154316
5,2,,2026-07-30T16:58:49.093521,106433,6279,3121,6279,779,6279,163,6279,13,6279,1,9581,3,1.0292356999998447
5,2,,2026-07-30T16:58:50.121413,105736,6285,3151,6285,764,6285,141,6285,9,6285,1,9415,7,1.027580299996771
5,2,,2026-07-30T16:58:51.150197,105256,6190,3112,6190,732,6190,143,6190,16,6190,5,9689,6,1.0286212000064552
5,2,,2026-07-30T16:58:52.179843,105489,6214,3091,6214,775,6214,138,6214,19,6214,2,9650,3,1.0292772999964654
5,2,,2026-07-30T16:58:53.210571,105104,6175,3030,6175,743,6175,135,6175,19,6175,1,9493,9,1.0302032000035979
5,2,,2026-07-30T16:58:54.238452,105363,6220,3085,6220,751,6220,136,6220,22,6220,4,9406,3,1.02755260001868
5,2,,2026-07-30T16:58:55.268617,105930,6199,3122,6199,781,6199,126,6199,16,6199,0,9561,6,1.0298466000240296
5,2,,2026-07-30T16:58:56.297803,105238,6261,3173,6261,739,6261,129,6261,15,6261,0,9508,4,1.028704900003504
5,2,,2026-07-30T16:58:57.327291,105330,6343,3131,6343,782,6343,152,6343,26,6343,1,9494,7,1.0289288999920245
5,2,,2026-07-30T16:58:58.356598,105908,6104,3116,6104,712,6104,144,6104,20,6104,0,9507,5,1.0289335999987088
5,2,,2026-07-30T16:58:59.386391,106110,6153,3077,6153,747,6153,129,6153,21,6153,2,9443,6,1.0293136999825947
5,2,,2026-07-30T16:59:00.414974,105622,6452,3332,6452,737,6452,155,6452,16,6452,2,9480,3,1.0281248999817763
5,2,,2026-07-30T16:59:01.443685,105267,6275,3149,6275,767,6275,133,6275,14,6275,3,9518,3,1.0283908999990672
5,2,,2026-07-30T16:59:02.471177,106042,6338,3196,6338,766,6338,127,6338,22,6338,3,9549,4,1.0271227000048384
5,2,,2026-07-30T16:59:03.501348,106244,6280,3183,6280,738,6280,135,6280,17,6280,1,9483,3,1.0298001000192016
5,2,,2026-07-30T16:59:04.530546,105562,6148,3016,6148,780,6148,144,6148,13,6148,2,9461,9,1.0286584999994375
5,2,,2026-07-30T16:59:05.560267,105371,6080,3014,6080,728,6080,119,6080,15,6080,3,9601,5,1.0293487000162713
5,2,,2026-07-30T16:59:06.589287,105834,6248,3185,6248,740,6248,159,6248,14,6248,2,9492,8,1.0286054999742191
5,2,,2026-07-30T16:59:07.618319,105801,6178,3108,6178,691,6178,151,6178,22,6178,2,9356,3,1.028653099987423
5,2,,2026-07-30T16:59:08.648000,105734,6154,3017,6154,793,6154,133,6154,8,6154,3,9570,7,1.029248299979372
5,2,,2026-07-30T16:59:09.676668,105454,6201,3125,6201,719,6201,154,6201,15,6201,1,9416,4,1.0284231999830808
5,2,,2026-07-30T16:59:10.704966,105642,6333,3132,6333,777,6333,141,6333,14,6333,3,9677,5,1.0278829999733716
5,2,,2026-07-30T16:59:11.733852,105956,6234,3166,6234,742,6234,153,6234,16,6234,4,9349,8,1.028516300022602
5,2,,2026-07-30T16:59:12.763977,105858,6131,3088,6132,757,6132,134,6132,12,6132,1,9443,8,1.0297677000053227
5,2,,2026-07-30T16:59:13.794287,105760,6054,3066,6053,710,6053,143,6053,18,6053,1,9455,5,1.0299746000091545
5,2,,2026-07-30T16:59:14.823157,105880,6213,3076,6213,759,6213,152,6213,22,6213,1,9546,7,1.0285529999819119
5,2,,2026-07-30T16:59:15.852119,105332,6100,3041,6100,743,6100,128,6100,15,6100,4,9583,6,1.0285326000011992
5,2,,2026-07-30T16:59:16.881829,105965,6081,3083,6081,734,6081,132,6081,16,6081,1,9565,4,1.0292268999910448
5,2,,2026-07-30T16:59:17.911199,105482,6181,3130,6182,727,6182,119,6182,8,6182,1,9563,8,1.0290343000087887
5,2,,2026-07-30T16:59:18.939618,105747,6223,3108,6222,743,6222,134,6222,17,6222,3,9582,9,1.0281038000248373
5,2,,2026-07-30T16:59:19.967920,105932,6247,3061,6247,753,6247,144,6247,14,6247,1,9445,7,1.0276996000029612
5,2,,2026-07-30T16:59:20.995335,105409,6279,3108,6279,772,6279,147,6279,21,6279,1,9463,6,1.0267163999960758
5,2,,2026-07-30T16:59:22.023772,105762,6313,3173,6313,783,6313,125,6313,15,6313,2,9295,6,1.028267500019865
5,2,,2026-07-30T16:59:23.053252,105308,6248,3076,6248,804,6248,128,6248,18,6248,3,9359,4,1.0290734999871347
5,2,,2026-07-30T16:59:24.082742,106042,6309,3211,6309,709,6309,139,6309,16,6309,1,9666,6,1.0290622999891639
5,2,,2026-07-30T16:59:25.113790,105519,6270,3180,6270,757,6270,151,6270,25,6270,0,9595,6,1.0306284000107553
5,2,,2026-07-30T16:59:26.142454,105988,6265,3127,6265,783,6265,148,6265,18,6265,3,9594,6,1.0282531999982893
5,2,,2026-07-30T16:59:27.171848,105805,6164,3082,6164,736,6164,142,6164,13,6164,1,9449,4,1.0290297000028659
5,2,,2026-07-30T16:59:28.200747,105850,6358,3209,6358,745,6358,136,6358,16,6358,1,9429,9,1.0283013000153005
5,2,,2026-07-30T16:59:29.229201,105743,6126,3073,6126,725,6126,115,6126,15,6126,2,9371,5,1.028029900015099
5,2,,2026-07-30T16:59:30.257827,105688,6224,3109,6224,778,6224,144,6224,19,6224,2,9470,5,1.0282601999933831
5,2,,2026-07-30T16:59:31.286554,105998,6282,3244,6282,717,6282,129,6282,13,6282,3,9542,6,1.0282812000077683
5,2,,2026-07-30T16:59:32.317446,105987,6165,3082,6165,700,6165,124,6165,18,6165,4,9557,11,1.0303334000054747
5,2,,2026-07-30T16:59:33.346241,106352,6296,3103,6296,787,6296,146,6296,17,6296,2,9581,6,1.0282347000029404
5,2,,2026-07-30T16:59:34.376803,105315,6197,3247,6197,733,6197,140,6197,21,6197,3,9538,4,1.030232299992349
5,2,,2026-07-30T16:59:35.405061,106137,6311,3243,6311,762,6311,160,6311,16,6311,2,9407,6,1.0276636999915354
5,2,,2026-07-30T16:59:36.434924,105359,6287,3105,6287,779,6287,121,6287,17,6287,2,9366,5,1.0293175000115298
5,2,,2026-07-30T16:59:37.465294,105385,6349,3193,6349,788,6349,148,6349,21,6349,3,9572,8,1.0300340999965556
5,2,,2026-07-30T16:59:38.491510,105519,6294,3124,6294,778,6294,146,6294,16,6294,0,9372,6,1.0257451999932528
5,2,,2026-07-30T16:59:39.520278,105619,6373,3196,6373,829,6373,116,6373,14,6373,5,9480,7,1.0284908000030555
5,2,,2026-07-30T16:59:40.549909,105579,6157,3059,6157,768,6157,128,6157,20,6157,2,9563,3,1.0292271999933291
5,2,,2026-07-30T16:59:41.579465,105617,6169,3003,6169,779,6169,122,6169,27,6169,1,9527,6,1.0289763999753632
5,2,,2026-07-30T16:59:42.608397,105812,6214,3062,6214,762,6214,140,6214,20,6214,4,9532,6,1.0285012999956962
5,2,,2026-07-30T16:59:43.636645,105680,6218,3067,6218,739,6218,142,6218,19,6218,3,9530,10,1.027944400004344
5,2,,2026-07-30T16:59:44.665926,105862,6103,3097,6103,686,6103,137,6103,16,6103,4,9439,5,1.0289211999916006
5,2,,2026-07-30T16:59:45.694647,105724,6225,3076,6225,773,6225,132,6225,21,6225,1,9405,5,1.0284104000020307
5,2,,2026-07-30T16:59:46.724779,105809,6208,3096,6208,762,6208,146,6208,19,6208,1,9503,3,1.02961550001055
5,2,,2026-07-30T16:59:47.753804,106216,6221,3104,6221,764,6221,152,6221,15,6221,1,9714,4,1.0285686000133865
5,2,,2026-07-30T16:59:48.784633,105886,6300,3147,6300,778,6300,144,6300,17,6300,1,9551,3,1.030229900003178
5,2,,2026-07-30T16:59:49.813181,105458,6211,3096,6211,775,6211,134,6211,12,6211,3,9667,8,1.028099100018153
5,2,,2026-07-30T16:59:50.842524,105766,6305,3161,6305,754,6305,139,6305,20,6305,1,9452,8,1.0290648000082
5,2,,2026-07-30T16:59:51.871624,105160,6237,3068,6237,786,6237,132,6237,10,6237,0,9321,3,1.0287180000159424
5,2,,2026-07-30T16:59:52.901230,106289,6277,3073,6277,794,6277,129,6277,11,6277,1,9615,5,1.0292388000234496
5,2,,2026-07-30T16:59:53.930650,105278,6201,3118,6201,800,6201,126,6201,17,6201,2,9647,7,1.0290099000267219
5,2,,2026-07-30T16:59:54.959036,106177,6307,3161,6307,779,6307,140,6307,13,6307,3,9510,4,1.0280124999990221
5,2,,2026-07-30T16:59:55.987900,105724,6247,3033,6247,821,6247,146,6247,16,6247,2,9323,5,1.0286555000056978
5,2,,2026-07-30T16:59:57.017357,106239,6314,3118,6314,823,6314,136,6314,22,6314,1,9545,2,1.029056600003969
5,2,,2026-07-30T16:59:58.045599,105596,6113,3092,6113,695,6113,126,6113,15,6113,0,9513,6,1.027802700002212
5,2,,2026-07-30T16:59:59.073421,106064,6243,3171,6243,725,6243,130,6243,17,6243,0,9642,6,1.027403799991589
5,2,,2026-07-30T17:00:00.100517,105593,6312,3111,6312,825,6312,152,6312,17,6312,0,9541,3,1.0268339000176638
5,2,,2026-07-30T17:00:01.129841,105124,6184,3134,6184,724,6184,129,6184,13,6184,2,9445,6,1.0290016999933869
5,2,,2026-07-30T17:00:02.158424,106197,6285,3090,6285,774,6285,150,6285,13,6285,3,9460,4,1.0281031999911647
5,2,,2026-07-30T17:00:03.187994,105399,6157,3055,6157,774,6157,139,6157,17,6157,2,9586,5,1.0291769000177737
5,2,,2026-07-30T17:00:04.216931,105803,6431,3264,6431,759,6431,140,6431,19,6431,1,9555,7,1.0285651999874972
5,2,,2026-07-30T17:00:05.245175,106086,6334,3184,6334,737,6334,134,6334,19,6334,2,9418,9,1.0278645000071265
5,2,,2026-07-30T17:00:06.273561,105939,6362,3140,6362,750,6362,142,6362,16,6362,1,9428,3,1.0280880999926012
5,2,,2026-07-30T17:00:07.303325,105404,6245,3104,6245,745,6245,139,6245,18,6245,3,9443,8,1.0294857999833766
5,2,,2026-07-30T17:00:08.333805,106011,6190,3062,6190,745,6190,143,6190,20,6190,2,9487,12,1.0301083999802358
5,2,,2026-07-30T17:00:09.362592,106119,6365,3167,6365,805,6365,141,6365,17,6365,1,9625,12,1.0284274999867193
5,2,,2026-07-30T17:00:10.390308,105801,6245,3105,6245,752,6245,140,6245,14,6245,1,9318,10,1.0274090000020806
5,2,,2026-07-30T17:00:11.418482,105807,6259,3155,6259,753,6259,143,6259,18,6259,1,9454,10,1.0278008000168484
5,2,,2026-07-30T17:00:12.448199,105826,6203,3016,6203,743,6203,150,6203,11,6203,4,9493,6,1.0294239000068046
5,2,,2026-07-30T17:00:13.478564,105850,6248,3103,6248,766,6248,142,6248,20,6248,2,9547,7,1.0300322999828495
5,2,,2026-07-30T17:00:14.507534,105606,6319,3125,6319,792,6319,143,6319,17,6319,0,9512,4,1.0286033999873325
5,2,,2026-07-30T17:00:15.534007,105876,6104,3071,6104,761,6104,139,6104,14,6104,2,9427,5,1.02610889999778
5,2,,2026-07-30T17:00:16.561699,105166,6189,3064,6189,711,6189,138,6189,17,6189,2,9497,6,1.0274124999996275
5,2,,2026-07-30T17:00:17.589512,105185,6223,3095,6223,782,6223,123,6223,20,6223,1,9532,3,1.027269599988358
5,2,,2026-07-30T17:00:18.618528,105105,6100,3068,6100,749,6100,147,6100,12,6100,0,9443,6,1.0287817000062205
5,2,,2026-07-30T17:00:19.647144,105654,6264,3138,6264,769,6264,141,6264,23,6264,0,9609,7,1.028269000002183
5,2,,2026-07-30T17:00:20.676856,105030,6190,3008,6190,748,6190,151,6190,15,6190,6,9546,6,1.0293491999909747
5,2,,2026-07-30T17:00:21.705600,105887,6312,3152,6312,744,6312,149,6312,22,6312,1,9570,4,1.0282088000094518
5,2,,2026-07-30T17:00:22.735151,105672,6207,3115,6207,787,6207,124,6207,12,6207,1,9413,5,1.0291418000124395
5,2,,2026-07-30T17:00:23.764531,105627,6236,3071,6236,752,6236,157,6236,14,6236,2,9483,9,1.0289334999979474
5,2,,2026-07-30T17:00:24.791944,106198,6336,3186,6336,806,6336,161,6336,14,6336,2,9465,10,1.0270169000141323
5,2,,2026-07-30T17:00:25.821213,106224,6339,3122,6339,792,6339,164,6339,17,6339,5,9489,6,1.0289129999873694
5,2,,2026-07-30T17:00:26.849902,105487,6261,3141,6261,803,6261,145,6261,18,6261,4,9667,10,1.0283358999877237
5,2,,2026-07-30T17:00:27.878388,104883,6229,3129,6229,751,6229,132,6229,17,6229,2,9489,3,1.028196700004628
5,2,,2026-07-30T17:00:28.906975,105523,6187,3038,6187,778,6187,115,6187,20,6187,3,9497,7,1.0282593999872915
5,2,,2026-07-30T17:00:29.935983,105158,6263,3157,6263,721,6263,158,6263,11,6263,2,9336,7,1.0285924000199884
5,2,,2026-07-30T17:00:30.965868,105694,6212,3144,6212,766,6212,136,6212,16,6212,2,9394,5,1.029502199991839
5,2,,2026-07-30T17:00:31.994766,105834,6177,3066,6177,786,6177,141,6178,12,6178,1,9506,5,1.0284278999897651
5,2,,2026-07-30T17:00:33.024332,105777,6120,3132,6120,695,6120,131,6119,19,6119,1,9428,8,1.0291376000095624
5,2,,2026-07-30T17:00:34.053447,105458,6106,3035,6106,760,6106,135,6106,11,6106,2,9615,9,1.0287080999987666
5,2,,2026-07-30T17:00:35.083909,106286,6313,3073,6313,755,6313,151,6313,11,6313,2,9552,3,1.0300312000035774
5,2,,2026-07-30T17:00:36.113864,105169,6173,3094,6173,775,6173,141,6173,12,6173,1,9348,4,1.0294606999959797
5,2,,2026-07-30T17:00:37.143935,105774,6256,3126,6256,758,6256,144,6256,12,6256,3,9641,5,1.0295962000091095
5,2,,2026-07-30T17:00:38.174220,105538,6177,3059,6177,784,6177,132,6177,16,6177,2,9495,8,1.029697700025281
5,2,,2026-07-30T17:00:39.204177,105751,6140,3067,6140,780,6140,140,6140,15,6140,3,9375,4,1.029534600005718
5,2,,2026-07-30T17:00:40.233384,105504,6240,3186,6240,793,6240,148,6240,13,6240,2,9565,6,1.028765499999281
5,2,,2026-07-30T17:00:41.262509,105635,6149,3112,6149,780,6149,144,6149,15,6149,1,9453,8,1.0287801999947987
5,2,,2026-07-30T17:00:42.292471,106166,6192,3096,6193,757,6193,149,6193,15,6193,2,9563,5,1.029573599982541
5,2,,2026-07-30T17:00:43.322037,105574,6113,2984,6112,743,6112,135,6112,17,6112,2,9475,4,1.029274100001203
5,2,,2026-07-30T17:00:44.351038,105364,6111,3016,6111,753,6111,123,6111,19,6111,1,9511,8,1.0284625999920536
5,2,,2026-07-30T17:00:45.380878,105144,6089,3115,6089,727,6089,128,6089,22,6089,2,9634,3,1.0294227999984287
5,2,,2026-07-30T17:00:46.409970,105529,6346,3157,6346,792,6346,166,6346,19,6346,1,9320,8,1.0287683000206016
5,2,,2026-07-30T17:00:47.440290,105509,6407,3188,6407,793,6407,136,6407,15,6407,0,9438,9,1.030002500017872
5,2,,2026-07-30T17:00:48.468660,106078,6157,3108,6157,773,6157,145,6157,15,6157,4,9536,3,1.0278458999819122
5,2,,2026-07-30T17:00:49.497057,105630,6151,3036,6151,782,6151,127,6151,17,6151,3,9388,5,1.027926299982937
5,2,,2026-07-30T17:00:50.526750,105303,6265,3048,6265,831,6265,146,6265,22,6265,2,9581,6,1.029458999983035
5,2,,2026-07-30T17:00:51.556008,105999,6168,3066,6168,727,6168,139,6168,17,6168,2,9434,2,1.0287154999969061
5,2,,2026-07-30T17:00:52.585890,105697,6252,3113,6252,741,6252,158,6252,23,6252,3,9492,8,1.0293258000165224
5,2,,2026-07-30T17:00:53.614901,105316,6109,3038,6109,753,6109,148,6109,17,6109,0,9515,5,1.0284508999902755
5,2,,2026-07-30T17:00:54.644872,105286,6152,3099,6152,726,6152,125,6152,18,6152,2,9484,5,1.0294021000154316
5,2,,2026-07-30T17:00:55.673069,105812,6123,2983,6123,806,6123,130,6123,14,6123,1,9431,5,1.0276589000131935
5,2,,2026-07-30T17:00:56.703448,105403,6400,3166,6400,792,6400,152,6400,15,6400,2,9454,10,1.0300381999986712
5,2,,2026-07-30T17:00:57.732804,106077,6195,3086,6195,737,6195,122,6195,21,6195,2,9548,6,1.0289251999929547
5,2,,2026-07-30T17:00:58.761814,105997,6277,3175,6277,770,6277,127,6277,17,6277,1,9291,6,1.028616499999771
5,2,,2026-07-30T17:00:59.790544,105813,6232,3077,6232,744,6232,147,6232,22,6232,1,9581,4,1.0283237000112422
5,2,,2026-07-30T17:01:00.818591,105677,6215,3169,6215,730,6215,154,6215,18,6215,1,9615,6,1.0277464999817312
5,2,,2026-07-30T17:01:01.846799,105766,6148,3082,6148,715,6148,143,6148,17,6148,1,9617,5,1.0279960000189021
5,2,,2026-07-30T17:01:02.874458,105233,6238,3123,6238,813,6238,136,6238,21,6238,2,9602,5,1.027355099999113
5,2,,2026-07-30T17:01:03.903081,105023,6019,3051,6019,701,6019,130,6019,23,6019,2,9433,7,1.028214799996931
5,2,,2026-07-30T17:01:04.932169,105782,6194,3107,6194,761,6194,145,6194,20,6194,3,9402,2,1.0286517999775242
5,2,,2026-07-30T17:01:05.961794,105605,6332,3181,6332,778,6332,142,6332,16,6332,3,9501,10,1.0291980000038166
5,2,,2026-07-30T17:01:06.990600,105762,6364,3195,6364,762,6364,149,6364,19,6364,3,9404,6,1.0283278000133578
5,2,,2026-07-30T17:01:08.019612,105753,6253,3019,6253,813,6253,135,6253,22,6253,3,9539,7,1.0286413000139873
5,2,,2026-07-30T17:01:09.049114,105958,6300,3215,6300,730,6300,146,6300,16,6300,3,9656,5,1.0291047999926377
5,2,,2026-07-30T17:01:10.077560,105574,6212,3123,6212,772,6212,142,6212,16,6212,3,9623,6,1.0279540999908932
5,2,,2026-07-30T17:01:11.105824,105369,6356,3161,6356,743,6356,129,6356,20,6356,0,9381,11,1.027886199997738
5,2,,2026-07-30T17:01:12.134908,105959,6211,3136,6211,727,6211,147,6211,17,6211,3,9431,11,1.0287431000033394
5,2,,2026-07-30T17:01:13.164841,106313,6179,3080,6179,725,6179,143,6179,16,6179,0,9447,8,1.0294929000083357
5,2,,2026-07-30T17:01:14.194667,105610,6167,3086,6167,765,6167,120,6167,17,6167,1,9616,5,1.0294238000060432
5,2,,2026-07-30T17:01:15.223542,105995,6153,3058,6153,787,6153,150,6153,10,6153,2,9505,3,1.0284393000183627
5,2,,2026-07-30T17:01:16.254248,105219,6215,2999,6215,790,6215,150,6215,25,6215,2,9528,7,1.0302574999805074
5,2,,2026-07-30T17:01:17.283008,106222,6176,3058,6176,768,6176,137,6176,18,6176,1,9510,5,1.0283004000084475
5,2,,2026-07-30T17:01:18.313537,105452,6193,3113,6193,776,6193,125,6193,13,6193,2,9500,6,1.030038400000194
5,2,,2026-07-30T17:01:19.343264,105795,6345,3195,6345,775,6345,136,6345,15,6345,3,9300,3,1.029199399985373
5,2,,2026-07-30T17:01:20.373110,105431,6188,3049,6188,754,6188,148,6188,17,6188,1,9609,9,1.0293752999859862
5,2,,2026-07-30T17:01:21.402240,105424,6190,3064,6190,765,6190,139,6190,13,6190,3,9304,11,1.0287469000031706
5,2,,2026-07-30T17:01:22.432499,106192,6270,3149,6270,805,6270,135,6270,18,6270,2,9505,3,1.0297765000141226
5,2,,2026-07-30T17:01:23.462621,105973,6363,3178,6363,775,6363,142,6363,18,6363,1,9498,5,1.0297113999840803
5,2,,2026-07-30T17:01:24.491926,105147,6107,3024,6107,752,6107,145,6107,19,6107,1,9421,9,1.0287646000215318
5,2,,2026-07-30T17:01:25.522383,105217,6153,3057,6153,751,6153,159,6153,21,6153,1,9547,5,1.0300314000051003
5,2,,2026-07-30T17:01:26.550626,105750,6196,3110,6196,714,6196,140,6196,11,6196,3,9464,4,1.0278549999929965
5,2,,2026-07-30T17:01:27.579833,105615,6088,2962,6088,783,6088,140,6088,18,6088,1,9355,5,1.028878999990411
5,2,,2026-07-30T17:01:28.609302,105724,6177,3044,6177,801,6177,142,6177,16,6177,7,9508,4,1.028916899987962
5,2,,2026-07-30T17:01:29.638300,105746,6248,3125,6248,793,6248,140,6248,12,6248,2,9484,9,1.0283949000004213
5,2,,2026-07-30T17:01:30.666843,105406,6279,3184,6279,742,6279,154,6279,13,6279,4,9398,3,1.0282175000174902
5,2,,2026-07-30T17:01:31.695631,105247,6253,3131,6253,772,6253,151,6253,17,6253,2,9428,6,1.0284237999876495
5,2,,2026-07-30T17:01:32.724547,105212,6120,3050,6120,740,6120,128,6120,13,6120,0,9434,5,1.0285043999901973
5,2,,2026-07-30T17:01:33.754200,105869,6156,3095,6156,738,6156,142,6157,14,6157,2,9417,4,1.0292635000078008
5,2,,2026-07-30T17:01:34.784631,105688,6204,3042,6204,779,6204,133,6203,19,6203,1,9466,8,1.0298582000250462
5,2,,2026-07-30T17:01:35.813918,105409,6091,3068,6091,735,6091,146,6091,17,6091,1,9487,5,1.02877959999023
5,2,,2026-07-30T17:01:36.844165,105549,6249,3037,6249,777,6249,158,6249,22,6249,1,9493,4,1.0295795999991242
5,2,,2026-07-30T17:01:37.874427,106552,6317,3105,6317,816,6317,131,6317,16,6317,2,9449,2,1.0296212999965064
5,2,,2026-07-30T17:01:38.903630,105570,6220,3159,6220,766,6220,155,6220,20,6220,1,9535,2,1.02896779999719
5,2,,2026-07-30T17:01:39.934211,105969,6346,3216,6346,790,6346,120,6346,16,6346,3,9523,6,1.0302264000056311
5,2,,2026-07-30T17:01:40.963713,105677,6335,3120,6335,748,6335,152,6335,17,6335,1,9504,10,1.0290179000003263
5,2,,2026-07-30T17:01:41.994296,105032,6163,3063,6163,741,6163,141,6163,15,6163,1,9397,10,1.0299561000138056
5,2,,2026-07-30T17:01:43.023827,105322,6299,3157,6299,732,6299,153,6299,13,6299,3,9583,5,1.0290398999932222
5,2,,2026-07-30T17:01:44.053104,105760,6166,3106,6166,758,6166,122,6166,19,6166,1,9724,7,1.0288821999856737
5,2,,2026-07-30T17:01:45.082390,105562,6255,3086,6255,799,6255,140,6255,12,6255,1,9652,9,1.0288394000090193
5,2,,2026-07-30T17:01:46.112910,105545,6238,3132,6238,814,6238,131,6238,16,6238,3,9592,5,1.0301886000088416
5,2,,2026-07-30T17:01:47.143246,105607,6145,3059,6145,757,6145,153,6145,17,6145,2,9608,3,1.0298657000239473
5,2,,2026-07-30T17:01:48.173468,105892,6197,3133,6197,764,6197,140,6197,16,6197,0,9386,8,1.0297924999904353
5,2,,2026-07-30T17:01:49.202742,104931,6182,3050,6182,758,6182,145,6182,17,6182,3,9572,4,1.028823399974499
5,2,,2026-07-30T17:01:50.233103,106481,6304,3194,6304,750,6304,136,6304,15,6304,4,9610,6,1.0298231999913696
5,2,,2026-07-30T17:01:51.263043,105651,6222,3088,6222,760,6222,122,6222,16,6222,2,9520,6,1.0293081999989226
5,2,,2026-07-30T17:01:52.292707,105623,6240,3124,6240,765,6240,153,6240,19,6240,2,9396,2,1.0293706999800634
5,2,,2026-07-30T17:01:53.321267,106110,6143,3094,6143,710,6143,141,6143,16,6143,7,9314,9,1.028269200003706
5,2,,2026-07-30T17:01:54.350401,105468,6180,3095,6180,777,6180,125,6180,15,6180,1,9593,8,1.0287064000149257
5,2,,2026-07-30T17:01:55.378226,105012,6233,3092,6233,777,6233,132,6233,18,6233,1,9485,4,1.027376700018067
5,2,,2026-07-30T17:01:56.406019,104991,6223,3053,6223,758,6223,135,6223,19,6223,3,9480,6,1.027433800016297
5,2,,2026-07-30T17:01:57.434229,106052,6288,3106,6288,760,6288,130,6288,14,6288,1,9527,5,1.0280028999841306
5,2,,2026-07-30T17:01:58.463978,105031,6195,3036,6195,752,6195,157,6195,18,6195,5,9355,4,1.0292729000211693
5,2,,2026-07-30T17:01:59.493700,105251,6227,3049,6227,742,6227,150,6227,22,6227,2,9508,8,1.0292882999929134
5,2,,2026-07-30T17:02:00.524906,106065,6174,3044,6174,793,6174,129,6174,17,6174,0,9399,3,1.0307216000219341
5,2,,2026-07-30T17:02:01.554342,105272,6062,3026,6062,739,6062,143,6062,13,6062,3,9455,4,1.028938300005393
5,2,,2026-07-30T17:02:02.584043,106238,6201,3072,6201,744,6201,147,6201,16,6201,3,9551,8,1.0293109999911394
5,2,,2026-07-30T17:02:03.613787,105443,6143,3120,6143,732,6143,146,6143,11,6143,2,9464,4,1.0292793000116944
5,2,,2026-07-30T17:02:04.644669,105631,6311,3160,6311,777,6311,135,6311,15,6311,5,9415,6,1.0303827000025194
5,2,,2026-07-30T17:02:05.674139,105555,6169,3129,6169,800,6169,142,6169,15,6169,1,9600,6,1.0290577000123449
5,2,,2026-07-30T17:02:06.703846,105495,6207,3063,6207,748,6207,140,6207,11,6207,4,9507,4,1.0293816000048537
5,2,,2026-07-30T17:02:07.733506,106005,6298,3124,6298,765,6298,123,6298,21,6298,5,9440,5,1.02919150001253
5,2,,2026-07-30T17:02:08.761867,105717,6211,3035,6211,769,6211,133,6211,23,6211,2,9553,8,1.027986900007818
5,2,,2026-07-30T17:02:09.792113,105719,6195,3077,6195,789,6195,129,6195,22,6195,3,9442,4,1.0300018999841996
5,2,,2026-07-30T17:02:10.821947,105280,6242,3090,6242,761,6242,136,6242,20,6242,3,9592,9,1.029389799979981
5,2,,2026-07-30T17:02:11.851502,105753,6230,3033,6230,784,6230,161,6230,18,6230,1,9504,5,1.0290983000013512
5,2,,2026-07-30T17:02:12.879706,105575,6130,3072,6130,727,6130,145,6130,26,6130,0,9292,3,1.0278097999980673
5,2,,2026-07-30T17:02:13.908868,105859,6095,3027,6095,787,6095,149,6095,24,6095,1,9599,3,1.0288413999951445
5,2,,2026-07-30T17:02:14.935943,106257,6297,3145,6297,752,6297,147,6297,14,6297,2,9321,5,1.0266958000138402
5,2,,2026-07-30T17:02:15.963741,105256,6282,3193,6282,781,6282,153,6282,15,6282,4,9492,2,1.0274802999920212
5,2,,2026-07-30T17:02:16.992644,105779,6240,3156,6240,750,6240,122,6240,16,6240,0,9634,7,1.0285628999990877
5,2,,2026-07-30T17:02:18.021676,105739,6202,3096,6202,777,6202,127,6202,9,6202,1,9507,5,1.0285265000129584
5,2,,2026-07-30T17:02:19.051049,105152,6114,3114,6114,718,6114,142,6114,13,6114,0,9359,7,1.0288006000046153
5,2,,2026-07-30T17:02:20.082331,105316,6313,3182,6313,756,6313,119,6313,11,6313,2,9458,3,1.030864999978803
5,2,,2026-07-30T17:02:21.112356,105651,6216,3155,6216,742,6216,158,6216,18,6216,3,9263,2,1.0297155000152998
5,2,,2026-07-30T17:02:22.141051,105829,6117,3021,6117,787,6117,151,6117,16,6117,3,9425,8,1.0282077000010759
5,2,,2026-07-30T17:02:23.170471,105401,6246,3063,6246,805,6246,115,6246,11,6246,2,9426,4,1.0289743000175804
5,2,,2026-07-30T17:02:24.199926,106355,6293,3173,6293,748,6293,152,6293,22,6293,2,9389,6,1.0288088000088464
5,2,,2026-07-30T17:02:25.228055,105220,6288,3110,6288,778,6288,145,6288,20,6288,0,9447,4,1.0277426999819
5,2,,2026-07-30T17:02:26.258321,105241,6152,3015,6152,774,6152,143,6152,12,6152,4,9430,10,1.02986520002014
5,2,,2026-07-30T17:02:27.287591,105361,6309,3093,6309,777,6309,163,6309,9,6309,3,9549,6,1.028685299999779
5,2,,2026-07-30T17:02:28.317476,106028,6359,3174,6359,776,6359,135,6359,17,6359,0,9404,5,1.0294232000014745
5,2,,2026-07-30T17:02:29.346816,105691,6341,3192,6341,783,6341,125,6341,18,6341,3,9557,6,1.0288813000079244
5,2,,2026-07-30T17:02:30.375012,105532,6214,3071,6214,750,6214,153,6214,13,6214,0,9527,11,1.0277962999825832
5,2,,2026-07-30T17:02:31.404881,105184,6050,2977,6050,740,6050,140,6050,12,6050,1,9567,5,1.0294887000054587
5,2,,2026-07-30T17:02:32.434843,105544,6165,3092,6165,749,6165,150,6165,13,6165,3,9287,6,1.029555299988715
5,2,,2026-07-30T17:02:33.460600,105710,6249,3064,6249,795,6249,139,6249,14,6249,0,9443,5,1.0254223000083584
5,2,,2026-07-30T17:02:34.489231,105327,6107,3040,6107,745,6107,121,6107,22,6107,0,9611,6,1.0284812000172678
5,2,,2026-07-30T17:02:35.517067,105082,6252,3128,6252,777,6252,127,6252,18,6252,0,9380,4,1.0275118999998085
5,2,,2026-07-30T17:02:36.545275,105362,6248,3105,6248,795,6248,142,6248,10,6248,4,9431,9,1.0279435999982525
5,2,,2026-07-30T17:02:37.573659,105060,6124,3104,6124,729,6124,137,6124,13,6124,1,9357,7,1.0280527000140864
5,2,,2026-07-30T17:02:38.603522,106190,6381,3298,6381,730,6381,145,6381,20,6381,4,9360,3,1.0295330999942962
5,2,,2026-07-30T17:02:39.630670,105866,6161,3155,6161,715,6161,153,6161,13,6161,3,9590,8,1.026729700010037
5,2,,2026-07-30T17:02:40.658452,105393,6106,3059,6106,754,6106,145,6106,21,6106,2,9488,7,1.0270954000006896
5,2,,2026-07-30T17:02:41.686806,105236,6215,3052,6215,770,6215,155,6215,14,6215,0,9294,7,1.0275124000036158
5,2,,2026-07-30T17:02:42.715663,105607,6268,3162,6269,743,6269,123,6269,21,6269,1,9411,9,1.0285502999904566
5,2,,2026-07-30T17:02:43.742350,104741,6178,3109,6177,750,6177,136,6177,16,6177,0,9417,3,1.0263872999930754
5,2,,2026-07-30T17:02:44.769972,105800,6313,3169,6313,796,6313,134,6313,19,6313,3,9492,3,1.0274301000172272
5,2,,2026-07-30T17:02:45.797813,105445,6171,3077,6171,761,6171,138,6171,22,6171,5,9387,5,1.0275158000004012
5,2,,2026-07-30T17:02:46.829495,106000,6202,3091,6202,770,6202,146,6202,18,6202,2,9497,2,1.031396299978951
5,2,,2026-07-30T17:02:47.857331,105290,6175,3123,6175,730,6175,130,6175,21,6175,2,9406,10,1.027672900003381
5,2,,2026-07-30T17:02:48.884524,104755,6101,3090,6101,709,6101,121,6101,29,6101,1,9503,4,1.026980900001945
5,2,,2026-07-30T17:02:49.911724,104847,6210,3131,6210,730,6210,137,6210,20,6210,2,9475,2,1.0269468999758828
5,2,,2026-07-30T17:02:50.940062,105117,6219,3082,6219,781,6219,121,6219,11,6219,4,9421,6,1.0280102999822702
5,2,,2026-07-30T17:02:51.969060,105202,6078,3122,6078,705,6078,152,6078,10,6078,1,9451,5,1.0286903000087477
5,2,,2026-07-30T17:02:52.997558,105476,6150,3073,6150,745,6150,105,6150,16,6150,1,9464,7,1.0281727999972645
5,2,,2026-07-30T17:02:54.024874,105298,6376,3146,6376,793,6376,154,6376,16,6376,1,9379,6,1.026927800005069
5,2,,2026-07-30T17:02:55.052633,105342,6155,3064,6155,748,6155,132,6155,18,6155,3,9379,4,1.0274888999992982
5,2,,2026-07-30T17:02:56.081043,105463,6132,3099,6132,763,6132,139,6132,21,6132,2,9541,11,1.028136100008851
5,2,,2026-07-30T17:02:57.108322,105447,6172,3118,6172,731,6172,156,6172,15,6172,0,9553,6,1.0268990000186022
5,2,,2026-07-30T17:02:58.137818,105492,6192,3087,6192,749,6192,130,6192,18,6192,2,9378,7,1.0292515000037383
5,2,,2026-07-30T17:02:59.167218,105024,6149,3101,6149,778,6149,153,6149,13,6149,0,9544,7,1.02897220000159
5,2,,2026-07-30T17:03:00.194457,105114,6205,2989,6205,780,6205,123,6205,18,6205,1,9409,5,1.0268350000260398
5,2,,2026-07-30T17:03:01.224443,105104,6134,3048,6134,734,6134,138,6134,12,6134,0,9456,9,1.0297245999972802
5,2,,2026-07-30T17:03:02.253343,105884,6220,3195,6220,742,6220,126,6220,14,6220,0,9524,3,1.028408699989086
5,2,,2026-07-30T17:03:03.283043,105459,6253,3114,6253,731,6253,133,6253,15,6253,2,9232,6,1.0292922999942675
5,2,,2026-07-30T17:03:04.311387,105851,6296,3196,6296,732,6296,143,6296,16,6296,1,9543,7,1.0279314999934286
5,2,,2026-07-30T17:03:05.340313,105481,6222,3100,6222,779,6222,139,6222,26,6222,0,9525,8,1.028593600000022
5,2,,2026-07-30T17:03:06.369765,105207,6238,3105,6238,751,6238,149,6238,19,6238,1,9299,6,1.0290028000017628
5,2,,2026-07-30T17:03:07.397843,105330,6333,3187,6333,781,6333,155,6333,24,6333,1,9477,5,1.0277484999969602
5,2,,2026-07-30T17:03:08.426488,105696,6337,3185,6338,793,6338,126,6338,16,6338,0,9443,11,1.0282822999870405
5,2,,2026-07-30T17:03:09.455423,105319,6193,3059,6192,788,6192,145,6192,18,6192,1,9365,5,1.028581899998244
5,2,,2026-07-30T17:03:10.484180,105245,6079,3015,6079,722,6079,150,6079,12,6079,1,9478,7,1.0282733000058215
5,2,,2026-07-30T17:03:11.513376,105577,6176,3084,6176,733,6176,150,6176,21,6176,2,9533,7,1.0287286000093445
5,2,,2026-07-30T17:03:12.540599,105559,6145,3090,6145,735,6145,140,6145,18,6145,2,9408,4,1.0268350999976974
5,2,,2026-07-30T17:03:13.568642,105194,6040,3089,6040,733,6040,114,6040,7,6040,1,9406,5,1.027712100010831
5,2,,2026-07-30T17:03:14.597554,105615,6216,3084,6216,769,6216,146,6216,14,6216,4,9324,4,1.0285719000094105
5,2,,2026-07-30T17:03:15.626124,105196,6166,3110,6166,743,6166,119,6166,18,6166,1,9353,3,1.02804250002373
5,2,,2026-07-30T17:03:16.655026,105242,6045,2989,6045,754,6045,136,6045,18,6045,1,9526,5,1.027838799986057
5,2,,2026-07-30T17:03:17.683553,105139,6315,3151,6315,781,6315,139,6315,16,6315,1,9325,7,1.028168699995149
5,2,,2026-07-30T17:03:18.711670,105660,6263,3109,6263,781,6263,178,6263,17,6263,3,9592,10,1.0279225000122096
5,2,,2026-07-30T17:03:19.740327,105016,6180,3096,6180,705,6180,126,6180,20,6180,3,9478,7,1.0283521999954246
5,2,,2026-07-30T17:03:20.769104,105459,6261,3229,6261,752,6261,137,6261,17,6261,5,9430,5,1.028468200005591
5,2,,2026-07-30T17:03:21.798026,105374,6183,3068,6183,744,6183,166,6183,20,6183,0,9459,4,1.0285967999952845
5,2,,2026-07-30T17:03:22.824950,104780,6103,3022,6103,747,6103,130,6103,20,6103,1,9428,3,1.0265063999977428
5,2,,2026-07-30T17:03:23.852739,104958,6252,3145,6253,780,6253,144,6253,14,6253,3,9606,7,1.0274426999967545
5,2,,2026-07-30T17:03:24.879691,104905,6291,3103,6290,765,6290,139,6290,15,6290,0,9358,1,1.026573399984045
5,2,,2026-07-30T17:03:25.907071,105480,6232,3109,6232,793,6232,142,6232,18,6232,0,9536,6,1.0270827999920584
5,2,,2026-07-30T17:03:26.937833,105742,6247,3118,6247,815,6247,136,6247,19,6247,2,9355,5,1.0304750000068452
5,2,,2026-07-30T17:03:27.967200,105560,6137,3054,6137,812,6137,127,6137,23,6137,3,9403,4,1.0287948999903165
5,2,,2026-07-30T17:03:28.996717,105042,6078,3035,6078,724,6078,138,6078,19,6078,1,9533,8,1.0290577000123449
5,2,,2026-07-30T17:03:30.026954,105418,6165,3118,6165,748,6165,118,6165,13,6165,1,9617,4,1.0299008000001777
5,2,,2026-07-30T17:03:31.055892,105581,6132,3089,6132,739,6132,145,6132,17,6132,2,9644,6,1.0284526000032201
5,2,,2026-07-30T17:03:32.084675,105056,6256,3173,6256,735,6256,145,6256,17,6256,3,9349,8,1.028349599975627
5,2,,2026-07-30T17:03:33.113656,105348,6203,3145,6203,749,6203,128,6203,18,6203,5,9394,3,1.028678000002401
5,2,,2026-07-30T17:03:34.142912,105598,6180,3141,6180,772,6180,139,6180,16,6180,2,9386,7,1.0288765000004787
5,2,,2026-07-30T17:03:35.171846,105471,6359,3164,6359,802,6359,144,6359,14,6359,0,9360,2,1.0285100000037346
5,2,,2026-07-30T17:03:36.200550,105183,6095,3049,6095,744,6095,137,6095,14,6096,3,9346,9,1.0283650000055786
5,2,,2026-07-30T17:03:37.228748,104853,6258,3052,6258,794,6258,138,6258,18,6257,3,9300,7,1.027965299988864
5,2,,2026-07-30T17:03:38.257647,105520,6170,3032,6170,736,6170,144,6170,18,6170,1,9496,6,1.0285607000114396
5,2,,2026-07-30T17:03:39.286019,105099,6071,3038,6071,711,6071,124,6071,19,6071,2,9576,9,1.0279549999977462
5,2,,2026-07-30T17:03:40.315007,105084,6264,3151,6264,762,6264,124,6264,18,6264,0,9495,6,1.0282804000016768
5,2,,2026-07-30T17:03:41.344770,105157,6222,3132,6222,772,6222,131,6222,13,6222,1,9442,4,1.0291524999774992
5,2,,2026-07-30T17:03:42.372047,105606,6236,3200,6236,751,6236,141,6236,11,6236,3,9452,5,1.0265244000183884
5,2,,2026-07-30T17:03:43.399909,105577,6291,3237,6291,750,6291,140,6291,15,6291,0,9470,6,1.027494600013597
5,2,,2026-07-30T17:03:44.429791,104967,6117,3087,6117,771,6117,140,6117,13,6117,0,9494,3,1.0295026999956463
5,2,,2026-07-30T17:03:45.458576,105365,6248,3194,6248,738,6248,126,6248,12,6248,2,9479,3,1.0283831999986432
5,3,,2026-07-30T17:03:48.344465,105349,7015,3877,7015,742,7015,98,7015,5,7015,4,9569,4,1.0288235999760218
5,3,,2026-07-30T17:03:49.372022,105839,7382,4078,7382,729,7382,102,7382,9,7382,2,9181,3,1.0272335000045132
5,3,,2026-07-30T17:03:50.401905,104782,7292,4015,7292,785,7292,100,7292,5,7292,1,9212,1,1.0295062999939546
5,3,,2026-07-30T17:03:51.429661,105628,7423,4134,7423,775,7423,117,7423,7,7423,2,9264,2,1.0275166000064928
5,3,,2026-07-30T17:03:52.455939,104981,7399,4166,7399,751,7399,101,7399,5,7399,1,9150,4,1.025973600015277
5,3,,2026-07-30T17:03:53.485376,105119,7272,4083,7272,753,7272,104,7272,5,7272,0,9155,5,1.0292334000114352
5,3,,2026-07-30T17:03:54.513647,105637,7332,4046,7332,790,7332,100,7332,9,7332,2,9071,3,1.027869899990037
5,3,,2026-07-30T17:03:55.544038,105378,7393,4118,7393,786,7393,122,7393,3,7393,2,9313,4,1.0299438999791164
5,3,,2026-07-30T17:03:56.570971,105308,7426,4202,7426,802,7426,115,7426,6,7426,3,9208,2,1.0266610000107903
5,3,,2026-07-30T17:03:57.598703,104655,7412,4149,7412,733,7412,131,7412,4,7412,0,9160,4,1.0274972000042908
5,3,,2026-07-30T17:03:58.627630,105022,7313,4063,7313,778,7313,100,7313,8,7313,0,9163,4,1.028620500001125
5,3,,2026-07-30T17:03:59.655866,105626,7304,4034,7304,824,7304,103,7304,3,7304,2,9138,7,1.027777099981904
5,3,,2026-07-30T17:04:00.684941,105064,7303,4092,7303,758,7303,130,7303,10,7303,2,9177,2,1.0286767999932636
5,3,,2026-07-30T17:04:01.713488,105137,7404,4146,7404,750,7404,114,7404,8,7404,0,9176,1,1.028047100000549
5,3,,2026-07-30T17:04:02.742115,105684,7217,4034,7217,798,7217,99,7217,9,7217,3,9112,5,1.0281890999758616
5,3,,2026-07-30T17:04:03.770994,105356,7333,4060,7333,795,7333,113,7333,6,7333,1,9068,2,1.028573299990967
5,3,,2026-07-30T17:04:04.800979,105263,7405,4090,7405,795,7405,111,7405,8,7405,0,9139,2,1.029475099989213
5,3,,2026-07-30T17:04:05.830269,105328,7261,4028,7261,780,7261,98,7261,14,7261,2,9222,4,1.0288528999953996
5,3,,2026-07-30T17:04:06.858606,105448,7218,4018,7218,740,7218,98,7218,11,7218,0,9195,0,1.0279119999904651
5,3,,2026-07-30T17:04:07.886020,104919,7411,4141,7411,775,7411,100,7411,8,7411,1,9304,6,1.0269890000054147
5,3,,2026-07-30T17:04:08.913841,104753,7372,4116,7372,779,7372,116,7372,9,7372,2,9122,2,1.0274381999915931
5,3,,2026-07-30T17:04:09.941558,105116,7269,3959,7269,755,7269,102,7269,5,7269,2,9024,6,1.0272764000110328
5,3,,2026-07-30T17:04:10.970907,105578,7345,4094,7345,793,7345,111,7345,13,7345,0,9264,2,1.0289097999921069
5,3,,2026-07-30T17:04:11.999236,105207,7305,4139,7305,801,7305,97,7305,7,7305,2,9174,4,1.0279927999945357
5,3,,2026-07-30T17:04:13.027469,104866,7224,4047,7224,764,7224,113,7224,9,7224,1,9155,2,1.0279254000051878
5,3,,2026-07-30T17:04:14.055387,105689,7443,4164,7443,788,7443,109,7443,7,7443,0,9099,1,1.027530499995919
5,3,,2026-07-30T17:04:15.084944,104733,7326,4080,7326,743,7326,114,7326,5,7326,3,9174,3,1.0291148999822326
5,3,,2026-07-30T17:04:16.113558,105139,7294,4089,7294,750,7294,120,7294,7,7294,3,9252,5,1.0281456999946386
5,3,,2026-07-30T17:04:17.142676,105019,7333,4121,7333,733,7333,92,7333,4,7333,2,9097,3,1.028790599986678
5,3,,2026-07-30T17:04:18.171353,104745,7312,4092,7312,753,7312,112,7312,7,7312,2,9048,1,1.0283633000217378
5,3,,2026-07-30T17:04:19.199881,105573,7245,4021,7245,777,7245,120,7245,7,7245,0,9170,3,1.0280859000049531
5,3,,2026-07-30T17:04:20.228093,105138,7302,4060,7302,761,7302,100,7302,9,7302,1,9061,3,1.0278563000028953
5,3,,2026-07-30T17:04:21.257922,105471,7404,4097,7404,753,7404,120,7404,8,7404,1,9330,0,1.029233600012958
5,3,,2026-07-30T17:04:22.287019,105365,7259,4020,7259,801,7259,87,7259,9,7259,0,9259,2,1.028744800016284
5,3,,2026-07-30T17:04:23.314912,105590,7408,4146,7408,810,7408,91,7408,10,7408,3,9435,2,1.0274662999727298
5,3,,2026-07-30T17:04:24.343414,105621,7281,4024,7281,762,7281,96,7281,6,7281,0,9028,4,1.0281986000190955
5,3,,2026-07-30T17:04:25.370364,104937,7446,4171,7446,789,7446,101,7446,8,7446,2,9075,1,1.026379699993413
5,3,,2026-07-30T17:04:26.399812,105415,7404,4159,7404,805,7404,104,7404,8,7404,0,9024,5,1.0291360999981407
5,3,,2026-07-30T17:04:27.427994,105193,7266,4016,7266,785,7266,95,7266,8,7266,1,9146,2,1.02778330000001
5,3,,2026-07-30T17:04:28.456299,105149,7364,4199,7364,778,7364,100,7364,10,7364,0,9076,2,1.0278963999880943
5,3,,2026-07-30T17:04:29.485260,105036,7286,4101,7286,710,7286,123,7286,9,7286,1,9339,1,1.0287249999819323
5,3,,2026-07-30T17:04:30.513501,105184,7384,4144,7384,760,7384,113,7384,6,7384,0,9153,3,1.027800899988506
5,3,,2026-07-30T17:04:31.540991,105539,7398,4153,7398,752,7398,101,7398,7,7398,1,9183,2,1.0270821999874897
5,3,,2026-07-30T17:04:32.567221,104930,7291,4008,7291,764,7291,116,7291,10,7291,1,9128,5,1.0257583000056911
5,3,,2026-07-30T17:04:33.595214,104847,7213,4005,7213,711,7213,122,7213,12,7213,0,8956,1,1.0277502999815624
5,3,,2026-07-30T17:04:34.623413,105396,7281,4060,7281,764,7281,103,7281,8,7281,0,9356,2,1.0277870999998413
5,3,,2026-07-30T17:04:35.651498,105250,7391,4190,7391,764,7391,115,7391,9,7391,1,9083,2,1.0279085999936797
5,3,,2026-07-30T17:04:36.681475,105561,7213,4084,7213,722,7213,105,7213,11,7213,1,9210,1,1.0295979999937117
5,3,,2026-07-30T17:04:37.709067,105540,7384,4085,7384,767,7384,100,7384,5,7384,1,9293,0,1.0272917000111192
5,3,,2026-07-30T17:04:38.740180,105394,7382,4054,7382,795,7382,109,7382,8,7382,1,9086,3,1.0306023000157438
5,3,,2026-07-30T17:04:39.769461,104922,7515,4127,7515,815,7515,107,7515,10,7515,5,9241,0,1.029037200001767
5,3,,2026-07-30T17:04:40.798630,105022,7418,4157,7418,750,7418,109,7418,8,7418,0,9314,2,1.0287389000004623
5,3,,2026-07-30T17:04:41.827472,104577,7248,4057,7248,753,7248,109,7248,4,7248,1,9213,2,1.0284492000064347
5,3,,2026-07-30T17:04:42.856281,104915,7456,4167,7456,734,7456,115,7456,8,7456,3,9041,2,1.0283802000049036
5,3,,2026-07-30T17:04:43.885451,104994,7408,4129,7408,729,7408,99,7408,10,7408,0,9184,2,1.0288065999920946
5,3,,2026-07-30T17:04:44.914289,104753,7333,4137,7333,720,7333,89,7333,5,7333,2,9220,5,1.0285043999901973
5,3,,2026-07-30T17:04:45.944568,105537,7345,4095,7345,753,7345,103,7345,9,7345,0,9106,1,1.0298208000021987
5,3,,2026-07-30T17:04:46.974103,105875,7383,4116,7383,780,7383,96,7383,7,7383,2,9199,1,1.0290275999868754
5,3,,2026-07-30T17:04:48.002519,104925,7437,4130,7437,783,7437,101,7437,9,7437,0,9164,4,1.0281764999963343
5,3,,2026-07-30T17:04:49.031948,104916,7284,4074,7284,787,7284,112,7284,1,7284,1,9082,1,1.0289201000123285
5,3,,2026-07-30T17:04:50.062483,105519,7382,3960,7382,815,7382,108,7382,8,7382,1,9137,1,1.0301132000167854
5,3,,2026-07-30T17:04:51.093052,105589,7409,4120,7409,760,7409,91,7409,9,7409,2,9207,2,1.0299915999930818
5,3,,2026-07-30T17:04:52.123382,105278,7436,4089,7436,798,7436,109,7436,16,7436,1,9100,0,1.0300139999890234
5,3,,2026-07-30T17:04:53.151978,105001,7337,4105,7337,747,7337,121,7337,8,7337,0,9219,1,1.0281852000043727
5,3,,2026-07-30T17:04:54.179619,105699,7310,4092,7310,799,7310,98,7310,12,7310,1,9107,3,1.0270300999982283
5,3,,2026-07-30T17:04:55.208152,105159,7331,4091,7331,768,7331,91,7331,9,7331,0,9193,0,1.0281190000241622
5,3,,2026-07-30T17:04:56.235007,105603,7419,4194,7419,772,7419,105,7419,8,7419,1,9284,4,1.0264941000205
5,3,,2026-07-30T17:04:57.263768,104946,7252,3971,7252,791,7252,99,7252,10,7252,0,9065,1,1.0282935999857727
5,3,,2026-07-30T17:04:58.292637,104620,7356,4095,7356,739,7356,79,7356,7,7356,1,9115,1,1.02842149999924
5,3,,2026-07-30T17:04:59.319907,105215,7426,4166,7426,765,7426,110,7426,9,7426,1,9073,4,1.026912600005744
5,3,,2026-07-30T17:05:00.350398,104665,7337,4065,7337,816,7337,90,7337,6,7337,1,9024,4,1.0302241999888793
5,3,,2026-07-30T17:05:01.379548,105733,7449,4206,7449,745,7449,118,7449,9,7449,0,9220,3,1.0286746999772731
5,3,,2026-07-30T17:05:02.408632,105744,7257,4012,7257,780,7257,102,7257,6,7258,0,9199,3,1.028730899997754
5,3,,2026-07-30T17:05:03.437948,105348,7357,4044,7357,784,7357,127,7357,8,7356,2,9235,5,1.0289599999960046
5,3,,2026-07-30T17:05:04.470576,105543,7386,4084,7386,834,7386,102,7386,6,7386,1,9144,3,1.0321427999879234
5,3,,2026-07-30T17:05:05.501942,105514,7193,3947,7193,718,7193,90,7193,7,7193,1,9235,3,1.0309743999969214
5,3,,2026-07-30T17:05:06.532041,105629,7382,4132,7382,742,7382,99,7382,9,7382,2,9129,3,1.0297962999902666
5,3,,2026-07-30T17:05:07.560136,105225,7336,4120,7336,759,7336,97,7336,10,7336,0,9226,1,1.0276000000012573
5,3,,2026-07-30T17:05:08.638278,110058,7681,4252,7681,822,7681,111,7681,7,7681,2,9510,3,1.077606900013052
5,3,,2026-07-30T17:05:09.669612,105395,7325,4119,7325,737,7325,107,7325,11,7325,1,9171,5,1.031015100015793
5,3,,2026-07-30T17:05:10.696077,105108,7282,4036,7282,762,7282,124,7282,9,7282,2,8973,4,1.0261877000157256
5,3,,2026-07-30T17:05:11.725384,105190,7442,4072,7442,798,7442,118,7442,10,7442,1,9140,3,1.0290233999839984
5,3,,2026-07-30T17:05:12.752771,105352,7438,4129,7438,766,7438,98,7438,15,7438,1,9074,1,1.0267419000156224
5,3,,2026-07-30T17:05:13.782215,105004,7424,4132,7424,765,7424,86,7424,8,7424,0,9194,4,1.0292087999987416
5,3,,2026-07-30T17:05:14.810519,105329,7438,4110,7438,824,7438,112,7438,12,7438,1,9244,0,1.027907799987588
5,3,,2026-07-30T17:05:15.846413,104819,7407,4198,7407,748,7407,111,7407,7,7407,1,9214,2,1.0355790999892633
5,3,,2026-07-30T17:05:16.875355,105933,7444,4099,7444,743,7444,98,7444,7,7444,0,9358,4,1.0287232999980915
5,3,,2026-07-30T17:05:17.903219,105147,7374,4091,7374,733,7374,107,7374,5,7374,2,9147,1,1.0276606999977957
5,3,,2026-07-30T17:05:18.930103,105558,7448,4161,7448,760,7448,112,7448,13,7448,1,9043,1,1.0267003000190016
5,3,,2026-07-30T17:05:19.957535,105117,7323,4128,7323,763,7323,107,7323,7,7323,0,9397,1,1.0265144000004511
5,3,,2026-07-30T17:05:20.984373,104859,7225,4033,7225,716,7225,84,7225,8,7225,2,9284,2,1.0266678000043612
5,3,,2026-07-30T17:05:22.012551,105218,7277,4002,7277,774,7277,100,7277,10,7277,1,9087,2,1.0279300999827683
5,3,,2026-07-30T17:05:23.042217,104701,7374,4095,7374,747,7374,126,7374,9,7374,0,9124,2,1.0294140000187326
5,3,,2026-07-30T17:05:24.070704,105177,7397,4123,7397,784,7397,88,7397,3,7397,1,9145,4,1.0281950999924447
5,3,,2026-07-30T17:05:25.099316,104971,7300,4082,7300,753,7300,113,7300,12,7300,0,9021,4,1.0282743999850936
5,3,,2026-07-30T17:05:26.126363,104712,7241,4023,7241,782,7241,99,7241,6,7241,0,9153,2,1.0267866000067443
5,3,,2026-07-30T17:05:27.155455,104699,7342,4057,7342,782,7342,109,7342,5,7342,0,8988,5,1.0289164000132587
5,3,,2026-07-30T17:05:28.183848,105211,7368,4089,7368,782,7368,107,7368,9,7368,1,9090,2,1.0280924000253435
5,3,,2026-07-30T17:05:29.211327,105553,7521,4178,7521,815,7521,109,7521,8,7521,0,9156,4,1.0272216000012122
5,3,,2026-07-30T17:05:30.239188,104476,7270,4016,7270,774,7270,107,7270,13,7270,0,9097,3,1.027687199995853
5,3,,2026-07-30T17:05:31.267159,105404,7213,3982,7213,769,7213,113,7213,10,7213,1,9263,3,1.0275882999994792
5,3,,2026-07-30T17:05:32.296768,104866,7414,4108,7414,797,7414,97,7414,13,7414,3,8982,2,1.0292600000102539
5,3,,2026-07-30T17:05:33.324897,105298,7263,4046,7263,764,7263,106,7263,13,7263,2,9031,5,1.0276139999914449
5,3,,2026-07-30T17:05:34.353242,105207,7403,4122,7403,822,7403,101,7403,9,7403,1,9161,1,1.0279445000051055
5,3,,2026-07-30T17:05:35.382031,104549,7361,4050,7361,758,7361,116,7361,3,7361,3,8990,2,1.0284810999874026
5,3,,2026-07-30T17:05:36.410472,105276,7220,4007,7220,792,7220,103,7220,11,7220,1,9175,4,1.0280436000030022
5,3,,2026-07-30T17:05:37.438746,104888,7385,4084,7385,800,7385,113,7385,10,7385,0,9126,1,1.027956699981587
5,3,,2026-07-30T17:05:38.468082,105011,7425,4145,7425,742,7425,96,7425,6,7425,2,9166,2,1.0289384999778122
5,3,,2026-07-30T17:05:39.495978,105149,7435,4119,7435,759,7435,104,7435,5,7435,1,8960,1,1.0275567000207957
5,3,,2026-07-30T17:05:40.524663,105117,7298,4030,7298,729,7298,112,7298,9,7298,0,9089,3,1.0283677999977954
5,3,,2026-07-30T17:05:41.551773,104649,7212,3923,7212,762,7212,123,7212,7,7212,1,9238,3,1.0267362000013236
5,3,,2026-07-30T17:05:42.580361,105153,7245,4004,7245,753,7245,101,7245,14,7245,0,9354,2,1.0284252999990713
5,3,,2026-07-30T17:05:43.615579,106433,7350,4060,7350,774,7350,114,7350,10,7350,3,9304,6,1.034854900004575
5,3,,2026-07-30T17:05:44.644731,104915,7246,4029,7246,751,7246,115,7246,16,7246,0,9109,2,1.0288668999855872
5,3,,2026-07-30T17:05:45.671616,105052,7244,4086,7244,776,7244,108,7244,5,7244,0,9178,1,1.0265392999863252
5,3,,2026-07-30T17:05:46.700896,105733,7411,4099,7411,795,7411,116,7411,11,7411,1,9061,1,1.0290774999884889
5,3,,2026-07-30T17:05:47.731775,105185,7353,4102,7353,732,7353,117,7353,3,7353,2,9197,1,1.0303581000189297
5,3,,2026-07-30T17:05:48.760487,105561,7434,4069,7434,802,7434,93,7434,10,7434,1,9129,2,1.0281225000217091
5,3,,2026-07-30T17:05:49.789821,105667,7291,4084,7291,775,7291,96,7291,11,7291,0,9244,3,1.028898599994136
5,3,,2026-07-30T17:05:50.817654,104966,7507,4143,7507,785,7507,101,7507,16,7507,1,9194,3,1.0274779000028502
5,3,,2026-07-30T17:05:51.845213,104958,7388,4070,7388,796,7388,108,7388,5,7388,2,8892,0,1.0272449999756645
5,3,,2026-07-30T17:05:52.877222,105261,7288,4068,7288,738,7288,104,7288,12,7288,1,9083,2,1.0315712999727111
5,3,,2026-07-30T17:05:53.907426,105473,7504,4207,7504,772,7504,95,7504,8,7504,1,9209,5,1.0297147000092082
5,3,,2026-07-30T17:05:54.935251,105254,7239,4082,7239,768,7239,92,7239,9,7239,3,9187,0,1.0274795000150334
5,3,,2026-07-30T17:05:55.965171,105312,7418,4099,7418,824,7418,104,7418,10,7418,0,9257,2,1.0296819999930449
5,3,,2026-07-30T17:05:56.994748,105093,7307,4039,7307,773,7307,103,7307,11,7307,1,9106,2,1.0290430999884848
5,3,,2026-07-30T17:05:58.022229,105434,7392,4111,7392,738,7392,119,7392,8,7392,1,9226,5,1.0271192000072915
5,3,,2026-07-30T17:05:59.050958,105377,7412,4137,7412,716,7412,112,7412,9,7412,2,9245,4,1.0284285999950953
5,3,,2026-07-30T17:06:00.079126,105114,7328,4091,7328,744,7328,119,7328,10,7328,2,9255,2,1.0279947000090033
5,3,,2026-07-30T17:06:01.107961,104579,7325,4001,7325,808,7325,102,7325,7,7325,0,9143,5,1.028557899990119
5,3,,2026-07-30T17:06:02.137323,105243,7372,4142,7372,737,7372,101,7372,13,7372,1,9250,1,1.0289491000003181
5,3,,2026-07-30T17:06:03.167567,105529,7271,4067,7271,751,7271,105,7271,10,7271,1,8969,3,1.0297869000060018
5,3,,2026-07-30T17:06:04.196964,105560,7328,4062,7328,724,7328,118,7328,8,7328,0,9239,0,1.0289617999806069
5,3,,2026-07-30T17:06:05.226333,105388,7348,4070,7348,755,7348,88,7348,14,7348,1,9330,4,1.028833799995482
5,3,,2026-07-30T17:06:06.255259,105439,7330,4135,7330,773,7330,92,7330,10,7330,2,9213,3,1.0286175000073854
5,3,,2026-07-30T17:06:07.283311,105842,7430,4098,7430,817,7430,110,7430,8,7430,0,9118,5,1.027682999992976
5,3,,2026-07-30T17:06:08.310395,105893,7554,4148,7554,809,7554,113,7554,11,7554,3,8974,1,1.0268114999926183
5,3,,2026-07-30T17:06:09.338451,104721,7379,4036,7379,771,7379,93,7379,5,7379,0,9174,1,1.0277200000127777
5,3,,2026-07-30T17:06:10.365899,104478,7379,4065,7379,772,7379,96,7379,8,7379,2,9250,5,1.0271795000007842
5,3,,2026-07-30T17:06:11.395026,105119,7395,4140,7395,752,7395,97,7395,6,7395,1,9218,2,1.0287176000128966
5,3,,2026-07-30T17:06:12.423989,105088,7383,4081,7383,747,7383,120,7383,12,7383,1,9092,3,1.0285409000061918
5,3,,2026-07-30T17:06:13.452078,105168,7391,4092,7391,790,7391,104,7391,11,7391,0,9324,0,1.0277866999967955
5,3,,2026-07-30T17:06:14.480524,104928,7380,4129,7380,746,7380,96,7380,6,7380,0,9151,2,1.0281786999839824
5,3,,2026-07-30T17:06:15.510719,105058,7459,4201,7459,774,7459,108,7459,5,7459,1,9193,4,1.02966749999905
5,3,,2026-07-30T17:06:16.540103,105571,7318,4093,7318,735,7318,113,7318,4,7318,1,9231,3,1.0288559999899007
5,3,,2026-07-30T17:06:17.569968,105024,7354,4061,7354,766,7354,102,7354,5,7354,2,9320,1,1.0294225999969058
5,3,,2026-07-30T17:06:18.598232,105256,7391,4123,7391,805,7391,109,7391,10,7391,1,9164,5,1.0277738000149839
5,3,,2026-07-30T17:06:19.627212,104778,7294,4120,7294,702,7294,109,7294,8,7294,1,9025,1,1.0286103999824263
5,3,,2026-07-30T17:06:20.655045,105102,7196,4005,7196,707,7196,121,7196,11,7196,0,9110,4,1.0273991999856662
5,3,,2026-07-30T17:06:21.683750,105735,7564,4257,7564,786,7564,117,7564,9,7564,3,9220,5,1.0283285999903455
5,3,,2026-07-30T17:06:22.712891,104869,7384,4030,7384,743,7384,110,7384,9,7384,3,9097,2,1.028831600007834
5,3,,2026-07-30T17:06:23.742324,105761,7482,4106,7482,759,7482,104,7482,6,7482,1,9164,1,1.0288140999909956
5,3,,2026-07-30T17:06:24.771829,105061,7480,4152,7480,762,7480,110,7480,13,7480,1,9171,2,1.0290946000022814
5,3,,2026-07-30T17:06:25.800175,105120,7392,4061,7392,821,7392,107,7392,9,7392,2,9149,3,1.0279355999955442
5,3,,2026-07-30T17:06:26.829215,105481,7432,4134,7432,810,7432,100,7432,6,7432,3,9114,5,1.0287562000157777
5,3,,2026-07-30T17:06:27.858097,104822,7204,3957,7204,775,7204,106,7204,17,7204,1,8948,3,1.0284741999930702
5,3,,2026-07-30T17:06:28.888502,105427,7334,4015,7334,724,7334,112,7334,15,7334,0,9261,3,1.0299760000198148
5,3,,2026-07-30T17:06:29.918334,105631,7385,4069,7385,755,7385,98,7385,8,7385,1,9257,0,1.0293676999863237
5,3,,2026-07-30T17:06:30.946612,105466,7319,4102,7319,742,7319,98,7319,15,7319,1,9186,4,1.0278616000141483
5,3,,2026-07-30T17:06:31.974210,105104,7294,3999,7294,798,7294,92,7294,12,7294,4,9106,4,1.027166500018211
5,3,,2026-07-30T17:06:33.004597,105003,7527,4182,7527,818,7527,99,7527,11,7527,2,9234,4,1.0299851000017952
5,3,,2026-07-30T17:06:34.033675,105173,7406,4032,7406,806,7406,112,7406,9,7406,0,9122,3,1.0286250000062864
5,3,,2026-07-30T17:06:35.061797,104889,7259,4071,7259,736,7259,103,7259,7,7259,0,9227,2,1.0276161000074353
5,3,,2026-07-30T17:06:36.089905,105276,7299,4067,7299,767,7299,100,7299,8,7299,2,9106,1,1.0277325000206474
5,3,,2026-07-30T17:06:37.119815,104665,7256,3991,7256,753,7256,114,7256,10,7256,1,9165,3,1.0294970000104513
5,3,,2026-07-30T17:06:38.149566,105141,7422,4070,7422,751,7422,99,7422,14,7422,0,9216,1,1.0293774000019766
5,3,,2026-07-30T17:06:39.178224,105297,7448,4124,7448,813,7448,111,7448,9,7448,3,9336,1,1.0282485999923665
5,3,,2026-07-30T17:06:40.207465,104936,7347,4064,7347,761,7347,113,7347,4,7347,3,9142,4,1.028790400014259
5,3,,2026-07-30T17:06:41.235297,104797,7514,4250,7514,708,7514,96,7514,9,7514,0,9214,3,1.0275923000008333
5,3,,2026-07-30T17:06:42.263603,104408,7387,4022,7387,753,7387,102,7387,8,7387,1,9055,3,1.0279868000070564
5,3,,2026-07-30T17:06:43.292256,105025,7471,4149,7471,759,7471,113,7471,7,7471,1,9180,7,1.0282639000215568
5,3,,2026-07-30T17:06:44.322350,105391,7433,4190,7433,750,7433,101,7433,10,7433,0,9099,5,1.0297293000039645
5,3,,2026-07-30T17:06:45.350999,105188,7428,4126,7428,781,7428,93,7428,7,7428,0,9365,1,1.0281952999939676
5,3,,2026-07-30T17:06:46.378605,105132,7434,4162,7434,792,7434,95,7434,6,7434,2,9049,1,1.0272950000071432
5,3,,2026-07-30T17:06:47.407557,105000,7343,4089,7343,786,7343,109,7343,6,7343,1,9137,2,1.0285776000237092
5,3,,2026-07-30T17:06:48.437070,105302,7359,4050,7359,802,7359,107,7359,4,7359,1,9041,1,1.0291189000126906
5,3,,2026-07-30T17:06:49.464828,105341,7391,4195,7391,756,7391,107,7391,15,7391,2,9054,5,1.0273390000220388
5,3,,2026-07-30T17:06:50.493388,105187,7227,3980,7227,772,7227,93,7227,6,7227,2,9204,2,1.0282941000186838
5,3,,2026-07-30T17:06:51.522563,105545,7524,4191,7524,736,7524,103,7524,10,7524,0,9160,5,1.0289145999995526
5,3,,2026-07-30T17:06:52.552002,105055,7200,3991,7201,738,7201,104,7201,7,7201,0,9178,3,1.0289941999944858
5,3,,2026-07-30T17:06:53.580910,104894,7385,4076,7384,841,7384,120,7384,11,7384,5,9110,4,1.0285043999901973
5,3,,2026-07-30T17:06:54.609847,105284,7361,4024,7361,809,7361,110,7361,6,7361,1,9190,2,1.0284988000057638
5,3,,2026-07-30T17:06:55.638648,105137,7543,4168,7543,777,7543,112,7543,5,7543,1,8993,4,1.0283179999969434
5,3,,2026-07-30T17:06:56.667689,105295,7349,4041,7349,807,7349,99,7349,8,7349,2,9333,0,1.0287139000138268
5,3,,2026-07-30T17:06:57.696086,104985,7351,4072,7351,770,7351,101,7351,5,7351,1,9217,4,1.028074200003175
5,3,,2026-07-30T17:06:58.724554,104413,7399,4055,7399,772,7399,97,7399,4,7399,2,9386,5,1.0280143000127282
5,3,,2026-07-30T17:06:59.750820,104831,7289,4012,7289,765,7289,100,7289,11,7289,3,9103,1,1.0258830000238959
5,3,,2026-07-30T17:07:00.780206,104701,7308,4068,7308,766,7308,110,7308,12,7308,1,9084,1,1.0292195999936666
5,3,,2026-07-30T17:07:01.809183,105229,7325,4125,7325,743,7325,110,7325,6,7325,1,9206,5,1.0285615999891888
5,3,,2026-07-30T17:07:02.838620,105255,7399,4186,7399,760,7399,99,7399,6,7399,0,9334,3,1.0289257000258658
5,3,,2026-07-30T17:07:03.866596,105304,7306,3989,7306,792,7306,98,7306,11,7306,0,9165,3,1.0276401999872178
5,3,,2026-07-30T17:07:04.894037,104587,7331,4067,7331,806,7331,108,7331,10,7331,1,8914,0,1.0271014000172727
5,3,,2026-07-30T17:07:05.923091,104951,7214,3966,7214,744,7214,104,7214,9,7214,1,9042,2,1.0285128999967128
5,3,,2026-07-30T17:07:06.952259,105287,7412,4097,7412,807,7412,100,7412,8,7412,3,8887,1,1.0284173999971244
5,3,,2026-07-30T17:07:07.981701,105425,7395,4079,7395,771,7395,108,7395,9,7395,4,9285,3,1.0290990000066813
5,3,,2026-07-30T17:07:09.009473,104643,7304,4029,7304,769,7304,113,7304,4,7304,0,9257,5,1.0274381999915931
5,3,,2026-07-30T17:07:10.040013,104644,7386,4126,7386,769,7386,120,7386,5,7386,2,9081,8,1.0301357000134885
5,3,,2026-07-30T17:07:11.070655,105391,7457,4131,7457,747,7457,109,7457,10,7457,0,8983,1,1.0301886000088416
5,3,,2026-07-30T17:07:12.098512,104820,7319,4056,7319,804,7319,94,7319,5,7319,0,9264,0,1.0273802999872714
5,3,,2026-07-30T17:07:13.126707,104384,7307,4052,7307,813,7307,100,7307,8,7307,2,9226,0,1.0277211999928113
5,3,,2026-07-30T17:07:14.154734,104625,7321,4027,7321,785,7321,94,7321,4,7321,0,9061,4,1.0277090999879874
5,3,,2026-07-30T17:07:15.183304,105600,7311,4051,7311,762,7311,123,7311,9,7311,3,9222,1,1.0275324000103865
5,3,,2026-07-30T17:07:16.210732,105216,7345,4042,7345,781,7345,113,7345,15,7345,2,9299,4,1.0271532000042498
5,3,,2026-07-30T17:07:17.238193,104799,7384,4093,7384,762,7384,114,7384,12,7384,0,9324,0,1.0271005999820773
5,3,,2026-07-30T17:07:18.265643,105003,7387,4110,7387,774,7387,101,7387,12,7387,0,9056,2,1.0271274999831803
5,3,,2026-07-30T17:07:19.294300,105019,7532,4278,7532,772,7532,126,7532,3,7532,1,9283,2,1.0283410999982152
5,3,,2026-07-30T17:07:20.323243,105445,7352,4108,7352,735,7352,107,7352,8,7352,0,9236,2,1.028782199980924
5,3,,2026-07-30T17:07:21.352668,105220,7336,4121,7336,763,7336,116,7336,4,7336,2,9203,3,1.0291396000247914
5,3,,2026-07-30T17:07:22.380323,104619,7446,4193,7446,789,7446,101,7446,9,7446,0,9021,4,1.0271498000074644
5,3,,2026-07-30T17:07:23.408379,104777,7369,4172,7369,771,7369,86,7369,15,7369,0,9291,1,1.027603700000327
5,3,,2026-07-30T17:07:24.435808,105279,7091,3975,7091,757,7091,81,7091,3,7091,1,9159,6,1.0270883000048343
5,3,,2026-07-30T17:07:25.463475,105314,7414,4145,7414,792,7414,95,7414,3,7414,0,9292,2,1.0272724999813363
5,3,,2026-07-30T17:07:26.491103,105169,7276,4064,7276,767,7276,106,7276,9,7276,0,9138,2,1.0273136000032537
5,3,,2026-07-30T17:07:27.519853,105580,7323,4038,7323,758,7323,114,7323,3,7323,0,9161,6,1.0284739000198897
5,3,,2026-07-30T17:07:28.548468,104894,7355,4059,7355,788,7355,111,7355,11,7355,1,9101,1,1.0284046999877319
5,3,,2026-07-30T17:07:29.578052,105201,7310,4045,7310,740,7310,104,7310,10,7310,1,9205,4,1.0292302999878302
5,3,,2026-07-30T17:07:30.607653,104772,7270,4044,7270,757,7270,97,7270,15,7270,2,9235,0,1.029105299996445
5,3,,2026-07-30T17:07:31.637293,105306,7313,4083,7313,713,7313,95,7313,8,7313,1,9173,1,1.0292249000049196
5,3,,2026-07-30T17:07:32.665949,105173,7365,4107,7365,744,7365,104,7365,6,7365,0,9095,1,1.02814069998567
5,3,,2026-07-30T17:07:33.693889,105346,7468,4155,7468,802,7468,110,7468,2,7468,1,8989,3,1.0274487000133377
5,3,,2026-07-30T17:07:34.722016,104504,7323,4159,7323,773,7323,89,7323,9,7323,2,8993,2,1.0277971999894362
5,3,,2026-07-30T17:07:35.749009,105387,7339,4135,7339,741,7339,104,7339,4,7339,1,8925,3,1.0266752000025008
5,3,,2026-07-30T17:07:36.777541,104235,7306,4013,7306,799,7306,100,7306,11,7306,2,9233,2,1.0282739000103902
5,3,,2026-07-30T17:07:37.804935,105088,7278,4084,7278,752,7278,115,7278,10,7278,1,9042,2,1.0271194000088144
5,3,,2026-07-30T17:07:38.839195,105241,7348,4041,7348,727,7348,106,7348,11,7348,0,9028,1,1.033825299993623
5,3,,2026-07-30T17:07:39.870055,105135,7363,4141,7363,740,7363,110,7363,12,7363,3,9225,3,1.0306196000019554
5,3,,2026-07-30T17:07:40.898519,105100,7406,4099,7406,746,7406,95,7406,9,7406,1,9161,2,1.028126399993198
5,3,,2026-07-30T17:07:41.926817,105271,7280,3964,7280,769,7280,117,7280,8,7280,1,9169,4,1.0278751999721862
5,3,,2026-07-30T17:07:42.955744,104755,7399,4147,7399,758,7399,120,7399,10,7399,0,9103,1,1.0284959000127856
5,3,,2026-07-30T17:07:43.983339,104945,7193,4017,7193,762,7193,101,7193,10,7193,0,9247,1,1.027258600021014
5,3,,2026-07-30T17:07:45.010601,104421,7432,4164,7432,772,7432,98,7432,10,7432,1,9150,1,1.026905299979262
5,3,,2026-07-30T17:07:46.038773,104885,7454,4136,7454,798,7454,122,7454,7,7454,0,9175,1,1.0278618999873288
5,3,,2026-07-30T17:07:47.067973,105281,7475,4167,7475,812,7475,118,7475,13,7475,2,9218,2,1.0288194999739062
5,3,,2026-07-30T17:07:48.095821,105095,7271,4042,7271,745,7271,105,7271,9,7271,1,9075,1,1.027494400012074
5,3,,2026-07-30T17:07:49.124766,104841,7365,4057,7365,780,7365,123,7365,10,7365,0,8942,1,1.0286484000098426
5,3,,2026-07-30T17:07:50.153047,105186,7478,4127,7478,766,7478,117,7478,8,7478,2,9169,0,1.0279450000089128
5,3,,2026-07-30T17:07:51.215066,108773,7601,4271,7601,745,7601,114,7601,11,7601,0,9474,4,1.0617304999905173
5,3,,2026-07-30T17:07:52.244763,104911,7314,4034,7314,770,7314,108,7314,11,7314,0,9186,5,1.0294300999958068
5,3,,2026-07-30T17:07:53.272852,105478,7389,4135,7389,783,7389,105,7389,4,7389,0,9178,2,1.0277852999861352
5,3,,2026-07-30T17:07:54.301924,104630,7229,4045,7229,740,7229,100,7229,10,7229,1,9026,3,1.0287632000108715
5,3,,2026-07-30T17:07:55.330184,105315,7349,4054,7349,754,7349,101,7349,14,7349,0,9134,1,1.0278833000047598
5,3,,2026-07-30T17:07:56.358993,105110,7302,4010,7302,765,7302,105,7302,9,7302,0,9100,1,1.0285474999982398
5,3,,2026-07-30T17:07:57.386691,105042,7425,4072,7425,838,7425,84,7425,9,7425,2,9065,0,1.0272960999864154
5,3,,2026-07-30T17:07:58.413584,105154,7335,4033,7335,744,7335,107,7335,8,7335,0,8931,2,1.0265896000200883
5,3,,2026-07-30T17:07:59.442959,105461,7313,4101,7313,754,7313,97,7313,9,7313,2,9177,4,1.0290036000078544
5,3,,2026-07-30T17:08:00.469707,105207,7476,4222,7476,726,7476,101,7476,7,7476,0,9047,1,1.0265423000091687
5,3,,2026-07-30T17:08:01.496276,104622,7160,3915,7160,769,7160,100,7160,8,7160,0,8942,2,1.026423600007547
5,3,,2026-07-30T17:08:02.522877,105583,7443,4146,7443,808,7443,100,7443,10,7443,3,9028,3,1.0262845999968704
5,3,,2026-07-30T17:08:03.551587,104917,7345,4121,7345,794,7345,117,7345,9,7345,2,9193,2,1.0284091999928933
5,3,,2026-07-30T17:08:04.579173,105462,7356,4089,7356,762,7356,106,7356,10,7356,1,9138,2,1.0271574000071269
5,3,,2026-07-30T17:08:05.606764,105299,7356,4043,7356,757,7356,124,7356,13,7356,0,9224,1,1.0272436999948695
5,3,,2026-07-30T17:08:06.634991,105448,7342,4122,7342,798,7342,99,7342,11,7342,1,9280,3,1.0279274999920744
5,3,,2026-07-30T17:08:07.662431,104487,7257,3956,7257,752,7257,90,7257,7,7257,1,9112,3,1.0271440999931656
5,3,,2026-07-30T17:08:08.691055,104948,7327,4125,7327,741,7327,110,7327,6,7327,0,9193,0,1.0283708999922965
5,3,,2026-07-30T17:08:09.718570,105089,7363,4022,7363,802,7363,120,7363,9,7363,1,9289,2,1.0270054999855347
5,3,,2026-07-30T17:08:10.745496,104410,7257,4016,7257,766,7257,99,7257,8,7257,2,9045,3,1.0266320999944583
5,3,,2026-07-30T17:08:11.772182,105082,7383,4104,7383,724,7383,112,7383,6,7383,1,9131,1,1.0264621999813244
5,3,,2026-07-30T17:08:12.800199,104818,7420,4148,7420,770,7420,93,7420,5,7420,2,9171,4,1.027756399998907
5,3,,2026-07-30T17:08:13.828041,104676,7442,4193,7442,775,7442,107,7442,4,7442,0,9153,1,1.0275878999964334
5,3,,2026-07-30T17:08:14.857008,104617,7379,4079,7379,743,7379,111,7379,4,7379,1,9107,1,1.0286221999849658
5,3,,2026-07-30T17:08:15.886164,104956,7382,4042,7382,787,7382,96,7382,5,7382,2,8972,2,1.028733100014506
5,3,,2026-07-30T17:08:16.915080,105072,7379,4011,7379,784,7379,106,7379,10,7379,0,9160,5,1.0285194999887608
5,3,,2026-07-30T17:08:17.943284,105205,7439,4091,7439,772,7439,119,7439,13,7439,2,9024,0,1.0280018999765161
5,3,,2026-07-30T17:08:18.973578,105191,7346,4102,7346,743,7346,107,7346,13,7346,3,9204,2,1.0299328000110108
5,3,,2026-07-30T17:08:20.002238,104838,7236,4007,7236,719,7236,97,7236,4,7236,3,9207,3,1.0280373999848962
5,3,,2026-07-30T17:08:21.031485,105131,7423,4213,7423,737,7423,104,7423,7,7423,0,9270,2,1.0281443999847397
5,3,,2026-07-30T17:08:22.059878,104591,7361,4137,7361,752,7361,108,7361,12,7361,1,9072,3,1.0280939000076614
5,3,,2026-07-30T17:08:23.088617,104796,7378,4058,7378,730,7378,106,7378,8,7378,0,9106,5,1.0282100999902468
5,3,,2026-07-30T17:08:24.115939,104720,7242,4030,7242,696,7242,96,7242,11,7242,1,9040,2,1.0270433999830857
5,3,,2026-07-30T17:08:25.144770,105000,7285,4051,7285,782,7285,100,7285,8,7285,2,9166,2,1.0283313999825623
5,3,,2026-07-30T17:08:26.172200,105283,7474,4184,7474,762,7474,110,7474,9,7474,0,9335,4,1.0271900999941863
5,3,,2026-07-30T17:08:27.200117,104799,7337,4026,7337,774,7337,117,7337,3,7337,0,9174,2,1.0273770999920089
5,3,,2026-07-30T17:08:28.227854,105217,7387,4097,7387,775,7387,102,7387,8,7387,0,9131,3,1.0274017000047024
5,3,,2026-07-30T17:08:29.256324,105071,7189,4004,7189,720,7189,118,7189,8,7189,2,9338,2,1.0281187999935355
5,3,,2026-07-30T17:08:30.284289,104536,7249,4039,7249,778,7249,106,7249,12,7249,2,9249,3,1.0276471999823116
5,3,,2026-07-30T17:08:31.312565,104953,7419,4048,7419,790,7419,92,7419,9,7419,1,9097,1,1.0278908999753185
5,3,,2026-07-30T17:08:32.341363,105018,7339,3999,7339,811,7339,113,7339,9,7339,2,9036,5,1.0284574999823235
5,3,,2026-07-30T17:08:33.370486,105338,7452,4095,7452,727,7452,86,7452,12,7452,3,9266,0,1.0287369000143372
5,3,,2026-07-30T17:08:34.398410,104272,7190,3965,7190,751,7190,92,7190,7,7190,0,9229,3,1.0276703000126872
5,3,,2026-07-30T17:08:35.428308,104678,7349,3982,7349,813,7349,108,7349,12,7349,0,9259,2,1.029604899988044
5,3,,2026-07-30T17:08:36.456116,104854,7335,4026,7335,780,7335,107,7335,5,7335,1,9081,1,1.0274632000073325
5,3,,2026-07-30T17:08:37.483007,104572,7339,4108,7339,790,7339,117,7339,12,7339,0,9105,1,1.0265588999900501
5,3,,2026-07-30T17:08:38.510339,104280,7355,4091,7355,743,7355,128,7355,4,7355,1,9163,2,1.0270761000283528
5,3,,2026-07-30T17:08:39.539800,104547,7230,3990,7230,771,7230,98,7230,12,7230,1,9186,2,1.0292372000112664
5,3,,2026-07-30T17:08:40.566815,105226,7494,4156,7494,810,7494,110,7494,12,7494,1,9103,2,1.0267167999991216
5,3,,2026-07-30T17:08:41.594995,104999,7185,3940,7185,755,7185,102,7185,5,7185,3,9176,3,1.027938199986238
5,3,,2026-07-30T17:08:42.623323,105331,7467,4115,7467,856,7467,126,7468,10,7468,3,9094,0,1.0278842000116128
5,3,,2026-07-30T17:08:43.652779,104500,7409,4101,7409,820,7409,110,7408,13,7408,2,9134,2,1.0291986999800429
5,3,,2026-07-30T17:08:44.683034,104879,7302,4075,7302,789,7302,100,7303,8,7303,1,9215,0,1.0299223999900278
5,3,,2026-07-30T17:08:45.712081,105188,7359,4001,7359,781,7359,109,7358,8,7358,2,9072,0,1.0286412999848835
5,3,,2026-07-30T17:08:46.740925,105332,7313,4072,7313,762,7313,119,7313,10,7313,2,9080,1,1.0284151999803726
5,3,,2026-07-30T17:08:47.767936,104455,7381,4077,7381,789,7381,105,7381,12,7381,0,9188,1,1.0267641000100411
5,4,,2026-07-30T17:08:56.757356,104966,8451,5056,8451,642,8451,55,8451,3,8451,2,9124,3,1.0277798999741208
5,4,,2026-07-30T17:08:57.785323,104676,8374,5120,8374,613,8374,56,8374,0,8374,2,9225,1,1.027655699988827
5,4,,2026-07-30T17:08:58.812198,104855,8320,5000,8320,658,8320,54,8320,2,8320,0,9227,0,1.0264698999817483
5,4,,2026-07-30T17:08:59.841040,104304,8202,4856,8202,643,8202,43,8202,0,8202,0,9152,4,1.0286221999849658
5,4,,2026-07-30T17:09:00.868623,105488,8210,4926,8210,655,8210,51,8210,3,8210,2,9291,2,1.0267459999886341
5,4,,2026-07-30T17:09:01.896122,105015,8215,4963,8215,612,8215,51,8215,0,8215,3,9204,1,1.0272606000071391
5,4,,2026-07-30T17:09:02.923491,104432,8174,4942,8174,662,8174,43,8174,1,8174,0,9242,2,1.0270488999958616
5,4,,2026-07-30T17:09:03.950869,105246,8312,5080,8312,649,8312,44,8312,1,8312,2,9229,4,1.0270702999841888
5,4,,2026-07-30T17:09:04.978394,104947,8411,5069,8411,689,8411,37,8411,4,8411,0,9193,2,1.0271217999979854
5,4,,2026-07-30T17:09:06.007735,104182,8271,4975,8271,690,8271,44,8271,2,8271,1,8952,6,1.0291123999923002
5,4,,2026-07-30T17:09:07.051274,104540,8178,4936,8178,665,8178,45,8178,3,8178,2,9154,2,1.0432651000155602
5,4,,2026-07-30T17:09:08.090613,107437,8465,5036,8465,680,8465,49,8465,2,8465,3,9623,1,1.0285755000077188
5,4,,2026-07-30T17:09:09.120417,104101,8305,5032,8305,639,8305,57,8305,2,8305,0,9253,2,1.0294256999914069
5,4,,2026-07-30T17:09:10.148880,105102,8148,4963,8148,657,8148,56,8148,1,8148,1,9168,2,1.0281711000134237
5,4,,2026-07-30T17:09:11.177557,104818,8163,4993,8163,645,8163,48,8163,1,8163,1,9266,7,1.0283923000097275
5,4,,2026-07-30T17:09:12.207421,104869,8320,5062,8320,662,8320,55,8320,4,8320,0,8974,3,1.0295222999993712
5,4,,2026-07-30T17:09:13.236962,105616,8355,5080,8355,702,8355,58,8355,4,8355,2,9083,3,1.0291388999903575
5,4,,2026-07-30T17:09:14.266181,104722,8338,5019,8338,666,8338,43,8338,0,8338,2,9147,3,1.0287995999970008
5,4,,2026-07-30T17:09:15.294804,105473,8282,4954,8282,660,8282,62,8282,1,8282,1,9208,4,1.0280358000018168
5,4,,2026-07-30T17:09:16.324659,104794,8323,5077,8323,630,8323,44,8323,3,8323,0,9180,3,1.0294018000131473
5,4,,2026-07-30T17:09:17.352594,105124,8446,5116,8446,688,8446,54,8446,1,8446,2,9170,0,1.0275646999944001
5,4,,2026-07-30T17:09:18.382523,104819,8247,4987,8247,652,8247,33,8247,3,8247,1,9228,2,1.0295685000019148
5,4,,2026-07-30T17:09:19.413291,105448,8320,5073,8320,655,8320,58,8320,0,8320,1,9318,0,1.0302966000162996
5,4,,2026-07-30T17:09:20.443040,105312,8310,5041,8310,685,8310,59,8310,1,8310,0,9322,2,1.0292679000122007
5,4,,2026-07-30T17:09:21.471917,104780,8345,5148,8345,674,8345,41,8345,3,8345,3,9093,1,1.0283823999925517
5,4,,2026-07-30T17:09:22.500814,104701,8254,5040,8254,677,8254,39,8254,2,8254,1,9132,2,1.028533000004245
5,4,,2026-07-30T17:09:23.529523,104767,8334,4978,8334,629,8334,60,8334,0,8334,3,9127,1,1.0282682999968529
5,4,,2026-07-30T17:09:24.558065,105197,8443,5132,8443,663,8443,49,8443,1,8443,3,9256,4,1.0281730999995489
5,4,,2026-07-30T17:09:25.587929,104935,8276,4947,8276,670,8276,51,8276,1,8276,2,9158,4,1.0294714999909047
5,4,,2026-07-30T17:09:26.615873,104714,8295,4999,8295,633,8295,44,8295,0,8295,2,9304,0,1.0275418999954127
5,4,,2026-07-30T17:09:27.643030,104044,8202,5078,8202,682,8202,46,8202,2,8202,0,8967,5,1.0269329999864567
5,4,,2026-07-30T17:09:28.671046,105209,8281,5079,8281,628,8281,47,8281,2,8281,3,9341,5,1.0277578000095673
5,4,,2026-07-30T17:09:29.699769,104351,8277,5027,8277,635,8277,45,8277,2,8277,3,9078,1,1.0284008999879006
5,4,,2026-07-30T17:09:30.728901,104919,8314,5042,8314,663,8314,53,8314,2,8314,1,9190,2,1.0287811000016518
5,4,,2026-07-30T17:09:31.757658,104908,8224,5010,8224,647,8224,56,8224,1,8224,0,9117,2,1.0282371999928728
5,4,,2026-07-30T17:09:32.785983,105347,8343,5087,8343,675,8343,44,8343,0,8343,0,9234,3,1.0278846000146586
5,4,,2026-07-30T17:09:33.816167,104794,8230,5002,8230,641,8230,53,8230,4,8230,0,9210,2,1.029823299992131
5,4,,2026-07-30T17:09:34.846183,104979,8309,5027,8309,649,8309,50,8309,0,8309,0,9251,2,1.0296985000022687
5,4,,2026-07-30T17:09:35.875936,105056,8247,4910,8247,680,8247,47,8247,3,8247,0,9117,1,1.0293328000116162
5,4,,2026-07-30T17:09:36.906142,105150,8367,5029,8367,680,8367,39,8367,2,8367,0,9330,5,1.0298359000007622
5,4,,2026-07-30T17:09:37.935612,104922,8426,5174,8426,652,8426,40,8426,2,8426,1,9264,6,1.0290427999862004
5,4,,2026-07-30T17:09:38.965164,105104,8425,5066,8425,685,8425,34,8425,2,8425,4,9282,1,1.029131299990695
5,4,,2026-07-30T17:09:39.994197,104785,8325,4986,8325,689,8325,53,8325,3,8325,0,9254,3,1.0286016000027303
5,4,,2026-07-30T17:09:41.023339,105305,8330,5048,8330,653,8330,42,8330,2,8330,3,9038,1,1.0287917000241578
5,4,,2026-07-30T17:09:42.051364,104899,8385,5157,8385,633,8385,47,8385,4,8385,2,9216,3,1.0277193000074476
5,4,,2026-07-30T17:09:43.081209,104514,8290,5028,8290,648,8290,53,8290,1,8290,1,9166,3,1.0294598000182305
5,4,,2026-07-30T17:09:44.111555,104000,8139,4911,8139,613,8139,57,8139,2,8139,0,9228,1,1.0298462999926414
5,4,,2026-07-30T17:09:45.139459,104782,8378,5065,8378,644,8378,50,8378,1,8378,3,9098,3,1.027349600015441
5,4,,2026-07-30T17:09:46.166499,105482,8401,5091,8401,646,8401,53,8401,2,8401,0,9275,2,1.0267280999978539
5,4,,2026-07-30T17:09:47.195512,105046,8372,5066,8372,690,8372,39,8372,1,8372,2,9157,6,1.0286966999992728
5,4,,2026-07-30T17:09:48.224998,104209,8116,4830,8116,694,8116,47,8116,2,8116,2,9283,1,1.0290712999994867
5,4,,2026-07-30T17:09:49.255774,104734,8348,5039,8348,649,8348,40,8348,2,8348,1,9092,4,1.030293999996502
5,4,,2026-07-30T17:09:50.284701,105080,8276,5066,8276,665,8276,55,8276,3,8276,1,9246,1,1.028603299986571
5,4,,2026-07-30T17:09:51.313582,104386,8155,4937,8155,618,8155,53,8155,1,8155,0,9165,2,1.0284657999873161
5,4,,2026-07-30T17:09:52.343978,104527,8321,4982,8321,664,8321,48,8321,1,8321,4,9216,0,1.0299550000054296
5,4,,2026-07-30T17:09:53.376379,105415,8402,5089,8402,655,8402,45,8402,3,8402,2,9255,4,1.032091400003992
5,4,,2026-07-30T17:09:54.406763,105159,8317,5073,8317,673,8317,48,8317,6,8317,2,9132,0,1.0298254000081215
5,4,,2026-07-30T17:09:55.436270,105049,8156,5071,8156,615,8156,50,8156,1,8156,1,9240,4,1.0291177000035532
5,4,,2026-07-30T17:09:56.465432,104557,8274,5061,8274,590,8274,57,8274,1,8274,1,9173,2,1.028675800014753
5,4,,2026-07-30T17:09:57.494306,105112,8336,5117,8336,655,8336,56,8336,3,8336,2,9245,0,1.0284890000184532
5,4,,2026-07-30T17:09:58.523768,104300,8308,5009,8308,634,8308,55,8308,2,8308,1,9121,6,1.0290506999881472
5,4,,2026-07-30T17:09:59.552983,104229,8475,5173,8475,641,8475,60,8475,1,8475,4,8995,3,1.028759499982698
5,4,,2026-07-30T17:10:00.582053,105163,8308,5035,8308,719,8308,52,8308,1,8308,2,9251,2,1.0286710000073072
5,4,,2026-07-30T17:10:01.610601,104845,8311,4970,8311,708,8311,42,8311,0,8311,2,9044,1,1.0281715000164695
5,4,,2026-07-30T17:10:02.640638,105122,8279,5000,8279,664,8279,57,8279,1,8279,2,9114,3,1.0296950000047218
5,4,,2026-07-30T17:10:03.670906,105422,8369,5023,8369,690,8369,55,8369,3,8369,0,9057,5,1.029756100004306
5,4,,2026-07-30T17:10:04.701370,105293,8417,5156,8417,668,8417,52,8417,3,8417,4,9330,2,1.0299396000045817
5,4,,2026-07-30T17:10:05.730851,105153,8268,4992,8268,643,8268,54,8268,1,8268,2,9146,2,1.0287177999853157
5,4,,2026-07-30T17:10:06.759464,105092,8362,5075,8362,642,8362,58,8362,0,8362,1,9258,2,1.0282833999954164
5,4,,2026-07-30T17:10:07.787897,104331,8271,5048,8271,638,8271,58,8271,3,8271,2,9164,2,1.0281123999739066
5,4,,2026-07-30T17:10:08.817285,104480,8251,5127,8251,636,8251,58,8251,2,8251,3,9265,3,1.0288924000051338
5,4,,2026-07-30T17:10:09.845567,104362,8427,5068,8427,670,8427,50,8427,1,8427,2,9277,3,1.0278436999942642
5,4,,2026-07-30T17:10:10.873516,104153,8324,5015,8324,675,8324,49,8324,4,8324,2,9085,7,1.0276292000198737
5,4,,2026-07-30T17:10:11.902770,104335,8292,5038,8292,615,8292,49,8292,2,8292,4,9131,2,1.0289788999943994
5,4,,2026-07-30T17:10:12.932669,104585,8270,4973,8270,694,8270,44,8270,2,8270,1,9182,4,1.029199599986896
5,4,,2026-07-30T17:10:13.963375,104605,8250,5065,8250,631,8250,45,8250,1,8250,1,9198,4,1.0302196000120603
5,4,,2026-07-30T17:10:14.992059,104738,8265,5022,8266,648,8266,58,8266,2,8266,3,9276,3,1.0283359999884851
5,4,,2026-07-30T17:10:16.021442,105158,8331,5020,8330,647,8330,40,8330,1,8330,0,9125,2,1.0290536000102293
5,4,,2026-07-30T17:10:17.051335,104892,8380,5074,8380,689,8380,47,8380,2,8380,1,9161,0,1.029497800016543
5,4,,2026-07-30T17:10:18.080329,104669,8246,4982,8246,621,8246,64,8246,3,8246,1,9287,3,1.0286633999785408
5,4,,2026-07-30T17:10:19.110662,104571,8013,4851,8013,642,8013,44,8013,4,8013,3,9183,0,1.0299939999822527
5,4,,2026-07-30T17:10:20.140245,104581,8246,5063,8246,640,8246,63,8246,1,8246,2,9295,6,1.029180199984694
5,4,,2026-07-30T17:10:21.168570,105046,8386,5103,8386,601,8386,49,8386,1,8386,2,9332,4,1.027839899994433
5,4,,2026-07-30T17:10:22.196645,104686,8338,5129,8338,680,8338,48,8338,2,8338,1,9179,6,1.0277322999900207
5,4,,2026-07-30T17:10:23.224705,105184,8238,4941,8238,667,8238,49,8238,0,8238,3,9107,2,1.0277990999748
5,4,,2026-07-30T17:10:24.252930,104658,8330,5105,8330,637,8330,49,8330,2,8330,3,9054,6,1.0279030000092462
5,4,,2026-07-30T17:10:25.282604,105163,8394,5002,8394,684,8394,45,8394,1,8394,2,8991,6,1.0293497000238858
5,4,,2026-07-30T17:10:26.312213,105048,8118,4911,8118,698,8118,49,8119,2,8119,2,9272,0,1.0290029000025243
5,4,,2026-07-30T17:10:27.341476,104618,8370,5127,8370,625,8370,41,8369,1,8369,1,9045,4,1.0289255999960005
5,4,,2026-07-30T17:10:28.370823,104673,8264,5030,8264,664,8264,51,8264,1,8264,2,9160,2,1.02890629999456
5,4,,2026-07-30T17:10:29.401065,105022,8266,4985,8266,619,8266,57,8266,0,8266,2,9246,2,1.0296791000000667
5,4,,2026-07-30T17:10:30.430442,104848,8463,5132,8463,672,8463,46,8463,2,8463,5,9171,2,1.0289572000037879
5,4,,2026-07-30T17:10:31.458492,104357,8353,5077,8353,665,8353,57,8353,2,8353,3,9141,2,1.0276250000169966
5,4,,2026-07-30T17:10:32.487211,104673,8347,5049,8347,638,8347,50,8347,2,8347,1,9212,1,1.0282881000021007
5,4,,2026-07-30T17:10:33.516941,104983,8477,5134,8477,657,8477,45,8477,3,8477,4,9147,4,1.0292966000270098
5,4,,2026-07-30T17:10:34.545965,104942,8352,5114,8352,625,8352,51,8352,3,8352,1,9262,7,1.0286928999994416
5,4,,2026-07-30T17:10:35.577551,104325,8271,5062,8271,639,8271,52,8271,2,8271,4,9257,2,1.0311402000079397
5,4,,2026-07-30T17:10:36.609582,104347,8324,5081,8324,635,8324,50,8324,2,8324,0,9307,3,1.0315644000074826
5,4,,2026-07-30T17:10:37.639934,104412,8446,5059,8446,679,8446,52,8446,2,8446,1,9092,1,1.0299017000070307
5,4,,2026-07-30T17:10:38.668486,105182,8241,4980,8241,647,8241,54,8241,1,8241,0,9016,2,1.028126900026109
5,4,,2026-07-30T17:10:39.698571,104417,8207,4963,8207,599,8207,57,8207,2,8207,2,9363,3,1.029686900001252
5,4,,2026-07-30T17:10:40.728308,104348,8238,4939,8238,682,8238,56,8238,1,8238,1,9192,3,1.0292723999882583
5,4,,2026-07-30T17:10:41.756958,105034,8429,5151,8429,627,8429,54,8429,1,8429,1,9154,2,1.0282202999806032
5,4,,2026-07-30T17:10:42.783795,104786,8314,5136,8314,643,8314,43,8314,5,8314,4,8962,2,1.026428399985889
5,4,,2026-07-30T17:10:43.812916,104750,8464,5147,8464,691,8464,46,8464,2,8464,1,9157,2,1.0288941000180785
5,4,,2026-07-30T17:10:44.842112,104141,8324,5074,8324,601,8324,43,8324,3,8324,1,9250,5,1.0288148999970872
5,4,,2026-07-30T17:10:45.871096,104596,8369,5064,8369,638,8369,51,8369,1,8369,3,9095,2,1.0286030999850482
5,4,,2026-07-30T17:10:46.900734,105312,8351,5129,8351,657,8351,49,8351,2,8351,1,9060,3,1.029312900005607
5,4,,2026-07-30T17:10:47.932572,105156,8418,5078,8418,677,8418,51,8418,0,8418,2,9303,0,1.0313026000221726
5,4,,2026-07-30T17:10:48.961885,105701,8286,5030,8286,670,8286,52,8286,4,8286,0,9081,4,1.0288536000007298
5,4,,2026-07-30T17:10:49.991121,104484,8425,5077,8425,658,8425,60,8425,3,8425,2,9195,3,1.0287884999997914
5,4,,2026-07-30T17:10:51.018134,104746,8353,4988,8353,676,8353,71,8353,4,8353,1,9230,2,1.02670460002264
5,4,,2026-07-30T17:10:52.046507,104774,8298,5007,8298,649,8298,44,8298,2,8298,2,9176,3,1.0280867000110447
5,4,,2026-07-30T17:10:53.074146,104761,8338,5093,8338,648,8338,40,8338,4,8338,1,9213,0,1.0273074000142515
5,4,,2026-07-30T17:10:54.102598,104914,8283,5028,8283,637,8283,49,8283,0,8283,1,9279,3,1.0281810000014957
5,4,,2026-07-30T17:10:55.131960,104628,8400,5092,8400,648,8400,40,8400,4,8400,0,9256,2,1.0288579000043683
5,4,,2026-07-30T17:10:56.159029,105426,8378,5095,8378,679,8378,65,8378,4,8378,3,9037,5,1.0266827000014018
5,4,,2026-07-30T17:10:57.186670,104419,8292,5071,8292,631,8292,44,8292,2,8292,2,9021,6,1.0273403000028338
5,4,,2026-07-30T17:10:58.214805,104149,8240,4946,8240,631,8240,56,8240,3,8240,3,9310,2,1.0278284999949392
5,4,,2026-07-30T17:10:59.241742,103985,8384,5116,8384,661,8384,41,8384,0,8384,1,9223,1,1.0266308000136632
5,4,,2026-07-30T17:11:00.269863,104939,8493,5180,8493,638,8493,47,8493,0,8493,2,9138,1,1.0277449999994133
5,4,,2026-07-30T17:11:01.300489,104157,8273,4984,8273,641,8273,59,8273,1,8273,1,9018,1,1.0303119999880437
5,4,,2026-07-30T17:11:02.327960,104908,8408,5101,8408,659,8408,59,8408,2,8408,3,9010,3,1.0270756999962032
5,4,,2026-07-30T17:11:03.357108,104262,8339,5031,8339,657,8339,57,8339,3,8339,2,9296,4,1.0289114999759477
5,4,,2026-07-30T17:11:04.386649,105134,8334,5045,8334,667,8334,42,8334,1,8334,0,9284,3,1.0292188999883365
5,4,,2026-07-30T17:11:05.416397,105415,8496,5054,8496,676,8496,43,8496,3,8496,3,9175,1,1.0292597000079695
5,4,,2026-07-30T17:11:06.445811,104706,8171,5036,8171,595,8171,55,8171,2,8171,3,9364,3,1.028862899984233
5,4,,2026-07-30T17:11:07.475653,104712,8389,5080,8389,635,8389,41,8389,2,8389,0,8977,0,1.0293051999760792
5,4,,2026-07-30T17:11:08.520453,104936,8410,5116,8410,627,8410,44,8410,1,8410,1,9244,3,1.0443023999978323
5,4,,2026-07-30T17:11:09.558925,107418,8411,5075,8411,671,8411,61,8411,2,8411,1,9442,1,1.0278397999936715
5,4,,2026-07-30T17:11:10.588746,104570,8409,5067,8409,661,8409,56,8409,3,8409,0,9058,0,1.0293937000096776
5,4,,2026-07-30T17:11:11.618978,105000,8326,5093,8326,642,8326,52,8326,1,8326,2,9186,4,1.0298229999898467
5,4,,2026-07-30T17:11:12.647217,104518,8282,4989,8282,669,8282,50,8282,0,8282,1,9344,2,1.0279681000101846
5,4,,2026-07-30T17:11:13.676578,104791,8267,5035,8267,621,8267,48,8267,1,8267,2,9000,2,1.0289690000063274
5,4,,2026-07-30T17:11:14.706333,105066,8441,5073,8441,653,8441,50,8441,1,8441,1,9300,4,1.0293176000122912
5,4,,2026-07-30T17:11:15.736047,105436,8359,5060,8359,646,8359,51,8359,1,8359,2,9110,6,1.0293221999891102
5,4,,2026-07-30T17:11:16.766956,105116,8262,4997,8262,675,8262,56,8262,3,8262,0,9027,2,1.030477599997539
5,4,,2026-07-30T17:11:17.796316,104812,8174,4948,8174,642,8174,59,8174,2,8174,3,8997,2,1.0288882000022568
5,4,,2026-07-30T17:11:18.825421,104553,8409,5097,8409,684,8409,49,8409,4,8409,1,9108,1,1.028751200006809
5,4,,2026-07-30T17:11:19.855393,105210,8262,4960,8262,690,8262,47,8262,2,8262,5,9227,0,1.0296010999882128
5,4,,2026-07-30T17:11:20.885045,105045,8373,5067,8373,635,8373,47,8373,0,8373,0,9198,4,1.0290666999935638
5,4,,2026-07-30T17:11:21.914154,104216,8239,5009,8239,642,8239,45,8239,3,8239,2,9186,3,1.028633500012802
5,4,,2026-07-30T17:11:22.943727,104753,8413,5097,8413,671,8413,55,8413,4,8413,3,9313,4,1.0290657999867108
5,4,,2026-07-30T17:11:23.974355,105235,8292,5041,8292,646,8292,50,8292,0,8292,1,9265,1,1.0301122999808285
5,4,,2026-07-30T17:11:25.002814,105003,8387,5159,8387,624,8387,44,8387,3,8387,1,9233,4,1.0280587000015657
5,4,,2026-07-30T17:11:26.031181,104887,8369,5082,8369,667,8369,46,8369,0,8369,1,9221,3,1.0278591999958735
5,4,,2026-07-30T17:11:27.060622,105191,8504,5231,8504,681,8504,52,8504,1,8504,1,9214,1,1.0289960999798495
5,4,,2026-07-30T17:11:28.089132,105248,8382,5013,8382,654,8382,57,8382,1,8382,6,9156,1,1.0281018000096083
5,4,,2026-07-30T17:11:29.118234,104898,8359,5000,8359,659,8359,62,8359,4,8359,2,9263,4,1.0287204000051133
5,4,,2026-07-30T17:11:30.147224,104772,8309,5092,8309,670,8309,46,8309,1,8309,3,9271,1,1.028627099993173
5,4,,2026-07-30T17:11:31.176168,104514,8240,4960,8240,635,8240,61,8240,2,8240,1,9135,3,1.0286016000027303
5,4,,2026-07-30T17:11:32.204709,105056,8384,5072,8384,691,8384,44,8384,0,8384,1,9302,4,1.0281806999992114
5,4,,2026-07-30T17:11:33.233065,104411,8240,4946,8240,671,8240,45,8240,2,8240,3,9252,6,1.027987799985567
5,4,,2026-07-30T17:11:34.261774,104391,8513,5171,8513,714,8513,52,8513,3,8513,2,9214,3,1.0284044000145514
5,4,,2026-07-30T17:11:35.289196,104504,8361,5053,8361,645,8361,49,8361,1,8361,2,9063,2,1.0271878000057768
5,4,,2026-07-30T17:11:36.316796,104022,8129,4919,8129,667,8129,56,8129,2,8129,0,9138,0,1.027349400013918
5,4,,2026-07-30T17:11:37.345640,104754,8366,5100,8366,661,8366,38,8366,3,8366,0,9170,2,1.0284978999989107
5,4,,2026-07-30T17:11:38.374284,104462,8190,4996,8190,645,8190,58,8190,1,8190,0,9100,2,1.0282952999987174
5,4,,2026-07-30T17:11:39.404707,104686,8287,5030,8287,665,8287,58,8287,2,8287,4,8958,3,1.0299010999733582
5,4,,2026-07-30T17:11:40.433364,104972,8362,5051,8362,669,8362,47,8362,2,8362,2,9196,3,1.0281354000035208
5,4,,2026-07-30T17:11:41.462903,104061,8278,5049,8278,634,8278,61,8278,2,8278,3,9172,3,1.0291262000100687
5,4,,2026-07-30T17:11:42.490862,105299,8327,5039,8327,683,8327,53,8327,2,8327,2,9163,3,1.0274884999962524
5,4,,2026-07-30T17:11:43.519897,104665,8393,5151,8393,676,8393,57,8393,0,8393,1,9115,2,1.0286877999897115
5,4,,2026-07-30T17:11:44.548229,105273,8366,5044,8366,672,8366,47,8366,2,8366,2,9302,1,1.02785360001144
5,4,,2026-07-30T17:11:45.576820,105217,8251,4943,8251,669,8251,60,8251,2,8251,6,9172,2,1.0281673000135925
5,4,,2026-07-30T17:11:46.605843,104540,8360,5036,8360,669,8360,53,8360,3,8360,1,9005,5,1.0285934999992605
5,4,,2026-07-30T17:11:47.634952,104716,8246,5036,8246,654,8246,53,8246,1,8246,1,9102,3,1.0286137000075541
5,4,,2026-07-30T17:11:48.663646,104995,8506,5160,8506,659,8506,47,8506,3,8506,0,9236,3,1.0283334999985527
5,4,,2026-07-30T17:11:49.692320,104451,8448,5137,8448,653,8448,61,8448,0,8448,2,9209,2,1.0282891000097152
5,4,,2026-07-30T17:11:50.720068,104852,8303,5016,8303,662,8303,47,8303,1,8303,2,9118,3,1.027387899986934
5,4,,2026-07-30T17:11:51.748831,104865,8440,5152,8440,653,8440,67,8440,1,8440,3,9212,4,1.0283433999866247
5,4,,2026-07-30T17:11:52.777918,104881,8244,4950,8244,677,8244,47,8244,3,8244,3,9165,3,1.028647400002228
5,4,,2026-07-30T17:11:53.809902,104508,8469,5095,8469,660,8469,55,8469,4,8469,0,9270,4,1.0315431999915745
5,4,,2026-07-30T17:11:54.839861,105790,8315,5094,8315,630,8315,49,8315,2,8315,3,9361,1,1.0295850000111386
5,4,,2026-07-30T17:11:55.869667,105030,8340,5186,8340,589,8340,45,8340,6,8340,2,9097,3,1.0293754000158515
5,4,,2026-07-30T17:11:56.896983,104782,8215,5015,8215,655,8215,37,8215,2,8216,2,9220,2,1.0268960999965202
5,4,,2026-07-30T17:11:57.924985,105221,8255,5108,8255,611,8255,47,8255,4,8254,1,9290,1,1.0277476999908686
5,4,,2026-07-30T17:11:58.956328,104499,8215,4958,8215,620,8215,61,8215,3,8215,0,9133,4,1.0309714000031818
5,4,,2026-07-30T17:11:59.983747,105140,8292,5111,8292,644,8292,55,8292,0,8292,1,9237,2,1.0269727999984752
5,4,,2026-07-30T17:12:01.011241,104807,8421,5104,8421,667,8421,46,8421,1,8421,4,9407,6,1.0272083000163548
5,4,,2026-07-30T17:12:02.039190,104572,8252,4995,8252,645,8252,60,8252,0,8252,0,9110,1,1.0276216999918688
5,4,,2026-07-30T17:12:03.066987,104912,8172,4980,8172,638,8172,46,8172,2,8172,2,9283,2,1.0274443999805953
5,4,,2026-07-30T17:12:04.096945,104990,8132,4986,8132,669,8132,44,8132,0,8132,1,9234,5,1.0295408999954816
5,4,,2026-07-30T17:12:05.125750,105316,8405,5046,8405,688,8405,41,8405,1,8405,1,9331,3,1.028386199992383
5,4,,2026-07-30T17:12:06.155397,104072,8240,5053,8240,664,8240,57,8240,2,8240,0,9084,3,1.0292248000041582
5,4,,2026-07-30T17:12:07.184173,104673,8417,5073,8417,675,8417,50,8417,3,8417,1,9088,1,1.0282929000095464
5,4,,2026-07-30T17:12:08.213696,104798,8367,5049,8367,659,8367,48,8367,1,8367,0,9099,1,1.0291277000214905
5,4,,2026-07-30T17:12:09.242324,105206,8375,5086,8375,644,8375,43,8375,1,8375,2,9110,4,1.0282748999889009
5,4,,2026-07-30T17:12:10.270392,105047,8193,4884,8193,673,8193,45,8193,2,8193,0,9209,4,1.027695600001607
5,4,,2026-07-30T17:12:11.300501,104450,8290,4986,8290,677,8290,51,8290,2,8290,4,8993,5,1.0296646999777295
5,4,,2026-07-30T17:12:12.330180,104349,8216,5037,8216,677,8216,47,8216,1,8216,1,9058,1,1.0293155999970622
5,4,,2026-07-30T17:12:13.359174,104896,8163,4936,8163,612,8163,72,8163,1,8163,1,9129,1,1.028625800012378
5,4,,2026-07-30T17:12:14.389209,104523,8328,5063,8328,639,8328,55,8328,2,8328,3,9177,4,1.029606900003273
5,4,,2026-07-30T17:12:15.418491,105065,8274,4926,8274,674,8274,56,8274,1,8274,0,9090,0,1.0289725000038743
5,4,,2026-07-30T17:12:16.448232,104798,8381,5062,8381,673,8381,48,8381,0,8381,1,9019,0,1.0291880999866407
5,4,,2026-07-30T17:12:17.478354,104998,8273,5035,8273,648,8273,43,8273,2,8273,2,9166,1,1.029632899997523
5,4,,2026-07-30T17:12:18.507528,104888,8277,4934,8277,697,8277,51,8277,2,8277,1,9193,1,1.0288073999981862
5,4,,2026-07-30T17:12:19.535426,104770,8234,4969,8234,682,8234,46,8234,1,8234,3,8917,3,1.0276714999927208
5,4,,2026-07-30T17:12:20.564082,105062,8276,4999,8276,712,8276,46,8276,1,8276,0,9055,1,1.0284082000143826
5,4,,2026-07-30T17:12:21.593375,104737,8288,5012,8288,665,8288,49,8288,1,8288,2,9225,3,1.0289151000033598
5,4,,2026-07-30T17:12:22.624387,105093,8402,5083,8402,680,8402,55,8402,1,8402,0,9238,2,1.0304746000037994
5,4,,2026-07-30T17:12:23.654118,105208,8326,5076,8326,657,8326,40,8326,2,8326,2,9200,2,1.0292164999991655
5,4,,2026-07-30T17:12:24.681885,105032,8330,5085,8330,645,8330,45,8330,7,8330,4,9089,5,1.0275181000179145
5,4,,2026-07-30T17:12:25.710097,104622,8314,5006,8314,647,8314,44,8314,1,8314,1,9255,4,1.0279001999879256
5,4,,2026-07-30T17:12:26.738447,104857,8417,5167,8417,645,8417,41,8417,3,8417,2,9166,1,1.0279735999938566
5,4,,2026-07-30T17:12:27.768502,104657,8473,5095,8473,718,8473,35,8473,4,8473,2,9217,3,1.0296068000025116
5,4,,2026-07-30T17:12:28.797480,104984,8212,4982,8212,649,8212,51,8212,2,8212,2,9349,3,1.0285163999942597
5,4,,2026-07-30T17:12:29.827077,105465,8288,4982,8288,717,8288,50,8288,3,8288,4,9091,2,1.029230699990876
5,4,,2026-07-30T17:12:30.855702,104507,8265,4979,8265,674,8265,52,8265,1,8265,2,9131,1,1.0282817000115756
5,4,,2026-07-30T17:12:31.885953,105007,8323,4987,8323,658,8323,57,8323,2,8323,0,9211,5,1.0298914999875706
5,4,,2026-07-30T17:12:32.915325,105089,8382,5061,8382,683,8382,54,8382,3,8382,1,9095,3,1.0291299000091385
5,4,,2026-07-30T17:12:33.945285,104764,8363,5122,8363,648,8363,43,8363,0,8363,2,9036,3,1.0294846999750007
5,4,,2026-07-30T17:12:34.974837,104891,8332,5105,8332,637,8332,56,8332,3,8332,5,9246,5,1.0290146000043023
5,4,,2026-07-30T17:12:36.004085,104776,8383,5119,8383,661,8383,60,8383,1,8383,2,9061,4,1.0286190000188071
5,4,,2026-07-30T17:12:37.032707,104550,8120,4895,8120,638,8120,51,8120,7,8120,0,9276,6,1.0283471000147983
5,4,,2026-07-30T17:12:38.061766,105732,8325,5042,8325,675,8325,39,8325,2,8325,2,9251,1,1.0286577999941073
5,4,,2026-07-30T17:12:39.090876,104521,8113,4972,8113,639,8113,59,8113,1,8113,2,9017,4,1.0287131999793928
5,4,,2026-07-30T17:12:40.120604,104442,8235,5015,8235,647,8235,46,8235,4,8235,1,9123,2,1.0293770999996923
5,4,,2026-07-30T17:12:41.149049,104618,8363,5059,8363,661,8363,63,8363,0,8363,0,9224,1,1.0280770000244956
5,4,,2026-07-30T17:12:42.177873,105227,8310,4985,8310,606,8310,61,8310,2,8310,3,9177,3,1.0285311000188813
5,4,,2026-07-30T17:12:43.208395,104848,8186,4928,8186,674,8186,59,8186,3,8186,2,9297,6,1.0301459000038449
5,4,,2026-07-30T17:12:44.237410,105121,8248,5001,8248,680,8248,51,8248,1,8248,2,9183,2,1.0285074999846984
5,4,,2026-07-30T17:12:45.267620,105083,8281,5017,8281,629,8281,44,8281,1,8281,2,9066,1,1.0298327000054996
5,4,,2026-07-30T17:12:46.296555,105452,8241,4964,8241,692,8241,51,8241,0,8241,2,9364,1,1.0284206999931484
5,4,,2026-07-30T17:12:47.326175,104877,8377,5175,8377,693,8377,51,8377,5,8377,1,9184,0,1.0292595000064466
5,4,,2026-07-30T17:12:48.353981,104515,8360,5034,8360,696,8360,65,8360,2,8360,0,9196,3,1.0274921999953222
5,4,,2026-07-30T17:12:49.382094,104995,8226,5043,8226,603,8226,43,8226,1,8226,0,9365,0,1.0277558999950998
5,4,,2026-07-30T17:12:50.411907,104604,8323,5002,8323,687,8323,51,8323,4,8323,0,9054,6,1.0294312000041828
5,4,,2026-07-30T17:12:51.442803,104433,8361,5052,8361,682,8361,62,8361,2,8361,2,9064,3,1.0305297000159044
5,4,,2026-07-30T17:12:52.471679,105185,8254,4996,8254,661,8254,43,8254,1,8254,4,9314,3,1.0283300000010058
5,4,,2026-07-30T17:12:53.499382,104867,8364,5112,8364,665,8364,52,8364,2,8364,0,8984,1,1.027372699987609
5,4,,2026-07-30T17:12:54.528372,104685,8148,4935,8148,663,8148,44,8148,1,8148,1,9227,0,1.0286304999899585
5,4,,2026-07-30T17:12:55.556780,104695,8396,5133,8396,647,8396,60,8396,3,8396,0,9282,1,1.0280662000004668
5,4,,2026-07-30T17:12:56.587033,104882,8375,5109,8375,656,8375,50,8375,3,8375,3,9306,1,1.0298640000110026
5,4,,2026-07-30T17:12:57.617305,105117,8265,5053,8265,665,8265,44,8265,3,8265,3,9174,3,1.0298228999890853
5,4,,2026-07-30T17:12:58.645279,105174,8278,5091,8278,642,8278,47,8278,2,8278,1,9173,0,1.0276084000070114
5,4,,2026-07-30T17:12:59.674181,104513,8109,4876,8109,630,8109,51,8109,2,8109,1,9096,3,1.0285969999968074
5,4,,2026-07-30T17:13:00.702229,104538,8298,5067,8298,612,8298,54,8298,1,8298,3,9139,5,1.0277544999844395
5,4,,2026-07-30T17:13:01.733322,105540,8328,5118,8328,644,8328,35,8328,1,8328,2,9238,7,1.0307074000011198
5,4,,2026-07-30T17:13:02.760582,104631,8331,5097,8331,658,8331,37,8331,1,8331,0,9235,4,1.026968799997121
5,4,,2026-07-30T17:13:03.787629,104330,8345,5038,8345,648,8345,50,8345,1,8345,1,9088,6,1.0267952999856789
5,4,,2026-07-30T17:13:04.815788,105335,8461,5124,8461,691,8461,66,8461,3,8461,3,9188,2,1.0280021000071429
5,4,,2026-07-30T17:13:05.845506,104603,8222,5059,8222,629,8222,55,8222,3,8222,2,9110,4,1.0292906000104267
5,4,,2026-07-30T17:13:06.874496,105069,8336,5010,8336,679,8336,41,8336,6,8336,3,9144,8,1.0285830000066198
5,4,,2026-07-30T17:13:07.904216,104702,8205,5004,8205,604,8205,46,8205,3,8205,0,9136,3,1.0293624999758322
5,4,,2026-07-30T17:13:08.932801,104868,8327,4979,8327,660,8327,52,8327,3,8327,1,9054,3,1.0281411999894772
5,4,,2026-07-30T17:13:09.960758,104589,8217,4925,8217,649,8217,59,8217,2,8217,0,9088,1,1.027616199979093
5,4,,2026-07-30T17:13:10.988686,104901,8341,4962,8341,697,8341,57,8341,2,8341,1,9252,5,1.0275619000021834
5,4,,2026-07-30T17:13:12.016010,104594,8279,5087,8279,649,8279,49,8279,3,8279,2,9199,0,1.0269488999911118
5,4,,2026-07-30T17:13:13.053152,105468,8412,5126,8412,695,8412,51,8412,1,8412,1,9237,2,1.0368664999841712
5,4,,2026-07-30T17:13:14.080659,104670,8342,5020,8342,682,8342,47,8342,1,8342,2,9062,3,1.0273836999840569
5,4,,2026-07-30T17:13:15.109354,104177,8394,5078,8394,676,8394,50,8394,2,8394,1,9088,2,1.028269199974602
5,4,,2026-07-30T17:13:16.138310,105038,8409,5127,8409,641,8409,57,8409,3,8409,7,9276,4,1.0284756000037305
5,4,,2026-07-30T17:13:17.167010,105113,8345,5059,8345,696,8345,55,8345,3,8345,1,9278,4,1.028447300021071
5,4,,2026-07-30T17:13:18.194965,104856,8295,5088,8295,615,8295,48,8295,1,8295,0,9245,4,1.0275394000054803
5,4,,2026-07-30T17:13:19.223498,104759,8349,5051,8349,672,8349,53,8349,1,8349,2,9245,1,1.0282468000077643
5,4,,2026-07-30T17:13:20.252581,105025,8384,4983,8384,724,8384,45,8384,0,8384,2,9499,1,1.0287824999832083
5,4,,2026-07-30T17:13:21.280658,105344,8501,5092,8501,731,8501,62,8501,1,8501,1,9189,0,1.0276834999967832
5,4,,2026-07-30T17:13:22.310465,105307,8331,5069,8331,602,8331,56,8331,3,8331,1,9147,4,1.0294671999872662
5,4,,2026-07-30T17:13:23.339121,105448,8298,5020,8298,653,8298,60,8298,2,8298,6,9209,3,1.0283154000062495
5,4,,2026-07-30T17:13:24.367640,104530,8182,4967,8182,671,8182,42,8182,2,8182,0,9252,6,1.0281820000091102
5,4,,2026-07-30T17:13:25.396770,104953,8287,5038,8287,704,8287,61,8287,2,8287,2,9166,2,1.0287241000041831
5,4,,2026-07-30T17:13:26.425342,104794,8491,5140,8491,665,8491,59,8491,0,8491,3,9066,1,1.0281560999865178
5,4,,2026-07-30T17:13:27.454342,105583,8475,5131,8475,732,8475,44,8475,0,8475,4,9251,2,1.028593600000022
5,4,,2026-07-30T17:13:28.482829,104521,8291,5054,8291,636,8291,44,8291,1,8291,0,9141,3,1.027990199974738
5,4,,2026-07-30T17:13:29.511693,104761,8370,5147,8370,675,8370,55,8370,2,8370,2,9232,4,1.0285583999939263
5,4,,2026-07-30T17:13:30.539555,105041,8300,5028,8300,668,8300,56,8300,3,8300,1,9041,5,1.0274376000161283
5,4,,2026-07-30T17:13:31.568637,104982,8321,5072,8321,660,8321,44,8322,2,8322,3,9191,2,1.0286942000093404
5,4,,2026-07-30T17:13:32.597645,104675,8397,5054,8397,670,8397,51,8396,2,8396,0,9004,1,1.028642299992498
5,4,,2026-07-30T17:13:33.625689,104586,8397,5148,8397,639,8397,33,8397,0,8397,1,9178,1,1.0276554000156466
5,4,,2026-07-30T17:13:34.654826,104993,8373,5062,8373,654,8373,55,8373,4,8373,3,9303,5,1.028872399998363
5,4,,2026-07-30T17:13:35.685136,105377,8483,5180,8483,687,8483,56,8483,2,8483,2,9252,4,1.0297613999864552
5,4,,2026-07-30T17:13:36.714030,105446,8484,5129,8484,665,8484,46,8484,3,8484,2,9294,0,1.0284384000115097
5,4,,2026-07-30T17:13:37.742078,104272,8404,5062,8404,660,8404,57,8404,1,8404,1,9190,1,1.0276670000166632
5,4,,2026-07-30T17:13:38.771282,105238,8455,5129,8455,636,8455,57,8455,1,8455,2,9249,1,1.0287910999904852
5,4,,2026-07-30T17:13:39.801382,105039,8297,4999,8297,619,8297,50,8297,2,8297,3,9211,4,1.0296500000113156
5,4,,2026-07-30T17:13:40.831128,105261,8404,4973,8404,669,8404,51,8404,3,8404,3,9208,3,1.029291100014234
5,4,,2026-07-30T17:13:41.860268,104877,8326,5094,8326,644,8326,52,8326,0,8326,2,9088,2,1.028740999987349
5,4,,2026-07-30T17:13:42.888853,105485,8369,5192,8369,633,8369,51,8369,1,8369,1,9287,2,1.028183699992951
5,4,,2026-07-30T17:13:43.916235,105322,8302,5042,8302,682,8302,47,8302,2,8302,1,9227,3,1.0270813999813981
5,4,,2026-07-30T17:13:44.944119,105103,8431,5139,8431,656,8431,40,8431,5,8431,3,9133,1,1.0275534000247717
5,4,,2026-07-30T17:13:45.972533,104508,8328,5094,8328,645,8328,49,8328,4,8328,1,9209,2,1.0280788999807555
5,4,,2026-07-30T17:13:47.000839,104636,8264,5030,8264,677,8264,49,8264,4,8264,1,9113,4,1.0279602000082377
5,4,,2026-07-30T17:13:48.031713,105186,8285,5051,8285,633,8285,55,8285,2,8285,1,9316,2,1.0304229999892414
5,4,,2026-07-30T17:13:49.061497,104635,8220,4966,8220,667,8220,52,8220,1,8220,0,9088,3,1.0293617999996059
5,4,,2026-07-30T17:13:50.091167,104453,8330,4968,8330,666,8330,49,8330,1,8330,1,9230,3,1.0292118999932427
5,4,,2026-07-30T17:13:51.121570,105548,8462,5140,8462,630,8462,50,8462,2,8462,2,9129,4,1.02982019999763
5,4,,2026-07-30T17:13:52.150883,105143,8277,5024,8277,684,8277,47,8277,1,8277,1,9302,4,1.0289396999869496
5,4,,2026-07-30T17:13:53.178271,104611,8292,5033,8292,684,8292,46,8292,2,8292,3,9016,1,1.0269642999919597
5,4,,2026-07-30T17:13:54.205503,105005,8357,5062,8357,644,8357,54,8357,2,8357,0,9315,2,1.0269496999972034
5,4,,2026-07-30T17:13:55.233779,104925,8426,5083,8426,702,8426,49,8426,3,8426,0,9210,2,1.0278911000059452
5,4,,2026-07-30T17:13:56.262998,104847,8281,4985,8281,667,8281,45,8281,4,8281,2,9233,1,1.028845699998783
5,5,,2026-07-30T17:14:08.612464,104956,8176,4852,8176,675,8176,48,8176,5,8176,5,9189,1,1.0272839000099339
5,5,,2026-07-30T17:14:09.641839,105317,8142,4850,8142,695,8142,81,8142,3,8142,1,9173,1,1.029073999990942
5,5,,2026-07-30T17:14:10.671389,104971,8266,4918,8266,711,8266,63,8266,0,8266,1,9202,2,1.0292290000070352
5,5,,2026-07-30T17:14:11.701189,105807,8343,5024,8343,714,8343,76,8343,3,8343,0,8997,0,1.0293780000065453
5,5,,2026-07-30T17:14:12.730666,105022,8089,4854,8089,734,8089,71,8089,1,8089,2,9224,2,1.0291242999956012
5,5,,2026-07-30T17:14:13.760224,105017,8029,4768,8029,680,8029,75,8029,3,8029,0,9156,2,1.0291736999934074
5,5,,2026-07-30T17:14:14.789245,105156,8206,4849,8206,667,8206,72,8206,0,8206,1,9103,1,1.0284981000004336
5,5,,2026-07-30T17:14:15.817422,104702,8012,4726,8012,717,8012,69,8012,3,8012,1,9124,1,1.0278134999971371
5,5,,2026-07-30T17:14:16.847079,104895,8203,4896,8203,692,8203,53,8203,5,8203,0,9052,2,1.0292247999750543
5,5,,2026-07-30T17:14:17.876797,105609,8099,4862,8099,661,8099,83,8099,3,8099,3,9117,1,1.0293489999894518
5,5,,2026-07-30T17:14:18.908774,105326,8143,4888,8143,659,8143,58,8143,1,8143,2,9323,2,1.031720500002848
5,5,,2026-07-30T17:14:19.938584,105334,8204,4896,8204,698,8204,74,8204,4,8204,1,9265,3,1.02935629998683
5,5,,2026-07-30T17:14:20.969151,105379,8179,4788,8179,711,8179,69,8179,5,8179,4,9280,2,1.0300380999979097
5,5,,2026-07-30T17:14:21.998069,105088,8196,4879,8196,740,8196,62,8196,3,8196,2,9007,2,1.028487599978689
5,5,,2026-07-30T17:14:23.027633,104803,8034,4792,8034,718,8034,64,8034,7,8034,1,9059,2,1.029138999991119
5,5,,2026-07-30T17:14:24.056335,104989,8161,4831,8161,728,8161,62,8161,6,8161,0,9203,2,1.0283385000075214
5,5,,2026-07-30T17:14:25.085670,105325,8031,4739,8031,675,8031,77,8031,2,8031,0,9261,1,1.0289811000111513
5,5,,2026-07-30T17:14:26.115411,104836,8103,4765,8103,712,8103,69,8103,4,8103,0,9228,4,1.0292740000004414
5,5,,2026-07-30T17:14:27.145151,104945,8042,4870,8042,656,8042,71,8042,5,8042,1,9089,2,1.0294481000164524
5,5,,2026-07-30T17:14:28.175089,104989,8200,4874,8200,692,8200,71,8200,4,8200,1,9178,3,1.0294589000113774
5,5,,2026-07-30T17:14:29.202483,105336,8109,4823,8109,672,8109,75,8109,10,8109,4,9111,2,1.026993500010576
5,5,,2026-07-30T17:14:30.230845,104918,8060,4831,8060,724,8060,65,8060,2,8060,2,9098,1,1.028054800000973
5,5,,2026-07-30T17:14:31.258965,104709,8177,4839,8177,715,8177,72,8177,2,8177,2,9251,3,1.0279150000133086
5,5,,2026-07-30T17:14:32.287661,105353,8122,4766,8122,702,8122,65,8122,7,8122,1,9336,0,1.0282646999985445
5,5,,2026-07-30T17:14:33.315067,105109,8188,4894,8188,690,8188,67,8188,5,8188,1,9219,1,1.027093699987745
5,5,,2026-07-30T17:14:34.345020,104721,7946,4808,7946,654,7946,55,7946,1,7946,3,9168,0,1.0296222000033595
5,5,,2026-07-30T17:14:35.374206,105527,8175,4931,8175,685,8175,71,8175,3,8175,3,9354,1,1.0287500999984331
5,5,,2026-07-30T17:14:36.404245,105541,8158,4752,8158,743,8158,66,8158,4,8158,0,9175,5,1.0296529000042938
5,5,,2026-07-30T17:14:37.433536,105051,8101,4778,8101,724,8101,71,8101,3,8101,1,9198,1,1.028780699998606
5,5,,2026-07-30T17:14:38.463226,104879,8220,4866,8220,690,8220,74,8220,6,8220,2,9242,1,1.0292843999923207
5,5,,2026-07-30T17:14:39.490867,105636,8087,4789,8087,654,8087,58,8087,2,8087,3,9159,2,1.0272683999792207
5,5,,2026-07-30T17:14:40.519464,105514,8248,4879,8248,730,8248,71,8248,5,8248,4,8977,4,1.0282390000065789
5,5,,2026-07-30T17:14:41.548263,105248,7933,4669,7933,722,7933,65,7933,3,7933,3,9025,1,1.0284187000070233
5,5,,2026-07-30T17:14:42.577570,104838,8141,4830,8141,664,8141,81,8141,6,8141,3,9077,1,1.0287691999983508
5,5,,2026-07-30T17:14:43.607166,105189,8153,4877,8153,673,8153,66,8153,4,8153,2,9281,2,1.0291033999819774
5,5,,2026-07-30T17:14:44.635971,104580,8190,4928,8190,716,8190,58,8190,7,8190,1,9272,1,1.0284383999824058
5,5,,2026-07-30T17:14:45.696290,108550,8430,4953,8430,741,8430,65,8430,0,8430,3,9368,3,1.0598526999820024
5,5,,2026-07-30T17:14:46.724390,105546,8037,4844,8037,679,8037,82,8037,3,8037,2,9278,1,1.027644899993902
5,5,,2026-07-30T17:14:47.753333,105139,8112,4880,8112,705,8112,59,8112,7,8112,2,9195,2,1.0285370000055991
5,5,,2026-07-30T17:14:48.783261,105157,8109,4895,8109,681,8109,55,8109,5,8109,1,9202,1,1.0294155000010505
5,5,,2026-07-30T17:14:49.812948,105272,8156,4832,8156,723,8156,75,8156,5,8156,0,9076,1,1.0292730999935884
5,5,,2026-07-30T17:14:50.840906,105143,8060,4835,8060,713,8060,65,8060,3,8060,0,9124,2,1.0275714000163134
5,5,,2026-07-30T17:14:51.868923,105111,8202,4901,8202,684,8202,96,8203,9,8203,3,9114,1,1.027661400003126
5,5,,2026-07-30T17:14:52.897423,105049,8222,4810,8222,711,8222,82,8221,3,8221,0,9076,2,1.0282319000107236
5,5,,2026-07-30T17:14:53.926748,104868,7924,4733,7924,667,7924,72,7924,3,7924,1,9177,5,1.028916900017066
5,5,,2026-07-30T17:14:54.956907,104999,7917,4708,7917,649,7917,56,7917,6,7917,1,9302,3,1.0297225999820512
5,5,,2026-07-30T17:14:55.985859,105187,8333,4982,8333,698,8333,70,8333,6,8333,1,9250,0,1.028406299999915
5,5,,2026-07-30T17:14:57.013995,104751,8116,4849,8116,694,8116,85,8116,4,8116,2,9034,2,1.0279084000212606
5,5,,2026-07-30T17:14:58.042815,105568,8106,4819,8106,680,8106,68,8106,6,8106,1,9147,2,1.0284152000094764
5,5,,2026-07-30T17:14:59.072623,104637,8087,4875,8087,649,8087,65,8087,7,8087,3,9270,1,1.0294068999937735
5,5,,2026-07-30T17:15:00.100491,104372,8066,4650,8066,685,8066,71,8066,6,8066,2,9164,4,1.0273675999778789
5,5,,2026-07-30T17:15:01.129674,104726,8109,4809,8109,727,8109,67,8109,11,8109,1,9234,2,1.0288739000097848
5,5,,2026-07-30T17:15:02.158850,105163,8138,4791,8138,678,8138,63,8138,2,8138,1,9215,0,1.0288289000163786
5,5,,2026-07-30T17:15:03.187423,104706,8073,4722,8073,671,8073,86,8073,6,8073,2,9032,2,1.0282036999997217
5,5,,2026-07-30T17:15:04.216343,104691,8103,4833,8103,715,8103,69,8103,6,8103,1,9045,0,1.0285750000039116
5,5,,2026-07-30T17:15:05.244709,105192,8122,4894,8122,678,8122,46,8122,3,8122,4,9115,2,1.0279495000140741
5,5,,2026-07-30T17:15:06.274269,104487,8083,4704,8083,706,8083,71,8083,6,8083,2,9357,1,1.0292547999997623
5,5,,2026-07-30T17:15:07.303913,105060,8059,4789,8059,729,8059,70,8059,3,8059,3,9241,2,1.0291564000071958
5,5,,2026-07-30T17:15:08.332556,104987,8111,4781,8111,695,8111,62,8112,1,8112,1,9326,0,1.0282927000080235
5,5,,2026-07-30T17:15:09.361423,105294,8116,4798,8116,733,8116,74,8115,5,8115,3,9442,1,1.0284477999957744
5,5,,2026-07-30T17:15:10.389432,104719,8072,4809,8072,714,8072,65,8072,3,8072,3,9204,2,1.0274888999992982
5,5,,2026-07-30T17:15:11.418851,104765,8183,4887,8183,706,8183,55,8183,2,8183,0,9110,4,1.0290896999940742
5,5,,2026-07-30T17:15:12.447412,105161,8084,4830,8084,687,8084,50,8084,3,8084,0,9096,1,1.0281527000188362
5,5,,2026-07-30T17:15:13.475034,104544,7923,4664,7923,688,7923,71,7923,5,7923,2,9079,3,1.0271684999752324
5,5,,2026-07-30T17:15:14.502101,104924,8120,4880,8120,706,8120,72,8120,5,8120,4,9014,2,1.0263377999945078
5,5,,2026-07-30T17:15:15.530644,104660,7879,4705,7879,671,7879,60,7879,2,7879,2,9140,0,1.0283860000199638
5,5,,2026-07-30T17:15:16.560539,104939,8195,4885,8195,733,8195,82,8195,2,8195,0,9173,1,1.0295325000188313
5,5,,2026-07-30T17:15:17.590609,105404,8215,4834,8215,750,8215,64,8215,3,8215,2,9124,2,1.0295659999828786
5,5,,2026-07-30T17:15:18.620496,105237,8172,4880,8172,715,8172,69,8172,5,8172,2,9369,1,1.029467599990312
5,5,,2026-07-30T17:15:19.648112,104767,8146,4893,8146,721,8146,74,8146,1,8146,0,9289,1,1.02726740000071
5,5,,2026-07-30T17:15:20.676219,105172,8181,4915,8181,696,8181,63,8181,5,8181,1,9190,1,1.027810400002636
5,5,,2026-07-30T17:15:21.706048,104741,8064,4738,8064,669,8064,72,8064,5,8064,2,9150,1,1.0294348999741487
5,5,,2026-07-30T17:15:22.735244,104966,8178,4891,8178,706,8178,65,8178,9,8178,2,9218,1,1.028758900007233
5,5,,2026-07-30T17:15:23.765585,104884,8177,4808,8177,729,8177,60,8177,6,8177,4,9146,4,1.0298506999970414
5,5,,2026-07-30T17:15:24.794291,105069,8188,4843,8188,720,8188,67,8188,3,8188,1,9245,2,1.0284265000082087
5,5,,2026-07-30T17:15:25.823323,105083,8151,4856,8151,719,8151,68,8151,4,8151,2,9120,5,1.0286624000000302
5,5,,2026-07-30T17:15:26.852502,105621,8270,4905,8270,721,8270,88,8270,6,8270,0,9351,3,1.0288052999821957
5,5,,2026-07-30T17:15:27.881248,105200,8116,4828,8116,668,8116,66,8116,1,8116,0,9271,0,1.0283016000175849
5,5,,2026-07-30T17:15:28.910375,104880,8236,4982,8236,706,8236,66,8236,3,8236,1,9155,2,1.0287582000019029
5,5,,2026-07-30T17:15:29.938290,104896,8001,4755,8001,674,8001,59,8001,0,8001,1,9251,1,1.0275669999828096
5,5,,2026-07-30T17:15:30.967566,105349,8190,4907,8190,705,8190,74,8190,3,8190,0,9150,1,1.028852999996161
5,5,,2026-07-30T17:15:31.996003,104868,7985,4798,7985,645,7985,57,7985,5,7985,1,9085,2,1.028091799991671
5,5,,2026-07-30T17:15:33.022990,104825,8177,4828,8177,749,8177,65,8177,5,8177,1,9196,1,1.0266525000042748
5,5,,2026-07-30T17:15:34.049994,105044,8006,4804,8006,667,8006,73,8006,5,8006,3,9196,4,1.0266600000031758
5,5,,2026-07-30T17:15:35.078660,104422,8033,4728,8033,704,8033,75,8033,5,8033,2,9018,0,1.0282529000251088
5,5,,2026-07-30T17:15:36.106700,106001,8147,4841,8147,671,8147,69,8147,3,8147,1,9329,2,1.0277107000001706
5,5,,2026-07-30T17:15:37.137092,105033,8191,4877,8191,690,8191,71,8191,14,8191,1,9058,0,1.0300415999954566
5,5,,2026-07-30T17:15:38.165986,104785,8059,4791,8059,667,8059,75,8059,6,8059,2,9130,1,1.028406500001438
5,5,,2026-07-30T17:15:39.193893,105349,8085,4804,8085,722,8085,72,8085,6,8085,0,9312,3,1.027486900013173
5,5,,2026-07-30T17:15:40.221776,104470,8170,4909,8170,648,8170,69,8170,3,8170,2,9068,1,1.0274790000112262
5,5,,2026-07-30T17:15:41.251180,105344,8101,4831,8101,663,8101,86,8101,7,8101,0,9424,1,1.0290890999895055
5,5,,2026-07-30T17:15:42.280664,105584,8281,4865,8281,705,8281,80,8281,5,8281,0,9224,4,1.0290999000135344
5,5,,2026-07-30T17:15:43.309429,104648,8079,4815,8079,670,8079,77,8079,5,8079,3,9349,1,1.0284394999907818
5,5,,2026-07-30T17:15:44.338833,105402,7998,4768,7998,730,7998,73,7998,6,7998,1,9322,2,1.0289982999966014
5,5,,2026-07-30T17:15:45.368022,105366,8173,4800,8173,729,8173,87,8173,7,8173,3,9219,1,1.0287662000046112
5,5,,2026-07-30T17:15:46.396327,105032,8194,4931,8194,713,8194,69,8194,6,8194,3,9309,2,1.0278760000073817
5,5,,2026-07-30T17:15:47.425257,104981,8125,4859,8125,695,8125,61,8125,6,8125,2,9022,4,1.0285141999775078
5,5,,2026-07-30T17:15:48.453444,105378,8217,4915,8217,650,8217,77,8217,3,8217,4,9254,1,1.02776170001016
5,5,,2026-07-30T17:15:49.481161,105186,8302,4983,8302,734,8302,70,8302,3,8302,2,9279,2,1.027363899978809
5,5,,2026-07-30T17:15:50.509303,105471,8237,4867,8237,707,8237,62,8237,5,8237,2,9233,2,1.027829099999508
5,5,,2026-07-30T17:15:51.538790,105372,8251,4904,8251,652,8251,76,8251,9,8251,2,9159,1,1.02911169998697
5,5,,2026-07-30T17:15:52.566524,105801,8203,4883,8203,704,8203,69,8203,1,8203,1,9083,3,1.027309500001138
5,5,,2026-07-30T17:15:53.596119,104815,8225,4922,8225,696,8225,60,8225,6,8225,0,9180,4,1.029264900018461
5,5,,2026-07-30T17:15:54.625690,105845,8094,4795,8094,722,8094,63,8094,4,8094,3,9234,4,1.029139899997972
5,5,,2026-07-30T17:15:55.653587,105034,7969,4755,7969,653,7969,63,7969,2,7969,2,9115,3,1.027516200003447
5,5,,2026-07-30T17:15:56.681757,104896,7936,4675,7936,663,7936,69,7936,5,7936,1,9240,2,1.0278563000028953
5,5,,2026-07-30T17:15:57.711866,105304,8118,4886,8118,694,8118,65,8118,2,8118,1,9225,2,1.0296793000015896
5,5,,2026-07-30T17:15:58.742485,104737,8075,4793,8075,684,8075,71,8075,3,8075,3,9230,1,1.0301129999861587
5,5,,2026-07-30T17:15:59.772850,105620,8161,4836,8161,680,8161,64,8161,8,8161,1,9228,3,1.0299430000013672
5,5,,2026-07-30T17:16:00.802155,105454,8264,4939,8264,721,8264,78,8264,3,8264,3,9192,1,1.02888100000564
5,5,,2026-07-30T17:16:01.830666,105741,8230,4845,8230,695,8230,80,8230,5,8230,1,9159,2,1.028113599983044
5,5,,2026-07-30T17:16:02.861648,104549,7995,4686,7995,673,7995,68,7995,3,7995,0,9339,2,1.030536199978087
5,5,,2026-07-30T17:16:03.891680,105073,8189,4896,8189,701,8189,58,8189,9,8189,1,9085,0,1.029609099990921
5,5,,2026-07-30T17:16:04.920656,105707,8139,4899,8139,715,8139,76,8139,7,8139,5,9062,4,1.0285398999985773
5,5,,2026-07-30T17:16:05.948167,105638,8337,4990,8337,696,8337,78,8337,8,8337,1,9155,3,1.0270034999994095
5,5,,2026-07-30T17:16:06.975891,104872,8139,4838,8139,678,8139,79,8139,3,8139,1,9099,1,1.0273686000145972
5,5,,2026-07-30T17:16:08.004185,104866,8124,4874,8124,677,8124,62,8124,7,8124,0,9129,1,1.0275629000097979
5,5,,2026-07-30T17:16:09.032334,105082,8068,4770,8068,720,8068,64,8068,4,8068,1,9337,1,1.0277922000095714
5,5,,2026-07-30T17:16:10.067262,105840,8193,4819,8193,751,8193,86,8193,3,8193,1,9270,1,1.0345636999991257
5,5,,2026-07-30T17:16:11.097189,104908,8325,4935,8325,729,8325,65,8325,2,8325,2,9134,0,1.0296397999918554
5,5,,2026-07-30T17:16:12.127678,105771,8149,4867,8149,716,8149,74,8149,5,8149,1,9237,2,1.030076499999268
5,5,,2026-07-30T17:16:13.156244,105423,8066,4749,8066,687,8066,65,8066,5,8066,3,9240,0,1.0283125000132713
5,5,,2026-07-30T17:16:14.184169,104987,8049,4708,8049,722,8049,59,8049,5,8049,1,9158,4,1.0275683000218123
5,5,,2026-07-30T17:16:15.214727,105043,8065,4779,8065,717,8065,58,8065,9,8065,1,9303,4,1.0301742999872658
5,5,,2026-07-30T17:16:16.245283,105029,8244,4940,8244,705,8244,72,8244,5,8244,2,9277,1,1.0300102999899536
5,5,,2026-07-30T17:16:17.273251,105126,8351,4898,8351,731,8351,79,8351,2,8351,2,9015,2,1.0275851000042167
5,5,,2026-07-30T17:16:18.301960,104903,8149,4889,8149,709,8149,67,8149,2,8149,2,9202,4,1.028172700025607
5,5,,2026-07-30T17:16:19.331512,105299,8136,4790,8136,651,8136,84,8136,5,8136,0,9215,3,1.029296799999429
5,5,,2026-07-30T17:16:20.360827,105566,8220,4950,8220,662,8220,61,8220,3,8220,3,9386,3,1.0289231000060681
5,5,,2026-07-30T17:16:21.389997,104731,8096,4858,8096,654,8096,74,8096,6,8096,2,9047,1,1.0288084000058006
5,5,,2026-07-30T17:16:22.418046,105118,8191,4890,8191,686,8191,77,8191,3,8191,6,9203,1,1.027543300006073
5,5,,2026-07-30T17:16:23.447866,105473,8165,4828,8165,693,8165,77,8165,10,8165,3,9358,2,1.029494100017473
5,5,,2026-07-30T17:16:24.478570,105018,8204,4920,8204,695,8204,63,8204,3,8204,3,9262,0,1.0302770999842323
5,5,,2026-07-30T17:16:25.507047,105568,8026,4762,8026,724,8026,56,8026,6,8026,1,9234,1,1.0280420000199229
5,5,,2026-07-30T17:16:26.535769,105154,8159,4878,8159,692,8159,68,8159,6,8159,0,9100,4,1.0283455000026152
5,5,,2026-07-30T17:16:27.565653,104913,8210,4932,8210,651,8210,60,8210,7,8210,3,9164,1,1.029438500001561
5,5,,2026-07-30T17:16:28.593988,105890,8125,4795,8125,684,8125,72,8125,4,8125,3,9333,3,1.027937099977862
5,5,,2026-07-30T17:16:29.623155,105656,8171,4899,8171,715,8171,70,8171,4,8171,1,9254,1,1.0288239999790676
5,5,,2026-07-30T17:16:30.652324,105432,7962,4802,7962,637,7962,58,7962,4,7962,1,9216,3,1.0288575000013225
5,5,,2026-07-30T17:16:31.682062,104621,8197,4878,8197,724,8197,81,8197,2,8197,2,9083,0,1.0292583999980707
5,5,,2026-07-30T17:16:32.711140,104990,8159,4799,8159,679,8159,76,8159,2,8159,3,9124,2,1.0286081999947783
5,5,,2026-07-30T17:16:33.741491,105097,8062,4820,8062,685,8062,68,8062,2,8062,1,9231,3,1.0299939999822527
5,5,,2026-07-30T17:16:34.769158,104912,8123,4836,8123,702,8123,68,8124,4,8124,3,9156,4,1.0272707999974955
5,5,,2026-07-30T17:16:35.797794,104588,8031,4834,8031,676,8031,68,8030,1,8030,2,9149,1,1.0284010999894235
5,5,,2026-07-30T17:16:36.827132,105327,8185,4987,8185,660,8185,65,8185,3,8185,1,9155,3,1.0288275000057183
5,5,,2026-07-30T17:16:37.858198,104545,8245,4897,8245,699,8245,55,8245,2,8245,2,9155,1,1.030562200001441
5,5,,2026-07-30T17:16:38.885374,105486,8237,4868,8237,689,8237,86,8237,4,8237,2,9229,3,1.026621900004102
5,5,,2026-07-30T17:16:39.914598,105012,8195,4951,8195,686,8195,65,8195,4,8195,0,9295,6,1.0288604999950621
5,5,,2026-07-30T17:16:40.944779,105647,8238,4939,8238,703,8238,58,8238,5,8238,4,9266,2,1.029753700015135
5,5,,2026-07-30T17:16:41.975304,105439,7960,4759,7960,656,7960,53,7960,2,7960,2,9153,1,1.0300367000163533
5,5,,2026-07-30T17:16:43.004260,105532,8128,4822,8128,688,8128,56,8128,3,8128,1,9221,3,1.0286014000012074
5,5,,2026-07-30T17:16:44.033080,105003,8141,4880,8141,643,8141,56,8141,5,8141,0,9271,2,1.0284108000050765
5,5,,2026-07-30T17:16:45.061402,105261,8086,4822,8086,670,8086,66,8086,2,8086,0,9386,1,1.027978099999018
5,5,,2026-07-30T17:16:46.091207,105729,8086,4768,8086,682,8086,76,8086,6,8086,3,9149,1,1.029580900009023
5,5,,2026-07-30T17:16:47.121533,105775,8079,4771,8079,712,8079,69,8079,1,8079,2,9264,1,1.0299213000107557
5,5,,2026-07-30T17:16:48.150655,104930,8125,4872,8125,665,8125,76,8125,2,8125,1,9195,4,1.0286382999911439
5,5,,2026-07-30T17:16:49.180608,105274,8029,4846,8029,686,8029,53,8029,7,8029,3,9304,1,1.0295568000001367
5,5,,2026-07-30T17:16:50.209047,105524,7998,4743,7998,721,7998,72,7998,1,7998,2,9185,1,1.0280686999903992
5,5,,2026-07-30T17:16:51.238191,105242,8259,4909,8259,692,8259,69,8259,2,8259,4,9232,4,1.028813499986427
5,5,,2026-07-30T17:16:52.266387,104850,8094,4823,8094,677,8094,71,8094,5,8094,2,9186,7,1.0276930000109132
5,5,,2026-07-30T17:16:53.294865,105161,8104,4764,8104,693,8104,73,8104,6,8104,4,9116,1,1.0281569999933708
5,5,,2026-07-30T17:16:54.323349,105339,8108,4816,8108,711,8108,61,8108,6,8108,2,9323,3,1.0280294000112917
5,5,,2026-07-30T17:16:55.352372,104915,8080,4746,8080,689,8080,73,8080,2,8080,2,9186,4,1.0286683999875095
5,5,,2026-07-30T17:16:56.382327,105467,8112,4845,8112,689,8112,72,8112,4,8112,3,9405,2,1.0295583000115585
5,5,,2026-07-30T17:16:57.410745,105193,8172,4857,8172,715,8172,60,8172,6,8172,0,9264,0,1.0279818999988493
5,5,,2026-07-30T17:16:58.440819,105155,8262,4914,8262,705,8262,74,8262,5,8262,1,9216,0,1.029721899976721
5,5,,2026-07-30T17:16:59.472643,105005,8287,4952,8287,699,8287,69,8287,6,8287,1,9155,5,1.0313916000013705
5,5,,2026-07-30T17:17:00.500655,105095,8082,4857,8082,695,8082,75,8082,5,8082,0,9097,1,1.0275918999977876
5,5,,2026-07-30T17:17:01.529475,104625,8131,4830,8131,702,8131,61,8131,4,8131,2,9161,0,1.0284544999885838
5,5,,2026-07-30T17:17:02.558518,104910,8056,4771,8056,707,8056,65,8056,4,8056,0,9007,1,1.028747399977874
5,5,,2026-07-30T17:17:03.586061,105318,8196,4886,8196,684,8196,61,8196,7,8196,0,9223,2,1.027073700010078
5,5,,2026-07-30T17:17:04.617048,105170,8156,4842,8156,714,8156,59,8156,1,8156,0,9269,1,1.03064730000915
5,5,,2026-07-30T17:17:05.645968,105317,8136,4797,8136,700,8136,74,8136,5,8136,3,9037,3,1.0284502000140492
5,5,,2026-07-30T17:17:06.672862,105024,8156,4900,8156,714,8156,64,8156,3,8156,1,9255,2,1.026597500022035
5,5,,2026-07-30T17:17:07.701804,105460,8272,4981,8272,665,8272,74,8272,4,8272,3,9299,4,1.0287768999987748
5,5,,2026-07-30T17:17:08.730311,105514,7923,4765,7923,673,7923,67,7923,4,7923,3,9069,3,1.0281871000188403
5,5,,2026-07-30T17:17:09.760516,105730,8090,4795,8090,701,8090,62,8090,5,8090,1,9130,2,1.0298114999895915
5,5,,2026-07-30T17:17:10.790438,105464,8268,5003,8268,650,8268,74,8268,6,8268,0,9311,4,1.0295360999880359
5,5,,2026-07-30T17:17:11.818673,105545,8161,4845,8161,651,8161,79,8161,7,8161,2,8975,2,1.0278281999926548
5,5,,2026-07-30T17:17:12.848102,105990,8265,4864,8265,721,8265,63,8265,3,8265,3,9152,2,1.0289611000043806
5,5,,2026-07-30T17:17:13.877260,105138,8072,4881,8072,757,8072,55,8072,1,8072,2,9181,2,1.0287089000048582
5,5,,2026-07-30T17:17:14.909270,104893,8162,4806,8162,728,8162,74,8162,5,8162,1,9244,2,1.0316301999846473
5,5,,2026-07-30T17:17:15.936589,105222,8191,4862,8191,679,8191,74,8191,2,8191,1,9358,1,1.0269863000139594
5,5,,2026-07-30T17:17:16.966528,105042,8154,4894,8154,673,8154,61,8154,2,8155,2,9274,3,1.0295763999747578
5,5,,2026-07-30T17:17:17.994351,105220,8159,4821,8159,720,8159,74,8159,0,8158,0,9242,2,1.0273952000134159
5,5,,2026-07-30T17:17:19.023803,105127,8057,4701,8057,706,8057,78,8057,8,8057,1,9227,2,1.028975299996091
5,5,,2026-07-30T17:17:20.052886,105771,8240,4898,8240,692,8240,77,8240,6,8240,1,9196,3,1.028256399993552
5,5,,2026-07-30T17:17:21.081001,105113,8184,4903,8184,653,8184,82,8184,3,8184,5,9273,1,1.0277967000147328
5,5,,2026-07-30T17:17:22.108774,104670,7965,4724,7965,674,7965,71,7965,4,7965,2,9066,4,1.0275746999832336
5,5,,2026-07-30T17:17:23.137613,105067,8086,4826,8086,652,8086,75,8086,6,8086,1,9162,2,1.0285150000127032
5,5,,2026-07-30T17:17:24.166573,105529,8057,4849,8057,655,8057,68,8057,5,8057,1,9376,3,1.0285564999794587
5,5,,2026-07-30T17:17:25.193773,105136,7934,4704,7934,693,7934,62,7934,3,7934,1,9070,3,1.0266893999942113
5,5,,2026-07-30T17:17:26.220433,105409,8330,4920,8330,721,8330,63,8330,2,8330,0,9304,4,1.0264371999946889
5,5,,2026-07-30T17:17:27.248610,104791,8132,4871,8132,697,8132,65,8132,7,8132,0,9113,2,1.0269281000073534
5,5,,2026-07-30T17:17:28.276620,105034,8242,4958,8242,702,8242,66,8242,5,8242,3,9252,2,1.0274378999893088
5,5,,2026-07-30T17:17:29.303329,105160,7907,4642,7907,671,7907,59,7907,7,7907,2,9102,1,1.0264069999975618
5,5,,2026-07-30T17:17:30.330935,104782,8205,4791,8205,696,8205,73,8205,6,8205,2,9245,2,1.027445500018075
5,5,,2026-07-30T17:17:31.360555,104743,8202,4978,8202,709,8202,66,8202,5,8202,0,9150,1,1.0292713000089861
5,5,,2026-07-30T17:17:32.394701,106317,8227,4931,8227,747,8227,60,8227,5,8227,0,9213,3,1.0337793999933638
5,5,,2026-07-30T17:17:33.425765,105509,8114,4782,8114,697,8114,63,8114,5,8114,0,9071,1,1.0285680999804754
5,5,,2026-07-30T17:17:34.453318,104776,8227,4881,8227,682,8227,73,8227,5,8227,1,9203,3,1.0272496000106912
5,5,,2026-07-30T17:17:35.483388,105116,8154,4894,8154,727,8154,70,8154,1,8154,1,9204,2,1.0293070999905467
5,5,,2026-07-30T17:17:36.513148,105830,8220,4812,8220,714,8220,64,8220,4,8220,4,9138,3,1.02875800000038
5,5,,2026-07-30T17:17:37.540785,105599,8200,4872,8200,720,8200,69,8200,9,8200,0,9148,1,1.0273355999961495
5,5,,2026-07-30T17:17:38.569088,104540,8157,4755,8157,747,8157,74,8157,0,8157,2,9382,3,1.027961099985987
5,5,,2026-07-30T17:17:39.597519,104577,7968,4703,7968,688,7968,81,7968,3,7968,0,9222,0,1.028250700008357
5,5,,2026-07-30T17:17:40.625258,105271,8190,4835,8190,718,8190,70,8190,5,8190,1,9105,0,1.0274301000172272
5,5,,2026-07-30T17:17:41.653825,104923,8133,4801,8133,712,8133,76,8133,2,8133,4,9086,1,1.0283192000060808
5,5,,2026-07-30T17:17:42.681601,104950,8156,4840,8156,691,8156,68,8156,3,8156,1,9008,1,1.0275373999902513
5,5,,2026-07-30T17:17:43.710465,104606,8015,4793,8015,690,8015,79,8015,6,8015,2,9196,3,1.0284707000246271
5,5,,2026-07-30T17:17:44.739150,104618,8051,4800,8051,683,8051,75,8051,7,8051,0,9252,1,1.0283985999994911
5,5,,2026-07-30T17:17:45.767626,104292,8164,4892,8164,670,8164,67,8164,8,8164,2,9115,1,1.0281018999812659
5,5,,2026-07-30T17:17:46.797462,105638,8047,4826,8047,673,8047,62,8047,8,8047,0,9287,4,1.0294526000216138
5,5,,2026-07-30T17:17:47.826790,104884,8123,4722,8123,738,8123,62,8123,3,8123,0,9303,3,1.0289431999844965
5,5,,2026-07-30T17:17:48.856609,105831,8230,4916,8230,700,8230,71,8230,3,8230,2,9195,4,1.0294330000178888
5,5,,2026-07-30T17:17:49.886505,105088,8045,4763,8045,655,8045,67,8045,4,8045,1,9226,1,1.0294950999959838
5,5,,2026-07-30T17:17:50.916424,104890,8237,4883,8237,691,8237,71,8237,7,8237,1,9355,1,1.029367299983278
5,5,,2026-07-30T17:17:51.943933,105237,8266,4883,8266,674,8266,70,8266,6,8266,2,9252,1,1.0271410000277683
5,5,,2026-07-30T17:17:52.973392,104808,8096,4893,8096,652,8096,83,8096,1,8096,3,9032,0,1.0291638000053354
5,5,,2026-07-30T17:17:54.002819,105148,8101,4773,8101,690,8101,69,8101,1,8101,1,9223,3,1.028848600020865
5,5,,2026-07-30T17:17:55.032116,105187,8136,4857,8136,687,8136,69,8136,2,8136,0,9214,2,1.0288419999997132
5,5,,2026-07-30T17:17:56.062429,104979,8172,4747,8172,693,8172,80,8172,1,8172,0,9124,6,1.02986450001481
5,5,,2026-07-30T17:17:57.091806,104868,8090,4810,8090,670,8090,65,8090,3,8090,1,9183,3,1.029092499986291
5,5,,2026-07-30T17:17:58.121163,105416,8115,4872,8115,678,8115,53,8115,7,8115,1,9281,1,1.0288439000141807
5,5,,2026-07-30T17:17:59.151631,105111,8021,4780,8021,641,8021,69,8021,1,8021,0,8996,2,1.0299796999897808
5,5,,2026-07-30T17:18:00.180587,105595,8029,4752,8029,727,8029,57,8029,0,8029,3,9287,5,1.028549100010423
5,5,,2026-07-30T17:18:01.210918,105233,8156,4874,8156,655,8156,57,8156,1,8156,2,9198,2,1.029967399983434
5,5,,2026-07-30T17:18:02.240311,105152,8160,4880,8160,702,8160,74,8160,5,8160,1,9229,1,1.0289692000078503
5,5,,2026-07-30T17:18:03.269068,105519,7982,4771,7982,647,7982,59,7982,4,7982,0,9290,0,1.0283350000099745
5,5,,2026-07-30T17:18:04.297949,104894,8031,4831,8031,669,8031,62,8031,3,8031,1,9152,5,1.0282485999923665
5,5,,2026-07-30T17:18:05.326849,105445,8162,4807,8162,693,8162,61,8162,6,8162,0,9166,0,1.028483400004916
5,5,,2026-07-30T17:18:06.355796,104443,8112,4691,8112,736,8112,59,8112,3,8112,3,9071,1,1.0285249000007752
5,5,,2026-07-30T17:18:07.382280,104744,8049,4698,8049,688,8049,75,8049,4,8049,2,9267,2,1.0261821000021882
5,5,,2026-07-30T17:18:08.411853,104493,8190,4877,8190,745,8190,76,8190,2,8190,2,9277,1,1.029229799984023
5,5,,2026-07-30T17:18:09.440521,105043,8130,4800,8130,703,8130,73,8130,8,8130,2,9059,3,1.028082100005122
5,5,,2026-07-30T17:18:10.470771,104832,7992,4704,7992,692,7992,72,7992,2,7992,1,9204,2,1.0297538999875542
5,5,,2026-07-30T17:18:11.500842,104717,8028,4720,8028,707,8028,85,8028,4,8028,0,9225,1,1.0295971000159625
5,5,,2026-07-30T17:18:12.530890,105183,8086,4726,8086,711,8086,75,8086,4,8086,0,9368,1,1.0295847999805119
5,5,,2026-07-30T17:18:13.558564,105028,8253,4940,8253,702,8253,65,8253,9,8253,2,9198,1,1.027274199994281
5,5,,2026-07-30T17:18:14.588673,104994,7966,4723,7966,725,7966,49,7966,3,7966,1,9113,0,1.029686900001252
5,5,,2026-07-30T17:18:15.617906,105109,8225,4832,8225,699,8225,60,8225,7,8225,1,9258,2,1.0288524000206962
5,5,,2026-07-30T17:18:16.647291,105021,8123,4854,8123,651,8123,63,8123,4,8123,3,9122,3,1.0290840000088792
5,5,,2026-07-30T17:18:17.677447,105153,8304,4895,8304,734,8304,66,8304,3,8304,1,9202,0,1.0295652999775484
5,5,,2026-07-30T17:18:18.706501,105401,8008,4712,8008,698,8008,79,8008,2,8008,1,9201,2,1.0285797000105958
5,5,,2026-07-30T17:18:19.734843,104696,8169,4794,8169,668,8169,69,8169,6,8169,1,9331,1,1.0280197999964003
5,5,,2026-07-30T17:18:20.762658,104644,8189,4921,8189,722,8189,59,8189,3,8189,2,9081,0,1.0274754999845754
5,5,,2026-07-30T17:18:21.790906,104615,8032,4705,8032,665,8032,61,8032,2,8032,3,9272,0,1.0278927000181284
5,5,,2026-07-30T17:18:22.818288,105280,8150,4956,8150,651,8150,67,8150,3,8150,1,9157,0,1.0269896000099834
5,5,,2026-07-30T17:18:23.845363,104748,8124,4784,8124,709,8124,82,8124,5,8124,1,9193,2,1.0267645999847446
5,5,,2026-07-30T17:18:24.873299,104965,8164,4849,8164,724,8164,63,8164,4,8164,1,9065,1,1.0277552000188734
5,5,,2026-07-30T17:18:25.900817,105614,8161,4862,8161,756,8161,60,8161,1,8161,1,9157,3,1.0271348000096623
5,5,,2026-07-30T17:18:26.929303,104664,8093,4821,8093,713,8093,59,8093,1,8093,2,9272,7,1.028113200009102
5,5,,2026-07-30T17:18:27.957992,105302,8213,4838,8213,684,8213,66,8213,4,8213,2,9112,1,1.0283682000008412
5,5,,2026-07-30T17:18:28.986546,104972,8010,4709,8010,704,8010,71,8010,1,8010,0,9213,0,1.0281734000018332
5,5,,2026-07-30T17:18:30.014022,105051,8132,4840,8132,676,8132,66,8132,3,8132,2,9201,4,1.0272582000179682
5,5,,2026-07-30T17:18:31.041988,104887,8238,4925,8238,712,8238,72,8238,9,8238,1,9175,4,1.0275366999849211
5,5,,2026-07-30T17:18:32.068602,105075,8119,4805,8119,709,8119,73,8119,10,8119,1,9184,2,1.0261387000209652
5,5,,2026-07-30T17:18:33.099194,105180,8174,4924,8174,696,8174,65,8174,4,8174,0,9101,4,1.0303485000040382
5,5,,2026-07-30T17:18:34.129592,105225,8156,4843,8156,723,8156,58,8156,8,8156,4,9355,2,1.029987300018547
5,5,,2026-07-30T17:18:35.159291,104967,8099,4863,8099,685,8099,65,8099,3,8099,2,9420,2,1.0293759000196587
5,5,,2026-07-30T17:18:36.188788,105000,8159,4874,8159,694,8159,78,8159,6,8159,3,9235,3,1.0290922000131104
5,5,,2026-07-30T17:18:37.217758,105365,8050,4813,8050,689,8050,73,8050,2,8050,0,9150,5,1.0285419000138063
5,5,,2026-07-30T17:18:38.247526,104966,7919,4683,7919,724,7919,61,7919,2,7919,3,9160,2,1.029344000009587
5,5,,2026-07-30T17:18:39.275936,104971,8119,4806,8119,730,8119,79,8119,4,8119,2,9086,4,1.02817619999405
5,5,,2026-07-30T17:18:40.305748,105321,8071,4710,8071,727,8071,64,8071,3,8071,1,9202,5,1.029433199990308
5,5,,2026-07-30T17:18:41.334336,105403,8166,4864,8167,739,8167,57,8167,3,8167,0,9166,1,1.0281730999995489
5,5,,2026-07-30T17:18:42.363461,105236,8224,4907,8223,719,8223,70,8223,6,8223,3,9293,3,1.028684399992926
5,5,,2026-07-30T17:18:43.393730,105824,8429,5006,8429,699,8429,64,8429,2,8429,0,9064,2,1.0298965999973007
5,5,,2026-07-30T17:18:44.422432,104525,8191,4908,8191,671,8191,69,8191,4,8191,3,9134,3,1.0281148999929428
5,5,,2026-07-30T17:18:45.451978,105099,8242,5012,8242,683,8242,73,8242,2,8242,3,9224,2,1.0292193999921437
5,5,,2026-07-30T17:18:46.482036,104937,8133,4862,8133,684,8133,62,8133,4,8133,2,9353,0,1.0296834000037052
5,5,,2026-07-30T17:18:47.510127,104985,8110,4887,8110,678,8110,57,8110,4,8110,3,9126,2,1.0276349000050686
5,5,,2026-07-30T17:18:48.539467,104846,8114,4827,8114,755,8114,57,8114,2,8114,0,9177,1,1.0291072000109125
5,5,,2026-07-30T17:18:49.569836,105234,8041,4733,8041,698,8041,77,8041,2,8041,1,9226,0,1.0299376000184566
5,5,,2026-07-30T17:18:50.599964,105295,8220,4959,8220,671,8220,70,8220,4,8220,2,9032,2,1.029752800008282
5,5,,2026-07-30T17:18:51.630242,105246,8114,4815,8114,697,8114,68,8114,6,8114,2,9377,0,1.0299372000154108
5,5,,2026-07-30T17:18:52.660940,104635,8173,4888,8173,699,8173,65,8173,0,8173,3,9043,4,1.0301273000077344
5,5,,2026-07-30T17:18:53.691215,105067,7962,4721,7962,687,7962,56,7962,2,7962,1,9343,1,1.0298444000072777
5,5,,2026-07-30T17:18:54.720568,104671,8059,4767,8059,690,8059,70,8059,4,8060,0,9192,0,1.0286847999959718
5,5,,2026-07-30T17:18:55.751145,104660,8161,4831,8161,723,8161,56,8161,0,8160,2,9114,0,1.0301019999897107
5,5,,2026-07-30T17:18:56.779897,105547,8226,4876,8226,712,8226,47,8226,9,8226,5,9065,3,1.0282952999987174
5,5,,2026-07-30T17:18:57.809541,105054,8067,4854,8067,657,8067,74,8067,2,8067,4,9139,0,1.0291690999874845
5,5,,2026-07-30T17:18:58.838567,104899,8061,4786,8061,715,8061,62,8061,6,8061,1,9072,3,1.0286321000021417
5,5,,2026-07-30T17:18:59.868938,105162,8207,4811,8207,679,8207,58,8207,3,8207,2,9015,4,1.0298715999815613
5,5,,2026-07-30T17:19:00.898818,104772,8163,4828,8164,681,8164,67,8164,3,8164,0,9069,1,1.029507700004615
5,5,,2026-07-30T17:19:01.928797,104640,8089,4779,8088,699,8088,61,8088,5,8088,1,9328,2,1.0296063999994658
5,5,,2026-07-30T17:19:02.957540,105421,8130,4783,8130,722,8130,67,8130,3,8130,2,9140,1,1.028378299990436
5,5,,2026-07-30T17:19:03.987981,105249,8092,4791,8092,692,8092,64,8092,5,8092,0,8970,3,1.0299724000215065
5,5,,2026-07-30T17:19:05.018313,104999,8098,4859,8098,706,8098,73,8098,4,8098,0,9215,0,1.0298988000140525
5,5,,2026-07-30T17:19:06.048184,105550,8283,4879,8283,765,8283,67,8283,10,8283,1,9166,2,1.0296923999849241
5,5,,2026-07-30T17:19:07.079239,105263,8131,4800,8131,739,8131,57,8131,6,8131,1,9224,4,1.0307423000049312
5,5,,2026-07-30T17:19:08.108209,105065,7986,4705,7986,681,7986,81,7986,1,7986,1,9071,3,1.028556999983266
