N,input_state,basis,time,herald,singles_ch2,coinc_ch2,singles_ch4,coinc_ch4,singles_ch6,coinc_ch6,singles_ch8,coinc_ch8,singles_ch10,coinc_ch10,singles_ch7,coinc_ch7,int_time
3,0,,2026-07-29T08:40:44.865093,109304,5620,2244,5620,669,5620,80,5620,4,5620,0,10046,2,1.0268585000012536
3,0,,2026-07-29T08:40:45.893169,109115,5575,2157,5575,643,5575,82,5575,7,5575,1,10090,2,1.0278546000190545
3,0,,2026-07-29T08:40:46.922004,109215,5645,2292,5645,662,5645,90,5645,5,5645,1,10170,0,1.0285907000070438
3,0,,2026-07-29T08:40:47.950632,109580,5840,2344,5840,720,5840,76,5840,5,5840,2,10425,3,1.0282469000085257
3,0,,2026-07-29T08:40:48.979140,109495,5803,2385,5803,647,5803,74,5803,6,5803,1,9876,6,1.028165000025183
3,0,,2026-07-29T08:40:50.008537,109730,5806,2371,5806,688,5806,89,5806,5,5806,0,10047,4,1.0289933999883942
3,0,,2026-07-29T08:40:51.036359,109267,5713,2301,5713,679,5713,89,5713,4,5713,3,10092,2,1.0274868000124115
3,0,,2026-07-29T08:40:52.063069,109256,5760,2323,5760,672,5760,86,5760,4,5760,4,10059,4,1.0264046000083908
3,0,,2026-07-29T08:40:53.092079,109195,5814,2337,5814,666,5814,78,5814,11,5814,1,10148,1,1.0287289999832865
3,0,,2026-07-29T08:40:54.121141,109070,5857,2336,5857,664,5857,75,5857,5,5857,0,10067,1,1.0286772999970708
3,0,,2026-07-29T08:40:55.149287,109865,5689,2211,5689,678,5689,88,5689,7,5689,0,10163,4,1.0277752999973018
3,0,,2026-07-29T08:40:56.176272,109531,5802,2319,5802,689,5802,81,5802,13,5802,0,9997,2,1.0267280999978539
3,0,,2026-07-29T08:40:57.204412,109606,5834,2330,5834,723,5834,71,5834,3,5834,0,10131,0,1.0278308999841101
3,0,,2026-07-29T08:40:58.232908,109341,5811,2335,5811,674,5811,72,5811,2,5811,3,10116,0,1.0281795999908354
3,0,,2026-07-29T08:40:59.260920,109375,5798,2278,5798,642,5798,93,5798,4,5798,2,10067,3,1.0277494000038132
3,0,,2026-07-29T08:41:00.289503,109404,5802,2265,5802,756,5802,80,5802,5,5802,2,10038,0,1.028218099992955
3,0,,2026-07-29T08:41:01.317867,110152,5732,2273,5732,676,5732,85,5732,4,5732,1,10359,2,1.028066700004274
3,0,,2026-07-29T08:41:02.346800,109311,5701,2297,5701,680,5701,82,5701,6,5701,0,10059,2,1.0285822000005282
3,0,,2026-07-29T08:41:03.375167,110001,5725,2242,5725,645,5725,87,5725,4,5725,2,10195,0,1.028020199999446
3,0,,2026-07-29T08:41:04.402322,109514,5636,2262,5636,689,5636,94,5636,7,5636,2,10103,1,1.026952699990943
3,0,,2026-07-29T08:41:05.430499,109514,5669,2258,5669,677,5669,88,5669,4,5669,1,10069,5,1.0279137000034098
3,0,,2026-07-29T08:41:06.458290,109967,5872,2335,5872,697,5872,87,5872,7,5872,2,10078,4,1.027441899990663
3,0,,2026-07-29T08:41:07.486752,109596,5924,2335,5924,731,5924,101,5924,6,5924,2,10273,2,1.0280844999942929
3,0,,2026-07-29T08:41:08.516444,108839,5740,2360,5740,671,5740,85,5740,6,5740,2,10156,0,1.0293284999788739
3,0,,2026-07-29T08:41:09.544239,109718,5908,2346,5908,671,5908,93,5908,5,5908,1,10159,0,1.0274108000157867
3,0,,2026-07-29T08:41:10.572973,109589,5758,2270,5758,712,5758,89,5758,5,5758,0,9991,6,1.0283863999939058
3,0,,2026-07-29T08:41:11.600871,109993,5705,2230,5705,704,5705,95,5705,4,5705,1,10104,2,1.027544200012926
3,0,,2026-07-29T08:41:12.628970,109064,5674,2271,5674,694,5674,78,5674,3,5674,2,10221,0,1.0277929999865592
3,0,,2026-07-29T08:41:13.657266,109360,5769,2298,5769,638,5769,90,5769,5,5769,0,10264,1,1.027987800014671
3,0,,2026-07-29T08:41:14.686449,109355,5828,2302,5828,671,5828,79,5828,7,5828,0,10234,1,1.0288258000218775
3,0,,2026-07-29T08:41:15.714809,109817,5891,2396,5891,701,5891,104,5891,7,5891,1,10140,4,1.0280060999793932
3,0,,2026-07-29T08:41:16.743702,109359,5743,2303,5743,661,5743,97,5743,4,5743,1,10191,2,1.0285540000186302
3,0,,2026-07-29T08:41:17.772841,109424,5805,2329,5805,688,5805,92,5805,7,5805,0,10390,3,1.028779200016288
3,0,,2026-07-29T08:41:18.799856,109188,5839,2323,5839,703,5839,75,5839,2,5839,1,10125,1,1.0267408000072464
3,0,,2026-07-29T08:41:19.827862,109436,5919,2317,5919,723,5919,93,5919,2,5919,0,10051,1,1.0277383000066038
3,0,,2026-07-29T08:41:20.854484,109359,5743,2355,5743,690,5743,63,5743,1,5743,2,10417,6,1.02649669998209
3,0,,2026-07-29T08:41:21.880570,109255,5746,2328,5746,713,5746,78,5746,2,5746,1,10220,2,1.025970300019253
3,0,,2026-07-29T08:41:22.907296,109244,5674,2259,5674,665,5674,88,5674,9,5674,2,10057,5,1.0265758000023197
3,0,,2026-07-29T08:41:23.935987,110056,5817,2290,5817,658,5817,81,5817,5,5817,1,10156,0,1.028402099997038
3,0,,2026-07-29T08:41:24.964116,109692,5775,2306,5775,694,5775,78,5775,7,5775,1,10277,3,1.0277958000078797
3,0,,2026-07-29T08:41:25.992183,108861,5670,2297,5670,651,5670,86,5670,5,5670,0,10166,1,1.02763940001023
3,0,,2026-07-29T08:41:27.021845,109254,5585,2154,5585,679,5585,83,5585,8,5585,0,10110,3,1.029401699983282
3,0,,2026-07-29T08:41:28.049814,109286,5742,2313,5742,669,5742,94,5742,1,5742,2,10061,3,1.0275540000002366
3,0,,2026-07-29T08:41:29.078689,109189,5788,2401,5788,655,5788,89,5788,2,5788,1,10194,0,1.0285999000188895
3,0,,2026-07-29T08:41:30.107979,109762,5820,2317,5820,693,5820,85,5820,3,5820,0,10388,1,1.0289363999909256
3,0,,2026-07-29T08:41:31.136024,109434,5749,2302,5749,646,5749,84,5749,6,5749,1,10004,4,1.0277375000005122
3,0,,2026-07-29T08:41:32.164039,109309,5818,2358,5818,697,5818,78,5818,4,5818,1,10222,4,1.0276700999820605
3,0,,2026-07-29T08:41:33.193047,109721,5680,2299,5680,677,5680,81,5680,9,5680,1,10086,3,1.0286744000040926
3,0,,2026-07-29T08:41:34.221598,109342,5587,2256,5587,657,5587,82,5587,6,5587,0,10040,3,1.028200000000652
3,0,,2026-07-29T08:41:35.251135,109611,5718,2310,5718,699,5718,69,5718,7,5718,0,10115,0,1.0292370999814011
3,0,,2026-07-29T08:41:36.279425,109545,5795,2337,5795,682,5795,88,5795,4,5795,0,10174,3,1.02792649998446
3,0,,2026-07-29T08:41:37.306894,109518,5790,2351,5790,628,5790,80,5790,5,5790,2,10100,5,1.0272490000061225
3,0,,2026-07-29T08:41:38.335765,109574,5840,2355,5840,676,5840,103,5840,6,5840,1,10116,3,1.028515999991214
3,0,,2026-07-29T08:41:39.363152,109324,5692,2285,5692,636,5692,89,5692,10,5692,0,9958,1,1.0269935999822337
3,0,,2026-07-29T08:41:40.392666,109097,5787,2338,5787,677,5787,111,5787,8,5787,2,10156,5,1.0291908999788575
3,0,,2026-07-29T08:41:41.421433,109722,5843,2329,5843,694,5843,79,5843,4,5843,0,10184,3,1.0284026000008453
3,0,,2026-07-29T08:41:42.450290,109505,5844,2342,5844,703,5844,100,5844,7,5844,1,10217,3,1.0284878999809735
3,0,,2026-07-29T08:41:43.479083,109552,5753,2272,5753,676,5753,90,5753,8,5753,0,10200,1,1.028389299986884
3,0,,2026-07-29T08:41:44.505607,109556,5885,2336,5885,697,5885,97,5885,10,5885,1,10140,1,1.0261636000068393
3,0,,2026-07-29T08:41:45.534340,109970,5754,2291,5754,665,5754,91,5754,6,5754,0,10118,2,1.028550599992741
3,0,,2026-07-29T08:41:46.563663,109431,5820,2265,5820,690,5820,79,5820,6,5820,0,10109,3,1.0290081000130158
3,0,,2026-07-29T08:41:47.591893,109749,5727,2291,5727,689,5727,80,5727,6,5727,0,10210,6,1.0278944000019692
3,0,,2026-07-29T08:41:48.621601,109414,5741,2292,5741,651,5741,88,5741,2,5741,1,10070,2,1.0292698999983259
3,0,,2026-07-29T08:41:49.650549,109440,5770,2388,5770,700,5770,90,5770,6,5770,0,9988,3,1.0285476999997627
3,0,,2026-07-29T08:41:50.678713,109270,5928,2401,5928,676,5928,77,5928,6,5928,2,9830,5,1.027760800003307
3,0,,2026-07-29T08:41:51.707953,109809,5775,2255,5775,649,5775,70,5775,6,5775,1,10175,1,1.0289098999928683
3,0,,2026-07-29T08:41:52.735810,109394,5698,2222,5698,682,5698,82,5698,4,5698,0,10188,3,1.0275531000224873
3,0,,2026-07-29T08:41:53.765648,109668,5717,2261,5717,706,5717,80,5717,10,5717,1,10118,4,1.0294397000106983
3,0,,2026-07-29T08:41:54.794920,109288,5734,2280,5734,719,5734,80,5734,4,5734,2,10116,1,1.0288766999728978
3,0,,2026-07-29T08:41:55.823644,109732,5809,2323,5809,639,5809,79,5809,5,5809,3,10157,3,1.0284054999938235
3,0,,2026-07-29T08:41:56.851139,108890,5614,2224,5614,626,5614,83,5614,8,5614,1,10049,0,1.027151300018886
3,0,,2026-07-29T08:41:57.879766,109155,5827,2319,5827,699,5827,93,5827,5,5827,1,10063,4,1.0283698000130244
3,0,,2026-07-29T08:41:58.908885,110017,5700,2226,5700,694,5700,87,5700,8,5700,0,10220,1,1.0287723999936134
3,0,,2026-07-29T08:41:59.937005,109274,5791,2314,5791,692,5791,86,5791,3,5791,0,10398,3,1.0277397999889217
3,0,,2026-07-29T08:42:00.964302,109613,5834,2322,5834,687,5834,96,5834,5,5834,0,10139,2,1.0270948999968823
3,0,,2026-07-29T08:42:01.993119,109308,5742,2306,5742,645,5742,88,5742,8,5742,1,10102,4,1.0285225000116043
3,0,,2026-07-29T08:42:03.022811,109208,5655,2145,5655,696,5655,92,5655,4,5655,2,10129,2,1.0292338999861386
3,0,,2026-07-29T08:42:04.051033,109641,5720,2259,5720,709,5720,77,5720,7,5720,1,10206,3,1.0277989000023808
3,0,,2026-07-29T08:42:05.080575,109287,5804,2315,5804,729,5804,75,5804,10,5804,0,10370,1,1.0292913000157569
3,0,,2026-07-29T08:42:06.109627,109676,5730,2314,5730,670,5730,81,5730,3,5730,1,10374,3,1.028708400001051
3,0,,2026-07-29T08:42:07.137207,110304,5715,2287,5715,670,5715,95,5715,6,5715,0,10193,1,1.0272286999970675
3,0,,2026-07-29T08:42:08.165208,109762,5780,2384,5780,660,5780,88,5780,5,5780,1,10267,2,1.0277530000021216
3,0,,2026-07-29T08:42:09.193964,109654,5674,2306,5674,654,5674,92,5674,4,5674,1,10054,2,1.0283699999854434
3,0,,2026-07-29T08:42:10.222626,109684,5701,2241,5701,672,5701,89,5701,6,5701,0,10278,2,1.028315500007011
3,0,,2026-07-29T08:42:11.249461,109335,5846,2315,5846,689,5846,87,5846,7,5846,4,10290,1,1.0265627999906428
3,0,,2026-07-29T08:42:12.275978,109496,5810,2309,5810,679,5810,75,5810,5,5810,1,10163,0,1.0264036000007764
3,0,,2026-07-29T08:42:13.303273,109747,5852,2386,5852,680,5852,81,5852,6,5852,2,10297,0,1.0271499000082258
3,0,,2026-07-29T08:42:14.331161,110068,5647,2250,5647,698,5647,76,5647,2,5647,0,10148,1,1.0276759000262246
3,0,,2026-07-29T08:42:15.360177,109681,5752,2326,5752,666,5752,78,5752,2,5752,1,10137,1,1.028663900011452
3,0,,2026-07-29T08:42:16.388765,109677,5852,2388,5852,667,5852,88,5852,7,5852,1,10184,4,1.0283084000111558
3,0,,2026-07-29T08:42:17.417429,109721,5844,2369,5844,647,5844,96,5844,5,5844,2,10149,0,1.0283174000214785
3,0,,2026-07-29T08:42:18.445994,109911,5772,2237,5772,680,5772,93,5772,4,5772,1,9879,0,1.0281834000197705
3,0,,2026-07-29T08:42:19.474606,110186,5821,2327,5821,676,5821,93,5821,4,5821,0,10323,3,1.0282460000016727
3,0,,2026-07-29T08:42:20.503276,109716,5748,2314,5748,661,5748,81,5748,5,5748,1,10157,4,1.0283388000098057
3,0,,2026-07-29T08:42:21.532421,108953,5581,2215,5581,687,5581,95,5581,7,5581,0,10252,5,1.0288294999918435
3,0,,2026-07-29T08:42:22.560142,109601,5805,2374,5805,643,5805,88,5805,3,5805,0,10117,3,1.0273231999890413
3,0,,2026-07-29T08:42:23.588624,109345,5879,2298,5879,665,5879,92,5879,2,5879,0,10177,1,1.0281550000072457
3,0,,2026-07-29T08:42:24.616046,110200,5880,2352,5880,655,5880,93,5880,10,5880,0,10331,1,1.0271108000015374
3,0,,2026-07-29T08:42:25.644460,109774,5878,2344,5878,697,5878,81,5878,2,5878,1,10194,3,1.0281393000041135
3,0,,2026-07-29T08:42:26.672684,109369,5727,2285,5727,690,5727,91,5727,5,5727,1,10189,7,1.027889499993762
3,0,,2026-07-29T08:42:27.701653,109980,5690,2252,5690,680,5690,73,5690,6,5690,3,10207,3,1.0286098000069614
3,0,,2026-07-29T08:42:28.730411,110143,5818,2324,5818,706,5818,83,5818,9,5818,2,10079,3,1.0283777000149712
3,0,,2026-07-29T08:42:29.758746,109752,5661,2237,5661,670,5661,89,5661,5,5661,1,9864,2,1.02800630001002
3,0,,2026-07-29T08:42:30.786988,109765,5643,2296,5643,650,5643,78,5643,8,5643,1,10241,4,1.0278816999925766
3,0,,2026-07-29T08:42:31.815196,109832,5691,2291,5691,674,5691,73,5691,4,5691,1,10222,1,1.027854699990712
3,0,,2026-07-29T08:42:32.843454,109104,5707,2290,5707,660,5707,101,5707,1,5707,0,10264,2,1.02794040000299
3,0,,2026-07-29T08:42:33.872175,109661,5826,2360,5826,665,5826,94,5826,6,5826,2,10145,2,1.0283837000024505
3,0,,2026-07-29T08:42:34.901569,109402,5681,2273,5681,698,5681,76,5681,6,5681,0,10212,1,1.0291035000118427
3,0,,2026-07-29T08:42:35.929206,109890,5754,2267,5754,688,5754,80,5754,8,5754,1,10185,2,1.0273507999954745
3,0,,2026-07-29T08:42:36.957049,109285,5808,2357,5808,694,5808,91,5808,3,5808,2,9962,2,1.0276287000160664
3,0,,2026-07-29T08:42:37.985705,109714,5780,2304,5780,687,5780,71,5780,3,5780,1,10096,3,1.028440900001442
3,0,,2026-07-29T08:42:39.014543,109900,5865,2336,5865,686,5865,95,5865,6,5865,0,10206,2,1.028423899988411
3,0,,2026-07-29T08:42:40.042214,109396,5769,2301,5769,681,5769,69,5769,5,5769,0,10151,2,1.0273196999914944
3,0,,2026-07-29T08:42:41.068988,109772,5818,2354,5818,669,5818,86,5818,8,5818,1,10124,1,1.026497599988943
3,0,,2026-07-29T08:42:42.097072,109054,5771,2334,5771,707,5771,91,5771,5,5771,0,10067,2,1.027837300003739
3,0,,2026-07-29T08:42:43.124937,110119,5798,2300,5798,671,5798,86,5798,5,5798,0,10087,3,1.0275278000044636
3,0,,2026-07-29T08:42:44.151963,109077,5867,2270,5867,704,5867,77,5867,3,5867,4,10071,2,1.0269320999796037
3,0,,2026-07-29T08:42:45.178310,109919,5773,2289,5773,676,5773,77,5773,5,5773,0,10088,3,1.026128700003028
3,0,,2026-07-29T08:42:46.205575,108704,5696,2259,5696,671,5696,75,5696,4,5696,3,10151,0,1.0270332999934908
3,0,,2026-07-29T08:42:47.235435,109583,5805,2370,5805,668,5805,91,5805,4,5805,1,10057,0,1.0295851999835577
3,0,,2026-07-29T08:42:48.264255,109335,5811,2358,5811,697,5811,97,5811,5,5811,0,10026,1,1.028441100002965
3,0,,2026-07-29T08:42:49.293832,109252,5818,2319,5819,686,5819,96,5819,3,5819,0,10144,3,1.02922190001118
3,0,,2026-07-29T08:42:50.323857,109270,5849,2315,5848,689,5848,84,5848,1,5848,4,10017,5,1.0296742000209633
3,0,,2026-07-29T08:42:51.352576,109714,5827,2353,5827,697,5827,74,5827,6,5827,3,10072,4,1.0284881000116002
3,0,,2026-07-29T08:42:52.381835,109398,5668,2269,5668,703,5668,78,5668,9,5668,0,10148,2,1.0289113000035286
3,0,,2026-07-29T08:42:53.410321,110045,5833,2296,5833,717,5833,83,5833,4,5833,4,10138,4,1.028156200016383
3,0,,2026-07-29T08:42:54.440475,109501,5787,2282,5787,649,5787,92,5787,4,5787,3,10039,0,1.029730300011579
3,0,,2026-07-29T08:42:55.469789,110017,5752,2342,5752,667,5752,89,5752,4,5752,1,10022,3,1.029005899996264
3,0,,2026-07-29T08:42:56.498546,109552,5748,2266,5748,731,5748,76,5748,5,5748,0,10129,4,1.02841639998951
3,0,,2026-07-29T08:42:57.526106,110053,5830,2373,5830,668,5830,88,5830,2,5830,0,10043,7,1.0271996000083163
3,0,,2026-07-29T08:42:58.555431,109446,5813,2267,5813,696,5813,89,5813,2,5813,1,10170,1,1.029067399998894
3,0,,2026-07-29T08:42:59.584821,109491,5758,2265,5758,652,5758,90,5758,4,5758,2,10219,4,1.0291149000113364
3,0,,2026-07-29T08:43:00.613093,109303,5613,2198,5613,652,5613,87,5613,2,5613,0,10019,2,1.0278971000225283
3,0,,2026-07-29T08:43:01.642453,109561,5808,2236,5808,687,5808,96,5808,3,5808,2,10082,3,1.0290276000159793
3,0,,2026-07-29T08:43:02.670395,109414,5710,2313,5710,655,5710,98,5710,7,5710,0,10268,2,1.0275515999819618
3,0,,2026-07-29T08:43:03.697626,109135,5720,2219,5720,629,5720,87,5720,7,5720,0,10174,7,1.0271234000101686
3,0,,2026-07-29T08:43:04.725967,108208,5766,2365,5766,641,5766,88,5766,8,5766,1,10021,1,1.0281781999801751
3,0,,2026-07-29T08:43:05.755166,109481,5700,2241,5700,644,5700,80,5700,3,5700,0,10016,2,1.028915999981109
3,0,,2026-07-29T08:43:06.784469,109283,5727,2228,5727,685,5727,84,5727,2,5727,0,10149,4,1.0289756999991369
3,0,,2026-07-29T08:43:07.813811,109881,5766,2332,5766,701,5766,85,5766,8,5766,1,10034,3,1.0289711999939755
3,0,,2026-07-29T08:43:08.842472,109189,5867,2314,5867,714,5867,88,5867,10,5867,0,9946,3,1.0283226000028662
3,0,,2026-07-29T08:43:09.871588,109860,5834,2255,5834,725,5834,90,5834,6,5834,0,10090,2,1.028707800025586
3,0,,2026-07-29T08:43:10.900584,109475,5657,2197,5657,699,5657,87,5657,7,5657,2,10145,2,1.0286442000069655
3,0,,2026-07-29T08:43:11.928682,109545,5700,2249,5700,646,5700,86,5700,7,5700,1,10060,0,1.0278399999951944
3,0,,2026-07-29T08:43:12.958202,109669,5794,2346,5794,703,5794,90,5794,6,5794,0,10135,1,1.0291547999950126
3,0,,2026-07-29T08:43:13.987093,110088,5941,2387,5941,695,5941,92,5941,6,5941,1,10047,3,1.0285234000184573
3,0,,2026-07-29T08:43:15.014321,109803,5880,2395,5880,682,5880,80,5880,2,5880,0,10050,0,1.026869599998463
3,0,,2026-07-29T08:43:16.043772,109080,5718,2319,5718,680,5718,86,5718,4,5718,1,9919,1,1.0291569999826606
3,0,,2026-07-29T08:43:17.073336,109561,5729,2246,5729,673,5729,89,5729,2,5729,2,10143,1,1.0291980000038166
3,0,,2026-07-29T08:43:18.102834,109726,5846,2357,5846,695,5846,82,5846,6,5846,0,10219,1,1.0291612000146415
3,0,,2026-07-29T08:43:19.132670,109702,5844,2344,5844,670,5844,81,5844,6,5844,1,10221,5,1.0294766000006348
3,0,,2026-07-29T08:43:20.161392,110247,5693,2291,5693,638,5693,91,5693,11,5693,4,10289,5,1.0283605000004172
3,0,,2026-07-29T08:43:21.190505,109551,5839,2272,5839,679,5839,95,5839,5,5839,1,10207,3,1.0287230999965686
3,0,,2026-07-29T08:43:22.219389,109824,5899,2376,5899,670,5899,95,5899,6,5899,0,10040,1,1.0284510000201408
3,0,,2026-07-29T08:43:23.246513,109476,5902,2337,5902,711,5902,95,5902,6,5902,2,10204,3,1.0268051000020932
3,0,,2026-07-29T08:43:24.275287,109632,5827,2349,5827,675,5827,98,5827,2,5827,1,10125,1,1.0285012999956962
3,0,,2026-07-29T08:43:25.303922,110324,5783,2303,5783,653,5783,69,5783,8,5783,1,10061,0,1.0283242000150494
3,0,,2026-07-29T08:43:26.333355,109211,5785,2248,5785,681,5785,97,5785,4,5785,0,10093,2,1.0290744999947492
3,0,,2026-07-29T08:43:27.360631,109867,5857,2355,5857,699,5857,82,5857,6,5857,1,10187,2,1.0268982000125106
3,0,,2026-07-29T08:43:28.388656,109250,5744,2332,5744,633,5744,77,5744,8,5744,1,10196,3,1.0278055999951903
3,0,,2026-07-29T08:43:29.418305,109731,5808,2312,5808,661,5808,99,5808,5,5808,0,10053,4,1.0292964999971446
3,0,,2026-07-29T08:43:30.447884,109963,5692,2280,5692,656,5692,82,5692,6,5692,3,10039,1,1.0292672000068706
3,0,,2026-07-29T08:43:31.476668,110283,5911,2337,5911,696,5911,70,5911,4,5911,1,10096,4,1.0284803999820724
3,0,,2026-07-29T08:43:32.504955,109045,5800,2316,5800,682,5800,91,5800,8,5800,3,10113,1,1.027998600009596
3,0,,2026-07-29T08:43:33.533593,109184,5821,2258,5821,692,5821,82,5821,4,5821,0,9974,0,1.0283654000086244
3,0,,2026-07-29T08:43:34.563106,109254,5906,2377,5906,661,5906,96,5906,5,5906,0,10139,4,1.0291310000175145
3,0,,2026-07-29T08:43:35.590412,109053,5963,2461,5963,703,5963,78,5963,7,5963,0,10135,3,1.0269770000013523
3,0,,2026-07-29T08:43:36.620014,109039,5760,2298,5760,652,5760,88,5760,7,5760,0,10203,3,1.0293324000085704
3,0,,2026-07-29T08:43:37.649388,110143,5860,2303,5860,694,5860,87,5860,11,5860,1,10324,2,1.0289775999845006
3,0,,2026-07-29T08:43:38.678073,109983,5687,2251,5687,615,5687,89,5687,9,5687,3,10266,3,1.0283065999974497
3,0,,2026-07-29T08:43:39.706032,109233,5706,2227,5706,700,5706,71,5706,5,5706,1,10246,3,1.0276131000136957
3,0,,2026-07-29T08:43:40.735448,109913,5820,2290,5820,651,5820,90,5820,6,5820,0,10029,3,1.0290968999906909
3,0,,2026-07-29T08:43:41.763886,109098,5908,2335,5908,743,5908,76,5908,1,5908,1,10189,4,1.0280469999997877
3,0,,2026-07-29T08:43:42.792783,110046,5710,2307,5710,689,5710,71,5710,3,5710,0,10143,4,1.028523499990115
3,0,,2026-07-29T08:43:43.822765,109241,5810,2244,5810,689,5810,90,5810,5,5810,1,10436,0,1.0296181000012439
3,0,,2026-07-29T08:43:44.851340,109451,5759,2305,5759,743,5759,84,5759,9,5759,1,10262,2,1.0282220999943092
3,0,,2026-07-29T08:43:45.879230,109401,5873,2407,5873,665,5873,91,5873,9,5873,0,10122,6,1.0275909000192769
3,0,,2026-07-29T08:43:46.907920,109717,5743,2259,5743,714,5743,98,5743,9,5743,1,9902,0,1.0284696999879088
3,0,,2026-07-29T08:43:47.936851,108576,5783,2300,5783,641,5783,78,5783,11,5783,0,9934,3,1.028544000000693
3,0,,2026-07-29T08:43:48.966031,110185,5810,2300,5810,659,5810,95,5810,2,5810,1,10250,1,1.028783099987777
3,0,,2026-07-29T08:43:49.994674,110017,5805,2243,5805,645,5805,87,5805,3,5805,2,10167,1,1.028290599992033
3,0,,2026-07-29T08:43:51.023799,109310,5855,2330,5855,668,5855,77,5855,8,5855,3,10027,4,1.0288939000165556
3,0,,2026-07-29T08:43:52.050712,109410,5859,2337,5859,658,5859,94,5859,5,5859,0,10151,1,1.0265675999980886
3,0,,2026-07-29T08:43:53.077637,108975,5640,2237,5640,673,5640,88,5640,6,5640,1,10300,2,1.0267030999821145
3,0,,2026-07-29T08:43:54.103920,109407,5836,2343,5836,687,5836,85,5836,11,5836,1,10085,2,1.0261506999959238
3,0,,2026-07-29T08:43:55.130406,109125,5728,2306,5728,659,5728,79,5728,2,5728,0,10120,1,1.026345999998739
3,0,,2026-07-29T08:43:56.158566,109732,5762,2326,5762,645,5762,89,5762,4,5762,0,10111,3,1.0278596999996807
3,0,,2026-07-29T08:43:57.187145,109784,5709,2258,5709,685,5709,93,5709,5,5709,1,10313,2,1.0282185999967624
3,0,,2026-07-29T08:43:58.215646,109649,5799,2370,5799,648,5799,81,5799,5,5799,1,10224,3,1.0282407000195235
3,0,,2026-07-29T08:43:59.244021,109309,5639,2287,5639,644,5639,87,5639,3,5639,1,10066,0,1.0279609000135679
3,0,,2026-07-29T08:44:00.271593,109419,5834,2391,5834,660,5834,83,5834,5,5834,1,10053,7,1.027230600011535
3,0,,2026-07-29T08:44:01.300242,109031,5773,2282,5773,666,5773,102,5773,7,5773,1,10045,2,1.0283278000133578
3,0,,2026-07-29T08:44:02.329081,110106,5689,2283,5689,657,5689,91,5689,6,5689,2,10180,1,1.0284463999851141
3,0,,2026-07-29T08:44:03.358292,110137,5720,2292,5720,657,5720,85,5720,7,5720,0,9944,1,1.0288461000018287
3,0,,2026-07-29T08:44:04.388425,110309,5796,2394,5796,652,5796,81,5796,8,5796,1,10117,2,1.029793299996527
3,0,,2026-07-29T08:44:05.417501,109500,5772,2321,5772,671,5772,88,5772,2,5772,0,9935,1,1.0288018999854103
3,0,,2026-07-29T08:44:06.446447,109812,5856,2357,5856,686,5856,87,5856,7,5856,1,10214,5,1.0285307000158355
3,0,,2026-07-29T08:44:07.475719,109466,5732,2287,5732,668,5732,99,5732,6,5732,0,10225,7,1.028870599984657
3,0,,2026-07-29T08:44:08.503464,109818,5765,2329,5765,678,5765,83,5765,4,5765,0,10078,6,1.027371400006814
3,0,,2026-07-29T08:44:09.532405,110079,5802,2366,5802,657,5802,81,5802,4,5802,1,10122,4,1.0286840999906417
3,0,,2026-07-29T08:44:10.562520,109531,5780,2238,5780,651,5780,99,5780,7,5780,0,10247,3,1.0297188000113238
3,0,,2026-07-29T08:44:11.590688,109589,5738,2271,5738,642,5738,78,5738,3,5738,0,10151,1,1.0278108999773394
3,0,,2026-07-29T08:44:12.619776,109796,5840,2362,5840,597,5840,85,5840,4,5840,0,10123,0,1.0287540999997873
3,0,,2026-07-29T08:44:13.649632,110275,5764,2277,5764,696,5764,95,5764,5,5764,1,10121,2,1.0294647999980953
3,0,,2026-07-29T08:44:14.678349,109903,5826,2304,5826,678,5826,79,5827,4,5827,1,10041,2,1.028302300022915
3,0,,2026-07-29T08:44:15.705835,109645,5714,2328,5714,660,5714,90,5713,2,5713,1,10056,1,1.0271395999880042
3,0,,2026-07-29T08:44:16.733681,109800,5752,2308,5752,658,5752,75,5752,5,5752,1,10157,4,1.0275626000075135
3,0,,2026-07-29T08:44:17.761337,109601,5774,2266,5774,694,5774,72,5774,2,5774,1,10212,3,1.0273376999830361
3,0,,2026-07-29T08:44:18.788428,110100,5821,2300,5821,687,5821,92,5821,9,5821,3,10254,2,1.0268036000197753
3,0,,2026-07-29T08:44:19.815426,109126,5716,2204,5716,644,5716,86,5716,5,5716,2,10171,1,1.0268212999799289
3,0,,2026-07-29T08:44:20.842395,109539,5863,2352,5863,681,5863,91,5863,4,5863,0,10356,3,1.0267232000187505
3,0,,2026-07-29T08:44:21.869605,109348,5786,2302,5786,666,5786,91,5786,3,5786,0,9989,1,1.026914099988062
3,0,,2026-07-29T08:44:22.896530,109113,5680,2292,5680,657,5680,77,5680,5,5680,1,10144,5,1.0267429999948945
3,0,,2026-07-29T08:44:23.924322,109647,5868,2340,5868,688,5868,89,5868,8,5868,0,10244,5,1.0274806000234094
3,0,,2026-07-29T08:44:24.951720,109561,5737,2290,5737,675,5737,88,5737,6,5737,2,10296,1,1.0271222000010312
3,0,,2026-07-29T08:44:25.980641,109013,5686,2293,5686,685,5686,96,5686,6,5686,1,10317,4,1.0287016999791376
3,0,,2026-07-29T08:44:27.007873,108883,5744,2277,5744,665,5744,93,5744,7,5744,0,10235,2,1.0269326000125147
3,0,,2026-07-29T08:44:28.037135,108798,5837,2303,5837,694,5837,103,5837,4,5837,2,10116,0,1.0289975000196137
3,0,,2026-07-29T08:44:29.064676,109256,5858,2364,5858,734,5858,88,5858,4,5858,1,10159,3,1.0272292000008747
3,0,,2026-07-29T08:44:30.092398,109506,5639,2251,5639,657,5639,87,5639,4,5639,1,10101,3,1.0274585000006482
3,0,,2026-07-29T08:44:31.122036,108793,5734,2279,5734,658,5734,79,5734,9,5735,0,10324,2,1.029214399983175
3,0,,2026-07-29T08:44:32.149682,109783,5768,2252,5768,686,5768,91,5768,2,5767,1,10235,5,1.0272831000038423
3,0,,2026-07-29T08:44:33.178407,109375,5814,2298,5814,688,5814,82,5814,3,5814,3,10244,2,1.0284011000185274
3,0,,2026-07-29T08:44:34.206729,109880,5731,2346,5731,713,5731,82,5731,6,5731,0,10132,1,1.0279500000178814
3,0,,2026-07-29T08:44:35.235833,109431,5802,2301,5802,655,5802,79,5802,3,5802,2,10154,0,1.0287401999812573
3,0,,2026-07-29T08:44:36.264649,109916,5830,2302,5830,695,5830,95,5830,5,5830,1,10307,5,1.0284233000129461
3,0,,2026-07-29T08:44:37.292954,109981,5850,2361,5850,706,5850,88,5850,6,5850,2,10190,5,1.027905800001463
3,0,,2026-07-29T08:44:38.319777,109093,5687,2239,5687,645,5687,77,5687,5,5687,2,10302,1,1.0265358999895398
3,0,,2026-07-29T08:44:39.348147,109472,5768,2285,5768,671,5768,80,5768,4,5768,0,10208,2,1.0282232000026852
3,0,,2026-07-29T08:44:40.377453,109438,5794,2337,5794,634,5794,89,5794,8,5794,0,10054,2,1.0288836999970954
3,0,,2026-07-29T08:44:41.406521,109358,5762,2271,5762,702,5762,80,5762,7,5762,2,10191,1,1.0286545999988448
3,0,,2026-07-29T08:44:42.435769,109733,5706,2285,5706,679,5706,83,5706,2,5706,1,10162,1,1.0289353000116535
3,0,,2026-07-29T08:44:43.464500,109472,5647,2219,5647,663,5647,87,5647,2,5647,1,10222,4,1.0283371999976225
3,0,,2026-07-29T08:44:44.492159,109980,5901,2352,5901,687,5901,87,5901,3,5901,1,10323,2,1.0273184000106994
3,0,,2026-07-29T08:44:45.519015,110265,5812,2287,5812,634,5812,87,5812,5,5812,3,10207,1,1.026607799984049
3,0,,2026-07-29T08:44:46.564610,111545,5923,2355,5923,708,5923,98,5923,7,5923,0,10370,3,1.0454699999827426
3,0,,2026-07-29T08:44:47.592927,109563,5731,2300,5731,654,5731,105,5731,5,5731,1,10110,5,1.0280104999837931
3,0,,2026-07-29T08:44:48.621744,109117,5841,2293,5841,732,5841,103,5841,5,5841,0,10061,3,1.0284145000041462
3,0,,2026-07-29T08:44:49.651263,109599,5770,2258,5770,669,5770,85,5770,8,5770,0,10184,2,1.0290704000217374
3,0,,2026-07-29T08:44:50.678590,109643,5752,2236,5752,690,5752,87,5752,3,5752,3,10178,0,1.0270736000093166
3,0,,2026-07-29T08:44:51.707706,109379,5793,2308,5793,667,5793,83,5793,7,5793,0,10196,3,1.028779799991753
3,0,,2026-07-29T08:44:52.737287,109307,5870,2351,5870,706,5870,92,5870,5,5870,2,10219,4,1.0292445000086445
3,0,,2026-07-29T08:44:53.765783,109694,5757,2265,5757,667,5757,80,5757,3,5757,1,10155,3,1.028211500000907
3,0,,2026-07-29T08:44:54.793285,109625,5682,2277,5682,662,5683,73,5683,3,5683,1,9830,3,1.0271965999854729
3,0,,2026-07-29T08:44:55.820772,108872,5754,2316,5754,679,5753,89,5753,2,5753,1,10064,2,1.0272097999986727
3,0,,2026-07-29T08:44:56.849723,109521,5791,2340,5791,678,5791,90,5791,3,5791,3,10238,3,1.0286673000082374
3,0,,2026-07-29T08:44:57.879228,109440,5883,2356,5883,698,5883,94,5883,7,5883,1,9966,4,1.0291200000210665
3,0,,2026-07-29T08:44:58.908406,109858,5740,2316,5740,638,5740,73,5740,4,5740,1,10324,2,1.0287965000024997
3,0,,2026-07-29T08:44:59.936418,109996,5759,2287,5759,719,5759,81,5759,7,5759,2,10226,1,1.0276518000173382
3,0,,2026-07-29T08:45:00.965505,109664,5792,2278,5792,701,5792,79,5792,9,5792,0,10168,3,1.0287846999999601
3,0,,2026-07-29T08:45:01.994980,109977,5705,2259,5705,643,5705,68,5705,7,5705,1,10230,2,1.0291003000165801
3,0,,2026-07-29T08:45:03.022848,109626,5779,2311,5779,718,5779,90,5779,3,5779,4,10215,2,1.027534500026377
3,0,,2026-07-29T08:45:04.052311,109569,5902,2370,5902,676,5902,99,5902,3,5902,0,10345,3,1.0291428999917116
3,0,,2026-07-29T08:45:05.081647,108931,5778,2287,5778,690,5778,97,5778,5,5778,2,10107,2,1.0290034999779891
3,0,,2026-07-29T08:45:06.110153,109914,5745,2272,5745,672,5745,99,5745,1,5745,1,9978,2,1.0280978000082541
3,0,,2026-07-29T08:45:07.138833,109873,5763,2328,5763,673,5763,85,5763,4,5763,0,10071,1,1.0283709000214003
3,0,,2026-07-29T08:45:08.167815,109406,5867,2338,5867,723,5867,102,5867,0,5867,3,10000,1,1.028667200007476
3,0,,2026-07-29T08:45:09.196641,110063,5736,2313,5736,697,5736,87,5736,3,5736,1,10154,3,1.0285908000078052
3,0,,2026-07-29T08:45:10.225463,110180,5880,2407,5880,650,5880,99,5880,6,5880,1,10056,2,1.028427399985958
3,0,,2026-07-29T08:45:11.254674,109578,5708,2265,5708,629,5708,91,5708,6,5708,2,10059,2,1.0288395999814384
3,0,,2026-07-29T08:45:12.282864,109354,5856,2351,5856,674,5856,78,5856,4,5856,0,10111,3,1.0278289999987464
3,0,,2026-07-29T08:45:13.310319,109293,5794,2367,5794,619,5794,86,5794,5,5794,1,10194,5,1.0271361000195611
3,0,,2026-07-29T08:45:14.339725,109451,5682,2286,5682,645,5682,96,5682,4,5682,0,10155,2,1.0291145000082906
3,0,,2026-07-29T08:45:15.368818,109527,5852,2400,5852,701,5852,92,5852,5,5852,1,10333,2,1.0287121000001207
3,0,,2026-07-29T08:45:16.397414,109805,5788,2320,5788,666,5788,94,5788,4,5788,0,10007,1,1.0282097999879625
3,0,,2026-07-29T08:45:17.426421,109945,5921,2369,5921,684,5921,94,5921,5,5921,0,10257,3,1.028634799993597
3,0,,2026-07-29T08:45:18.453847,109707,5751,2329,5751,710,5751,72,5751,4,5751,3,10240,3,1.0271493000036571
3,0,,2026-07-29T08:45:19.483220,109150,5594,2236,5594,718,5594,88,5594,4,5594,2,10226,4,1.0290976000251248
3,0,,2026-07-29T08:45:20.511923,110077,5684,2273,5684,613,5684,70,5684,4,5684,0,10283,3,1.0283389999822248
3,0,,2026-07-29T08:45:21.539548,109276,5729,2281,5729,642,5729,88,5729,3,5729,2,10354,2,1.0272302999801468
3,0,,2026-07-29T08:45:22.569015,109479,5704,2302,5704,641,5704,99,5704,5,5704,0,10206,5,1.0292194999929052
3,0,,2026-07-29T08:45:23.596758,109855,5894,2407,5894,649,5894,76,5894,2,5894,1,10212,2,1.0273611000156961
3,0,,2026-07-29T08:45:24.624120,109758,5824,2289,5824,686,5824,73,5824,8,5824,3,9981,3,1.027040599990869
3,0,,2026-07-29T08:45:25.651895,109400,5685,2311,5685,642,5685,87,5685,4,5685,2,10267,1,1.0275179999880493
3,0,,2026-07-29T08:45:26.680697,109152,5902,2333,5902,705,5902,78,5902,6,5902,1,10159,0,1.0285563999786973
3,0,,2026-07-29T08:45:27.709049,109260,5850,2332,5850,689,5850,80,5850,4,5850,0,10132,1,1.0280039999925066
3,0,,2026-07-29T08:45:28.737693,109513,5812,2333,5812,643,5812,94,5812,2,5812,0,10073,3,1.028355200018268
3,0,,2026-07-29T08:45:29.765909,109329,5631,2281,5631,673,5631,70,5631,5,5631,4,10092,2,1.0278895999945235
3,0,,2026-07-29T08:45:30.794431,109544,5852,2366,5852,683,5852,97,5852,4,5852,0,10137,1,1.0282358000113163
3,0,,2026-07-29T08:45:31.823546,109369,5709,2288,5709,642,5709,81,5709,1,5709,2,10205,2,1.0287513000075705
3,0,,2026-07-29T08:45:32.851982,109365,5817,2282,5817,665,5817,85,5817,6,5817,0,10098,3,1.0280847999965772
3,0,,2026-07-29T08:45:33.878902,109600,5852,2376,5852,689,5852,83,5852,4,5852,2,10161,1,1.0266416000085883
3,0,,2026-07-29T08:45:34.905724,109124,5849,2341,5849,691,5849,83,5849,3,5849,1,9936,2,1.0265649999782909
3,0,,2026-07-29T08:45:35.932549,108994,5705,2259,5705,658,5705,84,5705,7,5705,1,10063,4,1.0266611000115518
3,0,,2026-07-29T08:45:36.958881,109298,5811,2421,5811,604,5811,87,5811,2,5811,1,10111,2,1.0261096000031102
3,0,,2026-07-29T08:45:37.987597,109235,5751,2357,5751,650,5751,89,5751,8,5751,1,10228,4,1.0284840999811422
3,0,,2026-07-29T08:45:39.015378,109276,5780,2321,5780,698,5780,92,5780,7,5780,1,9976,4,1.0274260999867693
3,0,,2026-07-29T08:45:40.043473,109516,5825,2324,5825,654,5825,77,5825,5,5825,1,10261,0,1.0277319000160787
3,0,,2026-07-29T08:45:41.072416,109882,5714,2300,5714,672,5714,77,5714,4,5714,1,10221,1,1.0286011999996845
3,0,,2026-07-29T08:45:42.101390,109556,5816,2314,5816,743,5816,96,5816,6,5816,2,10214,1,1.028633899986744
3,0,,2026-07-29T08:45:43.129729,109270,5801,2311,5801,718,5801,68,5801,3,5801,0,10152,1,1.0280137000081595
3,0,,2026-07-29T08:45:44.159515,110109,5787,2340,5788,676,5788,99,5788,6,5788,1,10236,3,1.029382099979557
3,0,,2026-07-29T08:45:45.187408,109658,5858,2298,5857,656,5857,91,5857,8,5857,1,10320,0,1.0275236000015866
3,0,,2026-07-29T08:45:46.216019,109056,5661,2232,5661,665,5661,93,5661,10,5661,0,10210,1,1.0282774999795947
3,0,,2026-07-29T08:45:47.242618,109403,5797,2312,5797,686,5797,82,5797,5,5797,2,10231,1,1.0263304999971297
3,0,,2026-07-29T08:45:48.270822,109256,5701,2241,5701,656,5701,84,5701,6,5701,1,10033,1,1.0278746999974828
3,0,,2026-07-29T08:45:49.299826,109198,5683,2289,5683,688,5683,80,5683,7,5683,3,10300,0,1.0286879999912344
3,0,,2026-07-29T08:45:50.338906,111140,5914,2363,5914,648,5914,96,5914,3,5914,0,10406,4,1.038771200022893
3,0,,2026-07-29T08:45:51.367790,109517,5656,2213,5656,674,5656,84,5656,8,5656,0,9989,2,1.0285667999996804
3,0,,2026-07-29T08:45:52.396842,109418,5719,2257,5719,650,5719,95,5719,5,5719,1,10231,0,1.0286861000058707
3,0,,2026-07-29T08:45:53.425759,109190,5780,2294,5780,731,5780,96,5780,5,5780,1,10143,1,1.0286402000056114
3,0,,2026-07-29T08:45:54.455866,109306,5814,2283,5814,690,5814,83,5814,11,5814,0,10039,3,1.02979420000338
3,0,,2026-07-29T08:45:55.485123,109414,5780,2293,5780,672,5780,99,5780,4,5780,1,10089,3,1.0288315000070725
3,0,,2026-07-29T08:45:56.514389,109573,5888,2296,5888,693,5888,76,5888,6,5888,2,10144,1,1.0289166999864392
3,0,,2026-07-29T08:45:57.542960,109617,5771,2288,5771,741,5771,73,5771,10,5771,2,10196,5,1.028199799999129
3,0,,2026-07-29T08:45:58.571660,109449,5706,2262,5706,675,5706,86,5706,4,5706,1,10074,3,1.0283280000148807
3,0,,2026-07-29T08:45:59.600794,109345,5793,2252,5793,678,5793,107,5793,4,5793,0,10227,1,1.0287590000079945
3,0,,2026-07-29T08:46:00.629574,109490,5653,2183,5653,669,5653,89,5653,3,5653,1,10128,4,1.0284157999849413
3,0,,2026-07-29T08:46:01.658141,109830,5713,2327,5713,638,5713,73,5713,7,5713,0,10235,3,1.028257099998882
3,0,,2026-07-29T08:46:02.686816,109788,5808,2286,5808,653,5808,87,5808,6,5808,0,10105,2,1.0283832999994047
3,0,,2026-07-29T08:46:03.716078,109539,5827,2334,5827,647,5827,89,5827,5,5827,1,10227,2,1.0288719999953173
3,0,,2026-07-29T08:46:04.744854,110095,5691,2221,5691,669,5691,87,5691,4,5691,1,10239,3,1.0284150000079535
3,0,,2026-07-29T08:46:05.773512,109263,5754,2260,5754,692,5754,74,5754,9,5754,3,10175,0,1.0282508000091184
3,0,,2026-07-29T08:46:06.802536,109944,5786,2270,5786,682,5786,85,5786,7,5786,2,10231,3,1.0286378000164405
3,0,,2026-07-29T08:46:07.830997,110156,5887,2347,5887,711,5887,93,5887,6,5887,1,10167,4,1.028152399987448
3,0,,2026-07-29T08:46:08.859597,109174,5711,2308,5711,669,5711,83,5711,4,5711,0,10140,0,1.0282943000202067
3,0,,2026-07-29T08:46:09.888134,108755,5730,2330,5730,650,5730,82,5730,5,5730,0,10077,0,1.0282473999832291
3,0,,2026-07-29T08:46:10.917109,109392,5880,2264,5880,683,5880,81,5880,6,5880,2,10228,2,1.0286615999939386
3,0,,2026-07-29T08:46:11.944469,109618,5870,2403,5870,692,5870,91,5870,3,5870,0,10008,5,1.02710009997827
3,0,,2026-07-29T08:46:12.973161,109203,5783,2330,5783,647,5783,91,5783,1,5783,0,9967,2,1.028479399974458
3,0,,2026-07-29T08:46:14.001289,109655,5834,2274,5834,705,5834,91,5834,7,5834,0,10160,2,1.027744499995606
3,0,,2026-07-29T08:46:15.029116,109038,5755,2339,5755,643,5755,84,5755,2,5755,1,10004,1,1.0275334999896586
3,0,,2026-07-29T08:46:16.057914,109249,5779,2301,5779,689,5779,85,5779,3,5779,0,10276,2,1.0284444999997504
3,0,,2026-07-29T08:46:17.084624,109269,5754,2389,5754,625,5754,79,5754,7,5754,3,10309,5,1.0263666000100784
3,0,,2026-07-29T08:46:18.111583,109219,5824,2345,5824,657,5824,110,5824,9,5824,2,9890,3,1.0267295999801718
3,0,,2026-07-29T08:46:19.138479,109332,5688,2263,5688,666,5688,90,5688,10,5688,0,10114,3,1.0266522000019904
3,0,,2026-07-29T08:46:20.166771,109927,5752,2309,5752,684,5752,70,5752,7,5752,0,9989,5,1.028003700019326
3,0,,2026-07-29T08:46:21.195184,109592,5764,2286,5764,636,5764,95,5764,7,5764,0,10029,3,1.0280729999940377
3,0,,2026-07-29T08:46:22.224567,110013,5717,2219,5717,667,5717,81,5717,7,5717,0,10239,4,1.0290495000081137
3,0,,2026-07-29T08:46:23.252591,110088,5826,2270,5826,673,5826,83,5826,5,5826,2,10053,0,1.027661400003126
3,0,,2026-07-29T08:46:24.280365,109329,5694,2274,5694,665,5694,75,5694,6,5694,0,10213,3,1.027534499997273
3,0,,2026-07-29T08:46:25.307353,109128,5766,2307,5766,634,5766,86,5766,4,5766,0,10037,0,1.0268390999990515
3,0,,2026-07-29T08:46:26.334188,109622,5933,2386,5933,634,5933,82,5933,7,5933,1,10174,5,1.0266454000084195
3,0,,2026-07-29T08:46:27.361282,109485,5777,2330,5777,666,5777,106,5777,8,5777,0,10116,2,1.026842100021895
3,0,,2026-07-29T08:46:28.389423,108976,5700,2293,5700,696,5700,98,5700,3,5700,0,10186,3,1.0278823999979068
3,0,,2026-07-29T08:46:29.417729,109000,5665,2211,5665,686,5665,86,5665,5,5665,0,9984,1,1.0279680000094231
3,0,,2026-07-29T08:46:30.447049,109956,5731,2242,5731,656,5731,79,5731,7,5731,2,10179,1,1.0289302000019234
3,0,,2026-07-29T08:46:31.473909,109423,5766,2317,5766,693,5766,88,5766,4,5766,0,10165,0,1.0264612000028137
3,0,,2026-07-29T08:46:32.502804,109510,5695,2260,5695,636,5695,94,5695,8,5695,1,10097,2,1.0285394999955315
3,0,,2026-07-29T08:46:33.529535,109798,5843,2269,5843,727,5843,83,5843,5,5843,3,10001,3,1.0263506000046618
3,0,,2026-07-29T08:46:34.556701,109054,5676,2164,5676,699,5676,90,5676,9,5676,1,10236,3,1.0268947000149637
3,0,,2026-07-29T08:46:35.584499,109554,5745,2263,5745,671,5745,100,5745,6,5745,2,9880,1,1.0275285999814514
3,0,,2026-07-29T08:46:36.613333,109936,5834,2306,5834,664,5834,92,5834,2,5834,0,10190,3,1.0285738999955356
3,0,,2026-07-29T08:46:37.640168,109703,5823,2278,5823,673,5823,77,5823,4,5823,1,10151,0,1.026472500001546
3,0,,2026-07-29T08:46:38.667301,109140,5747,2269,5747,682,5747,90,5747,4,5747,1,10116,3,1.0268465999979526
3,0,,2026-07-29T08:46:39.696484,108770,5599,2257,5599,672,5599,83,5599,2,5599,2,10051,1,1.0288605999958236
3,0,,2026-07-29T08:46:40.725699,108993,5862,2369,5862,687,5862,81,5862,6,5862,1,10006,4,1.0288292999903206
3,0,,2026-07-29T08:46:41.755031,109755,5725,2271,5725,670,5725,86,5725,9,5725,2,10223,0,1.0288891000091098
3,0,,2026-07-29T08:46:42.782229,109901,5733,2265,5733,699,5733,92,5733,4,5733,1,10350,6,1.0268453999888152
3,0,,2026-07-29T08:46:43.810141,108963,5639,2305,5639,639,5639,104,5639,7,5639,0,9977,2,1.0276393000094686
3,0,,2026-07-29T08:46:44.839492,109755,5705,2276,5705,658,5705,99,5705,5,5705,2,10088,5,1.029031699988991
3,0,,2026-07-29T08:46:45.867508,109462,5652,2333,5652,635,5652,97,5652,7,5652,1,10104,2,1.027647800015984
3,0,,2026-07-29T08:46:46.896868,108931,5719,2255,5719,637,5719,85,5719,8,5719,1,10067,2,1.0290936999954283
3,0,,2026-07-29T08:46:47.925419,109552,5814,2266,5814,691,5814,101,5814,6,5814,1,10085,2,1.028208600007929
3,0,,2026-07-29T08:46:48.952233,109672,5844,2343,5844,680,5844,83,5844,5,5844,0,9979,0,1.0264536000031512
3,0,,2026-07-29T08:46:49.979854,109481,5679,2217,5679,654,5679,99,5679,5,5679,0,10084,1,1.0274390999984462
3,0,,2026-07-29T08:46:51.007543,109751,5892,2332,5892,679,5892,86,5892,3,5892,2,10058,5,1.0274141999834683
3,0,,2026-07-29T08:46:52.036532,110277,5758,2283,5758,650,5758,105,5758,4,5758,2,10039,3,1.0286270000215154
3,0,,2026-07-29T08:46:53.064313,109451,5735,2271,5735,690,5735,98,5735,9,5735,0,10059,3,1.0274092000036035
3,0,,2026-07-29T08:46:54.092909,109285,5691,2244,5691,644,5691,84,5691,2,5691,1,10178,2,1.02832519999356
3,0,,2026-07-29T08:46:55.121740,109583,5722,2288,5722,657,5722,77,5722,3,5722,0,10196,1,1.0284276999882422
3,0,,2026-07-29T08:46:56.150762,108555,5676,2238,5676,598,5676,96,5676,5,5676,0,10018,4,1.0286414999864064
3,0,,2026-07-29T08:46:57.180230,109595,5789,2281,5789,666,5789,88,5789,5,5789,1,10250,4,1.0290805000113323
3,0,,2026-07-29T08:46:58.209621,110074,5866,2333,5866,675,5866,94,5866,4,5866,1,10089,3,1.0289332000247668
3,0,,2026-07-29T08:46:59.238700,109470,5875,2297,5875,651,5875,80,5875,3,5875,1,10238,2,1.0286794000130612
3,0,,2026-07-29T08:47:00.265305,109503,5722,2349,5722,662,5722,91,5722,3,5722,0,10176,0,1.026262500003213
3,0,,2026-07-29T08:47:01.293996,109506,5700,2238,5700,668,5700,102,5700,4,5701,2,10023,3,1.028433600004064
3,0,,2026-07-29T08:47:02.323490,109280,5739,2330,5739,691,5739,74,5739,4,5738,1,10108,4,1.0290925999870524
3,0,,2026-07-29T08:47:03.352321,109443,5668,2237,5668,654,5668,81,5668,5,5668,0,10125,2,1.0285235999908764
3,0,,2026-07-29T08:47:04.379416,109300,5768,2327,5768,645,5768,78,5768,10,5768,2,10150,0,1.0267466000223067
3,0,,2026-07-29T08:47:05.408470,109060,5751,2321,5751,667,5751,86,5751,3,5751,1,10278,1,1.0287681999907363
3,0,,2026-07-29T08:47:06.437928,109439,5874,2375,5874,646,5874,93,5874,1,5874,1,9994,3,1.0291039000148885
3,0,,2026-07-29T08:47:07.466178,109065,5792,2347,5792,680,5792,92,5792,4,5792,1,10051,4,1.0278762000089046
3,0,,2026-07-29T08:47:08.495253,109236,5608,2235,5608,639,5608,91,5608,6,5608,0,10104,1,1.0287185999914072
3,0,,2026-07-29T08:47:09.524480,109588,5737,2245,5737,689,5737,81,5737,8,5737,2,10135,1,1.0288072999974247
3,0,,2026-07-29T08:47:10.553093,109759,6059,2407,6059,713,6059,91,6059,7,6059,1,10039,3,1.02823769999668
3,0,,2026-07-29T08:47:11.581742,108916,5738,2332,5738,654,5738,90,5738,4,5738,2,10168,1,1.028431599988835
3,0,,2026-07-29T08:47:12.609060,109027,5753,2298,5753,685,5753,77,5753,5,5753,0,10072,0,1.0270807000051718
3,0,,2026-07-29T08:47:13.636376,109348,5748,2294,5748,661,5748,95,5748,3,5748,0,9975,2,1.0270694000064395
3,0,,2026-07-29T08:47:14.665611,109278,5785,2388,5785,672,5785,96,5785,4,5785,2,10163,5,1.028984100004891
3,0,,2026-07-29T08:47:15.694021,109178,5805,2246,5805,656,5805,79,5805,2,5805,1,10112,3,1.0280086999991909
3,0,,2026-07-29T08:47:16.723240,109482,5846,2363,5846,614,5846,88,5846,6,5846,1,10233,1,1.0289174999925308
3,0,,2026-07-29T08:47:17.751154,109797,5730,2287,5730,665,5730,80,5730,2,5730,1,10247,3,1.0276032999972813
3,0,,2026-07-29T08:47:18.777803,109888,5609,2366,5609,574,5609,88,5609,5,5609,0,10319,1,1.026380600000266
3,0,,2026-07-29T08:47:19.805485,109022,5728,2291,5728,676,5728,89,5728,8,5728,2,10062,0,1.0274195999954827
3,0,,2026-07-29T08:47:20.832766,109319,5884,2410,5884,650,5884,77,5884,8,5884,1,10247,0,1.0270224999985658
3,0,,2026-07-29T08:47:21.858951,109580,5683,2308,5683,690,5683,81,5683,12,5684,1,10193,0,1.0259406999975909
3,0,,2026-07-29T08:47:22.886430,109737,5809,2383,5809,678,5809,94,5809,8,5808,2,10110,10,1.027345400012564
3,0,,2026-07-29T08:47:23.913460,109552,5949,2347,5949,711,5949,91,5949,8,5949,1,10035,1,1.0267550999997184
3,0,,2026-07-29T08:47:24.940571,109082,5749,2375,5749,676,5749,80,5749,7,5749,0,10212,0,1.026902199984761
3,0,,2026-07-29T08:47:25.968736,109053,5871,2356,5871,703,5871,88,5871,2,5871,0,10213,4,1.0279053999984171
3,0,,2026-07-29T08:47:26.997491,109302,5802,2318,5802,667,5802,86,5802,2,5802,0,10082,1,1.0284047999884933
3,0,,2026-07-29T08:47:28.025807,109249,5794,2354,5794,690,5794,80,5794,2,5794,0,10141,2,1.027961799991317
3,0,,2026-07-29T08:47:29.053807,109870,5738,2281,5738,649,5738,81,5738,4,5738,3,10090,2,1.0277159000106622
3,0,,2026-07-29T08:47:30.083069,109296,5802,2410,5802,654,5802,71,5802,8,5802,2,10252,1,1.0289136999926995
3,0,,2026-07-29T08:47:31.111595,109372,5853,2330,5853,707,5853,65,5853,1,5853,0,10098,0,1.0281620000023395
3,0,,2026-07-29T08:47:32.140652,109135,5629,2202,5629,689,5629,68,5629,6,5629,0,10138,1,1.0287531000212766
3,0,,2026-07-29T08:47:33.169807,109782,5840,2344,5840,709,5840,92,5840,4,5840,2,9941,3,1.0287516000098549
3,0,,2026-07-29T08:47:34.198150,109018,5799,2376,5799,684,5799,89,5799,2,5799,0,10136,1,1.0281343999959063
3,0,,2026-07-29T08:47:35.225570,109140,5657,2235,5657,647,5657,92,5657,6,5657,1,10017,2,1.0270656000066083
3,0,,2026-07-29T08:47:36.255609,108925,5826,2308,5826,716,5826,90,5826,4,5826,1,10103,0,1.0297125000215601
3,0,,2026-07-29T08:47:37.284609,109459,5704,2247,5704,693,5704,82,5704,8,5704,1,10146,7,1.0286811000260059
3,0,,2026-07-29T08:47:38.313468,109444,5745,2256,5745,697,5745,84,5745,4,5745,1,10069,1,1.028494900005171
3,0,,2026-07-29T08:47:39.341452,109047,5835,2322,5835,734,5835,90,5835,4,5835,2,10119,3,1.0277058000210673
3,0,,2026-07-29T08:47:40.370985,109108,5640,2259,5640,639,5640,91,5640,10,5640,0,10258,2,1.029173399991123
3,0,,2026-07-29T08:47:41.399782,109740,5905,2329,5905,725,5905,98,5905,8,5905,0,10058,3,1.0284465000149794
3,0,,2026-07-29T08:47:42.427748,109797,5723,2281,5723,693,5723,79,5723,7,5723,0,10089,2,1.0277127000153996
3,0,,2026-07-29T08:47:43.457030,109850,5716,2280,5716,688,5716,92,5716,2,5716,2,10154,1,1.029103800014127
3,0,,2026-07-29T08:47:44.484934,109684,5863,2316,5863,746,5863,82,5863,11,5863,2,9908,0,1.0275086000037845
3,0,,2026-07-29T08:47:45.513302,108943,5648,2206,5648,690,5648,79,5648,4,5648,1,9972,2,1.0281557000125758
3,0,,2026-07-29T08:47:46.542010,109203,5829,2305,5829,617,5829,94,5829,6,5829,1,10334,2,1.0284098000265658
3,0,,2026-07-29T08:47:47.570747,109897,5769,2329,5769,679,5769,79,5769,6,5769,2,10053,1,1.02839039999526
3,0,,2026-07-29T08:47:48.597767,109246,5818,2380,5818,682,5818,67,5818,4,5818,1,10067,1,1.026707000011811
3,0,,2026-07-29T08:47:49.626746,108925,5824,2305,5824,671,5824,92,5824,12,5824,1,10129,0,1.028837999998359
3,0,,2026-07-29T08:47:50.655993,109208,5684,2298,5684,677,5684,86,5684,4,5684,2,10151,3,1.0288971999834757
3,0,,2026-07-29T08:47:51.685678,109628,5836,2318,5836,685,5836,100,5836,6,5836,1,10255,2,1.0292907000111882
3,0,,2026-07-29T08:47:52.714317,109548,5714,2271,5714,669,5714,107,5714,6,5714,0,10109,0,1.0282914999988861
3,0,,2026-07-29T08:47:53.742850,109148,5808,2341,5808,674,5808,100,5808,5,5808,0,10206,1,1.0281994999968447
3,0,,2026-07-29T08:47:54.771853,109660,5857,2382,5857,645,5857,85,5857,6,5857,1,10275,3,1.0286744000040926
3,0,,2026-07-29T08:47:55.800580,109720,5761,2336,5761,651,5761,91,5761,12,5761,1,10283,2,1.0283097000210546
3,0,,2026-07-29T08:47:56.829054,109721,5777,2349,5777,701,5777,89,5777,7,5777,0,10221,3,1.0280475999752525
3,0,,2026-07-29T08:47:57.857730,109490,5759,2219,5759,661,5759,80,5759,3,5759,0,9988,3,1.0283500000077765
3,0,,2026-07-29T08:47:58.887441,109183,5757,2244,5757,659,5757,103,5757,4,5757,0,10060,2,1.0293428000004496
3,0,,2026-07-29T08:47:59.914239,109380,5856,2425,5856,646,5856,70,5856,5,5856,0,9994,5,1.0264668999880087
3,0,,2026-07-29T08:48:00.942669,108895,5722,2281,5722,680,5722,80,5722,4,5722,1,9902,2,1.0281451999908313
3,0,,2026-07-29T08:48:01.969915,109825,5793,2294,5793,687,5793,85,5793,10,5793,1,10169,2,1.0269111999950837
3,0,,2026-07-29T08:48:02.997352,109422,5728,2231,5728,693,5728,91,5728,6,5728,1,9957,1,1.0271662999875844
3,0,,2026-07-29T08:48:04.024005,109216,5827,2299,5827,639,5827,94,5827,4,5827,3,10095,2,1.0263860000122804
3,0,,2026-07-29T08:48:05.051465,108919,5789,2297,5789,658,5789,90,5789,3,5789,0,10154,4,1.0271936999924947
3,0,,2026-07-29T08:48:06.080978,109326,5672,2314,5672,671,5672,73,5672,7,5672,0,10058,3,1.029318199987756
3,0,,2026-07-29T08:48:07.109924,109762,5682,2292,5682,631,5682,81,5682,7,5682,1,10126,1,1.0285571000131313
3,0,,2026-07-29T08:48:08.138947,109064,5740,2310,5740,655,5740,107,5740,7,5740,0,10072,1,1.0286599999817554
3,0,,2026-07-29T08:48:09.166632,108906,5728,2234,5728,663,5728,86,5728,3,5728,0,9982,2,1.0273459000163712
3,0,,2026-07-29T08:48:10.196030,108472,5686,2226,5686,674,5686,100,5686,9,5686,2,10093,0,1.0291403000010177
3,0,,2026-07-29T08:48:11.224078,109151,5616,2275,5616,638,5616,75,5616,5,5616,1,10003,3,1.0277469000138808
3,0,,2026-07-29T08:48:12.252131,109595,5771,2297,5771,627,5771,96,5771,6,5771,1,10095,1,1.0276662000105716
3,0,,2026-07-29T08:48:13.278990,109252,5788,2307,5788,643,5788,99,5788,8,5788,0,10093,1,1.0266588999947999
3,0,,2026-07-29T08:48:14.332504,111834,5935,2371,5935,688,5935,87,5935,4,5935,0,10171,4,1.0532609000219963
3,0,,2026-07-29T08:48:15.360959,109613,5764,2251,5764,712,5764,93,5764,6,5764,1,10109,4,1.0281892000057269
3,0,,2026-07-29T08:48:16.390256,109736,5840,2372,5840,644,5840,95,5840,1,5840,1,10051,2,1.028910100023495
3,0,,2026-07-29T08:48:17.419521,109280,5795,2294,5795,686,5795,87,5795,0,5795,1,10285,6,1.0289380000031088
3,0,,2026-07-29T08:48:18.448530,109238,5806,2324,5806,668,5806,89,5806,8,5806,0,10139,0,1.0286635000084061
3,0,,2026-07-29T08:48:19.477318,109525,5755,2258,5755,659,5755,91,5755,5,5755,1,9879,4,1.0284230000106618
3,0,,2026-07-29T08:48:20.506351,109494,5708,2242,5708,684,5708,85,5709,3,5709,0,10014,1,1.0286435000016354
3,0,,2026-07-29T08:48:21.535142,109504,5860,2370,5860,637,5860,93,5859,10,5859,0,10157,7,1.0283491000009235
3,0,,2026-07-29T08:48:22.564459,109594,5708,2312,5708,648,5708,84,5708,5,5708,3,10222,2,1.0288612000003923
3,0,,2026-07-29T08:48:23.593420,108965,5660,2243,5660,634,5660,90,5660,1,5660,0,10205,2,1.0285323000280187
3,0,,2026-07-29T08:48:24.622464,109441,5707,2279,5707,656,5707,76,5707,3,5707,0,10285,1,1.028652900015004
3,0,,2026-07-29T08:48:25.652265,109513,5615,2255,5615,618,5615,84,5615,3,5615,1,10025,2,1.0294182999932673
3,0,,2026-07-29T08:48:26.681348,109883,5865,2293,5865,722,5865,103,5865,4,5865,1,9983,2,1.0287161000014748
3,0,,2026-07-29T08:48:27.710186,109515,5670,2237,5670,692,5670,96,5670,3,5670,1,10177,3,1.0284578000137117
3,0,,2026-07-29T08:48:28.739206,109763,5862,2286,5862,701,5862,105,5862,7,5862,0,9997,0,1.0286290000076406
3,0,,2026-07-29T08:48:29.768069,109224,5728,2324,5728,696,5728,76,5728,5,5728,0,10267,6,1.0285349999903701
3,0,,2026-07-29T08:48:30.796400,109394,5806,2299,5806,722,5806,99,5806,4,5806,0,10004,4,1.027991100010695
3,0,,2026-07-29T08:48:31.825069,109018,5690,2182,5690,666,5690,97,5690,7,5690,1,10026,1,1.0283000000054017
3,0,,2026-07-29T08:48:32.853853,108766,5725,2290,5725,649,5725,89,5725,5,5725,0,10176,1,1.0284194000123534
3,0,,2026-07-29T08:48:33.882266,109543,5645,2303,5645,652,5645,81,5645,5,5645,1,10121,2,1.028130200022133
3,0,,2026-07-29T08:48:34.910293,109634,5884,2332,5884,698,5884,87,5884,4,5884,1,10269,1,1.0277392000134569
3,0,,2026-07-29T08:48:35.938525,108840,5736,2268,5736,683,5736,89,5736,7,5736,1,10076,1,1.0279410000075586
3,0,,2026-07-29T08:48:36.967853,109339,5783,2265,5783,675,5783,85,5783,3,5783,2,10156,3,1.028999300004216
3,0,,2026-07-29T08:48:37.995083,109759,5890,2372,5890,694,5890,95,5890,5,5890,0,10330,1,1.0269452999928035
3,0,,2026-07-29T08:48:39.022222,109534,5784,2342,5784,692,5784,89,5784,11,5784,0,10006,1,1.026882200007094
3,0,,2026-07-29T08:48:40.050796,109561,5740,2301,5740,697,5740,90,5740,3,5740,0,10192,4,1.0283800000033807
3,0,,2026-07-29T08:48:41.078598,109655,5816,2316,5816,668,5816,102,5816,5,5816,0,10169,1,1.0274546000000555
3,0,,2026-07-29T08:48:42.105497,109499,5775,2341,5775,654,5775,82,5775,8,5775,0,10098,3,1.0266061000002082
3,0,,2026-07-29T08:48:43.134629,109555,5805,2306,5805,666,5805,86,5805,3,5805,0,10041,2,1.0288292999903206
3,0,,2026-07-29T08:48:44.164015,108935,5720,2266,5720,642,5720,90,5720,2,5720,0,10140,4,1.0289113000035286
3,0,,2026-07-29T08:48:45.192753,109612,5771,2280,5771,693,5771,97,5771,6,5772,2,10106,3,1.0282758000248577
3,0,,2026-07-29T08:48:46.221625,109064,5757,2278,5757,702,5757,72,5757,6,5756,4,10090,2,1.0284818999934942
3,0,,2026-07-29T08:48:47.250629,109431,5703,2246,5703,706,5703,90,5703,8,5703,0,10197,0,1.028642100020079
3,0,,2026-07-29T08:48:48.278995,109361,5863,2268,5863,762,5863,99,5863,5,5863,1,10075,1,1.0280023000086658
3,0,,2026-07-29T08:48:49.307579,109375,5678,2284,5678,676,5678,88,5678,5,5678,2,10185,3,1.0283402999921236
3,0,,2026-07-29T08:48:50.336545,109676,5762,2303,5762,655,5762,103,5762,6,5762,1,10283,2,1.0285319999966305
3,0,,2026-07-29T08:48:51.365879,109566,5690,2295,5690,668,5690,85,5690,5,5690,0,10131,2,1.0289610000036191
3,0,,2026-07-29T08:48:52.394669,109502,5671,2260,5671,632,5671,105,5671,6,5671,1,10227,0,1.0283900999929756
3,0,,2026-07-29T08:48:53.423382,109060,5769,2346,5769,697,5769,84,5769,10,5769,1,9975,7,1.0283419000043068
3,0,,2026-07-29T08:48:54.451950,109924,5762,2333,5762,657,5762,96,5762,9,5762,0,10163,4,1.028218099992955
3,0,,2026-07-29T08:48:55.480369,108947,5663,2236,5663,664,5663,85,5663,7,5663,2,10167,2,1.0280895000032615
3,0,,2026-07-29T08:48:56.509321,109394,5734,2271,5734,684,5734,88,5734,5,5734,0,10155,2,1.0285814000235405
3,0,,2026-07-29T08:48:57.537417,109055,5734,2250,5734,650,5734,87,5734,4,5734,1,10010,2,1.027731699985452
3,0,,2026-07-29T08:48:58.566417,109183,5673,2236,5673,651,5673,104,5673,7,5673,0,10261,5,1.0286387000232935
3,0,,2026-07-29T08:48:59.594301,109833,5831,2291,5831,696,5831,78,5831,5,5831,0,10124,1,1.0274098000081722
3,0,,2026-07-29T08:49:00.624046,108762,5705,2237,5705,683,5705,78,5705,7,5705,1,10115,2,1.0293120999995153
3,0,,2026-07-29T08:49:01.653172,108691,5602,2241,5602,603,5602,77,5602,7,5602,2,10209,2,1.028709699981846
3,0,,2026-07-29T08:49:02.679684,109221,5856,2375,5856,650,5856,84,5856,10,5856,1,9972,4,1.0262556999805383
3,0,,2026-07-29T08:49:03.706461,109598,5764,2311,5764,658,5764,90,5764,7,5764,2,10256,4,1.0266472999937832
3,0,,2026-07-29T08:49:04.733822,109370,5813,2324,5813,653,5813,101,5813,3,5813,1,10134,5,1.027234999986831
3,0,,2026-07-29T08:49:05.761690,109392,5747,2324,5747,647,5747,84,5747,5,5747,2,10166,2,1.0275904999871273
3,0,,2026-07-29T08:49:06.789874,109802,5810,2367,5810,659,5810,89,5810,10,5810,2,10273,2,1.027893699996639
3,0,,2026-07-29T08:49:07.819076,109371,5679,2259,5679,638,5679,97,5679,9,5679,1,10100,3,1.028886699990835
3,0,,2026-07-29T08:49:08.848339,109692,5785,2252,5785,684,5785,93,5785,4,5785,1,10226,1,1.0288946999935433
3,0,,2026-07-29T08:49:09.876942,109877,5751,2232,5751,682,5751,97,5752,2,5752,2,10189,1,1.0282703999837395
3,0,,2026-07-29T08:49:10.904841,109180,5712,2269,5712,690,5712,95,5711,4,5711,1,9939,3,1.02761780002038
3,0,,2026-07-29T08:49:11.934170,109318,5793,2307,5793,691,5793,88,5793,4,5793,0,10033,1,1.0290257000015117
3,0,,2026-07-29T08:49:12.961591,109008,5697,2209,5697,673,5697,87,5697,7,5697,2,10144,2,1.0271307000075467
3,0,,2026-07-29T08:49:13.991151,109294,5631,2236,5631,672,5631,88,5631,7,5631,1,10098,2,1.029380799998762
3,0,,2026-07-29T08:49:15.020728,109304,5730,2212,5730,730,5730,93,5730,8,5730,1,10158,3,1.0291832000075374
3,0,,2026-07-29T08:49:16.049886,109640,5744,2308,5744,657,5744,79,5744,3,5744,1,10245,1,1.0287271999986842
3,0,,2026-07-29T08:49:17.077422,109102,5652,2260,5652,615,5652,82,5652,6,5652,0,10163,1,1.0271889999858104
3,0,,2026-07-29T08:49:18.106298,109765,5827,2335,5827,689,5827,89,5827,7,5827,5,10056,3,1.0286056000040844
3,0,,2026-07-29T08:49:19.135289,109401,5782,2271,5782,662,5782,102,5782,8,5782,1,9990,2,1.0285523999773432
3,0,,2026-07-29T08:49:20.163836,109665,5680,2317,5680,702,5680,100,5680,4,5680,1,10010,2,1.028207499999553
3,0,,2026-07-29T08:49:21.191205,109238,5753,2313,5753,665,5753,72,5753,5,5753,0,10124,4,1.0270077000022866
3,0,,2026-07-29T08:49:22.220459,109510,5805,2311,5805,606,5805,68,5805,3,5805,2,9992,3,1.028935000009369
3,0,,2026-07-29T08:49:23.248673,109479,5708,2239,5708,646,5708,87,5708,7,5708,1,10202,2,1.0278963999880943
3,0,,2026-07-29T08:49:24.277940,109690,5880,2332,5880,683,5880,92,5880,3,5880,3,10242,5,1.028973300009966
3,0,,2026-07-29T08:49:25.304542,109608,5698,2275,5698,639,5698,84,5698,2,5698,0,10009,3,1.02628060002462
3,0,,2026-07-29T08:49:26.331267,109573,5820,2364,5820,709,5820,82,5820,8,5820,0,10001,1,1.0264738000114448
3,0,,2026-07-29T08:49:27.358277,109790,5746,2310,5746,636,5746,80,5746,1,5746,0,9953,1,1.0268938999797683
3,0,,2026-07-29T08:49:28.385156,108799,5781,2345,5781,684,5781,76,5781,7,5781,2,10249,2,1.0266296000045259
3,0,,2026-07-29T08:49:29.412221,109166,5842,2319,5842,656,5842,98,5842,2,5842,1,10071,2,1.0268552000052296
3,0,,2026-07-29T08:49:30.439871,109207,5721,2245,5721,677,5721,85,5721,3,5721,1,10218,2,1.027391899988288
3,0,,2026-07-29T08:49:31.468712,109002,5774,2324,5774,699,5774,90,5774,3,5774,1,10108,6,1.0285370000055991
3,0,,2026-07-29T08:49:32.496366,108630,5705,2244,5705,670,5705,95,5705,3,5705,2,10043,2,1.0274897000053898
3,0,,2026-07-29T08:49:33.524463,109380,5671,2299,5671,675,5671,86,5671,4,5671,1,10157,1,1.027728000015486
3,0,,2026-07-29T08:49:34.553394,109760,5699,2288,5699,711,5699,91,5699,3,5699,0,10174,6,1.0286513000028208
3,0,,2026-07-29T08:49:35.582423,109337,5652,2235,5652,702,5652,102,5652,11,5652,2,10239,1,1.02875289999065
3,0,,2026-07-29T08:49:36.611289,109886,5868,2297,5868,672,5868,83,5868,4,5868,3,10050,4,1.028511200012872
3,0,,2026-07-29T08:49:37.639981,109997,5794,2333,5794,699,5794,78,5794,4,5794,4,9998,2,1.028374099987559
3,0,,2026-07-29T08:49:38.668610,109501,5705,2295,5705,631,5705,76,5705,8,5705,1,9975,1,1.0282602999941446
3,0,,2026-07-29T08:49:39.696312,109847,5764,2260,5764,715,5764,84,5764,6,5764,1,10101,6,1.0273329999763519
3,0,,2026-07-29T08:49:40.725552,109111,5799,2305,5799,714,5799,98,5799,4,5799,0,10111,2,1.0289662000141107
3,0,,2026-07-29T08:49:41.755866,108735,5733,2248,5733,684,5733,86,5733,6,5733,0,10015,0,1.0299893000046723
3,0,,2026-07-29T08:49:42.785185,109437,5775,2279,5775,683,5775,94,5775,9,5775,3,10113,1,1.0289161000109743
3,0,,2026-07-29T08:49:43.811730,109501,5707,2267,5707,644,5707,78,5707,3,5707,1,10092,2,1.0261886999942362
3,0,,2026-07-29T08:49:44.840347,108887,5726,2317,5726,700,5726,87,5726,3,5726,2,10171,3,1.0284222999762278
3,0,,2026-07-29T08:49:45.868846,109964,5807,2304,5807,669,5807,90,5807,5,5807,0,10196,3,1.028159199981019
3,0,,2026-07-29T08:49:46.897511,109449,5783,2326,5783,650,5783,83,5783,7,5783,0,10097,3,1.028274500014959
3,0,,2026-07-29T08:49:47.926976,109938,5776,2312,5776,651,5776,93,5776,3,5776,1,10056,4,1.0290960999845993
3,0,,2026-07-29T08:49:48.954672,109323,5790,2332,5790,666,5790,79,5790,6,5790,1,10141,2,1.0273393999959808
3,0,,2026-07-29T08:49:49.983139,109107,5850,2309,5850,648,5850,86,5850,6,5850,0,9974,4,1.0282488999946509
3,0,,2026-07-29T08:49:51.010994,109109,5746,2259,5746,659,5746,91,5746,3,5746,0,10130,4,1.0275884000002407
3,0,,2026-07-29T08:49:52.037997,109393,5729,2315,5729,655,5729,88,5729,9,5729,0,10187,3,1.0268203000014182
3,0,,2026-07-29T08:49:53.065188,109068,5747,2292,5747,631,5747,83,5747,4,5747,0,9996,1,1.0269728999992367
3,0,,2026-07-29T08:49:54.093877,109304,5775,2263,5775,623,5775,90,5775,3,5775,2,10029,2,1.0283046000113245
3,0,,2026-07-29T08:49:55.121896,109317,5744,2271,5744,665,5744,90,5744,9,5744,0,10020,4,1.0276193000026979
3,0,,2026-07-29T08:49:56.149805,110110,5893,2344,5893,690,5893,93,5893,5,5893,0,10114,2,1.0276461000030395
3,0,,2026-07-29T08:49:57.178458,109228,5817,2267,5817,645,5817,83,5817,13,5817,0,9956,1,1.0283255000249483
3,0,,2026-07-29T08:49:58.206740,110039,5728,2276,5728,688,5728,82,5728,7,5728,2,10005,1,1.0279504999925848
3,0,,2026-07-29T08:49:59.235332,109355,5737,2269,5737,686,5737,88,5737,4,5737,3,10197,1,1.0282888999790885
3,0,,2026-07-29T08:50:00.264301,109327,5692,2261,5692,678,5692,102,5692,4,5692,1,10228,3,1.028663199977018
3,0,,2026-07-29T08:50:01.294885,109130,5657,2271,5657,655,5657,85,5657,5,5657,1,10150,3,1.0301331000227947
3,0,,2026-07-29T08:50:02.323786,109769,5789,2226,5789,660,5789,91,5789,2,5789,1,10186,2,1.0285236999916378
3,0,,2026-07-29T08:50:03.352353,109462,5743,2292,5743,649,5743,99,5743,5,5743,2,10031,3,1.0283091999881435
3,0,,2026-07-29T08:50:04.382446,109896,5749,2308,5749,613,5749,77,5749,5,5749,0,10341,4,1.029772799985949
3,0,,2026-07-29T08:50:05.411347,109610,5787,2287,5787,710,5787,86,5787,8,5787,1,10273,1,1.0285882000171114
3,0,,2026-07-29T08:50:06.440773,109107,5743,2298,5743,650,5743,76,5743,8,5743,1,10087,2,1.0290508999896701
3,0,,2026-07-29T08:50:07.470482,109540,5766,2345,5766,657,5766,92,5766,4,5766,0,10258,1,1.029255600005854
3,0,,2026-07-29T08:50:08.499242,109930,5777,2387,5777,649,5777,75,5777,6,5777,0,10309,2,1.0283923000097275
3,0,,2026-07-29T08:50:09.527180,109644,5743,2299,5743,650,5743,94,5743,5,5743,1,9977,4,1.0275816000066698
3,0,,2026-07-29T08:50:10.555826,109556,5748,2266,5748,653,5748,76,5748,5,5748,2,10142,4,1.0283316999848466
3,0,,2026-07-29T08:50:11.585192,109788,5874,2364,5874,693,5874,91,5874,4,5874,2,10135,1,1.0290251999977045
3,0,,2026-07-29T08:50:12.614786,109535,5812,2309,5812,676,5812,92,5812,7,5812,0,10288,0,1.0292334000114352
3,0,,2026-07-29T08:50:13.643813,109340,5860,2351,5860,700,5860,81,5860,4,5860,0,10154,1,1.0286904000095092
3,0,,2026-07-29T08:50:14.672612,109347,5666,2311,5666,665,5666,79,5666,5,5666,0,10035,2,1.0284148999780882
3,0,,2026-07-29T08:50:15.701020,108982,5743,2281,5743,702,5743,86,5743,6,5743,0,10190,2,1.0279954000143334
3,0,,2026-07-29T08:50:16.730430,109509,5749,2296,5749,662,5749,92,5749,2,5749,1,9979,2,1.0290853999904357
3,0,,2026-07-29T08:50:17.759603,108954,5715,2310,5715,647,5715,74,5715,2,5715,1,10305,1,1.0287640999886207
3,0,,2026-07-29T08:50:18.788579,109671,5756,2234,5756,621,5756,95,5756,4,5756,0,10019,3,1.0286056000040844
3,0,,2026-07-29T08:50:19.818268,109709,5923,2367,5923,696,5923,106,5923,11,5923,0,10106,1,1.029377700004261
3,0,,2026-07-29T08:50:20.847353,109827,5858,2323,5858,716,5858,90,5858,10,5858,1,10202,3,1.028718999994453
3,0,,2026-07-29T08:50:21.876837,109931,5654,2208,5654,617,5654,81,5654,4,5654,0,10238,3,1.0291251000016928
3,0,,2026-07-29T08:50:22.905436,109228,5797,2223,5797,684,5797,86,5797,3,5797,0,10094,1,1.0283280999865383
3,0,,2026-07-29T08:50:23.933345,108782,5772,2316,5772,661,5772,97,5772,4,5772,0,10126,3,1.0276071000262164
3,0,,2026-07-29T08:50:24.962531,109114,5800,2325,5800,688,5800,84,5800,4,5800,1,10131,1,1.0288657000055537
3,0,,2026-07-29T08:50:25.990960,109052,5774,2326,5774,666,5774,100,5774,7,5774,1,10209,2,1.0281047000025865
3,0,,2026-07-29T08:50:27.019136,109424,5803,2320,5803,679,5803,94,5803,2,5803,1,10095,0,1.0279178000055254
3,0,,2026-07-29T08:50:28.047529,109301,5828,2305,5828,691,5828,91,5828,6,5828,1,10296,1,1.028153499995824
3,0,,2026-07-29T08:50:29.075171,109403,5760,2265,5760,669,5760,99,5760,3,5760,0,10061,2,1.0274471000011545
3,0,,2026-07-29T08:50:30.102847,108845,5739,2292,5739,671,5739,80,5739,4,5739,0,9973,2,1.0273626000271179
3,0,,2026-07-29T08:50:31.132056,108845,5826,2283,5826,724,5826,89,5826,3,5826,0,10130,1,1.028893100010464
3,0,,2026-07-29T08:50:32.158543,108857,5672,2310,5672,562,5672,77,5672,3,5672,2,10100,5,1.0261216000071727
3,0,,2026-07-29T08:50:33.185805,109420,5768,2287,5768,660,5768,93,5768,3,5768,0,10077,1,1.0269896000099834
3,0,,2026-07-29T08:50:34.214856,109786,5759,2331,5759,661,5759,81,5759,9,5759,1,10318,1,1.028739300003508
3,0,,2026-07-29T08:50:35.243894,109557,5738,2323,5738,690,5738,86,5738,4,5738,1,10025,1,1.0286746000056155
3,0,,2026-07-29T08:50:36.272569,109631,5633,2264,5633,654,5633,80,5633,9,5633,1,9987,1,1.0282974000147078
3,0,,2026-07-29T08:50:37.301503,109226,5711,2245,5711,667,5711,103,5711,3,5711,1,10303,1,1.0285863000026438
3,0,,2026-07-29T08:50:38.330468,109175,5606,2290,5606,665,5606,91,5606,3,5606,0,10216,2,1.0286583000270184
3,0,,2026-07-29T08:50:39.358888,109212,5753,2280,5753,669,5753,88,5753,6,5753,0,10200,4,1.0280816999729723
3,0,,2026-07-29T08:50:40.386172,109170,5661,2280,5661,652,5661,91,5661,8,5661,2,10147,2,1.0270108999975491
3,0,,2026-07-29T08:50:41.413190,109052,5772,2319,5772,668,5772,77,5772,2,5772,0,10006,1,1.026908400002867
3,0,,2026-07-29T08:50:42.441947,109927,5666,2272,5666,658,5666,66,5666,7,5666,0,10396,4,1.0284325999964494
3,0,,2026-07-29T08:50:43.470594,109186,5784,2348,5784,677,5784,96,5784,3,5784,2,10196,4,1.0282760999980383
3,0,,2026-07-29T08:50:44.498250,109818,5805,2367,5805,604,5805,100,5805,4,5805,1,10080,2,1.0273063000058755
3,0,,2026-07-29T08:50:45.527183,108828,5790,2298,5790,698,5790,86,5790,7,5790,2,9993,2,1.028646499995375
3,0,,2026-07-29T08:50:46.554812,109519,5723,2268,5723,658,5723,87,5723,3,5723,1,10041,1,1.027281699993182
3,0,,2026-07-29T08:50:47.582092,109296,5797,2396,5797,645,5797,87,5797,4,5797,2,10166,3,1.027029799995944
3,0,,2026-07-29T08:50:48.609409,109365,5792,2303,5792,689,5792,82,5792,7,5792,0,10103,0,1.027166899992153
3,0,,2026-07-29T08:50:49.637292,109212,5811,2321,5811,657,5811,91,5811,2,5811,1,10055,2,1.0276053000125103
3,0,,2026-07-29T08:50:50.665396,109869,5751,2297,5751,694,5751,94,5751,2,5751,0,10269,3,1.0279489000095055
3,0,,2026-07-29T08:50:51.693747,109314,5795,2355,5795,652,5795,94,5795,2,5795,1,10097,2,1.0280130000028294
3,0,,2026-07-29T08:50:52.722689,108964,5711,2283,5711,685,5711,87,5711,4,5711,0,10204,6,1.0284892000199761
3,0,,2026-07-29T08:50:53.750070,108998,5775,2293,5775,689,5775,86,5775,4,5775,1,10193,3,1.0270362999872304
3,0,,2026-07-29T08:50:54.779097,108982,5612,2264,5612,619,5612,100,5612,3,5612,4,10153,2,1.0287514999799896
3,0,,2026-07-29T08:50:55.807756,109020,5837,2269,5837,707,5837,87,5837,8,5837,0,10040,2,1.0282958000025246
3,0,,2026-07-29T08:50:56.837181,108576,5830,2293,5830,719,5830,82,5830,6,5830,1,10153,1,1.0290253999992274
3,0,,2026-07-29T08:50:57.866080,109826,5805,2368,5805,692,5805,86,5805,3,5805,1,10039,4,1.0284886000154074
3,0,,2026-07-29T08:50:58.894552,109718,5797,2250,5797,734,5797,83,5797,3,5797,3,10166,1,1.0280813999997918
3,0,,2026-07-29T08:50:59.922939,109165,5724,2292,5724,620,5724,91,5724,5,5724,1,10187,5,1.0280780000030063
3,0,,2026-07-29T08:51:00.951493,109756,5748,2345,5748,648,5748,87,5748,4,5748,2,10178,1,1.0281782999809366
3,0,,2026-07-29T08:51:01.980337,109051,5620,2181,5620,665,5620,98,5620,4,5620,2,10097,2,1.0285185000102501
3,0,,2026-07-29T08:51:03.009125,108899,5710,2301,5710,655,5710,79,5710,1,5710,3,10063,1,1.0283837000024505
3,0,,2026-07-29T08:51:04.037844,109841,5695,2273,5695,674,5695,72,5695,6,5695,1,10131,2,1.0282966999802738
3,0,,2026-07-29T08:51:05.066488,109220,5720,2288,5720,698,5720,79,5720,8,5720,1,10040,1,1.0282237000064924
3,0,,2026-07-29T08:51:06.094246,110007,5723,2283,5723,656,5723,89,5723,7,5723,1,10110,1,1.0274644000164699
3,0,,2026-07-29T08:51:07.121650,108556,5690,2256,5690,687,5690,95,5690,5,5690,2,10086,5,1.0271341000043321
3,0,,2026-07-29T08:51:08.150902,108972,5768,2315,5768,630,5768,108,5768,8,5768,1,10162,2,1.0289182999986224
3,0,,2026-07-29T08:51:09.180052,109459,5862,2295,5862,687,5862,86,5862,7,5862,0,10161,1,1.028753799997503
3,0,,2026-07-29T08:51:10.209407,109739,5723,2333,5723,695,5723,73,5723,7,5723,2,10112,0,1.0290002999827266
3,0,,2026-07-29T08:51:11.236960,109795,5759,2263,5759,680,5759,94,5759,2,5759,2,10096,1,1.027218500006711
3,0,,2026-07-29T08:51:12.265679,108942,5637,2275,5637,647,5637,79,5637,3,5637,1,9914,2,1.0283429000119213
3,0,,2026-07-29T08:51:13.295012,108758,5754,2273,5754,681,5754,92,5754,6,5754,0,10004,2,1.0289264000020921
3,0,,2026-07-29T08:51:14.323857,109273,5861,2353,5861,697,5861,95,5861,6,5861,1,10074,1,1.0285072000115179
3,0,,2026-07-29T08:51:15.350743,109181,5715,2345,5715,664,5715,101,5715,8,5715,1,9981,2,1.0264981999935117
3,0,,2026-07-29T08:51:16.379953,109367,5726,2202,5726,649,5726,97,5726,5,5726,1,10135,2,1.0288998000032734
3,0,,2026-07-29T08:51:17.408906,109596,5739,2298,5739,643,5739,73,5739,3,5739,3,10207,3,1.0285525000072084
3,0,,2026-07-29T08:51:18.437797,109210,5694,2275,5694,661,5694,79,5694,4,5694,1,10104,1,1.0284555999969598
3,0,,2026-07-29T08:51:19.466973,109758,5712,2273,5712,622,5712,79,5712,2,5712,2,10283,3,1.0288147999963257
3,0,,2026-07-29T08:51:20.495877,109200,5798,2264,5798,667,5798,109,5798,3,5798,2,10263,0,1.028407799982233
3,0,,2026-07-29T08:51:21.524310,109465,5641,2348,5641,608,5641,91,5641,5,5641,0,10373,2,1.0280899000063073
3,0,,2026-07-29T08:51:22.553444,109740,5748,2252,5748,668,5748,85,5748,6,5748,1,10073,4,1.028842200001236
3,0,,2026-07-29T08:51:23.582147,109016,5862,2389,5862,701,5862,99,5862,10,5862,0,10092,1,1.0283475000178441
3,0,,2026-07-29T08:51:24.611099,109331,5782,2327,5782,725,5782,64,5782,7,5782,2,10176,2,1.0286265999893658
3,0,,2026-07-29T08:51:25.636889,109440,5828,2376,5828,710,5828,95,5828,3,5828,1,9900,1,1.0254355000215583
3,0,,2026-07-29T08:51:26.666967,109132,5717,2271,5717,696,5717,82,5717,7,5717,2,10114,3,1.029896699998062
3,0,,2026-07-29T08:51:27.696406,109953,5743,2267,5743,657,5743,86,5743,5,5743,5,10309,0,1.0290413000038825
3,0,,2026-07-29T08:51:28.725558,109483,5738,2231,5738,705,5738,97,5738,3,5738,0,10197,0,1.028746099997079
3,0,,2026-07-29T08:51:29.752807,109177,5692,2284,5692,625,5692,67,5692,6,5692,1,10482,1,1.0268555999791715
3,0,,2026-07-29T08:51:30.782412,109742,5797,2322,5797,664,5797,95,5797,2,5797,3,10210,3,1.0293215999845415
3,0,,2026-07-29T08:51:31.809838,109360,5691,2299,5691,681,5691,75,5691,3,5691,1,10195,2,1.0270735000085551
3,0,,2026-07-29T08:51:32.838807,109245,5662,2295,5662,662,5662,107,5662,7,5662,1,10171,1,1.0286914000171237
3,0,,2026-07-29T08:51:33.865226,109300,5766,2303,5766,700,5766,84,5766,3,5766,3,10131,1,1.0260706000262871
3,0,,2026-07-29T08:51:34.891073,109579,5614,2238,5614,649,5614,76,5614,8,5614,1,9986,2,1.0257156000006944
3,0,,2026-07-29T08:51:35.918064,109144,5853,2343,5853,688,5853,113,5853,4,5853,1,10077,5,1.0268454999895766
3,0,,2026-07-29T08:51:36.946515,109300,5670,2228,5670,707,5670,80,5670,5,5670,1,10140,1,1.028221799992025
3,0,,2026-07-29T08:51:37.974946,109191,5688,2314,5688,671,5688,91,5688,5,5688,1,10001,2,1.0280481000081636
3,0,,2026-07-29T08:51:39.001677,109556,5739,2316,5739,651,5739,79,5739,7,5739,0,10249,4,1.0263754000188783
3,0,,2026-07-29T08:51:40.028228,109292,5911,2373,5911,674,5911,88,5911,7,5911,2,10041,2,1.026399800000945
3,0,,2026-07-29T08:51:41.057510,108579,5739,2317,5739,657,5739,92,5739,3,5739,0,10163,0,1.029096499987645
3,0,,2026-07-29T08:51:42.085334,109781,5783,2317,5783,703,5783,79,5783,5,5783,0,10080,4,1.027458900003694
3,0,,2026-07-29T08:51:43.112063,109226,5759,2256,5759,714,5759,79,5759,3,5759,2,10326,3,1.0265195000101812
3,0,,2026-07-29T08:51:44.140571,109287,5702,2260,5702,659,5702,81,5702,7,5702,0,10108,3,1.0283000000054017
3,0,,2026-07-29T08:51:45.168730,109292,5793,2305,5793,707,5793,86,5793,4,5793,2,10355,2,1.0277795000001788
3,0,,2026-07-29T08:51:46.197702,109443,5748,2302,5748,664,5748,86,5748,6,5748,4,10041,4,1.0286419999902137
3,0,,2026-07-29T08:51:47.226947,108809,5652,2268,5652,628,5652,89,5652,7,5652,1,10112,1,1.0288823999871965
3,0,,2026-07-29T08:51:48.254794,109367,5723,2247,5723,702,5723,87,5723,4,5723,1,10018,2,1.0275026999879628
3,0,,2026-07-29T08:51:49.283192,108847,5806,2304,5806,702,5806,81,5806,6,5806,0,10202,2,1.0281012999766972
3,0,,2026-07-29T08:51:50.309737,109602,5763,2313,5763,697,5763,104,5763,4,5763,2,10053,1,1.0261635000060778
3,0,,2026-07-29T08:51:51.337673,109870,5791,2314,5791,633,5791,90,5791,7,5791,0,10078,1,1.0276952999993227
3,0,,2026-07-29T08:51:52.366568,109971,5771,2286,5771,716,5771,83,5771,8,5771,0,10290,3,1.02848740000627
3,0,,2026-07-29T08:51:53.395889,108819,5652,2259,5652,652,5652,76,5652,6,5652,1,10117,2,1.0289370999962557
3,0,,2026-07-29T08:51:54.425185,109716,5780,2316,5780,656,5780,88,5780,5,5780,0,10223,4,1.0289658000110649
3,0,,2026-07-29T08:51:55.453988,108990,5650,2250,5650,647,5650,87,5650,2,5650,2,10211,2,1.028473100013798
3,0,,2026-07-29T08:51:56.482838,109468,5875,2296,5875,728,5875,83,5875,0,5875,3,10158,3,1.0285615000175312
3,0,,2026-07-29T08:51:57.511886,109712,5801,2326,5801,712,5801,84,5801,7,5801,1,10159,4,1.0286797000153456
3,0,,2026-07-29T08:51:58.540254,110000,5794,2319,5794,645,5794,72,5794,5,5794,1,10178,2,1.0279872999817599
3,0,,2026-07-29T08:51:59.569221,109280,5761,2277,5761,667,5761,86,5761,3,5761,0,10339,2,1.028636800008826
3,0,,2026-07-29T08:52:00.595991,108827,5698,2247,5698,638,5698,73,5698,1,5698,3,10032,3,1.0264370999939274
3,0,,2026-07-29T08:52:01.625601,109007,5624,2267,5624,660,5624,71,5624,5,5624,2,10191,0,1.0292947999842
3,0,,2026-07-29T08:52:02.654996,109818,5874,2375,5874,644,5874,85,5874,8,5874,1,9988,4,1.0289355000131764
3,0,,2026-07-29T08:52:03.683771,109645,5717,2211,5717,673,5717,98,5717,5,5717,1,10202,1,1.0283970999880694
3,0,,2026-07-29T08:52:04.713039,109263,5695,2312,5695,626,5695,100,5695,4,5695,2,10262,0,1.028827399975853
3,0,,2026-07-29T08:52:05.740322,109286,5697,2238,5697,676,5697,102,5697,10,5697,2,10146,1,1.0269736000045668
3,0,,2026-07-29T08:52:06.767763,109416,5783,2293,5783,674,5783,77,5783,4,5783,0,10128,2,1.0271295999991708
3,0,,2026-07-29T08:52:07.797138,109539,5650,2302,5650,682,5650,75,5650,5,5650,0,10269,2,1.0290979999990668
3,0,,2026-07-29T08:52:08.826997,109776,5702,2272,5702,693,5702,72,5702,6,5702,0,10023,3,1.0295288000197615
3,0,,2026-07-29T08:52:09.855373,109121,5810,2261,5810,714,5810,93,5810,5,5810,0,10010,2,1.0280113999906462
3,0,,2026-07-29T08:52:10.884857,109269,5754,2292,5754,680,5754,67,5754,0,5754,0,10001,2,1.0291908000071999
3,0,,2026-07-29T08:52:11.914109,109434,5805,2370,5805,661,5805,87,5805,1,5805,1,10253,2,1.0288825000170618
3,0,,2026-07-29T08:52:12.942472,109327,5714,2299,5714,659,5714,92,5714,3,5714,1,10093,4,1.0279905000061262
3,0,,2026-07-29T08:52:13.969050,109346,5853,2324,5853,685,5853,93,5853,5,5853,1,9978,1,1.0262626000039745
3,0,,2026-07-29T08:52:14.996288,109350,5697,2291,5697,621,5697,88,5697,4,5697,0,10086,2,1.026940600015223
3,0,,2026-07-29T08:52:16.024716,109240,5702,2313,5702,672,5702,100,5702,3,5702,0,10140,4,1.02818130000378
3,0,,2026-07-29T08:52:17.053353,109372,5888,2293,5888,688,5888,103,5888,4,5888,1,9983,0,1.0283072000020184
3,0,,2026-07-29T08:52:18.082720,109922,5703,2354,5703,696,5703,73,5703,4,5703,2,10210,3,1.028939600015292
3,0,,2026-07-29T08:52:19.111118,109707,5775,2317,5775,677,5775,96,5775,3,5775,0,10180,2,1.0280358000018168
3,0,,2026-07-29T08:52:20.140895,109889,5804,2315,5804,678,5804,86,5804,10,5804,0,10040,0,1.0293450000172015
3,0,,2026-07-29T08:52:21.168761,109950,5780,2281,5780,639,5780,87,5780,4,5780,1,10029,2,1.0274657999980263
3,0,,2026-07-29T08:52:22.197326,109481,5740,2264,5740,693,5740,82,5740,6,5740,2,10236,3,1.028254900011234
3,0,,2026-07-29T08:52:23.225259,109684,5833,2367,5833,705,5833,95,5833,1,5833,1,10219,2,1.0276241000101436
3,0,,2026-07-29T08:52:24.252886,109305,5716,2221,5716,704,5716,88,5716,9,5716,0,10131,3,1.0273392999952193
3,0,,2026-07-29T08:52:25.297922,108421,5690,2294,5690,690,5690,93,5690,6,5690,0,9884,3,1.0448724000016227
3,0,,2026-07-29T08:52:26.329114,111201,5835,2256,5835,705,5835,95,5835,6,5835,4,10240,2,1.0286650000198279
3,0,,2026-07-29T08:52:27.357435,109452,5834,2371,5834,704,5834,85,5834,6,5834,1,10108,7,1.027921000000788
3,0,,2026-07-29T08:52:28.386407,109132,5642,2237,5642,666,5642,89,5642,4,5642,0,9973,5,1.0286540999950375
3,0,,2026-07-29T08:52:29.415696,109772,5919,2347,5919,703,5919,88,5919,5,5919,2,10030,1,1.028680399991572
3,0,,2026-07-29T08:52:30.445204,109480,5682,2216,5682,656,5682,85,5682,8,5682,1,10028,2,1.0291751000040676
3,0,,2026-07-29T08:52:31.473489,109829,5756,2349,5756,677,5756,94,5756,9,5756,0,10151,2,1.0279172000009567
3,0,,2026-07-29T08:52:32.501835,109422,5688,2294,5688,665,5688,98,5688,6,5688,2,10100,1,1.0280422999931034
3,0,,2026-07-29T08:52:33.531708,109616,5796,2303,5796,681,5796,93,5796,4,5796,1,10167,1,1.0295401999901515
3,0,,2026-07-29T08:52:34.560923,110005,5702,2263,5702,682,5702,73,5702,5,5702,1,10018,1,1.0286697999981698
3,0,,2026-07-29T08:52:35.589874,110256,5728,2316,5728,629,5728,95,5728,8,5728,0,10227,1,1.0285854999965522
3,0,,2026-07-29T08:52:36.617894,109728,5820,2322,5820,691,5820,75,5820,6,5820,1,9990,0,1.0276348000043072
3,0,,2026-07-29T08:52:37.647154,109845,5687,2320,5687,663,5687,100,5687,4,5687,2,10154,3,1.0289140999957453
3,0,,2026-07-29T08:52:38.676191,109802,5629,2292,5629,666,5629,83,5629,3,5629,3,10246,3,1.028656399983447
3,0,,2026-07-29T08:52:39.704618,109705,5751,2265,5751,656,5751,93,5751,5,5751,0,10102,4,1.028015099989716
3,0,,2026-07-29T08:52:40.734380,110550,5834,2260,5834,690,5834,105,5834,6,5834,0,10079,3,1.029376599995885
3,0,,2026-07-29T08:52:41.763348,109491,5805,2377,5805,664,5805,85,5805,7,5805,1,10077,1,1.0286049999995157
3,0,,2026-07-29T08:52:42.792095,108427,5659,2233,5659,662,5659,82,5659,5,5659,2,10032,4,1.0284859999956097
3,0,,2026-07-29T08:52:43.820994,109015,5719,2309,5719,642,5719,81,5719,7,5719,1,10069,1,1.0285034000116866
3,0,,2026-07-29T08:52:44.849942,109098,5695,2257,5695,659,5695,77,5695,6,5695,1,10278,3,1.0285434999968857
3,0,,2026-07-29T08:52:45.879027,109056,5703,2356,5703,620,5703,81,5703,4,5703,1,10137,2,1.0287214999843854
3,0,,2026-07-29T08:52:46.908814,109701,5779,2411,5779,647,5779,83,5779,6,5779,1,10376,2,1.0293871000176296
3,0,,2026-07-29T08:52:47.937834,109225,5801,2322,5801,726,5801,80,5801,8,5801,0,10057,6,1.0285984999791253
3,0,,2026-07-29T08:52:48.967914,110106,5659,2238,5659,638,5659,98,5659,10,5659,1,10137,6,1.0297379000112414
3,0,,2026-07-29T08:52:49.996689,109475,5730,2239,5730,683,5730,85,5730,9,5730,0,10133,4,1.0284037000092212
3,0,,2026-07-29T08:52:51.023304,109542,5733,2349,5734,692,5734,66,5734,2,5734,2,10059,1,1.0263180000183638
3,0,,2026-07-29T08:52:52.051665,109209,5662,2193,5661,669,5661,71,5661,5,5661,2,10046,1,1.028159899986349
3,0,,2026-07-29T08:52:53.080671,109411,5599,2132,5599,683,5599,85,5599,3,5599,0,10045,1,1.028736000007484
3,0,,2026-07-29T08:52:54.107781,109577,5725,2278,5725,654,5725,106,5725,6,5725,2,10108,3,1.0267779999994673
3,0,,2026-07-29T08:52:55.137394,108281,5767,2289,5767,648,5767,87,5767,9,5767,3,10013,0,1.0293265999935102
3,0,,2026-07-29T08:52:56.164171,109709,5793,2301,5793,711,5793,94,5793,2,5793,1,10227,4,1.02645930001745
3,0,,2026-07-29T08:52:57.192652,109415,5725,2283,5725,668,5725,95,5725,2,5725,1,10303,2,1.028126200020779
3,0,,2026-07-29T08:52:58.222177,109247,5708,2323,5708,647,5708,85,5708,8,5708,1,10141,1,1.0291326000005938
3,0,,2026-07-29T08:52:59.250674,110132,5848,2288,5848,689,5848,89,5848,9,5848,1,10351,0,1.0281252000131644
3,0,,2026-07-29T08:53:00.279616,109250,5835,2333,5835,663,5835,101,5835,3,5835,1,9973,3,1.0286645999876782
3,0,,2026-07-29T08:53:01.308604,109429,5649,2307,5649,687,5649,81,5649,2,5649,0,9988,1,1.0286829999822658
3,0,,2026-07-29T08:53:02.336778,109688,5642,2305,5642,627,5642,81,5642,3,5642,0,10275,1,1.027875400002813
3,0,,2026-07-29T08:53:03.366087,109199,5580,2177,5580,652,5580,81,5580,3,5580,4,10271,0,1.0289986999996472
3,0,,2026-07-29T08:53:04.394996,109286,5823,2257,5823,693,5823,99,5823,8,5823,2,10223,4,1.0285330999759026
3,0,,2026-07-29T08:53:05.423454,109657,5723,2199,5723,706,5723,103,5723,7,5723,2,10167,1,1.0281216999865137
3,0,,2026-07-29T08:53:06.451802,109608,5754,2325,5754,625,5754,85,5754,5,5754,2,10159,0,1.0280711999803316
3,0,,2026-07-29T08:53:07.480762,109255,5781,2359,5781,636,5781,70,5781,3,5781,0,9982,3,1.028584800020326
3,0,,2026-07-29T08:53:08.507616,109436,5669,2340,5669,661,5669,90,5669,4,5669,0,10239,1,1.026468099997146
3,0,,2026-07-29T08:53:09.536375,108927,5625,2232,5625,674,5625,90,5625,4,5625,1,9909,1,1.028475500002969
3,0,,2026-07-29T08:53:10.565325,109625,5704,2315,5704,676,5704,77,5704,10,5704,1,10308,1,1.0285443999746349
3,0,,2026-07-29T08:53:11.594870,109146,5755,2304,5755,698,5755,86,5755,4,5755,0,10323,2,1.0291861000005156
3,0,,2026-07-29T08:53:12.624029,109367,5774,2311,5774,676,5774,95,5774,5,5774,2,10093,2,1.0287533000227995
3,0,,2026-07-29T08:53:13.652196,109319,5866,2330,5866,688,5866,98,5866,2,5866,1,10150,1,1.0278142000024673
3,0,,2026-07-29T08:53:14.681410,109378,5861,2303,5861,685,5861,92,5861,3,5861,2,10071,2,1.0289078000059817
3,0,,2026-07-29T08:53:15.709237,109225,5760,2313,5760,666,5760,92,5760,9,5760,0,10324,2,1.0274151000194252
3,0,,2026-07-29T08:53:16.736132,109861,5755,2261,5755,704,5755,74,5755,4,5755,0,10165,2,1.0265741999901365
3,0,,2026-07-29T08:53:17.762882,109105,5672,2309,5672,614,5672,76,5672,5,5672,0,10002,3,1.0266421999840531
3,0,,2026-07-29T08:53:18.789706,108511,5748,2306,5748,685,5748,79,5748,4,5748,0,10128,2,1.0265664999897126
3,0,,2026-07-29T08:53:19.818184,109557,5805,2296,5805,708,5805,91,5805,7,5805,1,10023,1,1.0281354000035208
3,0,,2026-07-29T08:53:20.846875,108847,5746,2314,5746,651,5746,75,5746,2,5746,1,10162,1,1.0283330000238493
3,0,,2026-07-29T08:53:21.875946,108891,5715,2282,5715,666,5715,75,5715,4,5715,1,9938,5,1.0286865000089165
3,0,,2026-07-29T08:53:22.905445,109860,5800,2280,5800,698,5800,91,5800,4,5800,0,10110,0,1.0290627000213135
3,0,,2026-07-29T08:53:23.935489,109180,5836,2269,5836,700,5836,75,5836,6,5836,1,10162,3,1.029707999987295
3,0,,2026-07-29T08:53:24.964644,109990,5795,2283,5795,695,5795,83,5795,7,5795,1,10071,1,1.0288308999734
3,0,,2026-07-29T08:53:25.992158,109292,5639,2274,5639,645,5639,74,5639,3,5639,2,10135,3,1.02717549999943
3,0,,2026-07-29T08:53:27.021707,109466,5730,2348,5730,660,5730,74,5730,3,5730,4,10240,7,1.0292872999852989
3,0,,2026-07-29T08:53:28.050409,109365,5644,2153,5644,670,5644,80,5644,6,5644,2,10158,2,1.028356700000586
3,0,,2026-07-29T08:53:29.077795,109048,5830,2309,5830,649,5830,85,5830,6,5830,2,10315,2,1.0270736999809742
3,0,,2026-07-29T08:53:30.106472,109196,5779,2283,5779,672,5779,86,5779,6,5779,1,10284,1,1.0283586999867111
3,0,,2026-07-29T08:53:31.134730,109686,5649,2289,5649,663,5649,77,5649,7,5649,1,10063,0,1.0279251000029035
3,0,,2026-07-29T08:53:32.161583,109287,5769,2284,5769,683,5769,93,5769,6,5769,0,10033,3,1.0265493000042625
3,0,,2026-07-29T08:53:33.190012,109703,5874,2366,5874,660,5874,83,5874,3,5874,1,10116,3,1.0281009000027552
3,0,,2026-07-29T08:53:34.218066,109900,5742,2268,5742,693,5742,98,5742,9,5742,1,10039,7,1.0276402999879792
3,0,,2026-07-29T08:53:35.247757,109104,5649,2192,5649,697,5649,94,5649,9,5649,2,10224,3,1.0293966000026558
3,0,,2026-07-29T08:53:36.275238,109226,5780,2328,5780,675,5780,73,5780,8,5780,2,10327,2,1.0270866999926511
3,0,,2026-07-29T08:53:37.304458,108882,5682,2267,5682,672,5682,75,5682,4,5682,2,10329,2,1.0289944999967702
3,0,,2026-07-29T08:53:38.333463,108974,5659,2254,5659,656,5659,92,5659,13,5659,1,10214,4,1.0285951999831013
3,0,,2026-07-29T08:53:39.361745,108870,5730,2270,5730,666,5730,83,5731,3,5731,0,10110,3,1.0278846999863163
3,0,,2026-07-29T08:53:40.390584,108986,5664,2244,5664,631,5664,94,5663,6,5663,2,10115,1,1.0284594999975525
3,0,,2026-07-29T08:53:41.417722,109287,5598,2252,5598,672,5598,102,5598,5,5598,3,10173,2,1.0268179000122473
3,0,,2026-07-29T08:53:42.446130,109675,5715,2300,5715,666,5715,86,5715,4,5715,2,10033,3,1.0281832000182476
3,0,,2026-07-29T08:53:43.473831,108878,5594,2221,5594,650,5594,84,5594,3,5594,1,10160,1,1.0273393999959808
3,0,,2026-07-29T08:53:44.500681,109409,5781,2271,5781,688,5781,103,5781,5,5781,1,10174,1,1.0265282999898773
3,0,,2026-07-29T08:53:45.527454,109254,5612,2197,5612,674,5612,97,5612,2,5612,0,10058,2,1.0265747999947052
3,0,,2026-07-29T08:53:46.554354,109359,5758,2227,5758,710,5758,114,5758,2,5758,1,10349,2,1.0266450000053737
3,0,,2026-07-29T08:53:47.581431,109046,5806,2293,5806,694,5806,93,5806,6,5806,1,10218,0,1.0268684000184294
3,0,,2026-07-29T08:53:48.609013,108952,5742,2279,5742,661,5742,76,5742,5,5742,1,10281,1,1.0273151000146754
3,0,,2026-07-29T08:53:49.636004,108829,5820,2380,5820,642,5820,60,5820,2,5820,0,10001,3,1.0267001999891363
3,0,,2026-07-29T08:53:50.663958,108829,5764,2332,5764,660,5764,70,5764,7,5764,0,10015,1,1.0277567000011913
3,0,,2026-07-29T08:53:51.691785,109563,5918,2371,5918,716,5918,100,5918,6,5918,0,10214,3,1.027523900003871
3,0,,2026-07-29T08:53:52.718939,110024,5855,2378,5855,708,5855,96,5855,4,5855,0,10282,1,1.0269838999956846
3,0,,2026-07-29T08:53:53.746103,109237,5696,2341,5696,683,5696,89,5696,6,5696,2,10095,4,1.0268611999927089
3,0,,2026-07-29T08:53:54.773520,108690,5649,2210,5649,669,5649,93,5649,7,5649,0,10003,2,1.0271176999958698
3,0,,2026-07-29T08:53:55.800168,109192,5884,2351,5884,725,5884,97,5884,3,5884,0,10188,1,1.0263944999896921
3,0,,2026-07-29T08:53:56.826656,109640,5698,2238,5698,720,5698,78,5698,11,5698,0,10148,0,1.0262967000016943
3,0,,2026-07-29T08:53:57.853088,108767,5813,2250,5813,714,5813,102,5813,2,5813,1,10213,4,1.0262377000181004
3,0,,2026-07-29T08:53:58.879369,109720,5858,2283,5858,702,5858,93,5858,5,5858,1,10214,1,1.0260720000078436
3,0,,2026-07-29T08:53:59.906920,108936,5621,2232,5621,665,5621,96,5621,1,5621,2,10081,6,1.0273160000215285
3,0,,2026-07-29T08:54:00.933737,108916,5731,2236,5731,709,5731,85,5731,6,5731,0,10197,1,1.0265262000029907
3,0,,2026-07-29T08:54:01.961040,108605,5783,2327,5783,688,5783,78,5783,5,5783,3,10067,2,1.0270372000231873
3,0,,2026-07-29T08:54:02.989281,109561,5773,2324,5773,663,5773,84,5773,2,5773,1,10138,2,1.0279528000100981
3,0,,2026-07-29T08:54:04.016303,109570,5723,2282,5723,643,5723,106,5723,8,5723,0,10102,0,1.0268179000122473
3,0,,2026-07-29T08:54:05.043261,109233,5672,2292,5672,656,5672,89,5672,7,5672,1,10049,3,1.026697100023739
3,0,,2026-07-29T08:54:06.071844,109464,5795,2323,5795,702,5795,105,5795,3,5795,0,10160,1,1.0283628000179306
3,0,,2026-07-29T08:54:07.100864,108809,5660,2292,5660,666,5660,86,5660,5,5660,2,10220,0,1.0287249999819323
3,0,,2026-07-29T08:54:08.128941,109640,5803,2350,5803,698,5803,71,5803,6,5803,0,10118,2,1.0277408999972977
3,0,,2026-07-29T08:54:09.155873,109286,5670,2289,5670,699,5670,89,5670,7,5670,0,10117,0,1.0266807999869343
3,0,,2026-07-29T08:54:10.182264,109282,5618,2228,5618,631,5618,83,5618,5,5618,0,10344,4,1.02624000000651
3,0,,2026-07-29T08:54:11.232217,111970,5915,2406,5915,679,5915,86,5915,4,5915,0,10293,2,1.0497985999973025
3,0,,2026-07-29T08:54:12.260405,109199,5653,2329,5653,657,5653,88,5653,4,5653,0,10144,3,1.0279739000252448
3,0,,2026-07-29T08:54:13.289377,108959,5722,2256,5722,673,5722,82,5722,8,5722,1,10309,1,1.0288169000123162
3,0,,2026-07-29T08:54:14.318124,109778,5787,2344,5787,678,5787,104,5787,6,5787,3,10244,3,1.028332500020042
3,0,,2026-07-29T08:54:15.347053,109467,5803,2321,5803,691,5803,94,5803,7,5803,0,10077,3,1.0285394999955315
3,0,,2026-07-29T08:54:16.376630,109547,5753,2324,5753,693,5753,84,5753,6,5753,3,10035,3,1.0291442000016104
3,0,,2026-07-29T08:54:17.405265,109322,5787,2302,5787,630,5787,82,5787,1,5787,2,10280,1,1.0282858000136912
3,0,,2026-07-29T08:54:18.434054,109480,5817,2346,5817,714,5817,88,5817,4,5817,1,10029,0,1.0284340999787673
3,0,,2026-07-29T08:54:19.461666,109900,5805,2258,5805,652,5805,92,5805,10,5805,0,9976,3,1.0272657999885269
3,0,,2026-07-29T08:54:20.490634,108869,5764,2257,5764,686,5764,89,5764,6,5764,2,10166,2,1.028658600000199
3,0,,2026-07-29T08:54:21.519217,108736,5498,2224,5498,629,5498,78,5498,7,5498,1,9960,2,1.0283135999925435
3,0,,2026-07-29T08:54:22.546760,109543,5615,2241,5615,652,5615,84,5615,9,5615,1,9984,4,1.0273303000140004
3,0,,2026-07-29T08:54:23.575581,109150,5702,2202,5702,700,5702,81,5702,6,5702,2,10206,2,1.0285678999789525
3,0,,2026-07-29T08:54:24.604803,108967,5875,2334,5875,705,5875,90,5875,1,5875,0,10042,0,1.0288563999929465
3,0,,2026-07-29T08:54:25.633765,109503,5855,2313,5855,737,5855,76,5855,1,5855,1,10149,5,1.0286137999792118
3,0,,2026-07-29T08:54:26.662485,109466,5798,2368,5798,622,5798,91,5798,7,5798,1,9929,2,1.028379600000335
3,0,,2026-07-29T08:54:27.691050,109449,5850,2305,5850,685,5850,90,5850,4,5850,3,10078,1,1.0282499000022653
3,0,,2026-07-29T08:54:28.720581,109464,5807,2349,5807,642,5807,81,5807,4,5807,1,10093,0,1.0291216000041459
3,0,,2026-07-29T08:54:29.749937,108920,5843,2239,5843,727,5843,91,5843,4,5843,0,10222,1,1.0289120999805164
3,0,,2026-07-29T08:54:30.779249,109248,5527,2137,5527,635,5527,73,5527,5,5527,0,10042,2,1.0289315999834798
3,0,,2026-07-29T08:54:31.808828,109522,5759,2299,5759,659,5759,98,5759,9,5759,0,10052,1,1.0292343000182882
3,0,,2026-07-29T08:54:32.837489,109075,5776,2278,5776,656,5776,67,5776,3,5776,2,10138,2,1.0282541000051424
3,0,,2026-07-29T08:54:33.865468,109209,5836,2336,5836,699,5836,84,5836,8,5836,6,10236,2,1.0276366999896709
3,0,,2026-07-29T08:54:34.893453,108996,5706,2323,5706,641,5706,80,5706,6,5706,1,10263,4,1.0277396999881603
3,0,,2026-07-29T08:54:35.922040,109473,5732,2357,5732,688,5732,77,5732,6,5732,2,9944,1,1.028301400016062
3,0,,2026-07-29T08:54:36.949519,109065,5841,2281,5841,651,5841,75,5841,4,5841,3,10045,2,1.0272967000200879
3,0,,2026-07-29T08:54:37.977513,109331,5786,2273,5786,693,5786,95,5786,9,5786,0,10150,3,1.027652599994326
3,0,,2026-07-29T08:54:39.005210,109740,5729,2331,5729,695,5729,69,5729,1,5729,0,10182,2,1.027390999981435
3,0,,2026-07-29T08:54:40.031596,109077,5664,2279,5664,683,5664,87,5664,5,5664,0,10039,4,1.0261295999807771
3,0,,2026-07-29T08:54:41.058330,109146,5689,2267,5689,620,5689,81,5689,5,5689,1,10094,3,1.0265954999777023
3,0,,2026-07-29T08:54:42.086596,109056,5753,2285,5753,664,5753,103,5753,5,5753,1,9968,3,1.0280705000041053
3,0,,2026-07-29T08:54:43.114753,109595,5745,2285,5745,665,5745,84,5745,4,5745,2,10171,5,1.0279157000186387
3,0,,2026-07-29T08:54:44.143460,109074,5638,2123,5638,704,5638,105,5638,4,5638,1,10150,2,1.0284433999913745
3,0,,2026-07-29T08:54:45.172505,109307,5812,2260,5812,677,5812,80,5812,6,5812,0,10063,3,1.0286697999981698
3,0,,2026-07-29T08:54:46.200911,109895,5902,2318,5902,683,5902,78,5902,6,5902,3,10278,2,1.0280444000090938
3,0,,2026-07-29T08:54:47.229886,109318,5812,2311,5812,674,5812,95,5812,8,5812,1,10132,1,1.028683499986073
3,0,,2026-07-29T08:54:48.257721,109296,5719,2221,5719,676,5719,101,5719,4,5719,1,10129,2,1.027487100014696
3,0,,2026-07-29T08:54:49.285106,109643,5839,2289,5839,656,5839,93,5839,8,5839,1,10154,3,1.0271244999894407
3,0,,2026-07-29T08:54:50.313754,109098,5637,2265,5637,663,5637,92,5637,4,5637,1,10170,2,1.0285053999978118
3,0,,2026-07-29T08:54:51.340927,109436,5638,2283,5638,708,5638,89,5638,5,5638,0,10170,4,1.02676359997713
3,0,,2026-07-29T08:54:52.367376,109360,5833,2361,5833,688,5833,82,5833,4,5833,3,10100,3,1.0261831999814603
3,0,,2026-07-29T08:54:53.396103,109247,5658,2181,5658,688,5658,88,5658,4,5658,1,10254,2,1.0284591999952681
3,0,,2026-07-29T08:54:54.425087,109364,5835,2332,5835,706,5835,78,5835,8,5835,1,10108,1,1.028608799999347
3,0,,2026-07-29T08:54:55.452514,109641,5766,2292,5766,705,5766,97,5766,5,5766,1,10276,1,1.027100600011181
3,0,,2026-07-29T08:54:56.479405,109714,5783,2315,5783,683,5783,91,5783,4,5783,2,10420,3,1.0267480000038631
3,0,,2026-07-29T08:54:57.506446,108676,5648,2228,5648,649,5648,78,5648,6,5648,0,10084,3,1.0269060999853536
3,0,,2026-07-29T08:54:58.534032,109500,5797,2295,5797,721,5797,88,5797,4,5797,2,10063,3,1.0272560000012163
3,0,,2026-07-29T08:54:59.563010,108642,5753,2324,5753,711,5753,69,5753,5,5753,1,10185,0,1.0286342999897897
3,0,,2026-07-29T08:55:00.589358,109453,5783,2305,5783,651,5783,86,5783,4,5783,1,10080,4,1.0259620000142604
3,0,,2026-07-29T08:55:01.618267,108983,5776,2259,5776,670,5776,91,5776,8,5776,0,10175,8,1.0286304999899585
3,0,,2026-07-29T08:55:02.647469,109585,5812,2324,5812,728,5812,83,5812,3,5812,0,10141,0,1.028820099978475
3,0,,2026-07-29T08:55:03.675574,108693,5617,2199,5617,657,5617,85,5617,1,5617,0,10081,3,1.0277162999846041
3,0,,2026-07-29T08:55:04.704540,109565,5775,2359,5775,654,5775,78,5775,8,5775,3,10125,3,1.0285998999897856
3,0,,2026-07-29T08:55:05.732699,109875,5891,2359,5891,641,5891,115,5891,5,5891,0,10061,3,1.0277951000025496
3,0,,2026-07-29T08:55:06.760666,109822,5718,2218,5718,673,5718,85,5718,6,5718,1,10113,3,1.0276889000087976
3,0,,2026-07-29T08:55:07.788934,109359,5766,2280,5766,667,5766,95,5767,1,5767,1,10298,5,1.0279482000041753
3,0,,2026-07-29T08:55:08.817216,109277,5574,2197,5574,672,5574,77,5573,6,5573,1,10294,2,1.0279283999989275
3,0,,2026-07-29T08:55:09.846628,109241,5733,2297,5733,677,5733,91,5733,4,5733,1,10176,1,1.0290645000059158
3,0,,2026-07-29T08:55:10.874700,109579,5767,2287,5767,686,5767,94,5767,6,5767,0,9974,3,1.0276716999942437
3,0,,2026-07-29T08:55:11.903674,109177,5693,2285,5693,653,5693,73,5693,7,5693,1,10228,3,1.0286520999798086
3,0,,2026-07-29T08:55:12.932913,108869,5704,2259,5704,686,5704,80,5704,2,5704,1,10258,2,1.0288417999981903
3,0,,2026-07-29T08:55:13.961379,109360,5770,2363,5770,646,5770,85,5770,11,5770,3,10102,5,1.0280671000073198
3,0,,2026-07-29T08:55:14.990161,109211,5720,2245,5720,668,5720,96,5720,3,5720,0,10147,0,1.0283880999777466
3,0,,2026-07-29T08:55:16.019629,110042,5646,2255,5646,653,5646,106,5646,6,5646,0,10122,4,1.0291124999930616
3,0,,2026-07-29T08:55:17.048778,109712,5778,2337,5778,648,5778,96,5778,10,5778,1,10354,1,1.02877190001891
3,0,,2026-07-29T08:55:18.077947,109212,5771,2238,5771,667,5771,93,5771,10,5771,0,10218,1,1.0288202000083402
3,0,,2026-07-29T08:55:19.106563,109229,5832,2353,5832,683,5832,88,5832,8,5832,0,10190,4,1.02824650000548
3,0,,2026-07-29T08:55:20.134418,109467,5751,2285,5751,666,5751,87,5751,9,5751,0,10171,0,1.0275763999961782
3,0,,2026-07-29T08:55:21.163104,108990,5837,2282,5837,668,5837,96,5837,5,5837,0,10035,3,1.0283495000039693
3,0,,2026-07-29T08:55:22.192887,109212,5711,2326,5711,642,5711,76,5711,4,5711,1,10224,4,1.0293802000232972
3,0,,2026-07-29T08:55:23.220295,109299,5795,2291,5795,682,5795,88,5795,7,5795,1,10039,5,1.0270237000077032
3,0,,2026-07-29T08:55:24.248843,109378,5699,2196,5699,680,5699,70,5699,2,5699,2,10226,1,1.0282185999967624
3,0,,2026-07-29T08:55:25.277147,109192,5585,2183,5585,634,5585,77,5585,10,5585,2,10277,1,1.0279732999915723
3,0,,2026-07-29T08:55:26.305693,109216,5760,2305,5760,680,5760,96,5760,5,5760,1,10004,1,1.028204200003529
3,0,,2026-07-29T08:55:27.334079,109419,5752,2288,5752,657,5752,74,5752,7,5752,3,10157,1,1.028022400016198
3,0,,2026-07-29T08:55:28.362853,108665,5730,2302,5730,658,5730,86,5730,4,5730,1,10193,0,1.0284195000131149
3,0,,2026-07-29T08:55:29.391509,109189,5825,2372,5825,627,5825,98,5825,2,5825,1,10138,4,1.0283010999846738
3,0,,2026-07-29T08:55:30.421289,109052,5738,2212,5738,672,5738,85,5738,3,5738,0,10056,3,1.0293949999904726
3,0,,2026-07-29T08:55:31.448521,109306,5640,2228,5640,677,5640,76,5640,3,5640,0,10094,3,1.0268098999804351
3,0,,2026-07-29T08:55:32.477402,109088,5621,2235,5621,631,5621,94,5621,4,5621,0,10219,3,1.0286415999871679
3,0,,2026-07-29T08:55:33.506431,109759,5634,2175,5634,710,5634,91,5634,6,5634,0,10160,1,1.0287129000062123
3,0,,2026-07-29T08:55:34.535646,109241,5687,2278,5687,675,5687,87,5687,6,5687,1,9966,1,1.0288554999860935
3,0,,2026-07-29T08:55:35.564446,109363,5768,2222,5768,703,5768,93,5768,5,5768,1,9877,3,1.0284085999883246
3,0,,2026-07-29T08:55:36.593288,109624,5687,2256,5687,708,5687,75,5687,2,5687,0,10149,4,1.0285356000240427
3,0,,2026-07-29T08:55:37.620468,109533,5758,2269,5758,705,5758,83,5758,7,5758,1,10084,2,1.0269124000042211
3,0,,2026-07-29T08:55:38.649981,108867,5653,2243,5653,685,5653,75,5653,8,5653,0,10283,2,1.0291956999863032
3,0,,2026-07-29T08:55:39.677727,109093,5655,2281,5655,630,5655,82,5655,6,5655,2,10028,3,1.0274560000107158
3,0,,2026-07-29T08:55:40.707522,109181,5652,2275,5652,639,5652,84,5652,7,5652,2,10198,0,1.0294887999771163
3,0,,2026-07-29T08:55:41.735853,109552,5785,2354,5785,631,5785,97,5785,7,5785,0,10025,2,1.0279781999997795
3,0,,2026-07-29T08:55:42.765262,109273,5748,2282,5748,674,5748,85,5748,7,5748,0,9947,4,1.0290378000063356
3,0,,2026-07-29T08:55:43.795014,109076,5692,2291,5692,644,5692,76,5692,2,5692,0,10090,4,1.0293869999877643
3,0,,2026-07-29T08:55:44.823558,109936,5644,2227,5644,636,5644,80,5644,2,5644,3,10211,2,1.0282677999930456
3,1,,2026-07-29T08:56:03.203669,108767,8000,4447,8000,443,8000,16,8000,9,8000,1,10068,2,1.0287569999927655
3,1,,2026-07-29T08:56:04.232542,108515,7965,4418,7965,449,7965,18,7965,6,7965,0,10027,1,1.0285326000011992
3,1,,2026-07-29T08:56:05.260934,108789,8121,4551,8121,441,8121,18,8121,4,8121,1,9913,1,1.0280570999893826
3,1,,2026-07-29T08:56:06.290207,108925,8024,4434,8024,457,8024,16,8024,1,8024,0,10043,0,1.028912699985085
3,1,,2026-07-29T08:56:07.319690,109463,8111,4478,8111,477,8111,10,8111,5,8111,3,9989,3,1.029097799997544
3,1,,2026-07-29T08:56:08.348710,109641,7934,4357,7934,435,7934,18,7934,5,7934,2,10052,1,1.0286437000031583
3,1,,2026-07-29T08:56:09.377874,109995,8048,4443,8048,414,8048,16,8048,5,8048,0,10034,3,1.02884039998753
3,1,,2026-07-29T08:56:10.406873,109491,8011,4464,8011,454,8011,15,8011,5,8011,0,9977,0,1.028625299979467
3,1,,2026-07-29T08:56:11.435434,108731,7962,4397,7962,430,7962,22,7962,4,7962,2,10055,1,1.0282011000090279
3,1,,2026-07-29T08:56:12.464685,109105,8158,4588,8158,406,8158,18,8158,5,8158,3,10033,3,1.0288905000197701
3,1,,2026-07-29T08:56:13.493144,109456,8015,4481,8015,448,8015,22,8015,3,8015,1,9921,2,1.0282499000022653
3,1,,2026-07-29T08:56:14.521262,109010,8101,4462,8101,455,8101,20,8101,3,8101,1,9980,1,1.0278728999837767
3,1,,2026-07-29T08:56:15.549235,109351,8163,4504,8163,445,8163,17,8163,6,8163,0,10030,1,1.02775730000576
3,1,,2026-07-29T08:56:16.578694,109381,8103,4614,8103,440,8103,18,8103,5,8103,2,10078,2,1.0291309999884106
3,1,,2026-07-29T08:56:17.607517,109582,7988,4421,7988,412,7988,17,7988,4,7988,1,10000,0,1.0284479999972973
3,1,,2026-07-29T08:56:18.636320,109709,8072,4516,8072,426,8072,14,8072,4,8072,3,9981,0,1.02842590000364
3,1,,2026-07-29T08:56:19.662466,109627,8041,4405,8041,459,8041,15,8041,5,8041,1,9857,1,1.0260090999945533
3,1,,2026-07-29T08:56:20.692348,108917,8237,4669,8237,422,8237,12,8237,4,8237,1,10116,1,1.0295852000126615
3,1,,2026-07-29T08:56:21.720216,109977,8132,4571,8132,450,8132,27,8132,4,8132,3,10301,1,1.0275930000061635
3,1,,2026-07-29T08:56:22.748615,108898,8029,4466,8029,457,8029,14,8029,8,8029,0,10002,1,1.0281288999831304
3,1,,2026-07-29T08:56:23.776990,109013,8088,4518,8088,399,8088,9,8088,9,8088,0,10089,1,1.0280632000067271
3,1,,2026-07-29T08:56:24.805041,109357,8045,4486,8045,444,8045,18,8045,6,8045,1,9794,1,1.027753300004406
3,1,,2026-07-29T08:56:25.833337,109240,7994,4584,7994,410,7994,15,7994,4,7994,0,9909,1,1.028012700000545
3,1,,2026-07-29T08:56:26.861978,109264,8084,4523,8084,432,8084,17,8084,7,8084,0,9968,1,1.0283334999985527
3,1,,2026-07-29T08:56:27.891185,109320,8042,4504,8042,472,8042,20,8042,2,8042,0,10110,1,1.0288808000041172
3,1,,2026-07-29T08:56:28.920110,108984,7942,4461,7942,440,7942,17,7942,6,7942,1,10058,1,1.0286069000139832
3,1,,2026-07-29T08:56:29.950777,109581,8109,4495,8109,451,8109,14,8109,4,8109,1,10223,3,1.0303065000043716
3,1,,2026-07-29T08:56:30.978928,109075,8140,4539,8140,448,8140,12,8140,6,8140,1,9935,2,1.0278421999828424
3,1,,2026-07-29T08:56:32.007751,109787,8379,4734,8379,420,8379,18,8379,9,8379,1,9998,3,1.0285418000130448
3,1,,2026-07-29T08:56:33.035999,109207,8083,4518,8083,450,8083,19,8083,4,8083,3,9844,0,1.0279093999997713
3,1,,2026-07-29T08:56:34.065757,109355,7995,4536,7995,441,7995,10,7995,7,7995,1,10089,4,1.0294108999951277
3,1,,2026-07-29T08:56:35.094903,109766,8208,4638,8208,443,8208,12,8208,5,8208,2,9870,2,1.0286664000013843
3,1,,2026-07-29T08:56:36.124267,109327,8236,4583,8236,456,8236,27,8236,4,8236,4,10077,1,1.0290189999795984
3,1,,2026-07-29T08:56:37.152523,109397,7999,4444,7999,493,7999,18,7999,6,7999,1,9992,4,1.02802349999547
3,1,,2026-07-29T08:56:38.181169,109374,8160,4539,8160,476,8160,13,8160,7,8160,1,9741,1,1.02829409998958
3,1,,2026-07-29T08:56:39.209904,109068,8034,4533,8034,442,8034,23,8034,7,8034,3,10042,3,1.028295900003286
3,1,,2026-07-29T08:56:40.237937,109229,8070,4450,8070,415,8070,18,8070,3,8070,0,9837,0,1.027676400000928
3,1,,2026-07-29T08:56:41.266925,109051,8082,4570,8082,418,8082,27,8082,2,8082,0,9947,0,1.0286407000094187
3,1,,2026-07-29T08:56:42.295299,109757,8137,4656,8137,437,8137,28,8137,4,8137,4,9906,3,1.027943499997491
3,1,,2026-07-29T08:56:43.324002,108903,8060,4542,8060,425,8060,18,8060,4,8060,0,10029,1,1.0283961000095587
3,1,,2026-07-29T08:56:44.352828,109306,8006,4462,8006,451,8006,12,8006,6,8006,0,10102,1,1.028519999992568
3,1,,2026-07-29T08:56:45.381624,109231,8116,4478,8116,427,8116,20,8116,7,8116,3,9902,0,1.0284733999869786
3,1,,2026-07-29T08:56:46.409645,109253,7979,4471,7979,441,7979,24,7979,4,7979,0,10117,2,1.027685399982147
3,1,,2026-07-29T08:56:47.438498,109232,8152,4572,8152,475,8152,15,8152,4,8152,3,10182,4,1.0284607000066899
3,1,,2026-07-29T08:56:48.467772,109297,8069,4519,8069,477,8069,14,8069,4,8069,0,9974,0,1.0288142999925185
3,1,,2026-07-29T08:56:49.496702,109553,8165,4538,8165,447,8165,17,8165,4,8165,0,10044,2,1.0285225000116043
3,1,,2026-07-29T08:56:50.525644,109908,8135,4545,8135,445,8135,27,8135,13,8135,0,10115,0,1.028596699994523
3,1,,2026-07-29T08:56:51.554125,109754,8099,4492,8099,424,8099,20,8099,3,8099,1,10070,3,1.0281590000085998
3,1,,2026-07-29T08:56:52.582662,109788,8063,4515,8063,441,8063,23,8063,5,8063,3,10067,1,1.0282207999844104
3,1,,2026-07-29T08:56:53.610962,109412,8138,4490,8138,434,8138,21,8138,10,8138,2,9981,2,1.0279510999971535
3,1,,2026-07-29T08:56:54.640364,109339,8173,4514,8173,438,8173,16,8173,4,8173,2,10226,0,1.029107699985616
3,1,,2026-07-29T08:56:55.669153,109350,8206,4535,8206,481,8206,25,8206,0,8206,0,9920,2,1.028330500004813
3,1,,2026-07-29T08:56:56.697366,109366,8162,4576,8162,464,8162,23,8162,4,8162,2,10063,1,1.0278970999934245
3,1,,2026-07-29T08:56:57.726406,109137,8004,4438,8004,443,8004,22,8004,4,8004,0,9866,0,1.0287325000099372
3,1,,2026-07-29T08:56:58.756160,109407,8085,4478,8085,456,8085,13,8085,3,8085,4,9955,0,1.0294450000219513
3,1,,2026-07-29T08:56:59.784429,109442,7914,4361,7914,460,7914,13,7914,3,7914,1,10008,1,1.0278105000033975
3,1,,2026-07-29T08:57:00.813385,108566,8114,4533,8114,460,8114,25,8114,4,8114,1,10151,1,1.0286540999950375
3,1,,2026-07-29T08:57:01.843126,109485,8140,4665,8140,434,8140,15,8140,4,8140,2,10056,1,1.0294420999998692
3,1,,2026-07-29T08:57:02.872047,109684,7900,4410,7900,434,7900,20,7900,3,7900,1,9887,4,1.0285929000237957
3,1,,2026-07-29T08:57:03.900281,109110,8046,4550,8046,427,8046,17,8046,6,8046,1,10091,2,1.0278596999996807
3,1,,2026-07-29T08:57:04.929122,109431,8062,4538,8062,464,8063,12,8063,5,8063,1,9979,1,1.0284637000004295
3,1,,2026-07-29T08:57:05.958106,108635,8104,4477,8104,473,8103,16,8103,4,8103,0,9856,3,1.0286355999996886
3,1,,2026-07-29T08:57:06.985871,110007,8118,4543,8118,441,8118,17,8118,8,8118,1,10138,4,1.0273442000034265
3,1,,2026-07-29T08:57:08.013178,109532,7971,4440,7971,429,7971,20,7971,4,7971,1,10124,1,1.0269736999762245
3,1,,2026-07-29T08:57:09.041755,109060,8086,4480,8086,430,8086,20,8086,7,8086,0,10076,3,1.028314600000158
3,1,,2026-07-29T08:57:10.070892,109189,8127,4581,8127,388,8127,18,8127,6,8127,2,9962,1,1.0288228999997955
3,1,,2026-07-29T08:57:11.100016,109031,8096,4585,8096,374,8096,25,8096,7,8096,0,9926,0,1.0286708000057843
3,1,,2026-07-29T08:57:12.129364,109520,8117,4507,8117,432,8117,19,8117,7,8117,3,10088,2,1.0289014999871142
3,1,,2026-07-29T08:57:13.159337,109213,7923,4379,7923,421,7923,13,7923,5,7923,0,10196,0,1.029579099995317
3,1,,2026-07-29T08:57:14.186931,109263,8121,4498,8121,463,8121,23,8121,3,8121,1,9843,0,1.0272717000043485
3,1,,2026-07-29T08:57:15.215158,109283,8124,4523,8124,429,8124,12,8124,4,8124,1,10183,1,1.0279991999850608
3,1,,2026-07-29T08:57:16.244113,109318,8109,4503,8109,438,8109,16,8109,7,8109,2,9982,1,1.0286942000093404
3,1,,2026-07-29T08:57:17.273627,108866,7951,4439,7951,404,7951,14,7951,2,7951,2,9833,0,1.0291384999873117
3,1,,2026-07-29T08:57:18.302103,109714,8111,4525,8111,446,8111,24,8111,10,8111,1,10169,0,1.0281101999862585
3,1,,2026-07-29T08:57:19.331179,109155,8172,4590,8172,466,8172,15,8172,5,8172,2,10065,0,1.0287279000040144
3,1,,2026-07-29T08:57:20.360253,109096,8111,4545,8111,433,8111,15,8111,4,8111,2,10034,3,1.0287200000020675
3,1,,2026-07-29T08:57:21.388516,110193,8144,4552,8144,464,8144,20,8144,4,8144,2,9937,2,1.0279260000097565
3,1,,2026-07-29T08:57:22.418616,109406,8098,4524,8098,425,8098,15,8098,7,8098,4,9997,3,1.02974919998087
3,1,,2026-07-29T08:57:23.447274,110105,8073,4553,8073,465,8073,20,8073,3,8073,1,10061,1,1.0282644999970216
3,1,,2026-07-29T08:57:24.476432,108858,8370,4685,8370,453,8370,27,8370,3,8370,0,9996,1,1.0288346000015736
3,1,,2026-07-29T08:57:25.505279,109618,8005,4565,8005,429,8005,14,8005,5,8005,2,9875,3,1.028532499971334
3,1,,2026-07-29T08:57:26.535455,109449,8088,4579,8088,447,8088,8,8088,3,8088,0,9994,0,1.0298398000013549
3,1,,2026-07-29T08:57:27.564398,109489,8364,4638,8364,441,8364,19,8364,3,8364,3,10222,3,1.0286470999999437
3,1,,2026-07-29T08:57:28.615755,109389,7945,4442,7945,405,7945,18,7945,1,7945,0,9959,1,1.0511077999835834
3,1,,2026-07-29T08:57:29.648590,111750,8269,4707,8269,457,8269,13,8269,4,8269,2,10395,0,1.0288740000105463
3,1,,2026-07-29T08:57:30.677253,108702,8179,4532,8179,467,8179,18,8179,7,8179,1,9930,0,1.0283368000236806
3,1,,2026-07-29T08:57:31.705595,109544,7991,4471,7991,427,7991,10,7991,6,7991,4,10018,2,1.0280149999889545
3,1,,2026-07-29T08:57:32.732096,108762,8008,4517,8008,439,8008,19,8008,4,8008,1,10095,1,1.0261079000192694
3,1,,2026-07-29T08:57:33.758385,108737,8207,4582,8207,459,8207,27,8207,7,8207,3,9878,2,1.0260632999998052
3,1,,2026-07-29T08:57:34.787297,109342,8179,4564,8179,479,8179,23,8179,3,8179,1,9948,0,1.0286727999919094
3,1,,2026-07-29T08:57:35.816470,109654,8273,4653,8273,433,8273,26,8273,4,8273,0,10153,2,1.028871100017568
3,1,,2026-07-29T08:57:36.846448,109202,8154,4511,8154,439,8154,16,8154,7,8154,1,9967,0,1.0296377000049688
3,1,,2026-07-29T08:57:37.874796,109454,8103,4467,8103,452,8103,16,8103,5,8103,3,10181,1,1.028046399995219
3,1,,2026-07-29T08:57:38.904178,109781,8081,4499,8081,476,8081,18,8081,5,8081,1,10096,3,1.0291154999868013
3,1,,2026-07-29T08:57:39.932615,109774,8079,4530,8079,415,8079,20,8079,5,8079,0,10104,1,1.0281150999944657
3,1,,2026-07-29T08:57:40.961170,109514,8130,4530,8130,401,8130,15,8130,4,8130,3,9998,1,1.028217000013683
3,1,,2026-07-29T08:57:41.989783,109135,7956,4359,7956,466,7956,9,7956,4,7956,1,10009,5,1.028126599994721
3,1,,2026-07-29T08:57:43.018899,109466,8016,4482,8016,447,8016,16,8016,4,8016,0,9972,0,1.0286767999932636
3,1,,2026-07-29T08:57:44.047435,109627,8144,4574,8144,465,8144,20,8144,7,8144,2,9892,0,1.0282158000045456
3,1,,2026-07-29T08:57:45.075888,109423,8254,4612,8254,465,8254,24,8254,4,8254,3,10069,1,1.0281530999927782
3,1,,2026-07-29T08:57:46.104902,109386,8093,4419,8093,469,8093,22,8093,3,8093,1,9860,1,1.028526799986139
3,1,,2026-07-29T08:57:47.134207,108402,8065,4480,8065,471,8065,26,8065,2,8065,3,10053,2,1.028960099996766
3,1,,2026-07-29T08:57:48.164074,109441,8037,4517,8037,403,8037,16,8037,5,8037,0,9924,2,1.0293943999859039
3,1,,2026-07-29T08:57:49.193608,109581,8220,4568,8220,486,8220,24,8220,4,8220,1,10150,0,1.029170099995099
3,1,,2026-07-29T08:57:50.222110,110025,8259,4546,8259,471,8259,22,8259,5,8259,2,9941,0,1.028161900001578
3,1,,2026-07-29T08:57:51.252192,109811,8086,4528,8086,471,8086,20,8086,5,8086,1,10012,1,1.029757000011159
3,1,,2026-07-29T08:57:52.281449,109696,8318,4684,8318,449,8318,17,8318,7,8318,2,10233,2,1.0289456000027712
3,1,,2026-07-29T08:57:53.309153,108808,8127,4520,8127,414,8127,18,8127,5,8127,4,9886,2,1.0273794000095222
3,1,,2026-07-29T08:57:54.337655,109303,7855,4456,7855,414,7855,16,7855,4,7855,1,9877,1,1.028201299981447
3,1,,2026-07-29T08:57:55.366523,109476,8031,4446,8031,434,8031,23,8031,4,8031,1,10074,2,1.0285755999793764
3,1,,2026-07-29T08:57:56.395161,109380,8025,4482,8025,448,8025,14,8025,10,8025,1,10176,2,1.028243900014786
3,1,,2026-07-29T08:57:57.422623,109307,8026,4396,8026,446,8026,16,8026,6,8026,1,9942,1,1.027133600000525
3,1,,2026-07-29T08:57:58.451469,108902,7981,4514,7981,470,7981,13,7981,6,7981,4,10004,2,1.0285773999930825
3,1,,2026-07-29T08:57:59.480218,109060,8022,4454,8022,432,8022,16,8022,6,8022,3,10092,1,1.0284281999920495
3,1,,2026-07-29T08:58:00.509433,109318,8189,4622,8189,422,8189,22,8189,5,8189,1,9932,3,1.0288886999769602
3,1,,2026-07-29T08:58:01.539251,109546,8000,4448,8000,431,8000,22,8000,6,8000,0,10044,2,1.029419800004689
3,1,,2026-07-29T08:58:02.567704,109829,8196,4549,8196,455,8196,19,8196,5,8196,0,10060,0,1.0280729999940377
3,1,,2026-07-29T08:58:03.597227,109316,8079,4510,8079,435,8079,16,8079,6,8079,1,10039,3,1.029082399996696
3,1,,2026-07-29T08:58:04.625459,109924,8053,4512,8053,429,8053,16,8053,9,8053,4,10135,1,1.0278167999931611
3,1,,2026-07-29T08:58:05.654673,109747,8208,4543,8208,468,8208,19,8208,4,8208,1,10129,1,1.0288763999997173
3,1,,2026-07-29T08:58:06.683493,109813,7981,4387,7981,446,7981,11,7981,5,7981,2,10066,2,1.0284688999818172
3,1,,2026-07-29T08:58:07.712901,108952,8041,4496,8041,448,8041,12,8041,4,8041,1,10046,2,1.029046899988316
3,1,,2026-07-29T08:58:08.741424,109421,8173,4495,8173,423,8173,19,8173,10,8173,0,9993,1,1.0281316000036895
3,1,,2026-07-29T08:58:09.770142,109725,8245,4606,8245,431,8245,15,8245,8,8245,0,10124,0,1.0283468999841716
3,1,,2026-07-29T08:58:10.798892,109545,8065,4552,8065,423,8065,12,8065,4,8065,0,10145,1,1.0283732000098098
3,1,,2026-07-29T08:58:11.827945,109242,8021,4473,8021,462,8021,17,8021,9,8021,0,10115,0,1.028603499988094
3,1,,2026-07-29T08:58:12.856483,109934,8163,4460,8163,452,8163,21,8163,3,8163,2,10035,3,1.0281966000038665
3,1,,2026-07-29T08:58:13.885329,109201,8189,4570,8189,463,8189,17,8189,9,8189,1,9866,1,1.0284927999891806
3,1,,2026-07-29T08:58:14.914540,109402,8169,4547,8169,453,8169,13,8169,7,8169,0,10208,1,1.0288344000000507
3,1,,2026-07-29T08:58:15.942866,109123,8058,4531,8058,406,8058,12,8058,5,8058,1,10222,1,1.0279169999994338
3,1,,2026-07-29T08:58:16.971200,109676,8150,4565,8150,464,8150,20,8150,5,8150,2,10062,2,1.0279924000205938
3,1,,2026-07-29T08:58:18.000372,108973,8084,4456,8084,477,8084,13,8084,7,8084,0,10078,3,1.0287876999936998
3,1,,2026-07-29T08:58:19.028255,108864,8104,4616,8104,462,8104,12,8104,2,8104,0,10000,3,1.0275671999843325
3,1,,2026-07-29T08:58:20.055790,109152,8060,4502,8060,452,8060,21,8060,2,8060,0,9855,2,1.0273092999996152
3,1,,2026-07-29T08:58:21.084820,109525,8128,4558,8128,470,8128,19,8128,3,8128,2,9913,2,1.0287615999986883
3,1,,2026-07-29T08:58:22.113074,109297,8125,4487,8125,466,8125,21,8125,7,8125,1,10014,3,1.0279157000186387
3,1,,2026-07-29T08:58:23.141386,109228,7940,4446,7940,479,7940,11,7940,7,7940,0,10040,0,1.0279460999881849
3,1,,2026-07-29T08:58:24.170492,109830,8101,4462,8101,432,8101,17,8101,6,8101,2,9982,2,1.028796800004784
3,1,,2026-07-29T08:58:25.199369,109696,8023,4463,8023,433,8023,23,8023,4,8023,1,10048,1,1.0283967000141274
3,1,,2026-07-29T08:58:26.227891,108961,8015,4450,8015,487,8015,17,8015,3,8015,1,10100,1,1.0281692999997176
3,1,,2026-07-29T08:58:27.256278,109572,8097,4523,8097,435,8097,22,8097,5,8097,1,10098,1,1.0280399000039324
3,1,,2026-07-29T08:58:28.285043,109580,8097,4452,8097,455,8097,20,8097,10,8097,2,10015,1,1.0284134000248741
3,1,,2026-07-29T08:58:29.313822,109761,8060,4417,8060,443,8060,14,8060,5,8060,0,10200,1,1.028305099986028
3,1,,2026-07-29T08:58:30.342185,108904,8130,4525,8130,417,8130,15,8130,7,8130,1,10087,0,1.02796639999724
3,1,,2026-07-29T08:58:31.370651,108743,8042,4452,8042,443,8042,20,8042,7,8042,2,9975,1,1.028117799985921
3,1,,2026-07-29T08:58:32.398977,109729,8158,4599,8158,447,8158,18,8158,3,8158,2,10156,2,1.0279914000129793
3,1,,2026-07-29T08:58:33.427476,108875,7974,4461,7974,422,7974,22,7974,4,7974,1,9958,4,1.0281823000113945
3,1,,2026-07-29T08:58:34.456086,108919,8081,4483,8081,465,8081,24,8081,5,8081,3,10026,1,1.0283214999944903
3,1,,2026-07-29T08:58:35.485211,109256,8148,4522,8148,421,8148,21,8148,1,8148,0,10095,2,1.0287432000041008
3,1,,2026-07-29T08:58:36.514200,109561,8107,4479,8107,475,8107,19,8107,4,8107,2,10093,0,1.0286544999980833
3,1,,2026-07-29T08:58:37.543840,109561,8149,4517,8149,431,8149,16,8149,2,8149,2,9859,2,1.02933029999258
3,1,,2026-07-29T08:58:38.572829,109614,8181,4636,8181,437,8181,19,8181,6,8181,1,10046,1,1.0286619999969844
3,1,,2026-07-29T08:58:39.601546,109090,8159,4462,8159,469,8159,25,8159,2,8159,1,10035,2,1.0284383000107482
3,1,,2026-07-29T08:58:40.630500,110608,8039,4482,8039,466,8039,26,8039,3,8039,0,10116,5,1.028535700024804
3,1,,2026-07-29T08:58:41.659249,109905,8245,4682,8245,458,8245,23,8245,4,8245,4,10091,2,1.028406299999915
3,1,,2026-07-29T08:58:42.688207,109290,8057,4465,8057,459,8057,14,8057,3,8057,2,9693,1,1.028603100014152
3,1,,2026-07-29T08:58:43.719560,109296,8136,4465,8136,441,8136,12,8136,4,8136,1,10248,0,1.0309466999897268
3,1,,2026-07-29T08:58:44.748817,108963,8155,4563,8155,416,8155,25,8155,7,8155,3,10112,1,1.028776299994206
3,1,,2026-07-29T08:58:45.777800,109244,8206,4559,8206,498,8206,19,8206,4,8206,2,10129,0,1.0285371000063606
3,1,,2026-07-29T08:58:46.804420,109307,8019,4456,8019,464,8019,17,8019,3,8019,2,9938,0,1.0263157000008505
3,1,,2026-07-29T08:58:47.834078,108272,8170,4572,8170,457,8170,17,8170,6,8170,2,9901,1,1.0294065999914892
3,1,,2026-07-29T08:58:48.863449,109496,8087,4530,8087,442,8087,12,8087,4,8087,0,10126,2,1.028908100008266
3,1,,2026-07-29T08:58:49.893659,108927,7990,4444,7990,455,7990,21,7990,4,7990,2,9933,1,1.0298457999888342
3,1,,2026-07-29T08:58:50.922117,109389,8085,4516,8085,432,8085,19,8085,8,8085,3,10113,2,1.0280125999997836
3,1,,2026-07-29T08:58:51.950833,109121,8122,4529,8122,415,8122,13,8122,2,8122,1,9977,2,1.02833910001209
3,1,,2026-07-29T08:58:52.980782,109526,8194,4584,8194,464,8194,15,8194,10,8194,0,10205,2,1.0296306000091136
3,1,,2026-07-29T08:58:54.008568,108891,8220,4631,8220,456,8220,23,8220,2,8220,1,9843,0,1.0274909000145271
3,1,,2026-07-29T08:58:55.037200,108884,8252,4668,8252,429,8252,19,8252,7,8252,1,9886,0,1.0282323000137694
3,1,,2026-07-29T08:58:56.066815,109359,8164,4583,8164,447,8164,17,8164,7,8164,1,10253,2,1.0292439999757335
3,1,,2026-07-29T08:58:57.096102,109533,8139,4531,8139,446,8139,17,8139,4,8139,1,10129,0,1.0287796999909915
3,1,,2026-07-29T08:58:58.125157,109828,8170,4584,8170,443,8170,27,8170,5,8170,2,10000,3,1.0285832000081427
3,1,,2026-07-29T08:58:59.154044,109039,8192,4626,8192,403,8192,22,8192,5,8192,3,10000,1,1.0285466999921482
3,1,,2026-07-29T08:59:00.182841,109624,8137,4534,8137,425,8137,19,8137,7,8137,0,9933,0,1.0284604000044055
3,1,,2026-07-29T08:59:01.213439,109255,8283,4565,8283,482,8283,18,8283,6,8283,2,9883,2,1.0301244999864139
3,1,,2026-07-29T08:59:02.242750,109640,8237,4618,8237,432,8237,17,8237,5,8237,2,9947,2,1.0286879000195768
3,1,,2026-07-29T08:59:03.271770,108952,8080,4407,8080,469,8080,23,8080,6,8080,0,10120,3,1.0286017000034917
3,1,,2026-07-29T08:59:04.301910,109541,8058,4440,8058,447,8058,16,8058,7,8058,1,10137,2,1.029836300003808
3,1,,2026-07-29T08:59:05.331512,109213,8054,4514,8054,436,8054,16,8054,11,8054,0,10185,1,1.0292227000172716
3,1,,2026-07-29T08:59:06.361283,109421,8165,4562,8165,465,8165,22,8165,4,8165,1,10101,0,1.029406999994535
3,1,,2026-07-29T08:59:07.389674,109610,8273,4542,8273,497,8273,20,8273,2,8273,0,10076,1,1.0280329000088386
3,1,,2026-07-29T08:59:08.418887,108843,8138,4570,8138,441,8138,18,8138,6,8138,0,10021,0,1.0288287000148557
3,1,,2026-07-29T08:59:09.448049,109404,8341,4664,8341,495,8341,20,8341,6,8341,1,10159,0,1.0288005000038538
3,1,,2026-07-29T08:59:10.477393,109330,8163,4614,8163,444,8163,14,8163,8,8163,1,10305,3,1.0289217000245117
3,1,,2026-07-29T08:59:11.506540,109238,8052,4529,8052,436,8052,17,8052,1,8052,0,10166,4,1.028700300026685
3,1,,2026-07-29T08:59:12.535509,110239,8158,4542,8158,439,8158,23,8158,6,8158,1,10026,1,1.0286056000040844
3,1,,2026-07-29T08:59:13.564885,109397,8116,4559,8116,450,8116,16,8116,2,8116,1,10067,2,1.0290132000227459
3,1,,2026-07-29T08:59:14.593628,109742,8200,4557,8200,484,8200,20,8200,6,8200,1,10231,3,1.028424799995264
3,1,,2026-07-29T08:59:15.620142,110134,8297,4673,8297,465,8297,21,8297,6,8297,0,10169,0,1.0262972000055015
3,1,,2026-07-29T08:59:16.648380,109031,7914,4389,7914,423,7914,21,7914,4,7914,1,9814,1,1.0280868999834638
3,1,,2026-07-29T08:59:17.678070,108942,8123,4522,8123,433,8123,19,8123,6,8123,3,9896,1,1.0293637000140734
3,1,,2026-07-29T08:59:18.707180,109353,8018,4533,8018,452,8018,12,8018,3,8018,0,10158,2,1.0287226000218652
3,1,,2026-07-29T08:59:19.735678,109348,8072,4460,8072,437,8072,14,8072,0,8072,1,10156,5,1.0281364000111353
3,1,,2026-07-29T08:59:20.764521,109532,8133,4522,8133,471,8133,22,8133,5,8133,2,9924,0,1.0285290000028908
3,1,,2026-07-29T08:59:21.794103,109013,8245,4627,8245,443,8245,14,8245,5,8245,3,10149,0,1.0292431999987457
3,1,,2026-07-29T08:59:22.822916,109323,7998,4463,7998,415,7998,17,7998,7,7998,1,10199,1,1.0283308000070974
3,1,,2026-07-29T08:59:23.851557,109537,7980,4467,7980,470,7980,21,7980,3,7980,1,10132,1,1.0283237000112422
3,1,,2026-07-29T08:59:24.880449,108921,8123,4474,8123,435,8123,16,8123,1,8123,5,10039,0,1.02857419999782
3,1,,2026-07-29T08:59:25.909090,109446,7990,4511,7990,436,7990,17,7990,5,7990,4,10001,1,1.0283596999943256
3,1,,2026-07-29T08:59:26.938942,109760,8284,4608,8284,462,8284,12,8284,7,8284,2,10134,0,1.0294706000131555
3,1,,2026-07-29T08:59:27.968407,108937,8154,4533,8154,430,8154,11,8154,6,8154,1,9933,3,1.0290389999863692
3,1,,2026-07-29T08:59:28.996667,109340,8225,4609,8225,445,8225,19,8225,4,8225,3,10124,2,1.0278518999984954
3,1,,2026-07-29T08:59:30.025436,109294,8193,4614,8193,454,8193,18,8193,3,8193,2,10168,1,1.0283834000001661
3,1,,2026-07-29T08:59:31.054692,109649,8147,4670,8147,421,8147,21,8147,8,8147,0,9972,1,1.0289111000020057
3,1,,2026-07-29T08:59:32.084174,109082,8051,4550,8051,428,8051,17,8051,4,8051,1,10000,1,1.0290356999903452
3,1,,2026-07-29T08:59:33.113605,108485,8047,4426,8047,439,8047,17,8047,6,8047,5,10020,0,1.0288948999950662
3,1,,2026-07-29T08:59:34.143102,109165,8111,4538,8111,441,8111,20,8111,0,8111,3,10015,0,1.0289845000079367
3,1,,2026-07-29T08:59:35.171748,109324,8179,4527,8179,430,8179,19,8179,6,8179,0,10138,2,1.0282106999948155
3,1,,2026-07-29T08:59:36.200260,108986,7961,4443,7961,422,7961,15,7961,5,7961,1,9960,1,1.028162800008431
3,1,,2026-07-29T08:59:37.229141,108730,8201,4578,8201,458,8201,17,8201,3,8201,2,10068,2,1.028544900007546
3,1,,2026-07-29T08:59:38.257757,109264,8034,4407,8034,500,8034,19,8034,6,8034,0,9976,4,1.028238800005056
3,1,,2026-07-29T08:59:39.285754,108770,8204,4633,8204,461,8204,13,8204,4,8204,0,9908,2,1.0276291000191122
3,1,,2026-07-29T08:59:40.315707,109143,8097,4525,8097,475,8097,15,8097,4,8097,1,9947,3,1.0296335000020918
3,1,,2026-07-29T08:59:41.344928,108925,8175,4613,8175,463,8175,16,8175,6,8175,1,10092,0,1.0288383000006434
3,1,,2026-07-29T08:59:42.374398,109261,8064,4553,8064,440,8064,20,8064,8,8064,1,10200,2,1.0290974999952596
3,1,,2026-07-29T08:59:43.401647,109467,8279,4714,8279,440,8279,12,8279,4,8279,1,10067,2,1.0269028000184335
3,1,,2026-07-29T08:59:44.430098,108964,8099,4547,8099,425,8099,17,8099,4,8099,0,10287,1,1.0281854000058956
3,1,,2026-07-29T08:59:45.457083,108728,8248,4589,8248,409,8249,17,8249,3,8249,2,10159,3,1.0266194000141695
3,1,,2026-07-29T08:59:46.485344,109016,8101,4564,8101,452,8100,18,8100,9,8100,0,10185,3,1.027950299991062
3,1,,2026-07-29T08:59:47.512099,108896,8120,4511,8120,410,8120,12,8120,7,8120,0,10137,2,1.0264526999962982
3,1,,2026-07-29T08:59:48.541205,109423,8116,4582,8116,456,8116,18,8116,4,8116,2,9994,0,1.0288401000143494
3,1,,2026-07-29T08:59:49.568976,108921,8139,4534,8139,428,8139,24,8139,4,8139,1,9913,1,1.0274455999897327
3,1,,2026-07-29T08:59:50.597189,110224,8206,4601,8206,431,8206,18,8206,5,8206,0,10065,3,1.027824100019643
3,1,,2026-07-29T08:59:51.624687,109227,8118,4573,8118,472,8118,16,8118,6,8118,2,9914,3,1.027126600005431
3,1,,2026-07-29T08:59:52.653981,109141,8189,4637,8189,426,8189,27,8189,8,8189,1,9970,2,1.0289324999903329
3,1,,2026-07-29T08:59:53.681343,109495,8082,4473,8082,481,8082,18,8082,14,8082,1,10034,2,1.0270216000208165
3,1,,2026-07-29T08:59:54.708284,109351,8170,4580,8170,430,8170,12,8170,6,8170,1,10015,0,1.0266511000227183
3,1,,2026-07-29T08:59:55.736994,108680,8063,4521,8063,451,8063,10,8063,6,8063,1,10143,2,1.028461599984439
3,1,,2026-07-29T08:59:56.765195,108979,8093,4635,8093,407,8093,15,8093,8,8093,0,10038,0,1.0278276999888476
3,1,,2026-07-29T08:59:57.793544,109619,8142,4600,8142,410,8142,15,8142,5,8142,0,9933,1,1.0279871000093408
3,1,,2026-07-29T08:59:58.822378,109128,8129,4519,8129,475,8129,15,8129,7,8129,2,9984,3,1.0285041999886744
3,1,,2026-07-29T08:59:59.851682,108924,7942,4399,7942,477,7942,20,7942,4,7942,1,10016,0,1.0289484999957494
3,1,,2026-07-29T09:00:00.880764,109599,8246,4634,8246,444,8246,19,8246,11,8246,1,10076,1,1.0286773999978323
3,1,,2026-07-29T09:00:01.908428,109282,8046,4436,8046,452,8046,16,8046,5,8046,3,9951,0,1.0273796000110451
3,1,,2026-07-29T09:00:02.937473,109430,8118,4610,8118,455,8118,20,8118,8,8118,1,10138,5,1.0287518000113778
3,1,,2026-07-29T09:00:03.966317,109958,8079,4444,8079,478,8079,13,8079,4,8079,0,9888,4,1.0285224000108428
3,1,,2026-07-29T09:00:04.995877,109344,8194,4628,8194,410,8194,15,8194,7,8194,1,9977,3,1.0291941000032239
3,1,,2026-07-29T09:00:06.023791,108768,8111,4557,8111,402,8111,14,8111,8,8111,2,10025,4,1.0274993999919388
3,1,,2026-07-29T09:00:07.051899,109406,8093,4510,8093,443,8093,17,8093,7,8093,1,10031,2,1.0277569000027142
3,1,,2026-07-29T09:00:08.115343,112856,8374,4653,8374,500,8374,26,8374,7,8374,0,10589,4,1.0276966000092216
3,1,,2026-07-29T09:00:09.143040,109836,8148,4552,8148,465,8148,17,8148,9,8148,3,10100,0,1.0273558000044432
3,1,,2026-07-29T09:00:10.173099,109274,8012,4462,8012,465,8012,20,8012,6,8012,0,10036,1,1.0296615000115708
3,1,,2026-07-29T09:00:11.202321,109124,8086,4435,8086,464,8086,10,8086,5,8086,0,10219,0,1.0287834999908227
3,1,,2026-07-29T09:00:12.230999,109905,8206,4519,8206,459,8206,22,8206,5,8206,1,10110,3,1.0283020000206307
3,1,,2026-07-29T09:00:13.257611,109330,8106,4565,8106,441,8106,18,8106,6,8106,1,9982,2,1.0263276000041515
3,1,,2026-07-29T09:00:14.285556,109016,8299,4619,8299,441,8299,15,8299,6,8299,1,10038,3,1.0277095999917947
3,1,,2026-07-29T09:00:15.314491,109315,8133,4490,8133,468,8133,14,8133,4,8133,0,10117,2,1.0286008999974001
3,1,,2026-07-29T09:00:16.343034,109780,8046,4465,8046,438,8046,12,8046,3,8046,0,9941,3,1.0282071999972686
3,1,,2026-07-29T09:00:17.372630,109132,8015,4558,8015,442,8015,23,8015,4,8015,4,10003,5,1.0291571999841835
3,1,,2026-07-29T09:00:18.401102,109391,8083,4498,8083,439,8083,12,8083,0,8083,2,9961,2,1.0281512000074144
3,1,,2026-07-29T09:00:19.430251,109506,8011,4448,8011,465,8011,16,8011,6,8011,1,10051,0,1.0287370999867562
3,1,,2026-07-29T09:00:20.459906,108763,8011,4438,8011,411,8011,13,8011,5,8011,1,10057,3,1.0293224999913946
3,1,,2026-07-29T09:00:21.488951,108062,8053,4512,8053,418,8053,20,8053,7,8053,2,10028,2,1.0286858000035863
3,1,,2026-07-29T09:00:22.517891,109214,8119,4514,8119,436,8119,20,8119,3,8119,1,10000,3,1.028654199995799
3,1,,2026-07-29T09:00:23.546868,109478,8110,4500,8110,450,8110,17,8110,6,8110,0,10029,2,1.028545999986818
3,1,,2026-07-29T09:00:24.575753,109058,8161,4539,8161,464,8161,16,8161,5,8161,0,10236,0,1.028616099996725
3,1,,2026-07-29T09:00:25.605011,109641,8088,4473,8088,488,8088,21,8088,3,8088,0,10159,1,1.0289312999811955
3,1,,2026-07-29T09:00:26.632220,109690,8106,4474,8106,445,8106,13,8106,2,8106,0,10068,1,1.0269443000142928
3,1,,2026-07-29T09:00:27.659796,108457,7999,4458,7999,454,7999,16,7999,9,7999,0,9961,2,1.0272896999958903
3,1,,2026-07-29T09:00:28.688027,109053,8144,4474,8144,439,8144,17,8144,6,8144,2,10006,2,1.0279510999971535
3,1,,2026-07-29T09:00:29.717539,108943,8170,4577,8170,396,8170,16,8170,4,8170,0,10154,2,1.0290639999730047
3,1,,2026-07-29T09:00:30.745603,108887,8101,4568,8101,447,8101,15,8101,6,8101,0,10008,5,1.0276679999951739
3,1,,2026-07-29T09:00:31.775327,108853,8090,4420,8090,448,8090,15,8090,6,8090,1,9926,1,1.0293353000015486
3,1,,2026-07-29T09:00:32.804320,109717,8199,4494,8199,452,8199,15,8199,11,8199,0,10010,3,1.0287130000069737
3,1,,2026-07-29T09:00:33.833628,109801,8067,4476,8067,463,8067,19,8067,4,8067,1,10182,3,1.028981899988139
3,1,,2026-07-29T09:00:34.863060,108525,7977,4412,7977,462,7977,17,7977,3,7977,0,9994,2,1.0290804000105709
3,1,,2026-07-29T09:00:35.891700,109452,8126,4483,8126,457,8126,11,8126,5,8126,0,10177,1,1.028275400021812
3,1,,2026-07-29T09:00:36.920784,108809,8046,4523,8046,450,8046,19,8046,2,8046,0,10183,1,1.028744600014761
3,1,,2026-07-29T09:00:37.949079,108866,8063,4437,8063,404,8063,13,8063,4,8063,1,9997,2,1.0279620000219438
3,1,,2026-07-29T09:00:38.977461,109111,8015,4423,8015,423,8015,14,8015,2,8015,1,9936,0,1.0279599000059534
3,1,,2026-07-29T09:00:40.006729,109316,8021,4436,8021,468,8021,20,8021,3,8021,1,10067,0,1.0288022000167985
3,1,,2026-07-29T09:00:41.036274,109480,8266,4639,8266,462,8266,20,8266,6,8266,3,10066,0,1.0279095000005327
3,1,,2026-07-29T09:00:42.064135,109189,8096,4515,8096,430,8096,15,8096,6,8096,0,10135,2,1.0275545000040438
3,1,,2026-07-29T09:00:43.092642,109314,8076,4469,8076,450,8076,25,8076,6,8076,2,10168,3,1.0281975000107195
3,1,,2026-07-29T09:00:44.120875,108670,8134,4516,8134,461,8134,26,8134,2,8134,0,10004,0,1.0278920000127982
3,1,,2026-07-29T09:00:45.149904,109331,7998,4459,7998,443,7998,14,7998,5,7998,0,9953,3,1.0286380000179633
3,1,,2026-07-29T09:00:46.179841,109377,8077,4559,8077,443,8077,16,8077,4,8077,0,10037,2,1.0295932999870274
3,1,,2026-07-29T09:00:47.208251,109486,8150,4550,8150,447,8150,13,8150,4,8150,3,10077,2,1.028051500004949
3,1,,2026-07-29T09:00:48.236667,108710,8139,4596,8139,429,8139,8,8139,5,8139,2,9764,5,1.0280678999843076
3,1,,2026-07-29T09:00:49.266337,108865,8195,4581,8195,455,8195,17,8195,5,8195,1,10104,0,1.029380799998762
3,1,,2026-07-29T09:00:50.294848,109282,8147,4592,8148,434,8148,12,8148,3,8148,4,9970,1,1.0281612999970093
3,1,,2026-07-29T09:00:51.324433,109711,8324,4621,8323,475,8323,20,8323,4,8323,1,10087,0,1.0291547999950126
3,1,,2026-07-29T09:00:52.352736,109458,8199,4611,8199,441,8199,18,8199,4,8199,1,10006,1,1.0279686000139918
3,1,,2026-07-29T09:00:53.382640,109685,8005,4524,8005,448,8005,18,8005,3,8005,3,10117,3,1.0295694000087678
3,1,,2026-07-29T09:00:54.410372,109414,8225,4698,8225,472,8225,18,8225,6,8225,0,10079,1,1.0274015999748372
3,1,,2026-07-29T09:00:55.437314,109318,8095,4483,8095,431,8095,14,8095,3,8095,0,10002,0,1.0265714999986812
3,1,,2026-07-29T09:00:56.465862,109328,8190,4562,8190,421,8190,20,8190,3,8190,1,10021,2,1.028271900024265
3,1,,2026-07-29T09:00:57.524843,108940,8127,4543,8127,463,8127,17,8127,5,8127,3,9860,0,1.058653799991589
3,1,,2026-07-29T09:00:58.555279,112412,8372,4717,8372,457,8372,21,8372,5,8372,1,10281,0,1.0278426999866497
3,1,,2026-07-29T09:00:59.583496,108940,8160,4542,8160,451,8160,20,8160,7,8160,3,9889,1,1.028017299977364
3,1,,2026-07-29T09:01:00.614026,108985,8214,4625,8214,450,8214,11,8214,4,8214,1,10121,0,1.0301724000019021
3,1,,2026-07-29T09:01:01.643778,109470,8168,4548,8168,462,8168,16,8168,5,8168,1,10082,2,1.029336500010686
3,1,,2026-07-29T09:01:02.672682,109657,8242,4678,8242,439,8242,16,8242,8,8242,1,9961,1,1.0285233999893535
3,1,,2026-07-29T09:01:03.701607,109244,8090,4597,8090,419,8090,24,8090,6,8090,0,10007,3,1.028550599992741
3,1,,2026-07-29T09:01:04.732040,108901,8230,4549,8230,462,8230,17,8230,6,8230,2,9994,2,1.030084900005022
3,1,,2026-07-29T09:01:05.760892,109044,8084,4480,8084,467,8084,20,8084,1,8084,4,10057,2,1.0284936999960337
3,1,,2026-07-29T09:01:06.789387,109221,8172,4644,8172,432,8172,16,8172,4,8172,0,10161,1,1.0280658999981824
3,1,,2026-07-29T09:01:07.818857,109089,8091,4524,8091,450,8091,17,8091,4,8091,0,10129,5,1.0291314000205602
3,1,,2026-07-29T09:01:08.847520,109499,8169,4591,8169,479,8169,19,8169,1,8169,0,10058,1,1.0283694000099786
3,1,,2026-07-29T09:01:09.877089,109019,7950,4437,7950,429,7950,22,7950,8,7950,3,9959,1,1.0292305999901146
3,1,,2026-07-29T09:01:10.906513,108896,8131,4469,8131,461,8131,19,8131,5,8131,0,10173,4,1.029079300002195
3,1,,2026-07-29T09:01:11.935542,109264,8255,4565,8255,446,8255,21,8255,5,8255,0,9964,1,1.0286208000034094
3,1,,2026-07-29T09:01:12.964157,108398,8199,4592,8199,416,8199,6,8199,7,8199,0,10081,1,1.028271399991354
3,1,,2026-07-29T09:01:13.993718,109490,8134,4448,8134,458,8134,11,8134,8,8134,0,10042,3,1.0292343999899458
3,1,,2026-07-29T09:01:15.022314,109147,8010,4510,8010,458,8010,13,8010,3,8010,2,9842,4,1.028187199990498
3,1,,2026-07-29T09:01:16.052714,108786,8071,4482,8071,456,8071,21,8071,8,8071,1,9970,0,1.03006990000722
3,1,,2026-07-29T09:01:17.081776,109037,8178,4529,8178,486,8178,13,8178,2,8178,2,10029,2,1.0286774999985937
3,1,,2026-07-29T09:01:18.111125,109050,8311,4650,8311,485,8311,17,8311,6,8311,1,9920,1,1.0289292999950703
3,1,,2026-07-29T09:01:19.140161,109363,8106,4500,8106,453,8106,18,8106,7,8106,2,10072,0,1.0286178000096697
3,1,,2026-07-29T09:01:20.169354,108773,8226,4553,8226,454,8226,21,8226,4,8226,0,10010,2,1.0288717999937944
3,1,,2026-07-29T09:01:21.197701,109080,7994,4390,7994,433,7994,19,7994,4,7994,2,10045,1,1.0278869000030681
3,1,,2026-07-29T09:01:22.226191,109453,8109,4613,8109,428,8109,13,8109,5,8109,2,10060,3,1.0282601999933831
3,1,,2026-07-29T09:01:23.254807,109143,8195,4593,8195,456,8195,17,8195,8,8195,1,9936,1,1.0282788000185974
3,1,,2026-07-29T09:01:24.284577,109809,8094,4542,8094,425,8094,13,8094,3,8094,0,10278,0,1.029441399994539
3,1,,2026-07-29T09:01:25.313190,109271,8152,4571,8152,458,8152,22,8152,1,8152,2,10052,1,1.0281937000108883
3,1,,2026-07-29T09:01:26.341802,109257,8164,4582,8164,441,8164,18,8164,4,8164,1,10048,1,1.0282838999992236
3,1,,2026-07-29T09:01:27.370408,109589,8173,4548,8173,442,8173,15,8173,5,8173,0,10210,3,1.0282885000051465
3,1,,2026-07-29T09:01:28.398760,109688,8060,4548,8060,474,8060,7,8060,0,8060,4,10115,3,1.0280079999938607
3,1,,2026-07-29T09:01:29.427080,109397,8289,4667,8289,497,8289,13,8289,5,8289,1,10061,1,1.0280264999892097
3,1,,2026-07-29T09:01:30.456082,108746,8036,4445,8036,454,8036,16,8036,5,8036,1,10232,4,1.0286906999826897
3,1,,2026-07-29T09:01:31.485548,109354,8197,4618,8197,433,8197,17,8197,5,8197,0,9995,2,1.0291147000098135
3,1,,2026-07-29T09:01:32.515412,108895,8078,4466,8078,426,8078,17,8078,4,8078,3,10135,1,1.029494699992938
3,1,,2026-07-29T09:01:33.544834,109475,8169,4573,8169,409,8169,22,8169,1,8169,1,9985,0,1.0290425999846775
3,1,,2026-07-29T09:01:34.573965,108998,8168,4545,8168,461,8168,15,8168,4,8168,1,10006,2,1.0287296999886166
3,1,,2026-07-29T09:01:35.602514,108680,8191,4521,8191,446,8191,15,8191,2,8191,3,10102,0,1.0282094999856781
3,1,,2026-07-29T09:01:36.631180,109607,8127,4443,8127,458,8127,21,8127,6,8127,1,9976,1,1.0283640999987256
3,1,,2026-07-29T09:01:37.660280,109929,8094,4626,8094,428,8094,22,8094,6,8094,0,10069,1,1.0286334000120405
3,1,,2026-07-29T09:01:38.689354,109115,8029,4479,8029,463,8029,27,8029,2,8029,1,10000,0,1.028711300023133
3,1,,2026-07-29T09:01:39.718040,109624,8315,4707,8315,464,8315,16,8315,3,8315,2,10208,1,1.0282987999962643
3,1,,2026-07-29T09:01:40.748180,108731,8283,4681,8283,444,8283,17,8283,2,8283,1,10068,2,1.0298268999904394
3,1,,2026-07-29T09:01:41.776820,109443,8231,4649,8231,448,8231,16,8231,9,8231,1,10068,2,1.0282628000131808
3,1,,2026-07-29T09:01:42.805444,109522,8082,4539,8082,435,8082,12,8082,7,8082,1,10058,4,1.0282675999915227
3,1,,2026-07-29T09:01:43.833808,108469,7927,4364,7927,431,7927,10,7927,7,7927,1,9877,1,1.0280107999860775
3,1,,2026-07-29T09:01:44.862621,108969,7967,4305,7967,448,7967,17,7967,7,7967,1,10134,3,1.028486899973359
3,1,,2026-07-29T09:01:45.890854,109889,8290,4615,8290,467,8290,19,8290,4,8290,1,10086,2,1.0279257000074722
3,1,,2026-07-29T09:01:46.921177,109541,7983,4480,7983,421,7983,14,7983,3,7983,0,10100,2,1.0299625999759883
3,1,,2026-07-29T09:01:47.950039,109104,8117,4477,8117,456,8117,23,8117,5,8117,0,9882,1,1.0284711999993306
3,1,,2026-07-29T09:01:48.978686,109146,8132,4544,8132,425,8132,20,8132,2,8132,2,10145,3,1.0282476000138558
3,1,,2026-07-29T09:01:50.007173,108966,8148,4570,8148,417,8148,24,8148,3,8148,0,10078,5,1.0281308999983594
3,1,,2026-07-29T09:01:51.036244,109286,8095,4494,8095,454,8095,15,8095,3,8095,0,10145,1,1.0288062000181526
3,1,,2026-07-29T09:01:52.064635,108964,7996,4475,7996,444,7996,15,7996,3,7996,2,9890,2,1.0280859000049531
3,1,,2026-07-29T09:01:53.090712,109509,8165,4491,8165,441,8165,15,8165,3,8165,2,10131,1,1.0258055000158492
3,1,,2026-07-29T09:01:54.118575,108772,8074,4465,8074,418,8074,20,8074,4,8074,2,9949,2,1.0276330999913625
3,1,,2026-07-29T09:01:55.145834,109080,8159,4503,8159,455,8159,23,8159,2,8159,1,9929,0,1.0269686999963596
3,1,,2026-07-29T09:01:56.172042,108527,8055,4563,8055,473,8055,13,8055,4,8055,1,10153,3,1.0259705999924336
3,1,,2026-07-29T09:01:57.200680,109410,8209,4453,8209,458,8209,11,8209,3,8209,5,10035,3,1.0284212999977171
3,1,,2026-07-29T09:01:58.230139,109273,8154,4546,8154,444,8154,26,8154,6,8154,1,9864,3,1.0291333999775816
3,1,,2026-07-29T09:01:59.259244,109127,8111,4526,8111,434,8111,18,8111,4,8111,1,9917,4,1.0287552000081632
3,1,,2026-07-29T09:02:00.288201,109357,8021,4378,8021,448,8021,16,8021,3,8021,1,10050,2,1.0285642999806441
3,1,,2026-07-29T09:02:01.316512,109081,8252,4660,8252,434,8252,13,8252,9,8252,1,9907,1,1.0279799999843817
3,1,,2026-07-29T09:02:02.344907,109075,8031,4418,8031,447,8031,15,8031,6,8031,0,10018,2,1.0280405000085011
3,1,,2026-07-29T09:02:03.371136,109357,8183,4484,8183,477,8183,21,8183,9,8183,1,10331,1,1.0259640000003856
3,1,,2026-07-29T09:02:04.398649,108779,8085,4481,8085,443,8085,23,8085,7,8085,1,9989,2,1.0272703999944497
3,1,,2026-07-29T09:02:05.427059,108677,8208,4664,8208,450,8208,19,8208,10,8208,1,10014,1,1.028078600007575
3,1,,2026-07-29T09:02:06.455661,109119,8187,4499,8187,446,8187,13,8187,8,8187,2,10169,0,1.028196500003105
3,1,,2026-07-29T09:02:07.484309,108781,8125,4546,8125,410,8125,19,8125,5,8125,0,10132,1,1.028349000000162
3,1,,2026-07-29T09:02:08.512538,108785,7929,4399,7929,387,7929,17,7929,3,7929,3,10069,2,1.0278662000200711
3,1,,2026-07-29T09:02:09.539968,108795,7955,4459,7955,425,7955,18,7955,10,7955,0,9966,4,1.027115800010506
3,1,,2026-07-29T09:02:10.568767,108887,8168,4559,8168,424,8168,17,8168,6,8168,0,9944,1,1.0284578000137117
3,1,,2026-07-29T09:02:11.596327,108287,8274,4662,8275,453,8275,14,8275,8,8275,3,9995,3,1.0271709999942686
3,1,,2026-07-29T09:02:12.626774,108914,8192,4495,8191,471,8191,17,8191,3,8191,3,10117,3,1.030080700002145
3,1,,2026-07-29T09:02:13.655474,109583,8126,4504,8126,443,8126,23,8126,4,8126,1,10089,2,1.02833400000236
3,1,,2026-07-29T09:02:14.685129,109149,8073,4521,8073,429,8073,19,8073,7,8073,0,10062,0,1.0292508999991696
3,1,,2026-07-29T09:02:15.714584,109591,8177,4552,8177,439,8177,15,8177,1,8177,0,10101,3,1.0290509999904316
3,1,,2026-07-29T09:02:16.742026,109377,7963,4486,7963,449,7963,13,7963,5,7963,1,10163,4,1.0271758000017144
3,1,,2026-07-29T09:02:17.771694,109151,8241,4620,8241,443,8241,18,8241,7,8241,2,10086,1,1.0293818000063766
3,1,,2026-07-29T09:02:18.798186,108478,8108,4518,8108,460,8108,17,8108,3,8108,0,10036,1,1.0260806999867782
3,1,,2026-07-29T09:02:19.827162,109385,8088,4549,8088,426,8088,14,8088,2,8088,0,9976,2,1.0287326000106987
3,1,,2026-07-29T09:02:20.856183,108961,8085,4565,8085,432,8085,18,8085,4,8085,0,9956,1,1.028740799985826
3,1,,2026-07-29T09:02:21.883507,108570,8080,4489,8080,442,8080,16,8080,9,8080,0,10035,1,1.0270233000046574
3,1,,2026-07-29T09:02:22.911378,109150,8157,4519,8157,447,8157,7,8157,4,8157,1,10125,2,1.0276286999869626
3,1,,2026-07-29T09:02:23.939575,109543,8168,4570,8168,422,8168,27,8168,4,8168,1,10044,4,1.0279466999927536
3,1,,2026-07-29T09:02:24.966716,109879,8344,4679,8344,423,8344,21,8344,4,8344,1,10059,2,1.0268559000105597
3,1,,2026-07-29T09:02:25.992975,108890,8148,4503,8148,461,8148,11,8148,6,8148,1,10068,4,1.0260028000047896
3,1,,2026-07-29T09:02:27.019092,108612,7919,4376,7919,469,7919,23,7919,1,7919,1,10014,0,1.0259914000052959
3,1,,2026-07-29T09:02:28.045633,109084,8052,4554,8052,413,8052,21,8052,2,8052,1,9916,2,1.0263296000193805
3,1,,2026-07-29T09:02:29.075070,109670,8102,4536,8102,431,8102,12,8102,3,8102,4,9995,1,1.0291764000139665
3,1,,2026-07-29T09:02:30.104039,109260,8176,4504,8176,463,8176,17,8176,4,8176,1,9979,0,1.0284891000192147
3,1,,2026-07-29T09:02:31.132803,109514,8176,4587,8176,446,8176,17,8176,5,8176,1,9986,2,1.0284239000175148
3,1,,2026-07-29T09:02:32.160152,109391,8279,4690,8279,471,8279,19,8279,4,8279,1,10027,1,1.0271223000017926
3,1,,2026-07-29T09:02:33.189020,109563,8094,4541,8094,457,8094,11,8094,1,8094,1,10082,1,1.0286223000148311
3,1,,2026-07-29T09:02:34.218025,109134,8099,4514,8099,446,8099,20,8099,6,8099,2,10026,1,1.0286694999958854
3,1,,2026-07-29T09:02:35.245332,109923,8209,4596,8209,466,8209,16,8209,3,8209,1,10195,1,1.0269496999972034
3,1,,2026-07-29T09:02:36.273683,108782,8068,4532,8068,454,8068,22,8068,6,8068,3,9906,2,1.028113200009102
3,1,,2026-07-29T09:02:37.300740,109064,8058,4475,8058,421,8058,17,8058,3,8058,0,9955,2,1.026733200007584
3,1,,2026-07-29T09:02:38.329806,108793,8169,4612,8169,443,8169,12,8169,6,8169,1,9731,1,1.0288148999970872
3,1,,2026-07-29T09:02:39.357991,109533,8217,4564,8217,462,8217,23,8217,11,8217,1,9892,0,1.027980499988189
3,1,,2026-07-29T09:02:40.387112,109220,8149,4494,8149,472,8149,16,8149,6,8149,0,9945,1,1.0287769999995362
3,1,,2026-07-29T09:02:41.414265,109276,8229,4604,8229,471,8229,21,8229,4,8229,0,10175,0,1.0269008999748621
3,1,,2026-07-29T09:02:42.441498,108650,8066,4510,8066,423,8066,21,8066,4,8066,1,9987,1,1.02705249999417
3,1,,2026-07-29T09:02:43.467945,109498,8143,4599,8143,445,8143,24,8143,7,8143,2,10232,0,1.0261758000124246
3,1,,2026-07-29T09:02:44.497028,108822,7961,4474,7961,443,7961,13,7961,8,7961,2,9958,1,1.028728700010106
3,1,,2026-07-29T09:02:45.529524,110129,8154,4549,8154,490,8154,9,8154,7,8154,2,10145,3,1.0321819000237156
3,1,,2026-07-29T09:02:46.555109,108183,7977,4447,7977,447,7977,10,7977,3,7977,0,9941,5,1.025433399976464
3,1,,2026-07-29T09:02:47.582503,108490,7989,4465,7989,445,7989,18,7989,3,7989,0,10066,0,1.0272594999987632
3,1,,2026-07-29T09:02:48.609274,109463,8139,4531,8139,439,8139,17,8139,3,8139,0,10206,1,1.026423600007547
3,1,,2026-07-29T09:02:49.635864,109091,8079,4519,8079,418,8079,12,8079,7,8079,1,10098,1,1.0263524999900255
3,1,,2026-07-29T09:02:50.663531,108861,8158,4434,8158,464,8158,8,8158,3,8158,0,9933,3,1.0273880000167992
3,1,,2026-07-29T09:02:51.690538,109191,8094,4457,8094,412,8094,18,8094,3,8094,0,10214,2,1.0266420999832917
3,1,,2026-07-29T09:02:52.718361,109570,8130,4468,8130,487,8130,17,8130,4,8130,1,10147,1,1.0275040999986231
3,1,,2026-07-29T09:02:53.746936,108983,8059,4527,8059,434,8059,13,8059,5,8059,0,10089,2,1.028278700017836
3,1,,2026-07-29T09:02:54.773844,108815,8089,4491,8089,440,8089,16,8089,5,8089,0,9981,1,1.026613099995302
3,1,,2026-07-29T09:02:55.801307,108944,7982,4423,7982,467,7982,22,7982,8,7982,1,9866,2,1.0271884999820031
3,1,,2026-07-29T09:02:56.828127,109384,8024,4478,8024,422,8024,19,8024,5,8024,5,9984,3,1.0264613000035752
3,1,,2026-07-29T09:02:57.856305,108900,8041,4498,8041,439,8041,17,8041,7,8041,1,9804,0,1.0279777999967337
3,1,,2026-07-29T09:02:58.885817,109265,8204,4587,8204,476,8204,12,8204,6,8204,0,9932,2,1.02921750000678
3,1,,2026-07-29T09:02:59.912597,109334,8103,4478,8103,465,8103,17,8103,4,8103,0,10148,2,1.0264912999991793
3,1,,2026-07-29T09:03:00.940853,108829,8195,4478,8195,486,8195,18,8195,10,8195,1,10056,2,1.0280336999858264
3,1,,2026-07-29T09:03:01.967333,108840,8059,4546,8059,453,8059,18,8059,1,8059,2,9975,1,1.0261140999791678
3,1,,2026-07-29T09:03:02.993849,109600,8130,4565,8130,447,8130,16,8130,5,8130,1,10039,2,1.0263715999899432
3,1,,2026-07-29T09:03:04.020853,108361,7899,4455,7899,426,7899,14,7899,4,7899,1,9927,2,1.026739799999632
3,1,,2026-07-29T09:03:05.047313,109729,8050,4551,8050,417,8050,19,8050,7,8050,1,10092,0,1.0261483000067528
3,1,,2026-07-29T09:03:06.075743,109407,8187,4571,8187,452,8187,18,8187,7,8187,3,10220,1,1.028180399996927
3,1,,2026-07-29T09:03:07.102043,109038,8206,4591,8206,441,8206,22,8206,4,8206,2,9948,1,1.0260610000113957
3,1,,2026-07-29T09:03:08.131289,109135,8269,4622,8269,433,8269,13,8269,6,8269,0,10106,1,1.0289583000121638
3,1,,2026-07-29T09:03:09.161069,109746,8091,4450,8091,455,8091,15,8091,9,8091,4,10100,2,1.0293973999796435
3,1,,2026-07-29T09:03:10.190567,109440,8222,4603,8222,451,8222,26,8222,5,8222,0,10138,3,1.0290507999889087
3,1,,2026-07-29T09:03:11.218855,109987,8125,4515,8125,430,8125,20,8125,4,8125,0,10204,4,1.0278872999770101
3,1,,2026-07-29T09:03:12.248137,109655,8106,4456,8106,424,8106,18,8106,2,8106,1,10108,2,1.0289446000242606
3,1,,2026-07-29T09:03:13.277062,109316,8158,4574,8158,395,8158,18,8158,7,8158,0,10020,7,1.0285625999968033
3,1,,2026-07-29T09:03:14.305911,109531,8232,4645,8232,412,8232,15,8232,3,8232,0,10068,3,1.0284829000011086
3,1,,2026-07-29T09:03:15.334096,109613,8191,4591,8191,433,8191,22,8191,10,8191,0,9961,1,1.0277927999850363
3,1,,2026-07-29T09:03:16.363295,109270,8096,4599,8096,432,8096,19,8096,7,8096,1,10041,2,1.0288844000024255
3,1,,2026-07-29T09:03:17.392127,108939,8252,4591,8252,461,8252,14,8252,5,8252,0,9965,1,1.0284804999828339
3,1,,2026-07-29T09:03:18.420280,108989,8116,4534,8116,465,8116,17,8116,6,8116,1,9876,2,1.0276788999908604
3,1,,2026-07-29T09:03:19.449700,109138,8043,4535,8043,424,8043,12,8043,6,8043,1,9826,1,1.0290456999791786
3,1,,2026-07-29T09:03:20.478591,109336,8103,4468,8103,464,8103,13,8103,9,8103,2,10088,2,1.0284458999813069
3,1,,2026-07-29T09:03:21.507591,109374,8138,4507,8138,441,8138,14,8138,4,8138,0,10156,1,1.028697400004603
3,1,,2026-07-29T09:03:22.535678,109102,7955,4412,7955,427,7955,15,7955,7,7955,2,9892,4,1.0277139999961946
3,1,,2026-07-29T09:03:23.564215,109163,8061,4432,8061,444,8061,15,8061,5,8061,2,9903,5,1.0281645999930333
3,1,,2026-07-29T09:03:24.593506,109218,8172,4569,8172,442,8172,12,8172,4,8172,1,10198,3,1.0289494000026025
3,1,,2026-07-29T09:03:25.622631,109197,8020,4474,8020,444,8020,19,8020,4,8020,3,10018,0,1.0287394000042696
3,1,,2026-07-29T09:03:26.651546,108952,8220,4578,8220,446,8220,13,8220,7,8220,3,9993,2,1.028562099992996
3,1,,2026-07-29T09:03:27.681007,109001,8075,4495,8075,464,8075,22,8075,5,8075,1,10063,3,1.0291296999785118
3,1,,2026-07-29T09:03:28.710616,109267,8156,4530,8156,462,8156,20,8156,5,8156,3,10100,1,1.0292054000019561
3,1,,2026-07-29T09:03:29.739570,109593,8250,4605,8250,485,8250,25,8250,4,8250,1,9934,1,1.0285438999999315
3,1,,2026-07-29T09:03:30.768469,109576,8319,4587,8319,452,8319,14,8319,5,8319,0,9996,3,1.028537599981064
3,1,,2026-07-29T09:03:31.797114,108732,8023,4505,8023,432,8023,22,8023,2,8023,3,10254,1,1.0283138999948278
3,1,,2026-07-29T09:03:32.825633,109426,8052,4562,8052,475,8052,10,8052,8,8052,1,10151,2,1.028156200016383
3,1,,2026-07-29T09:03:33.852706,109026,7982,4492,7982,435,7982,16,7982,4,7982,1,10135,3,1.0267907000088599
3,1,,2026-07-29T09:03:34.880081,109035,8097,4463,8097,444,8097,14,8097,5,8097,1,10136,2,1.027168200002052
3,1,,2026-07-29T09:03:35.906281,108914,7886,4372,7886,419,7886,17,7886,5,7886,1,10023,2,1.0259594999952242
3,1,,2026-07-29T09:03:36.933965,108048,8135,4487,8135,494,8135,18,8135,7,8135,1,10002,1,1.0275336999911815
3,1,,2026-07-29T09:03:37.962251,109470,8062,4567,8062,445,8062,20,8062,5,8062,1,10026,1,1.028019499994116
3,1,,2026-07-29T09:03:38.992427,109543,8217,4608,8217,450,8217,14,8217,3,8217,1,9965,1,1.0298606000142172
3,1,,2026-07-29T09:03:40.021916,109640,8186,4559,8186,470,8186,16,8186,6,8186,3,10161,3,1.029005899996264
3,1,,2026-07-29T09:03:41.050090,109303,8182,4626,8182,494,8182,21,8182,3,8182,1,10008,3,1.0278497000108473
3,1,,2026-07-29T09:03:42.078797,108975,8097,4543,8097,446,8097,19,8097,10,8097,2,10088,0,1.028348099993309
3,1,,2026-07-29T09:03:43.108947,108833,8015,4437,8015,462,8015,19,8015,4,8015,0,10073,4,1.0297686000121757
3,1,,2026-07-29T09:03:44.138179,109957,8147,4488,8147,450,8147,17,8147,8,8147,4,10165,0,1.0287238000018988
3,1,,2026-07-29T09:03:45.165255,109357,8118,4539,8118,445,8118,18,8118,7,8118,1,9985,2,1.026755700004287
3,1,,2026-07-29T09:03:46.192677,109131,7839,4337,7839,397,7839,17,7839,6,7839,1,9981,0,1.027282600000035
3,1,,2026-07-29T09:03:47.221752,109347,8179,4522,8179,491,8179,6,8179,6,8179,0,9984,4,1.0287356000044383
3,1,,2026-07-29T09:03:48.249765,109457,8183,4579,8183,420,8183,20,8183,5,8183,0,10056,1,1.0277052000164986
3,1,,2026-07-29T09:03:49.278167,109876,8118,4550,8118,438,8118,6,8118,10,8118,0,10100,0,1.028121600014856
3,1,,2026-07-29T09:03:50.308336,108876,8076,4447,8076,464,8076,19,8076,5,8076,1,10038,2,1.029782300000079
3,1,,2026-07-29T09:03:51.337096,108537,8067,4484,8067,393,8067,16,8067,12,8067,0,9985,6,1.0283569000021089
3,1,,2026-07-29T09:03:52.365430,109194,8059,4537,8059,477,8059,14,8059,1,8059,0,10195,3,1.0279907999793068
3,1,,2026-07-29T09:03:53.393793,108890,8175,4549,8175,433,8175,13,8175,3,8175,0,10019,1,1.0280367000086699
3,1,,2026-07-29T09:03:54.424010,109060,8060,4535,8060,433,8060,18,8060,4,8060,2,9959,3,1.0299015000055078
3,1,,2026-07-29T09:03:55.452710,109927,8096,4566,8096,441,8096,14,8096,5,8096,3,10030,2,1.0284069000044838
3,1,,2026-07-29T09:03:56.481566,109231,8070,4569,8070,463,8070,16,8070,7,8070,4,10106,2,1.0284666999941692
3,1,,2026-07-29T09:03:57.508050,109412,8141,4621,8141,462,8141,19,8141,4,8141,2,10001,1,1.026188199990429
3,1,,2026-07-29T09:03:58.535484,109058,8092,4540,8092,440,8092,14,8092,4,8092,0,10153,0,1.0272463999863248
3,1,,2026-07-29T09:03:59.561871,108992,8249,4576,8249,441,8249,15,8249,8,8249,0,9979,3,1.0261300999845844
3,1,,2026-07-29T09:04:00.589344,108906,8116,4554,8116,431,8116,16,8116,4,8116,0,9957,0,1.0272734999889508
3,1,,2026-07-29T09:04:01.616745,109086,8020,4455,8020,458,8020,17,8020,4,8020,0,10117,1,1.0270520999911241
3,1,,2026-07-29T09:04:02.644199,109442,8140,4547,8140,448,8140,16,8140,2,8140,1,10075,2,1.0270844000042416
3,1,,2026-07-29T09:04:03.672040,108635,8268,4568,8268,468,8268,18,8268,5,8268,0,9952,2,1.0275424999999814
3,1,,2026-07-29T09:04:04.701049,109147,8106,4567,8106,453,8106,14,8106,10,8106,0,10055,3,1.0286568999872543
3,1,,2026-07-29T09:04:05.729215,108851,8124,4509,8124,440,8124,18,8124,2,8124,0,10084,4,1.0278120999864768
3,1,,2026-07-29T09:04:06.758775,108713,8190,4526,8190,443,8190,9,8190,6,8190,0,9985,2,1.029209100001026
3,1,,2026-07-29T09:04:07.787594,109085,8135,4539,8135,452,8135,20,8135,6,8135,1,10184,4,1.0283341000031214
3,1,,2026-07-29T09:04:08.816238,109208,7960,4447,7960,433,7960,14,7960,6,7960,1,9991,5,1.0282564000226557
3,1,,2026-07-29T09:04:09.844264,108754,8076,4605,8076,455,8076,8,8076,4,8076,1,10158,1,1.0276302999991458
3,1,,2026-07-29T09:04:10.873599,109127,8046,4451,8046,453,8046,29,8046,8,8046,1,10018,0,1.028968700004043
3,1,,2026-07-29T09:04:11.901489,109300,8109,4486,8109,450,8109,15,8109,5,8109,1,10057,3,1.027458900003694
3,1,,2026-07-29T09:04:12.931159,109039,8193,4643,8193,421,8193,14,8193,4,8193,2,10073,1,1.029328800010262
3,1,,2026-07-29T09:04:13.959088,108779,8059,4534,8059,471,8059,18,8059,3,8059,4,10092,1,1.0275642000196967
3,1,,2026-07-29T09:04:14.988856,109121,8064,4488,8064,404,8064,14,8064,6,8064,2,9895,0,1.0293682999908924
3,1,,2026-07-29T09:04:16.017544,109013,8040,4468,8040,463,8040,17,8040,6,8040,0,10070,2,1.0282004000036977
3,1,,2026-07-29T09:04:17.047131,109230,8191,4592,8191,457,8191,22,8191,5,8191,2,9921,1,1.0292168000014499
3,1,,2026-07-29T09:04:18.075890,109674,8171,4613,8171,477,8171,22,8171,1,8171,4,10040,2,1.02830800000811
3,1,,2026-07-29T09:04:19.105614,108838,8095,4494,8095,465,8095,19,8095,4,8095,1,10012,2,1.0293802999949548
3,1,,2026-07-29T09:04:20.134502,109140,8149,4580,8149,443,8149,20,8149,4,8149,0,10240,2,1.0284014000208117
3,1,,2026-07-29T09:04:21.164928,108883,8056,4584,8056,404,8056,18,8056,4,8056,2,9982,0,1.0300160000042524
3,1,,2026-07-29T09:04:22.194038,109116,8120,4450,8120,459,8120,18,8121,2,8121,0,10151,1,1.0287106000178028
3,1,,2026-07-29T09:04:23.222920,109677,7989,4453,7989,468,7989,12,7988,5,7988,1,10032,2,1.028564499982167
3,1,,2026-07-29T09:04:24.251493,109559,8232,4598,8232,451,8232,21,8232,1,8232,1,10113,0,1.0282685999991372
3,1,,2026-07-29T09:04:25.281237,109374,7974,4415,7974,450,7974,16,7974,6,7974,1,10166,3,1.0294625000096858
3,1,,2026-07-29T09:04:26.309816,109774,8175,4541,8175,439,8175,20,8175,5,8175,1,10136,1,1.0281160000013188
3,1,,2026-07-29T09:04:27.337221,109091,8203,4583,8203,454,8203,18,8203,12,8203,2,10142,1,1.0270625000121072
3,1,,2026-07-29T09:04:28.364583,109058,8189,4559,8189,418,8189,14,8189,7,8189,0,10057,1,1.0270633999898564
3,1,,2026-07-29T09:04:29.392277,109744,8081,4464,8081,435,8081,20,8081,6,8081,2,10038,2,1.0272495999815874
3,1,,2026-07-29T09:04:30.419772,109405,8146,4599,8146,479,8146,18,8146,6,8146,0,9930,2,1.027363500004867
3,1,,2026-07-29T09:04:31.448025,109411,8026,4504,8026,465,8026,16,8026,1,8026,2,10062,1,1.0279069999814965
3,1,,2026-07-29T09:04:32.476950,109297,8180,4590,8180,447,8180,20,8180,5,8180,2,10224,1,1.0285535999864805
3,1,,2026-07-29T09:04:33.505308,109629,8220,4562,8220,465,8220,21,8220,4,8220,0,10035,1,1.0279701999970712
3,1,,2026-07-29T09:04:34.534751,108943,8168,4483,8168,444,8168,10,8168,10,8168,1,10028,5,1.0291061000025366
3,1,,2026-07-29T09:04:35.564126,108823,8106,4617,8106,419,8106,11,8106,2,8106,1,10125,3,1.0291050000232644
3,1,,2026-07-29T09:04:36.592268,109388,8141,4524,8141,487,8141,23,8141,7,8141,0,10140,0,1.0278128999925684
3,1,,2026-07-29T09:04:37.621064,109081,8166,4577,8166,455,8166,16,8166,4,8166,0,10128,0,1.0285263999830931
3,1,,2026-07-29T09:04:38.649875,109425,8044,4516,8044,434,8044,20,8044,5,8044,3,10134,3,1.0284969000204
3,1,,2026-07-29T09:04:39.679199,108643,8179,4471,8179,448,8179,14,8179,7,8179,3,9886,2,1.0289779000158887
3,1,,2026-07-29T09:04:40.708831,109495,8083,4484,8083,455,8083,14,8083,3,8083,0,10199,1,1.0292021000059322
3,1,,2026-07-29T09:04:41.738985,109320,8213,4568,8213,464,8213,20,8213,7,8213,1,9952,2,1.0296670000243466
3,1,,2026-07-29T09:04:42.766606,109708,8201,4533,8201,472,8201,19,8201,1,8201,2,10178,3,1.0273526000091806
3,1,,2026-07-29T09:04:43.795824,109152,8259,4689,8259,433,8259,12,8259,6,8259,1,10232,3,1.0288827000185847
3,1,,2026-07-29T09:04:44.823692,109225,7995,4489,7995,447,7995,12,7995,4,7995,1,10005,4,1.0275710000132676
3,1,,2026-07-29T09:04:45.852080,108738,8085,4536,8085,460,8085,15,8085,7,8085,1,10080,3,1.0280418000184
3,1,,2026-07-29T09:04:46.877954,109092,8127,4583,8127,416,8127,20,8127,5,8127,3,10142,3,1.0255667000019457
3,1,,2026-07-29T09:04:47.905392,108728,8060,4419,8060,436,8060,13,8060,6,8060,0,10056,1,1.0272911000065506
3,1,,2026-07-29T09:04:48.934713,109388,8261,4558,8261,461,8261,17,8261,5,8261,2,10024,3,1.0289690000063274
3,1,,2026-07-29T09:04:49.963276,109261,8112,4524,8112,442,8112,18,8112,8,8112,1,9938,3,1.0281647000228986
3,1,,2026-07-29T09:04:50.992505,109643,8103,4604,8103,416,8103,21,8103,2,8103,1,10058,2,1.0288796999957412
3,1,,2026-07-29T09:04:52.021407,109360,8202,4507,8202,443,8202,13,8202,6,8202,1,9908,1,1.0284146000049077
3,1,,2026-07-29T09:04:53.053044,109132,8171,4607,8171,425,8171,18,8171,6,8171,0,10079,1,1.031298699992476
3,1,,2026-07-29T09:04:54.081457,108960,7956,4356,7956,428,7956,16,7956,7,7956,1,10174,3,1.02804949998972
3,1,,2026-07-29T09:04:55.108094,109146,8157,4570,8157,459,8157,22,8157,3,8157,1,9924,0,1.0263119000010192
3,1,,2026-07-29T09:04:56.135085,108401,8048,4420,8048,448,8048,19,8048,6,8048,2,10134,2,1.0267325000022538
3,1,,2026-07-29T09:04:57.163294,109208,7938,4508,7938,425,7938,23,7938,5,7938,0,10049,1,1.027942599990638
3,1,,2026-07-29T09:04:58.189957,109572,8146,4530,8146,497,8146,20,8146,5,8146,2,10127,1,1.0264051999838557
3,1,,2026-07-29T09:04:59.217848,109381,8164,4580,8164,401,8164,17,8164,7,8164,0,10067,1,1.0276613000023644
3,1,,2026-07-29T09:05:00.244698,109221,8117,4482,8117,440,8117,12,8117,6,8117,1,9990,1,1.0265263000037521
3,1,,2026-07-29T09:05:01.272319,108966,8048,4553,8048,437,8048,19,8048,8,8048,0,10226,3,1.0273576000181492
3,1,,2026-07-29T09:05:02.299138,109095,8161,4471,8161,439,8161,22,8161,11,8161,2,10035,3,1.0265710000239778
3,1,,2026-07-29T09:05:03.327469,108867,8102,4503,8102,422,8102,15,8102,4,8102,0,10143,2,1.0279829999781214
3,1,,2026-07-29T09:05:04.355125,109246,7989,4487,7989,424,7989,17,7989,5,7989,2,10007,2,1.0273768000188284
3,1,,2026-07-29T09:05:05.384055,108304,7917,4446,7917,424,7917,22,7917,4,7917,1,10011,0,1.028639900003327
3,1,,2026-07-29T09:05:06.412946,109430,8012,4412,8012,410,8012,22,8012,5,8012,0,10213,2,1.0285662999958731
3,1,,2026-07-29T09:05:07.441933,108968,8189,4604,8189,466,8189,13,8189,4,8189,0,9983,0,1.0285507999942638
3,1,,2026-07-29T09:05:08.470286,109719,8038,4542,8038,422,8038,15,8038,4,8038,0,10151,2,1.0280174000072293
3,1,,2026-07-29T09:05:09.500080,109581,8086,4538,8086,440,8086,13,8086,4,8086,0,9984,2,1.0294238000060432
3,1,,2026-07-29T09:05:10.528052,109670,8181,4558,8181,439,8181,24,8181,4,8181,3,9789,0,1.0275446999876294
3,1,,2026-07-29T09:05:11.556724,108961,8136,4472,8136,432,8136,14,8136,4,8136,1,10139,3,1.0284136999980547
3,1,,2026-07-29T09:05:12.585681,109384,8096,4530,8096,447,8096,19,8096,3,8096,1,9924,4,1.028643199999351
3,1,,2026-07-29T09:05:13.615284,108903,8060,4492,8060,436,8060,18,8060,3,8060,0,9997,1,1.0292776999995112
3,1,,2026-07-29T09:05:14.644199,109417,8077,4448,8077,456,8077,21,8077,4,8077,0,10025,1,1.0284100999997463
3,1,,2026-07-29T09:05:15.673316,109312,8141,4479,8141,468,8141,17,8141,3,8141,1,10165,6,1.0286175000073854
3,1,,2026-07-29T09:05:16.701918,109338,8034,4473,8034,463,8034,11,8034,5,8034,3,9979,2,1.0281956999970134
3,1,,2026-07-29T09:05:17.730577,108928,7967,4409,7967,419,7967,17,7967,7,7967,3,10128,3,1.028264799999306
3,1,,2026-07-29T09:05:18.759347,109599,8099,4516,8099,401,8099,16,8099,7,8099,3,10097,1,1.0283794999995735
3,1,,2026-07-29T09:05:19.788232,109671,8244,4583,8244,460,8244,21,8244,5,8244,0,10206,4,1.0285773999930825
3,1,,2026-07-29T09:05:20.816513,108635,8262,4628,8262,459,8262,19,8262,5,8262,0,10110,2,1.0278180000022985
3,1,,2026-07-29T09:05:21.845838,108854,8226,4531,8226,457,8226,15,8226,6,8226,1,10012,2,1.0290617999853566
3,1,,2026-07-29T09:05:22.872175,108532,8071,4518,8071,428,8071,8,8071,6,8071,2,10026,1,1.0261078999901656
3,1,,2026-07-29T09:05:23.899635,108918,8006,4431,8006,435,8006,12,8006,4,8006,3,10053,2,1.0272324999968987
3,1,,2026-07-29T09:05:24.928672,109250,8221,4543,8221,468,8221,25,8221,1,8221,3,10084,0,1.0287137999839615
3,1,,2026-07-29T09:05:25.958190,109625,7940,4435,7940,406,7940,25,7940,6,7940,0,9990,1,1.0290396999916993
3,1,,2026-07-29T09:05:26.987462,109477,8172,4589,8172,416,8172,16,8172,5,8172,2,9945,2,1.0289076000044588
3,1,,2026-07-29T09:05:28.015757,109028,8111,4484,8111,445,8111,12,8111,6,8111,1,10115,4,1.0279487000079826
3,1,,2026-07-29T09:05:29.044960,109277,8085,4475,8085,421,8085,18,8085,5,8085,2,10006,2,1.0288407999905758
3,1,,2026-07-29T09:05:30.074513,109597,8136,4613,8136,393,8136,21,8136,5,8136,0,10147,1,1.0291740999964532
3,1,,2026-07-29T09:05:31.104235,108694,7994,4437,7994,469,7994,18,7994,7,7994,0,10005,3,1.0293423999974038
3,1,,2026-07-29T09:05:32.133338,109297,8130,4490,8130,471,8130,13,8130,5,8130,1,10064,1,1.0287101999856532
3,1,,2026-07-29T09:05:33.162584,109734,8073,4457,8073,466,8073,15,8073,5,8073,1,10007,2,1.0288428000058047
3,1,,2026-07-29T09:05:34.192481,108825,8103,4511,8103,444,8103,18,8103,7,8103,0,9971,2,1.0295630999899004
3,1,,2026-07-29T09:05:35.221595,108350,8008,4463,8008,428,8008,16,8008,6,8008,0,9975,1,1.0286602000123821
3,1,,2026-07-29T09:05:36.249379,109602,8209,4534,8209,444,8209,13,8209,5,8209,0,10119,2,1.0274606999882963
3,1,,2026-07-29T09:05:37.278022,109296,8105,4471,8105,473,8105,16,8105,2,8105,2,10119,0,1.0283960000087973
3,1,,2026-07-29T09:05:38.306549,109592,8096,4550,8096,431,8096,10,8096,7,8096,2,10029,2,1.0281378999934532
3,1,,2026-07-29T09:05:39.335726,109454,8232,4596,8232,473,8232,20,8232,3,8232,0,9910,1,1.0288415999966674
3,1,,2026-07-29T09:05:40.364677,109176,8163,4564,8163,438,8163,17,8163,4,8163,1,10122,2,1.0285944000061136
3,1,,2026-07-29T09:05:41.393315,109320,8068,4512,8068,484,8068,13,8068,7,8068,2,10177,2,1.028281800012337
3,1,,2026-07-29T09:05:42.421476,108648,8008,4472,8008,448,8008,14,8008,7,8008,1,9958,3,1.027815500012366
3,1,,2026-07-29T09:05:43.450799,108896,8138,4583,8138,437,8138,16,8138,4,8138,3,9987,2,1.0289540000085253
3,1,,2026-07-29T09:05:44.479074,109805,8267,4633,8267,447,8267,18,8267,1,8267,1,9990,1,1.0278403999982402
3,1,,2026-07-29T09:05:45.505792,109459,8104,4515,8104,440,8104,16,8104,4,8104,2,10116,3,1.0264494999719318
3,1,,2026-07-29T09:05:46.535144,108710,8098,4566,8098,465,8098,27,8099,3,8099,1,10044,2,1.0290658000158146
3,1,,2026-07-29T09:05:47.564274,109489,8086,4481,8086,461,8086,13,8085,5,8085,1,9985,1,1.0287282000062987
3,1,,2026-07-29T09:05:48.592948,108908,7952,4409,7952,455,7952,17,7952,6,7952,0,10031,3,1.0282631999871228
3,1,,2026-07-29T09:05:49.622113,109086,7988,4410,7988,470,7988,24,7988,8,7988,3,10253,4,1.0288871999946423
3,1,,2026-07-29T09:05:50.651968,109500,8074,4536,8074,423,8074,23,8074,5,8074,1,10177,3,1.0295363999903202
3,1,,2026-07-29T09:05:51.681637,109532,8309,4701,8309,421,8309,10,8309,8,8309,1,10098,4,1.029315099993255
3,1,,2026-07-29T09:05:52.710111,109549,8093,4622,8093,449,8094,19,8094,1,8094,1,10294,2,1.0281477000098675
3,1,,2026-07-29T09:05:53.739279,109063,8143,4511,8143,456,8142,11,8142,6,8142,0,10016,1,1.0288757999951486
3,1,,2026-07-29T09:05:54.768163,109057,8016,4422,8016,510,8016,15,8016,5,8016,1,10114,2,1.0284912000061013
3,1,,2026-07-29T09:05:55.797857,109958,8313,4684,8313,442,8313,16,8313,6,8313,1,10239,2,1.0293296000163537
3,1,,2026-07-29T09:05:56.826458,109206,8190,4547,8190,431,8190,17,8190,3,8190,1,10116,2,1.0282503000053111
3,1,,2026-07-29T09:05:57.854517,109975,8108,4502,8108,406,8108,15,8108,7,8108,2,10043,1,1.0277087000140455
3,1,,2026-07-29T09:05:58.883390,109431,8119,4522,8119,405,8119,14,8119,4,8119,0,9973,2,1.028524399996968
3,1,,2026-07-29T09:05:59.912386,109488,8061,4431,8061,432,8061,21,8061,5,8061,1,10066,2,1.0286123999976553
3,1,,2026-07-29T09:06:00.942154,109530,8125,4485,8125,442,8125,17,8125,7,8125,0,10196,1,1.0293480999825988
3,1,,2026-07-29T09:06:01.972211,109473,8060,4361,8060,500,8060,12,8060,4,8060,2,10225,3,1.0297689999861177
3,1,,2026-07-29T09:06:03.002586,109242,8177,4509,8177,462,8177,19,8177,8,8177,0,10172,1,1.0298078999912832
3,1,,2026-07-29T09:06:04.031685,109474,7978,4462,7978,450,7978,16,7978,1,7978,4,9933,1,1.0286447999824304
3,1,,2026-07-29T09:06:05.061246,109720,8145,4546,8145,460,8145,18,8145,8,8145,0,9994,1,1.0291724000126123
3,1,,2026-07-29T09:06:06.088213,109433,7886,4437,7886,430,7886,17,7886,3,7886,0,10024,3,1.0266814000206068
3,1,,2026-07-29T09:06:07.116707,109247,8111,4537,8111,422,8111,22,8111,13,8111,3,10047,2,1.0283149999741
3,1,,2026-07-29T09:06:08.146326,109458,8146,4589,8146,459,8146,23,8146,5,8146,0,10002,1,1.0292653999931645
3,1,,2026-07-29T09:06:09.175873,109141,8227,4598,8227,456,8227,22,8227,4,8227,0,10081,1,1.0291889000218362
3,1,,2026-07-29T09:06:10.204881,109423,8230,4685,8230,470,8230,16,8230,6,8230,2,10151,3,1.0285660999943502
3,1,,2026-07-29T09:06:11.233857,109440,8100,4489,8100,440,8100,18,8100,5,8100,0,10014,0,1.0286351999966428
3,1,,2026-07-29T09:06:12.262895,108892,7918,4408,7918,424,7918,18,7918,6,7918,1,10273,2,1.028688799997326
3,1,,2026-07-29T09:06:13.291515,109253,8016,4491,8016,421,8016,13,8016,4,8016,0,9839,1,1.0282455999986269
3,1,,2026-07-29T09:06:14.321073,109130,8036,4484,8036,425,8036,17,8036,2,8036,3,10159,1,1.0291613999870606
3,1,,2026-07-29T09:06:15.350149,109168,8149,4528,8149,456,8149,19,8149,3,8149,2,10069,1,1.0287315000023227
3,1,,2026-07-29T09:06:16.377129,109516,8171,4615,8171,425,8171,16,8171,1,8171,1,10128,1,1.0266688000119757
3,1,,2026-07-29T09:06:17.404017,109336,7950,4393,7950,435,7950,18,7950,6,7950,1,10205,3,1.0265684000041801
3,1,,2026-07-29T09:06:18.430473,108933,8080,4609,8080,446,8080,26,8080,2,8080,2,9928,1,1.0262478000076953
3,1,,2026-07-29T09:06:19.458280,108758,8007,4559,8007,437,8007,12,8007,10,8007,3,10238,2,1.0275328000134323
3,1,,2026-07-29T09:06:20.486483,109178,8181,4537,8181,422,8181,18,8181,6,8181,2,9988,0,1.0279188000131398
3,1,,2026-07-29T09:06:21.515249,109614,8032,4473,8032,446,8032,20,8032,5,8032,2,10043,3,1.0284146000049077
3,1,,2026-07-29T09:06:22.545226,108902,8032,4447,8032,425,8032,21,8032,7,8032,0,10257,3,1.0295337999996264
3,1,,2026-07-29T09:06:23.573473,109333,8066,4561,8066,440,8066,18,8066,10,8066,0,10107,1,1.0279147999826819
3,1,,2026-07-29T09:06:24.601081,108995,7827,4389,7827,443,7827,7,7827,4,7827,0,9889,2,1.0272411999758333
3,1,,2026-07-29T09:06:25.630075,108939,8035,4501,8035,455,8035,15,8035,3,8035,0,10092,1,1.02864080001018
3,1,,2026-07-29T09:06:26.658789,109374,8146,4512,8146,469,8146,15,8146,2,8146,1,10063,0,1.0283614000072703
3,1,,2026-07-29T09:06:27.688382,108887,8076,4536,8076,408,8076,14,8076,3,8076,2,10110,2,1.0293156999978237
3,1,,2026-07-29T09:06:28.716798,109615,8183,4673,8183,456,8183,18,8183,10,8183,0,10196,0,1.0281008000019938
3,1,,2026-07-29T09:06:29.747217,109525,8166,4528,8166,456,8166,23,8166,6,8166,1,10050,5,1.0300356000079773
3,1,,2026-07-29T09:06:30.776103,109569,8102,4529,8102,469,8102,9,8102,1,8102,0,10072,1,1.0284113999805413
3,1,,2026-07-29T09:06:31.805024,109575,8095,4530,8095,444,8095,21,8095,7,8095,1,10012,1,1.028485399991041
3,1,,2026-07-29T09:06:32.833942,109045,8160,4561,8160,442,8160,13,8160,4,8160,3,10212,1,1.0285430999938399
3,1,,2026-07-29T09:06:33.863462,109265,7958,4463,7958,426,7958,16,7958,4,7958,1,10141,3,1.0290996999829076
3,1,,2026-07-29T09:06:34.890213,109472,8052,4493,8052,421,8052,16,8052,7,8052,1,9894,2,1.0263377000228502
3,1,,2026-07-29T09:06:35.916682,109103,8043,4401,8043,464,8043,26,8043,3,8043,3,9790,3,1.026245499990182
3,1,,2026-07-29T09:06:36.944056,109144,8222,4694,8222,443,8222,15,8222,6,8222,2,10101,1,1.027063999994425
3,1,,2026-07-29T09:06:37.971299,108591,8099,4430,8099,459,8099,18,8099,2,8099,1,9936,1,1.0269443999859504
3,1,,2026-07-29T09:06:38.999600,109350,8109,4499,8109,411,8109,20,8109,3,8109,2,10141,2,1.0279949000105262
3,1,,2026-07-29T09:06:40.029299,109656,8160,4537,8160,469,8160,16,8160,6,8160,1,10197,0,1.029346399998758
3,1,,2026-07-29T09:06:41.056836,109196,8081,4583,8081,454,8081,10,8081,2,8081,0,10101,3,1.0272288999985904
3,1,,2026-07-29T09:06:42.085645,109210,8091,4569,8091,408,8091,13,8091,3,8091,2,10186,5,1.0284446000005119
3,1,,2026-07-29T09:06:43.114414,109237,8109,4452,8109,469,8109,19,8109,10,8109,1,9957,2,1.028414200001862
3,1,,2026-07-29T09:06:44.143559,109088,8075,4539,8075,446,8075,22,8075,5,8075,0,10010,3,1.0287917999958154
3,1,,2026-07-29T09:06:45.172183,109506,8105,4596,8105,447,8105,10,8105,5,8105,2,9917,3,1.028334399976302
3,1,,2026-07-29T09:06:46.200707,108907,7974,4423,7974,445,7974,16,7974,6,7974,0,9940,2,1.02817619999405
3,1,,2026-07-29T09:06:47.228832,108530,8149,4543,8149,480,8149,20,8149,6,8149,0,9958,0,1.0277676999976393
3,1,,2026-07-29T09:06:48.258979,109422,8160,4537,8160,473,8160,17,8160,4,8160,1,9867,1,1.029818700015312
3,1,,2026-07-29T09:06:49.287768,109603,8121,4526,8121,434,8121,18,8121,4,8121,1,10109,1,1.0284601000021212
3,1,,2026-07-29T09:06:50.316711,109000,7943,4437,7943,437,7943,12,7943,4,7943,3,10082,2,1.0285098000022117
3,1,,2026-07-29T09:06:51.346218,109311,8094,4509,8094,458,8094,15,8094,4,8094,1,9843,2,1.0291501999890897
3,1,,2026-07-29T09:06:52.375368,109403,7967,4523,7967,400,7967,11,7967,4,7967,1,10144,1,1.0287910000188276
3,1,,2026-07-29T09:06:53.403914,109352,8116,4526,8116,454,8116,18,8116,5,8116,1,10033,1,1.0281811999739148
3,1,,2026-07-29T09:06:54.433460,108889,8039,4504,8039,437,8039,24,8039,6,8039,1,9943,1,1.029206500010332
3,1,,2026-07-29T09:06:55.462368,108959,8234,4608,8234,462,8234,20,8234,8,8234,1,10111,2,1.0285775000229478
3,1,,2026-07-29T09:06:56.491718,109556,8257,4620,8257,466,8257,14,8257,3,8257,2,10091,2,1.0289900999923702
3,1,,2026-07-29T09:06:57.520640,108943,8101,4505,8101,433,8101,16,8101,10,8101,1,9876,0,1.0285443000029773
3,1,,2026-07-29T09:06:58.549500,109365,8225,4622,8225,404,8225,20,8225,11,8225,2,10132,0,1.02846140001202
3,1,,2026-07-29T09:06:59.578487,109045,8004,4466,8004,450,8004,10,8004,5,8004,0,10032,1,1.0286046999972314
3,1,,2026-07-29T09:07:00.606341,108989,8008,4506,8008,431,8008,20,8008,2,8008,1,10165,3,1.0274954999913462
3,1,,2026-07-29T09:07:01.635275,109387,8216,4582,8216,439,8216,23,8216,5,8216,1,9954,6,1.0285074000130408
3,1,,2026-07-29T09:07:02.664288,109253,8226,4604,8226,469,8226,23,8226,4,8226,0,9940,2,1.0286568999872543
3,1,,2026-07-29T09:07:03.693657,109072,8193,4563,8193,491,8193,22,8193,5,8193,1,9905,0,1.0289970000158064
3,1,,2026-07-29T09:07:04.722277,109205,8045,4456,8045,444,8045,13,8045,5,8045,0,10173,3,1.0283106999995653
3,1,,2026-07-29T09:07:05.751903,109253,8192,4470,8192,453,8192,16,8192,5,8192,2,9874,1,1.0292689999914728
3,1,,2026-07-29T09:07:06.781240,109280,8112,4539,8112,421,8112,15,8112,11,8112,2,10109,0,1.0288459000003058
3,1,,2026-07-29T09:07:07.809405,109786,8193,4550,8193,447,8193,9,8193,6,8193,0,10029,0,1.0278069000050891
3,1,,2026-07-29T09:07:08.838000,109269,8082,4491,8082,460,8082,21,8082,7,8082,0,9923,2,1.028255999990506
3,1,,2026-07-29T09:07:09.868245,109244,8080,4432,8080,454,8080,20,8080,10,8080,1,10087,4,1.0298531999869738
3,1,,2026-07-29T09:07:10.897116,109689,8051,4557,8051,462,8051,14,8051,8,8051,1,10123,2,1.028476600011345
3,1,,2026-07-29T09:07:11.926888,109370,8140,4483,8140,482,8140,11,8140,5,8140,1,10142,3,1.029405500012217
3,1,,2026-07-29T09:07:12.955826,109558,8082,4490,8082,438,8082,18,8082,3,8082,2,10022,2,1.0285177000041585
3,1,,2026-07-29T09:07:13.982521,109415,8008,4455,8008,454,8008,17,8008,5,8008,3,10269,4,1.0264373999962118
3,1,,2026-07-29T09:07:15.009513,108817,8049,4485,8049,425,8049,21,8049,5,8049,2,10010,1,1.0267769999918528
3,1,,2026-07-29T09:07:16.036117,108993,8009,4472,8009,426,8009,14,8009,5,8009,0,10118,4,1.0264628999866545
3,1,,2026-07-29T09:07:17.064668,109060,8019,4468,8019,462,8019,15,8019,5,8019,1,10145,2,1.0282750999904238
3,1,,2026-07-29T09:07:18.093606,109547,8086,4543,8086,455,8086,16,8086,3,8086,1,10032,2,1.0285788000037428
3,1,,2026-07-29T09:07:19.122162,109420,8152,4583,8152,447,8152,13,8152,4,8152,1,9976,2,1.0281968000053894
3,1,,2026-07-29T09:07:20.152312,109250,7991,4432,7991,430,7991,16,7991,7,7991,0,10057,6,1.0298275999957696
3,1,,2026-07-29T09:07:21.181105,109721,8143,4509,8143,465,8143,20,8143,4,8143,1,10088,2,1.0284427999868058
3,1,,2026-07-29T09:07:22.209750,109277,8072,4520,8072,460,8072,17,8072,1,8072,4,10064,2,1.0283374999999069
3,1,,2026-07-29T09:07:23.239075,109262,8089,4575,8089,446,8089,13,8089,4,8089,0,10145,1,1.0289792000257876
3,1,,2026-07-29T09:07:24.268129,109994,8033,4389,8033,473,8033,16,8033,6,8033,1,10067,1,1.0286762000177987
3,1,,2026-07-29T09:07:25.297140,110083,8209,4583,8209,436,8209,18,8209,6,8209,2,10085,4,1.0287110999925062
3,1,,2026-07-29T09:07:26.325543,109389,8137,4520,8137,444,8137,14,8137,8,8137,0,10000,1,1.028070000000298
3,1,,2026-07-29T09:07:27.355252,109076,7996,4414,7996,464,7996,13,7996,7,7996,1,9994,1,1.029360300017288
3,1,,2026-07-29T09:07:28.382246,109487,8044,4440,8044,451,8044,19,8044,4,8044,4,10204,5,1.0266250999993645
3,1,,2026-07-29T09:07:29.410973,109008,8079,4487,8079,470,8079,15,8079,3,8079,1,10106,0,1.028398800001014
3,1,,2026-07-29T09:07:30.437917,108928,8053,4432,8053,472,8053,19,8053,4,8053,1,10283,3,1.026608700020006
3,1,,2026-07-29T09:07:31.466914,109207,8222,4639,8222,440,8222,14,8222,4,8222,0,9976,4,1.028679800016107
3,1,,2026-07-29T09:07:32.495653,109192,8117,4572,8117,441,8117,15,8117,5,8117,0,10048,5,1.0283548000152223
3,1,,2026-07-29T09:07:33.525448,109874,8102,4584,8102,476,8102,15,8102,11,8102,1,10055,2,1.0294623000081629
3,1,,2026-07-29T09:07:34.554435,109128,7843,4395,7843,441,7843,20,7843,7,7843,2,9962,4,1.0286527999851387
3,1,,2026-07-29T09:07:35.584479,110039,8211,4599,8211,420,8211,27,8211,5,8211,0,9999,1,1.0296037000080105
3,1,,2026-07-29T09:07:36.612970,109133,8088,4509,8088,485,8088,17,8088,5,8088,0,9970,2,1.0280522000102792
3,1,,2026-07-29T09:07:37.642411,108284,8000,4466,8000,426,8000,11,8000,6,8000,2,9967,3,1.0290971000213176
3,1,,2026-07-29T09:07:38.671141,109058,8094,4488,8094,417,8094,19,8094,5,8094,1,9966,0,1.028391300002113
3,1,,2026-07-29T09:07:39.698422,109221,8183,4513,8183,447,8183,19,8183,6,8183,1,9953,1,1.0269602999906056
3,1,,2026-07-29T09:07:40.726802,109190,8138,4523,8138,444,8138,17,8138,4,8138,0,10076,3,1.0280370000109542
3,1,,2026-07-29T09:07:41.755820,109217,8111,4421,8111,466,8111,17,8111,3,8111,0,10163,1,1.0286829000106081
3,1,,2026-07-29T09:07:42.784629,108796,7999,4483,7999,464,7999,8,7999,8,7999,2,10079,2,1.0284664999926463
3,1,,2026-07-29T09:07:43.814376,109198,8188,4585,8188,453,8188,17,8188,3,8188,0,10088,1,1.029376799997408
3,1,,2026-07-29T09:07:44.842955,109301,8114,4573,8114,455,8114,16,8114,2,8114,1,10081,2,1.0282063000195194
3,1,,2026-07-29T09:07:45.871603,109124,8013,4442,8013,448,8013,17,8013,6,8013,1,9999,2,1.0282861000159755
3,1,,2026-07-29T09:07:46.901369,109046,8170,4566,8170,445,8170,14,8170,5,8170,0,10162,1,1.0294031999947038
3,1,,2026-07-29T09:07:47.930242,109364,8230,4549,8230,445,8230,14,8230,6,8230,2,9945,2,1.0285178999765776
3,1,,2026-07-29T09:07:48.959777,108934,8176,4606,8176,444,8176,13,8176,4,8176,1,10212,1,1.0292472000000998
3,1,,2026-07-29T09:07:49.988748,109078,8128,4614,8128,439,8128,16,8128,7,8128,0,9962,3,1.0286621999985073
3,1,,2026-07-29T09:07:51.018656,108891,7981,4428,7981,383,7981,18,7981,3,7981,3,10262,1,1.0295266000030097
3,1,,2026-07-29T09:07:52.047030,109049,7959,4485,7959,387,7959,15,7959,8,7959,2,10174,3,1.0280273999960627
3,1,,2026-07-29T09:07:53.075749,109178,8055,4549,8055,441,8055,19,8055,2,8055,2,10075,1,1.0283812999841757
3,1,,2026-07-29T09:07:54.105562,108994,8087,4547,8087,458,8087,15,8087,4,8087,0,10172,1,1.0294528999947943
3,1,,2026-07-29T09:07:55.134712,109886,8059,4506,8059,472,8059,13,8059,4,8059,0,10034,0,1.028757799998857
3,1,,2026-07-29T09:07:56.163997,109522,8262,4705,8262,481,8262,18,8262,6,8262,1,10064,6,1.0288183000229765
3,1,,2026-07-29T09:07:57.192837,108722,8141,4524,8141,423,8141,21,8141,7,8141,2,9984,2,1.0285429000214208
3,1,,2026-07-29T09:07:58.221635,109134,8231,4637,8231,479,8231,16,8231,5,8231,2,10198,1,1.0284447000012733
3,1,,2026-07-29T09:07:59.250372,108519,8140,4533,8140,454,8140,16,8140,6,8140,3,9977,0,1.028368400002364
3,1,,2026-07-29T09:08:00.279040,109032,8125,4520,8125,422,8125,14,8125,13,8125,5,9889,4,1.0282070999965072
3,1,,2026-07-29T09:08:01.308073,109261,8185,4547,8185,440,8185,20,8185,6,8185,2,9916,0,1.0286878000188153
3,1,,2026-07-29T09:08:02.337048,108926,8006,4470,8006,464,8006,18,8006,9,8006,2,10171,1,1.028622699988773
3,1,,2026-07-29T09:08:03.365225,109139,8207,4477,8207,486,8207,17,8207,6,8207,1,10101,5,1.0277742000180297
3,1,,2026-07-29T09:08:04.394707,108565,8187,4554,8187,509,8187,14,8187,6,8187,1,10138,3,1.0291122999915387
3,1,,2026-07-29T09:08:05.422913,110020,8138,4519,8138,465,8138,11,8138,6,8138,2,10161,4,1.0279441999737173
3,1,,2026-07-29T09:08:06.467374,108987,8163,4571,8163,472,8163,13,8163,7,8163,1,10055,3,1.0441584999789484
3,1,,2026-07-29T09:08:07.498929,110919,8242,4650,8242,427,8242,17,8242,2,8242,2,10252,3,1.027720699989004
3,1,,2026-07-29T09:08:08.527568,108956,8176,4584,8176,490,8176,23,8176,9,8176,1,10066,1,1.028353400004562
3,1,,2026-07-29T09:08:09.556512,109388,8176,4587,8176,452,8176,15,8176,4,8176,4,10015,3,1.0285817999974824
3,1,,2026-07-29T09:08:10.585078,109757,8159,4623,8159,400,8159,21,8159,3,8159,1,10132,0,1.0281766999978572
3,1,,2026-07-29T09:08:11.614696,108897,8059,4428,8059,451,8059,18,8059,4,8059,0,10103,2,1.0292521999799646
3,1,,2026-07-29T09:08:12.643826,109177,8201,4599,8201,435,8201,24,8201,2,8201,3,9963,3,1.0287113999947906
3,1,,2026-07-29T09:08:13.673147,108407,8017,4514,8017,405,8017,18,8017,1,8017,1,10097,0,1.0289717999985442
3,1,,2026-07-29T09:08:14.700193,108785,8146,4461,8146,458,8146,17,8146,4,8146,1,10115,2,1.0266856999951415
3,1,,2026-07-29T09:08:15.728737,109008,8064,4439,8064,434,8064,17,8064,7,8064,4,10018,1,1.0282756000233348
3,1,,2026-07-29T09:08:16.757700,109227,8110,4577,8110,408,8110,21,8110,4,8110,1,10073,1,1.028579699981492
3,1,,2026-07-29T09:08:17.787422,109137,8147,4531,8147,426,8147,17,8147,5,8148,0,10177,2,1.0293754000158515
3,1,,2026-07-29T09:08:18.816013,109190,8124,4520,8124,466,8124,16,8124,4,8123,5,10085,2,1.0281466000014916
3,1,,2026-07-29T09:08:19.846041,109682,7995,4419,7995,426,7995,16,7995,4,7995,0,10149,2,1.0296284999931231
3,1,,2026-07-29T09:08:20.875004,109670,8095,4526,8095,451,8095,21,8095,3,8095,0,10171,3,1.0286465999961365
3,1,,2026-07-29T09:08:21.904204,109435,8259,4614,8259,440,8259,20,8259,7,8259,0,10077,0,1.0288168999832124
3,1,,2026-07-29T09:08:22.934014,109198,7962,4410,7962,481,7962,19,7962,5,7962,1,10039,5,1.0294540999748278
3,1,,2026-07-29T09:08:23.963396,109676,8139,4511,8139,447,8139,18,8139,8,8139,0,9978,3,1.0288913999975193
3,1,,2026-07-29T09:08:24.992115,109495,8114,4506,8114,475,8114,25,8114,10,8114,2,10263,0,1.0283570000028703
3,1,,2026-07-29T09:08:26.020620,109167,8105,4496,8105,488,8105,20,8105,4,8105,1,10071,2,1.0281708000111394
3,1,,2026-07-29T09:08:27.049412,108692,7957,4416,7957,432,7957,23,7957,6,7957,1,10093,1,1.0284709999978077
3,1,,2026-07-29T09:08:28.078712,110099,8257,4571,8257,466,8257,17,8257,3,8257,1,9942,1,1.0288030999945477
3,1,,2026-07-29T09:08:29.106797,109541,8152,4583,8152,410,8152,13,8152,2,8152,0,10123,1,1.0277121999824885
3,1,,2026-07-29T09:08:30.135364,109955,7999,4507,7999,455,7999,24,7999,3,7999,2,10155,2,1.028223400004208
3,1,,2026-07-29T09:08:31.164145,109569,8326,4659,8326,459,8326,14,8326,5,8326,3,10098,1,1.0284459999820683
3,1,,2026-07-29T09:08:32.193015,108924,8083,4555,8083,426,8083,9,8083,4,8083,2,10084,3,1.0285011999949347
3,1,,2026-07-29T09:08:33.222849,109586,8242,4632,8242,437,8242,8,8242,3,8242,1,10148,3,1.0294762999983504
3,1,,2026-07-29T09:08:34.251300,109134,8039,4464,8039,410,8039,10,8039,8,8039,3,10123,0,1.0280237999977544
3,1,,2026-07-29T09:08:35.279666,109416,8114,4519,8114,475,8114,12,8114,5,8114,3,9956,0,1.028051500004949
3,1,,2026-07-29T09:08:36.308341,109511,8129,4581,8129,410,8129,20,8129,3,8129,1,10162,1,1.0282634999894071
3,1,,2026-07-29T09:08:37.339586,108779,8018,4498,8018,461,8018,19,8018,9,8018,2,10171,2,1.030891700007487
3,1,,2026-07-29T09:08:38.368580,109824,8141,4625,8141,450,8141,12,8141,6,8141,1,10024,0,1.0286790000100154
3,1,,2026-07-29T09:08:39.398149,109139,7932,4442,7932,425,7932,18,7932,4,7932,1,10068,1,1.0292304000176955
3,1,,2026-07-29T09:08:40.427322,109380,8089,4468,8089,450,8089,19,8089,3,8089,1,10121,2,1.0287413999903947
3,1,,2026-07-29T09:08:41.457253,109168,8062,4506,8062,438,8062,11,8062,6,8062,3,10159,2,1.0295834999997169
3,1,,2026-07-29T09:08:42.486419,109615,8147,4564,8147,446,8147,14,8147,5,8148,4,10189,3,1.0287943999865092
3,1,,2026-07-29T09:08:43.515175,108988,7991,4472,7991,441,7991,17,7991,2,7990,1,9959,3,1.0284555999969598
3,1,,2026-07-29T09:08:44.544551,109603,8155,4526,8155,452,8155,8,8155,9,8155,2,9991,5,1.0290600000007544
3,1,,2026-07-29T09:08:45.573944,109254,8140,4480,8140,470,8140,16,8140,5,8140,1,10003,1,1.0290836000058334
3,1,,2026-07-29T09:08:46.602341,109350,8008,4489,8008,444,8008,19,8008,6,8008,1,10008,2,1.0280676999827847
3,1,,2026-07-29T09:08:47.630981,108594,8016,4464,8016,474,8016,17,8016,6,8016,2,10087,0,1.0283562999975402
3,1,,2026-07-29T09:08:48.658430,109625,8177,4603,8177,453,8177,12,8177,7,8177,2,10018,1,1.0270660999813117
3,1,,2026-07-29T09:08:49.687254,108644,8005,4458,8005,449,8005,12,8005,3,8005,2,10142,2,1.0284608000074513
3,1,,2026-07-29T09:08:50.715327,109204,8076,4459,8076,433,8076,14,8076,2,8076,0,9977,0,1.0278230999829248
3,1,,2026-07-29T09:08:51.742607,109558,8076,4545,8076,432,8076,11,8076,4,8076,2,9912,4,1.0269094000104815
3,1,,2026-07-29T09:08:52.772795,109026,8128,4471,8128,458,8128,13,8128,1,8128,0,10005,1,1.0297816999955103
3,1,,2026-07-29T09:08:53.801815,109344,8127,4578,8127,428,8127,26,8127,7,8127,0,10007,0,1.0285616000182927
3,1,,2026-07-29T09:08:54.830797,108883,8158,4557,8158,457,8158,12,8158,7,8159,0,10224,1,1.028609900007723
3,1,,2026-07-29T09:08:55.859257,109231,8075,4495,8075,442,8075,12,8075,5,8074,2,10111,3,1.0281188000226393
3,1,,2026-07-29T09:08:56.889560,109959,8155,4508,8155,452,8155,17,8155,2,8155,5,10171,3,1.0300446999899577
3,1,,2026-07-29T09:08:57.918157,109474,8192,4639,8192,404,8192,18,8192,2,8192,3,9944,2,1.0282508000091184
3,1,,2026-07-29T09:08:58.945612,108930,8018,4548,8018,418,8018,17,8018,6,8018,1,9955,1,1.027133399999002
3,1,,2026-07-29T09:08:59.973057,109348,8164,4528,8164,451,8164,16,8164,6,8164,0,9879,2,1.0272740999935195
3,1,,2026-07-29T09:09:01.001642,109398,8076,4507,8076,406,8076,17,8076,7,8076,5,10129,1,1.0282889000081923
3,1,,2026-07-29T09:09:02.030423,108458,8099,4535,8099,414,8099,18,8099,2,8099,1,10037,0,1.0284223000053316
3,1,,2026-07-29T09:09:03.060298,109118,8211,4506,8211,478,8211,23,8211,1,8211,0,9891,1,1.0294724999985192
3,1,,2026-07-29T09:09:04.088876,109720,7952,4406,7952,466,7952,21,7952,8,7952,0,9997,2,1.028250500006834
3,1,,2026-07-29T09:09:05.117933,109012,8033,4491,8033,467,8033,11,8033,4,8033,0,10102,2,1.0287994999962393
3,1,,2026-07-29T09:09:06.147898,108366,8002,4432,8002,434,8002,20,8002,3,8002,0,9965,0,1.0295545000117272
3,1,,2026-07-29T09:09:07.176468,108997,8138,4589,8138,399,8138,16,8138,2,8138,0,9932,1,1.0281229999964125
3,1,,2026-07-29T09:09:08.206308,109539,7989,4534,7989,456,7989,18,7989,9,7989,2,10088,3,1.0294845000025816
3,1,,2026-07-29T09:09:09.235786,108988,8066,4566,8066,432,8066,21,8066,4,8066,3,10159,4,1.0290958000114188
3,1,,2026-07-29T09:09:10.263006,109347,8190,4483,8190,424,8190,19,8190,5,8190,1,10077,3,1.0268081999965943
3,1,,2026-07-29T09:09:11.291829,108700,8151,4590,8151,422,8151,15,8151,3,8151,1,10095,0,1.0284840000094846
3,1,,2026-07-29T09:09:12.320831,108903,8054,4523,8054,491,8054,19,8054,4,8054,0,10156,1,1.02862619998632
3,1,,2026-07-29T09:09:13.349945,108934,8094,4523,8094,433,8094,10,8094,5,8094,0,9958,1,1.0286745999765117
3,1,,2026-07-29T09:09:14.378961,109523,8034,4454,8034,434,8034,18,8034,3,8034,0,10150,0,1.0286910000140779
3,1,,2026-07-29T09:09:15.407791,109109,8074,4481,8074,414,8074,17,8074,11,8074,1,10018,2,1.0284818000218365
3,1,,2026-07-29T09:09:16.436690,109586,8160,4505,8160,459,8160,17,8160,5,8160,1,9986,1,1.0286156000220217
3,1,,2026-07-29T09:09:17.465208,109104,8100,4426,8100,446,8100,19,8100,7,8100,1,9971,2,1.0281489999906626
3,1,,2026-07-29T09:09:18.493584,109518,8173,4509,8173,460,8173,15,8173,6,8173,1,9964,1,1.0280533000186551
3,1,,2026-07-29T09:09:19.522646,109346,8080,4519,8080,438,8080,18,8080,8,8080,0,10251,1,1.0286149999883492
3,1,,2026-07-29T09:09:20.551110,109407,8102,4554,8102,453,8102,22,8102,3,8102,1,10022,3,1.0281044000003021
3,1,,2026-07-29T09:09:21.580558,109529,8089,4464,8089,451,8089,13,8089,3,8089,2,10050,1,1.0291105000069365
3,1,,2026-07-29T09:09:22.609333,109756,8143,4584,8143,478,8143,16,8143,4,8143,2,10000,0,1.0284664999926463
3,1,,2026-07-29T09:09:23.638115,109214,8219,4585,8219,458,8219,15,8219,7,8219,1,9921,2,1.0284624000196345
3,1,,2026-07-29T09:09:24.666245,109560,8014,4453,8014,417,8014,15,8014,5,8014,1,10033,5,1.0277939999941736
3,1,,2026-07-29T09:09:25.695778,109399,8052,4550,8052,453,8052,14,8052,4,8053,1,10077,2,1.029211499990197
3,1,,2026-07-29T09:09:26.724107,109063,8104,4555,8104,444,8104,12,8104,3,8103,2,10065,2,1.0279561000061221
3,1,,2026-07-29T09:09:27.753911,109246,8117,4554,8117,443,8117,19,8117,8,8117,0,9934,0,1.02944379998371
3,1,,2026-07-29T09:09:28.782408,109108,8163,4453,8163,450,8163,24,8163,5,8163,1,10104,1,1.0281530999927782
3,1,,2026-07-29T09:09:29.811699,108924,8094,4544,8094,460,8094,18,8094,1,8094,1,10071,1,1.0289307999773882
3,1,,2026-07-29T09:09:30.840404,108974,7969,4387,7969,431,7969,16,7969,6,7969,1,10187,1,1.0283635999949183
3,1,,2026-07-29T09:09:31.868560,109217,8132,4557,8132,443,8132,19,8132,3,8132,2,10085,1,1.0277716999989934
3,1,,2026-07-29T09:09:32.897245,109046,8161,4554,8161,419,8161,19,8161,7,8161,2,9978,3,1.028318800003035
3,1,,2026-07-29T09:09:33.926309,109084,8227,4540,8227,433,8227,19,8227,9,8227,2,10133,1,1.0287161000014748
3,1,,2026-07-29T09:09:34.955748,109620,8209,4612,8209,420,8209,14,8209,2,8209,0,10206,1,1.0290353999880608
3,1,,2026-07-29T09:09:35.984253,109783,8131,4539,8131,437,8131,18,8131,5,8131,1,9984,4,1.0281623000046238
3,1,,2026-07-29T09:09:37.013422,109109,8091,4473,8091,398,8091,24,8091,4,8091,0,9976,5,1.028892900008941
3,1,,2026-07-29T09:09:38.041835,109293,8121,4471,8121,472,8121,18,8121,4,8121,0,10082,1,1.0281454999931157
3,1,,2026-07-29T09:09:39.071030,110071,8023,4497,8023,464,8023,18,8023,5,8023,0,10176,1,1.0287658000015654
3,1,,2026-07-29T09:09:40.099986,109361,8005,4474,8005,440,8005,21,8005,2,8005,1,10126,2,1.0286517000058666
3,1,,2026-07-29T09:09:41.128979,109634,8193,4545,8193,470,8193,13,8193,5,8193,0,10268,0,1.0286074000177905
3,1,,2026-07-29T09:09:42.157403,108784,8072,4506,8072,436,8072,13,8072,3,8073,1,9890,2,1.0280826999805868
3,1,,2026-07-29T09:09:43.185917,109662,8203,4591,8203,437,8203,20,8203,5,8202,0,9951,1,1.0281695000012405
3,1,,2026-07-29T09:09:44.215128,109229,8112,4487,8112,465,8112,16,8112,3,8112,2,9942,2,1.0288709999877028
3,1,,2026-07-29T09:09:45.243796,109167,8221,4531,8221,441,8221,22,8221,3,8221,1,10095,2,1.0283163000131026
3,1,,2026-07-29T09:09:46.271959,109264,8077,4490,8077,445,8077,17,8077,3,8077,1,10116,5,1.027833300002385
3,1,,2026-07-29T09:09:47.300860,109127,8106,4519,8106,411,8106,14,8106,7,8106,2,9835,3,1.0285838000127114
3,1,,2026-07-29T09:09:48.329193,109599,8098,4580,8098,418,8098,16,8098,3,8098,1,10140,5,1.0281723999942187
3,1,,2026-07-29T09:09:49.357358,108759,8076,4553,8076,435,8076,21,8076,5,8076,2,10053,1,1.0279126000241376
3,1,,2026-07-29T09:09:50.386299,108828,8127,4546,8127,450,8127,11,8127,8,8127,0,9940,1,1.0286678000120446
3,1,,2026-07-29T09:09:51.415060,109003,7956,4428,7956,437,7956,19,7956,3,7956,2,10117,3,1.0283916000043973
3,1,,2026-07-29T09:09:52.442650,109334,8071,4523,8071,421,8071,18,8071,2,8071,0,10178,1,1.0272139000007883
3,1,,2026-07-29T09:09:53.471106,109309,8183,4592,8183,484,8183,19,8183,10,8183,2,10079,1,1.028129699989222
3,1,,2026-07-29T09:09:54.499894,109608,7994,4418,7994,457,7994,19,7994,2,7994,1,9801,1,1.0284708999970462
3,1,,2026-07-29T09:09:55.529432,109103,8043,4484,8043,423,8043,19,8043,5,8043,3,9990,1,1.0291056999994908
3,1,,2026-07-29T09:09:56.558335,109318,7999,4476,7999,428,7999,18,7999,4,7999,1,10068,2,1.0285164999950211
3,1,,2026-07-29T09:09:57.586334,109927,8110,4467,8110,475,8110,19,8110,3,8110,3,10230,2,1.0276690000027884
3,1,,2026-07-29T09:09:58.615601,109213,8202,4515,8202,437,8202,15,8202,8,8202,0,10279,1,1.0289215000229888
3,1,,2026-07-29T09:09:59.642658,109059,8043,4477,8043,457,8043,14,8043,8,8043,0,9923,3,1.026803699991433
3,1,,2026-07-29T09:10:00.669607,108918,8135,4523,8135,449,8135,22,8135,6,8135,5,9817,3,1.0266719000064768
3,1,,2026-07-29T09:10:01.698148,108940,8057,4408,8057,467,8057,15,8057,9,8057,2,10136,2,1.028278500016313
3,1,,2026-07-29T09:10:02.726628,109429,7895,4398,7895,472,7895,21,7895,5,7895,1,10189,2,1.0281558000133373
3,1,,2026-07-29T09:10:03.755247,109221,8100,4499,8100,485,8100,20,8100,3,8100,1,10036,1,1.0282929000095464
3,1,,2026-07-29T09:10:04.784036,109205,8105,4499,8105,471,8105,6,8105,3,8105,0,10118,4,1.0284373000031337
3,1,,2026-07-29T09:10:05.813047,109485,8163,4554,8163,399,8163,22,8163,4,8163,2,10018,0,1.0286671000067145
3,1,,2026-07-29T09:10:06.840908,109303,8152,4459,8152,483,8152,20,8152,4,8152,0,10033,0,1.0275443000136875
3,1,,2026-07-29T09:10:07.868983,109555,8133,4594,8133,416,8134,18,8135,5,8135,2,9972,5,1.0278690000122879
3,1,,2026-07-29T09:10:08.898223,109392,7759,4384,7759,418,7758,15,7757,4,7757,1,10153,1,1.0289686000032816
3,1,,2026-07-29T09:10:09.925415,109465,8175,4587,8175,433,8175,24,8175,3,8175,1,9914,0,1.0268511999747716
3,1,,2026-07-29T09:10:10.953855,108760,8037,4481,8037,454,8037,15,8037,5,8037,2,10119,1,1.0282080000033602
3,1,,2026-07-29T09:10:11.981265,109258,8019,4422,8019,445,8019,18,8019,11,8019,2,10040,2,1.0271370999980718
3,1,,2026-07-29T09:10:13.009737,109155,8167,4555,8167,424,8167,14,8167,3,8167,2,9991,0,1.0282008000067435
3,1,,2026-07-29T09:10:14.037725,109154,8043,4524,8043,440,8043,17,8043,13,8043,0,10158,1,1.0276126000098884
3,1,,2026-07-29T09:10:15.066897,109338,8239,4547,8239,438,8239,14,8239,4,8239,1,10050,1,1.0289094999898225
3,1,,2026-07-29T09:10:16.095008,109110,8197,4514,8197,468,8197,13,8197,5,8197,2,10128,0,1.0277266000048257
3,1,,2026-07-29T09:10:17.124784,109392,8123,4507,8123,432,8123,15,8123,7,8123,1,10120,1,1.0294372999924235
3,1,,2026-07-29T09:10:18.155102,109647,8014,4380,8014,482,8014,16,8014,1,8014,2,9869,3,1.0299537999962922
3,1,,2026-07-29T09:10:19.183901,109456,8163,4542,8163,453,8163,18,8163,4,8163,0,10013,0,1.0284203000192065
3,1,,2026-07-29T09:10:20.212838,109544,8020,4453,8020,445,8020,17,8020,5,8020,2,10071,1,1.0286560999811627
3,1,,2026-07-29T09:10:21.242275,109073,8039,4412,8039,447,8039,17,8039,2,8039,0,10089,2,1.0290771999862045
3,1,,2026-07-29T09:10:22.271077,109830,8137,4567,8137,442,8137,14,8137,4,8137,1,9995,3,1.0284479999972973
3,1,,2026-07-29T09:10:23.299526,108670,8033,4484,8033,436,8033,18,8033,6,8033,1,10006,0,1.0280893000017386
3,1,,2026-07-29T09:10:24.328836,109346,8073,4530,8073,424,8073,15,8073,11,8073,0,10005,1,1.0289566999999806
3,1,,2026-07-29T09:10:25.357435,108966,8111,4533,8111,460,8111,29,8111,5,8111,2,10069,5,1.0281554000102915
3,1,,2026-07-29T09:10:26.386212,109137,8147,4583,8147,402,8147,21,8147,4,8147,1,10116,2,1.0283835000009276
3,1,,2026-07-29T09:10:27.415348,109809,8159,4542,8159,489,8159,16,8159,5,8159,1,10035,2,1.028794999991078
3,1,,2026-07-29T09:10:28.444256,108965,8066,4471,8066,468,8066,22,8066,5,8066,1,10058,2,1.028415100008715
3,1,,2026-07-29T09:10:29.473243,109396,8031,4425,8031,436,8031,18,8031,7,8031,1,10116,2,1.0286652999930084
3,1,,2026-07-29T09:10:30.502416,109579,8153,4529,8153,448,8153,23,8153,5,8153,2,10044,0,1.0287888000020757
3,1,,2026-07-29T09:10:31.531193,109156,8125,4487,8125,432,8125,16,8125,6,8125,1,10090,0,1.0284241000190377
3,1,,2026-07-29T09:10:32.559067,109029,8171,4564,8171,427,8171,24,8171,3,8171,2,9885,2,1.027545499993721
3,1,,2026-07-29T09:10:33.588671,109096,8150,4562,8150,455,8150,9,8150,11,8150,0,9952,7,1.0292918999912217
3,1,,2026-07-29T09:10:34.617304,109596,8124,4480,8124,438,8124,23,8124,6,8124,1,10047,3,1.0282884999760427
3,1,,2026-07-29T09:10:35.643989,109186,8082,4519,8082,429,8082,13,8082,5,8082,0,10015,4,1.0263745000120252
3,1,,2026-07-29T09:10:36.672153,109267,8003,4403,8003,467,8003,16,8003,6,8003,1,10018,2,1.0279721000115387
3,1,,2026-07-29T09:10:37.701240,109285,8098,4536,8098,427,8098,13,8098,10,8098,2,9952,1,1.0287332000152674
3,1,,2026-07-29T09:10:38.731365,109081,8172,4512,8172,426,8172,26,8172,10,8172,1,10117,0,1.0296746999956667
3,1,,2026-07-29T09:10:39.761156,109398,7935,4466,7935,435,7935,12,7935,7,7935,2,10264,2,1.029374400008237
3,1,,2026-07-29T09:10:40.789778,108894,8091,4505,8091,451,8091,17,8091,6,8091,1,10110,0,1.0283221999998204
3,1,,2026-07-29T09:10:41.816865,108822,7899,4335,7899,433,7899,13,7899,6,7899,1,10147,3,1.0268335999862757
3,1,,2026-07-29T09:10:42.844796,109514,7995,4442,7995,432,7995,16,7995,2,7995,1,10106,3,1.0277416000026278
3,1,,2026-07-29T09:10:43.872742,109242,8044,4427,8044,433,8044,14,8044,3,8044,0,10039,2,1.0276952999993227
3,1,,2026-07-29T09:10:44.902013,109412,8195,4578,8195,471,8195,19,8195,6,8195,2,10092,3,1.028922199999215
3,1,,2026-07-29T09:10:45.929983,109619,8268,4632,8268,473,8268,24,8268,8,8268,0,9980,3,1.0276769000047352
3,1,,2026-07-29T09:10:46.959399,109752,8217,4598,8217,469,8217,13,8217,2,8217,3,10079,2,1.0290708999964409
3,1,,2026-07-29T09:10:47.988101,109815,8105,4556,8105,407,8105,23,8105,2,8105,1,10151,2,1.0283437999896705
3,1,,2026-07-29T09:10:49.018399,108624,7931,4437,7931,446,7931,14,7931,4,7931,1,10187,1,1.029953100020066
3,1,,2026-07-29T09:10:50.047466,110635,8170,4658,8170,397,8170,22,8170,5,8170,4,10164,4,1.0287029000173789
3,1,,2026-07-29T09:10:51.075833,109664,8147,4509,8147,454,8147,20,8147,5,8147,0,10033,2,1.0281106999900658
3,1,,2026-07-29T09:10:52.104248,108803,7935,4401,7935,451,7935,23,7935,3,7935,3,9909,0,1.0281507000036072
3,1,,2026-07-29T09:10:53.132999,109382,8035,4487,8035,440,8035,19,8035,7,8035,1,10186,1,1.028424099989934
3,1,,2026-07-29T09:10:54.160905,109295,7999,4408,7999,467,7999,18,7999,6,7999,1,10065,1,1.0275546999764629
3,1,,2026-07-29T09:10:55.189044,109248,8066,4500,8066,451,8066,23,8066,0,8066,1,9999,1,1.0278489000047557
3,1,,2026-07-29T09:10:56.217679,109575,7995,4474,7995,413,7995,18,7995,8,7995,1,10075,3,1.028278700017836
3,1,,2026-07-29T09:10:57.247070,109660,8247,4606,8247,466,8247,25,8247,2,8247,0,10030,3,1.0291175000020303
3,1,,2026-07-29T09:10:58.275873,109230,7944,4498,7945,422,7945,19,7945,5,7945,0,10214,2,1.0284501999849454
3,1,,2026-07-29T09:10:59.304628,109544,8181,4552,8180,457,8180,19,8180,2,8180,2,10087,2,1.02840689997538
3,1,,2026-07-29T09:11:00.333777,108909,8091,4462,8091,451,8091,17,8091,3,8091,3,10098,1,1.0288215999898966
3,1,,2026-07-29T09:11:01.361425,109321,8023,4563,8023,398,8023,17,8023,4,8023,0,10068,1,1.027303100010613
3,1,,2026-07-29T09:11:02.389691,109062,7903,4402,7903,460,7903,17,7903,9,7903,2,10008,0,1.0280733999970835
3,1,,2026-07-29T09:11:03.419268,108893,7976,4463,7976,447,7976,15,7976,9,7976,4,10055,4,1.0292245000018738
3,2,,2026-07-29T09:11:07.134648,109409,8719,5354,8719,220,8719,17,8719,7,8719,1,10058,4,1.0280712000094354
3,2,,2026-07-29T09:11:08.164518,108730,8829,5441,8829,251,8829,14,8829,9,8829,0,9980,1,1.0294088999798987
3,2,,2026-07-29T09:11:09.192722,109222,8918,5506,8918,250,8918,16,8918,7,8918,1,9854,2,1.027896999992663
3,2,,2026-07-29T09:11:10.222835,109217,8812,5397,8812,243,8812,5,8812,11,8812,5,9974,0,1.0297220000065863
3,2,,2026-07-29T09:11:11.252741,109352,8705,5349,8705,217,8705,14,8705,10,8705,1,9987,2,1.029493599984562
3,2,,2026-07-29T09:11:12.280675,108910,8828,5414,8828,234,8828,13,8828,5,8828,2,9987,0,1.0276357999828178
3,2,,2026-07-29T09:11:13.309895,109095,8761,5381,8761,241,8761,17,8761,7,8761,0,9911,3,1.028804300003685
3,2,,2026-07-29T09:11:14.339114,110025,9098,5619,9098,242,9098,14,9098,11,9098,1,10015,1,1.028877000004286
3,2,,2026-07-29T09:11:15.368063,109433,8764,5370,8764,241,8764,17,8764,6,8764,1,10009,1,1.028583500010427
3,2,,2026-07-29T09:11:16.396837,109659,8859,5421,8859,253,8859,15,8859,8,8859,0,10199,4,1.0283931999874767
3,2,,2026-07-29T09:11:17.425230,109538,8978,5439,8978,251,8978,13,8978,6,8978,1,10084,4,1.0281105999893043
3,2,,2026-07-29T09:11:18.454478,109327,8895,5480,8895,232,8895,15,8895,12,8895,2,10089,1,1.028899500000989
3,2,,2026-07-29T09:11:19.482827,109880,9011,5477,9011,263,9011,16,9011,6,9011,4,9726,1,1.028063599980669
3,2,,2026-07-29T09:11:20.511909,109430,8795,5473,8795,234,8795,9,8795,7,8795,0,10003,1,1.0287483999854885
3,2,,2026-07-29T09:11:21.540684,109258,8762,5358,8762,217,8762,16,8762,12,8762,0,9886,3,1.0284579999861307
3,2,,2026-07-29T09:11:22.567563,108981,8831,5413,8831,207,8831,8,8831,14,8831,1,10110,5,1.0265908000001218
3,2,,2026-07-29T09:11:23.597366,109176,8977,5513,8977,212,8977,13,8977,8,8977,0,10014,0,1.0293996999971569
3,2,,2026-07-29T09:11:24.626726,109725,8733,5248,8733,240,8733,13,8733,16,8733,2,10057,2,1.0289028999977745
3,2,,2026-07-29T09:11:25.656069,109535,8710,5310,8710,213,8710,16,8710,7,8710,2,10054,2,1.0289816000149585
3,2,,2026-07-29T09:11:26.683948,109800,8911,5460,8911,232,8911,14,8911,7,8911,2,9989,0,1.0275551999802701
3,2,,2026-07-29T09:11:27.712885,109006,8940,5464,8940,237,8940,16,8940,10,8940,1,9970,1,1.0285825000028126
3,2,,2026-07-29T09:11:28.741652,109420,9051,5503,9051,251,9051,18,9051,6,9051,4,9797,2,1.0284198000153992
3,2,,2026-07-29T09:11:29.771006,108493,8792,5439,8792,253,8792,12,8792,8,8792,2,9840,2,1.0289007000101265
3,2,,2026-07-29T09:11:30.800035,109346,8917,5368,8917,215,8917,10,8917,10,8917,2,10041,0,1.0285868999781087
3,2,,2026-07-29T09:11:31.828623,109898,8891,5414,8891,228,8891,18,8891,8,8891,1,9894,2,1.0282681999960914
3,2,,2026-07-29T09:11:32.857846,109599,8936,5420,8936,238,8936,13,8936,9,8936,1,9958,2,1.0288629999849945
3,2,,2026-07-29T09:11:33.886537,109924,8835,5442,8835,224,8835,11,8835,6,8835,1,10016,0,1.028349200001685
3,2,,2026-07-29T09:11:34.914143,109418,8726,5315,8726,257,8726,11,8726,7,8726,2,9940,0,1.0272478999977466
3,2,,2026-07-29T09:11:35.941814,109674,8823,5421,8823,223,8823,14,8823,7,8823,1,10008,0,1.0273327000031713
3,2,,2026-07-29T09:11:36.972166,109814,8693,5296,8693,268,8693,12,8693,6,8693,0,9978,1,1.0299193000246305
3,2,,2026-07-29T09:11:38.001544,109231,8843,5407,8843,230,8843,15,8843,4,8843,0,10110,3,1.0289750999945682
3,2,,2026-07-29T09:11:39.030669,109444,8810,5366,8810,237,8810,15,8810,12,8810,1,9797,2,1.0287965000024997
3,2,,2026-07-29T09:11:40.059540,109483,8960,5477,8960,237,8960,16,8960,8,8960,1,9955,3,1.0285253999754786
3,2,,2026-07-29T09:11:41.088107,109180,8963,5489,8963,217,8963,20,8963,8,8963,2,10135,2,1.0282924000057392
3,2,,2026-07-29T09:11:42.116172,109486,8813,5408,8813,200,8813,15,8813,17,8813,1,9769,2,1.0276898000156507
3,2,,2026-07-29T09:11:43.145462,109117,8813,5352,8813,215,8813,12,8813,13,8813,1,10067,0,1.0289444999943953
3,2,,2026-07-29T09:11:44.172055,109677,8911,5474,8911,259,8911,11,8911,6,8911,1,10084,1,1.026169499993557
3,2,,2026-07-29T09:11:45.199405,108787,8827,5410,8828,223,8828,14,8828,7,8828,1,9926,0,1.027175100025488
3,2,,2026-07-29T09:11:46.228178,109125,8857,5342,8856,247,8856,17,8856,9,8856,1,10104,1,1.0285326999728568
3,2,,2026-07-29T09:11:47.255193,109618,8844,5383,8844,222,8844,17,8844,5,8844,1,10117,3,1.02681229999871
3,2,,2026-07-29T09:11:48.283046,109487,8876,5574,8876,242,8876,13,8876,10,8876,0,10072,2,1.0276896000141278
3,2,,2026-07-29T09:11:49.312105,109264,8794,5368,8794,224,8794,12,8794,8,8794,0,9993,1,1.0286757000139914
3,2,,2026-07-29T09:11:50.340795,109436,8977,5449,8977,236,8977,11,8977,5,8977,2,10072,1,1.0283431999851018
3,2,,2026-07-29T09:11:51.368908,109736,8688,5152,8688,261,8688,17,8688,5,8688,1,10027,1,1.0278063000005204
3,2,,2026-07-29T09:11:52.398418,108759,9003,5505,9003,246,9003,14,9003,13,9003,2,9903,3,1.0292347999929916
3,2,,2026-07-29T09:11:53.427971,109605,8961,5466,8961,243,8961,17,8961,15,8961,1,9925,0,1.0291705999989063
3,2,,2026-07-29T09:11:54.456379,109694,8763,5324,8763,251,8763,17,8763,7,8763,2,10118,0,1.0280307000211906
3,2,,2026-07-29T09:11:55.484956,109032,8885,5347,8885,230,8885,17,8885,7,8885,4,9840,3,1.028224500012584
3,2,,2026-07-29T09:11:56.513906,109250,8957,5510,8957,220,8957,9,8957,8,8957,1,9922,1,1.028577499993844
3,2,,2026-07-29T09:11:57.542250,109055,8887,5485,8887,224,8887,26,8887,8,8887,0,9959,4,1.0280542999971658
3,2,,2026-07-29T09:11:58.571049,108855,8802,5350,8802,218,8802,14,8802,9,8802,0,9839,3,1.028450799989514
3,2,,2026-07-29T09:11:59.599511,109529,8988,5524,8988,210,8988,16,8988,10,8988,0,10114,3,1.0280285000044387
3,2,,2026-07-29T09:12:00.628689,109404,8910,5481,8910,212,8910,9,8910,9,8910,2,9788,1,1.0288301999971736
3,2,,2026-07-29T09:12:01.657725,109480,9012,5458,9012,241,9012,15,9012,15,9012,1,9798,0,1.0287288000108674
3,2,,2026-07-29T09:12:02.686019,109583,8792,5402,8792,250,8792,14,8792,8,8792,1,9998,1,1.0278858999954537
3,2,,2026-07-29T09:12:03.715380,109537,8796,5363,8796,228,8796,17,8796,9,8796,1,9940,1,1.0289989999728277
3,2,,2026-07-29T09:12:04.743954,108974,8867,5489,8867,207,8867,15,8867,11,8867,1,9978,2,1.0282444000185933
3,2,,2026-07-29T09:12:05.773656,109692,9045,5439,9045,247,9045,13,9045,11,9045,1,10031,1,1.0293417999928351
3,2,,2026-07-29T09:12:06.802351,109442,8815,5389,8815,241,8815,18,8815,11,8815,0,9991,1,1.0283408999966923
3,2,,2026-07-29T09:12:07.831298,108981,8833,5384,8833,210,8833,14,8833,16,8833,2,9973,3,1.0285997000173666
3,2,,2026-07-29T09:12:08.860168,109431,9066,5539,9066,245,9066,19,9066,9,9066,2,9919,5,1.0285949000099208
3,2,,2026-07-29T09:12:09.889298,109814,8840,5475,8840,241,8840,14,8840,14,8840,0,9976,2,1.028749599994626
3,2,,2026-07-29T09:12:10.917261,109177,8788,5339,8788,235,8788,15,8788,6,8788,2,10033,0,1.0275417999946512
3,2,,2026-07-29T09:12:11.946768,109896,8845,5478,8845,254,8845,19,8845,6,8845,1,10148,0,1.029131099989172
3,2,,2026-07-29T09:12:12.975131,109448,8870,5445,8870,228,8870,13,8870,8,8870,0,9899,3,1.02802789999987
3,2,,2026-07-29T09:12:14.002723,108942,8674,5370,8674,231,8674,17,8674,7,8674,1,9936,3,1.0272667999961413
3,2,,2026-07-29T09:12:15.031209,109266,8698,5316,8698,245,8698,13,8698,8,8698,2,9943,1,1.02819080001791
3,2,,2026-07-29T09:12:16.058896,109558,8794,5455,8794,223,8794,16,8794,9,8794,2,10162,2,1.027273999992758
3,2,,2026-07-29T09:12:17.086919,109373,8810,5382,8810,234,8810,12,8810,7,8810,0,9911,3,1.027677300007781
3,2,,2026-07-29T09:12:18.115322,109179,8859,5414,8859,237,8859,20,8859,10,8859,2,10023,4,1.028050399996573
3,2,,2026-07-29T09:12:19.143603,109368,8856,5418,8856,229,8856,12,8856,10,8856,1,10029,2,1.0279907999793068
3,2,,2026-07-29T09:12:20.172449,108498,8743,5386,8743,242,8743,14,8743,9,8743,1,10055,3,1.0284850999887567
3,2,,2026-07-29T09:12:21.201883,109013,8707,5390,8707,215,8707,19,8707,5,8707,1,10031,0,1.0290882000117563
3,2,,2026-07-29T09:12:22.230675,108876,8865,5394,8865,270,8865,15,8865,8,8865,2,9861,1,1.0284508999902755
3,2,,2026-07-29T09:12:23.258922,109015,8780,5367,8780,230,8780,14,8780,10,8780,2,10169,1,1.0279547999962233
3,2,,2026-07-29T09:12:24.286645,109398,8852,5387,8852,228,8852,15,8852,10,8852,0,9959,3,1.0274045999976806
3,2,,2026-07-29T09:12:25.314492,109721,8849,5367,8849,225,8849,18,8849,9,8849,1,10171,3,1.0275270999991335
3,2,,2026-07-29T09:12:26.343516,108873,8835,5490,8835,219,8835,19,8835,8,8835,0,10038,2,1.0286999000236392
3,2,,2026-07-29T09:12:27.372761,109055,8815,5501,8815,240,8815,15,8815,11,8815,0,10078,1,1.0289010000124108
3,2,,2026-07-29T09:12:28.401358,109281,8997,5486,8997,240,8997,16,8997,9,8997,1,9942,1,1.028294999996433
3,2,,2026-07-29T09:12:29.430787,109273,8795,5321,8795,241,8795,16,8795,9,8795,1,9845,1,1.0290689000103157
3,2,,2026-07-29T09:12:30.459242,109626,8914,5499,8914,232,8914,10,8914,14,8914,3,10060,0,1.0280417000176385
3,2,,2026-07-29T09:12:31.488955,109236,8903,5447,8903,245,8903,18,8903,7,8903,2,10009,1,1.029342900001211
3,2,,2026-07-29T09:12:32.518638,109212,8685,5376,8685,222,8685,15,8685,4,8685,1,9915,0,1.0293330999847967
3,2,,2026-07-29T09:12:33.546270,108884,8909,5531,8909,230,8909,21,8909,6,8909,1,10061,1,1.0272942000010516
3,2,,2026-07-29T09:12:34.574804,108636,8855,5399,8855,216,8855,9,8855,10,8855,2,9815,1,1.0281889999751002
3,2,,2026-07-29T09:12:35.604633,109428,8850,5417,8850,259,8850,12,8850,13,8850,1,10088,0,1.0295426000084262
3,2,,2026-07-29T09:12:36.633171,109411,8891,5462,8891,256,8891,17,8891,4,8891,2,9964,3,1.0282337999960873
3,2,,2026-07-29T09:12:37.663109,109860,8945,5454,8945,215,8945,19,8945,16,8945,3,9960,4,1.0295346999773756
3,2,,2026-07-29T09:12:38.690816,109801,9010,5528,9010,244,9010,16,9010,10,9010,1,9966,2,1.0274303000187501
3,2,,2026-07-29T09:12:39.717598,109172,8964,5422,8964,244,8964,18,8964,12,8964,0,10141,0,1.0265484999981709
3,2,,2026-07-29T09:12:40.746293,108846,8851,5417,8851,200,8851,19,8851,9,8851,0,9882,1,1.0282739000103902
3,2,,2026-07-29T09:12:41.773554,109362,8855,5446,8855,238,8855,22,8855,7,8855,1,10057,0,1.026922499993816
3,2,,2026-07-29T09:12:42.802879,109440,8760,5420,8760,223,8760,11,8760,15,8760,1,9959,0,1.028977499983739
3,2,,2026-07-29T09:12:43.831454,109429,8744,5312,8744,228,8744,20,8744,10,8744,0,9929,2,1.0280906000116374
3,2,,2026-07-29T09:12:44.860261,109214,8900,5393,8900,248,8900,15,8900,4,8900,1,10010,1,1.0284007999871392
3,2,,2026-07-29T09:12:45.889734,109159,8834,5389,8834,247,8834,14,8834,11,8834,1,10054,1,1.029076900013024
3,2,,2026-07-29T09:12:46.918477,109201,9031,5460,9031,253,9031,10,9031,10,9031,2,9914,0,1.0284132999950089
3,2,,2026-07-29T09:12:47.947084,109278,8949,5429,8949,249,8949,14,8949,5,8949,4,9927,1,1.028254700009711
3,2,,2026-07-29T09:12:48.975616,109370,8735,5491,8735,261,8735,12,8735,10,8735,0,9981,4,1.0281962000008207
3,2,,2026-07-29T09:12:50.004716,109202,8868,5395,8868,215,8868,17,8868,9,8868,2,9954,1,1.0287519000121392
3,2,,2026-07-29T09:12:51.033767,108817,8724,5435,8724,199,8724,12,8724,12,8724,0,9968,1,1.0286265999893658
3,2,,2026-07-29T09:12:52.063279,109218,8902,5418,8902,213,8902,14,8902,9,8902,0,9900,3,1.0291474000259768
3,2,,2026-07-29T09:12:53.091871,109476,8746,5358,8746,217,8746,14,8746,14,8746,3,9946,0,1.0282489000237547
3,2,,2026-07-29T09:12:54.120936,109179,8950,5460,8950,249,8950,19,8950,11,8950,0,10067,4,1.028700499999104
3,2,,2026-07-29T09:12:55.151019,109468,8821,5494,8821,239,8821,18,8821,13,8821,2,9836,0,1.0297080999880563
3,2,,2026-07-29T09:12:56.179403,109022,8720,5341,8720,244,8720,19,8720,9,8720,2,9859,1,1.0280224999878556
3,2,,2026-07-29T09:12:57.208160,109244,8931,5426,8931,240,8931,17,8931,4,8931,0,10091,0,1.0284541000146419
3,2,,2026-07-29T09:12:58.236949,109292,8700,5419,8700,235,8700,22,8700,6,8700,0,10066,2,1.0284199000161607
3,2,,2026-07-29T09:12:59.265652,109238,8920,5489,8920,255,8920,17,8920,4,8920,0,10166,0,1.0283467000117525
3,2,,2026-07-29T09:13:00.294781,109561,9005,5503,9005,240,9005,12,9005,8,9005,2,9937,2,1.0287442000117153
3,2,,2026-07-29T09:13:01.323371,109321,8881,5363,8881,217,8881,9,8881,15,8881,1,9849,2,1.0282491000252776
3,2,,2026-07-29T09:13:02.353818,109616,8851,5378,8851,235,8851,15,8851,6,8851,0,10107,1,1.0300876999972388
3,2,,2026-07-29T09:13:03.383192,109319,8703,5352,8703,228,8703,10,8703,7,8703,1,10046,3,1.0289309000072535
3,2,,2026-07-29T09:13:04.412502,109607,8717,5328,8717,239,8717,11,8717,4,8717,1,9884,3,1.028944199992111
3,2,,2026-07-29T09:13:05.441702,108942,9017,5505,9017,235,9017,13,9017,8,9017,2,9907,1,1.028852999996161
3,2,,2026-07-29T09:13:06.470083,109629,8966,5470,8966,227,8967,12,8967,7,8967,0,10006,2,1.028047300002072
3,2,,2026-07-29T09:13:07.499114,109694,8718,5334,8718,208,8717,16,8717,6,8717,0,9941,4,1.028644100006204
3,2,,2026-07-29T09:13:08.526760,109465,8852,5398,8852,222,8852,16,8852,8,8852,1,9963,2,1.0273368999769446
3,2,,2026-07-29T09:13:09.555264,109840,8864,5460,8864,233,8864,13,8864,13,8864,0,9949,2,1.028163000009954
3,2,,2026-07-29T09:13:10.584128,109146,8794,5422,8794,240,8794,15,8794,15,8794,1,9984,0,1.0285076000145636
3,2,,2026-07-29T09:13:11.612671,109080,8854,5453,8854,216,8854,9,8854,2,8854,1,10016,3,1.0282014000113122
3,2,,2026-07-29T09:13:12.640914,109342,8844,5413,8844,208,8844,9,8844,5,8844,1,10010,4,1.0278663999924902
3,2,,2026-07-29T09:13:13.669298,109163,8654,5381,8654,227,8654,10,8654,8,8654,2,10133,3,1.0280424000229686
3,2,,2026-07-29T09:13:14.699230,108745,9014,5494,9014,234,9014,13,9014,4,9014,2,10115,4,1.0296514999936335
3,2,,2026-07-29T09:13:15.728320,109193,8787,5346,8787,219,8787,8,8787,7,8787,1,9922,1,1.0287820999801625
3,2,,2026-07-29T09:13:16.756612,109093,8887,5388,8887,251,8887,7,8887,6,8887,2,9897,1,1.0279222000099253
3,2,,2026-07-29T09:13:17.784122,109108,8887,5460,8887,238,8887,9,8887,13,8887,1,10071,0,1.027167099993676
3,2,,2026-07-29T09:13:18.813403,109165,8841,5317,8841,253,8841,12,8841,12,8841,1,10047,2,1.0289313000102993
3,2,,2026-07-29T09:13:19.842322,109251,8946,5427,8946,255,8946,14,8946,10,8946,1,10034,5,1.0284802000096533
3,2,,2026-07-29T09:13:20.870639,109109,9078,5546,9078,220,9078,14,9078,5,9078,0,10058,4,1.0280382999917492
3,2,,2026-07-29T09:13:21.901513,109577,8879,5459,8879,244,8879,17,8879,6,8879,1,9981,4,1.030459699977655
3,2,,2026-07-29T09:13:22.929809,109472,8871,5323,8871,233,8871,18,8871,8,8871,1,9947,3,1.0279383000161033
3,2,,2026-07-29T09:13:23.958604,109216,8749,5417,8749,231,8749,13,8749,10,8749,0,10115,1,1.0284185000055004
3,2,,2026-07-29T09:13:24.987981,109213,8876,5362,8876,227,8876,10,8876,8,8876,2,9919,2,1.0290330000279937
3,2,,2026-07-29T09:13:26.016947,109295,8901,5384,8901,248,8901,13,8901,5,8901,3,10042,3,1.0286170000035781
3,2,,2026-07-29T09:13:27.045908,108874,8980,5567,8980,213,8980,10,8980,11,8980,1,10055,2,1.028623099991819
3,2,,2026-07-29T09:13:28.075010,109362,8900,5454,8900,247,8900,10,8900,6,8900,1,9971,2,1.028789499978302
3,2,,2026-07-29T09:13:29.101445,109606,8932,5460,8932,243,8932,15,8932,9,8932,0,9923,3,1.0261041999910958
3,2,,2026-07-29T09:13:30.128756,109230,8739,5307,8739,247,8739,19,8739,4,8739,0,9909,1,1.0270892000116874
3,2,,2026-07-29T09:13:31.158102,109006,8823,5418,8823,271,8823,17,8823,10,8823,1,10114,1,1.0290004000125919
3,2,,2026-07-29T09:13:32.184243,109189,9053,5631,9053,237,9053,19,9053,17,9053,1,9851,2,1.025800800009165
3,2,,2026-07-29T09:13:33.210386,109138,8718,5330,8718,226,8718,18,8718,7,8718,1,10004,2,1.025993399991421
3,2,,2026-07-29T09:13:34.238299,109125,8856,5440,8856,231,8856,21,8856,5,8856,0,9980,2,1.0276182999950834
3,2,,2026-07-29T09:13:35.267903,109152,8777,5337,8777,244,8777,19,8777,15,8777,1,10088,0,1.0292168000014499
3,2,,2026-07-29T09:13:36.297239,108986,8866,5346,8866,217,8866,12,8866,7,8866,2,9912,1,1.028929500025697
3,2,,2026-07-29T09:13:37.326503,109880,9063,5618,9063,221,9063,5,9063,13,9063,1,10043,0,1.0289112999744248
3,2,,2026-07-29T09:13:38.354381,109518,8968,5419,8968,235,8968,13,8968,6,8968,2,9967,0,1.0275228000245988
3,2,,2026-07-29T09:13:39.383523,109209,8988,5516,8988,240,8988,14,8988,11,8988,0,9907,1,1.0287769999995362
3,2,,2026-07-29T09:13:40.411919,109174,8940,5545,8940,238,8940,11,8940,3,8940,2,9941,5,1.0280361000041012
3,2,,2026-07-29T09:13:41.440021,108974,8780,5334,8780,250,8780,9,8780,9,8780,0,9752,1,1.0277587000164203
3,2,,2026-07-29T09:13:42.470199,108891,8767,5334,8767,232,8767,18,8767,4,8767,3,9931,0,1.0298509999993257
3,2,,2026-07-29T09:13:43.499086,109413,8966,5511,8966,242,8966,17,8966,6,8966,1,9930,3,1.0284136999980547
3,2,,2026-07-29T09:13:44.528194,109054,8914,5533,8914,240,8914,18,8914,2,8914,2,9975,3,1.028739500005031
3,2,,2026-07-29T09:13:45.557617,109696,8887,5481,8887,244,8887,18,8887,6,8887,0,9961,1,1.0290696999873035
3,2,,2026-07-29T09:13:46.587282,109173,8796,5330,8796,251,8796,16,8796,7,8796,1,9999,1,1.0292249999765772
3,2,,2026-07-29T09:13:47.616336,109811,8942,5493,8942,241,8942,10,8942,13,8942,1,9902,2,1.0286573999910615
3,2,,2026-07-29T09:13:48.645663,109095,8979,5487,8979,220,8979,10,8979,9,8979,4,10224,5,1.0289843999780715
3,2,,2026-07-29T09:13:49.674496,109328,8999,5504,8999,264,8999,14,8999,11,8999,0,9880,0,1.028504099987913
3,2,,2026-07-29T09:13:50.703759,108548,8801,5417,8801,238,8801,15,8801,11,8801,2,9954,2,1.0288994000002276
3,2,,2026-07-29T09:13:51.733157,109423,8878,5403,8878,229,8878,8,8878,4,8878,1,10072,0,1.0289764999761246
3,2,,2026-07-29T09:13:52.762151,109281,8849,5368,8849,261,8849,16,8849,10,8849,1,9949,2,1.028596699994523
3,2,,2026-07-29T09:13:53.790915,109869,8914,5509,8914,247,8914,14,8914,7,8914,2,9848,1,1.0284404999983963
3,2,,2026-07-29T09:13:54.819961,109540,8958,5499,8958,231,8958,20,8958,7,8958,0,9856,2,1.028637500014156
3,2,,2026-07-29T09:13:55.848117,108481,8876,5448,8877,220,8877,7,8877,4,8877,1,9898,0,1.0277786000224296
3,2,,2026-07-29T09:13:56.877286,109405,8794,5491,8793,228,8793,13,8793,3,8793,1,10142,4,1.0288354000076652
3,2,,2026-07-29T09:13:57.906291,109524,8840,5405,8840,213,8840,7,8840,10,8840,0,9931,1,1.0287176000128966
3,2,,2026-07-29T09:13:58.935196,109500,8886,5416,8886,244,8886,15,8886,14,8886,0,9961,0,1.02851780000492
3,2,,2026-07-29T09:13:59.963030,109450,8975,5528,8975,213,8975,11,8975,6,8975,3,10028,1,1.0274367000092752
3,2,,2026-07-29T09:14:00.991232,109353,8876,5466,8876,264,8876,18,8876,7,8876,1,9931,4,1.0279237999930046
3,2,,2026-07-29T09:14:02.017666,108798,8811,5401,8811,233,8811,14,8811,6,8811,0,9876,1,1.0261701999988873
3,2,,2026-07-29T09:14:03.044725,109276,8929,5522,8929,259,8929,12,8929,7,8929,1,9960,2,1.0267558000050485
3,2,,2026-07-29T09:14:04.073810,109309,8871,5385,8871,237,8871,15,8871,10,8871,2,10057,1,1.0288565000228118
3,2,,2026-07-29T09:14:05.102264,109894,8775,5391,8775,238,8775,7,8775,8,8775,0,10073,1,1.0281125000037719
3,2,,2026-07-29T09:14:06.131150,109500,8841,5417,8841,227,8841,9,8841,10,8841,2,10131,2,1.0284947000036482
3,2,,2026-07-29T09:14:07.157529,108812,8806,5339,8806,219,8806,16,8806,14,8806,1,10099,0,1.0260685999819543
3,2,,2026-07-29T09:14:08.187851,108737,8700,5319,8700,233,8700,15,8700,13,8700,0,10010,2,1.0301444999931846
3,2,,2026-07-29T09:14:09.217717,109643,8957,5452,8957,224,8957,9,8957,5,8957,0,10174,1,1.0294884000031743
3,2,,2026-07-29T09:14:10.246237,109297,8794,5323,8794,246,8794,17,8794,7,8794,3,9905,2,1.028177300002426
3,2,,2026-07-29T09:14:11.274999,109317,9075,5552,9075,250,9075,21,9075,7,9075,2,10071,1,1.028408300015144
3,2,,2026-07-29T09:14:12.304013,109211,8878,5486,8878,248,8878,9,8878,11,8878,1,9930,2,1.0286915999895427
3,2,,2026-07-29T09:14:13.333352,109380,8959,5438,8959,245,8959,12,8959,9,8959,0,9985,2,1.028940699994564
3,2,,2026-07-29T09:14:14.363210,109739,8777,5264,8777,212,8777,16,8777,15,8777,1,9843,3,1.0294561000191607
3,2,,2026-07-29T09:14:15.392308,109136,8889,5470,8889,230,8889,13,8889,8,8889,0,9846,2,1.0287618000002112
3,2,,2026-07-29T09:14:16.420966,109039,8772,5405,8772,220,8772,10,8772,12,8772,1,10107,0,1.0283538999792654
3,2,,2026-07-29T09:14:17.450575,109675,8862,5391,8862,239,8862,13,8862,9,8862,1,10131,1,1.0292498999915551
3,2,,2026-07-29T09:14:18.479090,109498,9024,5568,9024,240,9024,18,9024,5,9024,1,10013,0,1.0280945000122301
3,2,,2026-07-29T09:14:19.507699,109959,8920,5366,8920,240,8920,15,8920,5,8920,2,10099,2,1.0283960000087973
3,2,,2026-07-29T09:14:20.537688,109504,8784,5289,8784,260,8784,13,8784,11,8784,0,10142,0,1.0296313000144437
3,2,,2026-07-29T09:14:21.566899,109434,8922,5481,8922,240,8922,19,8922,15,8922,3,10194,2,1.0288255999912508
3,2,,2026-07-29T09:14:22.596431,108961,8887,5492,8887,232,8887,18,8887,8,8887,1,9976,0,1.0291070999810472
3,2,,2026-07-29T09:14:23.625911,108967,8817,5385,8817,229,8817,18,8817,5,8817,3,9970,2,1.0291599000047427
3,2,,2026-07-29T09:14:24.653167,109605,8919,5389,8919,225,8919,19,8919,8,8919,0,10047,1,1.0269513999810442
3,2,,2026-07-29T09:14:25.680094,108791,8802,5353,8802,231,8802,17,8802,16,8802,0,9994,1,1.0267519000044558
3,2,,2026-07-29T09:14:26.708116,109213,8875,5405,8875,230,8875,12,8875,4,8875,3,9889,2,1.0277914000034798
3,2,,2026-07-29T09:14:27.735856,108651,8982,5483,8982,233,8982,9,8982,9,8982,1,9822,0,1.0273883999907412
3,2,,2026-07-29T09:14:28.764370,109438,8841,5407,8841,233,8841,17,8841,6,8841,2,9968,1,1.0281876000226475
3,2,,2026-07-29T09:14:29.792837,108916,8829,5353,8829,225,8829,9,8829,14,8829,3,9739,2,1.0280923999962397
3,2,,2026-07-29T09:14:30.822361,108988,8766,5401,8766,217,8766,15,8766,14,8766,0,9992,2,1.0291704999981448
3,2,,2026-07-29T09:14:31.852382,109334,8803,5416,8803,223,8803,11,8803,2,8803,2,10057,1,1.029642600013176
3,2,,2026-07-29T09:14:32.879860,109177,8884,5457,8884,233,8884,19,8884,7,8884,1,9902,2,1.0271262000023853
3,2,,2026-07-29T09:14:33.907991,109215,8713,5307,8713,236,8713,13,8713,8,8713,1,9929,4,1.0278672999993432
3,2,,2026-07-29T09:14:34.936714,109145,8826,5392,8826,230,8826,20,8826,8,8826,1,9801,1,1.0283607000019401
3,2,,2026-07-29T09:14:35.966094,109667,8899,5427,8899,238,8899,11,8899,5,8899,0,9909,0,1.0289802999759559
3,2,,2026-07-29T09:14:36.995079,109567,8714,5234,8714,238,8714,14,8714,9,8714,1,9972,0,1.028707999998005
3,2,,2026-07-29T09:14:38.025091,108840,8916,5519,8916,220,8916,13,8916,4,8916,0,9970,1,1.0296750999987125
3,2,,2026-07-29T09:14:39.053868,108833,8907,5394,8907,216,8907,11,8907,10,8907,2,9946,3,1.028356700000586
3,2,,2026-07-29T09:14:40.082121,109003,8790,5329,8790,248,8790,16,8790,13,8790,1,10047,0,1.0279495000140741
3,2,,2026-07-29T09:14:41.110592,109002,8899,5427,8899,235,8899,18,8899,12,8899,0,9890,1,1.0280615000228863
3,2,,2026-07-29T09:14:42.139662,109292,9000,5424,9000,249,9000,17,9000,14,9000,0,9973,0,1.0287553000089247
3,2,,2026-07-29T09:14:43.168718,108933,8750,5290,8750,216,8750,16,8750,4,8750,1,9753,1,1.0286124000267591
3,2,,2026-07-29T09:14:44.197865,109538,8924,5424,8924,247,8924,15,8924,10,8924,2,9992,0,1.0286953000177164
3,2,,2026-07-29T09:14:45.226967,108611,8937,5534,8937,232,8937,12,8937,13,8937,1,9891,2,1.0286674000089988
3,2,,2026-07-29T09:14:46.255847,109070,8709,5366,8709,233,8709,16,8709,9,8709,2,10122,1,1.0284940999990795
3,2,,2026-07-29T09:14:47.284243,109370,8907,5444,8907,229,8907,17,8907,7,8907,0,9921,0,1.0280120999959763
3,2,,2026-07-29T09:14:48.313991,109518,8830,5359,8830,260,8830,14,8830,9,8830,1,10090,1,1.0293745000089984
3,2,,2026-07-29T09:14:49.341875,109387,8811,5444,8811,258,8811,23,8811,9,8811,3,10010,0,1.0275858000095468
3,2,,2026-07-29T09:14:50.371267,109185,9058,5488,9058,231,9058,11,9058,5,9058,0,10169,0,1.0290968999906909
3,2,,2026-07-29T09:14:51.400393,108740,8691,5244,8691,219,8691,22,8691,6,8691,0,9985,1,1.0287256999872625
3,2,,2026-07-29T09:14:52.430578,108984,8751,5326,8751,243,8751,16,8751,15,8751,1,9873,0,1.029822200012859
3,2,,2026-07-29T09:14:53.459734,109497,8838,5378,8838,258,8838,12,8838,8,8838,0,10061,1,1.028729600016959
3,2,,2026-07-29T09:14:54.488514,108984,8739,5340,8739,248,8739,10,8739,4,8739,3,10041,3,1.0284688999818172
3,2,,2026-07-29T09:14:55.517529,109400,9004,5553,9004,241,9004,16,9004,6,9004,0,9908,4,1.0286346999928355
3,2,,2026-07-29T09:14:56.546286,109667,8906,5372,8906,246,8906,16,8906,3,8906,3,9997,1,1.028336399991531
3,2,,2026-07-29T09:14:57.575044,109127,8888,5436,8888,223,8888,14,8888,4,8888,1,9835,1,1.0284007000154816
3,2,,2026-07-29T09:14:58.603690,109269,8812,5374,8812,251,8812,14,8812,4,8812,1,10226,0,1.028340599994408
3,2,,2026-07-29T09:14:59.631878,108905,9011,5526,9011,234,9011,11,9011,10,9011,1,9902,0,1.0278476999956183
3,2,,2026-07-29T09:15:00.661320,109220,8835,5386,8835,256,8835,15,8835,9,8835,1,9943,1,1.0290080000122543
3,2,,2026-07-29T09:15:01.690343,109118,8771,5302,8771,256,8771,16,8771,6,8771,1,10040,1,1.0284782999951858
3,2,,2026-07-29T09:15:02.720806,108727,8800,5364,8800,224,8800,14,8800,7,8800,2,9909,1,1.030028900015168
3,2,,2026-07-29T09:15:03.747597,109374,8792,5409,8792,236,8792,11,8792,7,8792,4,10024,2,1.0264114999736194
3,2,,2026-07-29T09:15:04.775625,109145,8799,5452,8799,224,8799,15,8799,11,8799,1,9880,3,1.0278458999819122
3,2,,2026-07-29T09:15:05.804914,108926,8893,5481,8893,209,8893,11,8893,11,8893,2,10095,3,1.029028000019025
3,2,,2026-07-29T09:15:06.833776,109472,8953,5480,8953,242,8953,17,8953,8,8953,0,10113,1,1.0285199000209104
3,2,,2026-07-29T09:15:07.863232,109336,8800,5349,8800,239,8800,14,8800,8,8800,0,10134,1,1.0290947000030428
3,2,,2026-07-29T09:15:08.892510,108974,8909,5458,8909,222,8909,14,8909,5,8909,0,9833,1,1.0289067999983672
3,2,,2026-07-29T09:15:09.921836,109479,8935,5421,8935,242,8935,14,8935,9,8935,2,9952,3,1.0289466000103857
3,2,,2026-07-29T09:15:10.950493,109005,8880,5414,8880,216,8880,18,8880,5,8880,0,9950,2,1.0282913999981247
3,2,,2026-07-29T09:15:11.979767,109511,8850,5362,8850,252,8850,18,8850,8,8850,1,10100,1,1.0289186000009067
3,2,,2026-07-29T09:15:13.009453,108968,8880,5398,8880,256,8880,12,8880,4,8880,1,10095,4,1.0292129000008572
3,2,,2026-07-29T09:15:14.037854,109086,8858,5478,8858,255,8858,14,8858,5,8858,0,10104,5,1.028040900011547
3,2,,2026-07-29T09:15:15.066150,108975,8934,5436,8934,248,8934,14,8934,12,8934,0,10044,1,1.0279587000259198
3,2,,2026-07-29T09:15:16.093688,108748,8814,5361,8814,225,8814,13,8814,3,8814,0,9989,2,1.0271365999942645
3,2,,2026-07-29T09:15:17.120870,109743,8859,5433,8859,240,8859,17,8859,10,8859,0,9943,2,1.02690419999999
3,2,,2026-07-29T09:15:18.148836,108783,9020,5502,9020,232,9020,18,9020,6,9020,1,9876,3,1.0276815999823157
3,2,,2026-07-29T09:15:19.175468,109374,8966,5414,8966,225,8966,14,8966,14,8966,0,10021,2,1.0263666000100784
3,2,,2026-07-29T09:15:20.202841,108570,8855,5408,8855,250,8855,13,8855,10,8855,1,10067,0,1.0271229000063613
3,2,,2026-07-29T09:15:21.229577,108526,8774,5297,8774,237,8774,11,8774,8,8774,1,10043,2,1.02649739998742
3,2,,2026-07-29T09:15:22.256040,108764,8815,5456,8815,234,8815,10,8815,8,8815,3,10117,3,1.0262759000179358
3,2,,2026-07-29T09:15:23.283261,109084,8853,5420,8853,206,8853,16,8853,8,8853,1,10101,2,1.0269034999946598
3,2,,2026-07-29T09:15:24.312545,109125,8784,5365,8784,200,8784,8,8784,12,8784,0,10101,1,1.0289349000086077
3,2,,2026-07-29T09:15:25.340694,109356,8941,5467,8941,247,8941,17,8941,8,8941,0,9952,1,1.0277523000258952
3,2,,2026-07-29T09:15:26.369864,108481,8679,5267,8679,233,8679,19,8679,12,8679,0,9901,4,1.0288095000141766
3,2,,2026-07-29T09:15:27.399715,109470,8954,5411,8954,237,8954,7,8954,14,8954,1,10100,1,1.0294670999865048
3,2,,2026-07-29T09:15:28.429057,109533,8854,5421,8854,251,8854,21,8854,7,8854,1,10097,3,1.0290183000033721
3,2,,2026-07-29T09:15:29.457503,109164,8782,5405,8782,254,8782,15,8782,9,8782,0,10011,1,1.0281106999900658
3,2,,2026-07-29T09:15:30.486200,109559,8726,5440,8726,242,8726,20,8726,9,8726,1,10124,3,1.0283293999964371
3,2,,2026-07-29T09:15:31.514999,109224,8972,5503,8972,225,8972,7,8972,11,8972,1,9801,2,1.0285181000072043
3,2,,2026-07-29T09:15:32.543709,109331,8806,5430,8806,241,8806,18,8806,9,8806,1,9868,1,1.028317899996182
3,2,,2026-07-29T09:15:33.572386,109532,8828,5395,8828,236,8828,19,8828,5,8828,1,10121,6,1.0283432000142056
3,2,,2026-07-29T09:15:34.600935,108349,8723,5380,8723,221,8723,8,8723,6,8723,0,9955,1,1.028299400000833
3,2,,2026-07-29T09:15:35.629705,108930,9016,5483,9016,243,9016,11,9016,9,9016,0,10044,1,1.0285623999952804
3,2,,2026-07-29T09:15:36.658076,109170,8844,5381,8844,257,8844,18,8844,4,8844,1,10051,2,1.0280176000087522
3,2,,2026-07-29T09:15:37.686485,109125,8726,5304,8726,245,8726,16,8726,8,8726,1,10053,1,1.0280316999997012
3,2,,2026-07-29T09:15:38.715774,108718,8615,5340,8615,227,8615,14,8615,8,8615,0,9910,1,1.02898869998171
3,2,,2026-07-29T09:15:39.744600,108986,8762,5357,8762,202,8762,14,8762,10,8762,3,10106,1,1.0284363999962807
3,2,,2026-07-29T09:15:40.772636,109045,8864,5362,8864,244,8864,14,8864,11,8864,2,9943,1,1.0276692000043113
3,2,,2026-07-29T09:15:41.802232,109467,8931,5423,8931,213,8931,12,8931,18,8931,3,10133,2,1.0293183000176214
3,2,,2026-07-29T09:15:42.830470,109507,8964,5488,8964,229,8964,14,8964,6,8964,1,10024,2,1.0279518000024837
3,2,,2026-07-29T09:15:43.859273,108402,8706,5316,8706,236,8706,14,8706,11,8706,2,10002,2,1.0284968000196386
3,2,,2026-07-29T09:15:44.888426,109508,8858,5355,8858,253,8858,12,8858,11,8858,1,9869,3,1.0287871999898925
3,2,,2026-07-29T09:15:45.918593,109001,8901,5479,8901,232,8901,15,8901,14,8901,0,10099,1,1.0296512999921106
3,2,,2026-07-29T09:15:46.945596,109405,8960,5454,8960,251,8960,13,8960,12,8960,2,10003,3,1.0266448000038508
3,2,,2026-07-29T09:15:47.974722,109378,8808,5415,8808,244,8808,18,8808,13,8808,2,10017,2,1.0287895999790635
3,2,,2026-07-29T09:15:49.003184,109702,9042,5460,9042,250,9042,25,9042,14,9042,0,10041,2,1.0281346999981906
3,2,,2026-07-29T09:15:50.031594,108788,8880,5454,8880,251,8880,13,8880,5,8880,2,10057,0,1.0280778000014834
3,2,,2026-07-29T09:15:51.059787,109145,8814,5353,8814,232,8814,12,8814,10,8814,2,9895,2,1.0278726000105962
3,2,,2026-07-29T09:15:52.088309,109109,8739,5355,8739,232,8739,11,8739,12,8739,0,9936,1,1.0281700000050478
3,2,,2026-07-29T09:15:53.117691,109565,8849,5385,8849,240,8849,12,8849,10,8849,1,10051,2,1.0289956000051461
3,2,,2026-07-29T09:15:54.146776,109571,8766,5269,8766,234,8766,18,8766,7,8766,3,10081,2,1.0287186999921687
3,2,,2026-07-29T09:15:55.174738,108824,8793,5338,8793,254,8793,9,8793,8,8793,2,10028,0,1.027542199997697
3,2,,2026-07-29T09:15:56.203292,108428,8893,5495,8893,241,8893,26,8893,5,8893,2,9942,4,1.028192099998705
3,2,,2026-07-29T09:15:57.231863,108708,8852,5382,8852,257,8852,13,8852,7,8852,1,10006,1,1.02821680001216
3,2,,2026-07-29T09:15:58.261392,108743,8799,5368,8799,238,8799,14,8799,13,8799,1,9752,1,1.0291361999989022
3,2,,2026-07-29T09:15:59.290246,109097,8951,5440,8951,233,8951,14,8951,9,8951,1,9955,0,1.0285244999977294
3,2,,2026-07-29T09:16:00.319344,108792,8740,5325,8740,216,8740,18,8740,6,8740,0,10004,0,1.0287606999918353
3,2,,2026-07-29T09:16:01.348212,109233,8789,5389,8789,226,8789,10,8789,8,8789,0,10147,3,1.028545600012876
3,2,,2026-07-29T09:16:02.378522,108808,8924,5404,8924,235,8924,18,8924,11,8924,4,9886,0,1.0299253000121098
3,2,,2026-07-29T09:16:03.406907,109277,8725,5387,8725,216,8725,19,8725,11,8725,1,9929,1,1.0279555000015534
3,2,,2026-07-29T09:16:04.434725,109153,8868,5433,8868,228,8868,14,8868,15,8868,1,9967,2,1.0274870000139344
3,2,,2026-07-29T09:16:05.464448,109439,8832,5386,8832,240,8832,17,8832,10,8832,2,10136,0,1.0294604999944568
3,2,,2026-07-29T09:16:06.494019,109256,8933,5488,8933,245,8933,14,8933,6,8933,0,9988,4,1.029169000015827
3,2,,2026-07-29T09:16:07.522828,108845,8827,5352,8827,231,8827,14,8827,4,8827,2,10102,4,1.0282925000065006
3,2,,2026-07-29T09:16:08.552184,109622,8912,5428,8912,257,8912,17,8912,11,8912,1,9943,0,1.0290148000058252
3,2,,2026-07-29T09:16:09.580986,109243,8739,5248,8739,226,8739,12,8739,5,8739,0,10117,1,1.028407200006768
3,2,,2026-07-29T09:16:10.609520,109012,8731,5317,8731,229,8731,11,8731,10,8731,2,9951,0,1.028081700002076
3,2,,2026-07-29T09:16:11.638035,108248,8766,5428,8766,231,8766,14,8766,9,8766,1,9828,0,1.0280656999966595
3,2,,2026-07-29T09:16:12.667882,109146,8793,5396,8793,234,8793,15,8793,8,8793,1,9831,1,1.029538600007072
3,2,,2026-07-29T09:16:13.697101,109247,8991,5481,8991,241,8991,11,8991,8,8991,1,10044,1,1.028933399997186
3,2,,2026-07-29T09:16:14.724990,108785,8817,5423,8817,234,8817,17,8817,13,8817,0,9753,2,1.027464599988889
3,2,,2026-07-29T09:16:15.751653,109300,8977,5474,8977,211,8977,20,8977,11,8977,0,10040,1,1.0263458999979775
3,2,,2026-07-29T09:16:16.780016,108552,8957,5462,8957,221,8957,22,8957,10,8957,0,10070,0,1.0281222999910824
3,2,,2026-07-29T09:16:17.810393,109550,8967,5451,8967,236,8967,20,8967,8,8967,0,10017,1,1.0300444999884348
3,2,,2026-07-29T09:16:18.839404,109769,8828,5425,8828,225,8828,14,8828,12,8828,3,10019,3,1.0286758999864105
3,2,,2026-07-29T09:16:19.871149,109498,8898,5366,8898,244,8898,17,8898,8,8898,2,9909,0,1.0263243000081275
3,2,,2026-07-29T09:16:20.899377,108952,8914,5504,8914,220,8914,16,8914,4,8914,1,9972,2,1.0279536999878474
3,2,,2026-07-29T09:16:21.928558,109204,8875,5369,8875,229,8875,16,8875,9,8875,1,9946,0,1.0288291999895591
3,2,,2026-07-29T09:16:22.955077,109360,8778,5384,8778,234,8778,17,8778,5,8778,1,9970,3,1.02620520000346
3,2,,2026-07-29T09:16:23.984216,108939,8908,5459,8908,252,8908,13,8908,6,8908,1,10146,1,1.0288062999898102
3,2,,2026-07-29T09:16:25.013703,109525,8904,5443,8904,216,8904,16,8904,5,8904,1,10150,1,1.029110799980117
3,2,,2026-07-29T09:16:26.042845,109797,8903,5497,8903,229,8903,16,8903,16,8903,1,10041,2,1.0288194000022486
3,2,,2026-07-29T09:16:27.071676,109555,8934,5486,8934,260,8934,15,8934,7,8934,1,10130,1,1.0284741999930702
3,2,,2026-07-29T09:16:28.101274,109143,8874,5464,8874,250,8874,17,8874,7,8874,1,9764,1,1.0292733999958728
3,2,,2026-07-29T09:16:29.130542,109279,8860,5458,8860,212,8860,19,8860,9,8860,1,10087,1,1.0289215999946464
3,2,,2026-07-29T09:16:30.158850,108988,8738,5418,8738,222,8738,17,8738,9,8738,3,10087,1,1.0277970999886747
3,2,,2026-07-29T09:16:31.188265,109197,8704,5251,8704,215,8704,9,8704,9,8704,1,10034,2,1.0290395000192802
3,2,,2026-07-29T09:16:32.215647,109444,8843,5400,8843,214,8843,10,8843,11,8843,3,10142,1,1.0270329999912065
3,2,,2026-07-29T09:16:33.244600,109118,8777,5399,8777,217,8777,15,8777,12,8777,1,9983,0,1.0286694999958854
3,2,,2026-07-29T09:16:34.273306,109224,8813,5337,8813,208,8813,14,8813,6,8813,4,10014,4,1.0283378000021912
3,2,,2026-07-29T09:16:35.301912,109018,8748,5359,8748,227,8748,8,8748,8,8748,2,9985,1,1.0282499000022653
3,2,,2026-07-29T09:16:36.331316,109177,8843,5381,8843,242,8843,18,8843,6,8843,1,9916,1,1.0290855999919586
3,2,,2026-07-29T09:16:37.360190,109747,8821,5360,8821,238,8821,19,8821,11,8821,2,10106,3,1.028532099997392
3,2,,2026-07-29T09:16:38.388875,109092,8775,5315,8775,203,8775,13,8775,9,8775,0,9957,1,1.0283306000055745
3,2,,2026-07-29T09:16:39.417336,109391,8724,5394,8724,225,8724,9,8724,5,8724,2,9920,3,1.0280719000147656
3,2,,2026-07-29T09:16:40.444554,109261,8923,5470,8923,214,8923,15,8923,9,8923,1,9883,2,1.0268836000177544
3,2,,2026-07-29T09:16:41.473843,109125,8718,5339,8718,222,8718,22,8718,9,8718,0,9979,2,1.0289613000059035
3,2,,2026-07-29T09:16:42.503467,108924,8764,5268,8764,219,8764,18,8764,10,8764,1,10075,3,1.0293403000105172
3,2,,2026-07-29T09:16:43.532244,109129,8818,5401,8818,220,8818,12,8818,4,8818,2,10018,0,1.0284834999765735
3,2,,2026-07-29T09:16:44.562302,109153,8906,5457,8906,273,8906,21,8906,8,8906,1,10040,2,1.0296237999864388
3,2,,2026-07-29T09:16:45.590932,108896,8912,5461,8912,247,8912,20,8912,5,8912,1,10055,3,1.0282749999896623
3,2,,2026-07-29T09:16:46.619446,109155,8815,5417,8815,238,8815,16,8815,7,8815,2,10121,4,1.0281862000119872
3,2,,2026-07-29T09:16:47.648794,109447,8879,5424,8879,224,8879,15,8879,9,8879,2,10003,3,1.028949300001841
3,2,,2026-07-29T09:16:48.677871,109392,8920,5313,8920,245,8920,19,8920,5,8920,1,9999,1,1.0287408999865875
3,2,,2026-07-29T09:16:49.706764,109061,8789,5381,8789,237,8789,13,8789,10,8789,1,10102,2,1.028608799999347
3,2,,2026-07-29T09:16:50.735785,108866,8715,5296,8715,247,8715,16,8715,12,8715,0,10007,1,1.0286788000084925
3,2,,2026-07-29T09:16:51.765485,108917,8627,5279,8627,231,8627,20,8627,9,8627,2,9873,1,1.0293116999964695
3,2,,2026-07-29T09:16:52.794040,109600,8845,5427,8845,216,8845,17,8845,7,8845,2,9939,1,1.0281790999870282
3,2,,2026-07-29T09:16:53.823873,109659,8804,5391,8804,228,8804,19,8804,13,8804,0,9995,4,1.02949579997221
3,2,,2026-07-29T09:16:54.852960,109837,8895,5413,8895,237,8895,16,8895,5,8895,0,9966,3,1.0286319000006188
3,2,,2026-07-29T09:16:55.881979,109077,8766,5340,8766,249,8766,17,8766,10,8766,1,10136,0,1.0285990000120364
3,2,,2026-07-29T09:16:56.911370,109309,8932,5395,8932,242,8932,19,8932,4,8932,1,10065,4,1.0290405999985524
3,2,,2026-07-29T09:16:57.941035,109891,8748,5307,8748,253,8748,14,8748,9,8748,1,9928,1,1.029333000013139
3,2,,2026-07-29T09:16:58.969792,109268,8964,5407,8964,241,8964,16,8964,10,8964,2,10216,1,1.0284136999980547
3,2,,2026-07-29T09:16:59.997704,108402,8810,5418,8810,218,8810,14,8810,11,8810,0,9939,3,1.027562700008275
3,2,,2026-07-29T09:17:01.026384,108922,8802,5390,8802,219,8802,12,8802,14,8802,2,9919,1,1.0283426999812946
3,2,,2026-07-29T09:17:02.055836,109241,8747,5344,8747,206,8747,24,8747,10,8747,1,10014,0,1.0291180000058375
3,2,,2026-07-29T09:17:03.083254,109187,8895,5387,8895,230,8895,23,8895,13,8895,1,9955,2,1.0271208000194747
3,2,,2026-07-29T09:17:04.112591,108714,8736,5326,8736,252,8736,13,8736,9,8736,2,9845,0,1.0289791999966837
3,2,,2026-07-29T09:17:05.140123,109757,9048,5566,9048,238,9048,10,9048,11,9048,1,10075,0,1.0271016999904532
3,2,,2026-07-29T09:17:06.169735,109109,8814,5378,8814,233,8814,18,8814,7,8814,0,10167,0,1.0292047999973875
3,2,,2026-07-29T09:17:07.197354,109230,9182,5677,9182,237,9182,13,9182,16,9182,1,10054,0,1.0270814999821596
3,2,,2026-07-29T09:17:08.227007,109107,8985,5433,8985,231,8985,12,8985,3,8985,0,10151,2,1.0294512000109535
3,2,,2026-07-29T09:17:09.255835,108903,8717,5335,8717,230,8717,18,8717,7,8717,0,9849,1,1.0284162999887485
3,2,,2026-07-29T09:17:10.283314,108875,8636,5312,8636,227,8636,10,8636,10,8636,2,9940,0,1.0271901999949478
3,2,,2026-07-29T09:17:11.312490,109384,8790,5415,8790,234,8790,12,8790,5,8790,1,9848,5,1.028783099987777
3,2,,2026-07-29T09:17:12.340751,109171,8696,5295,8696,249,8696,15,8696,9,8696,2,10095,2,1.0280100999807473
3,2,,2026-07-29T09:17:13.369482,108573,8942,5505,8942,239,8942,19,8942,11,8942,1,10000,1,1.0283724000037182
3,2,,2026-07-29T09:17:14.398196,108876,8945,5525,8945,267,8945,8,8945,7,8945,1,9825,1,1.0284180000016931
3,2,,2026-07-29T09:17:15.427217,109728,8828,5373,8828,232,8828,15,8828,6,8828,0,9974,0,1.0286436000023969
3,2,,2026-07-29T09:17:16.454639,109581,8577,5216,8577,246,8577,14,8577,13,8577,0,10191,1,1.027132499992149
3,2,,2026-07-29T09:17:17.483402,109550,8945,5426,8945,235,8945,15,8945,9,8945,4,9777,0,1.0284831000026315
3,2,,2026-07-29T09:17:18.513520,109336,8880,5440,8880,222,8880,12,8880,5,8880,2,9953,0,1.0297168999968562
3,2,,2026-07-29T09:17:19.543518,109056,8823,5458,8823,227,8823,13,8823,5,8823,1,10032,0,1.0295359000156168
3,2,,2026-07-29T09:17:20.572676,108972,8982,5586,8982,243,8982,12,8982,15,8982,2,10014,1,1.0287516000098549
3,2,,2026-07-29T09:17:21.601275,109721,8872,5390,8872,214,8872,24,8872,6,8872,1,9939,5,1.028331999987131
3,2,,2026-07-29T09:17:22.629832,109504,8873,5418,8873,226,8873,11,8873,7,8873,1,10099,0,1.0282375999959186
3,2,,2026-07-29T09:17:23.658684,109729,8952,5593,8952,239,8952,15,8952,12,8952,2,9956,1,1.0284969999920577
3,2,,2026-07-29T09:17:24.687021,109330,8921,5502,8921,241,8921,13,8921,10,8921,1,10081,1,1.028035399998771
3,2,,2026-07-29T09:17:25.715090,109098,8883,5521,8883,237,8883,19,8883,12,8883,1,9984,0,1.027707500004908
3,2,,2026-07-29T09:17:26.745477,109439,8809,5422,8809,258,8809,11,8809,9,8809,0,9988,1,1.0299853000033181
3,2,,2026-07-29T09:17:27.775053,109217,8886,5440,8886,249,8886,14,8886,10,8886,2,10038,3,1.0292575000203215
3,2,,2026-07-29T09:17:28.804150,110002,8964,5534,8964,244,8964,18,8964,15,8964,2,10126,3,1.0286842999921646
3,2,,2026-07-29T09:17:29.831551,109677,9025,5553,9025,236,9025,13,9025,7,9025,1,9924,1,1.0270537000033073
3,2,,2026-07-29T09:17:30.859684,109555,8815,5390,8815,254,8815,12,8815,9,8815,1,10016,0,1.027772700006608
3,2,,2026-07-29T09:17:31.888821,108957,8934,5461,8934,236,8934,16,8934,3,8934,1,9933,4,1.028806899994379
3,2,,2026-07-29T09:17:32.917168,109128,8889,5366,8889,247,8889,19,8889,11,8889,0,10053,2,1.0280028999841306
3,2,,2026-07-29T09:17:33.945342,108896,8900,5402,8900,250,8900,20,8900,14,8900,4,10078,2,1.0278435999935027
3,2,,2026-07-29T09:17:34.974028,109217,8890,5447,8890,236,8890,16,8890,7,8890,1,10077,2,1.0284027999732643
3,2,,2026-07-29T09:17:36.003776,109202,8899,5410,8899,229,8899,14,8899,7,8899,1,10012,1,1.0292863000067882
3,2,,2026-07-29T09:17:37.032108,109386,8822,5401,8822,231,8822,22,8822,10,8822,1,9941,0,1.0279925999930128
3,2,,2026-07-29T09:17:38.061132,108984,8884,5473,8884,238,8884,26,8884,9,8884,0,10035,1,1.02863570000045
3,2,,2026-07-29T09:17:39.090099,109567,9018,5608,9018,244,9018,17,9018,9,9018,0,10173,1,1.028525500005344
3,2,,2026-07-29T09:17:40.119021,108971,8879,5495,8879,209,8879,13,8879,8,8879,1,9795,2,1.0284652000118513
3,2,,2026-07-29T09:17:41.147828,109494,8889,5435,8889,214,8889,19,8889,5,8889,1,9926,4,1.0285006000194699
3,2,,2026-07-29T09:17:42.176361,108712,8738,5390,8738,236,8738,22,8738,7,8738,1,10038,1,1.028180399996927
3,2,,2026-07-29T09:17:43.206066,108987,8881,5396,8881,225,8881,17,8881,14,8881,1,9984,1,1.0292927999980748
3,2,,2026-07-29T09:17:44.234689,109109,9016,5531,9016,269,9016,17,9016,13,9016,2,9993,1,1.0281742000079248
3,2,,2026-07-29T09:17:45.263313,109605,8783,5365,8783,215,8783,17,8783,16,8783,2,10072,5,1.0282658000069205
3,2,,2026-07-29T09:17:46.291850,109054,8810,5441,8810,212,8810,16,8810,5,8810,1,9929,2,1.0281998999998905
3,2,,2026-07-29T09:17:47.320616,109165,8754,5305,8754,224,8754,19,8754,10,8754,2,10013,1,1.0283974999911152
3,2,,2026-07-29T09:17:48.350012,108891,8797,5348,8797,227,8797,14,8797,13,8797,2,10196,0,1.0290148000058252
3,2,,2026-07-29T09:17:49.378858,109220,8908,5337,8908,256,8908,20,8908,6,8908,1,10080,1,1.0284577000129502
3,2,,2026-07-29T09:17:50.406312,109165,8925,5510,8925,198,8925,13,8925,7,8925,4,9866,2,1.0271209000202361
3,2,,2026-07-29T09:17:51.435617,108642,8849,5408,8849,233,8849,14,8849,9,8849,3,9918,1,1.0288807000033557
3,2,,2026-07-29T09:17:52.465598,109189,8895,5374,8895,229,8895,16,8895,11,8895,1,9965,1,1.029623900016304
3,2,,2026-07-29T09:17:53.494735,109484,8959,5532,8959,219,8959,19,8959,8,8959,1,10124,5,1.0287170000083279
3,2,,2026-07-29T09:17:54.523530,109184,8829,5396,8829,221,8829,15,8829,5,8829,0,10013,1,1.028453700011596
3,2,,2026-07-29T09:17:55.552143,109268,8883,5459,8883,217,8883,16,8883,8,8883,3,10076,2,1.0282859000144526
3,2,,2026-07-29T09:17:56.579205,109247,8833,5480,8833,227,8833,17,8833,6,8833,1,9944,1,1.0268202000006568
3,2,,2026-07-29T09:17:57.606624,109204,8964,5446,8964,245,8964,14,8964,5,8964,0,10105,1,1.027216500020586
3,2,,2026-07-29T09:17:58.635510,109140,8810,5431,8810,234,8810,13,8810,10,8810,0,9927,4,1.028664999990724
3,2,,2026-07-29T09:17:59.662810,108516,8794,5435,8794,206,8794,10,8794,7,8794,0,10059,2,1.0269709000131115
3,2,,2026-07-29T09:18:00.691928,109506,8908,5413,8908,227,8908,11,8908,5,8908,2,9958,3,1.0288671999878716
3,2,,2026-07-29T09:18:01.721049,109444,8955,5483,8955,256,8955,11,8955,7,8955,1,9885,0,1.0287759999919217
3,2,,2026-07-29T09:18:02.750585,109498,8986,5530,8986,218,8986,14,8986,5,8986,0,10120,0,1.0292600000102539
3,2,,2026-07-29T09:18:03.778876,109639,8581,5229,8581,255,8581,13,8581,7,8581,0,9902,1,1.0281010000035167
3,2,,2026-07-29T09:18:04.807872,109363,8935,5476,8935,248,8935,17,8935,8,8935,1,10004,3,1.028647800005274
3,2,,2026-07-29T09:18:05.836665,108864,8795,5396,8795,202,8795,17,8795,5,8795,3,10099,3,1.0283194000076037
3,2,,2026-07-29T09:18:06.865668,108998,8939,5508,8939,214,8939,16,8939,11,8939,1,9939,0,1.0286416999879293
3,2,,2026-07-29T09:18:07.892505,109041,8693,5265,8693,244,8693,17,8693,13,8693,0,9961,1,1.0264639999950305
3,2,,2026-07-29T09:18:08.920289,108697,8891,5411,8891,244,8891,17,8891,9,8891,1,10078,2,1.0274292999820318
3,2,,2026-07-29T09:18:09.948022,108920,8720,5373,8720,230,8720,22,8720,12,8720,2,10041,1,1.0273529999831226
3,2,,2026-07-29T09:18:10.976694,109442,8893,5472,8893,242,8893,10,8893,5,8893,0,10087,1,1.0284354999894276
3,2,,2026-07-29T09:18:12.005931,109508,8717,5387,8717,218,8717,21,8717,9,8717,0,9958,0,1.0289283000165597
3,2,,2026-07-29T09:18:13.034200,109696,8738,5310,8738,223,8738,16,8738,9,8738,2,9989,2,1.0276557999895886
3,2,,2026-07-29T09:18:14.062208,108767,8762,5413,8762,228,8762,18,8762,7,8762,1,10055,0,1.0276799999992363
3,2,,2026-07-29T09:18:15.091520,109520,8724,5424,8724,225,8724,12,8724,7,8724,4,10139,1,1.0290015999926254
3,2,,2026-07-29T09:18:16.120793,108638,8695,5359,8695,238,8695,13,8695,9,8695,0,9964,0,1.02892789998441
3,2,,2026-07-29T09:18:17.149201,108964,8879,5434,8879,224,8879,15,8879,8,8879,1,9941,1,1.0280657000257634
3,2,,2026-07-29T09:18:18.177626,109257,8905,5455,8905,243,8905,14,8905,15,8905,1,10040,0,1.028046399995219
3,2,,2026-07-29T09:18:19.206683,109818,8940,5439,8940,255,8940,20,8940,4,8940,2,10063,2,1.0287150999938603
3,2,,2026-07-29T09:18:20.235488,109326,8791,5380,8791,230,8791,19,8791,8,8791,0,9914,1,1.028436699998565
3,2,,2026-07-29T09:18:21.264411,109080,8919,5422,8919,216,8919,19,8919,10,8919,0,10235,1,1.0286249999771826
3,2,,2026-07-29T09:18:22.293190,109322,8960,5452,8960,249,8960,14,8960,16,8960,1,10098,2,1.0284815999912098
3,2,,2026-07-29T09:18:23.322280,109225,9045,5481,9045,251,9045,12,9045,9,9045,1,9892,0,1.0286769999947865
3,2,,2026-07-29T09:18:24.350811,109356,8952,5485,8952,241,8952,15,8952,10,8952,2,9984,1,1.028208600007929
3,2,,2026-07-29T09:18:25.380577,108843,9026,5440,9026,231,9026,18,9026,16,9026,1,9937,0,1.0294084000051953
3,2,,2026-07-29T09:18:26.409830,108587,8846,5457,8846,210,8846,25,8846,7,8846,1,10049,0,1.0288192000007257
3,2,,2026-07-29T09:18:27.439709,109188,8846,5368,8846,227,8846,15,8846,10,8846,2,9777,1,1.0295110000006389
3,2,,2026-07-29T09:18:28.469036,109456,8962,5420,8962,262,8962,18,8962,11,8962,1,10034,3,1.028934100002516
3,2,,2026-07-29T09:18:29.497470,108744,8840,5403,8840,219,8840,14,8840,9,8840,1,10207,3,1.0279587999975774
3,2,,2026-07-29T09:18:30.525645,108887,8888,5360,8888,218,8888,15,8888,9,8888,3,9986,1,1.027856900007464
3,2,,2026-07-29T09:18:31.555572,108977,8919,5454,8919,241,8919,13,8919,9,8919,0,10052,3,1.0295514000172261
3,2,,2026-07-29T09:18:32.583735,109697,8966,5495,8966,219,8966,17,8966,9,8966,1,10109,1,1.0277995000069495
3,2,,2026-07-29T09:18:33.612986,108500,8616,5214,8616,193,8616,16,8616,9,8616,1,10009,2,1.028807599999709
3,2,,2026-07-29T09:18:34.640864,109415,8870,5475,8870,227,8870,26,8870,6,8870,1,10136,3,1.027564199990593
3,2,,2026-07-29T09:18:35.670281,109235,8745,5326,8745,225,8745,11,8745,11,8745,2,9971,0,1.0291314000205602
3,2,,2026-07-29T09:18:36.698579,109270,8748,5292,8748,218,8748,14,8748,7,8748,3,10048,1,1.0279197999916505
3,2,,2026-07-29T09:18:37.728836,109351,8953,5432,8953,241,8953,12,8953,10,8953,1,10033,4,1.0298929999989923
3,2,,2026-07-29T09:18:38.756926,109275,8922,5497,8922,228,8922,14,8923,9,8923,5,9906,0,1.0278022999991663
3,2,,2026-07-29T09:18:39.786116,108821,8784,5344,8784,248,8784,14,8783,11,8784,1,9917,0,1.0288263999973424
3,2,,2026-07-29T09:18:40.815333,109725,8849,5461,8849,198,8849,14,8849,2,8848,1,10011,1,1.0287702000059653
3,2,,2026-07-29T09:18:41.843248,109103,8748,5400,8748,212,8748,13,8748,8,8748,0,9959,1,1.0276047000079416
3,2,,2026-07-29T09:18:42.871569,108643,8773,5307,8773,240,8773,9,8773,10,8773,1,9880,3,1.028037599986419
3,2,,2026-07-29T09:18:43.901176,109188,9050,5454,9050,262,9050,12,9050,14,9050,1,9941,2,1.029264200013131
3,2,,2026-07-29T09:18:44.929567,108817,8840,5343,8840,226,8840,16,8840,8,8840,0,10032,1,1.0280960999953095
3,2,,2026-07-29T09:18:45.958044,109104,9029,5559,9029,224,9029,13,9029,5,9029,3,10108,2,1.0281357000058051
3,2,,2026-07-29T09:18:46.987264,108596,8801,5405,8801,258,8801,14,8801,10,8801,0,9890,3,1.028796800004784
3,2,,2026-07-29T09:18:48.016795,108946,8843,5423,8843,218,8843,23,8843,8,8843,1,10004,0,1.0291703999973834
3,2,,2026-07-29T09:18:49.046236,109143,8814,5388,8814,215,8814,11,8814,6,8814,1,10119,0,1.0289523000246845
3,2,,2026-07-29T09:18:50.074455,108987,8854,5421,8854,208,8854,10,8854,10,8854,2,9979,0,1.0278287999972235
3,2,,2026-07-29T09:18:51.101926,109079,8796,5421,8796,243,8796,15,8796,12,8796,2,9975,3,1.0271573000063654
3,2,,2026-07-29T09:18:52.129104,108851,8856,5429,8856,230,8856,13,8856,10,8856,0,9944,2,1.0269531000230927
3,2,,2026-07-29T09:18:53.156519,108513,8740,5462,8740,224,8740,24,8740,9,8740,1,10022,1,1.0271812999853864
3,2,,2026-07-29T09:18:54.185155,108658,8692,5378,8692,233,8692,19,8692,9,8692,0,10191,1,1.0283437999896705
3,2,,2026-07-29T09:18:55.213939,108587,8880,5396,8880,243,8880,11,8880,7,8880,1,9986,1,1.0283977999933995
3,2,,2026-07-29T09:18:56.242200,109325,8822,5333,8822,243,8822,8,8822,12,8822,0,10052,2,1.0279019000008702
3,2,,2026-07-29T09:18:57.271991,109053,8850,5414,8850,235,8850,13,8850,10,8850,1,9824,2,1.0294223999953829
3,2,,2026-07-29T09:18:58.300401,109153,8795,5419,8795,245,8795,6,8795,17,8795,2,10021,5,1.0280175000079907
3,2,,2026-07-29T09:18:59.330291,108312,8689,5283,8689,237,8689,19,8689,6,8689,0,10068,1,1.029530399973737
3,2,,2026-07-29T09:19:00.359220,109275,8953,5526,8953,241,8953,5,8953,10,8953,2,10005,3,1.0285704999987502
3,2,,2026-07-29T09:19:01.388664,109099,8862,5481,8862,231,8862,16,8862,11,8862,2,9970,2,1.0291000000142958
3,2,,2026-07-29T09:19:02.417369,109802,8807,5415,8807,226,8807,12,8807,12,8807,3,10174,1,1.028149999998277
3,2,,2026-07-29T09:19:03.446264,109824,8911,5448,8911,244,8911,15,8911,12,8911,0,10028,3,1.028522399981739
3,2,,2026-07-29T09:19:04.474848,108953,8850,5387,8850,223,8850,23,8850,8,8850,0,10020,1,1.0282308000023477
3,2,,2026-07-29T09:19:05.503474,109205,8927,5530,8927,251,8927,16,8927,16,8927,1,10099,2,1.0281995999976061
3,2,,2026-07-29T09:19:06.532368,109633,8739,5322,8739,241,8739,16,8739,5,8739,4,10014,1,1.0285549000254832
3,2,,2026-07-29T09:19:07.561418,109488,8827,5363,8827,239,8827,12,8827,11,8827,1,9928,2,1.0287361000082456
3,2,,2026-07-29T09:19:08.590604,109830,8891,5419,8891,237,8891,15,8891,17,8891,1,10044,4,1.0289386000076775
3,2,,2026-07-29T09:19:09.620119,108795,8822,5405,8822,231,8822,18,8822,6,8822,1,9955,1,1.0291802999854553
3,2,,2026-07-29T09:19:10.649030,109405,9054,5564,9054,250,9054,17,9054,11,9054,2,10096,3,1.0285204999963753
3,2,,2026-07-29T09:19:11.678475,109111,9005,5555,9005,227,9005,13,9005,8,9005,2,10175,2,1.0290375000040513
3,2,,2026-07-29T09:19:12.707985,109829,8928,5388,8928,207,8928,11,8928,7,8928,1,9990,3,1.0291154999868013
3,2,,2026-07-29T09:19:13.736332,109090,8860,5471,8860,252,8860,12,8860,7,8860,0,10003,0,1.0280312999966554
3,2,,2026-07-29T09:19:14.765667,109237,8780,5378,8780,224,8780,8,8780,7,8780,1,9917,2,1.0289813000126742
3,2,,2026-07-29T09:19:15.795040,109192,8793,5323,8793,222,8793,10,8793,10,8793,1,9979,4,1.028983900003368
3,2,,2026-07-29T09:19:16.823884,109457,8872,5479,8872,227,8872,15,8872,6,8872,1,9960,1,1.0283959000080358
3,2,,2026-07-29T09:19:17.853182,108345,8970,5421,8970,265,8970,15,8970,16,8970,1,10079,2,1.0289655000087805
3,2,,2026-07-29T09:19:18.881483,109672,8920,5472,8920,244,8920,8,8920,7,8920,1,10159,2,1.0279830999788828
3,2,,2026-07-29T09:19:19.910942,109446,8671,5393,8671,202,8671,12,8671,10,8671,1,10025,3,1.0289953000028618
3,2,,2026-07-29T09:19:20.940320,108949,8984,5529,8984,255,8984,11,8984,8,8984,1,10169,1,1.0290105999738444
3,2,,2026-07-29T09:19:21.970091,109911,8877,5412,8877,206,8877,18,8877,10,8877,1,10220,2,1.0293989999918267
3,2,,2026-07-29T09:19:22.998792,109105,8858,5411,8858,242,8858,6,8858,6,8858,1,9867,0,1.028351599990856
3,2,,2026-07-29T09:19:24.027511,109133,8859,5423,8859,254,8859,14,8859,10,8859,1,9889,3,1.0282566999958362
3,2,,2026-07-29T09:19:25.056425,109066,8803,5347,8803,250,8803,8,8803,9,8803,2,9867,0,1.028501699998742
3,2,,2026-07-29T09:19:26.085428,109558,8723,5357,8723,220,8723,13,8723,15,8723,2,10096,3,1.0286124999984168
3,2,,2026-07-29T09:19:27.114122,109041,8930,5450,8930,248,8930,19,8930,10,8930,4,10036,1,1.0283011999854352
3,2,,2026-07-29T09:19:28.142675,109143,8833,5450,8833,251,8833,19,8833,6,8833,3,10253,0,1.0281856999790762
3,2,,2026-07-29T09:19:29.170985,109183,8788,5422,8788,230,8788,16,8788,14,8788,1,9997,3,1.0279393000237178
3,2,,2026-07-29T09:19:30.199670,109076,8896,5511,8896,230,8896,14,8896,12,8896,2,9921,1,1.0283395999867935
3,2,,2026-07-29T09:19:31.229016,109692,8814,5448,8814,221,8814,12,8814,9,8814,0,10011,3,1.0289856000163127
3,2,,2026-07-29T09:19:32.257001,109094,8707,5294,8707,229,8707,12,8707,9,8707,0,10189,1,1.0275416999938898
3,2,,2026-07-29T09:19:33.286325,109019,8783,5342,8783,226,8783,18,8783,13,8783,0,10052,0,1.0289765000052284
3,2,,2026-07-29T09:19:34.314937,109839,8923,5436,8923,266,8923,11,8923,15,8923,1,10094,3,1.0282665000122506
3,2,,2026-07-29T09:19:35.344455,109546,8849,5479,8849,240,8849,10,8849,4,8849,0,10103,2,1.0291778999962844
3,2,,2026-07-29T09:19:36.372922,109264,9026,5494,9026,261,9026,13,9026,9,9026,0,9949,3,1.0281295999884605
3,2,,2026-07-29T09:19:37.401487,108984,8809,5425,8809,238,8809,12,8809,8,8809,0,9931,1,1.0280931000015698
3,2,,2026-07-29T09:19:38.429982,109538,8883,5380,8883,257,8883,16,8883,10,8883,1,10021,1,1.028175299987197
3,2,,2026-07-29T09:19:39.458216,108777,8863,5376,8863,251,8863,16,8863,6,8863,3,9887,2,1.0278803000110202
3,2,,2026-07-29T09:19:40.485547,109173,8926,5471,8926,217,8926,9,8926,13,8926,2,10145,1,1.0270246999862138
3,2,,2026-07-29T09:19:41.512875,108710,8763,5285,8763,243,8763,11,8763,11,8763,1,9889,0,1.0271704999904614
3,2,,2026-07-29T09:19:42.541299,108602,8923,5492,8923,221,8923,20,8923,9,8923,0,9965,1,1.028125499986345
3,2,,2026-07-29T09:19:43.569968,109599,8976,5500,8976,230,8976,21,8976,6,8976,2,10203,2,1.0283049000136089
3,2,,2026-07-29T09:19:44.599774,109541,8825,5416,8825,224,8825,15,8826,8,8826,1,9910,0,1.029438500001561
3,2,,2026-07-29T09:19:45.629706,108988,8760,5434,8760,222,8760,13,8759,10,8759,3,10046,3,1.0293620000011288
3,2,,2026-07-29T09:19:46.658033,109577,8935,5414,8935,269,8935,18,8935,5,8935,1,10137,3,1.0279708000016399
3,2,,2026-07-29T09:19:47.687107,109173,8879,5424,8879,227,8879,13,8879,10,8879,4,9977,2,1.0287058999820147
3,2,,2026-07-29T09:19:48.716649,109221,8851,5420,8851,249,8851,10,8851,7,8851,1,10005,0,1.0291711000027135
3,2,,2026-07-29T09:19:49.745653,109339,8842,5412,8842,237,8842,13,8842,10,8842,2,10035,4,1.0285714000056032
3,2,,2026-07-29T09:19:50.775049,109558,8926,5428,8926,236,8926,21,8926,7,8926,2,9956,2,1.0290488999744412
3,2,,2026-07-29T09:19:51.803533,109810,8868,5404,8868,227,8868,13,8868,10,8868,1,10160,1,1.028109199978644
3,2,,2026-07-29T09:19:52.832209,109419,8837,5368,8837,206,8837,19,8837,10,8837,2,10082,2,1.028253999975277
3,2,,2026-07-29T09:19:53.861268,108558,8907,5452,8907,204,8907,16,8907,10,8907,1,10103,3,1.028727999975672
3,2,,2026-07-29T09:19:54.889495,108357,8936,5419,8936,267,8936,15,8936,11,8936,1,10047,0,1.027871900005266
3,2,,2026-07-29T09:19:55.918515,110022,8881,5455,8881,235,8881,13,8881,12,8881,2,10123,1,1.028674500004854
3,2,,2026-07-29T09:19:56.947633,109155,9150,5591,9150,242,9150,21,9150,8,9150,2,10041,3,1.0287493000214454
3,2,,2026-07-29T09:19:57.976585,109112,9024,5522,9024,258,9024,19,9024,7,9024,0,10111,4,1.0285633000021335
3,2,,2026-07-29T09:19:59.004746,109369,9000,5510,9000,239,9000,13,9000,11,9000,2,10073,1,1.0277827999962028
3,2,,2026-07-29T09:20:00.033269,109569,8726,5407,8726,209,8726,12,8726,5,8726,1,9936,4,1.0281939999840688
3,2,,2026-07-29T09:20:01.062292,108814,9013,5526,9013,255,9013,12,9013,7,9013,2,10031,0,1.0286475000029895
3,2,,2026-07-29T09:20:02.090976,109243,8776,5369,8776,270,8776,17,8776,8,8776,3,10013,4,1.0282380999997258
3,2,,2026-07-29T09:20:03.119213,109532,8886,5331,8886,223,8886,13,8886,7,8886,0,10183,1,1.0278958000126295
3,2,,2026-07-29T09:20:04.147490,109032,8822,5348,8822,241,8822,15,8822,8,8822,1,10056,2,1.027979000005871
3,2,,2026-07-29T09:20:05.175389,108947,8943,5454,8943,257,8943,14,8943,8,8943,1,10065,3,1.027544399985345
3,2,,2026-07-29T09:20:06.204323,109107,8897,5481,8897,235,8897,14,8897,6,8897,2,10177,1,1.0285639999783598
3,2,,2026-07-29T09:20:07.232620,108565,8937,5362,8937,256,8937,16,8937,17,8937,0,9916,0,1.027881099988008
3,2,,2026-07-29T09:20:08.261004,108749,8674,5322,8674,236,8674,15,8674,12,8674,3,10055,1,1.0280162999988534
3,2,,2026-07-29T09:20:09.289417,108883,8740,5397,8740,216,8740,21,8740,7,8740,0,9856,3,1.0279041000176221
3,2,,2026-07-29T09:20:10.319673,108927,8874,5431,8874,250,8874,13,8874,12,8874,2,9979,2,1.0298202999983914
3,2,,2026-07-29T09:20:11.348517,109536,8856,5423,8856,225,8856,9,8856,12,8856,1,10122,2,1.0283935999905225
3,2,,2026-07-29T09:20:12.376687,109435,8816,5337,8816,240,8816,17,8816,6,8816,2,10027,2,1.0278359999938402
3,2,,2026-07-29T09:20:13.405611,109193,8893,5395,8893,246,8893,23,8893,10,8893,2,9942,2,1.0285674999759067
3,2,,2026-07-29T09:20:14.434381,109650,9115,5507,9115,228,9115,12,9115,15,9115,0,10054,0,1.0284353000170086
3,2,,2026-07-29T09:20:15.463454,109417,9002,5567,9002,248,9002,18,9002,12,9002,2,9982,0,1.0286982999823522
3,2,,2026-07-29T09:20:16.491626,109331,8863,5410,8863,213,8863,14,8863,10,8863,3,9825,1,1.027822300005937
3,2,,2026-07-29T09:20:17.521177,109784,9073,5580,9073,255,9073,11,9073,3,9073,2,10049,0,1.0291608000115957
3,2,,2026-07-29T09:20:18.549701,109306,8788,5306,8788,243,8788,18,8788,12,8788,0,10259,1,1.0281471000052989
3,2,,2026-07-29T09:20:19.578125,109117,8884,5385,8884,237,8884,9,8884,12,8884,0,9882,3,1.0280417999892961
3,2,,2026-07-29T09:20:20.606775,108936,8890,5467,8890,213,8890,15,8890,7,8890,3,9781,0,1.0283482000231743
3,2,,2026-07-29T09:20:21.635596,109740,9089,5533,9089,270,9089,11,9089,16,9089,1,10035,0,1.0284742999938317
3,2,,2026-07-29T09:20:22.665093,109095,8751,5303,8751,251,8751,11,8751,11,8751,1,9916,0,1.0291338999813888
3,2,,2026-07-29T09:20:23.694365,109664,8771,5355,8771,245,8771,17,8771,15,8771,2,10150,3,1.0289103999966756
3,2,,2026-07-29T09:20:24.722746,109673,9145,5599,9145,262,9145,20,9145,8,9145,3,10112,1,1.0280032999871764
3,2,,2026-07-29T09:20:25.749268,109590,8872,5378,8872,253,8872,16,8872,9,8872,5,10195,1,1.0262631999794394
3,2,,2026-07-29T09:20:26.778351,108615,8836,5411,8836,225,8836,13,8836,9,8836,4,9975,3,1.0287259999895468
3,2,,2026-07-29T09:20:27.808197,109641,8742,5335,8742,221,8742,14,8742,12,8742,1,9894,1,1.029520500014769
3,2,,2026-07-29T09:20:28.837421,109118,8977,5484,8977,264,8977,13,8977,6,8977,3,9988,2,1.028873500006739
3,2,,2026-07-29T09:20:29.864409,109347,8848,5384,8848,237,8848,14,8848,7,8848,3,10074,5,1.026649199979147
3,2,,2026-07-29T09:20:30.906438,109231,8803,5362,8803,239,8803,16,8803,8,8803,2,10022,2,1.0418300000019372
3,2,,2026-07-29T09:20:31.941223,110842,8979,5448,8979,250,8979,11,8979,11,8979,6,10201,1,1.028741699992679
3,2,,2026-07-29T09:20:32.968559,109212,8992,5493,8992,221,8992,17,8992,11,8992,0,10147,1,1.027134500007378
3,2,,2026-07-29T09:20:33.995725,109239,8962,5531,8962,231,8962,15,8962,11,8962,0,10110,1,1.0268954999919515
3,2,,2026-07-29T09:20:35.024715,108990,8809,5429,8809,254,8809,15,8809,4,8809,1,10038,0,1.0286373999842908
3,2,,2026-07-29T09:20:36.053692,108955,8872,5499,8872,217,8872,11,8872,6,8872,2,10189,1,1.0287375999905635
3,2,,2026-07-29T09:20:37.082358,109121,8838,5359,8838,214,8838,18,8838,5,8838,1,10250,2,1.0282854000106454
3,2,,2026-07-29T09:20:38.111703,109155,8866,5454,8866,244,8866,9,8866,7,8866,0,10004,0,1.0290621000167448
3,2,,2026-07-29T09:20:39.141044,109196,8937,5427,8937,239,8937,16,8937,13,8937,2,9928,1,1.0290330999996513
3,2,,2026-07-29T09:20:40.169507,109353,9023,5544,9023,259,9023,14,9023,11,9023,2,9975,1,1.0280850999988616
3,2,,2026-07-29T09:20:41.198101,108295,8781,5357,8781,233,8781,13,8781,6,8781,3,9982,1,1.0282932999834884
3,2,,2026-07-29T09:20:42.227703,109447,8823,5365,8823,218,8823,10,8823,9,8823,2,9792,0,1.029232500004582
3,2,,2026-07-29T09:20:43.256433,109752,8877,5400,8877,230,8877,20,8877,6,8877,3,10142,3,1.0283493000024464
3,2,,2026-07-29T09:20:44.284905,109643,8866,5362,8866,227,8866,13,8866,5,8866,1,10039,3,1.0281269999977667
3,2,,2026-07-29T09:20:45.314548,109181,8873,5418,8873,234,8873,13,8873,12,8873,2,10192,2,1.029332300007809
3,2,,2026-07-29T09:20:46.343289,109983,8792,5406,8792,233,8792,18,8792,9,8792,3,10093,5,1.0284073000075296
3,2,,2026-07-29T09:20:47.372375,109353,8919,5392,8919,217,8919,16,8919,10,8919,2,10148,0,1.0288245999836363
3,2,,2026-07-29T09:20:48.400073,109257,8940,5484,8940,237,8940,15,8940,6,8940,2,10164,2,1.027298900007736
3,2,,2026-07-29T09:20:49.429088,109417,8915,5454,8915,227,8915,23,8915,14,8915,0,10064,3,1.0286744000040926
3,2,,2026-07-29T09:20:50.458451,109257,8769,5296,8769,260,8769,20,8769,9,8769,0,10157,2,1.0289656999811996
3,2,,2026-07-29T09:20:51.486711,109365,8828,5363,8828,212,8828,15,8828,15,8828,1,9934,0,1.0279927999945357
3,2,,2026-07-29T09:20:52.515698,109268,8959,5579,8959,264,8959,13,8959,13,8959,2,9870,1,1.028655299975071
3,2,,2026-07-29T09:20:53.545358,109750,8900,5439,8900,257,8900,18,8900,6,8900,3,9952,1,1.0293077999958768
3,2,,2026-07-29T09:20:54.573691,109534,9026,5460,9026,241,9026,17,9026,9,9026,2,10090,2,1.0279494999849703
3,2,,2026-07-29T09:20:55.602499,108975,8928,5469,8928,263,8928,15,8928,5,8928,1,9986,2,1.0284720000054222
3,2,,2026-07-29T09:20:56.631477,109449,9078,5489,9078,227,9078,17,9078,13,9078,0,9972,2,1.0286256000108551
3,2,,2026-07-29T09:20:57.659662,109206,8972,5510,8972,240,8972,17,8972,7,8972,1,10047,1,1.0278536999830976
3,2,,2026-07-29T09:20:58.688380,108609,8826,5353,8826,253,8826,24,8826,8,8826,0,9913,1,1.0283720000006724
3,2,,2026-07-29T09:20:59.717342,108528,8895,5438,8895,218,8895,13,8895,14,8895,2,10130,0,1.0286024000088219
3,2,,2026-07-29T09:21:00.746878,109122,8967,5430,8967,240,8967,17,8967,14,8967,1,10029,1,1.029201199999079
3,2,,2026-07-29T09:21:01.776287,109165,8744,5441,8744,219,8744,11,8744,11,8744,2,10015,1,1.0290737000177614
3,2,,2026-07-29T09:21:02.805081,108889,9014,5499,9014,255,9014,9,9014,15,9014,1,9834,2,1.0283850000123493
3,2,,2026-07-29T09:21:03.834772,109117,8918,5430,8918,244,8918,11,8918,9,8918,2,10111,1,1.02931380001246
3,2,,2026-07-29T09:21:04.863808,109245,8784,5331,8784,246,8784,21,8784,4,8784,1,9982,1,1.0286749999795575
3,2,,2026-07-29T09:21:05.892984,109290,8871,5464,8871,247,8871,12,8871,10,8871,2,10014,4,1.028860699996585
3,2,,2026-07-29T09:21:06.921579,108937,8890,5409,8890,251,8890,14,8890,10,8890,2,9907,3,1.0282396999828052
3,2,,2026-07-29T09:21:07.950232,109330,8921,5412,8921,218,8921,19,8921,5,8921,1,10037,1,1.02829919999931
3,2,,2026-07-29T09:21:08.979062,109497,8840,5293,8840,260,8840,22,8840,7,8840,2,10258,1,1.0284672999987379
3,2,,2026-07-29T09:21:10.008013,109320,8934,5429,8934,241,8934,17,8934,7,8934,0,10099,1,1.0285679000080563
3,2,,2026-07-29T09:21:11.036177,109596,8907,5444,8907,265,8907,13,8907,6,8907,0,9903,3,1.0277418000041507
3,2,,2026-07-29T09:21:12.064771,109485,8879,5418,8879,231,8879,20,8879,6,8879,3,10063,1,1.028243200009456
3,2,,2026-07-29T09:21:13.093257,108793,8770,5452,8770,213,8770,4,8770,9,8770,0,9852,0,1.0280616999953054
3,2,,2026-07-29T09:21:14.122656,108275,8799,5383,8799,211,8799,16,8799,11,8799,0,9975,1,1.029016699991189
3,2,,2026-07-29T09:21:15.150937,109819,8923,5468,8923,240,8923,20,8923,11,8923,2,10100,0,1.0279785000020638
3,2,,2026-07-29T09:21:16.180492,109404,8987,5421,8987,285,8987,18,8987,6,8987,0,9989,0,1.0291622999939136
3,2,,2026-07-29T09:21:17.210446,109622,9006,5400,9006,225,9006,13,9006,5,9006,2,10031,1,1.029505100013921
3,2,,2026-07-29T09:21:18.238896,109522,8980,5507,8980,245,8980,12,8980,9,8980,1,10104,1,1.0281410999887157
3,2,,2026-07-29T09:21:19.267572,109136,8799,5349,8799,213,8799,20,8799,5,8799,1,10018,0,1.0283568000013474
3,2,,2026-07-29T09:21:20.297486,109308,8793,5396,8793,234,8793,15,8793,12,8793,1,10315,0,1.029548499995144
3,2,,2026-07-29T09:21:21.324333,109160,8882,5585,8882,238,8882,14,8882,11,8882,1,9990,2,1.0265401999931782
3,2,,2026-07-29T09:21:22.351491,108858,8753,5345,8753,203,8753,11,8753,16,8753,2,10129,1,1.0268726000213064
3,2,,2026-07-29T09:21:23.379995,109344,8953,5394,8953,233,8953,27,8953,6,8953,3,9859,1,1.028339699987555
3,2,,2026-07-29T09:21:24.409061,109324,8882,5463,8882,210,8882,22,8882,13,8882,0,9920,1,1.028725799988024
3,2,,2026-07-29T09:21:25.437005,109587,8950,5385,8950,244,8950,18,8950,17,8950,1,10017,1,1.0275975000113249
3,2,,2026-07-29T09:21:26.466376,108947,8964,5476,8964,231,8964,19,8964,4,8964,1,10068,0,1.0289866999955848
3,2,,2026-07-29T09:21:27.494192,109258,8939,5447,8939,238,8939,13,8939,9,8939,2,10006,2,1.0273471999971662
3,2,,2026-07-29T09:21:28.523732,108235,8845,5398,8845,229,8845,12,8845,5,8845,1,9929,2,1.0292513000022154
3,2,,2026-07-29T09:21:29.552206,108461,8832,5283,8832,217,8832,20,8832,13,8832,0,9924,1,1.0280382999917492
3,2,,2026-07-29T09:21:30.581724,109041,8781,5303,8781,248,8781,21,8781,5,8781,3,9927,0,1.0291482000029646
3,2,,2026-07-29T09:21:31.610387,109152,8731,5351,8731,224,8731,14,8731,5,8731,1,9934,1,1.0282360999844968
3,2,,2026-07-29T09:21:32.638971,109647,8976,5500,8976,236,8976,16,8976,12,8976,2,10125,3,1.0281422999978531
3,2,,2026-07-29T09:21:33.668104,108624,8695,5413,8695,254,8695,18,8695,5,8695,0,9953,1,1.0287627000070643
3,2,,2026-07-29T09:21:34.695596,109018,8926,5407,8926,263,8926,14,8926,10,8926,1,10134,2,1.027175700000953
3,2,,2026-07-29T09:21:35.725403,109006,8878,5456,8878,239,8878,14,8878,17,8878,3,9906,1,1.0291784000000916
3,2,,2026-07-29T09:21:36.755125,109332,8916,5448,8916,260,8916,14,8916,7,8916,1,10069,0,1.029358300002059
3,2,,2026-07-29T09:21:37.783448,109795,8765,5435,8765,234,8765,17,8765,7,8765,1,9947,2,1.0278961999865714
3,2,,2026-07-29T09:21:38.811739,109148,8971,5548,8971,246,8971,17,8971,16,8971,1,9948,2,1.0279459999874234
3,2,,2026-07-29T09:21:39.840987,109238,8797,5461,8797,236,8797,15,8797,6,8797,2,9983,0,1.0289305000042077
3,2,,2026-07-29T09:21:40.869225,109037,8927,5406,8927,267,8927,10,8927,12,8927,0,10217,0,1.0278416000073776
3,2,,2026-07-29T09:21:41.898396,108736,8732,5343,8732,233,8732,12,8732,8,8732,0,10070,1,1.0287704000074882
3,2,,2026-07-29T09:21:42.925552,108816,8823,5360,8823,206,8823,17,8823,9,8823,1,10119,1,1.0268107999872882
3,2,,2026-07-29T09:21:43.953686,109457,8858,5445,8858,228,8859,10,8859,7,8859,1,10005,2,1.0278500000131316
3,2,,2026-07-29T09:21:44.982070,108562,8876,5381,8876,212,8875,13,8875,10,8875,2,9910,0,1.0280228999909014
3,2,,2026-07-29T09:21:46.010885,109180,9100,5580,9100,223,9100,13,9100,6,9100,0,9781,3,1.0284655000141356
3,2,,2026-07-29T09:21:47.040857,109091,8778,5400,8778,232,8778,21,8778,9,8778,2,9991,1,1.029632199992193
3,2,,2026-07-29T09:21:48.069687,108247,8727,5429,8727,232,8727,15,8727,3,8727,2,9976,0,1.0284575000114273
3,2,,2026-07-29T09:21:49.098315,109003,8922,5465,8922,242,8922,15,8922,11,8922,2,10050,6,1.0282869000220671
3,2,,2026-07-29T09:21:50.127583,108348,8681,5319,8681,218,8681,13,8681,5,8681,2,9965,2,1.0289374999993015
3,2,,2026-07-29T09:21:51.155480,109550,8891,5449,8891,237,8891,15,8891,6,8891,0,10082,0,1.0275754000176676
3,2,,2026-07-29T09:21:52.184573,108880,8863,5406,8863,257,8863,18,8863,7,8863,0,10159,3,1.0288348000030965
3,2,,2026-07-29T09:21:53.214254,109015,8851,5375,8851,237,8851,13,8851,10,8851,1,10018,2,1.0293076999951154
3,2,,2026-07-29T09:21:54.243047,108497,8890,5435,8890,250,8890,11,8890,9,8890,3,9912,1,1.0283837000024505
3,2,,2026-07-29T09:21:55.271540,109076,8891,5424,8891,250,8891,13,8891,7,8891,4,10031,1,1.0281236000009812
3,2,,2026-07-29T09:21:56.300392,109101,8811,5356,8811,216,8811,18,8811,9,8811,1,10019,1,1.0285033000109252
3,2,,2026-07-29T09:21:57.329314,109042,8780,5401,8780,247,8780,17,8780,8,8780,0,10095,2,1.0286114999908023
3,2,,2026-07-29T09:21:58.358546,109468,8887,5412,8887,231,8887,10,8887,8,8887,0,10158,1,1.0287588999781292
3,2,,2026-07-29T09:21:59.388087,109275,8999,5522,8999,237,8999,18,8999,5,8999,2,10096,0,1.0292148000153247
3,2,,2026-07-29T09:22:00.417363,109119,8819,5442,8819,230,8819,16,8819,9,8819,2,10119,1,1.0288756000227295
3,2,,2026-07-29T09:22:01.447947,109038,8882,5466,8882,239,8882,15,8882,7,8882,0,10137,2,1.0301116000046022
3,2,,2026-07-29T09:22:02.476114,108838,8913,5466,8913,226,8913,17,8913,6,8913,2,9962,2,1.0278278000187129
3,2,,2026-07-29T09:22:03.504579,108825,8785,5301,8785,249,8785,10,8785,4,8785,0,9979,0,1.028086100006476
3,2,,2026-07-29T09:22:04.533534,109277,8928,5451,8928,237,8928,16,8928,3,8928,1,10005,1,1.028522599983262
3,2,,2026-07-29T09:22:05.562764,108814,8945,5501,8945,243,8945,12,8945,11,8945,0,10098,1,1.0288860999862663
3,2,,2026-07-29T09:22:06.592224,109263,8929,5448,8929,240,8929,16,8929,14,8929,1,10157,2,1.0290546000178438
3,2,,2026-07-29T09:22:07.618842,109669,8837,5432,8837,237,8837,21,8837,7,8837,0,10054,2,1.0263108999934047
3,2,,2026-07-29T09:22:08.646966,108968,8827,5395,8827,228,8827,25,8827,5,8827,2,10120,4,1.027868999983184
3,2,,2026-07-29T09:22:09.676504,109298,8860,5468,8860,225,8860,15,8860,7,8860,3,10101,1,1.0292494999885093
3,2,,2026-07-29T09:22:10.704687,109914,8846,5444,8846,225,8846,12,8846,5,8846,1,10152,1,1.0278155999840237
3,2,,2026-07-29T09:22:11.731586,109202,8752,5284,8752,230,8752,19,8752,15,8752,0,10230,2,1.026605599996401
3,2,,2026-07-29T09:22:12.758325,108262,8940,5543,8940,223,8940,16,8940,11,8940,0,10038,2,1.0266068000055384
3,2,,2026-07-29T09:22:13.786979,108736,8921,5446,8921,225,8921,17,8921,7,8921,1,9999,0,1.0284271000127774
3,2,,2026-07-29T09:22:14.816021,108903,8890,5443,8890,261,8890,12,8890,14,8890,3,10209,1,1.0287151999946218
3,2,,2026-07-29T09:22:15.845508,109206,8902,5466,8902,244,8902,17,8902,13,8902,4,10073,4,1.029099400009727
3,2,,2026-07-29T09:22:16.874500,109190,8864,5383,8864,229,8864,16,8864,3,8864,2,10008,2,1.0285319999966305
3,2,,2026-07-29T09:22:17.903680,108976,8742,5352,8742,225,8742,18,8742,11,8742,1,10014,4,1.0287979999848176
3,2,,2026-07-29T09:22:18.931829,109125,8916,5448,8916,221,8916,10,8916,8,8916,1,10056,1,1.027759499993408
3,2,,2026-07-29T09:22:19.961031,108942,8854,5452,8854,220,8854,14,8854,8,8854,4,10032,0,1.0287206000066362
3,2,,2026-07-29T09:22:20.990598,109264,8916,5424,8916,234,8916,16,8916,14,8916,1,9957,4,1.0290108999761287
3,2,,2026-07-29T09:22:22.018469,108883,8931,5482,8931,254,8931,20,8931,12,8931,4,9998,1,1.027467300009448
3,2,,2026-07-29T09:22:23.046168,108972,8791,5375,8791,230,8791,12,8791,6,8791,2,10264,3,1.0274948000151198
3,2,,2026-07-29T09:22:24.076303,109233,9004,5456,9004,245,9004,14,9004,13,9004,0,10086,3,1.0298847999947611
3,2,,2026-07-29T09:22:25.105607,109759,8899,5436,8899,229,8899,5,8899,11,8899,0,10039,1,1.0290116000105627
3,2,,2026-07-29T09:22:26.133720,109307,8916,5463,8916,228,8916,18,8916,9,8916,0,10144,1,1.0277590000187047
3,2,,2026-07-29T09:22:27.162953,109764,8945,5528,8945,214,8945,24,8945,9,8945,0,10105,0,1.0289112000027671
3,2,,2026-07-29T09:22:28.191674,108830,8865,5327,8865,209,8865,16,8865,13,8865,2,9994,3,1.028375199995935
3,2,,2026-07-29T09:22:29.220000,109222,8828,5448,8828,242,8828,19,8828,7,8828,2,10157,3,1.0279501000186428
3,2,,2026-07-29T09:22:30.247803,109394,8928,5430,8928,251,8928,22,8928,7,8928,3,9977,0,1.0274843000224791
3,2,,2026-07-29T09:22:31.276389,108467,8858,5472,8858,230,8858,29,8858,6,8858,1,9999,4,1.0282671000168193
3,2,,2026-07-29T09:22:32.305757,109082,8957,5368,8957,251,8957,8,8957,10,8957,1,9976,4,1.0288928000081796
3,2,,2026-07-29T09:22:33.335462,109524,8833,5357,8833,235,8833,10,8833,7,8833,3,10097,0,1.0293844999978319
3,2,,2026-07-29T09:22:34.363402,108768,9003,5567,9003,237,9003,11,9003,12,9003,3,10015,3,1.0275399000092875
3,2,,2026-07-29T09:22:35.392419,109345,8908,5428,8908,227,8908,11,8908,11,8908,0,9965,1,1.0286193000210915
3,2,,2026-07-29T09:22:36.421631,109700,9030,5534,9030,254,9030,11,9030,13,9030,1,10049,1,1.0288643999956548
3,2,,2026-07-29T09:22:37.450926,109165,8834,5420,8834,254,8834,14,8834,7,8834,2,9866,0,1.0289127999858465
3,2,,2026-07-29T09:22:38.481040,108767,8690,5304,8690,218,8690,14,8690,8,8690,1,10057,3,1.0297524999768939
3,2,,2026-07-29T09:22:39.509470,109791,8868,5399,8868,241,8868,12,8868,8,8868,2,10229,0,1.0280497000203468
3,2,,2026-07-29T09:22:40.538580,108394,8976,5443,8976,224,8976,25,8976,6,8976,1,9975,2,1.0287775000033434
3,2,,2026-07-29T09:22:41.567049,109153,8826,5395,8826,226,8826,16,8826,6,8826,2,10005,1,1.0280274999968242
3,2,,2026-07-29T09:22:42.595998,108931,8745,5368,8745,225,8745,17,8745,9,8745,1,10062,1,1.0286497000197414
3,2,,2026-07-29T09:22:43.624813,108933,9045,5506,9045,216,9045,13,9045,8,9045,1,10010,1,1.0284512999933213
3,2,,2026-07-29T09:22:44.653324,108953,8875,5331,8875,258,8875,13,8875,6,8875,1,10049,2,1.0281116999976803
3,2,,2026-07-29T09:22:45.682511,108961,8793,5378,8793,228,8793,17,8793,8,8793,3,10085,1,1.0288600999920163
3,2,,2026-07-29T09:22:46.710567,109172,8695,5323,8695,238,8695,18,8695,14,8695,1,9992,2,1.0276332999928854
3,2,,2026-07-29T09:22:47.740068,109110,8848,5433,8848,208,8848,13,8848,7,8848,0,10041,0,1.0291622999939136
3,2,,2026-07-29T09:22:48.768038,109121,9096,5505,9096,245,9096,11,9096,6,9096,2,9984,4,1.0276049000094645
3,2,,2026-07-29T09:22:49.797629,108481,8849,5462,8849,221,8849,16,8849,13,8849,2,9871,2,1.0292134000046644
3,2,,2026-07-29T09:22:50.826431,109441,9038,5497,9038,242,9038,21,9038,13,9038,3,9996,2,1.028397699992638
3,2,,2026-07-29T09:22:51.855100,109172,9146,5525,9146,265,9146,12,9146,8,9146,2,10039,2,1.028307100001257
3,2,,2026-07-29T09:22:52.883659,108656,8859,5478,8859,238,8859,13,8859,12,8859,0,9987,3,1.0281948999909218
3,2,,2026-07-29T09:22:53.911999,108835,8906,5501,8906,250,8906,20,8906,16,8906,4,10162,2,1.0280045999970753
3,2,,2026-07-29T09:22:54.941221,108385,8912,5451,8912,242,8912,16,8912,7,8912,1,10140,1,1.0288731999753509
3,2,,2026-07-29T09:22:55.970530,108613,8781,5368,8781,234,8781,11,8781,10,8781,0,9877,0,1.028957900009118
3,2,,2026-07-29T09:22:56.999166,109036,8957,5497,8957,236,8957,15,8957,14,8957,1,9926,1,1.02827249999973
3,2,,2026-07-29T09:22:58.027729,108846,8960,5445,8960,244,8960,15,8960,9,8960,2,10058,3,1.0281611999962479
3,2,,2026-07-29T09:22:59.056623,109103,8949,5505,8949,246,8949,17,8949,10,8949,1,9841,1,1.0285773999930825
3,2,,2026-07-29T09:23:00.085014,108920,8959,5462,8959,217,8959,21,8959,5,8959,1,10065,0,1.0280131000035908
3,2,,2026-07-29T09:23:01.113946,109488,8903,5432,8903,221,8903,12,8903,11,8903,1,9909,4,1.0287090000056196
3,2,,2026-07-29T09:23:02.141823,108828,8963,5494,8963,217,8963,20,8963,4,8963,2,10127,1,1.0275049000047147
3,2,,2026-07-29T09:23:03.171106,108966,8653,5320,8653,241,8653,14,8653,11,8653,1,9987,1,1.0289630999905057
3,2,,2026-07-29T09:23:04.200550,109321,8905,5449,8905,231,8905,14,8905,17,8905,0,10051,3,1.0291490000090562
3,2,,2026-07-29T09:23:05.228646,109240,8902,5513,8902,223,8902,16,8902,5,8902,2,9962,2,1.0277273000101559
3,2,,2026-07-29T09:23:06.257162,108665,8870,5348,8870,242,8870,16,8870,8,8870,1,10085,1,1.0282058000157122
3,2,,2026-07-29T09:23:07.285016,108684,8836,5400,8836,251,8836,12,8836,8,8836,2,9962,0,1.0275033000216354
3,2,,2026-07-29T09:23:08.312245,108869,8754,5347,8754,232,8754,11,8754,18,8754,1,10073,0,1.026869000022998
3,2,,2026-07-29T09:23:09.341411,108426,8815,5374,8815,216,8815,14,8815,6,8815,1,10087,1,1.0288980000186712
3,2,,2026-07-29T09:23:10.371368,109514,8893,5465,8893,211,8893,12,8893,10,8893,0,10116,0,1.0295804999768734
3,2,,2026-07-29T09:23:11.400570,108703,8831,5354,8831,241,8831,17,8831,7,8831,2,10096,1,1.0288082000042778
3,2,,2026-07-29T09:23:12.430008,109022,8793,5400,8793,235,8793,11,8793,5,8793,2,9850,1,1.0291033999819774
3,2,,2026-07-29T09:23:13.458433,109140,8917,5369,8917,229,8917,22,8917,8,8917,0,10022,2,1.0280988000158686
3,2,,2026-07-29T09:23:14.487408,108860,8937,5457,8937,237,8937,23,8937,7,8937,1,9966,2,1.0286253999802284
3,2,,2026-07-29T09:23:15.515883,108966,8735,5292,8735,240,8735,18,8735,7,8735,1,10209,1,1.0280660999997053
3,2,,2026-07-29T09:23:16.544628,109082,8797,5343,8797,248,8797,13,8797,9,8797,0,10060,2,1.028332700021565
3,2,,2026-07-29T09:23:17.572767,109262,8890,5373,8890,241,8890,18,8890,1,8890,1,10045,2,1.027838600013638
3,2,,2026-07-29T09:23:18.601444,108938,8753,5341,8753,211,8753,8,8753,4,8753,1,10003,1,1.0284304000088014
3,2,,2026-07-29T09:23:19.629546,109017,8924,5498,8924,222,8924,14,8924,12,8924,2,9981,4,1.0277126000146382
3,2,,2026-07-29T09:23:20.658295,109683,8922,5463,8922,217,8922,9,8922,7,8922,1,10185,1,1.0283972000179347
3,2,,2026-07-29T09:23:21.688375,109475,9021,5431,9021,213,9021,17,9021,8,9021,0,10225,1,1.0297200000204612
3,2,,2026-07-29T09:23:22.716458,108853,8969,5505,8969,221,8969,8,8969,5,8969,0,10024,1,1.027735199982999
3,2,,2026-07-29T09:23:23.745275,108949,8908,5491,8908,260,8908,13,8908,7,8908,1,10063,1,1.028525300003821
3,2,,2026-07-29T09:23:24.774874,109467,8808,5306,8808,233,8808,20,8808,8,8808,0,9932,0,1.02928850002354
3,2,,2026-07-29T09:23:25.802993,109090,8794,5393,8794,246,8794,14,8794,7,8794,2,10051,0,1.027759899996454
3,2,,2026-07-29T09:23:26.830858,108625,8679,5338,8679,216,8679,10,8679,8,8679,0,10169,0,1.027555900014704
3,2,,2026-07-29T09:23:27.860368,108775,8837,5442,8837,242,8837,19,8837,13,8837,3,10016,3,1.029199200012954
3,2,,2026-07-29T09:23:28.889329,108258,8689,5384,8689,232,8689,13,8689,11,8689,3,9878,2,1.028601300000446
3,2,,2026-07-29T09:23:29.919427,108877,9027,5457,9027,224,9027,18,9027,8,9027,1,10025,0,1.0297524000052363
3,2,,2026-07-29T09:23:30.947068,108852,8982,5518,8982,235,8982,11,8982,4,8982,2,9929,3,1.0272896999958903
3,2,,2026-07-29T09:23:31.975603,108997,8709,5358,8709,261,8709,11,8709,7,8709,0,9880,1,1.0281800999946427
3,2,,2026-07-29T09:23:33.004725,109656,9051,5573,9051,246,9051,18,9051,15,9051,1,10106,0,1.028706199984299
3,2,,2026-07-29T09:23:34.032889,108556,8747,5338,8747,263,8747,15,8747,5,8747,1,10098,3,1.027815500012366
3,2,,2026-07-29T09:23:35.062196,109122,8964,5549,8964,221,8964,12,8964,9,8964,2,10023,3,1.0289509999856818
3,2,,2026-07-29T09:23:36.091599,109187,8953,5505,8953,222,8953,12,8953,11,8953,1,10001,4,1.0290475999936461
3,2,,2026-07-29T09:23:37.120630,108900,8804,5440,8804,240,8804,16,8804,7,8804,2,10035,4,1.0286560999811627
3,2,,2026-07-29T09:23:38.150049,109508,8916,5351,8916,218,8916,21,8916,8,8916,0,9998,1,1.029061899986118
3,2,,2026-07-29T09:23:39.179363,109308,8901,5339,8901,233,8901,15,8901,10,8901,0,10103,2,1.02891140000429
3,2,,2026-07-29T09:23:40.208026,109034,8804,5341,8804,221,8804,25,8804,8,8804,1,9946,3,1.0283724000037182
3,2,,2026-07-29T09:23:41.237545,108754,8881,5356,8881,252,8881,11,8881,5,8881,1,10069,2,1.0291749999742024
3,2,,2026-07-29T09:23:42.267651,108950,8593,5337,8593,187,8593,15,8593,10,8593,2,9923,4,1.0297471999947447
3,2,,2026-07-29T09:23:43.296842,108745,8963,5446,8963,225,8963,16,8963,13,8963,1,10292,2,1.0288532999984454
3,2,,2026-07-29T09:23:44.325214,108701,8819,5409,8819,234,8819,16,8819,12,8819,1,10073,3,1.0280325000057928
3,2,,2026-07-29T09:23:45.352787,109605,8969,5439,8969,233,8969,15,8969,6,8969,1,9998,0,1.0272735999897122
3,2,,2026-07-29T09:23:46.381626,108615,8804,5336,8804,179,8804,18,8804,6,8804,2,10056,1,1.028599999990547
3,2,,2026-07-29T09:23:47.409970,108496,8890,5361,8890,232,8890,19,8890,9,8890,1,10136,1,1.0279735999938566
3,2,,2026-07-29T09:23:48.439491,109020,8849,5473,8849,236,8849,15,8849,13,8849,1,10032,3,1.0291502999898512
3,2,,2026-07-29T09:23:49.468404,108964,8874,5467,8874,229,8874,18,8874,8,8874,0,10109,3,1.0285698999941815
3,2,,2026-07-29T09:23:50.497237,108396,8886,5458,8886,215,8886,24,8886,2,8886,3,9972,2,1.0285213000024669
3,2,,2026-07-29T09:23:51.526203,109031,8796,5384,8796,228,8796,20,8796,7,8796,1,10015,3,1.0286971000023186
3,2,,2026-07-29T09:23:52.555167,108937,8826,5396,8826,226,8826,21,8826,5,8826,0,10089,1,1.0285534000140615
3,2,,2026-07-29T09:23:53.583852,108650,8626,5299,8626,209,8626,17,8626,7,8626,1,10043,1,1.028258399979677
3,2,,2026-07-29T09:23:54.613431,108533,8756,5389,8756,242,8756,15,8756,7,8756,2,9930,1,1.02927900000941
3,2,,2026-07-29T09:23:55.641996,109241,8862,5422,8862,214,8862,21,8862,8,8862,1,10084,1,1.0282290000177454
3,2,,2026-07-29T09:23:56.670475,109285,8929,5411,8929,250,8929,10,8929,7,8929,2,9966,1,1.0281585000047926
3,2,,2026-07-29T09:23:57.697016,108574,8715,5353,8715,204,8715,11,8715,2,8715,2,10079,0,1.0262937000079546
3,2,,2026-07-29T09:23:58.726929,108747,8812,5368,8812,215,8812,17,8812,9,8812,2,10103,2,1.0296992000075988
3,2,,2026-07-29T09:23:59.755649,109335,8972,5530,8972,223,8972,13,8972,13,8972,0,9986,1,1.0283389000105672
3,2,,2026-07-29T09:24:00.784241,108863,8844,5457,8844,220,8844,15,8844,4,8844,3,10055,3,1.0282566999958362
3,2,,2026-07-29T09:24:01.811701,109027,8987,5507,8987,242,8987,10,8987,10,8987,1,10180,1,1.0271433000161778
3,2,,2026-07-29T09:24:02.840615,108989,8867,5453,8867,240,8867,7,8867,6,8867,1,9955,1,1.0286068000132218
3,2,,2026-07-29T09:24:03.868101,109383,9092,5551,9092,237,9092,9,9092,9,9092,3,10104,2,1.0271574000071269
3,2,,2026-07-29T09:24:04.896459,109018,9020,5574,9020,236,9020,18,9020,12,9020,1,10118,2,1.0281443999847397
3,2,,2026-07-29T09:24:05.923244,108524,8697,5442,8697,236,8697,18,8697,11,8697,0,9983,0,1.0265259000007063
3,2,,2026-07-29T09:24:06.951488,108813,8868,5292,8868,251,8868,16,8868,8,8868,2,9969,0,1.0279019000008702
3,2,,2026-07-29T09:24:07.980772,108971,8850,5351,8850,267,8850,14,8850,13,8850,1,9982,2,1.0289821999904234
3,2,,2026-07-29T09:24:09.008251,108895,8730,5261,8730,237,8730,17,8730,9,8730,2,10092,2,1.0271497999783605
3,2,,2026-07-29T09:24:10.037024,109076,8898,5441,8898,224,8898,21,8898,17,8898,2,9901,2,1.0284333000017796
3,2,,2026-07-29T09:24:11.065404,109171,8838,5430,8838,222,8838,15,8838,8,8838,2,9968,3,1.027993499999866
3,2,,2026-07-29T09:24:12.093422,108673,9004,5611,9004,239,9004,17,9004,14,9004,1,9913,1,1.0277243000164162
3,2,,2026-07-29T09:24:13.122067,109154,8772,5331,8772,241,8772,20,8772,11,8772,3,10001,2,1.0282985999947414
3,2,,2026-07-29T09:24:14.151249,109324,8937,5444,8937,248,8937,9,8937,10,8937,1,10039,1,1.0288340999977663
3,2,,2026-07-29T09:24:15.180502,109141,8928,5397,8928,234,8928,19,8928,10,8928,1,10011,2,1.028817100013839
3,2,,2026-07-29T09:24:16.210525,109436,9018,5497,9018,241,9018,12,9018,7,9018,0,9981,2,1.0296444999985397
3,2,,2026-07-29T09:24:17.239598,108954,8854,5325,8854,247,8854,17,8854,16,8854,0,10111,0,1.028665900026681
3,2,,2026-07-29T09:24:18.269673,109048,9139,5634,9139,235,9139,18,9139,9,9139,1,10043,1,1.0296527000027709
3,2,,2026-07-29T09:24:19.298789,109264,8775,5271,8775,241,8775,15,8775,5,8775,1,10123,1,1.028651800006628
3,2,,2026-07-29T09:24:20.328107,108966,8821,5357,8821,233,8821,17,8821,7,8821,3,9920,2,1.0289395000145305
3,2,,2026-07-29T09:24:21.357669,109217,8958,5534,8958,250,8958,10,8958,9,8958,3,10051,1,1.0291400999994949
3,2,,2026-07-29T09:24:22.386171,109318,8905,5506,8905,209,8905,13,8905,13,8905,1,9980,1,1.0282057000149507
3,2,,2026-07-29T09:24:23.414896,109271,8992,5512,8992,255,8992,11,8992,14,8992,1,9945,2,1.0283649000048172
3,2,,2026-07-29T09:24:24.443530,109038,8939,5471,8939,256,8939,16,8939,9,8939,0,10074,4,1.0282804000016768
3,2,,2026-07-29T09:24:25.473103,108954,9016,5494,9016,238,9016,16,9016,13,9016,0,9883,0,1.029207099985797
3,2,,2026-07-29T09:24:26.502033,109686,9046,5581,9046,234,9046,9,9046,10,9046,1,10072,1,1.0285782999999356
3,2,,2026-07-29T09:24:27.530849,109365,8991,5501,8991,235,8991,10,8991,8,8991,1,9998,1,1.0284351000154857
3,2,,2026-07-29T09:24:28.559210,109526,8891,5465,8891,229,8891,18,8891,5,8891,2,10119,1,1.0280329000088386
3,2,,2026-07-29T09:24:29.588299,109420,8913,5469,8913,230,8913,20,8913,12,8913,0,10069,0,1.028800300002331
3,2,,2026-07-29T09:24:30.615400,109311,8898,5455,8898,217,8898,18,8898,10,8898,0,9897,2,1.0267736999958288
3,2,,2026-07-29T09:24:31.641963,108775,8815,5442,8815,228,8815,5,8815,7,8815,3,9974,1,1.0262789000116754
3,2,,2026-07-29T09:24:32.671064,109558,9054,5626,9054,244,9054,16,9054,8,9054,2,9918,3,1.028773199999705
3,2,,2026-07-29T09:24:33.699068,109048,8957,5510,8957,253,8957,12,8957,9,8957,2,10111,0,1.0276604999962728
3,2,,2026-07-29T09:24:34.728429,109057,8907,5449,8907,215,8907,15,8907,6,8907,1,10010,0,1.0289812000119127
3,2,,2026-07-29T09:24:35.757148,109476,8827,5317,8827,241,8827,13,8827,3,8827,4,10128,0,1.0283828000247013
3,2,,2026-07-29T09:24:36.786149,108965,8925,5496,8925,233,8925,17,8925,16,8925,1,10013,5,1.0286185999866575
3,2,,2026-07-29T09:24:37.814648,109110,8945,5523,8945,211,8945,13,8945,4,8945,1,9943,0,1.028109000006225
3,2,,2026-07-29T09:24:38.843917,108902,8810,5391,8810,232,8810,19,8810,9,8810,2,10210,2,1.0289197999809403
3,2,,2026-07-29T09:24:39.873495,109155,9076,5520,9076,240,9076,14,9076,7,9076,1,9827,0,1.0291859999997541
3,2,,2026-07-29T09:24:40.903163,109099,8991,5629,8991,240,8991,18,8991,10,8991,1,10097,1,1.0293182999885175
3,2,,2026-07-29T09:24:41.931664,109637,9015,5451,9015,250,9015,13,9015,8,9015,2,9999,0,1.0281517000112217
3,2,,2026-07-29T09:24:42.961828,108849,8972,5444,8972,243,8972,18,8972,8,8972,0,10000,1,1.0298036000167485
3,2,,2026-07-29T09:24:43.990638,109316,8768,5422,8768,216,8768,10,8768,4,8768,1,10142,1,1.028389100014465
3,2,,2026-07-29T09:24:45.019760,109065,9041,5515,9041,231,9041,17,9041,10,9041,3,10137,1,1.0287436000071466
3,2,,2026-07-29T09:24:46.048760,109265,8895,5465,8895,261,8895,15,8895,3,8895,1,9977,2,1.0285517000011168
3,2,,2026-07-29T09:24:47.077465,109438,8798,5362,8798,220,8798,16,8798,9,8798,0,10091,4,1.0282890000089537
3,2,,2026-07-29T09:24:48.104377,108725,9024,5447,9024,242,9024,12,9024,9,9024,2,9921,0,1.0266743000247516
3,2,,2026-07-29T09:24:49.131798,109553,8961,5532,8961,211,8961,9,8961,10,8961,2,10145,1,1.0272262999787927
3,2,,2026-07-29T09:24:50.161381,109488,8980,5505,8980,223,8980,14,8980,10,8980,1,10188,1,1.0292427999957
3,2,,2026-07-29T09:24:51.190487,108998,8721,5342,8721,235,8721,12,8721,18,8721,3,10136,2,1.0286535000195727
3,2,,2026-07-29T09:24:52.219295,109014,8911,5481,8911,230,8911,12,8911,10,8911,0,10102,3,1.0284241999906953
3,2,,2026-07-29T09:24:53.247875,108985,8891,5380,8891,260,8891,12,8891,9,8891,0,10064,2,1.028231699980097
3,2,,2026-07-29T09:24:54.277196,108727,9012,5650,9012,233,9012,13,9012,8,9012,1,9999,1,1.02896779999719
3,2,,2026-07-29T09:24:55.307256,109243,8960,5511,8960,232,8960,17,8960,6,8960,2,10091,4,1.0296682999760378
3,2,,2026-07-29T09:24:56.336184,109592,8869,5424,8869,232,8869,15,8869,6,8869,2,10187,1,1.028563200001372
3,2,,2026-07-29T09:24:57.365048,109285,9008,5448,9008,254,9008,14,9008,8,9008,2,10215,1,1.0285098999738693
3,2,,2026-07-29T09:24:58.393671,109031,8849,5438,8849,245,8849,13,8849,8,8849,1,9907,0,1.028278700017836
3,2,,2026-07-29T09:24:59.421860,109434,8927,5432,8927,224,8927,19,8927,6,8927,0,10074,2,1.0278397999936715
3,2,,2026-07-29T09:25:00.450379,109098,8854,5457,8854,263,8854,16,8854,4,8854,1,10009,1,1.0281564999895636
3,2,,2026-07-29T09:25:01.478961,108993,9122,5522,9122,272,9122,13,9122,8,9122,2,10029,0,1.028310399997281
3,2,,2026-07-29T09:25:02.508409,109450,8942,5425,8942,245,8942,12,8942,9,8942,0,9866,2,1.0290907000016887
3,2,,2026-07-29T09:25:03.538455,109223,8881,5455,8881,231,8881,15,8881,10,8881,2,10014,2,1.029691300005652
3,2,,2026-07-29T09:25:04.568030,108812,9023,5492,9023,258,9023,17,9023,7,9023,1,9901,0,1.0291906999773346
3,2,,2026-07-29T09:25:05.596315,109041,8814,5359,8814,216,8814,18,8814,7,8814,0,10089,0,1.0278262000065297
3,2,,2026-07-29T09:25:06.625636,109488,8842,5433,8842,236,8842,17,8842,14,8842,1,10102,1,1.028959399991436
3,2,,2026-07-29T09:25:07.654529,109279,8803,5408,8803,243,8803,12,8803,13,8803,1,9981,3,1.0284837999788579
3,2,,2026-07-29T09:25:08.683700,109441,8915,5397,8915,246,8915,17,8915,10,8915,0,10099,1,1.02873710001586
3,2,,2026-07-29T09:25:09.711942,109065,8977,5567,8977,237,8977,11,8977,7,8977,0,10188,1,1.0279149999842048
3,2,,2026-07-29T09:25:10.740616,108577,8627,5306,8627,230,8627,11,8627,11,8627,1,9921,1,1.0284188999794424
3,2,,2026-07-29T09:25:11.768348,109050,8847,5437,8847,259,8847,14,8847,6,8847,0,10006,1,1.0273029999807477
3,2,,2026-07-29T09:25:12.798372,109217,9034,5449,9034,245,9034,19,9034,15,9034,2,10172,2,1.0297139000031166
3,2,,2026-07-29T09:25:13.826925,109371,8841,5494,8841,244,8841,16,8841,10,8841,1,10177,2,1.0280895000032615
3,2,,2026-07-29T09:25:14.856006,108598,8856,5386,8856,245,8856,17,8856,8,8856,1,9988,1,1.0286819000029936
3,2,,2026-07-29T09:25:15.885376,109090,8914,5471,8914,219,8914,15,8914,8,8914,1,10056,1,1.0289282000157982
3,2,,2026-07-29T09:25:16.913628,109169,8949,5453,8949,243,8949,10,8949,12,8949,0,10094,1,1.0277848999830894
3,2,,2026-07-29T09:25:17.942884,108928,8982,5463,8982,212,8982,19,8982,8,8982,1,9858,0,1.0289107999997213
3,2,,2026-07-29T09:25:18.972059,109047,8828,5380,8828,216,8828,19,8828,8,8828,1,10066,0,1.0287990999931935
3,2,,2026-07-29T09:25:20.000689,108699,8990,5469,8990,241,8990,14,8990,10,8990,1,10129,1,1.0282089000102133
3,2,,2026-07-29T09:25:21.029475,108942,9053,5531,9053,236,9053,13,9053,14,9053,2,10071,1,1.028440199996112
3,2,,2026-07-29T09:25:22.058515,109137,8835,5311,8835,236,8835,19,8835,11,8835,5,9951,1,1.0286979000084102
3,2,,2026-07-29T09:25:23.087388,109770,8977,5533,8977,213,8977,19,8977,11,8977,0,10177,2,1.0284966999897733
3,2,,2026-07-29T09:25:24.115461,108521,8887,5432,8887,237,8887,13,8887,16,8887,4,9878,4,1.0277215000241995
3,2,,2026-07-29T09:25:25.144462,108957,8771,5301,8771,216,8771,14,8771,10,8771,0,10127,0,1.0286566000140738
3,2,,2026-07-29T09:25:26.172736,109352,8872,5412,8872,221,8872,15,8872,10,8872,0,10079,2,1.0278953000088222
3,2,,2026-07-29T09:25:27.201275,109273,8863,5356,8863,256,8863,21,8863,13,8863,2,10044,1,1.028223400004208
3,2,,2026-07-29T09:25:28.230613,109067,8845,5465,8845,215,8845,21,8845,12,8845,3,9992,0,1.029001299990341
3,2,,2026-07-29T09:25:29.260388,108914,8719,5292,8719,254,8719,9,8719,6,8719,1,9968,4,1.029416899982607
3,2,,2026-07-29T09:25:30.289864,108670,8799,5329,8799,245,8799,11,8799,7,8799,2,10045,2,1.0291152999852784
3,2,,2026-07-29T09:25:31.317253,109674,8861,5478,8861,223,8861,8,8861,6,8861,0,9982,1,1.0270635999913793
3,2,,2026-07-29T09:25:32.346484,108496,8750,5320,8750,226,8750,18,8750,9,8750,0,10144,4,1.0289430000120774
3,2,,2026-07-29T09:25:33.376403,108444,8783,5451,8783,259,8783,9,8783,7,8783,0,10053,3,1.0294668000133242
3,2,,2026-07-29T09:25:34.405303,109404,8940,5379,8940,263,8940,6,8940,2,8940,1,10176,2,1.0285395000246353
3,2,,2026-07-29T09:25:35.435386,109749,9064,5544,9064,254,9064,9,9064,7,9064,3,9843,3,1.0297299000085331
3,2,,2026-07-29T09:25:36.461176,108938,8931,5491,8931,235,8931,12,8931,9,8931,1,10217,2,1.025569599994924
3,2,,2026-07-29T09:25:37.487863,109464,8977,5434,8977,241,8977,17,8977,6,8977,1,10128,1,1.026536399993347
3,2,,2026-07-29T09:25:38.516605,108706,8903,5493,8903,224,8903,17,8903,4,8903,0,9922,2,1.0285183999803849
3,2,,2026-07-29T09:25:39.545411,109186,8748,5253,8748,265,8748,10,8748,9,8748,5,9911,2,1.0285822000005282
3,2,,2026-07-29T09:25:40.572650,109142,8893,5425,8893,259,8893,19,8893,12,8893,0,9968,0,1.0268992999917828
3,2,,2026-07-29T09:25:41.600083,108876,8879,5338,8879,236,8879,10,8879,9,8879,0,9993,0,1.0271869999996852
3,2,,2026-07-29T09:25:42.626763,108892,8922,5437,8922,233,8922,22,8922,10,8922,2,9820,3,1.0264157000056002
3,2,,2026-07-29T09:25:43.654905,108376,8805,5295,8805,237,8805,22,8805,9,8805,4,10098,2,1.0278031000052579
3,2,,2026-07-29T09:25:44.683713,108798,8951,5445,8951,254,8951,18,8951,9,8951,2,10127,3,1.0285387999902014
3,2,,2026-07-29T09:25:45.711876,109389,8997,5412,8997,221,8997,18,8997,9,8997,0,10171,2,1.0278030000044964
3,2,,2026-07-29T09:25:46.740192,108801,8971,5488,8971,240,8971,10,8971,14,8971,1,9927,3,1.027887100004591
3,2,,2026-07-29T09:25:47.769000,109402,8956,5476,8956,228,8956,13,8956,9,8956,1,10205,2,1.0285076999862213
3,2,,2026-07-29T09:25:48.796895,108623,8860,5337,8860,232,8860,19,8860,12,8860,2,10008,1,1.0275099000136834
3,2,,2026-07-29T09:25:49.825508,109097,8902,5401,8902,244,8902,11,8902,8,8902,1,10061,2,1.0282778999826405
3,2,,2026-07-29T09:25:50.854243,108951,8773,5358,8773,226,8773,13,8773,7,8773,2,9960,0,1.0283657000109088
3,2,,2026-07-29T09:25:51.882504,109443,8750,5351,8750,242,8750,17,8750,6,8750,1,10231,2,1.0279051000252366
3,2,,2026-07-29T09:25:52.911484,108592,8979,5431,8979,243,8979,8,8979,6,8979,3,10124,1,1.0286591000040062
3,2,,2026-07-29T09:25:53.940835,109583,9051,5510,9051,227,9051,18,9051,8,9051,3,10276,1,1.0290182000026107
3,2,,2026-07-29T09:25:54.969293,109549,8916,5512,8916,235,8916,18,8916,8,8916,1,10161,3,1.028132600011304
3,2,,2026-07-29T09:25:55.998596,108830,8831,5411,8831,234,8831,12,8831,7,8831,2,10063,1,1.0288699000084307
3,2,,2026-07-29T09:25:57.028488,109503,8808,5352,8808,229,8808,12,8808,7,8808,2,10340,2,1.0295329999935348
3,2,,2026-07-29T09:25:58.056812,109142,8908,5327,8908,250,8908,14,8908,7,8908,1,10186,1,1.0279001999879256
3,2,,2026-07-29T09:25:59.085076,108822,8655,5347,8655,214,8655,9,8655,9,8655,2,10033,5,1.0279257000074722
3,2,,2026-07-29T09:26:00.113460,108784,8816,5357,8816,226,8816,20,8816,8,8816,1,10208,2,1.0281001000257675
3,2,,2026-07-29T09:26:01.142508,109278,8980,5601,8980,226,8980,21,8980,5,8980,2,9906,1,1.0287204000051133
3,2,,2026-07-29T09:26:02.171645,108987,8892,5453,8892,219,8892,11,8892,8,8892,0,10045,3,1.0287578999996185
3,2,,2026-07-29T09:26:03.201031,109296,8851,5384,8851,216,8851,15,8851,11,8851,2,10212,1,1.0290105000021867
3,2,,2026-07-29T09:26:04.230068,109212,8795,5359,8795,242,8795,17,8795,2,8795,1,10208,2,1.0286779000016395
3,2,,2026-07-29T09:26:05.259042,109954,8821,5476,8821,217,8821,16,8821,6,8821,1,9894,1,1.028619599994272
3,2,,2026-07-29T09:26:06.286756,109304,8876,5395,8876,235,8876,20,8876,5,8876,0,9921,3,1.0273215000052005
3,2,,2026-07-29T09:26:07.315211,109494,8758,5402,8758,211,8758,21,8758,6,8758,2,10228,0,1.028208799980348
3,3,,2026-07-29T09:26:21.764934,109842,8144,5136,8144,35,8144,68,8144,12,8144,3,10083,3,1.0286742000025697
3,3,,2026-07-29T09:26:22.795059,109025,8274,5228,8274,30,8274,76,8274,17,8274,1,9956,1,1.0297688999853563
3,3,,2026-07-29T09:26:23.824263,109026,7991,4974,7991,26,7991,94,7991,17,7991,1,10086,3,1.0288106999942102
3,3,,2026-07-29T09:26:24.853123,109327,8205,5080,8205,27,8205,70,8205,19,8205,0,10083,1,1.0284544000169262
3,3,,2026-07-29T09:26:25.882415,109170,8145,5159,8145,34,8145,74,8145,16,8145,0,10116,0,1.0288904999906663
3,3,,2026-07-29T09:26:26.911857,108851,7954,4987,7954,28,7954,69,7954,18,7954,0,10111,3,1.0290217999718152
3,3,,2026-07-29T09:26:27.940086,109645,8177,5156,8177,25,8177,71,8177,17,8177,2,10134,1,1.027816800022265
3,3,,2026-07-29T09:26:28.969170,109339,8177,5086,8177,39,8177,77,8177,11,8177,0,10105,3,1.0287419999949634
3,3,,2026-07-29T09:26:29.998448,108942,8052,5019,8052,25,8052,81,8052,17,8052,0,10216,5,1.0288513000123203
3,3,,2026-07-29T09:26:31.026905,108704,8205,5121,8205,29,8205,83,8205,20,8205,0,10165,1,1.0281246000085957
3,3,,2026-07-29T09:26:32.055336,109352,8146,5069,8146,39,8146,76,8146,18,8146,0,10235,4,1.028105700010201
3,3,,2026-07-29T09:26:33.084250,109857,8183,5113,8183,27,8183,72,8183,30,8183,0,10128,4,1.0286125999991782
3,3,,2026-07-29T09:26:34.112950,108962,8155,5122,8155,37,8155,72,8155,13,8155,2,9939,1,1.0281332999875303
3,3,,2026-07-29T09:26:35.142049,109281,8100,5083,8100,28,8100,76,8100,20,8100,2,10068,1,1.0287879999959841
3,3,,2026-07-29T09:26:36.170451,109036,8245,5068,8245,25,8245,79,8245,19,8245,1,10089,1,1.0280893000017386
3,3,,2026-07-29T09:26:37.199295,109247,8241,5133,8241,38,8241,81,8241,20,8241,2,10082,1,1.0284073000075296
3,3,,2026-07-29T09:26:38.227619,109626,8214,5145,8214,30,8214,72,8214,10,8214,0,10048,2,1.0279760000121314
3,3,,2026-07-29T09:26:39.257358,109519,8196,5121,8196,28,8196,76,8196,19,8196,0,9838,0,1.0294045000046026
3,3,,2026-07-29T09:26:40.285224,108565,8152,5087,8152,39,8152,71,8152,12,8152,0,9900,2,1.0275128000066616
3,3,,2026-07-29T09:26:41.314387,109317,8163,5114,8163,32,8163,81,8163,11,8163,2,10094,0,1.0286970000015572
3,3,,2026-07-29T09:26:42.342695,109100,8222,5082,8222,27,8222,74,8222,17,8222,1,10177,4,1.0280155999935232
3,3,,2026-07-29T09:26:43.372292,109262,8077,5015,8077,21,8077,73,8077,18,8077,1,10135,1,1.0292078999918886
3,3,,2026-07-29T09:26:44.400937,109467,8041,5035,8041,29,8041,67,8041,11,8041,2,10058,3,1.0282608999987133
3,3,,2026-07-29T09:26:45.429434,108750,8255,5128,8255,42,8255,71,8255,18,8255,3,10019,2,1.0281116999976803
3,3,,2026-07-29T09:26:46.457014,108975,8102,5004,8102,26,8102,70,8102,27,8102,3,10187,4,1.027241599978879
3,3,,2026-07-29T09:26:47.486383,109041,8197,5174,8197,26,8197,73,8197,15,8197,1,10092,4,1.0290197000140324
3,3,,2026-07-29T09:26:48.515407,109047,8258,5152,8258,29,8258,79,8258,21,8258,2,10168,1,1.0286324999760836
3,3,,2026-07-29T09:26:49.543849,109048,8200,5057,8200,38,8200,89,8200,25,8200,2,10043,0,1.0280524999834597
3,3,,2026-07-29T09:26:50.573602,109408,8150,5100,8150,31,8150,77,8150,15,8150,0,10124,1,1.029409399983706
3,3,,2026-07-29T09:26:51.601593,109563,8262,5117,8262,36,8262,74,8262,27,8262,3,10227,2,1.0276000000012573
3,3,,2026-07-29T09:26:52.631199,109171,8251,5170,8251,35,8251,65,8251,19,8251,1,10059,3,1.029218099982245
3,3,,2026-07-29T09:26:53.661711,108966,8145,5073,8145,34,8145,82,8145,24,8145,1,10020,2,1.0301753999956418
3,3,,2026-07-29T09:26:54.690234,109118,8157,5124,8157,30,8157,79,8157,27,8157,1,10046,1,1.0281528999912553
3,3,,2026-07-29T09:26:55.718516,109013,8165,5121,8165,22,8165,77,8165,23,8165,3,10244,0,1.0279595000029076
3,3,,2026-07-29T09:26:56.747533,108752,8035,5057,8035,41,8035,65,8035,19,8035,1,10222,3,1.0286777000001166
3,3,,2026-07-29T09:26:57.774292,109708,8289,5243,8289,28,8289,80,8289,12,8289,2,10181,0,1.0263269999995828
3,3,,2026-07-29T09:26:58.804275,108541,8079,5133,8079,30,8079,72,8079,12,8079,1,10141,1,1.0298021999769844
3,3,,2026-07-29T09:26:59.832127,109095,8188,5134,8188,23,8188,61,8188,16,8188,0,10011,2,1.0276928000093903
3,3,,2026-07-29T09:27:00.858630,108904,8016,5016,8016,21,8016,68,8016,23,8016,2,10141,4,1.0262126000015996
3,3,,2026-07-29T09:27:01.885836,108635,8167,5083,8167,40,8167,68,8167,19,8167,2,10014,4,1.0269643000210635
3,3,,2026-07-29T09:27:02.914948,109867,8350,5154,8350,47,8350,90,8350,18,8350,1,10020,1,1.0288008000061382
3,3,,2026-07-29T09:27:03.944119,109192,8204,5058,8204,29,8204,70,8204,16,8204,1,10227,0,1.028740999987349
3,3,,2026-07-29T09:27:04.972899,109427,8158,5129,8158,41,8158,63,8158,14,8158,1,10138,5,1.0284159999864642
3,3,,2026-07-29T09:27:06.003070,108863,8029,4946,8029,29,8029,77,8029,25,8029,2,9997,3,1.0297967000224162
3,3,,2026-07-29T09:27:07.032494,108775,8105,5021,8105,30,8105,83,8105,20,8105,1,10021,2,1.0289311000087764
3,3,,2026-07-29T09:27:08.061821,109165,8381,5231,8381,30,8381,76,8381,15,8381,3,10111,3,1.0289219999976922
3,3,,2026-07-29T09:27:09.090864,109132,8098,5084,8098,40,8098,59,8098,15,8098,0,10078,1,1.028601300000446
3,3,,2026-07-29T09:27:10.119607,109675,8035,4980,8035,26,8035,70,8035,20,8035,0,10108,0,1.0283622000133619
3,3,,2026-07-29T09:27:11.149929,108861,8227,5167,8227,36,8227,80,8227,19,8227,2,10231,1,1.0299276000005193
3,3,,2026-07-29T09:27:12.179737,109159,8269,5261,8270,29,8270,82,8270,21,8270,1,10211,2,1.029509500018321
3,3,,2026-07-29T09:27:13.208548,108943,8160,5034,8159,33,8159,71,8159,16,8159,3,10224,1,1.028480100008892
3,3,,2026-07-29T09:27:14.237096,109225,7954,5053,7954,48,7954,72,7954,13,7954,3,9981,4,1.0282118000031915
3,3,,2026-07-29T09:27:15.266025,108670,8045,5050,8045,19,8045,76,8045,18,8045,0,9971,5,1.02857860000222
3,3,,2026-07-29T09:27:16.294525,109544,8111,5074,8111,26,8111,79,8111,11,8111,0,10180,4,1.0281334999890532
3,3,,2026-07-29T09:27:17.323796,108845,8009,5027,8009,29,8009,71,8009,14,8009,1,10030,4,1.0288999000040349
3,3,,2026-07-29T09:27:18.352439,109636,8338,5248,8338,25,8338,73,8338,13,8338,2,10037,3,1.0282333999930415
3,3,,2026-07-29T09:27:19.381565,109049,8130,5102,8130,30,8130,78,8130,13,8130,1,9943,1,1.028761099994881
3,3,,2026-07-29T09:27:20.410943,109802,8266,5218,8266,23,8266,84,8266,19,8266,2,10187,3,1.028974199987715
3,3,,2026-07-29T09:27:21.440678,109012,8144,5113,8144,26,8144,81,8144,19,8144,0,10085,1,1.0292443000071216
3,3,,2026-07-29T09:27:22.469689,109687,8257,5138,8257,22,8257,77,8257,14,8257,1,10374,1,1.028579500009073
3,3,,2026-07-29T09:27:23.498165,108638,8080,5064,8080,27,8080,84,8080,11,8080,1,9968,1,1.028103499993449
3,3,,2026-07-29T09:27:24.527322,109109,8182,5097,8182,31,8182,69,8182,14,8182,3,10064,2,1.0287509000045247
3,3,,2026-07-29T09:27:25.556557,108381,8037,5018,8037,27,8037,79,8037,18,8037,1,10118,4,1.0288008000061382
3,3,,2026-07-29T09:27:26.585409,109308,8156,5177,8156,28,8156,91,8156,14,8156,1,10010,1,1.0284550999931525
3,3,,2026-07-29T09:27:27.614406,108813,8102,5079,8102,34,8102,58,8102,21,8102,2,10290,1,1.0287123000016436
3,3,,2026-07-29T09:27:28.643229,109446,8144,5043,8144,28,8144,63,8144,16,8144,0,10171,2,1.0284447000012733
3,3,,2026-07-29T09:27:29.672573,108918,8047,5043,8047,29,8047,74,8047,12,8047,1,10079,5,1.0290064000000712
3,3,,2026-07-29T09:27:30.700629,109056,8250,5178,8250,31,8250,77,8250,21,8250,0,10264,3,1.027714299998479
3,3,,2026-07-29T09:27:31.730531,109285,8083,5099,8083,36,8083,87,8083,25,8083,2,10016,2,1.0296241999894846
3,3,,2026-07-29T09:27:32.758465,109713,8372,5264,8372,28,8372,81,8372,24,8372,1,10150,2,1.0275965000037104
3,3,,2026-07-29T09:27:33.787725,108882,8195,5116,8195,27,8195,72,8195,16,8195,1,10010,4,1.028810500021791
3,3,,2026-07-29T09:27:34.815906,109230,8211,5072,8211,25,8211,69,8211,20,8211,1,10285,4,1.027917300001718
3,3,,2026-07-29T09:27:35.845566,109421,8246,5153,8246,21,8246,91,8246,16,8246,4,9943,3,1.0292849999968894
3,3,,2026-07-29T09:27:36.875466,109214,8117,5108,8117,32,8117,72,8117,18,8117,1,10060,1,1.0294822999858297
3,3,,2026-07-29T09:27:37.904158,108988,8001,5034,8001,25,8001,90,8001,12,8001,1,9995,4,1.028295900003286
3,3,,2026-07-29T09:27:38.933308,109713,8198,5086,8198,39,8198,84,8198,22,8198,2,10032,2,1.0288041000021622
3,3,,2026-07-29T09:27:39.960499,108995,8266,5170,8266,36,8266,70,8266,20,8266,0,10100,1,1.0268689999938942
3,3,,2026-07-29T09:27:40.989434,109015,8090,5018,8090,40,8090,78,8090,14,8090,0,9949,1,1.0286981999815907
3,3,,2026-07-29T09:27:42.018085,108754,8260,5148,8260,43,8260,84,8260,20,8260,4,10051,2,1.028224699985003
3,3,,2026-07-29T09:27:43.046827,109226,8076,5006,8076,36,8076,89,8076,20,8076,1,10065,1,1.028350100008538
3,3,,2026-07-29T09:27:44.076614,108755,8077,5040,8077,37,8077,79,8077,16,8077,1,10093,1,1.0293724999937695
3,3,,2026-07-29T09:27:45.106385,109369,8152,5150,8152,26,8152,68,8152,19,8152,3,10207,2,1.0294116000004578
3,3,,2026-07-29T09:27:46.135454,109353,7987,4970,7987,18,7987,69,7987,15,7987,1,10277,2,1.0286980000091717
3,3,,2026-07-29T09:27:47.163571,108315,8204,5117,8204,28,8204,84,8204,17,8204,4,10103,3,1.0277358000166714
3,3,,2026-07-29T09:27:48.192847,109212,8290,5181,8290,41,8290,85,8290,22,8290,0,10105,0,1.0289362999901641
3,3,,2026-07-29T09:27:49.222699,108926,8084,5033,8084,29,8084,79,8084,18,8084,0,10207,2,1.029522700002417
3,3,,2026-07-29T09:27:50.252008,108876,8172,5084,8172,23,8172,87,8172,10,8172,3,10005,0,1.0288916999998037
3,3,,2026-07-29T09:27:51.280426,108811,8021,5032,8021,31,8021,94,8021,16,8021,1,9914,2,1.0280642999859992
3,3,,2026-07-29T09:27:52.307438,108959,8035,5037,8035,21,8035,83,8035,14,8035,1,9970,1,1.0266727000125684
3,3,,2026-07-29T09:27:53.334909,108643,8259,5219,8259,26,8259,77,8259,17,8259,5,9968,0,1.0272454999794718
3,3,,2026-07-29T09:27:54.363221,108864,8097,5084,8097,28,8097,81,8097,21,8097,1,10062,1,1.0279450000089128
3,3,,2026-07-29T09:27:55.391955,109734,8129,5165,8129,29,8129,86,8129,18,8129,0,10134,3,1.028362000011839
3,3,,2026-07-29T09:27:56.419494,109519,8103,4932,8103,39,8103,72,8103,19,8103,1,10255,3,1.0272223000065424
3,3,,2026-07-29T09:27:57.447770,109283,8105,5050,8105,31,8105,76,8105,9,8105,2,10206,2,1.028078800009098
3,3,,2026-07-29T09:27:58.476350,109095,8157,5081,8157,32,8157,76,8157,19,8157,1,10156,3,1.028253099997528
3,3,,2026-07-29T09:27:59.505695,109177,8213,5066,8213,29,8213,74,8213,14,8213,2,10131,1,1.0290239000169095
3,3,,2026-07-29T09:28:00.534233,108857,7954,4996,7954,25,7954,70,7954,21,7954,1,10031,2,1.0281819000083487
3,3,,2026-07-29T09:28:01.563389,109253,7990,4939,7990,31,7990,82,7990,16,7990,0,10128,0,1.0288686999992933
3,3,,2026-07-29T09:28:02.592264,109527,8177,5074,8177,30,8177,67,8177,14,8177,2,9939,2,1.0284173999971244
3,3,,2026-07-29T09:28:03.622284,109622,8333,5214,8333,37,8333,68,8333,27,8333,1,10040,1,1.0296548000187613
3,3,,2026-07-29T09:28:04.650757,109457,8142,5101,8142,37,8142,63,8142,11,8142,2,10167,3,1.0280907000123989
3,3,,2026-07-29T09:28:05.680780,109187,8245,5139,8245,31,8245,72,8245,20,8245,0,10056,2,1.029731399990851
3,3,,2026-07-29T09:28:06.710511,109654,8362,5263,8362,37,8362,72,8362,19,8363,2,10133,2,1.029344000009587
3,3,,2026-07-29T09:28:07.739390,109220,8283,5235,8283,28,8283,97,8283,14,8282,0,10131,3,1.0285740999970585
3,3,,2026-07-29T09:28:08.768272,109132,8230,5177,8230,33,8230,82,8230,20,8230,0,10132,4,1.0285292000044137
3,3,,2026-07-29T09:28:09.797344,109132,8231,5203,8231,31,8231,84,8231,15,8231,2,10137,0,1.0287095999810845
3,3,,2026-07-29T09:28:10.827112,109002,8000,5076,8000,33,8000,75,8000,9,8000,1,10238,2,1.029345100017963
3,3,,2026-07-29T09:28:11.857714,108589,7929,4933,7929,21,7929,68,7929,26,7929,1,10182,1,1.0302108000032604
3,3,,2026-07-29T09:28:12.887091,109464,8129,5071,8129,32,8129,103,8129,12,8129,2,10154,1,1.0290067000023555
3,3,,2026-07-29T09:28:13.915755,108812,8215,5125,8215,29,8215,59,8215,23,8215,1,10020,1,1.0283580000104848
3,3,,2026-07-29T09:28:14.943939,109484,8165,5149,8165,36,8165,73,8165,19,8165,3,10053,2,1.0278118000132963
3,3,,2026-07-29T09:28:15.972380,109081,8197,5154,8197,37,8197,77,8197,17,8197,0,10015,1,1.0279709000024013
3,3,,2026-07-29T09:28:17.001960,109349,8029,5039,8029,36,8029,76,8029,20,8029,1,10404,1,1.0292047999973875
3,3,,2026-07-29T09:28:18.030941,109155,8106,4947,8106,40,8106,75,8106,22,8106,1,10176,2,1.0286233999941032
3,3,,2026-07-29T09:28:19.060195,109836,8274,5173,8274,31,8274,78,8274,15,8274,0,10017,3,1.0289105999981984
3,3,,2026-07-29T09:28:20.090406,108168,7981,4932,7981,29,7981,70,7981,13,7981,2,9877,4,1.0298181000107434
3,3,,2026-07-29T09:28:21.118813,109123,8056,5021,8056,28,8056,79,8056,20,8056,1,10100,4,1.028082100005122
3,3,,2026-07-29T09:28:22.148011,109414,8145,5065,8145,28,8145,73,8145,16,8145,1,10018,1,1.028786399983801
3,3,,2026-07-29T09:28:23.177081,108538,8111,5066,8111,23,8111,61,8111,16,8111,2,10101,1,1.0286230000201613
3,3,,2026-07-29T09:28:24.206770,108934,8165,5080,8165,36,8165,80,8165,16,8165,2,10009,0,1.0293704000068828
3,3,,2026-07-29T09:28:25.235544,109321,8272,5161,8272,25,8272,79,8272,15,8272,0,9987,0,1.0282923999766354
3,3,,2026-07-29T09:28:26.264641,109326,8004,4941,8004,45,8004,75,8004,23,8004,1,9902,1,1.0287398000073154
3,3,,2026-07-29T09:28:27.294195,109745,8213,5143,8213,35,8213,70,8213,15,8213,2,10349,1,1.0291467000206467
3,3,,2026-07-29T09:28:28.324294,109253,8187,5190,8187,29,8187,76,8187,17,8187,3,10157,3,1.0297162999922875
3,3,,2026-07-29T09:28:29.353143,109281,8266,5109,8266,39,8266,63,8266,23,8266,1,10192,1,1.0284950000059325
3,3,,2026-07-29T09:28:30.381282,108978,8368,5178,8368,36,8368,76,8368,15,8368,1,9865,3,1.027801999996882
3,3,,2026-07-29T09:28:31.409990,109053,8100,5072,8100,34,8100,71,8100,14,8100,1,10059,1,1.0282911999966018
3,3,,2026-07-29T09:28:32.438059,109252,8167,5066,8167,41,8167,84,8167,9,8167,2,10236,5,1.0277273999818135
3,3,,2026-07-29T09:28:33.466455,109117,8180,5145,8180,25,8180,74,8180,14,8180,1,10104,1,1.0279547999962233
3,3,,2026-07-29T09:28:34.494783,109023,8094,5030,8094,33,8094,66,8094,16,8094,2,10051,2,1.0279963000211865
3,3,,2026-07-29T09:28:35.521441,109670,8159,5070,8159,33,8159,87,8159,23,8159,0,10158,2,1.0263271000003442
3,3,,2026-07-29T09:28:36.550001,108876,8123,4998,8123,35,8123,65,8123,14,8123,1,9946,0,1.0282754999934696
3,3,,2026-07-29T09:28:37.579317,109277,8148,5115,8148,36,8148,71,8148,27,8148,2,10037,0,1.0289447999966796
3,3,,2026-07-29T09:28:38.608540,109384,8028,4950,8028,33,8028,73,8028,21,8028,0,10195,2,1.0288797999965027
3,3,,2026-07-29T09:28:39.636197,109277,8248,5192,8248,30,8248,72,8248,18,8248,3,10162,3,1.0273704999999609
3,3,,2026-07-29T09:28:40.663406,108941,8294,5140,8294,29,8294,64,8294,17,8294,1,10291,3,1.0268531999900006
3,3,,2026-07-29T09:28:41.691861,108855,8018,5113,8018,33,8018,72,8018,22,8018,0,10313,1,1.0282280999817885
3,3,,2026-07-29T09:28:42.720555,108722,8075,5061,8075,32,8075,59,8075,17,8075,2,9933,2,1.0283028999983799
3,3,,2026-07-29T09:28:43.749964,109125,8305,5175,8305,29,8305,69,8305,15,8305,1,10060,4,1.0290015999926254
3,3,,2026-07-29T09:28:44.778316,108798,8139,5082,8139,26,8139,61,8139,23,8139,2,10050,1,1.028040900011547
3,3,,2026-07-29T09:28:45.807281,108821,8037,4996,8037,39,8037,79,8037,17,8037,2,10005,2,1.0285923999908846
3,3,,2026-07-29T09:28:46.836016,109484,8168,5150,8168,32,8168,79,8168,16,8168,1,9999,1,1.0283792999980506
3,3,,2026-07-29T09:28:47.865760,109317,8222,5112,8222,28,8222,99,8222,15,8222,0,9996,4,1.0293873000191525
3,3,,2026-07-29T09:28:48.895264,108726,8072,5070,8072,33,8072,77,8072,14,8072,4,10085,0,1.0291275000199676
3,3,,2026-07-29T09:28:49.924159,109330,8133,5081,8133,23,8133,73,8133,14,8133,1,10093,1,1.028561399987666
3,3,,2026-07-29T09:28:50.952770,109145,8114,5127,8114,32,8114,68,8114,22,8114,2,10160,0,1.0282564000226557
3,3,,2026-07-29T09:28:51.980989,108794,8145,5156,8145,42,8145,96,8145,19,8145,0,9991,2,1.0278413000050932
3,3,,2026-07-29T09:28:53.010191,109755,8058,5115,8058,23,8058,67,8058,17,8058,2,9929,0,1.0287544999737293
3,3,,2026-07-29T09:28:54.038993,108950,8292,5291,8292,31,8292,80,8292,15,8292,0,10161,2,1.0284146000049077
3,3,,2026-07-29T09:28:55.067990,109552,8213,5099,8213,31,8213,79,8213,16,8214,0,10055,1,1.028573999996297
3,3,,2026-07-29T09:28:56.098485,108587,8127,5091,8127,22,8127,72,8127,24,8126,1,10133,1,1.0301246000162791
3,3,,2026-07-29T09:28:57.127219,109835,8288,5234,8288,42,8288,89,8288,16,8288,0,9984,1,1.0282761999987997
3,3,,2026-07-29T09:28:58.156009,108653,8061,5004,8061,36,8061,78,8061,13,8061,1,9934,3,1.0284108000050765
3,3,,2026-07-29T09:28:59.184925,108841,8186,5137,8186,37,8186,70,8186,24,8186,1,10035,2,1.02858810001635
3,3,,2026-07-29T09:29:00.214316,109206,8281,5204,8281,34,8281,67,8281,15,8281,0,10205,2,1.0290326999966055
3,3,,2026-07-29T09:29:01.243423,108962,8038,5000,8038,38,8038,87,8038,18,8038,2,10078,3,1.0287314000015613
3,3,,2026-07-29T09:29:02.273617,109488,8151,5109,8151,27,8151,83,8151,19,8151,1,10113,2,1.0297457999840844
3,3,,2026-07-29T09:29:03.301892,109288,8178,5074,8178,31,8178,78,8178,14,8178,3,10069,2,1.0278974999964703
3,3,,2026-07-29T09:29:04.331128,109200,8020,5058,8020,29,8020,80,8020,11,8020,0,9943,0,1.0288914999982808
3,3,,2026-07-29T09:29:05.359781,109402,8245,5184,8245,34,8245,73,8245,22,8245,0,10188,1,1.0283191000053193
3,3,,2026-07-29T09:29:06.389445,109921,8307,5176,8307,23,8307,91,8307,14,8307,1,10150,0,1.0293085999728646
3,3,,2026-07-29T09:29:07.418710,109111,8076,5099,8076,28,8076,79,8076,18,8076,3,10012,3,1.0288344000000507
3,3,,2026-07-29T09:29:08.447731,108424,8097,5112,8097,36,8097,80,8097,15,8097,1,10063,1,1.0286546999996062
3,3,,2026-07-29T09:29:09.476640,109115,8114,5071,8114,25,8114,60,8114,20,8114,1,10095,2,1.0285339999827556
3,3,,2026-07-29T09:29:10.506232,109378,8276,5263,8276,39,8276,82,8276,18,8276,0,10102,2,1.0292436000017915
3,3,,2026-07-29T09:29:11.532668,109002,8217,5183,8217,38,8217,80,8217,15,8217,1,10177,4,1.026053999987198
3,3,,2026-07-29T09:29:12.561187,109739,8160,5103,8160,34,8160,71,8160,14,8160,0,10093,0,1.0282220999943092
3,3,,2026-07-29T09:29:13.590392,109174,8112,5076,8112,28,8112,72,8112,20,8112,0,10249,2,1.028898799995659
3,3,,2026-07-29T09:29:14.620805,109623,8091,5103,8091,35,8091,82,8091,16,8091,0,10294,4,1.0301019999897107
3,3,,2026-07-29T09:29:15.649004,109254,8136,5148,8136,33,8136,70,8136,14,8136,0,10202,5,1.0277370999974664
3,3,,2026-07-29T09:29:16.675458,109069,8255,5138,8255,37,8255,82,8255,23,8255,3,10194,4,1.026214900019113
3,3,,2026-07-29T09:29:17.704486,108148,8107,5079,8107,21,8107,78,8107,19,8107,2,9878,0,1.0288699000084307
3,3,,2026-07-29T09:29:18.733384,109023,7953,5019,7953,25,7953,76,7953,17,7953,0,10040,5,1.0285148000111803
3,3,,2026-07-29T09:29:19.763023,108910,8103,5003,8103,24,8103,72,8103,17,8103,0,10036,0,1.029341299989028
3,3,,2026-07-29T09:29:20.792013,108656,8242,5118,8242,32,8242,79,8242,22,8242,0,10097,3,1.0286653999937698
3,3,,2026-07-29T09:29:21.820217,109142,8232,5123,8232,22,8232,70,8232,17,8232,1,10231,1,1.027857999986736
3,3,,2026-07-29T09:29:22.849269,109446,8261,5144,8261,27,8261,72,8261,20,8261,0,10289,2,1.0285785000014585
3,3,,2026-07-29T09:29:23.879026,108970,8203,5108,8203,33,8203,78,8203,15,8203,2,9815,0,1.0293838999932632
3,3,,2026-07-29T09:29:24.907439,108581,8059,5048,8059,40,8059,86,8059,9,8059,2,10031,3,1.0281267999962438
3,3,,2026-07-29T09:29:25.936340,109023,8029,5029,8029,30,8029,75,8029,23,8029,4,10157,1,1.0285550999979023
3,3,,2026-07-29T09:29:26.965619,109219,8162,5064,8162,26,8162,90,8162,16,8162,2,9931,2,1.0289351000101306
3,3,,2026-07-29T09:29:27.995775,109290,8209,5177,8209,33,8209,78,8209,15,8209,0,10039,0,1.0297825000016019
3,3,,2026-07-29T09:29:29.024436,109897,8080,4942,8080,34,8080,73,8080,15,8080,1,10180,1,1.0282082999765407
3,3,,2026-07-29T09:29:30.052857,109103,8050,4987,8050,43,8050,53,8050,24,8050,0,9856,3,1.0280658999981824
3,3,,2026-07-29T09:29:31.082568,109452,8177,5221,8177,30,8177,87,8177,16,8177,0,10130,3,1.0291014999966137
3,3,,2026-07-29T09:29:32.111978,109512,8107,5072,8107,24,8107,78,8107,10,8107,2,10228,1,1.0284036000084598
3,3,,2026-07-29T09:29:33.139817,109162,8113,5099,8113,28,8113,71,8113,19,8113,0,10222,3,1.02760390000185
3,3,,2026-07-29T09:29:34.168685,109524,8339,5215,8339,30,8339,85,8339,15,8339,3,10188,2,1.0285316000226885
3,3,,2026-07-29T09:29:35.197286,108592,8186,5054,8186,26,8186,77,8186,20,8186,0,10101,2,1.028283099993132
3,3,,2026-07-29T09:29:36.227836,109172,8159,5171,8159,36,8159,68,8159,13,8159,3,10166,3,1.0301677000243217
3,3,,2026-07-29T09:29:37.256340,109063,8100,5093,8100,28,8100,75,8100,18,8100,1,10083,0,1.0281101999862585
3,3,,2026-07-29T09:29:38.284371,109460,8245,5182,8245,45,8245,75,8245,11,8245,2,10148,0,1.0276896999857854
3,3,,2026-07-29T09:29:39.314338,109337,8225,5127,8225,34,8225,80,8225,15,8225,1,10016,4,1.0295665999874473
3,3,,2026-07-29T09:29:40.342999,109190,8168,5098,8168,45,8168,91,8168,12,8168,1,10014,1,1.0283204999868758
3,3,,2026-07-29T09:29:41.372186,109467,8269,5156,8269,30,8269,90,8269,17,8269,0,10099,1,1.0287573000241537
3,3,,2026-07-29T09:29:42.401104,109259,8104,5093,8104,34,8104,76,8104,21,8104,1,10175,4,1.0285583999939263
3,3,,2026-07-29T09:29:43.430455,108923,8111,5025,8111,33,8111,76,8111,15,8111,1,9965,1,1.0289692000078503
3,3,,2026-07-29T09:29:44.459825,109838,8153,5078,8153,37,8153,76,8153,16,8153,2,9954,0,1.0288899000152014
3,3,,2026-07-29T09:29:45.488908,109349,8134,5057,8134,39,8134,80,8134,21,8134,1,9973,1,1.0286862999782898
3,3,,2026-07-29T09:29:46.517253,109663,8216,5216,8216,38,8216,90,8216,19,8216,0,10023,4,1.027976299985312
3,3,,2026-07-29T09:29:47.546423,109921,8227,5158,8227,42,8227,81,8227,15,8227,4,10066,1,1.0287766999972519
3,3,,2026-07-29T09:29:48.576071,108547,8034,4971,8034,33,8034,84,8034,19,8034,1,10153,3,1.0292212999775074
3,3,,2026-07-29T09:29:49.604609,108818,8105,5077,8105,30,8105,74,8105,11,8105,5,10029,0,1.0282208999851719
3,3,,2026-07-29T09:29:50.633417,108829,8068,4963,8068,30,8068,90,8068,19,8068,0,10139,4,1.0284190999809653
3,3,,2026-07-29T09:29:51.663003,109141,8126,5069,8126,23,8126,61,8126,14,8126,2,10020,1,1.029240400006529
3,3,,2026-07-29T09:29:52.691566,109110,8224,5132,8224,37,8224,72,8224,14,8224,2,10162,3,1.0281775000039488
3,3,,2026-07-29T09:29:53.719993,108637,8121,5034,8121,33,8121,82,8121,14,8121,1,10235,2,1.028049699991243
3,3,,2026-07-29T09:29:54.749299,109024,8187,5101,8187,38,8187,71,8187,18,8187,1,9998,2,1.0289672000217251
3,3,,2026-07-29T09:29:55.778604,108606,8060,4981,8060,30,8060,83,8060,24,8060,1,10079,6,1.0289228000037838
3,3,,2026-07-29T09:29:56.807647,109228,8242,5155,8242,27,8242,85,8242,13,8242,1,10158,1,1.0286435000016354
3,3,,2026-07-29T09:29:57.836807,109381,8226,5196,8226,29,8226,77,8226,19,8226,1,9973,3,1.0287789000140037
3,3,,2026-07-29T09:29:58.865544,109403,8177,5002,8177,30,8177,61,8177,19,8177,1,10056,1,1.0283647000032943
3,3,,2026-07-29T09:29:59.893919,109391,8155,5203,8155,35,8155,72,8155,23,8155,0,9924,2,1.0279398999991827
3,3,,2026-07-29T09:30:00.923344,108644,8067,5010,8067,31,8067,67,8067,18,8067,0,10097,2,1.029068300005747
3,3,,2026-07-29T09:30:01.951786,108513,8119,5062,8119,22,8119,66,8119,25,8119,0,10043,2,1.0280460999929346
3,3,,2026-07-29T09:30:02.981173,108839,8155,5032,8155,27,8155,67,8155,19,8155,3,10152,0,1.0289683000009973
3,3,,2026-07-29T09:30:04.010177,109283,8166,5077,8166,31,8166,89,8166,18,8166,1,10139,1,1.028644300007727
3,3,,2026-07-29T09:30:05.038632,109575,8199,5190,8199,26,8199,78,8199,22,8199,2,10302,0,1.0280697999987751
3,3,,2026-07-29T09:30:06.067981,109005,8148,5099,8148,31,8148,68,8148,18,8148,2,10169,0,1.0289922000083607
3,3,,2026-07-29T09:30:07.097329,108980,8154,5053,8154,36,8154,88,8154,21,8154,1,10163,1,1.0289779000158887
3,3,,2026-07-29T09:30:08.126104,109231,8137,5019,8137,36,8137,87,8137,23,8137,2,9969,2,1.0283935999905225
3,3,,2026-07-29T09:30:09.154813,109511,8108,5087,8108,25,8108,74,8108,23,8108,1,10133,2,1.0283017000183463
3,3,,2026-07-29T09:30:10.183254,108726,8154,5112,8154,27,8154,79,8154,24,8154,1,10075,2,1.028035600000294
3,3,,2026-07-29T09:30:11.212862,108739,8094,5047,8094,36,8094,82,8094,13,8094,1,10152,0,1.0291477999999188
3,3,,2026-07-29T09:30:12.240149,108614,8073,5037,8073,27,8073,72,8073,15,8073,3,10005,0,1.0268905999837443
3,3,,2026-07-29T09:30:13.268113,108869,8252,5131,8252,35,8252,72,8252,17,8252,2,10081,4,1.0277892999874894
3,3,,2026-07-29T09:30:14.298559,108203,8141,5105,8141,32,8141,59,8141,24,8141,0,10002,3,1.0300810000044294
3,3,,2026-07-29T09:30:15.328476,109071,8182,5093,8182,37,8182,74,8182,23,8182,2,10268,2,1.0295218999963254
3,3,,2026-07-29T09:30:16.357143,108572,8150,5120,8150,31,8150,80,8150,17,8150,0,10055,2,1.0283636999956798
3,3,,2026-07-29T09:30:17.385536,109344,8151,5052,8151,28,8151,71,8151,16,8151,1,10120,2,1.0279983999789692
3,3,,2026-07-29T09:30:18.413677,108890,8168,5066,8168,31,8168,88,8168,21,8168,1,9734,2,1.0278189999808092
3,3,,2026-07-29T09:30:19.442937,109283,8124,5121,8124,32,8124,62,8124,21,8124,1,10219,2,1.028921100019943
3,3,,2026-07-29T09:30:20.470647,108440,8045,5068,8045,35,8045,75,8045,13,8045,0,10233,0,1.0273145000101067
3,3,,2026-07-29T09:30:21.498831,108987,8233,5083,8233,24,8233,90,8233,20,8233,2,10141,1,1.0278393999906257
3,3,,2026-07-29T09:30:22.525179,108740,8005,4921,8005,32,8005,71,8005,16,8005,2,9966,3,1.0262126000015996
3,3,,2026-07-29T09:30:23.552798,108379,8049,5021,8049,32,8049,83,8049,14,8049,0,10064,1,1.027464399987366
3,3,,2026-07-29T09:30:24.581358,109238,8104,5136,8104,32,8104,77,8104,23,8104,2,10163,1,1.0282460999733303
3,3,,2026-07-29T09:30:25.609706,109221,8093,5073,8093,29,8093,82,8093,20,8093,0,10038,2,1.0280241000000387
3,3,,2026-07-29T09:30:26.639029,109295,8101,5034,8101,19,8101,78,8101,15,8101,2,10121,1,1.0289055999892298
3,3,,2026-07-29T09:30:27.667169,108785,8135,5045,8135,31,8135,91,8135,13,8135,3,10047,4,1.027851399994688
3,3,,2026-07-29T09:30:28.696539,109046,8174,5039,8174,22,8174,89,8174,18,8174,1,10077,2,1.0289461000065785
3,3,,2026-07-29T09:30:29.725526,108450,7964,4897,7964,39,7964,65,7964,18,7964,0,10044,0,1.0285928999946918
3,3,,2026-07-29T09:30:30.754258,109053,7986,4915,7986,31,7986,70,7986,16,7986,2,10182,2,1.0283813000132795
3,3,,2026-07-29T09:30:31.784397,109419,7971,4969,7971,24,7971,96,7971,17,7971,3,10216,2,1.0297508999938145
3,3,,2026-07-29T09:30:32.812907,109045,8131,5033,8131,36,8131,72,8131,12,8131,1,10181,0,1.0281143999891356
3,3,,2026-07-29T09:30:33.841980,109003,8130,5051,8130,29,8130,71,8130,20,8130,0,10275,1,1.0286910000140779
3,3,,2026-07-29T09:30:34.870090,108401,8333,5125,8333,32,8333,64,8333,23,8333,0,9934,2,1.0277055999904405
3,3,,2026-07-29T09:30:35.899688,109622,8181,5173,8181,37,8181,70,8181,18,8181,3,10067,2,1.0291365000011865
3,3,,2026-07-29T09:30:36.928443,108908,8148,5107,8148,31,8148,73,8148,16,8148,0,10049,2,1.028313699993305
3,3,,2026-07-29T09:30:37.957890,109647,8226,5089,8226,26,8226,67,8226,23,8226,0,10042,1,1.029086800001096
3,3,,2026-07-29T09:30:38.987506,108721,8104,5090,8104,20,8104,77,8104,19,8104,0,10032,1,1.0292410000110976
3,3,,2026-07-29T09:30:40.017136,109487,8056,5050,8056,25,8056,64,8056,13,8056,0,10197,2,1.029241699987324
3,3,,2026-07-29T09:30:41.045775,109271,8126,5076,8126,33,8126,86,8126,27,8126,3,10220,3,1.0281952999939676
3,3,,2026-07-29T09:30:42.074155,108679,8001,5027,8001,36,8001,81,8001,15,8001,4,10039,2,1.028108800004702
3,3,,2026-07-29T09:30:43.103229,108935,7970,5002,7970,29,7970,77,7970,17,7970,1,10041,1,1.0287038999958895
3,3,,2026-07-29T09:30:44.131680,108995,8101,5072,8101,34,8101,64,8101,10,8101,1,9978,1,1.028060300013749
3,3,,2026-07-29T09:30:45.159108,108846,8096,5077,8096,29,8096,76,8096,13,8096,3,10023,1,1.0271253999962937
3,3,,2026-07-29T09:30:46.188350,108467,8178,5047,8178,36,8178,88,8178,12,8178,3,10209,3,1.028450999991037
3,3,,2026-07-29T09:30:47.217748,108991,8050,5028,8050,32,8050,82,8050,14,8050,1,10017,2,1.0290657000150532
3,3,,2026-07-29T09:30:48.246297,108894,8200,5135,8200,30,8200,90,8200,15,8200,1,10115,1,1.0281541000003926
3,3,,2026-07-29T09:30:49.273998,109493,8332,5198,8332,30,8332,66,8332,14,8332,0,9798,0,1.027364600013243
3,3,,2026-07-29T09:30:50.302984,108980,8230,5123,8230,33,8230,77,8230,18,8230,1,9922,0,1.028649099986069
3,3,,2026-07-29T09:30:51.331553,109544,8103,5104,8103,33,8103,65,8103,12,8103,1,10160,1,1.0282513999845833
3,3,,2026-07-29T09:30:52.358297,109309,8177,5064,8177,29,8177,72,8177,10,8177,5,10073,2,1.0264332999940962
3,3,,2026-07-29T09:30:53.384866,108923,8126,5035,8126,28,8126,80,8126,20,8126,2,9925,1,1.0262426999979652
3,3,,2026-07-29T09:30:54.411279,108811,8209,5158,8209,36,8209,73,8209,17,8209,1,10138,1,1.0262508999730926
3,3,,2026-07-29T09:30:55.440314,108508,8097,5127,8097,37,8097,79,8097,24,8097,1,10067,3,1.0287200000020675
3,3,,2026-07-29T09:30:56.468612,109137,8242,5089,8242,24,8242,66,8242,16,8243,1,10212,3,1.0279677000071388
3,3,,2026-07-29T09:30:57.496923,108767,8077,5067,8077,21,8077,79,8077,16,8076,0,10089,3,1.0279427999921609
3,3,,2026-07-29T09:30:58.525624,108918,8133,5096,8133,23,8133,68,8133,20,8133,0,10162,5,1.0282805000024382
3,3,,2026-07-29T09:30:59.555564,109365,8358,5261,8358,35,8358,83,8358,29,8358,1,10043,4,1.0295291999937035
3,3,,2026-07-29T09:31:00.584481,109071,8005,4920,8005,33,8005,81,8005,18,8005,3,10194,1,1.0284846000140533
3,3,,2026-07-29T09:31:01.613977,108625,8247,5198,8247,30,8247,78,8247,18,8247,1,10217,2,1.0290642000036314
3,3,,2026-07-29T09:31:02.643056,108892,7994,5001,7994,28,7994,80,7995,19,7995,0,10168,1,1.028642499994021
3,3,,2026-07-29T09:31:03.672254,109143,8071,5030,8071,33,8071,72,8070,16,8070,0,10001,0,1.0287693999998737
3,3,,2026-07-29T09:31:04.701439,109474,8157,5098,8157,29,8157,72,8157,13,8157,0,10017,1,1.0287010000029113
3,3,,2026-07-29T09:31:05.730133,108787,8164,5085,8164,32,8164,83,8164,14,8164,0,9994,1,1.0282946999941487
3,3,,2026-07-29T09:31:06.759435,109294,8162,5112,8162,32,8162,84,8162,19,8162,2,10019,0,1.0289504999818746
3,3,,2026-07-29T09:31:07.788567,108497,8067,4989,8067,28,8067,98,8067,20,8067,2,10033,1,1.0288203999807592
3,3,,2026-07-29T09:31:08.817417,108851,8153,5083,8153,25,8153,78,8153,15,8153,0,10075,0,1.0283875000022817
3,3,,2026-07-29T09:31:09.845599,108707,8245,5113,8245,27,8245,80,8245,20,8245,1,10054,4,1.0279307000164408
3,3,,2026-07-29T09:31:10.874832,108153,7857,4866,7857,26,7857,79,7857,25,7857,1,9965,3,1.028927500010468
3,3,,2026-07-29T09:31:11.900915,108617,8030,4940,8030,30,8030,72,8030,22,8030,1,9924,0,1.0259417000052053
3,3,,2026-07-29T09:31:12.927006,108732,8103,5079,8103,30,8103,80,8103,18,8103,0,10053,1,1.0258362999884412
3,3,,2026-07-29T09:31:13.955788,108860,8105,5116,8105,34,8105,72,8105,9,8105,1,10011,3,1.0285313999920618
3,3,,2026-07-29T09:31:14.985302,109161,8199,5142,8199,32,8199,86,8199,20,8199,1,10107,4,1.0292082000232767
3,3,,2026-07-29T09:31:16.013671,109780,8129,5096,8129,27,8129,71,8129,24,8129,1,10055,0,1.0279826000041794
3,3,,2026-07-29T09:31:17.043807,109732,8180,5236,8180,33,8180,71,8180,18,8180,0,9958,5,1.0296694999851752
3,3,,2026-07-29T09:31:18.071955,109330,8196,5101,8196,33,8196,66,8196,15,8196,1,10205,2,1.027782399993157
3,3,,2026-07-29T09:31:19.102057,108553,8107,5036,8107,38,8107,74,8107,19,8107,1,10031,2,1.0297443000017665
3,3,,2026-07-29T09:31:20.132404,109127,8277,5215,8277,15,8277,69,8277,16,8277,0,10054,2,1.029866500000935
3,3,,2026-07-29T09:31:21.161709,109390,8198,5102,8198,32,8198,62,8198,17,8198,1,10045,0,1.0289011999848299
3,3,,2026-07-29T09:31:22.191579,108331,8122,5150,8122,30,8122,53,8122,18,8122,1,10038,1,1.0294434999814257
3,3,,2026-07-29T09:31:23.220273,108569,8100,5069,8100,32,8100,68,8100,13,8100,0,9993,4,1.0283194000076037
3,3,,2026-07-29T09:31:24.248902,109351,7843,4881,7843,34,7843,73,7843,20,7843,1,10000,3,1.028208200004883
3,3,,2026-07-29T09:31:25.277117,108918,8076,5112,8076,31,8076,72,8076,14,8076,1,10077,3,1.0278689000115264
3,3,,2026-07-29T09:31:26.306079,108599,8246,5080,8246,37,8246,67,8246,19,8246,2,10017,4,1.0286007999966387
3,3,,2026-07-29T09:31:27.335226,108624,8075,5050,8075,34,8075,80,8075,19,8075,3,9906,2,1.0287756000179797
3,3,,2026-07-29T09:31:28.363395,109462,8224,5131,8224,26,8224,68,8224,21,8224,0,10081,2,1.027856900007464
3,3,,2026-07-29T09:31:29.393275,109284,8212,5090,8212,30,8212,82,8212,18,8212,3,10199,0,1.0294920000014827
3,3,,2026-07-29T09:31:30.422936,109569,8063,5001,8063,38,8063,75,8063,8,8063,0,9983,1,1.029248800012283
3,3,,2026-07-29T09:31:31.451416,108619,8216,5186,8216,33,8216,81,8216,21,8216,1,10189,0,1.0280607999884523
3,3,,2026-07-29T09:31:32.480697,108711,8054,4987,8054,25,8054,100,8054,19,8054,0,10217,4,1.0288759999966715
3,3,,2026-07-29T09:31:33.509260,108534,8231,5122,8231,26,8231,81,8231,15,8231,0,10105,0,1.0281400999811012
3,3,,2026-07-29T09:31:34.535337,109064,8097,5031,8097,29,8097,80,8097,17,8097,0,10110,4,1.025736900017364
3,3,,2026-07-29T09:31:35.564497,109142,8132,5052,8132,29,8132,80,8132,20,8132,1,10032,2,1.028820600011386
3,3,,2026-07-29T09:31:36.593654,109380,8086,5066,8086,38,8086,65,8086,22,8086,2,10136,3,1.0287432000041008
3,3,,2026-07-29T09:31:37.622561,108702,7992,5007,7992,26,7992,74,7992,23,7992,0,10099,2,1.028592699993169
3,3,,2026-07-29T09:31:38.651982,108777,8259,5097,8259,28,8259,85,8259,11,8259,0,10163,2,1.029007500008447
3,3,,2026-07-29T09:31:39.680841,108559,8100,5057,8100,29,8100,69,8100,15,8100,3,10099,3,1.0284606000059284
3,3,,2026-07-29T09:31:40.709621,108713,8128,5119,8128,23,8128,69,8128,14,8128,0,10263,1,1.028395899978932
3,3,,2026-07-29T09:31:41.737695,108221,7949,4873,7949,31,7949,72,7949,13,7949,1,9865,1,1.0277285000192933
3,3,,2026-07-29T09:31:42.765880,108787,8095,5088,8095,27,8095,73,8095,11,8095,1,10095,0,1.0278380000090692
3,3,,2026-07-29T09:31:43.794587,109152,8098,5073,8098,34,8098,85,8098,8,8098,3,10080,4,1.028398800001014
3,3,,2026-07-29T09:31:44.823190,108973,8116,5115,8116,32,8116,74,8116,16,8116,3,9968,2,1.028157699998701
3,3,,2026-07-29T09:31:45.852138,108577,8142,5041,8142,33,8142,87,8142,23,8142,0,10046,1,1.0285757000092417
3,3,,2026-07-29T09:31:46.881502,108553,8016,4986,8016,26,8016,67,8016,10,8016,0,10039,3,1.0290060999977868
3,3,,2026-07-29T09:31:47.911030,108921,8111,5020,8111,38,8111,77,8111,20,8111,1,9967,2,1.0290715000010096
3,3,,2026-07-29T09:31:48.939557,108485,8209,5136,8209,43,8209,75,8209,13,8209,1,10112,3,1.0280433000007179
3,3,,2026-07-29T09:31:49.967797,109376,8085,5047,8085,38,8085,69,8085,20,8085,0,10008,3,1.0278619999880902
3,3,,2026-07-29T09:31:50.997117,108747,8171,5091,8171,31,8171,87,8171,16,8171,1,10149,4,1.0289955000043847
3,3,,2026-07-29T09:31:52.026328,109050,8142,5127,8142,31,8142,70,8142,14,8142,1,10135,4,1.0288902000174858
3,3,,2026-07-29T09:31:53.056409,109121,8102,5025,8102,31,8102,78,8102,19,8102,3,9893,2,1.0295738000131678
3,3,,2026-07-29T09:31:54.085664,109600,8150,5058,8150,31,8150,79,8150,19,8150,1,10075,1,1.028953500004718
3,3,,2026-07-29T09:31:55.115646,109346,8229,5106,8229,39,8229,62,8229,9,8229,1,10045,0,1.0295941000222228
3,3,,2026-07-29T09:31:56.144452,109425,8212,5109,8212,34,8212,73,8212,10,8212,0,10093,4,1.028493099991465
3,3,,2026-07-29T09:31:57.173524,109280,8129,5077,8129,26,8129,84,8129,17,8129,0,9926,2,1.0287338999914937
3,3,,2026-07-29T09:31:58.202895,109209,7956,4933,7956,25,7956,79,7956,15,7956,1,10033,5,1.0289918000053149
3,3,,2026-07-29T09:31:59.231598,108893,8164,5165,8164,37,8164,79,8164,19,8164,2,9956,2,1.0283351999823935
3,3,,2026-07-29T09:32:00.260248,108884,8196,5044,8196,26,8196,72,8196,27,8196,2,9952,1,1.0282723999989685
3,3,,2026-07-29T09:32:01.289204,108892,8098,5013,8098,29,8098,74,8098,15,8098,2,10178,2,1.0286393999995198
3,3,,2026-07-29T09:32:02.318576,109097,8131,5125,8131,25,8131,76,8131,12,8131,1,10059,1,1.0289780999883078
3,3,,2026-07-29T09:32:03.345019,109035,8251,5192,8251,42,8251,66,8251,22,8251,1,10092,2,1.0262221000157297
3,3,,2026-07-29T09:32:04.372559,109051,8104,5029,8104,31,8104,88,8104,19,8104,2,10141,0,1.027392800024245
3,3,,2026-07-29T09:32:05.401273,109392,8212,5128,8212,33,8212,79,8212,18,8212,2,10164,3,1.028448400000343
3,3,,2026-07-29T09:32:06.430336,109634,8080,5033,8080,34,8080,81,8080,13,8080,0,10155,3,1.0286883999942802
3,3,,2026-07-29T09:32:07.457817,108643,8069,4986,8069,25,8069,70,8069,15,8069,2,10004,1,1.027106499997899
3,3,,2026-07-29T09:32:08.486725,108755,8189,5100,8189,27,8189,78,8189,19,8189,1,10064,3,1.0286193000210915
3,3,,2026-07-29T09:32:09.515903,109442,8300,5232,8300,39,8300,70,8300,18,8300,0,10037,4,1.0287932000064757
3,3,,2026-07-29T09:32:10.544936,108958,8229,5204,8229,32,8229,80,8229,12,8229,1,10108,2,1.0286774999985937
3,3,,2026-07-29T09:32:11.573808,108830,8119,5095,8119,36,8119,91,8119,18,8119,0,9956,0,1.0285465999913868
3,3,,2026-07-29T09:32:12.603570,108796,8076,5058,8076,29,8076,67,8076,13,8076,0,10278,0,1.0293923999997787
3,3,,2026-07-29T09:32:13.631358,109096,7991,4977,7991,36,7991,84,7991,18,7991,1,10026,1,1.0273575999890454
3,3,,2026-07-29T09:32:14.660406,108922,8022,4915,8022,37,8022,80,8022,7,8022,3,10025,1,1.0288016000122298
3,3,,2026-07-29T09:32:15.688737,108604,8195,5054,8195,26,8195,80,8195,16,8195,1,9964,4,1.0279933999991044
3,3,,2026-07-29T09:32:16.718366,109324,8161,5057,8161,33,8161,74,8161,18,8161,2,10023,0,1.0292314999969676
3,3,,2026-07-29T09:32:17.747460,108837,8116,5092,8116,36,8116,69,8116,20,8116,0,10004,4,1.028645599988522
3,3,,2026-07-29T09:32:18.775801,108745,8109,5047,8109,36,8109,80,8109,16,8109,1,10105,1,1.0280027000117116
3,3,,2026-07-29T09:32:19.805836,109419,8128,5144,8128,23,8128,68,8128,16,8128,1,10237,0,1.0296545999881346
3,3,,2026-07-29T09:32:20.836071,109662,8273,5227,8273,28,8273,87,8273,16,8273,0,10130,2,1.0298364000045694
3,3,,2026-07-29T09:32:21.866201,108767,8149,5087,8149,26,8149,82,8149,18,8149,2,10026,2,1.0296329999982845
3,3,,2026-07-29T09:32:22.893772,109000,8178,5082,8178,30,8178,95,8178,18,8178,1,9921,2,1.027126800006954
3,3,,2026-07-29T09:32:23.922147,108764,8212,5044,8212,31,8212,71,8212,22,8212,0,10114,2,1.0280284000036772
3,3,,2026-07-29T09:32:24.950556,108710,8268,5139,8268,30,8268,81,8268,28,8268,1,10123,2,1.0280174000072293
3,3,,2026-07-29T09:32:25.978736,109616,8190,5045,8190,37,8190,85,8190,16,8190,2,9967,0,1.0278965999896172
3,3,,2026-07-29T09:32:27.006043,109102,8255,5164,8255,29,8255,73,8255,23,8255,3,10269,1,1.0269796999928076
3,3,,2026-07-29T09:32:28.035425,108786,8236,5092,8236,22,8236,71,8236,20,8236,1,10063,2,1.0290581999870483
3,3,,2026-07-29T09:32:29.064941,109162,8041,4992,8041,39,8041,67,8041,17,8041,2,10000,2,1.0291305999853648
3,3,,2026-07-29T09:32:30.094103,109434,8277,5121,8277,28,8277,83,8277,28,8277,0,10066,3,1.02871110002161
3,3,,2026-07-29T09:32:31.123516,109455,8085,5019,8085,34,8085,69,8085,13,8085,1,10045,0,1.0290511999919545
3,3,,2026-07-29T09:32:32.152431,109083,8033,4957,8033,30,8033,87,8033,12,8033,0,10117,3,1.0285894999979064
3,3,,2026-07-29T09:32:33.181572,109105,8077,4990,8078,34,8078,80,8078,13,8078,1,10022,1,1.028791499993531
3,3,,2026-07-29T09:32:34.209825,109561,8060,5014,8059,32,8059,79,8059,27,8059,2,10048,3,1.0278769000142347
3,3,,2026-07-29T09:32:35.237733,109408,8306,5208,8306,27,8306,78,8306,12,8306,1,10052,3,1.0274841000209562
3,3,,2026-07-29T09:32:36.267605,108979,8100,4996,8100,36,8100,81,8100,17,8100,1,10020,2,1.0295503999805078
3,3,,2026-07-29T09:32:37.296138,109877,8117,5097,8117,28,8117,75,8117,20,8117,0,9893,2,1.0281372999888845
3,3,,2026-07-29T09:32:38.325671,109093,8207,5153,8207,30,8207,61,8207,20,8207,0,10131,0,1.0292678999830969
3,3,,2026-07-29T09:32:39.353795,109163,8158,4986,8158,37,8158,77,8158,21,8158,1,10221,2,1.0277651000069454
3,3,,2026-07-29T09:32:40.383439,109601,8226,5239,8226,25,8226,68,8226,29,8226,3,10079,3,1.0293729999975767
3,3,,2026-07-29T09:32:41.411337,109103,7980,4941,7980,29,7980,80,7980,19,7980,2,10100,1,1.0275389999733306
3,3,,2026-07-29T09:32:42.441007,109144,8097,5083,8097,23,8097,71,8097,15,8097,0,10107,2,1.0292960999940988
3,3,,2026-07-29T09:32:43.469846,109538,8107,5108,8107,41,8107,83,8107,20,8107,0,9953,3,1.028504600020824
3,3,,2026-07-29T09:32:44.499183,109603,8130,5009,8130,36,8130,75,8130,22,8130,0,10159,1,1.0289891000138596
3,3,,2026-07-29T09:32:45.528094,109276,8186,5128,8186,39,8186,90,8186,22,8186,0,10203,4,1.02850899999612
3,3,,2026-07-29T09:32:46.558276,108942,8128,5123,8128,36,8128,68,8128,12,8128,1,10037,4,1.0296800000069197
3,3,,2026-07-29T09:32:47.586634,109384,8071,5043,8071,27,8071,64,8071,20,8071,1,10151,2,1.028054800000973
3,3,,2026-07-29T09:32:48.616119,109457,8233,5126,8233,35,8233,79,8233,16,8233,3,10042,0,1.0291167999967001
3,3,,2026-07-29T09:32:49.645900,108850,8167,5197,8167,27,8167,80,8167,13,8167,1,10023,0,1.0293196999991778
3,3,,2026-07-29T09:32:50.675466,109724,8133,5160,8133,28,8133,91,8133,11,8133,0,10034,1,1.0291216000041459
3,3,,2026-07-29T09:32:51.704804,109765,8322,5172,8322,34,8322,80,8322,13,8322,1,10150,1,1.0289054000168107
3,3,,2026-07-29T09:32:52.732145,108967,8039,5029,8039,33,8039,71,8039,11,8039,2,10116,3,1.0269528000208084
3,3,,2026-07-29T09:32:53.759688,108895,8128,5030,8128,37,8128,79,8128,21,8128,1,10126,1,1.027314800012391
3,3,,2026-07-29T09:32:54.786357,109129,8125,5111,8125,29,8125,66,8125,7,8125,2,10132,1,1.0264971000142395
3,3,,2026-07-29T09:32:55.813021,109332,8180,5081,8180,31,8180,79,8180,25,8180,1,10026,2,1.0264097999897785
3,3,,2026-07-29T09:32:56.842795,109019,7977,5033,7977,28,7977,71,7977,16,7977,2,10060,0,1.029491199995391
3,3,,2026-07-29T09:32:57.872113,109022,8094,5075,8094,33,8094,85,8094,17,8094,0,10046,3,1.0289410999976099
3,3,,2026-07-29T09:32:58.900944,108985,8077,5052,8077,31,8077,78,8077,16,8077,1,9994,4,1.0284618999867234
3,3,,2026-07-29T09:32:59.929903,109418,8180,5056,8180,37,8180,77,8180,15,8180,1,9947,1,1.0285961999907158
3,3,,2026-07-29T09:33:00.958259,109497,8216,5133,8216,34,8216,75,8216,13,8216,0,9992,2,1.0278928999905474
3,3,,2026-07-29T09:33:01.986350,108911,8163,5047,8163,28,8163,82,8163,19,8163,0,10148,1,1.0277499000076205
3,3,,2026-07-29T09:33:03.015728,108811,8151,5103,8151,27,8151,80,8151,20,8151,1,10062,5,1.0291080999886617
3,3,,2026-07-29T09:33:04.045829,109427,8286,5159,8286,26,8286,69,8286,22,8286,0,9946,2,1.0297961000178475
3,3,,2026-07-29T09:33:05.074555,108769,8129,5033,8129,33,8129,84,8129,15,8129,1,10070,1,1.0282705999852624
3,3,,2026-07-29T09:33:06.102753,109196,8085,5041,8085,27,8085,85,8085,10,8085,2,10145,2,1.02784409999731
3,3,,2026-07-29T09:33:07.133111,108943,8064,5045,8064,20,8064,68,8064,14,8064,2,9919,0,1.029970300005516
3,3,,2026-07-29T09:33:08.163398,109137,8082,5056,8082,35,8082,67,8082,20,8082,1,10188,2,1.029874200001359
3,3,,2026-07-29T09:33:09.192906,109323,8299,5149,8299,37,8299,74,8299,17,8299,1,10001,3,1.0290495999797713
3,3,,2026-07-29T09:33:10.221402,109674,8203,5168,8203,28,8203,85,8203,29,8203,1,10090,1,1.0280803000205196
3,3,,2026-07-29T09:33:11.248683,108868,8206,5114,8206,22,8206,77,8206,21,8206,0,10148,1,1.0268833999871276
3,3,,2026-07-29T09:33:12.275972,108881,8045,4993,8045,25,8045,67,8045,15,8045,0,10042,3,1.0269988999934867
3,3,,2026-07-29T09:33:13.304400,108907,8096,5115,8096,37,8096,74,8096,20,8096,1,9993,2,1.028194499987876
3,3,,2026-07-29T09:33:14.332925,109231,8157,5115,8157,37,8157,61,8157,12,8157,0,9945,0,1.0282225999981165
3,3,,2026-07-29T09:33:15.362634,108321,8239,5116,8239,36,8239,75,8239,17,8239,1,10034,2,1.0293099000118673
3,3,,2026-07-29T09:33:16.391050,109560,8135,5098,8135,34,8135,70,8135,15,8135,2,10161,3,1.028026999993017
3,3,,2026-07-29T09:33:17.419344,108729,8038,5027,8038,32,8038,74,8038,13,8038,4,9955,1,1.0279429000220262
3,3,,2026-07-29T09:33:18.448566,108813,8179,5118,8179,31,8179,82,8179,16,8179,1,9941,1,1.0288881000014953
3,3,,2026-07-29T09:33:19.476623,109369,7985,4982,7985,27,7985,77,7985,19,7985,2,10183,1,1.0276977000175975
3,3,,2026-07-29T09:33:20.505315,108560,8111,5046,8111,17,8111,85,8111,13,8111,1,9963,2,1.0283834000001661
3,3,,2026-07-29T09:33:21.532809,109473,8155,5076,8155,42,8155,75,8155,20,8155,1,10041,6,1.027095100027509
3,3,,2026-07-29T09:33:22.561802,109147,8111,5051,8111,33,8111,93,8111,17,8111,1,9928,1,1.0286705000035
3,3,,2026-07-29T09:33:23.591114,109028,8084,5075,8084,28,8084,60,8084,22,8084,4,9941,1,1.028834700002335
3,3,,2026-07-29T09:33:24.619234,109374,8130,5058,8130,28,8130,77,8130,16,8130,0,10207,1,1.0278004000138026
3,3,,2026-07-29T09:33:25.648474,108612,7983,4924,7983,35,7983,88,7983,15,7983,0,10079,2,1.0288821999856737
3,3,,2026-07-29T09:33:26.676861,109342,8101,5001,8101,28,8101,70,8101,19,8101,1,10118,1,1.0280376999871805
3,3,,2026-07-29T09:33:27.705695,109175,8034,5043,8034,34,8034,73,8034,17,8034,4,9980,1,1.0284714000008535
3,3,,2026-07-29T09:33:28.734073,109299,8185,5180,8185,34,8185,66,8185,16,8185,5,10032,2,1.0280435000022408
3,3,,2026-07-29T09:33:29.762611,109485,8136,5038,8136,22,8136,69,8136,30,8136,2,10142,1,1.0282295000215527
3,3,,2026-07-29T09:33:30.791544,108791,8275,5155,8275,41,8275,77,8275,16,8275,0,10187,5,1.0284567000053357
3,3,,2026-07-29T09:33:31.819476,108878,8122,5048,8122,39,8122,68,8122,15,8122,1,10114,1,1.0275620000029448
3,3,,2026-07-29T09:33:32.848433,108685,8081,5092,8081,31,8081,69,8081,16,8081,0,9925,5,1.0286550000018906
3,3,,2026-07-29T09:33:33.877957,108837,8028,5011,8028,30,8028,74,8028,15,8028,0,10131,2,1.029111500014551
3,3,,2026-07-29T09:33:34.907342,108814,8195,5104,8195,30,8195,67,8195,20,8195,1,10023,4,1.0289320000156295
3,3,,2026-07-29T09:33:35.936533,108473,8128,5015,8128,45,8128,87,8128,23,8128,0,10136,3,1.0287861000106204
3,3,,2026-07-29T09:33:36.965186,109719,8034,5039,8034,36,8034,76,8034,19,8034,1,10101,1,1.0282379999989644
3,3,,2026-07-29T09:33:37.993916,109024,8074,5023,8074,26,8074,82,8074,18,8074,1,10166,1,1.0283595000219066
3,3,,2026-07-29T09:33:39.022830,108572,8188,5042,8188,23,8188,68,8188,17,8188,0,10139,3,1.028559399972437
3,3,,2026-07-29T09:33:40.051519,108847,8114,5045,8114,23,8114,85,8114,18,8114,3,10104,2,1.028195399994729
3,3,,2026-07-29T09:33:41.080970,108955,8083,5047,8083,36,8083,83,8083,14,8083,2,10017,1,1.0290773999877274
3,3,,2026-07-29T09:33:42.110643,109584,8242,5166,8242,42,8242,73,8242,19,8242,1,10231,0,1.0292674000083935
3,3,,2026-07-29T09:33:43.141770,109068,8238,5113,8238,43,8238,70,8238,12,8238,0,10098,2,1.0306534999981523
3,3,,2026-07-29T09:33:44.170822,109423,8136,5055,8136,34,8136,71,8136,11,8136,3,9885,4,1.0286849999974947
3,3,,2026-07-29T09:33:45.198277,108499,8014,4951,8014,36,8014,72,8014,23,8014,1,9995,1,1.0272573999827728
3,3,,2026-07-29T09:33:46.227956,109019,8167,5159,8167,28,8167,86,8167,15,8167,2,9993,1,1.029471999994712
3,3,,2026-07-29T09:33:47.254925,109342,8260,5240,8260,34,8260,82,8260,8,8260,2,10115,3,1.0265798999753315
3,3,,2026-07-29T09:33:48.282777,108603,8034,4936,8034,28,8034,76,8034,24,8034,1,10157,4,1.0275876999949105
3,3,,2026-07-29T09:33:49.310403,108594,8075,5014,8075,32,8075,84,8075,15,8075,0,10081,0,1.0272824999992736
3,3,,2026-07-29T09:33:50.339146,108901,8139,5108,8139,23,8139,67,8139,19,8139,2,10106,1,1.0284230000106618
3,3,,2026-07-29T09:33:51.368190,109189,8120,5048,8120,39,8120,75,8120,11,8120,1,9994,2,1.0286925999971572
3,3,,2026-07-29T09:33:52.397111,109279,8119,5180,8119,29,8119,76,8119,17,8119,1,9990,2,1.0285570999840274
3,3,,2026-07-29T09:33:53.425922,109527,8075,5019,8075,23,8075,67,8075,16,8075,4,9865,0,1.0285267000144813
3,3,,2026-07-29T09:33:54.454897,109427,8068,5027,8068,40,8068,65,8068,18,8068,1,10174,1,1.0286440000054426
3,3,,2026-07-29T09:33:55.483414,108778,8126,5045,8126,25,8126,66,8126,11,8126,4,10104,3,1.0281788999855053
3,3,,2026-07-29T09:33:56.511898,108560,8028,5018,8028,24,8028,69,8028,19,8028,0,10045,1,1.028054800000973
3,3,,2026-07-29T09:33:57.541979,109144,8234,5122,8234,32,8234,72,8234,18,8234,1,9969,2,1.0297395999950822
3,3,,2026-07-29T09:33:58.570414,109269,8034,4991,8034,26,8034,100,8034,16,8034,0,10143,1,1.0281126000045333
3,3,,2026-07-29T09:33:59.599496,109092,7992,5024,7992,40,7992,60,7992,18,7992,1,9954,4,1.028743000002578
3,3,,2026-07-29T09:34:00.628531,109300,8149,5036,8149,25,8149,76,8149,25,8149,1,10051,3,1.0286269999924116
3,3,,2026-07-29T09:34:01.657666,109349,8086,5064,8086,29,8086,82,8086,15,8086,0,9994,1,1.0286921000224538
3,3,,2026-07-29T09:34:02.685911,108654,8098,5073,8098,34,8098,74,8098,20,8098,2,9992,1,1.0278301000071224
3,3,,2026-07-29T09:34:03.713634,108373,8146,5049,8146,36,8146,65,8146,23,8146,0,10031,3,1.0273245999997016
3,3,,2026-07-29T09:34:04.740382,108765,8142,5058,8142,29,8142,83,8142,18,8142,2,9950,2,1.0264216999930795
3,3,,2026-07-29T09:34:05.769268,108954,8111,5073,8111,34,8111,80,8111,15,8111,0,9960,0,1.0286403000063729
3,3,,2026-07-29T09:34:06.796523,108431,8026,5012,8026,38,8026,80,8026,11,8026,1,10145,0,1.0269914999953471
3,3,,2026-07-29T09:34:07.824597,109364,8129,5104,8129,27,8129,76,8129,12,8129,1,10087,3,1.0278228999814019
3,3,,2026-07-29T09:34:08.852831,108726,8342,5234,8342,24,8342,73,8342,22,8342,2,9916,0,1.027991100010695
3,3,,2026-07-29T09:34:09.881989,109324,8357,5168,8357,28,8357,86,8357,13,8357,2,10050,3,1.028806899994379
3,3,,2026-07-29T09:34:10.911086,109282,8096,5072,8096,32,8096,64,8096,7,8096,0,10063,3,1.0286369000095874
3,3,,2026-07-29T09:34:11.940015,109107,8073,5080,8073,38,8073,78,8073,16,8073,1,10144,2,1.0286481000075582
3,3,,2026-07-29T09:34:12.968366,108471,8025,5003,8025,22,8025,81,8025,16,8025,0,10045,1,1.0279871000093408
3,3,,2026-07-29T09:34:13.997877,109511,8281,5129,8281,29,8281,77,8281,20,8281,1,10155,2,1.029158399993321
3,3,,2026-07-29T09:34:15.027299,109004,8246,5148,8246,27,8246,83,8246,12,8246,3,10120,1,1.0290595999977086
3,3,,2026-07-29T09:34:16.056292,108810,8004,5062,8004,24,8004,66,8004,13,8004,0,10109,1,1.0286018000042532
3,3,,2026-07-29T09:34:17.084915,109141,8018,4999,8018,44,8018,68,8018,15,8018,3,10273,1,1.0282599000202026
3,3,,2026-07-29T09:34:18.114639,109124,8064,5032,8064,31,8064,68,8064,16,8064,0,10058,1,1.029348799987929
3,3,,2026-07-29T09:34:19.142716,109258,8074,4989,8074,32,8074,83,8074,20,8074,3,10231,1,1.0276703999843448
3,3,,2026-07-29T09:34:20.169807,109261,8080,5037,8080,31,8080,66,8080,18,8080,1,9808,4,1.026724399998784
3,3,,2026-07-29T09:34:21.198855,109079,8083,5082,8083,27,8083,71,8083,21,8083,0,10038,3,1.0287480999832042
3,3,,2026-07-29T09:34:22.227679,109406,8122,5097,8122,40,8122,64,8122,15,8122,0,9912,3,1.0284535000100732
3,3,,2026-07-29T09:34:23.257077,109122,8051,5011,8051,28,8051,73,8051,17,8051,1,9919,4,1.0290221000032034
3,3,,2026-07-29T09:34:24.286484,108851,8088,5082,8088,39,8088,76,8088,17,8088,0,10215,6,1.0290333000011742
3,3,,2026-07-29T09:34:25.315111,109645,8196,5120,8196,31,8196,75,8196,13,8196,4,10111,1,1.0282537000020966
3,3,,2026-07-29T09:34:26.343633,109225,8039,4958,8039,25,8039,72,8039,16,8039,0,10083,5,1.0281270999985281
3,3,,2026-07-29T09:34:27.372559,109242,8070,5126,8070,31,8070,69,8070,13,8070,0,9940,3,1.028563200001372
3,3,,2026-07-29T09:34:28.402358,109337,8113,5048,8113,32,8113,71,8113,13,8113,3,10216,0,1.029431900009513
3,3,,2026-07-29T09:34:29.431418,109797,8318,5153,8318,31,8318,80,8318,25,8318,2,10287,2,1.0287445000139996
3,3,,2026-07-29T09:34:30.460209,108930,8187,5110,8187,23,8187,79,8187,21,8187,3,10102,3,1.0284676000010222
3,3,,2026-07-29T09:34:31.488638,108676,8065,5050,8065,32,8065,70,8065,16,8065,1,10273,2,1.0280589000030886
3,3,,2026-07-29T09:34:32.517330,108825,8114,5083,8114,40,8114,77,8114,16,8114,2,9971,3,1.0284023999993224
3,3,,2026-07-29T09:34:33.545946,108836,8034,4982,8034,34,8034,71,8034,23,8034,0,10081,1,1.0282440999872051
3,3,,2026-07-29T09:34:34.574716,109370,8175,5124,8175,34,8175,82,8175,21,8175,0,10060,0,1.028384500008542
3,3,,2026-07-29T09:34:35.603078,109485,8188,5071,8188,28,8188,72,8188,18,8188,1,10068,0,1.028032100002747
3,3,,2026-07-29T09:34:36.631711,109203,7951,4978,7951,27,7951,73,7951,10,7951,0,10272,3,1.028246300003957
3,3,,2026-07-29T09:34:37.659863,108577,8146,5056,8146,27,8146,83,8146,25,8146,1,10017,2,1.0279374000092503
3,3,,2026-07-29T09:34:38.688625,109055,8147,5091,8147,36,8147,68,8147,17,8147,1,10166,0,1.028323000005912
3,3,,2026-07-29T09:34:39.717076,109821,8386,5221,8386,32,8386,72,8386,16,8386,4,10103,4,1.028009600006044
3,3,,2026-07-29T09:34:40.746400,108715,7920,4868,7921,16,7921,82,7921,16,7921,0,10087,1,1.0289440999913495
3,3,,2026-07-29T09:34:41.775181,109209,8209,5096,8208,35,8208,70,8208,20,8208,2,9967,1,1.028371699998388
3,3,,2026-07-29T09:34:42.804723,109148,7906,4896,7906,25,7906,83,7906,25,7906,2,10014,4,1.029190999979619
3,3,,2026-07-29T09:34:43.833223,109354,8058,5040,8058,30,8058,74,8058,14,8058,0,10165,3,1.0281811000022572
3,3,,2026-07-29T09:34:44.861929,109224,8312,5214,8312,27,8312,93,8312,14,8312,2,10091,2,1.0282932999834884
3,3,,2026-07-29T09:34:45.890900,108730,8125,5070,8125,25,8125,77,8125,18,8125,1,9959,1,1.0286147999868263
3,3,,2026-07-29T09:34:46.920149,109073,7881,4917,7881,37,7881,59,7881,27,7881,0,9985,2,1.0288614000019152
3,3,,2026-07-29T09:34:47.948879,109509,8172,5045,8172,28,8172,70,8172,20,8172,2,9857,3,1.0282695999776479
3,3,,2026-07-29T09:34:48.978327,109520,8142,5059,8142,22,8142,83,8142,15,8142,1,10130,1,1.0290799000067636
3,3,,2026-07-29T09:34:50.007254,109531,8270,5067,8270,21,8270,84,8270,14,8270,0,10218,3,1.0285252000030596
3,3,,2026-07-29T09:34:51.036302,108873,8154,5153,8154,23,8154,71,8154,19,8154,1,10145,2,1.0287218999874312
3,3,,2026-07-29T09:34:52.065783,109065,8170,5076,8170,33,8170,77,8170,11,8170,0,10088,2,1.0290475999936461
3,3,,2026-07-29T09:34:53.095526,108476,8074,5095,8074,25,8074,72,8074,16,8074,1,10087,1,1.029383399989456
3,3,,2026-07-29T09:34:54.124515,109301,8117,4987,8117,24,8117,90,8117,18,8117,2,10184,1,1.0286161999974865
3,3,,2026-07-29T09:34:55.152700,108810,7963,4974,7963,32,7963,84,7963,29,7963,0,10111,4,1.027840800001286
3,3,,2026-07-29T09:34:56.181304,108676,7919,5030,7919,24,7919,62,7919,14,7919,0,10013,1,1.0283185000007506
3,3,,2026-07-29T09:34:57.208595,108489,8173,5096,8173,41,8173,75,8173,23,8173,0,10225,2,1.026910599990515
3,3,,2026-07-29T09:34:58.238846,108819,8166,5129,8166,30,8166,85,8166,14,8166,1,10087,0,1.0300359999819193
3,3,,2026-07-29T09:34:59.267645,108971,8132,5084,8132,30,8132,72,8132,17,8132,2,10031,4,1.0284164000186138
3,3,,2026-07-29T09:35:00.296678,109139,8082,5055,8082,29,8082,87,8082,11,8082,3,9793,5,1.028672500018729
3,3,,2026-07-29T09:35:01.324298,109275,8223,5061,8223,39,8223,63,8223,17,8223,2,10035,3,1.0272096999979112
3,3,,2026-07-29T09:35:02.352073,108605,8222,5105,8222,29,8222,66,8222,17,8222,1,10091,2,1.0274336000147741
3,3,,2026-07-29T09:35:03.380985,108796,7959,4955,7959,24,7959,81,7959,22,7959,1,10059,2,1.0285993999859784
3,3,,2026-07-29T09:35:04.409976,109362,8109,5080,8109,38,8109,71,8109,15,8109,0,9999,0,1.0287057999812532
3,3,,2026-07-29T09:35:05.439082,108616,8027,4963,8027,36,8027,83,8027,20,8027,1,10110,2,1.0287155999976676
3,3,,2026-07-29T09:35:06.467997,109194,7922,4912,7922,27,7922,90,7922,20,7922,3,10056,1,1.028587199980393
3,3,,2026-07-29T09:35:07.497268,108733,8213,5108,8213,24,8213,82,8213,22,8213,2,9961,3,1.0289566999999806
3,3,,2026-07-29T09:35:08.526205,109206,8208,5081,8208,26,8208,72,8208,17,8208,0,9954,1,1.0285872999811545
3,3,,2026-07-29T09:35:09.554413,108904,8009,4978,8009,27,8009,60,8009,21,8009,1,9988,0,1.0278693999862298
3,3,,2026-07-29T09:35:10.583014,108919,8123,5091,8123,33,8123,71,8123,14,8123,1,10052,1,1.028259699989576
3,3,,2026-07-29T09:35:11.610083,108572,8114,5001,8114,29,8114,85,8114,16,8114,2,9986,1,1.0267347999906633
3,3,,2026-07-29T09:35:12.637070,109088,8101,5020,8101,19,8101,80,8101,12,8101,2,10006,2,1.026648600003682
3,3,,2026-07-29T09:35:13.664370,109259,8086,5059,8086,33,8086,67,8086,16,8086,2,9906,1,1.0271043999819085
3,3,,2026-07-29T09:35:14.692066,108992,8119,5089,8119,37,8119,77,8119,19,8119,4,10003,1,1.02742450000369
3,3,,2026-07-29T09:35:15.719398,109518,8041,5023,8041,31,8041,66,8041,22,8041,2,9912,2,1.0270309000043198
3,3,,2026-07-29T09:35:16.745497,108876,8076,5087,8076,26,8076,73,8076,14,8076,1,10085,1,1.0258529999991879
3,3,,2026-07-29T09:35:17.772125,109364,8125,5027,8125,33,8125,72,8125,17,8125,0,9962,0,1.0264806000050157
3,3,,2026-07-29T09:35:18.799194,108829,8064,5014,8064,39,8064,76,8064,16,8064,1,10061,1,1.0268452000163961
3,3,,2026-07-29T09:35:19.827666,108826,8059,4966,8059,37,8059,83,8059,12,8059,2,10068,2,1.0281114999961574
3,3,,2026-07-29T09:35:20.857110,109660,8123,5071,8124,26,8124,81,8124,16,8124,0,10058,1,1.029027499986114
3,3,,2026-07-29T09:35:21.886329,108630,7989,4956,7988,35,7988,77,7988,24,7988,2,10127,3,1.0288452999957372
3,3,,2026-07-29T09:35:22.915948,109405,8248,5129,8248,33,8248,83,8248,10,8248,1,9796,1,1.0292905000096653
3,3,,2026-07-29T09:35:23.943995,108795,8064,5038,8064,31,8064,73,8064,15,8064,2,10133,0,1.0276673000189476
3,3,,2026-07-29T09:35:24.973979,108701,7955,4959,7955,24,7955,78,7955,19,7955,2,10133,0,1.0296121000137646
3,3,,2026-07-29T09:35:26.003521,108872,8133,5145,8133,29,8133,60,8133,20,8133,0,10088,3,1.029070699994918
3,3,,2026-07-29T09:35:27.030858,109582,8004,4977,8004,37,8004,70,8004,21,8004,1,10157,2,1.0269085000036284
3,3,,2026-07-29T09:35:28.058910,109338,8037,4976,8037,29,8037,67,8037,15,8037,1,10122,2,1.0278876000083983
3,3,,2026-07-29T09:35:29.087313,109205,8149,5066,8149,36,8149,82,8149,23,8149,1,10058,1,1.0281678999890573
3,3,,2026-07-29T09:35:30.116361,109695,8143,5199,8143,23,8143,71,8143,22,8143,0,10147,1,1.0286531000165269
3,3,,2026-07-29T09:35:31.145905,109107,8163,5066,8163,23,8163,83,8163,13,8163,1,9930,0,1.029270400002133
3,3,,2026-07-29T09:35:32.176221,109344,8106,5128,8106,25,8106,76,8106,27,8106,0,10039,1,1.0299660000018775
3,3,,2026-07-29T09:35:33.205410,108723,8196,5145,8196,30,8196,78,8196,21,8196,1,10046,1,1.028751400008332
3,3,,2026-07-29T09:35:34.234617,109142,7975,5011,7975,34,7975,92,7975,22,7975,3,9831,2,1.0288429999782238
3,3,,2026-07-29T09:35:35.264403,109167,8002,4975,8002,20,8002,86,8002,19,8002,2,10068,1,1.029426399996737
3,3,,2026-07-29T09:35:36.293509,109081,8062,5076,8062,39,8062,68,8062,17,8062,0,9992,1,1.0287248000095133
3,3,,2026-07-29T09:35:37.321478,109226,8025,5004,8025,39,8025,75,8025,16,8025,2,10078,1,1.027648199989926
3,3,,2026-07-29T09:35:38.350257,109155,8060,4998,8060,29,8060,83,8060,12,8060,2,10049,2,1.0284399000229314
3,3,,2026-07-29T09:35:39.378540,109464,8256,5183,8256,27,8256,65,8256,14,8256,2,9925,1,1.0278643999772612
3,3,,2026-07-29T09:35:40.407751,109385,8133,5117,8133,31,8133,61,8133,17,8133,3,10077,2,1.028906099993037
3,3,,2026-07-29T09:35:41.436640,109462,8198,5097,8198,40,8198,72,8198,22,8198,2,9823,4,1.0285270999884233
3,3,,2026-07-29T09:35:42.466120,108700,7980,4917,7980,32,7980,80,7980,13,7980,1,9869,3,1.0291350999905262
3,3,,2026-07-29T09:35:43.496127,109120,8114,5119,8114,24,8114,77,8114,15,8114,2,9978,6,1.0295724000025075
3,3,,2026-07-29T09:35:44.525072,109080,8169,5097,8169,35,8169,83,8169,19,8169,1,10119,3,1.0286353999981657
3,3,,2026-07-29T09:35:45.553844,108571,8142,5141,8142,29,8142,83,8142,20,8142,2,10028,1,1.028428299992811
3,3,,2026-07-29T09:35:46.582667,109050,8016,4997,8016,32,8016,72,8016,14,8016,1,10001,1,1.028472200006945
3,3,,2026-07-29T09:35:47.611206,108780,8108,5088,8108,38,8108,72,8108,19,8108,1,10087,3,1.0280905999825336
3,3,,2026-07-29T09:35:48.639388,108980,8008,5044,8008,29,8008,72,8008,18,8008,1,10074,1,1.0277938999934122
3,3,,2026-07-29T09:35:49.669011,108977,8047,5028,8047,32,8047,84,8047,20,8047,0,10049,1,1.0292487000115216
3,3,,2026-07-29T09:35:50.698467,109083,8141,5044,8141,20,8141,71,8141,16,8141,2,10131,3,1.0291183000081219
3,3,,2026-07-29T09:35:51.726985,109543,8092,5061,8092,20,8092,85,8092,15,8092,0,9955,5,1.0281403999833856
3,3,,2026-07-29T09:35:52.755975,109399,8059,5053,8059,28,8059,65,8059,15,8060,3,9998,1,1.0286103000107687
3,3,,2026-07-29T09:35:53.785611,108754,8119,5133,8119,33,8119,68,8119,23,8118,1,9985,1,1.0293110999919008
3,3,,2026-07-29T09:35:54.814487,109541,8143,5079,8143,32,8143,78,8143,19,8143,1,10127,1,1.0284983000019565
3,3,,2026-07-29T09:35:55.842052,109003,8079,4943,8079,31,8079,76,8079,14,8079,1,10128,1,1.0272237999888603
3,3,,2026-07-29T09:35:56.870732,108433,8033,4927,8033,30,8033,73,8033,23,8033,1,10058,1,1.028401000017766
3,3,,2026-07-29T09:35:57.899265,108955,8138,5061,8138,23,8138,73,8138,31,8138,2,10166,2,1.0282229000004008
3,3,,2026-07-29T09:35:58.928324,108617,8148,5123,8148,32,8148,76,8148,14,8148,1,10138,0,1.028670300001977
3,3,,2026-07-29T09:35:59.955064,109117,7978,4996,7978,19,7978,64,7978,14,7978,1,9937,2,1.0264095999882556
3,3,,2026-07-29T09:36:00.982796,109158,8330,5233,8330,28,8330,80,8330,17,8330,3,10103,4,1.0274095999775454
3,3,,2026-07-29T09:36:02.011529,109323,8133,5100,8133,29,8133,57,8133,15,8133,0,10012,1,1.028454800019972
3,3,,2026-07-29T09:36:03.040575,109532,8261,5169,8261,31,8261,73,8261,12,8261,1,10080,0,1.0286949999863282
3,3,,2026-07-29T09:36:04.067512,109018,8044,4988,8044,28,8044,73,8044,16,8044,2,10075,5,1.0266562000033446
3,3,,2026-07-29T09:36:05.096827,108806,8105,5113,8105,32,8105,88,8105,17,8105,2,10079,2,1.0290706000232603
3,3,,2026-07-29T09:36:06.125586,109203,7984,5054,7984,35,7984,75,7984,19,7984,1,9940,1,1.0283495000039693
3,3,,2026-07-29T09:36:07.154657,109242,8078,4981,8078,42,8078,72,8078,16,8078,0,10036,0,1.0286870000127237
3,3,,2026-07-29T09:36:08.183565,109573,8004,5022,8004,30,8005,80,8005,16,8005,1,10139,2,1.0284359999932349
3,3,,2026-07-29T09:36:09.210839,108975,8150,5059,8150,26,8149,89,8149,16,8149,0,10012,3,1.0269620999752078
3,3,,2026-07-29T09:36:10.240331,109571,8079,5040,8079,31,8079,73,8079,10,8079,2,10086,1,1.0291068000078667
3,3,,2026-07-29T09:36:11.266709,109094,8016,4974,8016,28,8016,87,8016,16,8016,2,10044,1,1.0260113000113051
3,3,,2026-07-29T09:36:12.295759,108642,7950,4995,7950,30,7950,65,7950,19,7950,0,9955,3,1.0286998999945354
3,3,,2026-07-29T09:36:13.324055,108962,8103,5032,8103,32,8103,75,8103,15,8103,0,10040,6,1.0279547999962233
3,3,,2026-07-29T09:36:14.350943,108704,8203,4995,8203,36,8203,84,8203,18,8203,1,10003,3,1.0265517999941949
3,3,,2026-07-29T09:36:15.384166,109779,8164,5139,8164,30,8164,77,8164,17,8164,1,10197,1,1.0257656000030693
3,3,,2026-07-29T09:36:16.412004,108893,8079,4999,8079,22,8079,93,8079,14,8079,1,10168,0,1.0267188999860082
3,3,,2026-07-29T09:36:17.439030,108912,7992,4913,7992,29,7992,61,7992,15,7992,1,9929,2,1.026790899981279
3,3,,2026-07-29T09:36:18.465357,108431,8012,5003,8012,27,8012,80,8012,13,8012,1,9921,1,1.0261747000040486
3,3,,2026-07-29T09:36:19.492122,109173,8043,5045,8043,28,8043,81,8043,15,8043,1,10024,1,1.026505299989367
3,3,,2026-07-29T09:36:20.520318,108972,7973,4900,7973,38,7973,70,7973,11,7973,0,9964,1,1.0279515000001993
3,3,,2026-07-29T09:36:21.549554,109085,8106,4951,8106,28,8106,77,8106,13,8106,3,9956,1,1.0289176999940537
3,3,,2026-07-29T09:36:22.578143,109242,8175,5033,8175,28,8175,76,8175,18,8175,2,10074,1,1.0282662000099663
3,3,,2026-07-29T09:36:23.606587,109216,8313,5160,8313,28,8313,87,8313,26,8313,0,9926,2,1.0281263000215404
3,3,,2026-07-29T09:36:24.634540,109037,8024,5003,8024,26,8024,87,8024,19,8024,1,9932,0,1.0275814000051469
3,3,,2026-07-29T09:36:25.663192,109043,8122,5091,8122,28,8122,67,8122,16,8122,1,9906,1,1.0283444999950007
3,3,,2026-07-29T09:36:26.692113,110114,8280,5258,8280,28,8280,74,8280,17,8280,1,10150,0,1.0285087000229396
3,3,,2026-07-29T09:36:27.720787,109327,8132,5059,8132,32,8132,61,8132,17,8132,1,10029,3,1.0283009999839123
3,3,,2026-07-29T09:36:28.757366,109586,8164,5137,8164,33,8164,68,8164,15,8164,2,10283,1,1.0362436000141315
3,3,,2026-07-29T09:36:29.784676,109104,8090,5099,8090,28,8090,74,8090,16,8090,0,9926,2,1.026969900005497
3,3,,2026-07-29T09:36:30.814220,109604,8045,4999,8045,27,8045,66,8045,17,8045,2,10047,0,1.029189699998824
3,3,,2026-07-29T09:36:31.842857,108591,7984,4962,7984,29,7984,86,7984,18,7984,3,10112,3,1.0282978999894112
3,3,,2026-07-29T09:36:32.871565,109031,8173,5121,8173,30,8173,79,8173,17,8173,0,9983,1,1.0282569999981206
3,3,,2026-07-29T09:36:33.900308,109073,7938,4975,7938,28,7938,57,7939,14,7939,1,10100,0,1.028309099987382
3,3,,2026-07-29T09:36:34.929601,109164,8102,5048,8102,34,8102,86,8101,17,8101,0,9906,1,1.0289437999890652
3,3,,2026-07-29T09:36:35.958566,108878,8118,5024,8118,27,8118,90,8118,19,8118,2,10030,0,1.0285680000088178
3,3,,2026-07-29T09:36:36.987768,109092,8164,5096,8164,27,8164,65,8164,18,8164,2,9932,2,1.0288192000007257
3,3,,2026-07-29T09:36:38.016865,109085,8186,5208,8186,27,8186,67,8186,18,8186,1,9963,2,1.02868769998895
3,3,,2026-07-29T09:36:39.046333,108756,8057,5032,8057,29,8057,72,8057,15,8057,2,10113,2,1.0291370000049938
3,3,,2026-07-29T09:36:40.075065,108930,8074,4988,8074,26,8074,72,8074,21,8074,0,10079,0,1.0283583999844268
3,3,,2026-07-29T09:36:41.103462,109575,8118,5043,8118,23,8118,83,8118,25,8118,2,10172,1,1.0279872999817599
3,3,,2026-07-29T09:36:42.130711,109613,8209,5123,8209,29,8209,70,8209,16,8209,3,10169,0,1.0269935999822337
3,3,,2026-07-29T09:36:43.158382,109022,8063,5024,8063,22,8063,96,8063,22,8063,0,9997,0,1.0274403000075836
3,3,,2026-07-29T09:36:44.186790,108786,8124,5049,8124,28,8124,65,8124,21,8124,1,10000,0,1.028111399995396
3,3,,2026-07-29T09:36:45.215697,108951,7993,4952,7993,31,7993,85,7993,20,7993,2,10166,3,1.0285293000051752
3,3,,2026-07-29T09:36:46.244339,108324,8177,5105,8177,27,8177,80,8177,22,8177,1,10100,3,1.028329799999483
3,3,,2026-07-29T09:36:47.274045,108494,8170,5178,8170,27,8170,75,8170,13,8170,0,9984,2,1.0293240000028163
3,3,,2026-07-29T09:36:48.303856,109045,8065,5026,8065,25,8065,79,8065,12,8065,0,9943,3,1.029362300003413
3,3,,2026-07-29T09:36:49.332220,108930,8129,5108,8129,30,8129,72,8129,18,8129,1,9937,5,1.027978099999018
3,3,,2026-07-29T09:36:50.361258,108698,7962,4974,7962,31,7962,74,7962,25,7962,1,9961,2,1.0286974999762606
3,3,,2026-07-29T09:36:51.388597,108917,8211,5166,8211,27,8211,54,8211,17,8211,2,10028,1,1.02702649999992
3,3,,2026-07-29T09:36:52.415724,109092,7995,5033,7995,39,7995,82,7995,18,7995,2,9909,3,1.02689979999559
3,3,,2026-07-29T09:36:53.444975,109144,8023,4999,8023,27,8023,72,8023,14,8023,0,9903,1,1.028906099993037
3,3,,2026-07-29T09:36:54.474430,109693,8169,5116,8169,27,8169,85,8169,13,8169,3,10044,3,1.0290852000180166
3,3,,2026-07-29T09:36:55.502906,108960,8151,5066,8151,34,8151,85,8151,17,8151,2,10143,1,1.0280823000066448
3,3,,2026-07-29T09:36:56.530593,109158,8224,5187,8224,28,8224,71,8224,12,8224,1,9927,2,1.0273266999865882
3,3,,2026-07-29T09:36:57.558205,109006,8037,4967,8037,27,8037,84,8037,19,8037,1,10230,0,1.0273784000019077
3,3,,2026-07-29T09:36:58.587342,109388,8042,5026,8042,35,8042,79,8042,23,8042,3,9976,1,1.0288388000044506
3,3,,2026-07-29T09:36:59.616311,109321,8076,5017,8076,30,8076,70,8076,15,8076,0,10062,2,1.0285248000000138
3,3,,2026-07-29T09:37:00.646065,108843,8113,5089,8113,35,8113,92,8113,23,8113,2,10102,2,1.0293467000010423
3,3,,2026-07-29T09:37:01.673556,109319,8157,5084,8157,36,8157,80,8157,17,8157,2,9986,3,1.0270833999966271
3,3,,2026-07-29T09:37:02.701010,109401,8148,5126,8148,37,8148,74,8148,15,8148,0,10160,2,1.0271820000198204
3,3,,2026-07-29T09:37:03.729696,109094,8125,5046,8125,28,8125,85,8125,21,8125,0,9899,2,1.0283346000069287
3,3,,2026-07-29T09:37:04.758139,108650,8125,5037,8125,39,8125,98,8125,16,8125,2,10063,2,1.0281354000035208
3,3,,2026-07-29T09:37:05.785408,109025,8099,5044,8099,25,8099,79,8099,16,8099,1,9948,0,1.026910599990515
3,3,,2026-07-29T09:37:06.811993,109458,8054,5038,8054,38,8054,91,8054,17,8054,2,10198,1,1.026366500009317
3,3,,2026-07-29T09:37:07.839469,109509,8046,4981,8046,36,8046,85,8046,17,8046,1,9992,0,1.0273226000135764
3,3,,2026-07-29T09:37:08.866815,109019,8097,5043,8097,28,8097,74,8097,22,8097,1,9891,2,1.0271873000019696
3,3,,2026-07-29T09:37:09.894908,109471,7972,5075,7972,32,7972,80,7972,19,7972,3,9919,0,1.0278283000225201
3,3,,2026-07-29T09:37:10.922438,109211,8160,5164,8160,34,8160,64,8160,17,8160,2,10066,2,1.0271894999896176
3,3,,2026-07-29T09:37:11.951155,108781,7970,4966,7970,22,7970,76,7970,19,7970,0,9888,1,1.0284378999785986
3,3,,2026-07-29T09:37:12.979716,109123,8132,5090,8132,33,8132,79,8132,12,8132,1,10047,7,1.0282340999983717
3,3,,2026-07-29T09:37:14.008527,108979,8081,5026,8081,39,8081,73,8081,19,8081,0,9919,2,1.0284380000084639
3,3,,2026-07-29T09:37:15.036219,108825,8055,4930,8055,36,8055,72,8055,17,8055,1,9930,1,1.0273006999923382
3,3,,2026-07-29T09:37:16.063142,108769,8093,4969,8093,32,8093,85,8093,24,8093,0,10018,2,1.0266590000246651
3,3,,2026-07-29T09:37:17.091325,108800,8065,5079,8065,32,8065,88,8065,20,8065,1,9972,2,1.0279258000082336
3,3,,2026-07-29T09:37:18.119514,108713,8153,5057,8153,34,8153,75,8153,20,8153,1,10131,1,1.027869199984707
3,3,,2026-07-29T09:37:19.146808,109399,8023,5010,8023,32,8023,55,8023,19,8023,0,9943,0,1.0270299999974668
3,3,,2026-07-29T09:37:20.174378,108939,8019,4972,8019,41,8019,66,8019,22,8019,3,9892,1,1.027232799999183
3,3,,2026-07-29T09:37:21.203729,108616,8085,5080,8085,25,8085,83,8085,21,8085,0,10061,1,1.029034800012596
3,3,,2026-07-29T09:37:22.231366,109109,7876,4884,7876,30,7876,82,7876,18,7876,1,9887,3,1.0272325999976601
3,3,,2026-07-29T09:37:23.259993,109153,7992,4933,7992,28,7992,76,7992,21,7992,2,10033,0,1.0284042000130285
3,3,,2026-07-29T09:37:24.288511,109413,8029,5038,8029,32,8029,66,8029,13,8029,0,9965,4,1.028231100004632
3,3,,2026-07-29T09:37:25.317975,109097,8110,5029,8110,42,8110,73,8110,20,8110,0,9998,1,1.0291009999928065
3,3,,2026-07-29T09:37:26.347156,109378,8106,4994,8106,30,8106,71,8106,16,8106,2,10262,1,1.0287832999892998
3,3,,2026-07-29T09:37:27.375334,108828,8200,5116,8200,28,8200,80,8200,21,8200,3,10012,3,1.0278109000064433
3,3,,2026-07-29T09:37:28.404187,109205,8200,5065,8200,28,8200,68,8200,17,8200,2,10063,3,1.0286210000049323
3,3,,2026-07-29T09:37:29.434098,109406,8080,5046,8080,33,8080,75,8080,19,8080,1,10025,0,1.029538800008595
3,3,,2026-07-29T09:37:30.462469,109078,8299,5192,8299,34,8299,94,8299,27,8299,3,9953,1,1.0279773000220302
3,3,,2026-07-29T09:37:31.491923,109607,7923,4999,7923,28,7923,74,7923,12,7923,2,10105,2,1.0290715000010096
3,3,,2026-07-29T09:37:32.520458,109290,8147,5121,8147,28,8147,84,8147,14,8147,1,9993,2,1.0281238000025041
3,3,,2026-07-29T09:37:33.548068,109222,8043,5036,8043,23,8043,83,8043,15,8043,0,10028,2,1.0272048999904655
3,3,,2026-07-29T09:37:34.576911,109536,8100,5013,8100,22,8100,81,8100,23,8100,4,10105,3,1.0285687999858055
3,3,,2026-07-29T09:37:35.605635,109386,7965,4950,7965,25,7965,69,7965,22,7965,3,10249,1,1.028326300001936
3,3,,2026-07-29T09:37:36.634883,109296,8035,4941,8035,29,8035,77,8035,21,8035,2,9945,2,1.0288410000212025
3,3,,2026-07-29T09:37:37.662653,109068,8069,5116,8069,27,8069,72,8069,15,8069,1,9978,0,1.0274207000038587
3,3,,2026-07-29T09:37:38.691161,109572,8192,4955,8192,33,8192,78,8192,18,8192,1,10224,2,1.0281501999998
3,3,,2026-07-29T09:37:39.719616,108948,8234,5047,8234,45,8234,76,8234,18,8234,0,10057,1,1.0280561000108719
3,3,,2026-07-29T09:37:40.748860,109100,8090,5058,8090,29,8090,87,8090,17,8090,0,10414,5,1.0288286999857519
3,3,,2026-07-29T09:37:41.777140,109452,8116,5148,8116,23,8116,83,8116,12,8116,1,10036,3,1.0279399999999441
3,3,,2026-07-29T09:37:42.807370,108514,8091,5012,8091,30,8091,85,8091,12,8091,3,9838,0,1.0299286000081338
3,3,,2026-07-29T09:37:43.836358,109282,8139,5122,8139,25,8139,79,8139,18,8139,2,10012,3,1.0286924999963958
3,3,,2026-07-29T09:37:44.865477,108971,8104,5078,8104,33,8104,75,8104,19,8104,1,9962,1,1.0287017000082415
3,3,,2026-07-29T09:37:45.894193,109083,8055,5012,8055,33,8055,89,8055,9,8055,1,10040,3,1.028359799995087
3,3,,2026-07-29T09:37:46.923662,109795,8240,5129,8240,34,8240,74,8240,21,8240,2,9912,0,1.0291704999981448
3,3,,2026-07-29T09:37:47.952568,108943,8140,5079,8140,33,8140,69,8140,11,8140,5,9810,1,1.028448800003389
3,3,,2026-07-29T09:37:48.980509,109301,8130,5077,8130,31,8130,68,8130,21,8130,2,10091,3,1.0275888000032865
3,3,,2026-07-29T09:37:50.009784,108561,7979,4968,7979,33,7979,66,7979,18,7979,1,9958,2,1.0289130000164732
3,3,,2026-07-29T09:37:51.039229,109548,8049,5071,8049,27,8049,78,8049,23,8049,1,9987,3,1.0291381000133697
3,3,,2026-07-29T09:37:52.069457,109773,8028,4942,8028,26,8028,56,8028,23,8028,1,10075,5,1.0297620999917854
3,3,,2026-07-29T09:37:53.097702,108886,8091,5057,8091,32,8091,68,8091,15,8091,3,10271,2,1.0279149999842048
3,3,,2026-07-29T09:37:54.126046,108806,8028,4951,8028,31,8028,78,8028,19,8028,0,10153,2,1.0280666000035126
3,3,,2026-07-29T09:37:55.153970,109413,8198,5182,8198,29,8198,82,8198,17,8198,1,10042,2,1.0275685999949928
3,3,,2026-07-29T09:37:56.180728,108854,8067,4970,8067,26,8067,88,8067,21,8067,1,10119,4,1.0265580999839585
3,3,,2026-07-29T09:37:57.208139,109099,8215,5095,8215,30,8215,89,8215,21,8215,0,10003,3,1.0272530000074767
3,3,,2026-07-29T09:37:58.235711,108953,8179,5075,8179,25,8179,86,8179,16,8179,1,10019,4,1.0271898999926634
3,3,,2026-07-29T09:37:59.264268,109272,8054,5037,8054,30,8055,86,8055,17,8055,0,9988,1,1.0282366999890655
3,3,,2026-07-29T09:38:00.292555,108956,8175,5119,8175,22,8174,76,8174,10,8174,3,10132,0,1.027960500010522
3,3,,2026-07-29T09:38:01.320591,109050,8075,5023,8075,30,8075,71,8075,22,8075,0,10185,4,1.0276999000052456
3,3,,2026-07-29T09:38:02.349655,109100,8051,5027,8051,28,8051,77,8051,16,8051,1,9990,0,1.0287724000227172
3,3,,2026-07-29T09:38:03.377783,109300,8031,4998,8031,36,8031,82,8031,13,8031,0,9872,3,1.027748699998483
3,3,,2026-07-29T09:38:04.406501,109330,8034,5010,8034,30,8034,76,8034,16,8034,2,10009,1,1.0283861000207253
3,3,,2026-07-29T09:38:05.435265,108642,8145,5105,8145,29,8145,83,8145,23,8145,1,9976,1,1.0283909999998286
3,3,,2026-07-29T09:38:06.463815,108434,8183,5159,8183,33,8183,75,8183,14,8183,2,10164,1,1.0281933000078425
3,3,,2026-07-29T09:38:07.492964,109043,8133,5061,8133,23,8133,74,8133,16,8133,1,9955,2,1.0287415999919176
3,3,,2026-07-29T09:38:08.522168,109115,8130,5042,8130,28,8130,65,8130,26,8130,3,10257,4,1.0287856000068132
3,3,,2026-07-29T09:38:09.551078,109392,7968,5056,7968,40,7968,64,7968,16,7968,0,10214,0,1.028491299977759
3,3,,2026-07-29T09:38:10.578737,108802,8136,5071,8136,26,8136,85,8136,16,8136,2,10058,1,1.0273773000226356
3,3,,2026-07-29T09:38:11.607763,108748,8088,5034,8088,36,8088,79,8088,15,8088,2,10086,0,1.0287085000018124
3,3,,2026-07-29T09:38:12.637625,109111,8113,5113,8113,25,8113,93,8113,26,8113,0,10201,4,1.0294279999798164
3,3,,2026-07-29T09:38:13.666047,109449,8125,5054,8125,27,8125,91,8125,12,8125,0,10060,1,1.0280779000022449
3,3,,2026-07-29T09:38:14.695576,109218,8143,5154,8143,37,8143,65,8143,16,8143,2,10088,3,1.0292551000020467
3,3,,2026-07-29T09:38:15.725245,108596,7890,4944,7890,26,7890,73,7890,14,7890,2,10104,1,1.0292733999958728
3,3,,2026-07-29T09:38:16.752740,108832,8102,5053,8102,27,8102,73,8102,17,8102,1,10015,2,1.0271618999831844
3,3,,2026-07-29T09:38:17.780362,108809,8021,5005,8021,25,8021,71,8021,13,8021,1,9847,7,1.027401400002418
3,3,,2026-07-29T09:38:18.809702,109966,8135,4978,8135,29,8135,74,8135,18,8135,0,9983,2,1.0290270999830682
3,3,,2026-07-29T09:38:19.837116,109590,8091,5015,8091,31,8091,82,8091,14,8091,1,10139,2,1.0270828999928199
3,3,,2026-07-29T09:38:20.865982,109041,8115,5103,8115,31,8115,62,8115,18,8115,2,10294,0,1.0285316999943461
3,3,,2026-07-29T09:38:21.893739,108785,8108,5037,8108,35,8108,77,8108,17,8108,0,9993,2,1.02738970000064
3,3,,2026-07-29T09:38:22.922683,108735,8043,5022,8043,30,8043,69,8043,21,8043,0,10190,4,1.0286641999846324
3,3,,2026-07-29T09:38:23.951509,109498,8072,5083,8072,43,8072,78,8072,22,8072,0,10007,2,1.028376299975207
3,3,,2026-07-29T09:38:24.980715,109209,8203,5189,8203,32,8203,80,8203,15,8203,0,10010,2,1.0287936000095215
3,3,,2026-07-29T09:38:26.008536,108888,8022,5051,8022,32,8022,75,8022,20,8022,1,10114,1,1.02732890000334
3,3,,2026-07-29T09:38:27.036863,109181,8240,5197,8240,31,8240,67,8240,19,8240,2,10192,2,1.0280133000051137
3,3,,2026-07-29T09:38:28.065560,109552,8108,5042,8108,28,8108,76,8108,17,8108,2,10018,2,1.0283535000053234
3,3,,2026-07-29T09:38:29.093939,109121,7978,4995,7978,24,7978,72,7978,15,7978,1,10010,3,1.028002999984892
3,3,,2026-07-29T09:38:30.122756,108551,8153,5104,8153,34,8153,68,8153,14,8153,2,10142,3,1.028461600013543
3,3,,2026-07-29T09:38:31.153002,109320,8142,5007,8142,30,8142,71,8142,17,8142,0,10303,4,1.029862299998058
3,3,,2026-07-29T09:38:32.180202,109468,7984,4939,7984,32,7984,77,7984,17,7984,0,10061,0,1.0268123999994714
3,3,,2026-07-29T09:38:33.208199,109044,8135,5060,8135,27,8135,78,8135,13,8135,1,10029,2,1.027721599995857
3,3,,2026-07-29T09:38:34.234953,109367,8134,5073,8134,39,8134,86,8134,20,8134,1,10128,0,1.0264956999744754
3,3,,2026-07-29T09:38:35.260513,108528,8125,5044,8125,22,8125,87,8125,21,8125,1,9926,1,1.0254271000158042
3,3,,2026-07-29T09:38:36.287397,109508,8084,5003,8084,37,8084,80,8084,22,8084,2,9836,2,1.0267232999904081
3,3,,2026-07-29T09:38:37.316230,109062,8094,5101,8094,27,8094,81,8094,20,8094,3,10078,1,1.0285874000110198
3,3,,2026-07-29T09:38:38.345774,109632,8138,5052,8138,31,8138,74,8138,18,8138,2,10246,6,1.0291511999967042
3,3,,2026-07-29T09:38:39.375247,109891,8108,5069,8108,34,8108,63,8108,19,8108,1,9933,2,1.0290184999757912
3,3,,2026-07-29T09:38:40.403957,108714,7987,4993,7987,30,7987,88,7987,21,7987,1,9977,2,1.0283051000151318
3,3,,2026-07-29T09:38:41.431490,108970,7977,5009,7977,27,7977,70,7977,20,7977,1,9956,2,1.027190499997232
3,3,,2026-07-29T09:38:42.457973,108712,8190,5128,8190,35,8190,80,8190,12,8190,0,10034,1,1.0261500000196975
3,3,,2026-07-29T09:38:43.486401,108805,8131,5030,8131,34,8131,75,8131,17,8131,1,10132,1,1.0281644999922719
3,3,,2026-07-29T09:38:44.514093,109150,8060,5049,8060,24,8060,68,8060,11,8060,1,10062,2,1.027399599988712
3,3,,2026-07-29T09:38:45.540597,109261,8087,5043,8087,35,8087,73,8087,19,8087,2,10073,2,1.0262426999979652
3,3,,2026-07-29T09:38:46.568253,108736,8088,5070,8088,33,8088,77,8088,18,8088,1,10049,1,1.027483099984238
3,3,,2026-07-29T09:38:47.594282,108443,8125,5099,8125,30,8125,86,8125,19,8125,3,10068,5,1.0258633999910671
3,3,,2026-07-29T09:38:48.620730,109314,8249,5140,8249,29,8249,80,8249,14,8249,1,9960,4,1.026306999992812
3,3,,2026-07-29T09:38:49.649075,109141,8138,5097,8138,27,8138,68,8138,20,8138,0,10099,2,1.0281720999919344
3,3,,2026-07-29T09:38:50.677736,109475,8114,5080,8114,29,8114,70,8114,21,8114,1,9931,2,1.0283587999874726
3,3,,2026-07-29T09:38:51.706438,109008,7977,4933,7977,24,7977,67,7977,16,7977,3,10050,4,1.0282932000118308
3,3,,2026-07-29T09:38:52.733376,108984,8088,5086,8088,30,8088,82,8088,26,8088,1,9977,0,1.0265249999938533
3,3,,2026-07-29T09:38:53.761531,109044,8124,5080,8124,31,8124,77,8124,22,8124,3,10235,5,1.027951199997915
3,3,,2026-07-29T09:38:54.789674,108906,8216,5166,8216,42,8216,86,8216,22,8216,3,9995,2,1.0277342000044882
3,3,,2026-07-29T09:38:55.816893,109231,8108,5088,8108,37,8108,91,8108,15,8108,2,10061,2,1.0268960999965202
3,3,,2026-07-29T09:38:56.845822,108690,8108,5018,8108,29,8108,71,8108,17,8108,1,10163,3,1.028624700004002
3,3,,2026-07-29T09:38:57.874378,110328,8141,5065,8141,23,8141,92,8141,16,8141,1,10094,1,1.028171999991173
3,3,,2026-07-29T09:38:58.902876,108272,7995,4953,7995,37,7995,85,7995,20,7995,0,9893,2,1.0281007000012323
3,3,,2026-07-29T09:38:59.932968,108441,8049,4974,8049,29,8049,77,8049,16,8049,1,10113,6,1.0297532000113279
3,3,,2026-07-29T09:39:00.961845,109466,8214,5116,8214,38,8214,54,8214,20,8214,3,10113,2,1.0284450000035577
3,3,,2026-07-29T09:39:01.990721,109072,7977,4978,7977,39,7977,86,7977,18,7977,1,10105,1,1.028499300009571
3,3,,2026-07-29T09:39:03.019396,109295,8211,5093,8211,27,8211,70,8211,9,8211,0,10053,0,1.028266999986954
3,3,,2026-07-29T09:39:04.048077,109509,8144,5002,8144,39,8144,71,8144,21,8144,0,10195,3,1.0282986999955028
3,3,,2026-07-29T09:39:05.076900,109238,7997,5017,7997,28,7997,64,7997,13,7997,2,10129,1,1.0285207999986596
3,3,,2026-07-29T09:39:06.104852,109015,8114,5009,8114,44,8114,67,8114,22,8114,0,9990,2,1.027632099983748
3,3,,2026-07-29T09:39:07.134376,108947,8314,5228,8314,28,8314,78,8314,21,8314,2,10106,2,1.0291394999949262
3,3,,2026-07-29T09:39:08.163445,108589,8121,5048,8121,26,8121,62,8121,19,8121,2,10079,3,1.0286806999938563
3,3,,2026-07-29T09:39:09.191707,108571,7995,4961,7995,32,7995,70,7995,17,7995,1,10157,3,1.027854699990712
3,3,,2026-07-29T09:39:10.220914,109268,8359,5198,8359,24,8359,95,8359,20,8359,0,10130,2,1.0288435999827925
3,3,,2026-07-29T09:39:11.249714,108371,8042,5074,8042,18,8042,65,8042,16,8042,0,10160,0,1.0284008999879006
3,3,,2026-07-29T09:39:12.278801,109031,8026,5025,8026,28,8026,70,8026,17,8026,0,10165,0,1.0286841999914031
3,3,,2026-07-29T09:39:13.306723,109247,8093,5111,8093,33,8093,75,8093,17,8093,1,9992,4,1.0276089000108186
3,3,,2026-07-29T09:39:14.335277,108065,7862,4876,7862,24,7862,65,7862,16,7862,4,9960,1,1.0282249000156298
3,3,,2026-07-29T09:39:15.363208,109548,8019,5005,8019,29,8019,70,8019,13,8019,1,10031,1,1.0276066999940667
3,3,,2026-07-29T09:39:16.391619,109227,8089,5060,8089,38,8089,76,8089,19,8089,1,9936,2,1.0281372999888845
3,3,,2026-07-29T09:39:17.418037,109489,8258,5163,8258,34,8258,65,8258,22,8258,1,9966,0,1.026102500007255
3,3,,2026-07-29T09:39:18.447162,109413,7982,4930,7982,31,7982,70,7982,22,7982,0,9848,3,1.0289016000169795
3,3,,2026-07-29T09:39:19.475396,108957,8088,5087,8088,29,8088,88,8088,26,8088,0,9915,2,1.0278077000111807
3,3,,2026-07-29T09:39:20.503930,108776,8106,5178,8106,26,8106,73,8106,12,8106,2,9922,1,1.0282165999815334
3,3,,2026-07-29T09:39:21.533309,108972,8121,5037,8121,32,8121,86,8121,13,8121,0,10131,2,1.0289889000123367
3,3,,2026-07-29T09:39:22.562175,108851,8242,5115,8242,26,8242,83,8242,19,8242,1,9987,1,1.0284956999821588
3,3,,2026-07-29T09:39:23.589722,109519,7967,4904,7967,35,7967,64,7967,20,7967,1,10234,2,1.0271772000123747
3,3,,2026-07-29T09:39:24.618761,108151,7987,4980,7987,31,7987,60,7987,19,7987,3,10128,0,1.0287919999973383
3,3,,2026-07-29T09:39:25.647520,109205,8078,5088,8078,49,8078,64,8078,17,8078,2,10099,4,1.0282622999802697
3,3,,2026-07-29T09:39:26.676460,109739,8273,5139,8273,33,8273,76,8273,24,8273,0,10272,2,1.0285655000188854
3,3,,2026-07-29T09:39:27.703401,108936,8034,5014,8034,23,8034,85,8034,17,8034,3,10087,4,1.0265920999809168
3,3,,2026-07-29T09:39:28.732428,108700,7954,4948,7954,33,7954,62,7954,22,7954,2,9931,1,1.02874919999158
3,3,,2026-07-29T09:39:29.777454,111210,8288,5136,8288,39,8288,86,8288,14,8288,0,10470,2,1.0447462000011
3,3,,2026-07-29T09:39:30.806415,108615,8019,4907,8019,23,8019,57,8019,14,8019,1,10014,2,1.0287485000153538
3,3,,2026-07-29T09:39:31.835055,108848,8119,5117,8119,27,8119,69,8119,15,8119,0,10106,2,1.0283636999956798
3,3,,2026-07-29T09:39:32.863490,109254,8170,5140,8170,36,8170,72,8170,21,8170,1,10120,3,1.0280468999990262
3,3,,2026-07-29T09:39:33.893015,108961,8181,5056,8181,32,8181,69,8181,24,8181,0,10118,0,1.029145000007702
3,3,,2026-07-29T09:39:34.922742,109315,8146,5067,8146,34,8146,70,8146,21,8146,0,10121,1,1.0293901999830268
3,3,,2026-07-29T09:39:35.952033,109455,8137,5018,8137,28,8137,61,8137,19,8137,1,10052,0,1.0288052999821957
3,3,,2026-07-29T09:39:36.981078,109297,8172,5085,8172,34,8172,64,8172,18,8172,0,10024,3,1.0287750999850687
3,3,,2026-07-29T09:39:38.008097,108387,8153,5144,8153,23,8153,76,8153,12,8153,0,10112,2,1.0265979999967385
3,3,,2026-07-29T09:39:39.035365,109331,8056,4997,8056,27,8056,81,8056,20,8056,5,10199,4,1.0271295000275131
3,3,,2026-07-29T09:39:40.062583,108197,7939,4948,7939,31,7939,74,7939,13,7939,2,10154,1,1.0270470000104979
3,3,,2026-07-29T09:39:41.092069,109092,8146,5058,8146,28,8146,75,8146,20,8146,0,10030,4,1.0290911000047345
3,3,,2026-07-29T09:39:42.120832,109040,7995,4963,7995,40,7995,78,7995,14,7995,3,10064,2,1.0284189000085462
3,3,,2026-07-29T09:39:43.150394,108963,8083,5036,8083,33,8083,87,8083,16,8083,3,10015,2,1.0292354999983218
3,3,,2026-07-29T09:39:44.178992,109589,8114,5051,8114,29,8114,89,8114,27,8114,0,10077,1,1.0282550000119954
3,3,,2026-07-29T09:39:45.208000,108807,8017,4926,8017,22,8017,88,8017,18,8017,1,9990,1,1.0285857999988366
3,3,,2026-07-29T09:39:46.247201,110457,8241,5219,8241,33,8241,76,8241,21,8241,0,10184,2,1.038834400009364
3,3,,2026-07-29T09:39:47.276388,108404,8093,5031,8093,28,8093,78,8093,18,8093,2,9935,0,1.028960099996766
3,3,,2026-07-29T09:39:48.305739,108637,8161,5139,8161,32,8161,68,8161,15,8161,0,10094,2,1.02899379999144
3,3,,2026-07-29T09:39:49.333897,109141,7964,4938,7964,32,7964,74,7964,21,7964,2,10052,1,1.0278278000187129
3,3,,2026-07-29T09:39:50.362707,108998,8032,4966,8032,25,8032,79,8032,12,8032,0,9969,2,1.0284565000038128
3,3,,2026-07-29T09:39:51.391077,108482,8094,5093,8094,34,8094,59,8094,14,8094,1,10167,3,1.0280500999942888
3,3,,2026-07-29T09:39:52.420247,109305,8001,4967,8001,36,8001,70,8001,22,8001,0,10028,1,1.0288631999865174
3,3,,2026-07-29T09:39:53.450563,109398,8094,5029,8094,35,8094,82,8094,14,8094,1,10075,0,1.0299346999963745
3,3,,2026-07-29T09:39:54.479485,108938,8099,5053,8099,30,8099,77,8099,18,8099,3,9909,2,1.0285443000029773
3,3,,2026-07-29T09:39:55.508781,108694,8115,4936,8115,38,8115,69,8115,20,8115,1,10111,4,1.0288907999929506
3,3,,2026-07-29T09:39:56.537360,108485,8183,5110,8183,27,8183,50,8183,12,8183,1,9971,2,1.028155899984995
3,3,,2026-07-29T09:39:57.565851,108760,7990,4951,7990,32,7990,87,7990,19,7990,1,10068,2,1.0281550999789033
3,3,,2026-07-29T09:39:58.594429,109263,8127,5044,8127,35,8127,84,8127,20,8127,2,10194,5,1.028214799996931
3,3,,2026-07-29T09:39:59.622012,109012,7991,4903,7991,24,7991,63,7991,12,7991,0,9980,2,1.0272485000023153
3,3,,2026-07-29T09:40:00.651476,108735,8061,5002,8061,35,8061,66,8061,18,8061,0,9964,2,1.0291268000146374
3,3,,2026-07-29T09:40:01.680873,109097,8149,5134,8149,28,8149,72,8149,22,8149,3,10004,0,1.0289663999865297
3,3,,2026-07-29T09:40:02.708275,109003,8184,5130,8184,37,8184,74,8184,19,8184,2,9863,2,1.026994099986041
3,3,,2026-07-29T09:40:03.737075,108712,7973,5010,7973,34,7973,68,7973,17,7973,0,10079,2,1.0285169000271708
3,3,,2026-07-29T09:40:04.765357,109098,8180,5140,8180,24,8180,70,8180,18,8180,4,9984,0,1.0279052999976557
3,3,,2026-07-29T09:40:05.794983,109878,8034,5043,8034,36,8034,86,8034,9,8034,0,10324,1,1.0292803999909665
3,3,,2026-07-29T09:40:06.824541,109383,7970,5018,7970,37,7970,67,7970,15,7970,2,9950,1,1.0291379000118468
3,3,,2026-07-29T09:40:07.853393,109004,8002,4974,8002,29,8002,84,8002,11,8002,1,9953,1,1.0284981000004336
3,3,,2026-07-29T09:40:08.883234,109383,8041,5004,8041,23,8041,66,8041,21,8041,1,10071,2,1.0294112999981735
3,3,,2026-07-29T09:40:09.910973,108860,7987,4946,7987,31,7987,80,7987,10,7987,2,10274,1,1.0273775999958161
3,3,,2026-07-29T09:40:10.939606,108405,8085,4988,8085,26,8085,64,8085,26,8085,0,10114,2,1.0283432000142056
3,3,,2026-07-29T09:40:11.968012,108870,8195,5082,8195,31,8195,71,8195,13,8195,1,10087,2,1.0279781999997795
3,3,,2026-07-29T09:40:12.997705,108875,7993,5023,7993,29,7993,80,7993,21,7993,2,10065,3,1.0292981000093278
3,3,,2026-07-29T09:40:14.026396,109439,8192,5067,8192,40,8192,63,8192,26,8192,3,10165,2,1.0282773000071757
3,3,,2026-07-29T09:40:15.056277,109865,8074,5017,8074,29,8074,74,8074,17,8074,1,9944,2,1.0294321999826934
3,3,,2026-07-29T09:40:16.085303,108639,8000,4907,8000,40,8000,61,8000,16,8000,0,10139,1,1.0286365000065416
3,3,,2026-07-29T09:40:17.111455,108765,8220,5072,8220,30,8220,69,8220,17,8220,1,10190,0,1.025875699997414
3,3,,2026-07-29T09:40:18.138767,109238,8134,5091,8134,23,8134,72,8134,21,8134,2,10012,2,1.0271571000048425
3,3,,2026-07-29T09:40:19.167488,108725,8086,4985,8086,42,8086,61,8086,13,8086,0,10122,0,1.0284585000190418
3,3,,2026-07-29T09:40:20.196039,108879,8015,4987,8015,20,8015,68,8015,12,8015,1,9908,3,1.0282710999890696
3,3,,2026-07-29T09:40:21.225017,109208,8124,5011,8124,26,8124,66,8124,24,8124,1,10110,5,1.028543599997647
3,3,,2026-07-29T09:40:22.254075,109117,8012,4944,8012,28,8012,75,8012,16,8012,2,9969,6,1.028659300005529
3,3,,2026-07-29T09:40:23.282470,109038,7913,4983,7913,37,7913,63,7913,20,7913,4,9892,2,1.027997700002743
3,3,,2026-07-29T09:40:24.311557,108994,8096,5019,8096,34,8096,79,8096,9,8096,1,10069,3,1.028680399991572
3,3,,2026-07-29T09:40:25.340353,108529,8024,5009,8024,32,8024,83,8024,15,8024,0,10099,3,1.0284633999981452
3,3,,2026-07-29T09:40:26.368343,109208,8155,5036,8155,29,8155,83,8155,13,8155,2,10201,2,1.0276171000150498
3,3,,2026-07-29T09:40:27.394960,108777,8298,5119,8298,30,8298,86,8298,19,8298,1,9991,0,1.0264342000009492
3,3,,2026-07-29T09:40:28.421146,108715,8038,4987,8038,32,8038,69,8038,12,8038,0,10156,2,1.026076300011482
3,3,,2026-07-29T09:40:29.447576,108311,7914,4928,7914,24,7914,87,7914,21,7914,1,9925,1,1.0262614999955986
3,3,,2026-07-29T09:40:30.475468,108504,7977,4914,7977,25,7977,75,7977,23,7977,0,9877,2,1.0276372999942396
3,3,,2026-07-29T09:40:31.504192,109079,8101,5154,8101,29,8101,68,8101,24,8101,3,9937,1,1.0283974999911152
3,3,,2026-07-29T09:40:32.533383,108617,8150,5107,8150,34,8150,77,8150,15,8150,0,10013,1,1.0287892000051215
3,3,,2026-07-29T09:40:33.560194,109100,8228,5130,8228,34,8228,78,8228,19,8228,1,10055,0,1.0264158000063617
3,3,,2026-07-29T09:40:34.587114,108643,8135,5032,8135,21,8135,72,8135,15,8135,2,10184,3,1.0266430000192486
3,3,,2026-07-29T09:40:35.615857,109137,8131,5050,8131,26,8131,60,8131,19,8131,1,10085,1,1.0285195999895222
3,3,,2026-07-29T09:40:36.645416,108961,8207,5139,8207,28,8207,94,8207,22,8207,1,10256,3,1.029220999975223
3,3,,2026-07-29T09:40:37.673606,108551,7924,4960,7924,37,7924,62,7924,18,7924,3,10057,1,1.0278284000232816
3,3,,2026-07-29T09:40:38.702725,108755,8175,5087,8175,42,8175,77,8175,20,8175,4,9985,4,1.0287910999904852
3,3,,2026-07-29T09:40:39.731723,108843,8151,5138,8151,32,8151,71,8151,20,8151,1,9933,1,1.0286101999809034
3,3,,2026-07-29T09:40:40.760426,109574,8056,5029,8056,29,8056,75,8056,16,8056,1,10150,2,1.0283278999850154
3,3,,2026-07-29T09:40:41.787757,108875,7994,5076,7994,19,7994,83,7994,17,7994,4,10024,2,1.0269504000025336
3,3,,2026-07-29T09:40:42.814863,109205,8066,5051,8066,17,8066,82,8066,18,8066,3,10030,5,1.0268526000145357
3,3,,2026-07-29T09:40:43.843474,109120,8016,5015,8016,28,8016,70,8016,19,8016,0,10048,3,1.028308399982052
3,3,,2026-07-29T09:40:44.869603,108399,8033,4987,8033,29,8033,76,8033,22,8033,2,9993,2,1.0257831999915652
3,3,,2026-07-29T09:40:45.898913,108912,8117,5001,8117,31,8117,86,8117,23,8117,1,10072,2,1.029126500012353
3,3,,2026-07-29T09:40:46.927497,109407,8098,5058,8098,34,8098,72,8098,20,8098,2,9987,3,1.0282338999968488
3,3,,2026-07-29T09:40:47.956483,108533,8127,5035,8127,27,8127,81,8127,14,8127,0,10053,0,1.0286125999991782
3,3,,2026-07-29T09:40:48.985702,109146,7930,4925,7930,23,7930,86,7930,21,7930,2,10080,1,1.02884109999286
3,3,,2026-07-29T09:40:50.014632,109053,8111,5168,8111,28,8111,86,8111,19,8111,1,10073,3,1.0285090999968816
3,3,,2026-07-29T09:40:51.044133,108661,7970,5002,7970,33,7970,68,7970,13,7970,2,10038,1,1.0291055999987293
3,3,,2026-07-29T09:40:52.072271,109212,8190,5152,8190,31,8190,74,8190,23,8190,1,9957,1,1.0277288999932352
3,3,,2026-07-29T09:40:53.101328,108859,7987,4921,7987,25,7987,82,7987,19,7987,2,10120,4,1.0287207000073977
3,3,,2026-07-29T09:40:54.129931,108895,7999,4971,7999,26,7999,63,7999,23,7999,3,9905,2,1.0282427000056487
3,3,,2026-07-29T09:40:55.156838,109181,7984,5019,7984,20,7984,73,7984,26,7984,1,10199,0,1.0266102000023238
3,3,,2026-07-29T09:40:56.185288,109384,8177,5080,8177,28,8177,76,8177,19,8177,1,9938,0,1.0281396000063978
3,3,,2026-07-29T09:40:57.214221,109198,8092,4956,8092,28,8092,74,8092,12,8092,2,10136,1,1.0285661999951117
3,3,,2026-07-29T09:40:58.243034,109271,8141,4987,8141,32,8141,74,8141,19,8141,2,10059,2,1.0284374000038952
3,3,,2026-07-29T09:40:59.271847,109458,8241,5113,8241,35,8241,60,8241,16,8241,1,10275,0,1.0284218000015244
3,3,,2026-07-29T09:41:00.299130,109359,8199,5027,8199,29,8199,66,8199,16,8199,0,10143,1,1.026875600015046
3,3,,2026-07-29T09:41:01.327673,108890,8128,5030,8128,27,8128,65,8128,26,8128,0,10022,2,1.0283079000073485
3,3,,2026-07-29T09:41:02.356288,109127,8041,5052,8041,39,8041,71,8041,23,8041,1,10134,0,1.0282203999813646
3,3,,2026-07-29T09:41:03.384703,108349,8100,5026,8100,32,8100,75,8100,24,8100,0,9986,4,1.0280707999772858
3,3,,2026-07-29T09:41:04.413943,108800,8091,4956,8091,21,8091,88,8091,19,8091,0,9997,1,1.0288512999832164
3,3,,2026-07-29T09:41:05.441361,109464,8159,5153,8159,19,8159,78,8159,18,8159,0,10230,4,1.0270191000017803
3,3,,2026-07-29T09:41:06.469580,108772,7998,5015,7998,24,7998,68,7998,10,7998,3,10085,2,1.0279355999955442
3,3,,2026-07-29T09:41:07.496950,109271,8166,5088,8166,28,8166,77,8166,21,8166,0,10277,4,1.0271640999999363
3,3,,2026-07-29T09:41:08.524511,108547,8036,5023,8036,30,8036,76,8036,15,8036,1,10170,4,1.0273290000041015
3,3,,2026-07-29T09:41:09.551279,108958,8062,4958,8062,26,8062,71,8062,26,8062,1,10090,3,1.0264118000050075
3,3,,2026-07-29T09:41:10.578405,109592,8015,4984,8015,25,8015,74,8015,23,8015,5,10214,3,1.0268556000082754
3,3,,2026-07-29T09:41:11.605558,108850,8000,4968,8000,41,8000,60,8000,15,8000,3,10074,2,1.0268876999907661
3,3,,2026-07-29T09:41:12.633174,109184,8112,5083,8112,34,8112,82,8112,14,8112,0,10029,2,1.0273603000096045
3,3,,2026-07-29T09:41:13.660105,109490,8079,5040,8079,28,8079,74,8079,15,8079,1,10090,0,1.0266952000092715
3,3,,2026-07-29T09:41:14.687284,109077,8215,5103,8215,39,8215,77,8215,25,8215,1,10053,1,1.0268456999910995
3,3,,2026-07-29T09:41:15.713588,109000,8245,5039,8245,37,8245,56,8245,26,8245,0,10077,0,1.0260920000146143
3,3,,2026-07-29T09:41:16.766767,109060,8153,5017,8153,36,8153,80,8153,18,8153,0,10170,2,1.052910400001565
3,3,,2026-07-29T09:41:17.794168,111682,8276,5171,8276,40,8276,79,8276,18,8276,2,10447,2,1.0271893000171985
3,3,,2026-07-29T09:41:18.820776,109238,8105,4983,8105,33,8105,84,8105,19,8105,0,10132,3,1.0263324999832548
3,3,,2026-07-29T09:41:19.849878,109054,8016,4915,8016,33,8016,72,8016,25,8016,3,9986,0,1.0288559999899007
3,3,,2026-07-29T09:41:20.879186,109145,8081,5005,8081,34,8081,80,8081,20,8081,3,10083,3,1.0288942999904975
3,3,,2026-07-29T09:41:21.908222,108589,8152,5054,8152,21,8152,76,8152,17,8152,2,10139,1,1.0286344999913126
