N,input_state,basis,time,herald,singles_ch2,coinc_ch2,singles_ch4,coinc_ch4,singles_ch6,coinc_ch6,singles_ch7,coinc_ch7,int_time
3,0,,2026-07-29T17:52:37.104170,99529,7394,1885,7394,1124,7394,169,16,0,1.029001499991864
3,0,,2026-07-29T17:52:38.131236,99283,7720,2046,7720,1178,7720,161,12,0,1.0267356999975163
3,0,,2026-07-29T17:52:39.160887,99381,7706,1979,7706,1133,7706,164,14,0,1.0293794999888632
3,0,,2026-07-29T17:52:40.190943,99795,7663,1984,7663,1111,7663,152,11,0,1.0297471999947447
3,0,,2026-07-29T17:52:41.219008,99213,7550,1885,7550,1195,7550,170,16,0,1.0277007000113372
3,0,,2026-07-29T17:52:42.245874,99388,7571,2014,7571,1119,7571,155,13,0,1.0265104999998584
3,0,,2026-07-29T17:52:43.274869,99398,7522,1960,7522,1091,7522,115,5,0,1.0286706000042614
3,0,,2026-07-29T17:52:44.301791,98614,7611,1970,7611,1185,7611,159,9,0,1.0265743000200018
3,0,,2026-07-29T17:52:45.330397,99048,7559,1995,7559,1111,7559,140,13,0,1.0283596999943256
3,0,,2026-07-29T17:52:46.359715,99851,7446,1901,7446,1089,7446,145,11,0,1.0289697999833152
3,0,,2026-07-29T17:52:47.387229,99489,7718,2044,7718,1174,7718,160,16,0,1.0271415000024717
3,0,,2026-07-29T17:52:48.414187,99631,7601,1940,7601,1135,7601,152,8,0,1.0266789000015706
3,0,,2026-07-29T17:52:49.442252,98908,7476,1944,7476,1146,7476,143,12,0,1.0278179999731947
3,0,,2026-07-29T17:52:50.470534,98343,7388,1926,7388,1093,7388,142,18,0,1.02782250000746
3,0,,2026-07-29T17:52:51.498106,99759,7487,1942,7487,1051,7487,140,10,0,1.0271108000015374
3,0,,2026-07-29T17:52:52.526568,99310,7673,2009,7673,1170,7673,179,10,0,1.028285499982303
3,0,,2026-07-29T17:52:53.559519,99632,7725,1960,7725,1234,7725,150,6,0,1.029068100004224
3,0,,2026-07-29T17:52:54.588080,98930,7358,1890,7358,1093,7358,148,8,0,1.028140100010205
3,0,,2026-07-29T17:52:55.625918,99255,7506,1968,7506,1130,7506,172,15,0,1.0375773999840021
3,0,,2026-07-29T17:52:56.676291,102248,7877,1995,7877,1219,7877,148,8,0,1.0266775000200141
3,0,,2026-07-29T17:52:57.704599,99410,7582,1961,7582,1157,7582,141,18,0,1.0281151999952272
3,0,,2026-07-29T17:52:58.733834,99138,7572,2007,7572,1127,7572,152,10,0,1.0288923000043724
3,0,,2026-07-29T17:52:59.763424,99203,7606,1972,7606,1138,7606,152,17,0,1.0292592000041623
3,0,,2026-07-29T17:53:00.791185,99274,7543,1953,7543,1109,7543,158,12,0,1.027220199990552
3,0,,2026-07-29T17:53:01.819575,98849,7397,1993,7397,1048,7397,152,14,0,1.0280662000004668
3,0,,2026-07-29T17:53:02.853086,99802,7689,2000,7689,1153,7689,166,10,0,1.0308892999892123
3,0,,2026-07-29T17:53:03.880571,99500,7642,1949,7642,1136,7642,147,18,0,1.0271439999924041
3,0,,2026-07-29T17:53:04.909121,99470,7665,1927,7665,1208,7665,157,14,0,1.0282041999744251
3,0,,2026-07-29T17:53:05.938977,99318,7676,1998,7676,1154,7676,156,13,0,1.0291035000118427
3,0,,2026-07-29T17:53:06.965734,99612,7650,1991,7650,1090,7650,143,8,0,1.0264139999926556
3,0,,2026-07-29T17:53:07.993467,99032,7564,1962,7564,1122,7564,144,13,0,1.0274300000164658
3,0,,2026-07-29T17:53:09.022533,99425,7455,1881,7455,1130,7455,163,12,0,1.02878839999903
3,0,,2026-07-29T17:53:10.050231,99607,7545,1981,7545,1105,7545,153,16,0,1.027352900011465
3,0,,2026-07-29T17:53:11.077244,99708,7668,1961,7669,1131,7669,167,9,0,1.0266733999887947
3,0,,2026-07-29T17:53:12.103506,99092,7489,1998,7488,1017,7488,137,6,0,1.0261199999949895
3,0,,2026-07-29T17:53:13.132784,99645,7634,1931,7634,1115,7634,161,14,0,1.029077999992296
3,0,,2026-07-29T17:53:14.161780,98593,7550,2000,7550,1131,7550,171,12,0,1.028448400000343
3,0,,2026-07-29T17:53:15.189817,99699,7578,2019,7578,1150,7578,148,7,0,1.0276989999983925
3,0,,2026-07-29T17:53:16.219051,98812,7488,2009,7488,1074,7488,162,6,0,1.0289447999966796
3,0,,2026-07-29T17:53:17.246627,98845,7457,1980,7457,1109,7457,149,11,0,1.027354000019841
3,0,,2026-07-29T17:53:18.274351,99276,7575,1933,7575,1150,7575,150,18,0,1.0274528999871109
3,0,,2026-07-29T17:53:19.306646,99286,7583,1956,7583,1127,7583,153,8,0,1.0319428000075277
3,0,,2026-07-29T17:53:20.333647,98748,7610,1987,7610,1102,7610,149,15,0,1.0266781999962404
3,0,,2026-07-29T17:53:21.361866,98886,7516,1919,7516,1142,7516,138,8,0,1.0278399999951944
3,0,,2026-07-29T17:53:22.389179,98624,7731,1961,7731,1170,7731,185,9,0,1.0270385000039823
3,0,,2026-07-29T17:53:23.418267,99754,7584,2050,7584,1112,7584,149,12,0,1.028745899995556
3,0,,2026-07-29T17:53:24.446598,99067,7605,2048,7605,1192,7605,152,15,0,1.0279886999924202
3,0,,2026-07-29T17:53:25.475214,99103,7540,1921,7540,1174,7540,132,11,0,1.0282922000042163
3,0,,2026-07-29T17:53:26.505398,99650,7652,1959,7652,1137,7652,167,12,0,1.0297382999851834
3,0,,2026-07-29T17:53:27.534855,99005,7508,1941,7508,1085,7508,172,8,0,1.02915159999975
3,0,,2026-07-29T17:53:28.563783,99570,7695,2005,7695,1159,7695,157,14,0,1.0284740999923088
3,0,,2026-07-29T17:53:29.594971,99975,7667,2057,7667,1098,7667,176,18,0,1.0307042000058573
3,0,,2026-07-29T17:53:30.623248,98979,7635,2005,7635,1164,7635,166,12,1,1.0277174999937415
3,0,,2026-07-29T17:53:31.652825,99005,7417,1859,7417,1139,7417,183,15,0,1.0293023000122048
3,0,,2026-07-29T17:53:32.682874,99659,7729,2041,7729,1200,7729,156,9,0,1.0296268000092823
3,0,,2026-07-29T17:53:33.747729,101168,7738,2018,7738,1132,7738,154,9,0,1.0644159000075888
3,0,,2026-07-29T17:53:34.775968,100889,7722,2133,7722,1097,7722,160,12,0,1.0280271999945398
3,0,,2026-07-29T17:53:35.803003,98720,7390,1877,7390,1090,7390,137,9,0,1.026846900000237
3,0,,2026-07-29T17:53:36.831454,99129,7579,1992,7579,1099,7579,152,6,0,1.0282059999881312
3,0,,2026-07-29T17:53:37.859178,100013,7692,2004,7692,1135,7692,157,10,0,1.027514900022652
3,0,,2026-07-29T17:53:38.888469,98791,7426,1940,7426,1112,7426,144,12,0,1.029165700019803
3,0,,2026-07-29T17:53:39.917696,99496,7662,1943,7662,1126,7662,162,15,0,1.0288252999889664
3,0,,2026-07-29T17:53:40.944955,98976,7398,2004,7398,1076,7398,154,12,0,1.026929299987387
3,0,,2026-07-29T17:53:41.973348,98873,7496,1992,7496,1089,7496,144,7,0,1.028044200007571
3,0,,2026-07-29T17:53:43.001385,98855,7591,2064,7591,1133,7591,130,12,0,1.0276510999829043
3,0,,2026-07-29T17:53:44.028388,98897,7682,2023,7682,1121,7682,165,9,0,1.0267660999961663
3,0,,2026-07-29T17:53:45.056398,99110,7439,1897,7439,1099,7439,165,8,0,1.0277345000067726
3,0,,2026-07-29T17:53:46.083563,98572,7548,1958,7548,1123,7549,164,11,0,1.026793600001838
3,0,,2026-07-29T17:53:47.110893,98943,7656,2039,7656,1134,7655,148,11,0,1.0271097000222653
3,0,,2026-07-29T17:53:48.139297,98427,7627,2003,7627,1141,7627,125,17,0,1.0281736000033561
3,0,,2026-07-29T17:53:49.167638,99094,7538,2017,7538,1103,7538,145,7,0,1.027968200010946
3,0,,2026-07-29T17:53:50.195931,99562,7622,1977,7622,1187,7622,167,10,0,1.0279484000056982
3,0,,2026-07-29T17:53:51.222599,99613,7627,1993,7627,1145,7627,158,6,0,1.0263879999984056
3,0,,2026-07-29T17:53:52.251240,99136,7655,1986,7655,1104,7655,130,20,0,1.0260382000124082
3,0,,2026-07-29T17:53:53.277691,98864,7665,2014,7665,1102,7665,168,8,0,1.0262382999935653
3,0,,2026-07-29T17:53:54.305542,99036,7602,1928,7602,1074,7602,180,9,0,1.0276671000174247
3,0,,2026-07-29T17:53:55.334054,98601,7560,2001,7560,1143,7560,149,14,0,1.0282265999994706
3,0,,2026-07-29T17:53:56.362458,99448,7666,2043,7666,1142,7666,157,18,0,1.0280259000137448
3,0,,2026-07-29T17:53:57.391656,99433,7609,1995,7609,1115,7609,167,6,0,1.0287527999898884
3,0,,2026-07-29T17:53:58.420706,98899,7515,1950,7515,1102,7515,140,12,0,1.0286881999927573
3,0,,2026-07-29T17:53:59.448496,98410,7494,1942,7494,1079,7494,138,17,0,1.027401600003941
3,0,,2026-07-29T17:54:00.475971,99085,7562,1993,7562,1085,7562,161,11,0,1.0272618000162765
3,0,,2026-07-29T17:54:01.504315,99477,7562,1993,7562,1085,7562,151,10,0,1.0280307999928482
3,0,,2026-07-29T17:54:02.531898,99154,7543,1988,7543,1087,7543,153,5,0,1.027340100001311
3,0,,2026-07-29T17:54:03.560343,98564,7593,1953,7593,1157,7593,157,11,0,1.0281486000167206
3,0,,2026-07-29T17:54:04.589153,98923,7543,1987,7543,1083,7543,133,9,0,1.028412899991963
3,0,,2026-07-29T17:54:05.617895,99248,7449,1984,7449,1120,7449,143,8,0,1.0283622999850195
3,0,,2026-07-29T17:54:06.645822,99666,7818,1987,7818,1207,7818,178,8,0,1.0276974000153132
3,0,,2026-07-29T17:54:07.675370,99476,7467,1971,7467,1106,7467,164,8,0,1.0291285999992397
3,0,,2026-07-29T17:54:08.704637,99171,7424,1892,7424,1096,7424,157,15,0,1.0289657000103034
3,0,,2026-07-29T17:54:09.732626,99272,7487,1971,7487,1131,7487,162,11,0,1.027637399995001
3,0,,2026-07-29T17:54:10.761233,99031,7548,1963,7548,1079,7548,178,7,0,1.0283652000071015
3,0,,2026-07-29T17:54:11.788877,98803,7490,1973,7490,1112,7490,166,8,0,1.0272964000178035
3,0,,2026-07-29T17:54:12.817097,99168,7485,1973,7485,1054,7485,161,11,0,1.0279160999925807
3,0,,2026-07-29T17:54:13.846434,98864,7675,1987,7675,1153,7675,156,11,0,1.029035899991868
3,0,,2026-07-29T17:54:14.875384,99096,7576,1978,7576,1130,7576,155,8,0,1.0284882000123616
3,0,,2026-07-29T17:54:15.903291,99487,7532,1997,7532,1112,7532,158,17,0,1.0276142999937292
3,0,,2026-07-29T17:54:16.937155,98910,7644,2012,7644,1142,7644,132,13,0,1.0334754000068642
3,0,,2026-07-29T17:54:17.965208,99808,7613,2013,7613,1163,7613,142,9,0,1.0277442999940831
3,0,,2026-07-29T17:54:18.992410,99970,7504,1895,7504,1172,7504,151,15,0,1.026907499996014
3,0,,2026-07-29T17:54:20.020391,98914,7602,2019,7602,1138,7602,139,10,0,1.0275825000135228
3,0,,2026-07-29T17:54:21.048551,99695,7735,2005,7735,1108,7735,154,11,0,1.0278224000066984
3,0,,2026-07-29T17:54:22.076444,99405,7570,1954,7570,1099,7570,158,18,0,1.0276214000186883
3,0,,2026-07-29T17:54:23.103704,98603,7444,1942,7444,1125,7444,167,11,0,1.0268707000068389
3,0,,2026-07-29T17:54:24.132104,99770,7662,2009,7662,1124,7662,150,10,0,1.0280911999871023
3,0,,2026-07-29T17:54:25.159856,98386,7616,1953,7616,1113,7616,142,18,0,1.0274725999915972
3,0,,2026-07-29T17:54:26.188456,99245,7473,1919,7473,1125,7473,153,9,0,1.0283355999854393
3,0,,2026-07-29T17:54:27.216099,99991,7628,2016,7628,1132,7628,178,9,0,1.027360200008843
3,0,,2026-07-29T17:54:28.245807,99444,7668,1976,7668,1102,7668,159,13,0,1.0294604999944568
3,0,,2026-07-29T17:54:29.273658,98967,7663,1958,7663,1102,7663,172,13,0,1.0276650000014342
3,0,,2026-07-29T17:54:30.300687,99208,7663,1987,7663,1146,7663,155,9,0,1.0267919999896549
3,0,,2026-07-29T17:54:31.328571,99634,7652,1999,7652,1147,7652,151,7,0,1.0275560999871232
3,0,,2026-07-29T17:54:32.356166,99381,7609,1918,7609,1135,7609,146,4,0,1.0273230000166222
3,0,,2026-07-29T17:54:33.384565,99776,7539,1916,7539,1186,7539,147,14,0,1.0281646000221372
3,0,,2026-07-29T17:54:34.413572,99093,7520,1939,7520,1134,7520,132,18,0,1.0286263999878429
3,0,,2026-07-29T17:54:35.442218,98463,7501,1992,7501,1126,7501,164,8,0,1.0282529999967664
3,0,,2026-07-29T17:54:36.471048,98921,7589,2022,7589,1074,7589,156,15,0,1.0284806999843568
3,0,,2026-07-29T17:54:37.499823,99106,7457,1906,7457,1096,7457,151,9,0,1.0284550999931525
3,0,,2026-07-29T17:54:38.528951,99352,7532,1913,7532,1168,7532,150,11,0,1.0286925999971572
3,0,,2026-07-29T17:54:39.559023,99075,7735,2007,7735,1151,7735,148,4,0,1.0297565000073519
3,0,,2026-07-29T17:54:40.586858,99442,7488,1966,7488,1115,7488,128,7,0,1.027417500008596
3,0,,2026-07-29T17:54:41.614008,99637,7472,1967,7472,1062,7472,175,7,0,1.026880399993388
3,0,,2026-07-29T17:54:42.641199,98822,7491,1967,7491,1140,7491,152,15,0,1.0268881999945734
3,0,,2026-07-29T17:54:43.668455,99174,7509,1974,7509,1095,7509,149,13,0,1.0269716000184417
3,0,,2026-07-29T17:54:44.696150,99167,7459,1942,7459,1130,7459,144,10,0,1.0273790000064764
3,0,,2026-07-29T17:54:45.724737,98812,7585,1917,7585,1159,7585,174,9,0,1.0282597999903373
3,0,,2026-07-29T17:54:46.753211,99479,7633,2004,7633,1106,7633,154,15,0,1.0281748000124935
3,0,,2026-07-29T17:54:47.781435,99475,7475,1861,7475,1142,7475,158,5,0,1.027939299994614
3,0,,2026-07-29T17:54:48.809835,99201,7549,2016,7549,1094,7549,149,15,0,1.0279713000054471
3,0,,2026-07-29T17:54:49.838313,99159,7545,1969,7545,1089,7545,168,13,0,1.0282598999910988
3,0,,2026-07-29T17:54:50.865976,99294,7664,1973,7664,1161,7664,168,10,0,1.027342099987436
3,0,,2026-07-29T17:54:51.893844,99330,7499,1986,7499,1170,7499,159,16,0,1.0275568000215571
3,0,,2026-07-29T17:54:52.922039,98939,7438,1941,7438,1175,7438,171,12,0,1.027821399999084
3,0,,2026-07-29T17:54:53.948438,99101,7561,1948,7561,1119,7561,147,11,0,1.0260654999874532
3,0,,2026-07-29T17:54:54.975716,99050,7579,1954,7579,1172,7579,180,14,0,1.027129900001455
3,0,,2026-07-29T17:54:56.002936,99073,7472,1955,7472,1129,7472,143,7,0,1.0270351000071969
3,0,,2026-07-29T17:54:57.030596,99430,7435,1919,7435,1165,7435,151,12,0,1.027374500001315
3,0,,2026-07-29T17:54:58.058265,99297,7656,2034,7656,1115,7656,160,14,0,1.027358399995137
3,0,,2026-07-29T17:54:59.084526,99462,7610,2000,7610,1083,7610,167,13,0,1.026033699978143
3,0,,2026-07-29T17:55:00.112227,99231,7523,1986,7523,1094,7523,180,11,0,1.027448100008769
3,0,,2026-07-29T17:55:01.139224,98801,7508,2014,7508,1098,7508,160,10,0,1.0267858000006527
3,0,,2026-07-29T17:55:02.166063,99606,7560,2004,7560,1099,7560,159,17,1,1.0265607000037562
3,0,,2026-07-29T17:55:03.193611,99470,7653,1997,7653,1208,7653,145,11,0,1.0273478000017349
3,0,,2026-07-29T17:55:04.222380,99603,7685,2024,7685,1139,7685,171,10,0,1.0285344000149053
3,0,,2026-07-29T17:55:05.250299,99058,7465,1965,7465,1130,7465,160,12,0,1.0275122000020929
3,0,,2026-07-29T17:55:06.278582,99515,7650,1962,7650,1124,7650,155,24,0,1.02804250002373
3,0,,2026-07-29T17:55:07.305385,99271,7549,1954,7549,1130,7549,146,10,0,1.0265214999963064
3,0,,2026-07-29T17:55:08.334383,100054,7580,1906,7580,1196,7580,165,13,0,1.0288300999964122
3,0,,2026-07-29T17:55:09.361901,99550,7669,2006,7669,1119,7669,182,11,0,1.0271164000150748
3,0,,2026-07-29T17:55:10.389722,99191,7534,1985,7534,1142,7534,161,15,0,1.027511099993717
3,0,,2026-07-29T17:55:11.417776,99335,7482,1935,7482,1111,7482,153,10,0,1.027812600019388
3,0,,2026-07-29T17:55:12.446168,99098,7570,1994,7570,1100,7570,156,9,0,1.02792649998446
3,0,,2026-07-29T17:55:13.475489,99383,7675,2014,7675,1133,7675,141,5,0,1.0290242000191938
3,0,,2026-07-29T17:55:14.504636,99347,7416,1928,7416,1070,7416,166,12,0,1.028530799987493
3,0,,2026-07-29T17:55:15.533208,99271,7542,1922,7542,1150,7542,153,13,0,1.0281060000124853
3,0,,2026-07-29T17:55:16.562920,99403,7432,1910,7432,1183,7432,134,11,0,1.0292487000115216
3,0,,2026-07-29T17:55:17.592452,99601,7687,1995,7687,1175,7687,143,13,0,1.0292508999991696
3,0,,2026-07-29T17:55:18.623610,98961,7723,2028,7723,1147,7723,151,7,0,1.0307637999940198
3,0,,2026-07-29T17:55:19.650826,99310,7679,2032,7679,1111,7679,159,10,1,1.026849999994738
3,0,,2026-07-29T17:55:20.678023,98669,7479,2006,7479,1082,7479,155,11,0,1.0270389000070281
3,0,,2026-07-29T17:55:21.706159,98839,7514,1953,7514,1092,7514,159,11,0,1.0276723999995738
3,0,,2026-07-29T17:55:22.736302,99238,7623,2044,7623,1145,7623,152,14,0,1.0297026000043843
3,0,,2026-07-29T17:55:23.766215,99374,7549,1976,7549,1122,7549,140,12,0,1.0295905999955721
3,0,,2026-07-29T17:55:24.796819,99184,7529,1977,7529,1142,7529,143,11,0,1.0301872999989428
3,0,,2026-07-29T17:55:25.826911,99645,7329,1872,7329,1049,7329,155,14,0,1.0297298000077717
3,0,,2026-07-29T17:55:26.857610,99172,7764,2052,7764,1194,7764,150,8,0,1.0301965000107884
3,0,,2026-07-29T17:55:27.888568,99317,7611,1959,7611,1151,7611,168,15,0,1.0304507999971975
3,0,,2026-07-29T17:55:28.918371,99431,7588,1994,7588,1139,7588,149,12,0,1.0291591999994125
3,0,,2026-07-29T17:55:29.947079,99829,7670,2038,7670,1122,7670,147,14,0,1.02823329999228
3,0,,2026-07-29T17:55:30.976169,99196,7531,1936,7531,1107,7531,172,14,0,1.028600000019651
3,0,,2026-07-29T17:55:32.005495,99726,7554,1928,7554,1151,7554,164,5,0,1.0288399000128265
3,0,,2026-07-29T17:55:33.033488,99725,7539,1959,7539,1123,7539,158,7,0,1.0275033000216354
3,0,,2026-07-29T17:55:34.061485,99281,7688,2007,7688,1088,7688,151,14,0,1.0277301000023726
3,0,,2026-07-29T17:55:35.091353,99519,7466,1903,7466,1131,7466,177,14,0,1.0293989999918267
3,0,,2026-07-29T17:55:36.119572,99343,7580,1977,7580,1090,7580,146,15,0,1.0277429000125267
3,0,,2026-07-29T17:55:37.147874,99161,7753,2053,7753,1200,7753,151,10,0,1.027930300013395
3,0,,2026-07-29T17:55:38.176471,98954,7596,1957,7596,1130,7596,174,10,0,1.0282537000020966
3,0,,2026-07-29T17:55:39.204938,99176,7744,2046,7744,1082,7744,166,10,0,1.0281584000040311
3,0,,2026-07-29T17:55:40.232449,99515,7610,2033,7610,1147,7610,139,8,0,1.027160300000105
3,0,,2026-07-29T17:55:41.261433,99118,7434,1936,7434,1141,7434,151,16,0,1.0287555000104476
3,0,,2026-07-29T17:55:42.290601,99223,7566,1963,7566,1116,7566,165,7,0,1.0286534999904688
3,0,,2026-07-29T17:55:43.319266,99329,7551,1879,7551,1126,7551,173,12,0,1.028267199988477
3,0,,2026-07-29T17:55:44.350211,99123,7458,1933,7458,1114,7458,148,12,0,1.0303549999953248
3,0,,2026-07-29T17:55:45.380577,99371,7677,1950,7677,1158,7677,169,10,0,1.0299012000032235
3,0,,2026-07-29T17:55:46.410200,99392,7625,2015,7625,1146,7625,161,11,0,1.0291186999820638
3,0,,2026-07-29T17:55:47.439658,99088,7538,1995,7538,1089,7538,157,9,0,1.0290134999959264
3,0,,2026-07-29T17:55:48.468362,99670,7567,1960,7567,1148,7567,158,12,0,1.0283529000007547
3,0,,2026-07-29T17:55:49.499046,99753,7426,1824,7426,1122,7426,164,13,0,1.0300414000230376
3,0,,2026-07-29T17:55:50.528593,99278,7621,1954,7621,1174,7621,136,16,0,1.0290186000056565
3,0,,2026-07-29T17:55:51.557496,99659,7732,2074,7732,1136,7732,164,8,0,1.0285881999880075
3,0,,2026-07-29T17:55:52.585943,99727,7524,1865,7524,1161,7524,155,14,0,1.0279735999938566
3,0,,2026-07-29T17:55:53.616080,99706,7672,2009,7672,1128,7672,183,12,0,1.029750999994576
3,0,,2026-07-29T17:55:54.645668,99318,7453,1923,7453,1103,7453,150,10,0,1.0293115000240505
3,0,,2026-07-29T17:55:55.674388,99295,7548,2026,7548,1122,7548,160,16,0,1.028383800003212
3,0,,2026-07-29T17:55:56.703022,99386,7530,1908,7530,1136,7530,158,14,0,1.0281555999827106
3,0,,2026-07-29T17:55:57.731380,98536,7600,1989,7600,1119,7600,155,10,0,1.0279367000039201
3,0,,2026-07-29T17:55:58.760807,99327,7423,1965,7423,1092,7423,153,9,0,1.0289772000105586
3,0,,2026-07-29T17:55:59.790252,99426,7713,2092,7713,1150,7713,167,7,0,1.0291058000002522
3,0,,2026-07-29T17:56:00.819374,98838,7612,1977,7612,1120,7612,156,1,0,1.0283050000143703
3,0,,2026-07-29T17:56:01.846856,98979,7627,2028,7627,1093,7627,146,12,0,1.0271620000130497
3,0,,2026-07-29T17:56:02.876159,99347,7567,2016,7567,1061,7567,167,11,0,1.0288441000157036
3,0,,2026-07-29T17:56:03.905362,99530,7580,2033,7580,1151,7580,167,14,0,1.0287312000000384
3,0,,2026-07-29T17:56:04.933820,99355,7526,2001,7526,1082,7526,160,9,0,1.028174900013255
3,0,,2026-07-29T17:56:05.963789,99056,7525,1933,7525,1109,7525,145,7,0,1.0296605999756139
3,0,,2026-07-29T17:56:06.993623,99591,7581,1915,7581,1129,7581,175,11,0,1.0293521999847144
3,0,,2026-07-29T17:56:08.023478,98914,7490,1942,7490,1078,7490,141,10,0,1.0293266999942716
3,0,,2026-07-29T17:56:09.051975,99752,7647,2013,7647,1110,7647,159,7,0,1.0282440000155475
3,0,,2026-07-29T17:56:10.080419,99488,7514,1934,7514,1139,7514,155,11,0,1.0280965999991167
3,0,,2026-07-29T17:56:11.109464,99291,7498,1975,7498,1134,7498,138,14,0,1.028546000015922
3,0,,2026-07-29T17:56:12.139860,99559,7514,1967,7515,1106,7515,151,15,0,1.0300314000051003
3,0,,2026-07-29T17:56:13.168127,98903,7587,2027,7586,1114,7586,180,10,0,1.0276783999870531
3,0,,2026-07-29T17:56:14.220100,99681,7620,1949,7620,1109,7620,152,14,0,1.0510714999982156
3,0,,2026-07-29T17:56:15.262371,103248,7862,2067,7862,1100,7862,184,7,0,1.0290571000077762
3,0,,2026-07-29T17:56:16.292321,99400,7684,2031,7684,1133,7684,173,11,0,1.0294814999797381
3,0,,2026-07-29T17:56:17.322237,99281,7649,1991,7649,1128,7649,176,11,0,1.0293677999870852
3,0,,2026-07-29T17:56:18.351685,99343,7496,1921,7496,1095,7496,153,8,0,1.0291287000000011
3,0,,2026-07-29T17:56:19.381918,99935,7522,2027,7522,1130,7522,165,18,0,1.029705399996601
3,0,,2026-07-29T17:56:20.410467,99700,7434,1999,7434,1132,7434,132,13,0,1.0280720999871846
3,0,,2026-07-29T17:56:21.439846,99020,7687,2057,7687,1086,7687,188,10,0,1.0290649999806192
3,0,,2026-07-29T17:56:22.467797,99370,7636,1964,7636,1142,7636,167,12,0,1.0276799999992363
3,0,,2026-07-29T17:56:23.497526,99329,7298,1891,7298,1031,7298,166,6,0,1.0293990999925882
3,0,,2026-07-29T17:56:24.525680,99501,7585,2052,7585,1158,7585,160,12,1,1.0276422000024468
3,0,,2026-07-29T17:56:25.554006,98767,7530,1955,7530,1168,7530,154,11,0,1.0279827999765985
3,0,,2026-07-29T17:56:26.583433,99622,7633,1977,7633,1190,7633,153,12,0,1.0290106000029482
3,0,,2026-07-29T17:56:27.611429,100023,7600,2024,7600,1112,7600,160,12,0,1.0276217000209726
3,0,,2026-07-29T17:56:28.639784,98836,7444,1953,7444,1107,7444,146,13,0,1.0279082000197377
3,0,,2026-07-29T17:56:29.668670,98463,7529,1999,7529,1128,7529,161,14,1,1.0285012999956962
3,0,,2026-07-29T17:56:30.696892,99550,7648,1963,7648,1175,7648,173,6,0,1.0278770000149962
3,0,,2026-07-29T17:56:31.724047,99125,7558,1951,7558,1117,7558,169,10,0,1.0268289000086952
3,0,,2026-07-29T17:56:32.753803,99568,7555,1981,7555,1136,7555,168,15,0,1.0294202000077348
3,0,,2026-07-29T17:56:33.782054,99831,7626,1956,7626,1136,7626,171,10,0,1.0277255999972112
3,0,,2026-07-29T17:56:34.809304,100269,7602,2009,7602,1111,7602,152,10,0,1.0270266000006814
3,0,,2026-07-29T17:56:35.840668,99218,7406,2010,7406,1082,7406,186,17,0,1.03107130000717
3,0,,2026-07-29T17:56:36.870066,98954,7646,1975,7646,1112,7646,147,14,0,1.0289909999992233
3,0,,2026-07-29T17:56:37.898594,99410,7619,2070,7619,1071,7619,156,7,0,1.028217000013683
3,0,,2026-07-29T17:56:38.926998,98913,7392,1904,7392,1088,7392,146,9,0,1.0280352999980096
3,0,,2026-07-29T17:56:39.957419,98867,7583,1966,7583,1119,7583,151,14,0,1.030086199985817
3,0,,2026-07-29T17:56:40.986254,99509,7699,1972,7699,1202,7699,140,8,0,1.0284276000165846
3,0,,2026-07-29T17:56:42.014460,99201,7668,1990,7668,1152,7668,178,11,0,1.0278983000025619
3,0,,2026-07-29T17:56:43.043251,99129,7466,1966,7466,1081,7466,154,7,0,1.0284402999968734
3,0,,2026-07-29T17:56:44.072032,99648,7557,1937,7557,1083,7557,166,10,0,1.0282717999943998
3,0,,2026-07-29T17:56:45.100312,99872,7705,2055,7705,1194,7705,157,16,0,1.0278448000026401
3,0,,2026-07-29T17:56:46.127722,99531,7683,2058,7683,1168,7683,142,12,0,1.0270034999994095
3,0,,2026-07-29T17:56:47.155971,99066,7473,1954,7473,1063,7473,166,10,0,1.0279302999842912
3,0,,2026-07-29T17:56:48.187101,99362,7454,2041,7454,1094,7454,173,8,0,1.0306042000011075
3,0,,2026-07-29T17:56:49.217259,99685,7707,2002,7707,1116,7707,156,7,0,1.0296920000109822
3,0,,2026-07-29T17:56:50.245623,99575,7466,1897,7466,1115,7466,164,10,0,1.0279814999958035
3,0,,2026-07-29T17:56:51.272935,99086,7406,1976,7406,1060,7406,171,13,0,1.0269598000159021
3,0,,2026-07-29T17:56:52.300890,99494,7449,1860,7450,1105,7450,163,12,0,1.027664299996104
3,0,,2026-07-29T17:56:53.329230,98951,7529,1972,7528,1106,7528,145,14,0,1.0280697999987751
3,0,,2026-07-29T17:56:54.355772,99104,7527,2032,7527,1091,7527,172,10,0,1.026260699989507
3,0,,2026-07-29T17:56:55.384129,98589,7531,1992,7531,1111,7531,161,8,0,1.0281662000052165
3,0,,2026-07-29T17:56:56.412307,99542,7552,1955,7552,1112,7552,157,13,0,1.0277279999863822
3,0,,2026-07-29T17:56:57.441207,99116,7661,2000,7661,1184,7661,138,10,0,1.0285693000187166
3,0,,2026-07-29T17:56:58.469976,99444,7431,1946,7431,1049,7431,171,19,0,1.028411800012691
3,0,,2026-07-29T17:56:59.498881,99689,7736,1991,7736,1157,7736,170,8,0,1.0285822000005282
3,0,,2026-07-29T17:57:00.529768,99200,7639,2029,7639,1199,7639,171,14,0,1.0305456999922171
3,0,,2026-07-29T17:57:01.558193,99483,7597,2030,7597,1144,7597,131,12,0,1.027932500001043
3,0,,2026-07-29T17:57:02.586778,99316,7636,2031,7636,1124,7636,167,16,0,1.0282913999981247
3,0,,2026-07-29T17:57:03.614763,99280,7522,1928,7522,1130,7522,166,11,0,1.0277390999835916
3,0,,2026-07-29T17:57:04.643509,99003,7511,1885,7511,1178,7511,178,11,0,1.0283411999989767
3,0,,2026-07-29T17:57:05.671892,99478,7499,1863,7499,1165,7499,137,9,0,1.0280364000063855
3,0,,2026-07-29T17:57:06.700885,98691,7565,1922,7565,1152,7565,152,9,0,1.0286725999903865
3,0,,2026-07-29T17:57:07.728838,99553,7629,2001,7629,1097,7629,168,12,0,1.0275663000065833
3,0,,2026-07-29T17:57:08.756283,99895,7533,1961,7533,1124,7533,182,4,0,1.027133600000525
3,0,,2026-07-29T17:57:09.784267,99393,7611,1882,7611,1121,7611,160,9,0,1.027644899993902
3,0,,2026-07-29T17:57:10.813340,99284,7516,1983,7516,1090,7516,177,22,0,1.0286463999946136
3,0,,2026-07-29T17:57:11.842825,99594,7586,1986,7586,1141,7586,126,15,0,1.0291078999871388
3,0,,2026-07-29T17:57:12.873510,99321,7576,1983,7576,1144,7576,170,6,0,1.030187600001227
3,0,,2026-07-29T17:57:13.902631,99817,7613,2018,7613,1120,7613,171,8,0,1.0287701999768615
3,0,,2026-07-29T17:57:14.931306,99203,7472,1989,7472,1089,7472,144,15,0,1.0284007000154816
3,0,,2026-07-29T17:57:15.959136,99316,7629,1962,7629,1170,7629,137,12,0,1.0276180999935605
3,0,,2026-07-29T17:57:16.987770,99177,7590,2025,7590,1134,7590,168,9,0,1.0282784000155516
3,0,,2026-07-29T17:57:18.016414,99088,7542,1957,7542,1103,7542,149,6,0,1.0282110999978613
3,0,,2026-07-29T17:57:19.046256,99753,7545,2048,7545,1089,7545,148,6,0,1.0294222999946214
3,0,,2026-07-29T17:57:20.074819,99576,7545,2006,7545,1154,7545,151,12,0,1.0281079999986105
3,0,,2026-07-29T17:57:21.102264,99383,7558,1976,7558,1166,7558,149,11,0,1.027185200015083
3,0,,2026-07-29T17:57:22.130788,99565,7634,2025,7634,1147,7634,164,9,0,1.0282297999947332
3,0,,2026-07-29T17:57:23.160789,100234,7781,1972,7781,1182,7781,162,10,0,1.0296425000124145
3,0,,2026-07-29T17:57:24.190230,99113,7658,2076,7658,1155,7658,165,9,0,1.0289018000185024
3,0,,2026-07-29T17:57:25.220112,99548,7637,2045,7637,1150,7637,176,6,0,1.0294410999922547
3,0,,2026-07-29T17:57:26.250026,99558,7640,1910,7640,1214,7640,149,15,0,1.0294092000112869
3,0,,2026-07-29T17:57:27.279501,99281,7529,1966,7529,1135,7529,161,9,0,1.028965400008019
3,0,,2026-07-29T17:57:28.308717,99541,7605,2021,7605,1163,7605,147,6,0,1.0288957000011578
3,0,,2026-07-29T17:57:29.338325,99363,7481,1932,7481,1116,7481,161,17,0,1.0293213999830186
3,0,,2026-07-29T17:57:30.366962,99655,7664,2052,7664,1154,7664,151,9,0,1.0283605000004172
3,0,,2026-07-29T17:57:31.395592,99532,7640,1962,7640,1121,7640,177,9,0,1.0281355000042822
3,0,,2026-07-29T17:57:32.425332,99448,7559,1969,7559,1129,7559,134,12,0,1.0292722999874968
3,0,,2026-07-29T17:57:33.454939,99719,7772,2011,7772,1157,7772,142,13,0,1.0290732999856118
3,0,,2026-07-29T17:57:34.485381,98718,7679,1997,7679,1102,7679,165,10,0,1.0298303999879863
3,0,,2026-07-29T17:57:35.514315,100419,7567,1964,7567,1138,7567,155,8,0,1.028532800002722
3,0,,2026-07-29T17:57:36.541967,99805,7662,2018,7662,1179,7662,160,12,0,1.0273011999961454
3,1,,2026-07-29T17:57:55.253963,99137,9668,3746,9668,672,9668,25,15,0,1.0274918999930378
3,1,,2026-07-29T17:57:56.282535,99409,9667,3741,9667,663,9667,33,9,0,1.02811539999675
3,1,,2026-07-29T17:57:57.310655,99337,9619,3758,9619,699,9619,28,7,0,1.027632999990601
3,1,,2026-07-29T17:57:58.339049,99369,9633,3660,9633,696,9633,23,11,0,1.0280763999908231
3,1,,2026-07-29T17:57:59.368706,99420,9794,3885,9794,653,9794,31,11,0,1.029245700017782
3,1,,2026-07-29T17:58:00.397463,99507,9630,3782,9630,617,9630,26,7,0,1.02827249999973
3,1,,2026-07-29T17:58:01.426068,99687,9547,3755,9547,673,9547,18,9,0,1.0281336000189185
3,1,,2026-07-29T17:58:02.454685,99443,9559,3747,9559,657,9559,21,14,0,1.0282326000160538
3,1,,2026-07-29T17:58:03.484571,99081,9497,3691,9497,715,9497,17,10,0,1.029334299993934
3,1,,2026-07-29T17:58:04.513632,99534,9757,3773,9757,706,9757,12,13,0,1.0285795999807306
3,1,,2026-07-29T17:58:05.541400,99467,9751,3837,9751,675,9751,18,17,0,1.027308599994285
3,1,,2026-07-29T17:58:06.571344,98691,9513,3722,9513,666,9513,27,21,0,1.0296984000015073
3,1,,2026-07-29T17:58:07.600969,99713,9635,3783,9635,696,9635,27,14,0,1.0293504999717698
3,1,,2026-07-29T17:58:08.630982,99712,9592,3716,9592,681,9592,19,15,0,1.0296165999898221
3,1,,2026-07-29T17:58:09.659853,99515,9548,3788,9548,685,9548,20,6,0,1.0283037000044715
3,1,,2026-07-29T17:58:10.689636,99206,9594,3758,9594,656,9594,23,11,0,1.0294516999856569
3,1,,2026-07-29T17:58:11.718580,98906,9612,3741,9612,661,9612,23,15,0,1.0287160000007134
3,1,,2026-07-29T17:58:12.748820,99260,9677,3696,9677,678,9677,19,11,0,1.0299508000025526
3,1,,2026-07-29T17:58:13.776821,99305,9621,3824,9621,664,9621,28,9,0,1.0274670000071637
3,1,,2026-07-29T17:58:14.806913,99724,9526,3725,9526,681,9526,21,12,0,1.0295792999968398
3,1,,2026-07-29T17:58:15.838297,99120,9661,3724,9661,695,9661,21,13,0,1.0310970999998972
3,1,,2026-07-29T17:58:16.868731,100248,9696,3852,9696,628,9696,23,12,0,1.0299615999974776
3,1,,2026-07-29T17:58:17.898656,99279,9448,3682,9448,691,9448,21,14,0,1.0296133999945596
3,1,,2026-07-29T17:58:18.926861,98989,9511,3746,9511,631,9511,30,15,0,1.0277246999903582
3,1,,2026-07-29T17:58:19.957078,99020,9622,3734,9622,663,9622,29,17,0,1.0298501999932341
3,1,,2026-07-29T17:58:20.986328,98573,9527,3743,9527,685,9527,27,10,0,1.028729600016959
3,1,,2026-07-29T17:58:22.015272,98694,9583,3722,9583,636,9583,20,10,0,1.0284759000060149
3,1,,2026-07-29T17:58:23.043361,98843,9550,3740,9550,680,9550,16,8,0,1.0276593000162393
3,1,,2026-07-29T17:58:24.072732,99166,9797,3818,9797,696,9797,22,13,0,1.028927700011991
3,1,,2026-07-29T17:58:25.100401,99167,9474,3700,9474,657,9474,27,14,0,1.0272022999997716
3,1,,2026-07-29T17:58:26.130896,99310,9522,3720,9522,673,9522,21,8,0,1.0301855000143405
3,1,,2026-07-29T17:58:27.160454,99172,9776,3899,9776,658,9776,18,11,0,1.0291878000134602
3,1,,2026-07-29T17:58:28.189939,99326,9676,3793,9676,646,9676,24,13,0,1.028982799994992
3,1,,2026-07-29T17:58:29.219129,99866,9609,3814,9609,630,9609,23,9,0,1.0288238000066485
3,1,,2026-07-29T17:58:30.246692,98959,9686,3837,9686,661,9686,24,13,0,1.0272247999964748
3,1,,2026-07-29T17:58:31.275635,99652,9595,3801,9595,666,9595,32,11,0,1.0284642000042368
3,1,,2026-07-29T17:58:32.309026,99232,9614,3747,9614,651,9614,24,12,0,1.0327832000039052
3,1,,2026-07-29T17:58:33.338855,99477,9514,3768,9514,660,9514,24,10,0,1.0294501000025775
3,1,,2026-07-29T17:58:34.368717,99562,9699,3820,9699,642,9699,22,17,0,1.029122699983418
3,1,,2026-07-29T17:58:35.398184,99330,9545,3659,9545,611,9545,27,19,0,1.0289678999979515
3,1,,2026-07-29T17:58:36.427062,98849,9705,3741,9705,678,9705,23,14,0,1.0285822000005282
3,1,,2026-07-29T17:58:37.454902,99630,9695,3883,9695,665,9695,15,18,0,1.0274336999864317
3,1,,2026-07-29T17:58:38.484182,99803,9672,3870,9672,629,9672,22,8,0,1.0289613000059035
3,1,,2026-07-29T17:58:39.513889,99582,9759,3927,9759,665,9759,25,9,0,1.029377500002738
3,1,,2026-07-29T17:58:40.543496,99333,9458,3702,9458,660,9458,24,14,0,1.0290315999882296
3,1,,2026-07-29T17:58:41.572414,99128,9690,3857,9690,672,9690,25,10,0,1.028519299987238
3,1,,2026-07-29T17:58:42.602435,99053,9652,3768,9652,668,9652,19,11,0,1.0294486999919172
3,1,,2026-07-29T17:58:43.632546,98699,9481,3720,9481,654,9481,19,16,0,1.0296657999861054
3,1,,2026-07-29T17:58:44.660875,98827,9411,3625,9411,648,9411,28,18,0,1.0278920000127982
3,1,,2026-07-29T17:58:45.689745,99959,9740,3838,9740,654,9740,15,9,0,1.0285011999949347
3,1,,2026-07-29T17:58:46.719641,100001,9735,3814,9735,650,9735,16,10,0,1.0294391000061296
3,1,,2026-07-29T17:58:47.748625,99151,9701,3804,9701,667,9701,13,10,0,1.0285600000061095
3,1,,2026-07-29T17:58:48.777598,99364,9481,3643,9481,676,9481,25,9,0,1.0284884000138845
3,1,,2026-07-29T17:58:49.806115,99571,9392,3713,9392,612,9392,17,5,0,1.028028800006723
3,1,,2026-07-29T17:58:50.835419,99416,9550,3777,9550,654,9550,18,12,0,1.02889490002417
3,1,,2026-07-29T17:58:51.862501,99283,9666,3862,9666,632,9666,28,11,0,1.0266092000238132
3,1,,2026-07-29T17:58:52.892592,98868,9575,3724,9575,616,9575,14,16,0,1.0298326999763958
3,1,,2026-07-29T17:58:53.922236,99588,9725,3798,9725,676,9725,22,13,0,1.0292734000249766
3,1,,2026-07-29T17:58:54.951579,99164,9490,3767,9490,648,9490,24,7,0,1.0288358999823686
3,1,,2026-07-29T17:58:55.977909,99273,9448,3683,9448,663,9448,18,10,0,1.0261105000099633
3,1,,2026-07-29T17:58:57.004976,99708,9676,3812,9676,683,9676,28,6,0,1.0268006999976933
3,1,,2026-07-29T17:58:58.032770,99111,9678,3767,9678,673,9678,27,16,0,1.0275746999832336
3,1,,2026-07-29T17:58:59.060377,99429,9630,3756,9630,646,9630,23,9,0,1.027213999972446
3,1,,2026-07-29T17:59:00.088564,98686,9605,3756,9605,621,9605,26,11,0,1.0277103999978863
3,1,,2026-07-29T17:59:01.117676,99522,9774,3803,9774,680,9774,21,12,0,1.0289336999994703
3,1,,2026-07-29T17:59:02.146786,99241,9614,3829,9614,692,9614,30,13,0,1.028859599988209
3,1,,2026-07-29T17:59:03.174585,99249,9897,3860,9897,717,9897,16,16,0,1.027342099987436
3,1,,2026-07-29T17:59:04.204196,99748,9696,3782,9696,680,9696,26,15,0,1.0293367999838665
3,1,,2026-07-29T17:59:05.232472,99442,9604,3864,9604,648,9604,22,10,0,1.0275752999878023
3,1,,2026-07-29T17:59:06.260172,99571,9693,3822,9693,686,9693,16,7,0,1.0273704999999609
3,1,,2026-07-29T17:59:07.287992,98528,9460,3746,9460,640,9460,31,21,0,1.0274259999860078
3,1,,2026-07-29T17:59:08.318667,99250,9588,3797,9588,675,9588,15,13,0,1.0301376999996137
3,1,,2026-07-29T17:59:09.347144,99996,9745,3819,9745,703,9745,28,14,0,1.0279807999904733
3,1,,2026-07-29T17:59:10.376524,98861,9572,3774,9572,627,9572,22,13,0,1.0285671000019647
3,1,,2026-07-29T17:59:11.405299,99515,9743,3882,9743,710,9743,23,16,0,1.0280883999948855
3,1,,2026-07-29T17:59:12.435103,99072,9717,3828,9717,677,9717,32,10,0,1.0293728999968152
3,1,,2026-07-29T17:59:13.464776,99421,9595,3751,9595,657,9595,32,10,0,1.0291837999830022
3,1,,2026-07-29T17:59:14.494472,99589,9818,3894,9818,700,9818,32,14,0,1.029286899982253
3,1,,2026-07-29T17:59:15.523307,98967,9552,3697,9552,653,9552,30,15,0,1.0283342000038829
3,1,,2026-07-29T17:59:16.551598,99493,9589,3798,9589,663,9589,23,9,0,1.027932500001043
3,1,,2026-07-29T17:59:17.581726,99408,9516,3679,9516,661,9516,26,10,0,1.0296524000004865
3,1,,2026-07-29T17:59:18.611242,99086,9614,3778,9614,645,9614,30,15,0,1.02901210001437
3,1,,2026-07-29T17:59:19.640795,99064,9741,3809,9741,690,9741,25,19,0,1.0291234999895096
3,1,,2026-07-29T17:59:20.671350,99447,9561,3730,9561,703,9561,26,10,0,1.0299308999965433
3,1,,2026-07-29T17:59:21.702020,99709,9738,3755,9738,673,9738,24,12,0,1.0303502000169829
3,1,,2026-07-29T17:59:22.731635,100136,9703,3779,9703,663,9703,22,12,0,1.02915600000415
3,1,,2026-07-29T17:59:23.761617,100140,9525,3733,9525,649,9525,27,8,0,1.0294563999923412
3,1,,2026-07-29T17:59:24.789699,99307,9728,3800,9728,658,9728,25,14,0,1.0275502000004053
3,1,,2026-07-29T17:59:25.819847,99568,9687,3834,9687,680,9687,33,11,0,1.0296625000191852
3,1,,2026-07-29T17:59:26.849015,99773,9471,3677,9471,647,9471,23,11,0,1.0287486999877729
3,1,,2026-07-29T17:59:27.877247,99748,9652,3644,9652,692,9652,28,14,0,1.027810600004159
3,1,,2026-07-29T17:59:28.905173,99101,9590,3680,9590,670,9590,23,10,0,1.0275427000015043
3,1,,2026-07-29T17:59:29.934260,99578,9698,3770,9698,674,9698,30,10,0,1.0286727999919094
3,1,,2026-07-29T17:59:30.965145,99057,9500,3714,9500,664,9500,27,11,0,1.0305064999847673
3,1,,2026-07-29T17:59:31.993988,98974,9760,3846,9760,688,9760,18,15,0,1.0284052999923006
3,1,,2026-07-29T17:59:33.022543,99323,9812,3756,9812,681,9812,26,9,0,1.0281416999932844
3,1,,2026-07-29T17:59:34.052422,99419,9500,3711,9500,689,9500,26,13,0,1.0295389000093564
3,1,,2026-07-29T17:59:35.081584,99358,9579,3760,9579,620,9579,22,15,0,1.0287125000031665
3,1,,2026-07-29T17:59:36.110472,99040,9554,3691,9554,698,9554,31,12,0,1.0286141999822576
3,1,,2026-07-29T17:59:37.140524,99902,9500,3673,9500,657,9500,17,11,0,1.0296547999896575
3,1,,2026-07-29T17:59:38.169783,98986,9733,3904,9733,645,9733,23,14,0,1.028888899978483
3,1,,2026-07-29T17:59:39.198279,99057,9699,3779,9699,652,9699,28,13,0,1.0281737000041176
3,1,,2026-07-29T17:59:40.227671,99075,9771,3678,9771,757,9771,21,11,0,1.0290702000202145
3,1,,2026-07-29T17:59:41.257665,99106,9697,3827,9697,670,9697,34,9,0,1.029740199999651
3,1,,2026-07-29T17:59:42.285023,99454,9404,3702,9404,623,9404,23,10,0,1.0268873999884818
3,1,,2026-07-29T17:59:43.314951,98705,9628,3735,9628,677,9628,27,11,0,1.029594099993119
3,1,,2026-07-29T17:59:44.344399,99616,9725,3776,9725,701,9725,24,21,0,1.0289805000065826
3,1,,2026-07-29T17:59:45.374310,99028,9610,3774,9610,633,9610,30,10,0,1.0295586999855004
3,1,,2026-07-29T17:59:46.403074,99494,9619,3845,9619,643,9619,25,13,0,1.0280153999920003
3,1,,2026-07-29T17:59:47.430946,99412,9675,3858,9675,688,9675,12,4,0,1.0275377000216395
3,1,,2026-07-29T17:59:48.459936,98853,9435,3662,9435,600,9435,26,9,0,1.0287240999750793
3,1,,2026-07-29T17:59:49.488563,99627,9602,3761,9602,658,9602,19,15,0,1.028209899988724
3,1,,2026-07-29T17:59:50.517716,99838,9605,3756,9605,647,9605,28,11,0,1.0287239000026602
3,1,,2026-07-29T17:59:51.547536,99302,9602,3677,9602,730,9602,24,14,0,1.0295844999782275
3,1,,2026-07-29T17:59:52.575091,99148,9402,3638,9402,663,9402,20,7,0,1.027057800005423
3,1,,2026-07-29T17:59:53.601811,98916,9645,3840,9645,661,9645,22,11,0,1.0264222000259906
3,1,,2026-07-29T17:59:54.629667,99013,9578,3717,9578,679,9578,21,6,0,1.0276588999840897
3,1,,2026-07-29T17:59:55.656601,99307,9713,3838,9713,674,9713,17,11,0,1.026476900005946
3,1,,2026-07-29T17:59:56.682607,98868,9584,3742,9584,632,9584,23,11,0,1.0257128999801353
3,1,,2026-07-29T17:59:57.709445,98683,9636,3689,9636,679,9636,20,12,0,1.0266475999960676
3,1,,2026-07-29T17:59:58.736637,99265,9715,3804,9715,668,9715,22,13,1,1.0269112999958452
3,1,,2026-07-29T17:59:59.765581,99566,9684,3862,9684,677,9684,26,17,0,1.0287313000007998
3,1,,2026-07-29T18:00:00.793462,99289,9566,3765,9566,664,9566,30,10,0,1.027456899988465
3,1,,2026-07-29T18:00:01.821964,98898,9668,3745,9668,676,9668,23,6,0,1.0282222999958321
3,1,,2026-07-29T18:00:02.851021,99047,9650,3782,9650,674,9650,31,6,0,1.028749399993103
3,1,,2026-07-29T18:00:03.879350,99532,9679,3749,9679,689,9679,24,5,0,1.0280051000008825
3,1,,2026-07-29T18:00:04.907743,99036,9787,3769,9787,748,9787,22,15,0,1.027953599987086
3,1,,2026-07-29T18:00:05.936737,99674,9738,3892,9738,685,9738,20,10,0,1.0286234999948647
3,1,,2026-07-29T18:00:06.964971,99364,9640,3704,9640,645,9640,16,11,0,1.0279676000063773
3,1,,2026-07-29T18:00:07.993030,99368,9570,3759,9570,633,9570,26,13,0,1.0278011999907903
3,1,,2026-07-29T18:00:09.019652,99305,9691,3835,9691,622,9691,32,10,0,1.026118800014956
3,1,,2026-07-29T18:00:10.048596,99379,9754,3871,9754,636,9754,17,8,0,1.0285776999953669
3,1,,2026-07-29T18:00:11.076179,99181,9744,3883,9744,688,9744,22,6,0,1.0272508000198286
3,1,,2026-07-29T18:00:12.103532,99077,9366,3715,9366,652,9366,19,10,0,1.0270736000093166
3,1,,2026-07-29T18:00:13.132485,98901,9670,3805,9670,699,9670,21,13,0,1.0285565000085626
3,1,,2026-07-29T18:00:14.161722,99344,9609,3786,9609,669,9609,25,8,0,1.0287576999980956
3,1,,2026-07-29T18:00:15.189295,99979,9626,3777,9626,660,9626,29,8,0,1.0273436999996193
3,1,,2026-07-29T18:00:16.217758,99040,9654,3819,9654,676,9654,16,6,0,1.0282581000064965
3,1,,2026-07-29T18:00:17.244515,98988,9752,3759,9752,712,9752,17,13,0,1.026517899997998
3,1,,2026-07-29T18:00:18.274074,99160,9589,3750,9589,661,9589,25,6,0,1.0292019000044093
3,1,,2026-07-29T18:00:19.302520,99463,9808,3876,9808,684,9808,26,17,0,1.02805900000385
3,1,,2026-07-29T18:00:20.331131,98951,9642,3828,9642,635,9642,34,12,0,1.028274300013436
3,1,,2026-07-29T18:00:21.358954,99228,9611,3780,9611,666,9611,21,10,0,1.027423199993791
3,1,,2026-07-29T18:00:22.386081,99320,9557,3730,9557,677,9557,27,15,0,1.0268451999872923
3,1,,2026-07-29T18:00:23.414364,98901,9635,3736,9635,652,9635,28,9,0,1.0279711000039242
3,1,,2026-07-29T18:00:24.442554,99152,9679,3751,9679,663,9679,23,14,0,1.0278564000036567
3,1,,2026-07-29T18:00:25.471476,99397,9631,3784,9631,683,9631,31,15,0,1.0286536999919917
3,1,,2026-07-29T18:00:26.499487,99075,9660,3780,9660,664,9660,22,8,0,1.027641599997878
3,1,,2026-07-29T18:00:27.527258,99139,9472,3797,9472,656,9472,20,18,0,1.0273928999959026
3,1,,2026-07-29T18:00:28.556517,99814,9598,3838,9598,665,9598,24,7,0,1.028975299996091
3,1,,2026-07-29T18:00:29.666746,99583,9692,3761,9692,702,9692,35,9,0,1.109912899992196
3,1,,2026-07-29T18:00:30.699152,107916,10569,4098,10569,732,10569,30,21,0,1.0277407999965362
3,1,,2026-07-29T18:00:31.725590,99053,9474,3772,9474,692,9474,17,9,0,1.0262226999911945
3,1,,2026-07-29T18:00:32.754383,99248,9667,3707,9667,666,9667,22,15,0,1.0285527000087313
3,1,,2026-07-29T18:00:33.782521,99776,9498,3684,9498,724,9498,33,11,0,1.02783529998851
3,1,,2026-07-29T18:00:34.810193,98985,9526,3677,9526,664,9526,29,14,0,1.0273910000105388
3,1,,2026-07-29T18:00:35.841519,100278,9414,3643,9414,639,9414,27,10,0,1.0309637000027578
3,1,,2026-07-29T18:00:36.873755,99841,9659,3797,9659,642,9659,26,13,0,1.0317025999829639
3,1,,2026-07-29T18:00:37.903570,99453,9617,3760,9617,654,9617,28,16,0,1.0292138000077102
3,1,,2026-07-29T18:00:38.934997,99227,9598,3702,9598,714,9598,24,9,0,1.0308836000040174
3,1,,2026-07-29T18:00:39.965724,99618,9818,3809,9818,662,9818,34,15,0,1.0302360999921802
3,1,,2026-07-29T18:00:40.995109,99060,9581,3774,9581,658,9581,26,20,0,1.0289519999932963
3,1,,2026-07-29T18:00:42.026037,99597,9864,3893,9864,676,9864,20,8,0,1.0303823999711312
3,1,,2026-07-29T18:00:43.056695,99219,9628,3743,9628,654,9628,19,11,0,1.0300784000137355
3,1,,2026-07-29T18:00:44.087557,99718,9724,3731,9724,717,9724,25,17,0,1.0304196999932174
3,1,,2026-07-29T18:00:45.119627,98539,9375,3601,9375,572,9375,16,11,0,1.0316359999997076
3,1,,2026-07-29T18:00:46.150782,100133,9560,3745,9560,649,9560,18,14,0,1.0306773000047542
3,1,,2026-07-29T18:00:47.181700,99285,9708,3753,9708,666,9708,28,15,0,1.0303352999908384
3,1,,2026-07-29T18:00:48.213143,99304,9742,3801,9742,670,9742,19,13,0,1.0307226000004448
3,1,,2026-07-29T18:00:49.245570,99663,9825,3835,9825,723,9825,24,12,0,1.0311229999933857
3,1,,2026-07-29T18:00:50.275957,99675,9691,3866,9691,674,9691,27,11,0,1.0296907000010833
3,1,,2026-07-29T18:00:51.306333,99196,9651,3652,9651,686,9651,28,9,0,1.0297017999982927
3,1,,2026-07-29T18:00:52.337887,99292,9501,3672,9501,652,9501,21,13,0,1.03100980000454
3,1,,2026-07-29T18:00:53.390737,101837,10042,3965,10042,698,10042,18,14,0,1.052448500005994
3,1,,2026-07-29T18:00:54.459395,103349,9811,3859,9811,648,9811,22,15,0,1.0311653999960981
3,1,,2026-07-29T18:00:55.489059,99541,9690,3847,9690,668,9690,28,11,0,1.0291252000024542
3,1,,2026-07-29T18:00:56.519945,99707,9699,3816,9699,675,9699,27,11,0,1.0305010999727529
3,1,,2026-07-29T18:00:57.552217,99805,9629,3759,9629,677,9629,13,11,0,1.0318960000004154
3,1,,2026-07-29T18:00:58.582832,99720,9485,3686,9485,673,9485,29,10,0,1.0301100999931805
3,1,,2026-07-29T18:00:59.613618,100198,9869,3957,9869,679,9869,16,18,0,1.0301685000013094
3,1,,2026-07-29T18:01:00.645399,99502,9717,3747,9717,714,9717,21,11,0,1.0313479999895208
3,1,,2026-07-29T18:01:01.674969,99762,9746,3835,9747,649,9747,30,9,0,1.0290478999959305
3,1,,2026-07-29T18:01:02.705306,99258,9639,3829,9638,641,9638,12,12,0,1.0299496999941766
3,1,,2026-07-29T18:01:03.735588,99367,9653,3816,9653,662,9653,24,6,0,1.029838699992979
3,1,,2026-07-29T18:01:04.765668,100028,9641,3921,9641,632,9641,26,18,0,1.0297050999943167
3,1,,2026-07-29T18:01:05.794659,99505,9638,3713,9638,665,9638,34,21,0,1.0284758000052534
3,1,,2026-07-29T18:01:06.824701,98947,9758,3824,9758,658,9758,23,19,0,1.029628899996169
3,1,,2026-07-29T18:01:07.856758,99049,9568,3715,9568,679,9568,23,11,0,1.031476499978453
3,1,,2026-07-29T18:01:08.888019,100142,9680,3883,9680,665,9680,22,14,0,1.030675699992571
3,1,,2026-07-29T18:01:09.919270,99947,9693,3880,9693,665,9693,34,8,0,1.0307049000111874
3,1,,2026-07-29T18:01:10.950581,99507,9539,3726,9539,673,9539,24,13,0,1.030582300008973
3,1,,2026-07-29T18:01:11.980219,100058,9730,3842,9730,726,9730,25,14,0,1.029195700015407
3,1,,2026-07-29T18:01:13.010819,99574,9573,3730,9573,729,9573,19,15,0,1.0301175999920815
3,1,,2026-07-29T18:01:14.041324,99573,9636,3771,9636,704,9636,26,12,0,1.029884099989431
3,1,,2026-07-29T18:01:15.071809,99192,9665,3845,9665,668,9665,20,9,0,1.0299119999981485
3,1,,2026-07-29T18:01:16.103333,99317,9566,3752,9566,629,9566,22,12,1,1.0309910000069067
3,1,,2026-07-29T18:01:17.134342,99586,9532,3738,9532,621,9532,23,14,0,1.0304220000107307
3,1,,2026-07-29T18:01:18.164350,99376,9790,3950,9790,703,9790,37,10,0,1.0291840999852866
3,1,,2026-07-29T18:01:19.195013,99464,9573,3753,9573,691,9573,26,16,0,1.0302091999910772
3,1,,2026-07-29T18:01:20.226632,98966,9722,3738,9722,703,9722,27,11,0,1.0311329000105616
3,1,,2026-07-29T18:01:21.256254,99310,9565,3738,9565,653,9565,19,15,0,1.0292002000205684
3,1,,2026-07-29T18:01:22.285877,99453,9480,3662,9480,659,9480,23,14,0,1.029076000006171
3,1,,2026-07-29T18:01:23.316229,99632,9658,3883,9658,652,9658,24,9,0,1.0298293000087142
3,1,,2026-07-29T18:01:24.347857,99531,9761,3828,9761,653,9761,22,12,0,1.0310433999984525
3,1,,2026-07-29T18:01:25.378769,100109,9612,3783,9612,641,9612,23,12,0,1.0304304999881424
3,1,,2026-07-29T18:01:26.408178,99544,9649,3871,9649,707,9649,26,10,1,1.0287211000104435
3,1,,2026-07-29T18:01:27.439527,99592,9550,3827,9550,716,9550,22,10,0,1.0308042999822646
3,1,,2026-07-29T18:01:28.470594,99180,9609,3796,9609,661,9609,34,13,0,1.0305386999971233
3,1,,2026-07-29T18:01:29.501004,99070,9543,3729,9543,646,9543,25,10,0,1.0299203999747988
3,1,,2026-07-29T18:01:30.530730,99572,9622,3764,9622,661,9622,19,13,0,1.0291353999928106
3,1,,2026-07-29T18:01:31.561867,99479,9699,3762,9699,670,9699,25,14,0,1.0306514000112657
3,1,,2026-07-29T18:01:32.591547,99830,9568,3714,9568,638,9568,21,13,0,1.029236200003652
3,1,,2026-07-29T18:01:33.622235,99351,9627,3812,9627,696,9627,21,16,0,1.029984399996465
3,1,,2026-07-29T18:01:34.653366,99576,9578,3762,9578,705,9578,24,15,0,1.030595500022173
3,1,,2026-07-29T18:01:35.684331,99640,9692,3832,9692,664,9692,24,14,0,1.0305000999942422
3,1,,2026-07-29T18:01:36.717487,99767,9866,3908,9866,681,9866,21,11,0,1.032479699992109
3,1,,2026-07-29T18:01:37.747717,99498,9763,3824,9763,653,9763,20,13,0,1.0296823999960907
3,1,,2026-07-29T18:01:38.777165,99326,9516,3778,9516,683,9516,17,10,0,1.0288059999875259
3,1,,2026-07-29T18:01:39.807676,99381,9847,3911,9847,654,9847,20,14,0,1.0299816000042483
3,1,,2026-07-29T18:01:40.839172,99921,9734,3754,9734,700,9734,20,14,0,1.0308629000210203
3,1,,2026-07-29T18:01:41.869431,99859,9674,3858,9674,674,9674,29,12,0,1.0297141000046395
3,1,,2026-07-29T18:01:42.899463,98668,9687,3809,9687,638,9687,29,16,0,1.0295774999831337
3,1,,2026-07-29T18:01:43.928649,99548,9705,3867,9705,632,9705,32,7,0,1.0287987999909092
3,1,,2026-07-29T18:01:44.956931,99621,9590,3725,9590,676,9590,23,12,0,1.0278251999989152
3,1,,2026-07-29T18:01:45.985941,99068,9691,3827,9691,683,9691,22,8,0,1.0286002999928314
3,1,,2026-07-29T18:01:47.015914,98976,9558,3786,9558,632,9558,18,12,0,1.029525099991588
3,1,,2026-07-29T18:01:48.046970,99489,9608,3788,9608,708,9608,30,6,0,1.0306762999971397
3,1,,2026-07-29T18:01:49.077355,99617,9537,3707,9537,675,9537,28,16,0,1.0299339000193868
3,1,,2026-07-29T18:01:50.108547,99982,9775,3871,9775,691,9775,23,13,0,1.0306395000079647
3,1,,2026-07-29T18:01:51.138538,99856,9656,3757,9656,589,9656,24,11,0,1.0295242000138387
3,1,,2026-07-29T18:01:52.170240,99163,9685,3788,9685,687,9685,30,16,0,1.0313220999960322
3,1,,2026-07-29T18:01:53.200900,99028,9524,3707,9524,634,9524,25,13,0,1.0301049999834504
3,1,,2026-07-29T18:01:54.230059,98898,9527,3657,9527,687,9527,20,9,0,1.0286713999812491
3,1,,2026-07-29T18:01:55.260667,99246,9595,3780,9595,656,9595,14,10,0,1.030243800021708
3,1,,2026-07-29T18:01:56.290540,98882,9578,3789,9578,658,9578,18,17,0,1.0294526999932714
3,1,,2026-07-29T18:01:57.322300,99254,9651,3784,9651,708,9651,27,16,0,1.031216500006849
3,1,,2026-07-29T18:01:58.351214,99285,9491,3807,9491,656,9491,19,14,0,1.0282508000091184
3,1,,2026-07-29T18:01:59.382798,99527,9754,3777,9754,686,9754,19,11,0,1.0310782000015024
3,1,,2026-07-29T18:02:00.414719,99261,9746,3779,9746,658,9746,28,10,0,1.0312256000179332
3,1,,2026-07-29T18:02:01.445743,99533,9599,3779,9599,686,9599,23,16,0,1.0305844999966212
3,1,,2026-07-29T18:02:02.473548,99447,9544,3769,9544,651,9544,20,10,0,1.0274498000217136
3,1,,2026-07-29T18:02:03.503750,99800,9672,3877,9672,669,9672,21,16,0,1.0299186000193004
3,1,,2026-07-29T18:02:04.534519,99407,9651,3763,9651,689,9651,18,12,0,1.0302888000151142
3,1,,2026-07-29T18:02:05.564018,99566,9568,3772,9568,662,9568,18,11,0,1.028988300007768
3,1,,2026-07-29T18:02:06.595144,98804,9499,3712,9499,644,9499,28,6,0,1.03058140000212
3,1,,2026-07-29T18:02:07.625575,99731,9665,3872,9665,654,9665,20,9,0,1.0300355000072159
3,1,,2026-07-29T18:02:08.656316,100287,9728,3908,9728,676,9728,26,11,0,1.0302433999895584
3,1,,2026-07-29T18:02:09.686395,98883,9807,3794,9807,655,9807,21,6,0,1.0295891999849118
3,1,,2026-07-29T18:02:10.717170,99430,9515,3766,9515,661,9515,17,15,0,1.0304603000113275
3,1,,2026-07-29T18:02:11.747702,99406,9761,3831,9761,662,9761,25,7,0,1.0300805000006221
3,1,,2026-07-29T18:02:12.777168,100051,9624,3838,9624,693,9624,31,8,0,1.0289912000007462
3,1,,2026-07-29T18:02:13.808324,99528,9670,3777,9670,673,9670,28,16,0,1.0306424999726005
3,1,,2026-07-29T18:02:14.838557,99320,9666,3806,9666,668,9666,20,19,0,1.0297510999953374
3,1,,2026-07-29T18:02:15.869476,99651,9615,3722,9615,684,9615,21,9,0,1.0302946000010706
3,1,,2026-07-29T18:02:16.900168,99340,9538,3752,9538,656,9538,31,14,0,1.0302913000050467
3,1,,2026-07-29T18:02:17.929980,99982,9473,3735,9473,682,9473,23,18,0,1.0293967000034172
3,1,,2026-07-29T18:02:18.961575,99259,9554,3757,9554,648,9554,28,13,0,1.0311335000151303
3,1,,2026-07-29T18:02:19.991943,99961,9554,3783,9554,639,9554,16,9,0,1.029740199999651
3,1,,2026-07-29T18:02:21.024536,99852,9679,3733,9679,625,9679,20,12,0,1.03197569999611
3,1,,2026-07-29T18:02:22.055110,99765,9735,3870,9735,682,9735,20,18,0,1.0300392000062857
3,1,,2026-07-29T18:02:23.085865,99445,9577,3823,9577,628,9577,17,10,0,1.030266899993876
3,1,,2026-07-29T18:02:24.118200,99809,9564,3759,9564,673,9564,16,9,0,1.0315609999815933
3,1,,2026-07-29T18:02:25.148986,99159,9517,3762,9517,660,9517,27,18,0,1.0303132999979425
3,1,,2026-07-29T18:02:26.180961,99528,9519,3668,9519,722,9520,24,2,0,1.0314936000213493
3,1,,2026-07-29T18:02:27.212118,99640,9752,3832,9752,707,9751,23,15,0,1.030541300016921
3,1,,2026-07-29T18:02:28.242244,99382,9634,3883,9634,704,9634,18,10,0,1.0296065000002272
3,1,,2026-07-29T18:02:29.272922,98997,9586,3743,9586,653,9586,19,13,0,1.030216700019082
3,1,,2026-07-29T18:02:30.303051,99786,9788,3902,9788,648,9788,24,7,0,1.0296547999896575
3,1,,2026-07-29T18:02:31.334106,99627,9634,3836,9634,667,9634,31,9,0,1.030447600001935
3,1,,2026-07-29T18:02:32.364014,99430,9708,3815,9708,724,9708,27,11,0,1.0293268999957945
3,1,,2026-07-29T18:02:33.394656,99398,9598,3771,9598,667,9598,26,10,0,1.030138000001898
3,1,,2026-07-29T18:02:34.424601,99722,9608,3762,9608,693,9608,24,13,0,1.0295165000134148
3,1,,2026-07-29T18:02:35.454977,99844,9654,3818,9654,658,9654,25,10,0,1.0298326999763958
3,1,,2026-07-29T18:02:36.486228,99177,9677,3645,9677,662,9677,27,11,0,1.0307153000030667
3,1,,2026-07-29T18:02:37.515354,99285,9526,3753,9526,676,9526,25,18,0,1.0286000999913085
3,1,,2026-07-29T18:02:38.545912,99362,9579,3759,9579,696,9579,28,16,0,1.0301590000162832
3,1,,2026-07-29T18:02:39.576711,99459,9599,3769,9599,693,9599,29,15,0,1.0304755000106525
3,1,,2026-07-29T18:02:40.606975,99959,9590,3774,9590,718,9590,33,9,0,1.0298270999919623
3,1,,2026-07-29T18:02:41.637247,99979,9692,3715,9692,714,9692,21,8,0,1.0297518000006676
3,1,,2026-07-29T18:02:42.668427,99230,9618,3657,9618,686,9618,26,18,0,1.0305132000066806
3,1,,2026-07-29T18:02:43.699845,99560,9648,3840,9648,644,9648,23,18,0,1.0308326999947894
3,1,,2026-07-29T18:02:44.731565,99322,9664,3780,9664,633,9664,32,9,0,1.0312051000073552
3,1,,2026-07-29T18:02:45.763077,99707,9735,3812,9735,659,9735,25,18,0,1.0309187000093516
3,1,,2026-07-29T18:02:46.795164,100042,9718,3729,9718,711,9718,21,14,0,1.0316479000030085
3,1,,2026-07-29T18:02:47.826781,99584,9478,3760,9478,662,9478,18,9,0,1.0311440999794286
3,1,,2026-07-29T18:02:48.856858,99851,9728,3895,9728,638,9728,27,15,0,1.0296306999807712
3,1,,2026-07-29T18:02:49.887249,99510,9746,3840,9746,695,9746,39,9,0,1.029878799978178
3,1,,2026-07-29T18:02:50.918153,99551,9618,3780,9618,663,9618,20,17,0,1.0302385999821126
3,1,,2026-07-29T18:02:51.949164,99838,9809,3913,9809,654,9809,24,12,0,1.0305540999979712
3,1,,2026-07-29T18:02:52.978230,99386,9592,3805,9592,640,9592,21,15,0,1.028490900003817
3,1,,2026-07-29T18:02:54.008624,99477,9588,3783,9588,646,9588,24,9,0,1.029951800010167
3,1,,2026-07-29T18:02:55.039649,99509,9675,3825,9675,677,9675,36,8,0,1.0305170000065118
3,2,,2026-07-29T18:02:59.010199,98802,10098,4431,10098,303,10098,7,16,0,1.0293693999992684
3,2,,2026-07-29T18:03:00.039788,99518,10291,4557,10291,302,10291,12,17,0,1.0292408000095747
3,2,,2026-07-29T18:03:01.071296,99106,10368,4502,10368,337,10368,11,12,0,1.0310959000198636
3,2,,2026-07-29T18:03:02.102950,99947,10344,4526,10344,306,10344,8,7,0,1.0311208999773953
3,2,,2026-07-29T18:03:03.133158,99744,10145,4466,10145,271,10145,8,14,0,1.0296979999984615
3,2,,2026-07-29T18:03:04.162927,99838,10418,4583,10418,314,10418,7,14,0,1.029294200008735
3,2,,2026-07-29T18:03:05.192236,98614,10088,4419,10088,316,10088,9,7,0,1.028877000004286
3,2,,2026-07-29T18:03:06.222296,99363,10118,4447,10118,296,10118,6,14,0,1.0295672000211198
3,2,,2026-07-29T18:03:07.251094,99428,10274,4531,10274,299,10274,9,17,0,1.028440900001442
3,2,,2026-07-29T18:03:08.311183,100719,10132,4465,10132,309,10132,3,6,0,1.0595912999997381
3,2,,2026-07-29T18:03:09.366349,102763,10606,4560,10606,358,10606,13,9,0,1.0301017999881878
3,2,,2026-07-29T18:03:10.396379,99372,10173,4467,10173,291,10173,8,9,0,1.0296022999973502
3,2,,2026-07-29T18:03:11.427012,99819,10102,4429,10102,323,10102,6,6,0,1.0302873000036925
3,2,,2026-07-29T18:03:12.456968,99631,10058,4488,10058,284,10058,4,16,1,1.0295437999884598
3,2,,2026-07-29T18:03:13.486941,99557,10411,4606,10411,308,10411,8,14,0,1.0296275000146125
3,2,,2026-07-29T18:03:14.517844,100295,10248,4487,10248,308,10248,3,10,0,1.0304767999914475
3,2,,2026-07-29T18:03:15.549360,99303,10129,4518,10129,329,10129,8,9,0,1.0309576999861747
3,2,,2026-07-29T18:03:16.579449,99168,10145,4499,10145,296,10145,8,8,0,1.0296018999943044
3,2,,2026-07-29T18:03:17.609945,99343,10277,4544,10277,296,10277,5,15,0,1.0299173000094015
3,2,,2026-07-29T18:03:18.642930,99413,10332,4541,10332,283,10332,9,14,0,1.0325370999926236
3,2,,2026-07-29T18:03:19.672340,99690,10304,4555,10304,277,10304,5,15,0,1.0287886000005528
3,2,,2026-07-29T18:03:20.700936,99567,10010,4336,10010,274,10010,6,16,0,1.0282706999860238
3,2,,2026-07-29T18:03:21.769435,98502,10280,4463,10280,294,10280,6,7,0,1.067989100003615
3,2,,2026-07-29T18:03:22.839295,107331,11171,4949,11171,327,11171,12,15,0,1.028512300021248
3,2,,2026-07-29T18:03:23.869437,98965,10093,4429,10093,271,10093,5,9,0,1.029581499984488
3,2,,2026-07-29T18:03:24.899946,98886,10302,4558,10302,272,10302,7,13,0,1.0298800999880768
3,2,,2026-07-29T18:03:25.929821,99801,10139,4474,10139,299,10139,7,10,0,1.0293532999930903
3,2,,2026-07-29T18:03:26.961293,99354,10127,4476,10127,299,10127,12,13,0,1.030694000015501
3,2,,2026-07-29T18:03:27.991530,99171,10167,4520,10167,323,10167,6,9,0,1.029660000000149
3,2,,2026-07-29T18:03:29.021764,99258,10235,4552,10235,299,10235,7,11,0,1.0297281999955885
3,2,,2026-07-29T18:03:30.051938,99401,10153,4439,10153,266,10153,7,15,0,1.029531100008171
3,2,,2026-07-29T18:03:31.080987,99459,10326,4605,10326,316,10326,8,17,0,1.0286870000127237
3,2,,2026-07-29T18:03:32.110035,99126,10091,4444,10091,303,10091,7,5,0,1.027016400010325
3,2,,2026-07-29T18:03:33.137279,99465,10098,4486,10098,290,10098,5,14,0,1.027033799997298
3,2,,2026-07-29T18:03:34.164589,99229,10189,4395,10189,312,10189,8,11,0,1.0270661000104155
3,2,,2026-07-29T18:03:35.191369,98890,10430,4581,10430,320,10430,5,9,0,1.026551399991149
3,2,,2026-07-29T18:03:36.220657,99555,10150,4487,10150,296,10150,11,10,0,1.0289832999987993
3,2,,2026-07-29T18:03:37.249628,99474,10284,4528,10284,300,10284,6,10,0,1.0287492999923415
3,2,,2026-07-29T18:03:38.277598,99515,10223,4541,10223,319,10223,9,12,0,1.0277155000076164
3,2,,2026-07-29T18:03:39.305927,99333,10358,4527,10358,266,10358,10,16,0,1.0280534999910742
3,2,,2026-07-29T18:03:40.334832,99168,10475,4623,10475,299,10475,8,17,0,1.0284463000134565
3,2,,2026-07-29T18:03:41.363639,99552,10183,4460,10183,320,10183,6,13,0,1.028411800012691
3,2,,2026-07-29T18:03:42.393177,99746,10193,4459,10193,294,10193,7,12,0,1.0291912999819033
3,2,,2026-07-29T18:03:43.421858,99882,10384,4535,10384,341,10384,11,15,0,1.0281865999859292
3,2,,2026-07-29T18:03:44.451235,99835,10458,4604,10458,316,10458,8,16,0,1.0290763000084553
3,2,,2026-07-29T18:03:45.478955,99072,10316,4548,10316,298,10316,6,8,0,1.0274455999897327
3,2,,2026-07-29T18:03:46.507736,99243,10001,4516,10001,288,10001,11,10,0,1.0284973999951035
3,2,,2026-07-29T18:03:47.537786,98967,10210,4552,10210,290,10210,11,15,0,1.0298162999970373
3,2,,2026-07-29T18:03:48.566958,99451,9946,4438,9946,295,9946,0,8,0,1.028622699988773
3,2,,2026-07-29T18:03:49.595808,99504,10293,4607,10293,297,10293,6,7,0,1.0284908000030555
3,2,,2026-07-29T18:03:50.625265,99699,10017,4409,10017,278,10017,6,9,0,1.0290505000157282
3,2,,2026-07-29T18:03:51.654504,99759,10317,4579,10317,300,10317,9,10,0,1.0289905999961775
3,2,,2026-07-29T18:03:52.682471,99096,10305,4536,10305,324,10305,5,14,0,1.0275566000200342
3,2,,2026-07-29T18:03:53.712429,99612,10043,4471,10043,318,10043,6,12,0,1.029642400011653
3,2,,2026-07-29T18:03:54.740224,99618,10294,4546,10294,306,10294,7,9,0,1.0271642000006977
3,2,,2026-07-29T18:03:55.769728,98997,10319,4601,10319,326,10319,9,10,0,1.029108599992469
3,2,,2026-07-29T18:03:56.799056,99725,10351,4567,10351,278,10351,6,16,0,1.0290717000025325
3,2,,2026-07-29T18:03:57.829190,99002,10309,4654,10309,314,10309,10,10,0,1.0296267000085209
3,2,,2026-07-29T18:03:58.857793,98951,10098,4428,10098,302,10098,6,11,0,1.0281503000005614
3,2,,2026-07-29T18:03:59.889754,99769,10215,4474,10215,287,10215,5,9,0,1.031645799987018
3,2,,2026-07-29T18:04:00.923186,99858,10251,4655,10251,307,10252,6,18,0,1.0324913999938872
3,2,,2026-07-29T18:04:01.955369,99676,10243,4641,10243,312,10242,9,6,0,1.0312010000052396
3,2,,2026-07-29T18:04:02.987810,99578,10176,4427,10176,305,10176,8,7,0,1.0318788999866229
3,2,,2026-07-29T18:04:04.019447,99945,10340,4502,10340,306,10340,10,9,0,1.031160499987891
3,2,,2026-07-29T18:04:05.050675,100130,10379,4627,10379,285,10379,9,5,0,1.0306981999892741
3,2,,2026-07-29T18:04:06.081710,99636,10150,4556,10150,297,10150,15,11,0,1.0304343000170775
3,2,,2026-07-29T18:04:07.113303,99871,10373,4578,10373,311,10373,6,16,0,1.0310138000058942
3,2,,2026-07-29T18:04:08.144946,99697,10369,4470,10369,306,10369,5,12,0,1.0311080999963451
3,2,,2026-07-29T18:04:09.180798,99800,10187,4393,10187,302,10187,6,9,0,1.0352224000089336
3,2,,2026-07-29T18:04:10.212116,99533,10233,4569,10233,279,10233,5,6,0,1.0305268999945838
3,2,,2026-07-29T18:04:11.243562,99861,10412,4565,10412,305,10412,8,9,0,1.0308962000126485
3,2,,2026-07-29T18:04:12.274657,99146,10334,4530,10334,290,10334,5,9,0,1.030780400004005
3,2,,2026-07-29T18:04:13.305689,99358,10261,4578,10261,295,10261,4,11,0,1.0305915000208188
3,2,,2026-07-29T18:04:14.337301,99977,10098,4449,10098,271,10098,6,6,0,1.0311278000008315
3,2,,2026-07-29T18:04:15.369211,99729,10358,4606,10358,313,10358,8,5,0,1.0311913999903481
3,2,,2026-07-29T18:04:16.401101,99581,10279,4550,10279,297,10279,5,12,0,1.0311278000008315
3,2,,2026-07-29T18:04:17.432586,99699,10047,4469,10047,296,10047,14,12,0,1.0310482000058983
3,2,,2026-07-29T18:04:18.462058,100254,10326,4659,10326,319,10326,10,8,0,1.0289563999976963
3,2,,2026-07-29T18:04:19.492354,99876,10213,4510,10213,297,10213,11,6,0,1.0298439000034705
3,2,,2026-07-29T18:04:20.522678,99941,10133,4488,10133,299,10133,8,14,0,1.0297676000045612
3,2,,2026-07-29T18:04:21.552917,99720,10390,4523,10390,328,10390,4,10,0,1.0297120000177529
3,2,,2026-07-29T18:04:22.583274,100400,10176,4542,10176,299,10176,9,13,0,1.0299315999727696
3,2,,2026-07-29T18:04:23.613547,99409,10258,4588,10258,296,10258,9,6,0,1.0299625000043306
3,2,,2026-07-29T18:04:24.643399,99695,10276,4563,10276,283,10276,8,12,0,1.029248299979372
3,2,,2026-07-29T18:04:25.674865,99470,10209,4460,10209,319,10209,15,12,0,1.0309934000251815
3,2,,2026-07-29T18:04:26.704435,100045,10113,4465,10113,329,10113,8,11,0,1.0289963999821339
3,2,,2026-07-29T18:04:27.734651,99990,10266,4517,10266,289,10266,10,8,0,1.029658700019354
3,2,,2026-07-29T18:04:28.765476,99360,10082,4522,10082,297,10082,4,17,0,1.0304554000031203
3,2,,2026-07-29T18:04:29.796233,99536,10372,4492,10372,351,10372,6,11,0,1.030152099992847
3,2,,2026-07-29T18:04:30.827272,99012,10159,4433,10159,312,10159,7,12,0,1.0305705999780912
3,2,,2026-07-29T18:04:31.857574,99441,10315,4608,10316,318,10316,6,14,0,1.0297193999867886
3,2,,2026-07-29T18:04:32.888674,99189,10296,4603,10295,294,10295,11,10,0,1.0306731000018772
3,2,,2026-07-29T18:04:33.918217,99734,10232,4552,10232,322,10232,6,10,0,1.0289734000107273
3,2,,2026-07-29T18:04:34.946381,99282,10121,4464,10121,300,10121,8,10,0,1.0279027000069618
3,2,,2026-07-29T18:04:35.977086,99557,10283,4544,10283,299,10283,9,11,0,1.0302482999977656
3,2,,2026-07-29T18:04:37.008311,99114,10288,4441,10288,344,10288,5,13,0,1.030672399996547
3,2,,2026-07-29T18:04:38.038461,99502,10043,4412,10043,297,10043,3,11,0,1.0296395999903325
3,2,,2026-07-29T18:04:39.067991,99692,10298,4629,10298,303,10298,12,13,0,1.0290855999919586
3,2,,2026-07-29T18:04:40.098011,99274,10033,4423,10033,287,10033,5,9,0,1.0295759000000544
3,2,,2026-07-29T18:04:41.128737,99426,10164,4515,10164,299,10164,9,10,0,1.0303054000250995
3,2,,2026-07-29T18:04:42.158110,99542,10176,4498,10176,293,10176,5,9,0,1.0289218000252731
3,2,,2026-07-29T18:04:43.187043,99553,10383,4651,10383,265,10383,6,14,0,1.0283888999838382
3,2,,2026-07-29T18:04:44.217347,99179,10309,4585,10310,303,10310,6,12,0,1.0298822000040673
3,2,,2026-07-29T18:04:45.248580,100042,10235,4501,10234,326,10234,4,10,0,1.03080000000773
3,2,,2026-07-29T18:04:46.277645,98555,10173,4469,10173,294,10173,3,9,0,1.0285041000170168
3,2,,2026-07-29T18:04:47.308973,99139,10158,4446,10158,309,10158,6,16,0,1.0309159000171348
3,2,,2026-07-29T18:04:48.340798,99040,10223,4364,10223,310,10223,6,20,0,1.031396099977428
3,2,,2026-07-29T18:04:49.371182,99543,10097,4568,10097,281,10097,4,11,0,1.0299126000027172
3,2,,2026-07-29T18:04:50.403617,99901,10227,4559,10227,286,10227,4,10,0,1.0319127999828197
3,2,,2026-07-29T18:04:51.435174,99511,10216,4544,10216,317,10216,3,8,0,1.030911100009689
3,2,,2026-07-29T18:04:52.466200,99882,10207,4492,10207,298,10207,7,12,0,1.0305798999906983
3,2,,2026-07-29T18:04:53.496989,99548,10035,4376,10035,328,10035,7,10,0,1.0303151000116486
3,2,,2026-07-29T18:04:54.527929,99981,10175,4454,10175,305,10175,10,7,0,1.0305409000138752
3,2,,2026-07-29T18:04:55.559634,99236,10220,4493,10220,323,10220,7,10,0,1.0310735999955796
3,2,,2026-07-29T18:04:56.589613,99813,10343,4583,10343,309,10343,5,10,0,1.0294035999977496
3,2,,2026-07-29T18:04:57.621760,99890,10137,4387,10137,336,10137,7,5,0,1.0317115999932867
3,2,,2026-07-29T18:04:58.653340,99367,10115,4418,10115,311,10115,10,10,0,1.031090000004042
3,2,,2026-07-29T18:04:59.683968,99995,10165,4479,10165,295,10165,6,12,0,1.0300197000033222
3,2,,2026-07-29T18:05:00.713460,99076,10186,4503,10186,299,10186,12,11,0,1.0289303999743424
3,2,,2026-07-29T18:05:01.742642,99193,10369,4633,10370,316,10370,7,10,0,1.0287787000124808
3,2,,2026-07-29T18:05:02.773773,99111,10278,4516,10277,317,10277,11,10,0,1.0306491999945138
3,2,,2026-07-29T18:05:03.804277,99377,10190,4549,10190,290,10190,10,10,0,1.0301387999788858
3,2,,2026-07-29T18:05:04.835981,99345,10058,4549,10058,253,10058,8,13,0,1.0312885000021197
3,2,,2026-07-29T18:05:05.865520,100146,10240,4460,10240,301,10240,8,13,0,1.0291081000177655
3,2,,2026-07-29T18:05:06.896623,99492,10237,4539,10237,281,10237,2,15,0,1.0307150000007823
3,2,,2026-07-29T18:05:07.926854,99944,10204,4525,10204,306,10204,5,20,0,1.0296679000020958
3,2,,2026-07-29T18:05:08.957499,99607,10233,4437,10233,304,10233,3,9,0,1.030202099995222
3,2,,2026-07-29T18:05:09.988867,99772,10150,4539,10150,299,10150,7,8,0,1.031022600014694
3,2,,2026-07-29T18:05:11.021495,99805,10228,4430,10228,312,10228,6,11,0,1.0321256000024732
3,2,,2026-07-29T18:05:12.050911,100002,10347,4585,10347,296,10347,6,11,0,1.0290491000050679
3,2,,2026-07-29T18:05:13.080284,99084,10252,4518,10252,273,10252,5,16,0,1.0289071000006516
3,2,,2026-07-29T18:05:14.111677,100113,10259,4573,10259,301,10259,7,12,0,1.030921399971703
3,2,,2026-07-29T18:05:15.142671,99432,10174,4449,10174,308,10174,7,6,0,1.0303083000180777
3,2,,2026-07-29T18:05:16.175139,99387,9971,4400,9971,283,9971,7,6,0,1.031804900005227
3,2,,2026-07-29T18:05:17.205305,100983,10464,4606,10464,339,10464,8,9,0,1.0296852999890689
3,2,,2026-07-29T18:05:18.236587,99272,10143,4573,10143,295,10143,3,13,0,1.030826200003503
3,2,,2026-07-29T18:05:19.268107,99306,10086,4487,10086,299,10086,7,13,0,1.0309594999998808
3,2,,2026-07-29T18:05:20.299181,99611,10338,4528,10338,304,10338,5,6,0,1.0305897000071127
3,2,,2026-07-29T18:05:21.329852,98974,10172,4419,10172,299,10172,6,10,0,1.0302990000054706
3,2,,2026-07-29T18:05:22.359800,99527,10237,4473,10237,298,10237,3,14,0,1.029456200019922
3,2,,2026-07-29T18:05:23.390921,99125,10059,4454,10059,282,10059,6,17,0,1.0306280000077095
3,2,,2026-07-29T18:05:24.422997,99450,10256,4522,10256,300,10256,12,13,0,1.0316452000115532
3,2,,2026-07-29T18:05:25.453306,99355,10161,4400,10161,330,10161,8,3,0,1.0296671999967657
3,2,,2026-07-29T18:05:26.480903,99394,10291,4573,10291,280,10291,7,11,0,1.027186499995878
3,2,,2026-07-29T18:05:27.508551,99131,10085,4502,10085,316,10085,11,7,0,1.0274620999989565
3,2,,2026-07-29T18:05:28.536293,98919,10157,4453,10157,331,10157,10,13,0,1.0275351000018418
3,2,,2026-07-29T18:05:29.563483,98616,10144,4351,10144,298,10144,2,15,0,1.0268982000125106
3,2,,2026-07-29T18:05:30.590542,99331,10237,4498,10237,314,10237,9,11,0,1.026817799982382
3,2,,2026-07-29T18:05:31.619140,99374,10068,4532,10068,312,10068,3,14,0,1.0283346999785863
3,2,,2026-07-29T18:05:32.648016,99059,10206,4602,10206,326,10206,13,11,0,1.0285417000122834
3,2,,2026-07-29T18:05:33.674816,99160,10269,4538,10269,306,10269,5,9,0,1.0266188999812584
3,2,,2026-07-29T18:05:34.703044,98775,10289,4561,10289,303,10289,7,9,0,1.0279474999988452
3,2,,2026-07-29T18:05:35.772230,103448,10529,4610,10529,294,10529,2,9,0,1.0688062000263017
3,2,,2026-07-29T18:05:36.801195,98818,10283,4472,10283,300,10283,6,12,0,1.028691899991827
3,2,,2026-07-29T18:05:37.829091,99628,10286,4586,10286,292,10286,7,8,0,1.0275525000179186
3,2,,2026-07-29T18:05:38.856525,99541,10144,4486,10144,287,10144,3,16,0,1.0271482999960426
3,2,,2026-07-29T18:05:39.883887,99072,10199,4545,10199,322,10199,14,11,0,1.027158100012457
3,2,,2026-07-29T18:05:40.911548,99067,10121,4523,10121,281,10121,10,17,0,1.0274001999932807
3,2,,2026-07-29T18:05:41.939535,98646,10082,4493,10082,285,10082,1,4,0,1.0277449999994133
3,2,,2026-07-29T18:05:42.968067,99043,10013,4389,10013,283,10013,7,14,0,1.0282404999888968
3,2,,2026-07-29T18:05:43.995748,99812,10183,4447,10183,305,10183,8,16,0,1.0272266000101808
3,2,,2026-07-29T18:05:45.023849,99616,10154,4394,10154,294,10154,6,13,0,1.027871900005266
3,2,,2026-07-29T18:05:46.053069,99736,10137,4467,10137,305,10137,10,12,0,1.028823199972976
3,2,,2026-07-29T18:05:47.079287,98810,10072,4445,10072,295,10072,6,6,0,1.0259788999974262
3,2,,2026-07-29T18:05:48.107285,98972,10081,4375,10081,304,10081,7,12,0,1.027812400017865
3,2,,2026-07-29T18:05:49.134132,99275,10125,4492,10125,281,10125,7,9,0,1.026514800003497
3,2,,2026-07-29T18:05:50.161483,99491,10002,4360,10002,316,10002,12,11,0,1.0271792999992613
3,2,,2026-07-29T18:05:51.188181,99012,10213,4473,10213,306,10213,9,12,0,1.0265279000159353
3,2,,2026-07-29T18:05:52.217448,99401,10143,4522,10143,281,10143,5,12,0,1.0288750000181608
3,2,,2026-07-29T18:05:53.246126,99428,10371,4523,10371,302,10371,7,22,0,1.0282220000226516
3,2,,2026-07-29T18:05:54.275615,99407,10073,4441,10073,325,10073,8,7,0,1.0289064999960829
3,2,,2026-07-29T18:05:55.304314,99301,10148,4488,10148,321,10148,7,13,0,1.028311100002611
3,2,,2026-07-29T18:05:56.331814,99028,10154,4579,10154,298,10154,12,15,0,1.0272571000095922
3,2,,2026-07-29T18:05:57.360560,99529,10206,4627,10206,294,10206,8,7,0,1.0284719000046607
3,2,,2026-07-29T18:05:58.389116,99459,10113,4392,10113,290,10113,9,15,0,1.0282106999948155
3,2,,2026-07-29T18:05:59.417723,99802,10411,4658,10411,289,10411,8,14,0,1.0282060999888927
3,2,,2026-07-29T18:06:00.445195,98741,10068,4375,10068,312,10068,6,11,0,1.0269877999962773
3,2,,2026-07-29T18:06:01.473249,99119,9962,4401,9962,313,9962,8,11,0,1.0277097999933176
3,2,,2026-07-29T18:06:02.501495,100127,10287,4521,10287,304,10287,10,16,0,1.0278467999887653
3,2,,2026-07-29T18:06:03.530323,99473,10065,4402,10065,295,10065,6,7,0,1.0284347999840975
3,2,,2026-07-29T18:06:04.558800,99810,10272,4510,10272,294,10272,3,14,0,1.0279222000099253
3,2,,2026-07-29T18:06:05.586624,99351,10202,4479,10202,290,10202,10,7,0,1.0274500999948941
3,2,,2026-07-29T18:06:06.614992,98963,10199,4488,10200,326,10200,4,14,0,1.028100399998948
3,2,,2026-07-29T18:06:07.642550,98912,9914,4409,9913,283,9913,7,6,0,1.0272299000062048
3,2,,2026-07-29T18:06:08.669558,99197,10344,4576,10344,302,10344,7,13,0,1.0268006999976933
3,2,,2026-07-29T18:06:09.697264,98933,10091,4468,10091,287,10091,6,12,0,1.0275139000150375
3,2,,2026-07-29T18:06:10.725129,98338,10021,4399,10021,302,10021,5,11,0,1.0275448999891523
3,2,,2026-07-29T18:06:11.753101,98837,10204,4544,10204,270,10204,8,6,0,1.0275796999922022
3,2,,2026-07-29T18:06:12.781569,99532,10117,4439,10117,295,10117,4,8,0,1.0281360000080895
3,2,,2026-07-29T18:06:13.808123,99137,10231,4450,10231,336,10231,7,15,0,1.0262118999962695
3,2,,2026-07-29T18:06:14.836416,99119,10138,4508,10139,284,10139,10,6,0,1.028105500008678
3,2,,2026-07-29T18:06:15.864859,99168,10039,4422,10038,318,10038,11,12,0,1.028154400002677
3,2,,2026-07-29T18:06:16.891857,99400,9981,4392,9981,308,9981,8,7,0,1.0266270999854896
3,2,,2026-07-29T18:06:17.919855,99467,10391,4504,10391,277,10391,5,8,0,1.027693600015482
3,2,,2026-07-29T18:06:18.948631,99485,10088,4451,10088,297,10088,5,14,0,1.0284439999959432
3,2,,2026-07-29T18:06:19.976198,99252,10261,4495,10261,339,10261,3,15,0,1.0272119999863207
3,2,,2026-07-29T18:06:21.003940,99451,10214,4459,10214,299,10214,9,11,0,1.0272007000166923
3,2,,2026-07-29T18:06:22.031766,99038,10269,4548,10269,317,10269,7,8,0,1.027505200006999
3,2,,2026-07-29T18:06:23.059157,99294,10100,4437,10100,289,10100,8,9,0,1.0271351000119466
3,2,,2026-07-29T18:06:24.087024,98703,10247,4413,10247,319,10247,6,7,0,1.0275574999977835
3,2,,2026-07-29T18:06:25.115016,99073,10391,4620,10391,280,10391,7,11,0,1.0277747999934945
3,2,,2026-07-29T18:06:26.143855,99281,10149,4505,10149,299,10149,8,10,0,1.0284837999788579
3,2,,2026-07-29T18:06:27.170923,98772,10097,4432,10097,308,10097,5,17,0,1.0267347000190057
3,2,,2026-07-29T18:06:28.198138,99311,9998,4445,9998,290,9998,5,6,0,1.0269910999923013
3,2,,2026-07-29T18:06:29.227048,99635,10283,4536,10283,309,10283,8,15,0,1.0285391999932472
3,2,,2026-07-29T18:06:30.254980,98994,10281,4473,10281,301,10281,7,9,0,1.0273309999902267
3,2,,2026-07-29T18:06:31.283330,99688,10002,4454,10002,282,10002,3,12,0,1.0280307999928482
3,2,,2026-07-29T18:06:32.309583,99550,10194,4477,10194,289,10194,13,8,0,1.025877300009597
3,2,,2026-07-29T18:06:33.352541,99878,10276,4493,10276,280,10276,6,15,0,1.0427559000090696
3,2,,2026-07-29T18:06:34.380306,99366,10311,4524,10311,300,10311,6,10,0,1.026436600019224
3,2,,2026-07-29T18:06:35.407866,99701,10075,4328,10075,302,10075,8,9,0,1.0274022999801673
3,2,,2026-07-29T18:06:36.435901,99525,10191,4380,10191,307,10191,7,13,0,1.0278114999819081
3,2,,2026-07-29T18:06:37.463218,99464,9929,4416,9929,296,9929,5,12,0,1.0269646999950055
3,2,,2026-07-29T18:06:38.491060,99773,10426,4576,10426,303,10426,16,16,0,1.0275818000081927
3,2,,2026-07-29T18:06:39.519669,99236,10232,4458,10232,295,10232,8,11,0,1.028320299985353
3,2,,2026-07-29T18:06:40.548550,99928,10227,4559,10227,305,10227,9,16,0,1.0286275999969803
3,2,,2026-07-29T18:06:41.576548,99659,10206,4452,10206,322,10206,5,12,0,1.0275676999881398
3,2,,2026-07-29T18:06:42.604740,99142,10050,4461,10050,284,10050,0,13,0,1.0278907000028994
3,2,,2026-07-29T18:06:43.633400,98823,10355,4647,10355,300,10355,2,7,0,1.027997700002743
3,2,,2026-07-29T18:06:44.661647,99569,10162,4409,10162,280,10162,12,13,0,1.0279471999965608
3,2,,2026-07-29T18:06:45.689662,99005,10278,4571,10278,308,10278,5,12,0,1.0276426000054926
3,2,,2026-07-29T18:06:46.716674,99374,10160,4450,10160,288,10160,11,16,0,1.0267022000043653
3,2,,2026-07-29T18:06:47.744631,99115,10082,4503,10083,295,10083,7,14,0,1.027586699987296
3,2,,2026-07-29T18:06:48.773070,98599,10079,4348,10078,295,10078,7,9,0,1.0281812000030186
3,2,,2026-07-29T18:06:49.801802,98909,10126,4517,10126,313,10126,5,9,0,1.028438500012271
3,2,,2026-07-29T18:06:50.828898,99578,10232,4475,10232,303,10232,11,11,0,1.0265714000270236
3,2,,2026-07-29T18:06:51.856139,99772,10190,4523,10190,289,10190,7,6,0,1.026961899973685
3,2,,2026-07-29T18:06:52.883706,98885,10013,4413,10014,282,10014,6,4,0,1.0273596000042744
3,2,,2026-07-29T18:06:53.911716,99172,10173,4490,10172,324,10172,5,11,0,1.0276154000021052
3,2,,2026-07-29T18:06:54.938627,99494,10296,4521,10296,303,10296,6,12,0,1.026549400005024
3,2,,2026-07-29T18:06:55.966582,99547,10119,4479,10119,263,10119,6,15,0,1.02764380001463
3,2,,2026-07-29T18:06:56.994723,99498,10267,4512,10267,312,10267,11,9,0,1.0279063000052702
3,2,,2026-07-29T18:06:58.022031,99620,10177,4463,10177,292,10177,5,11,0,1.0268299999879673
3,2,,2026-07-29T18:06:59.050668,99198,10058,4477,10058,288,10058,6,10,0,1.0281973000091966
3,2,,2026-07-29T18:07:00.079576,99497,10394,4517,10394,299,10394,10,10,0,1.0286362000042573
3,2,,2026-07-29T18:07:01.108245,99087,10302,4489,10302,322,10302,6,10,0,1.028291700000409
3,2,,2026-07-29T18:07:02.136338,99670,10091,4520,10091,291,10091,7,15,0,1.0278205999929924
3,2,,2026-07-29T18:07:03.163937,98824,10175,4521,10175,304,10175,2,8,0,1.0274200000276323
3,2,,2026-07-29T18:07:04.193414,99392,10043,4402,10043,279,10043,14,12,0,1.029098500002874
3,2,,2026-07-29T18:07:05.221691,99536,10402,4592,10402,288,10402,9,12,0,1.0279223000106867
3,2,,2026-07-29T18:07:06.249807,99330,10222,4578,10222,324,10222,6,10,0,1.0278857000230346
3,2,,2026-07-29T18:07:07.278801,99459,10139,4497,10139,335,10139,5,13,0,1.0285771999915596
3,2,,2026-07-29T18:07:08.307599,99409,10092,4458,10092,296,10092,6,14,0,1.028370999993058
3,2,,2026-07-29T18:07:09.334644,99126,10325,4459,10325,312,10325,5,13,0,1.0267809000215493
3,2,,2026-07-29T18:07:10.363847,99171,10208,4489,10208,308,10208,7,7,0,1.0288455999980215
3,2,,2026-07-29T18:07:11.392164,99731,10273,4612,10273,311,10273,2,16,0,1.0279405000037514
3,2,,2026-07-29T18:07:12.419864,99866,10219,4573,10219,298,10219,9,16,0,1.0273626999987755
3,2,,2026-07-29T18:07:13.447569,98752,10256,4526,10256,316,10256,9,12,0,1.027362599998014
3,2,,2026-07-29T18:07:14.474689,99451,10225,4451,10225,305,10225,5,16,0,1.0268007000267971
3,2,,2026-07-29T18:07:15.501781,99470,10136,4489,10136,314,10136,15,19,0,1.0269055000098888
3,2,,2026-07-29T18:07:16.529486,99155,10161,4533,10161,295,10161,2,11,0,1.0273341999854892
3,2,,2026-07-29T18:07:17.556776,99077,10286,4550,10286,300,10286,5,11,0,1.0269703000085428
3,2,,2026-07-29T18:07:18.585872,99286,10277,4493,10277,272,10277,4,11,0,1.0288460000010673
3,2,,2026-07-29T18:07:19.613940,99234,10280,4552,10280,328,10280,11,5,0,1.0278315999894403
3,2,,2026-07-29T18:07:20.641480,99319,10394,4482,10394,322,10394,8,8,0,1.0271669999929145
3,2,,2026-07-29T18:07:21.670546,99091,10158,4417,10158,299,10158,11,12,0,1.0287963999726344
3,2,,2026-07-29T18:07:22.697549,99082,10296,4472,10296,297,10296,6,15,0,1.026627000013832
3,2,,2026-07-29T18:07:23.725469,99075,10144,4500,10144,301,10144,5,8,0,1.0276187999988906
3,2,,2026-07-29T18:07:24.754716,99707,10285,4505,10285,324,10285,7,10,0,1.0288709000160452
3,2,,2026-07-29T18:07:25.782394,99428,10117,4448,10117,306,10117,5,7,0,1.027226400008658
3,2,,2026-07-29T18:07:26.810647,98765,10133,4400,10133,312,10133,5,11,0,1.0279020999732893
3,2,,2026-07-29T18:07:27.838800,99035,10297,4604,10297,317,10297,11,10,0,1.0278914000082295
3,2,,2026-07-29T18:07:28.866824,99143,10300,4561,10300,319,10300,9,13,0,1.0277032000012696
3,2,,2026-07-29T18:07:29.895164,99035,10364,4569,10364,300,10364,6,9,0,1.0279819999996107
3,2,,2026-07-29T18:07:30.924576,98482,10238,4539,10238,300,10238,11,10,0,1.0289523000246845
3,2,,2026-07-29T18:07:31.952732,99377,10206,4548,10206,320,10206,6,10,0,1.0278432000195608
3,2,,2026-07-29T18:07:32.981415,99616,10176,4457,10176,306,10176,7,11,0,1.0283671999932267
3,2,,2026-07-29T18:07:34.009577,99526,10331,4563,10331,312,10331,6,11,0,1.0277593999926466
3,2,,2026-07-29T18:07:35.039075,99085,10112,4471,10112,330,10112,4,10,0,1.0292386000219267
3,2,,2026-07-29T18:07:36.066553,98946,10159,4536,10159,287,10159,7,18,0,1.0271203000156675
3,2,,2026-07-29T18:07:37.092887,99333,10288,4479,10288,302,10288,7,6,0,1.0259588000189979
3,2,,2026-07-29T18:07:38.121124,98708,10210,4417,10210,298,10210,7,7,0,1.0279310000187252
3,2,,2026-07-29T18:07:39.148254,99375,10328,4560,10328,292,10328,5,15,0,1.026657200010959
3,2,,2026-07-29T18:07:40.176585,99809,10479,4649,10479,306,10479,8,10,0,1.0278693000145722
3,2,,2026-07-29T18:07:41.204894,99235,10054,4357,10054,308,10054,4,16,0,1.0279384999885224
3,2,,2026-07-29T18:07:42.233969,99577,10131,4416,10131,303,10131,10,7,0,1.0288482999894768
3,2,,2026-07-29T18:07:43.262468,98779,10061,4465,10061,283,10061,6,15,0,1.028096900001401
3,2,,2026-07-29T18:07:44.290777,99198,10050,4468,10050,305,10050,9,6,0,1.0279505999933463
3,2,,2026-07-29T18:07:45.319987,99135,10104,4412,10104,297,10104,6,14,0,1.0289232999784872
3,2,,2026-07-29T18:07:46.348099,99389,10289,4540,10289,309,10289,13,11,0,1.0277272000093944
3,2,,2026-07-29T18:07:47.375577,99375,10165,4461,10165,301,10165,2,17,0,1.027323999995133
3,2,,2026-07-29T18:07:48.403148,98944,10123,4505,10123,303,10123,3,11,0,1.0273205999983475
3,2,,2026-07-29T18:07:49.431023,98688,10297,4519,10297,318,10297,10,6,0,1.027523900003871
3,2,,2026-07-29T18:07:50.459490,99377,10099,4479,10099,271,10099,10,14,0,1.0282363000151236
3,2,,2026-07-29T18:07:51.487779,99520,10298,4536,10298,310,10298,5,17,0,1.0279257000074722
3,2,,2026-07-29T18:07:52.514844,99663,10356,4633,10356,326,10356,5,11,0,1.0268489999871235
3,2,,2026-07-29T18:07:53.543636,99105,10155,4520,10155,282,10155,6,11,0,1.0285319999966305
3,2,,2026-07-29T18:07:54.570758,99384,10063,4362,10063,334,10063,8,8,0,1.026824200002011
3,2,,2026-07-29T18:07:55.599047,99359,10322,4639,10322,291,10322,8,9,0,1.0280871000140905
3,2,,2026-07-29T18:07:56.627220,100011,10316,4528,10316,327,10316,13,11,0,1.0278502999863122
3,2,,2026-07-29T18:07:57.654966,99229,10173,4580,10173,292,10173,6,17,0,1.0274108000157867
3,2,,2026-07-29T18:07:58.684047,99220,10222,4521,10222,326,10222,7,15,0,1.028827200003434
3,3,,2026-07-29T18:08:13.169158,98914,9329,4208,9329,10,9329,123,17,0,1.028434300009394
3,3,,2026-07-29T18:08:14.197636,99230,9312,4118,9312,12,9312,100,11,0,1.0281708000111394
3,3,,2026-07-29T18:08:15.225132,98941,9222,4113,9222,5,9222,108,1,0,1.027143099985551
3,3,,2026-07-29T18:08:16.254749,99389,9337,4107,9337,26,9337,111,0,0,1.0278077999828383
3,3,,2026-07-29T18:08:17.284312,94503,8478,3759,8478,8,8478,89,0,0,1.027882900001714
3,3,,2026-07-29T18:08:18.314019,94666,8552,3683,8552,14,8552,77,0,0,1.0279481999750715
3,3,,2026-07-29T18:08:19.343291,94151,8541,3737,8541,11,8541,93,0,0,1.027928499999689
3,3,,2026-07-29T18:08:20.371972,94616,8541,3756,8541,15,8541,86,0,0,1.027596399973845
3,3,,2026-07-29T18:08:21.401557,94297,8457,3807,8457,17,8457,84,0,0,1.0279213000030722
3,3,,2026-07-29T18:08:22.430458,94354,8456,3699,8456,15,8456,98,0,0,1.0275988999928813
3,3,,2026-07-29T18:08:23.458936,94397,8457,3620,8457,8,8457,92,0,0,1.0274092000036035
3,3,,2026-07-29T18:08:24.488877,94255,8539,3634,8539,7,8539,88,0,0,1.0289801000035368
3,3,,2026-07-29T18:08:25.519093,94417,8582,3666,8582,8,8582,105,0,0,1.0286054000025615
3,3,,2026-07-29T18:08:26.548568,94227,8568,3718,8568,13,8568,99,0,0,1.0280099000083283
3,3,,2026-07-29T18:08:27.579146,94551,8609,3722,8609,13,8609,98,0,0,1.0290012000186834
3,3,,2026-07-29T18:08:28.609557,94383,8494,3754,8494,11,8494,105,0,0,1.02903370000422
3,3,,2026-07-29T18:08:29.638519,95227,8478,3702,8478,15,8478,106,0,0,1.027705500018783
3,3,,2026-07-29T18:08:30.667964,95167,8696,3786,8696,13,8696,78,0,0,1.0279612000158522
3,3,,2026-07-29T18:08:31.696909,94646,8471,3664,8471,12,8471,103,0,0,1.027655699988827
3,3,,2026-07-29T18:08:32.724823,94573,8631,3713,8631,17,8631,96,0,0,1.0269855000078678
3,3,,2026-07-29T18:08:33.753668,94747,8476,3651,8476,15,8476,88,0,0,1.0280089000007138
3,3,,2026-07-29T18:08:34.780840,95096,8472,3663,8472,13,8472,90,0,0,1.0264120000065304
3,3,,2026-07-29T18:08:35.810212,95110,8709,3701,8709,9,8709,108,0,0,1.0280408000107855
3,3,,2026-07-29T18:08:36.839552,94750,8605,3733,8605,17,8605,93,0,0,1.0279753000068013
3,3,,2026-07-29T18:08:37.867498,94330,8543,3666,8543,12,8543,91,0,0,1.0270930999831762
3,3,,2026-07-29T18:08:38.896654,94349,8811,3768,8811,8,8811,78,0,0,1.0281259000184946
3,3,,2026-07-29T18:08:39.925259,94897,8463,3524,8463,9,8463,95,0,0,1.0273828000063077
3,3,,2026-07-29T18:08:40.954336,94624,8595,3814,8595,13,8595,99,0,0,1.0281868999882136
3,3,,2026-07-29T18:08:41.983818,95074,8581,3710,8581,10,8581,106,0,0,1.0282164000091143
3,3,,2026-07-29T18:08:43.012910,94413,8425,3662,8425,11,8425,86,0,0,1.0277988000016194
3,3,,2026-07-29T18:08:44.042111,94613,8545,3710,8545,9,8545,99,0,0,1.0282018999860156
3,3,,2026-07-29T18:08:45.070726,95179,8631,3757,8631,12,8631,99,0,0,1.027850300015416
3,3,,2026-07-29T18:08:46.101524,94654,8527,3706,8527,15,8527,106,0,0,1.0296280000184197
3,3,,2026-07-29T18:08:47.130739,94454,8542,3716,8542,13,8542,86,0,0,1.028104600001825
3,3,,2026-07-29T18:08:48.160300,95137,8660,3701,8660,6,8660,93,0,0,1.0282092000124976
3,3,,2026-07-29T18:08:49.189639,94805,8646,3727,8646,16,8646,98,0,0,1.027978099999018
3,3,,2026-07-29T18:08:50.220148,94725,8724,3815,8724,8,8724,101,0,0,1.0290240999893285
3,3,,2026-07-29T18:08:51.248386,95180,8564,3689,8564,16,8564,93,0,0,1.0268080000241753
3,3,,2026-07-29T18:08:52.277943,95205,8603,3696,8603,16,8603,96,0,0,1.0277398999896832
3,3,,2026-07-29T18:08:53.306308,94765,8710,3835,8710,17,8710,91,0,0,1.0273519000038505
3,3,,2026-07-29T18:08:54.335590,94675,8643,3734,8643,19,8643,91,0,0,1.0277264000033028
3,3,,2026-07-29T18:08:55.364903,94895,8459,3680,8459,16,8459,93,0,0,1.0277251999941655
3,3,,2026-07-29T18:08:56.394035,94745,8738,3823,8738,11,8738,94,0,0,1.0279786000028253
3,3,,2026-07-29T18:08:57.424199,95041,8516,3638,8516,13,8516,108,0,0,1.028859799989732
3,3,,2026-07-29T18:08:58.454225,94946,8766,3769,8766,10,8766,87,0,0,1.0288610999996308
3,3,,2026-07-29T18:08:59.484352,95055,8511,3690,8511,12,8511,80,0,0,1.0286215999803971
3,3,,2026-07-29T18:09:00.514296,95034,8512,3777,8512,11,8512,85,0,0,1.0284720999770798
3,3,,2026-07-29T18:09:01.543310,95040,8628,3697,8628,10,8628,103,0,0,1.0279243999975733
3,3,,2026-07-29T18:09:02.572163,94632,8555,3670,8555,14,8555,104,0,0,1.0275338999927044
3,3,,2026-07-29T18:09:03.603362,94957,8594,3730,8594,15,8594,111,0,0,1.0297169999976177
3,3,,2026-07-29T18:09:04.633501,95084,8515,3570,8515,8,8515,90,0,0,1.028552400006447
3,3,,2026-07-29T18:09:05.661287,95056,8613,3811,8613,5,8613,88,0,0,1.0267340000136755
3,3,,2026-07-29T18:09:06.691222,95001,8586,3660,8586,10,8586,90,0,0,1.028602599981241
3,3,,2026-07-29T18:09:07.720607,95082,8604,3709,8604,11,8604,105,0,0,1.0280909000139218
3,3,,2026-07-29T18:09:08.750116,94846,8385,3553,8385,18,8385,100,0,0,1.0283879000053275
3,3,,2026-07-29T18:09:09.778544,94388,8483,3715,8483,12,8483,94,0,0,1.0270975999883376
3,3,,2026-07-29T18:09:10.808694,94699,8529,3765,8529,7,8529,89,0,0,1.0289907999977004
3,3,,2026-07-29T18:09:11.838539,94969,8595,3756,8595,11,8595,103,0,0,1.028402299998561
3,3,,2026-07-29T18:09:12.866696,95156,8686,3732,8686,10,8686,96,0,0,1.026857699995162
3,3,,2026-07-29T18:09:13.895702,94407,8680,3769,8680,5,8680,101,0,0,1.0278364999976475
3,3,,2026-07-29T18:09:14.924774,94762,8545,3646,8545,10,8545,98,0,0,1.0278893999930006
3,3,,2026-07-29T18:09:15.955099,94769,8604,3659,8604,9,8604,83,0,0,1.0288123000063933
3,3,,2026-07-29T18:09:16.983207,94818,8607,3699,8607,8,8607,93,0,0,1.0268953000195324
3,3,,2026-07-29T18:09:18.012537,94634,8503,3706,8503,9,8503,91,0,0,1.028241199994227
3,3,,2026-07-29T18:09:19.042556,94778,8641,3794,8641,12,8641,94,0,0,1.0285406000039075
3,3,,2026-07-29T18:09:20.072425,94781,8642,3806,8642,17,8642,81,0,0,1.0285310000181198
3,3,,2026-07-29T18:09:21.101177,94487,8545,3676,8545,9,8545,101,0,0,1.0274506999994628
3,3,,2026-07-29T18:09:22.131002,94577,8467,3635,8467,12,8467,91,0,0,1.0283058999921195
3,3,,2026-07-29T18:09:23.159170,94802,8550,3684,8550,10,8550,104,0,0,1.0269798999943305
3,3,,2026-07-29T18:09:24.188913,94973,8509,3723,8509,8,8509,95,0,0,1.0282435000117403
3,3,,2026-07-29T18:09:25.219059,95137,8677,3693,8677,14,8677,108,0,0,1.0286368999804836
3,3,,2026-07-29T18:09:26.247691,95086,8656,3722,8656,8,8656,105,0,0,1.027787900005933
3,3,,2026-07-29T18:09:27.274813,94797,8578,3707,8578,10,8578,78,0,0,1.026058200019179
3,3,,2026-07-29T18:09:28.304646,95013,8481,3699,8481,14,8481,100,0,0,1.0287919999973383
3,3,,2026-07-29T18:09:29.333945,94839,8509,3640,8509,15,8509,89,0,0,1.028267500019865
3,3,,2026-07-29T18:09:30.364311,94480,8610,3640,8610,8,8610,93,0,0,1.028812000004109
3,3,,2026-07-29T18:09:31.394889,94828,8416,3669,8416,7,8416,91,0,0,1.0292478000046685
3,3,,2026-07-29T18:09:32.424210,95366,8689,3822,8689,11,8689,89,0,0,1.0282718999951612
3,3,,2026-07-29T18:09:33.452217,94612,8499,3700,8499,12,8499,103,0,0,1.0260138000012375
3,3,,2026-07-29T18:09:34.480545,95296,8527,3751,8527,8,8527,72,0,0,1.0271849000127986
3,3,,2026-07-29T18:09:35.521368,94619,8662,3837,8662,11,8662,93,0,0,1.0290876000071876
3,3,,2026-07-29T18:09:36.553832,96778,8771,3802,8771,9,8771,97,0,0,1.027504300000146
3,3,,2026-07-29T18:09:37.583195,94377,8652,3754,8652,10,8652,113,0,0,1.0276175000180956
3,3,,2026-07-29T18:09:38.612299,95253,8652,3725,8652,11,8652,91,0,0,1.0278664999932516
3,3,,2026-07-29T18:09:39.641294,95151,8712,3833,8712,16,8712,93,0,0,1.027795200003311
3,3,,2026-07-29T18:09:40.671327,95226,8647,3723,8647,12,8647,105,0,0,1.0288665000116453
3,3,,2026-07-29T18:09:41.701411,95325,8682,3785,8682,19,8682,110,0,0,1.028768999996828
3,3,,2026-07-29T18:09:42.732051,94829,8744,3773,8744,15,8744,89,0,0,1.0290397999924608
3,3,,2026-07-29T18:09:43.760597,94570,8416,3636,8416,11,8416,105,0,0,1.0276013000111561
3,3,,2026-07-29T18:09:44.792141,95069,8766,3711,8766,12,8766,107,0,0,1.0297787000017706
3,3,,2026-07-29T18:09:45.823719,94939,8476,3636,8476,11,8476,87,0,0,1.0299847999995109
3,3,,2026-07-29T18:09:46.854264,94582,8473,3683,8473,13,8473,92,0,0,1.029279200010933
3,3,,2026-07-29T18:09:47.883326,95468,8589,3747,8589,15,8589,102,0,0,1.027872100006789
3,3,,2026-07-29T18:09:48.915561,94445,8644,3789,8644,11,8644,94,0,0,1.030622799997218
3,3,,2026-07-29T18:09:49.971575,96139,8753,3732,8753,9,8753,93,0,0,1.0381003999791574
3,3,,2026-07-29T18:09:51.001466,96119,8694,3801,8694,16,8694,103,0,0,1.0283852999855299
3,3,,2026-07-29T18:09:52.030972,95041,8570,3758,8570,12,8570,88,0,0,1.0283802000049036
3,3,,2026-07-29T18:09:53.060855,94624,8407,3575,8407,10,8407,90,0,0,1.0285111000121105
3,3,,2026-07-29T18:09:54.090390,94636,8767,3725,8767,12,8767,118,0,0,1.0284148999780882
3,3,,2026-07-29T18:09:55.118932,94580,8728,3816,8728,15,8728,118,0,0,1.02710889998707
3,3,,2026-07-29T18:09:56.148382,94551,8588,3723,8588,10,8588,98,0,0,1.0280289000074845
3,3,,2026-07-29T18:09:57.179677,95018,8495,3648,8495,9,8495,98,0,0,1.0293047000013757
3,3,,2026-07-29T18:09:58.208787,95105,8633,3739,8633,10,8633,94,0,0,1.0277001000067685
3,3,,2026-07-29T18:09:59.239291,94924,8530,3640,8530,13,8530,87,0,0,1.0289215999946464
3,3,,2026-07-29T18:10:00.269883,94638,8559,3746,8559,15,8559,107,0,0,1.0289553999900818
3,3,,2026-07-29T18:10:01.299779,94950,8654,3739,8654,13,8654,110,0,0,1.028389100014465
3,3,,2026-07-29T18:10:02.330592,94933,8685,3642,8685,12,8685,99,0,0,1.0290334000019357
3,3,,2026-07-29T18:10:03.360368,94887,8457,3629,8457,14,8457,105,0,0,1.02824210000108
3,3,,2026-07-29T18:10:04.391468,94801,8512,3726,8512,19,8512,86,0,0,1.0294971000112128
3,3,,2026-07-29T18:10:05.422505,94665,8580,3754,8580,14,8580,88,0,0,1.029456799995387
3,3,,2026-07-29T18:10:06.454798,94296,8680,3769,8680,11,8680,102,0,0,1.0307922000065446
3,3,,2026-07-29T18:10:07.484124,95203,8749,3765,8749,17,8749,107,0,0,1.0277784999925643
3,3,,2026-07-29T18:10:08.514039,94656,8462,3669,8462,15,8462,94,0,0,1.0282845000037923
3,3,,2026-07-29T18:10:09.543049,95342,8585,3724,8585,6,8585,100,0,0,1.0276797000260558
3,3,,2026-07-29T18:10:10.574089,94737,8536,3731,8536,11,8536,105,0,0,1.0295773000107147
3,3,,2026-07-29T18:10:11.605218,95247,8761,3834,8761,10,8761,104,0,0,1.0297795999795198
3,3,,2026-07-29T18:10:12.636033,94784,8715,3721,8715,17,8715,100,0,0,1.0294636999897193
3,3,,2026-07-29T18:10:13.665491,94504,8478,3694,8478,8,8478,86,0,0,1.0281503000005614
3,3,,2026-07-29T18:10:14.696099,94681,8587,3657,8587,10,8587,111,0,0,1.0288599000195973
3,3,,2026-07-29T18:10:15.724182,95353,8554,3802,8554,12,8554,86,0,0,1.0270355999819003
3,3,,2026-07-29T18:10:16.752751,94339,8488,3656,8488,10,8488,122,0,0,1.0270063999923877
3,3,,2026-07-29T18:10:17.782018,95015,8458,3748,8458,14,8458,101,0,0,1.0279620999936014
3,3,,2026-07-29T18:10:18.812287,94615,8443,3770,8443,7,8443,86,0,0,1.0288094999850728
3,3,,2026-07-29T18:10:19.841214,95066,8699,3735,8699,16,8699,93,0,0,1.027662100008456
3,3,,2026-07-29T18:10:20.871789,95024,8665,3695,8665,16,8665,95,0,0,1.0292393999989145
3,3,,2026-07-29T18:10:21.900283,94887,8546,3707,8546,14,8546,78,0,0,1.0273847999924328
3,3,,2026-07-29T18:10:22.930907,94737,8476,3601,8476,9,8476,105,0,0,1.0290360000217333
3,3,,2026-07-29T18:10:23.959572,94608,8452,3600,8452,17,8452,87,0,0,1.027385100023821
3,3,,2026-07-29T18:10:24.989402,94933,8440,3722,8440,11,8440,77,0,0,1.0287236000003759
3,3,,2026-07-29T18:10:26.020979,95223,8584,3616,8584,10,8584,110,0,0,1.0301871999981813
3,3,,2026-07-29T18:10:27.050185,95185,8637,3769,8637,5,8637,103,0,0,1.0280564999848139
3,3,,2026-07-29T18:10:28.079896,95324,8642,3836,8642,11,8642,99,0,0,1.02837390001514
3,3,,2026-07-29T18:10:29.109715,94738,8595,3636,8595,12,8595,92,0,0,1.028389100014465
3,3,,2026-07-29T18:10:30.138640,95068,8603,3747,8603,14,8603,105,0,0,1.0276359999843407
3,3,,2026-07-29T18:10:31.168476,94744,8492,3691,8492,12,8492,86,0,0,1.028393300017342
3,3,,2026-07-29T18:10:32.197720,94734,8472,3722,8472,18,8472,97,0,0,1.0279546999954619
3,3,,2026-07-29T18:10:33.229423,94957,8424,3703,8424,9,8424,90,0,0,1.03003510000417
3,3,,2026-07-29T18:10:34.260408,95413,8564,3621,8564,8,8564,82,0,0,1.0292906000104267
3,3,,2026-07-29T18:10:35.289976,95309,8602,3669,8602,12,8602,105,0,0,1.0283203000144567
3,3,,2026-07-29T18:10:36.319887,95322,8598,3717,8598,12,8598,91,0,0,1.0286817000014707
3,3,,2026-07-29T18:10:37.348148,95185,8554,3616,8554,10,8554,101,0,0,1.0272278000193182
3,3,,2026-07-29T18:10:38.379719,95119,8596,3784,8596,9,8596,112,0,0,1.0300662000081502
3,3,,2026-07-29T18:10:39.410809,95008,8721,3727,8721,16,8721,98,0,0,1.029529099992942
3,3,,2026-07-29T18:10:40.439393,95242,8669,3690,8669,12,8669,120,0,0,1.0272229999827687
3,3,,2026-07-29T18:10:41.468833,95377,8832,3697,8832,13,8832,117,0,0,1.0277017000189517
3,3,,2026-07-29T18:10:42.500208,95031,8766,3639,8766,15,8766,95,0,0,1.0302786999964155
3,3,,2026-07-29T18:10:43.531207,94837,8717,3656,8717,22,8717,94,0,0,1.029787600011332
3,3,,2026-07-29T18:10:44.562267,95606,8727,3823,8727,13,8727,86,0,0,1.0297625999955926
3,3,,2026-07-29T18:10:45.590661,94740,8627,3622,8627,10,8627,99,0,0,1.0271245000185445
3,3,,2026-07-29T18:10:46.619926,94567,8725,3665,8725,16,8725,89,0,0,1.0280066999839619
3,3,,2026-07-29T18:10:47.649793,94882,8624,3712,8624,18,8624,104,0,0,1.0284906000015326
3,3,,2026-07-29T18:10:48.681673,95330,8822,3793,8822,10,8822,98,0,0,1.0301278999831993
3,3,,2026-07-29T18:10:49.712256,94869,8741,3673,8741,15,8741,110,0,0,1.0288646999979392
3,3,,2026-07-29T18:10:50.742507,94693,8546,3707,8546,15,8546,86,0,0,1.028801200009184
3,3,,2026-07-29T18:10:51.773203,94894,8597,3765,8597,13,8597,99,0,0,1.0291474999976344
3,3,,2026-07-29T18:10:52.803768,94989,8662,3757,8662,9,8663,105,0,0,1.0287482000130694
3,3,,2026-07-29T18:10:53.832092,94931,8528,3670,8528,17,8527,94,0,0,1.0273912999837194
3,3,,2026-07-29T18:10:54.863767,95197,8596,3701,8596,16,8596,104,0,0,1.0300373999925796
3,3,,2026-07-29T18:10:55.894540,95666,8829,3838,8829,7,8829,97,0,0,1.0290469000174198
3,3,,2026-07-29T18:10:56.924722,95004,8608,3718,8608,10,8608,90,0,0,1.028708400001051
3,3,,2026-07-29T18:10:57.953512,95020,8634,3766,8634,10,8634,98,0,0,1.0275560999871232
3,3,,2026-07-29T18:10:58.984083,95430,8664,3806,8664,7,8664,94,0,0,1.0288806000025943
3,3,,2026-07-29T18:11:00.015692,95385,8624,3746,8624,16,8624,77,0,0,1.030341400008183
3,3,,2026-07-29T18:11:01.044444,95328,8621,3855,8621,16,8621,79,0,0,1.0276879000011832
3,3,,2026-07-29T18:11:02.073400,95097,8572,3714,8572,15,8572,128,0,0,1.0276603000238538
3,3,,2026-07-29T18:11:03.102718,94729,8693,3726,8693,16,8693,132,0,0,1.0274306000210345
3,3,,2026-07-29T18:11:04.134398,94623,8528,3690,8528,11,8528,95,0,0,1.0300053999817465
3,3,,2026-07-29T18:11:05.162059,95138,8518,3717,8518,9,8518,101,0,0,1.0267772000224795
3,3,,2026-07-29T18:11:06.190171,94685,8691,3748,8691,13,8691,88,0,0,1.0268550000037067
3,3,,2026-07-29T18:11:07.218960,94673,8573,3626,8573,17,8573,106,0,0,1.02738970000064
3,3,,2026-07-29T18:11:08.247203,94306,8505,3698,8505,10,8505,116,0,0,1.0270947999961209
3,3,,2026-07-29T18:11:09.276170,94842,8452,3699,8452,15,8452,94,0,0,1.0276692000043113
3,3,,2026-07-29T18:11:10.304944,95078,8651,3812,8651,11,8651,104,0,0,1.0275130000081845
3,3,,2026-07-29T18:11:11.333326,95098,8572,3685,8572,12,8572,107,0,0,1.0268888999999035
3,3,,2026-07-29T18:11:12.362364,95013,8577,3818,8577,6,8577,112,0,0,1.0279981000057887
3,3,,2026-07-29T18:11:13.391940,95186,8553,3773,8553,15,8553,96,0,0,1.028424799995264
3,3,,2026-07-29T18:11:14.420247,95026,8652,3758,8652,8,8652,101,0,0,1.027320699999109
3,3,,2026-07-29T18:11:15.448878,95087,8709,3868,8709,10,8709,99,0,0,1.0274345000216272
3,3,,2026-07-29T18:11:16.477022,95353,8615,3681,8615,7,8615,100,0,0,1.026878599979682
3,3,,2026-07-29T18:11:17.504502,94890,8620,3753,8620,12,8620,86,0,0,1.026544099993771
3,3,,2026-07-29T18:11:18.531635,94732,8555,3741,8555,12,8555,107,0,0,1.026097199996002
3,3,,2026-07-29T18:11:19.560644,95607,8684,3757,8684,16,8684,90,0,0,1.0278289999987464
3,3,,2026-07-29T18:11:20.588710,94665,8348,3707,8348,12,8348,82,0,0,1.0269474999804515
3,3,,2026-07-29T18:11:21.617861,94958,8662,3770,8662,9,8662,116,0,0,1.027948600007221
3,3,,2026-07-29T18:11:22.646835,95438,8449,3624,8449,13,8449,104,0,0,1.0277376000012737
3,3,,2026-07-29T18:11:23.674649,94421,8636,3753,8636,15,8636,86,0,0,1.0268814000010025
3,3,,2026-07-29T18:11:24.704222,94985,8692,3820,8692,11,8692,105,0,0,1.0281229999964125
3,3,,2026-07-29T18:11:25.732903,95125,8601,3759,8601,16,8601,87,0,0,1.027656400023261
3,3,,2026-07-29T18:11:26.762734,94586,8599,3678,8599,11,8599,107,0,0,1.0285004999896046
3,3,,2026-07-29T18:11:27.791433,95157,8571,3727,8571,12,8571,97,0,0,1.0274995999934617
3,3,,2026-07-29T18:11:28.820000,94980,8614,3717,8614,16,8614,112,0,0,1.0273339000123087
3,3,,2026-07-29T18:11:29.848449,94807,8550,3691,8550,14,8550,88,0,0,1.0273137000040151
3,3,,2026-07-29T18:11:30.877672,94805,8472,3685,8472,9,8472,100,0,0,1.0280627000029199
3,3,,2026-07-29T18:11:31.905656,94927,8702,3716,8702,11,8702,95,0,0,1.026815599994734
3,3,,2026-07-29T18:11:32.935892,94792,8439,3705,8439,9,8439,92,0,0,1.0287866000144277
3,3,,2026-07-29T18:11:33.966386,95014,8526,3612,8526,8,8526,84,0,0,1.0288950999965891
3,3,,2026-07-29T18:11:34.996776,94869,8574,3668,8574,7,8574,106,0,0,1.0287908999889623
3,3,,2026-07-29T18:11:36.026027,94895,8671,3755,8671,6,8671,75,0,0,1.028178599983221
3,3,,2026-07-29T18:11:37.055768,94959,8631,3741,8631,10,8631,124,0,0,1.0281044000003021
3,3,,2026-07-29T18:11:38.086390,95274,8692,3699,8692,10,8692,124,0,0,1.0286185999866575
3,3,,2026-07-29T18:11:39.115112,94970,8625,3830,8625,16,8625,92,0,0,1.0273480000032578
3,3,,2026-07-29T18:11:40.145379,94881,8404,3670,8404,13,8404,80,0,0,1.028890899993712
3,3,,2026-07-29T18:11:41.176017,94842,8558,3601,8558,14,8558,103,0,0,1.0292244000011124
3,3,,2026-07-29T18:11:42.208869,95196,8575,3789,8575,15,8575,96,0,0,1.031322700000601
3,3,,2026-07-29T18:11:43.239356,95173,8686,3679,8686,6,8686,103,0,0,1.028855399985332
3,3,,2026-07-29T18:11:44.270969,95094,8610,3811,8610,10,8610,79,0,0,1.0298982999811415
3,3,,2026-07-29T18:11:45.299449,95405,8567,3729,8567,13,8567,106,0,0,1.027103000000352
3,3,,2026-07-29T18:11:46.328285,94462,8390,3628,8390,14,8390,107,0,0,1.0275742999801878
3,3,,2026-07-29T18:11:47.356018,94410,8644,3787,8644,11,8644,100,0,0,1.0266914999810979
3,3,,2026-07-29T18:11:48.383311,94829,8518,3706,8518,14,8518,109,0,0,1.026277900004061
3,3,,2026-07-29T18:11:49.411795,94991,8535,3679,8535,12,8535,97,0,0,1.0270309000043198
3,3,,2026-07-29T18:11:50.440863,95104,8605,3750,8605,11,8605,110,0,0,1.027876300009666
3,3,,2026-07-29T18:11:51.471396,95024,8700,3733,8700,12,8700,95,0,0,1.0288774000073317
3,3,,2026-07-29T18:11:52.499794,95619,8571,3756,8571,13,8571,104,0,0,1.0273630000010598
3,3,,2026-07-29T18:11:53.528788,94986,8637,3772,8637,10,8637,89,0,0,1.027961799991317
3,3,,2026-07-29T18:11:54.556467,94869,8482,3677,8482,9,8482,82,0,0,1.0267376999836415
3,3,,2026-07-29T18:11:55.585724,95097,8471,3641,8471,14,8471,104,0,0,1.027850499987835
3,3,,2026-07-29T18:11:56.616130,94993,8581,3729,8581,19,8581,75,0,0,1.0287469000031706
3,3,,2026-07-29T18:11:57.644272,94818,8582,3708,8582,13,8582,124,0,0,1.0271060000231955
3,3,,2026-07-29T18:11:58.674056,94373,8760,3711,8760,9,8760,113,0,0,1.0281650999968406
3,3,,2026-07-29T18:11:59.705848,95463,8652,3762,8652,12,8652,108,0,0,1.0303543000190984
3,3,,2026-07-29T18:12:00.733244,95346,8591,3669,8591,11,8591,99,0,0,1.0264929000113625
3,3,,2026-07-29T18:12:01.760559,94574,8512,3736,8512,11,8512,97,0,0,1.0262108000169974
3,3,,2026-07-29T18:12:02.789842,94797,8552,3730,8552,7,8552,94,0,0,1.0284384999831673
3,3,,2026-07-29T18:12:03.819251,94478,8548,3667,8548,14,8548,73,0,0,1.0279796000104398
3,3,,2026-07-29T18:12:04.848227,94760,8745,3797,8745,16,8745,106,0,0,1.027837500005262
3,3,,2026-07-29T18:12:05.876745,94828,8526,3651,8526,12,8526,109,0,0,1.0273554000013974
3,3,,2026-07-29T18:12:06.906379,95057,8657,3708,8657,11,8657,91,0,0,1.028467099997215
3,3,,2026-07-29T18:12:07.936219,94985,8491,3612,8491,10,8491,107,0,0,1.028551299998071
3,3,,2026-07-29T18:12:08.965901,95068,8670,3786,8670,15,8670,93,0,0,1.0284098999982234
3,3,,2026-07-29T18:12:09.994230,95295,8672,3755,8672,18,8672,88,0,0,1.0270406000199728
3,3,,2026-07-29T18:12:11.024852,95242,8798,3770,8798,13,8798,126,0,0,1.0292744000034872
3,3,,2026-07-29T18:12:12.054384,94800,8774,3795,8774,7,8774,99,0,0,1.028039600001648
3,3,,2026-07-29T18:12:13.083955,94876,8477,3620,8477,14,8477,115,0,0,1.0281844999990426
3,3,,2026-07-29T18:12:14.113337,95110,8686,3793,8686,17,8686,89,0,0,1.0282293999916874
3,3,,2026-07-29T18:12:15.145455,94828,8445,3640,8445,13,8445,97,0,0,1.0303715000045486
3,3,,2026-07-29T18:12:16.175023,94929,8595,3734,8595,12,8595,102,0,0,1.027894800005015
3,3,,2026-07-29T18:12:17.206483,94774,8710,3780,8710,10,8710,116,0,0,1.0300637999898754
3,3,,2026-07-29T18:12:18.237714,95514,8504,3711,8504,11,8504,93,0,0,1.0297117999871261
3,3,,2026-07-29T18:12:19.266853,95085,8521,3728,8521,15,8521,83,0,0,1.0277062999957707
3,3,,2026-07-29T18:12:20.297086,94649,8638,3733,8638,14,8638,100,0,0,1.0287413999903947
3,3,,2026-07-29T18:12:21.326204,94519,8571,3658,8571,19,8571,111,0,0,1.0276211999880616
3,3,,2026-07-29T18:12:22.355923,94959,8559,3747,8559,7,8559,106,0,0,1.0282640999939758
3,3,,2026-07-29T18:12:23.385042,94560,8627,3767,8627,15,8627,99,0,0,1.027774700021837
3,3,,2026-07-29T18:12:24.414488,94848,8536,3702,8536,9,8536,76,0,0,1.0278743999951985
3,3,,2026-07-29T18:12:25.443272,95138,8697,3844,8697,10,8697,99,0,0,1.0274402999784797
3,3,,2026-07-29T18:12:26.471740,94655,8354,3632,8354,12,8354,100,0,0,1.027138700010255
3,3,,2026-07-29T18:12:27.502743,94323,8497,3728,8497,10,8497,107,0,0,1.0295836000004783
3,3,,2026-07-29T18:12:28.533911,95176,8548,3732,8548,19,8548,92,0,0,1.0294189999985974
3,3,,2026-07-29T18:12:29.565373,95412,8617,3731,8617,8,8617,114,0,0,1.02945770000224
3,3,,2026-07-29T18:12:30.594731,94933,8394,3665,8394,13,8394,108,0,0,1.0277917999774218
3,3,,2026-07-29T18:12:31.624450,94839,8588,3673,8588,13,8588,98,0,0,1.0281669999822043
3,3,,2026-07-29T18:12:32.654192,95260,8727,3751,8727,15,8727,90,0,0,1.0285996999882627
3,3,,2026-07-29T18:12:33.710371,96920,8836,3846,8836,21,8836,97,0,0,1.054942699993262
3,3,,2026-07-29T18:12:34.737838,94991,8527,3698,8527,10,8527,83,0,0,1.0268273999972735
3,3,,2026-07-29T18:12:35.764239,94876,8702,3799,8702,6,8702,88,0,0,1.025705999985803
3,3,,2026-07-29T18:12:36.792079,94938,8571,3712,8571,10,8571,102,0,0,1.0271263000031468
3,3,,2026-07-29T18:12:37.834052,94681,8650,3821,8650,18,8650,80,0,0,1.0315420999831986
3,3,,2026-07-29T18:12:38.871357,96817,8743,3915,8743,16,8743,122,0,0,1.027939299994614
3,3,,2026-07-29T18:12:39.900246,94809,8531,3743,8531,15,8531,96,0,0,1.0275566999916919
3,3,,2026-07-29T18:12:40.930629,94764,8606,3733,8606,15,8606,113,0,0,1.0285219999786932
3,3,,2026-07-29T18:12:41.960479,95400,8549,3734,8549,9,8549,95,0,0,1.0287250000110362
3,3,,2026-07-29T18:12:42.993089,95572,8747,3800,8747,9,8747,106,0,0,1.0318832999910228
3,3,,2026-07-29T18:12:44.024458,94744,8599,3728,8599,15,8599,106,0,0,1.0298341999878176
3,3,,2026-07-29T18:12:45.054974,94973,8638,3708,8638,21,8638,92,0,0,1.0287023999844678
3,3,,2026-07-29T18:12:46.084886,94023,8589,3654,8589,14,8589,83,0,0,1.0283876000030432
3,3,,2026-07-29T18:12:47.113560,95258,8543,3696,8543,11,8543,115,0,0,1.0276301999983843
3,3,,2026-07-29T18:12:48.142051,94669,8740,3789,8740,14,8740,99,0,0,1.0274262000166345
3,3,,2026-07-29T18:12:49.171660,95643,8648,3685,8648,19,8648,111,0,0,1.0284873999771662
3,3,,2026-07-29T18:12:50.204112,94793,8514,3644,8514,10,8514,97,0,0,1.031141999992542
3,3,,2026-07-29T18:12:51.234751,94904,8777,3796,8777,13,8777,81,0,0,1.0291488000075333
3,3,,2026-07-29T18:12:52.266248,95366,8722,3787,8722,13,8722,99,0,0,1.0297170000267215
3,3,,2026-07-29T18:12:53.295198,95150,8556,3730,8556,10,8556,74,0,0,1.0273299000109546
3,3,,2026-07-29T18:12:54.325773,94366,8684,3839,8684,11,8684,99,0,0,1.0294063000183087
3,3,,2026-07-29T18:12:55.354378,94792,8726,3735,8726,12,8726,94,0,0,1.0272129999939352
3,3,,2026-07-29T18:12:56.383028,94744,8509,3690,8509,14,8509,80,0,0,1.0274483999819495
3,3,,2026-07-29T18:12:57.410982,94973,8586,3664,8586,13,8586,102,0,0,1.02686429998721
3,3,,2026-07-29T18:12:58.441900,94690,8595,3727,8595,19,8595,92,0,0,1.0296042000118177
3,3,,2026-07-29T18:12:59.472510,94797,8607,3696,8607,14,8607,103,0,0,1.02891069999896
3,3,,2026-07-29T18:13:00.501949,95499,8646,3727,8646,15,8646,104,0,0,1.0280446000106167
3,3,,2026-07-29T18:13:01.530833,95509,8578,3636,8578,9,8578,109,0,0,1.027463699982036
3,3,,2026-07-29T18:13:02.558809,94783,8494,3618,8494,11,8494,103,0,0,1.0271854999882635
3,3,,2026-07-29T18:13:03.626672,94588,8499,3671,8499,11,8499,92,0,0,1.0274029000138398
3,3,,2026-07-29T18:13:04.655324,98717,8885,3781,8885,11,8885,102,0,0,1.027434399991762
3,3,,2026-07-29T18:13:05.685617,94646,8625,3717,8625,7,8625,73,0,0,1.0272333000029903
3,3,,2026-07-29T18:13:06.714547,94255,8508,3730,8508,8,8508,95,0,0,1.0277353999845218
3,3,,2026-07-29T18:13:07.745613,94690,8480,3619,8480,10,8480,80,0,0,1.0295199999818578
3,3,,2026-07-29T18:13:08.776047,95111,8681,3728,8681,8,8681,82,0,0,1.0291251000016928
3,3,,2026-07-29T18:13:09.805899,94922,8632,3776,8632,10,8632,102,0,0,1.028436699998565
3,3,,2026-07-29T18:13:10.835133,95039,8495,3679,8495,6,8495,101,0,0,1.0280446999822743
3,3,,2026-07-29T18:13:11.864381,95076,8544,3753,8544,9,8544,100,0,0,1.0277951000025496
3,3,,2026-07-29T18:13:12.893119,95153,8780,3809,8780,19,8780,101,0,0,1.0276744999864604
