N,input_state,basis,time,herald,singles_ch2,coinc_ch2,singles_ch4,coinc_ch4,singles_ch6,coinc_ch6,singles_ch8,coinc_ch8,singles_ch10,coinc_ch10,singles_ch7,coinc_ch7,int_time
3,0,,2026-07-28T19:23:19.379894,106198,4407,2304,4407,75,4407,4,4407,1,4407,3,1772,1,1.0293028000014601
3,0,,2026-07-28T19:23:20.408826,106547,4367,2315,4367,84,4367,1,4367,1,4367,1,1811,2,1.0285279999952763
3,0,,2026-07-28T19:23:21.438273,107307,4429,2339,4429,85,4429,4,4429,1,4429,0,1853,0,1.029142100000172
3,0,,2026-07-28T19:23:22.464633,106016,4288,2280,4288,76,4288,5,4288,2,4288,2,1792,0,1.0261458000022685
3,0,,2026-07-28T19:23:23.491027,105902,4370,2333,4370,74,4370,5,4370,5,4370,2,1786,0,1.0262953999917954
3,0,,2026-07-28T19:23:24.518623,106297,4477,2390,4477,85,4477,3,4477,1,4477,2,1763,0,1.0274159999971744
3,0,,2026-07-28T19:23:25.545074,107052,4374,2316,4374,69,4374,5,4374,1,4374,0,1816,0,1.0262166000029538
3,0,,2026-07-28T19:23:26.572794,106577,4334,2240,4334,69,4334,0,4334,6,4334,1,1836,3,1.0276079000032041
3,0,,2026-07-28T19:23:27.601310,106472,4332,2337,4332,80,4332,2,4332,1,4332,2,1749,0,1.0282589999987977
3,0,,2026-07-28T19:23:28.628822,106660,4547,2376,4547,72,4547,4,4547,3,4547,1,1825,0,1.027315200000885
3,0,,2026-07-28T19:23:29.655090,107008,4464,2371,4464,77,4464,2,4464,2,4464,1,1786,1,1.026055099995574
3,0,,2026-07-28T19:23:30.683770,106809,4347,2359,4347,84,4347,1,4347,5,4347,1,1737,1,1.028414000000339
3,0,,2026-07-28T19:23:31.710947,107234,4348,2221,4348,81,4348,4,4348,3,4348,0,1775,1,1.0268529000022681
3,0,,2026-07-28T19:23:32.738196,107055,4480,2381,4480,90,4480,3,4480,1,4480,4,1796,1,1.027059999993071
3,0,,2026-07-28T19:23:33.766188,106828,4388,2289,4388,81,4388,1,4388,1,4388,2,1784,1,1.0277005999960238
3,0,,2026-07-28T19:23:34.794489,107120,4356,2323,4356,79,4356,1,4356,2,4356,2,1762,0,1.028027699998347
3,0,,2026-07-28T19:23:35.822432,106924,4447,2352,4447,66,4447,3,4447,0,4447,2,1751,1,1.0276366999896709
3,0,,2026-07-28T19:23:36.850890,106736,4406,2306,4406,74,4406,4,4406,3,4406,3,1783,1,1.0281993999960832
3,0,,2026-07-28T19:23:37.880472,107237,4399,2319,4399,72,4399,2,4399,4,4399,2,1754,0,1.0292416000011144
3,0,,2026-07-28T19:23:38.910566,107015,4397,2323,4397,72,4397,5,4397,4,4397,1,1781,0,1.0298030999983894
3,0,,2026-07-28T19:23:39.939393,106850,4383,2316,4383,77,4383,3,4383,4,4383,1,1863,1,1.028494199999841
3,0,,2026-07-28T19:23:40.966946,107303,4453,2400,4453,74,4453,3,4453,2,4453,6,1737,0,1.0272277999902144
3,0,,2026-07-28T19:23:41.996438,106961,4305,2236,4305,79,4305,4,4305,2,4305,1,1842,1,1.0292324000038207
3,0,,2026-07-28T19:23:43.024678,107046,4396,2272,4396,84,4396,2,4396,5,4396,1,1775,1,1.027913499987335
3,0,,2026-07-28T19:23:44.054862,107163,4357,2353,4357,74,4357,3,4357,5,4357,4,1870,0,1.0298846000077901
3,0,,2026-07-28T19:23:45.081792,106729,4282,2250,4282,98,4282,3,4282,0,4282,2,1871,1,1.0267128999985289
3,0,,2026-07-28T19:23:46.108345,106156,4546,2421,4546,106,4546,2,4546,2,4546,2,1799,0,1.026329500004067
3,0,,2026-07-28T19:23:47.133994,106951,4467,2327,4467,74,4467,5,4467,7,4467,0,1767,0,1.025496700007352
3,0,,2026-07-28T19:23:48.161676,106440,4381,2292,4381,85,4381,2,4381,2,4381,2,1779,0,1.0275763999961782
3,0,,2026-07-28T19:23:49.188175,106509,4380,2330,4380,75,4380,3,4380,0,4380,2,1712,0,1.0262155999953393
3,0,,2026-07-28T19:23:50.216709,106202,4318,2335,4318,59,4318,3,4318,3,4318,1,1746,1,1.0283842999924673
3,0,,2026-07-28T19:23:51.244813,107336,4499,2373,4499,90,4499,4,4499,7,4499,0,1738,0,1.02769800000533
3,0,,2026-07-28T19:23:52.273369,107373,4353,2328,4353,89,4353,2,4353,4,4353,1,1781,0,1.0281959999992978
3,0,,2026-07-28T19:23:53.302361,107149,4360,2283,4360,79,4360,4,4360,1,4360,0,1790,0,1.0285928999946918
3,0,,2026-07-28T19:23:54.331093,106708,4365,2366,4365,73,4365,4,4365,2,4365,1,1748,1,1.028317700009211
3,0,,2026-07-28T19:23:55.357826,107042,4381,2325,4381,71,4381,5,4381,1,4381,0,1798,1,1.0263825000001816
3,0,,2026-07-28T19:23:56.385057,105950,4445,2332,4445,94,4445,0,4445,1,4445,1,1737,1,1.0271175000088988
3,0,,2026-07-28T19:23:57.411003,106260,4388,2374,4388,84,4388,2,4388,3,4388,4,1797,1,1.0257450999924913
3,0,,2026-07-28T19:23:58.438528,106874,4365,2307,4365,89,4365,4,4365,1,4365,2,1791,2,1.02733040000021
3,0,,2026-07-28T19:23:59.467127,106670,4273,2297,4273,77,4273,2,4273,2,4273,3,1780,0,1.0284084000013536
3,0,,2026-07-28T19:24:00.494716,106651,4452,2383,4452,74,4452,3,4452,3,4452,7,1794,0,1.0272782999963965
3,0,,2026-07-28T19:24:01.522401,107016,4336,2268,4336,72,4336,4,4336,1,4336,3,1698,1,1.0274701999878744
3,0,,2026-07-28T19:24:02.550458,106806,4380,2281,4380,76,4380,2,4380,2,4380,1,1782,2,1.0279387999908067
3,0,,2026-07-28T19:24:03.577087,106436,4420,2361,4420,82,4420,3,4420,2,4420,4,1766,1,1.0264409000083106
3,0,,2026-07-28T19:24:04.605995,106603,4432,2339,4432,93,4432,2,4432,1,4432,1,1834,2,1.0286397999880137
3,0,,2026-07-28T19:24:05.632796,106579,4419,2346,4419,67,4419,3,4419,2,4419,3,1731,2,1.0264588999998523
3,0,,2026-07-28T19:24:06.661521,107269,4381,2317,4381,85,4381,3,4381,3,4381,5,1783,1,1.0284723000077065
3,0,,2026-07-28T19:24:07.690537,106770,4379,2296,4379,69,4379,6,4379,3,4379,1,1782,1,1.028676900008577
3,0,,2026-07-28T19:24:08.718633,106256,4405,2346,4405,96,4405,3,4405,2,4405,2,1762,0,1.0277404999942519
3,0,,2026-07-28T19:24:09.746469,107076,4495,2345,4495,84,4495,2,4495,1,4495,0,1815,0,1.0275627999944845
3,0,,2026-07-28T19:24:10.775523,106918,4410,2347,4410,66,4410,3,4410,1,4410,2,1826,2,1.028752699989127
3,0,,2026-07-28T19:24:11.804413,107060,4474,2331,4474,70,4474,2,4474,3,4474,0,1812,2,1.0285084000061033
3,0,,2026-07-28T19:24:12.833024,107633,4466,2391,4466,73,4466,1,4466,4,4466,3,1741,1,1.0283401000051526
3,0,,2026-07-28T19:24:13.862320,106937,4458,2352,4458,76,4458,5,4458,4,4458,2,1843,3,1.0289100000081817
3,0,,2026-07-28T19:24:14.891547,106829,4453,2389,4453,84,4453,2,4453,4,4453,2,1733,1,1.0288353000069037
3,0,,2026-07-28T19:24:15.920983,107498,4387,2340,4387,71,4387,2,4387,2,4387,1,1763,0,1.0291183000081219
3,0,,2026-07-28T19:24:16.947567,107007,4419,2276,4419,88,4419,2,4419,2,4419,3,1755,0,1.0263637999887578
3,0,,2026-07-28T19:24:17.976728,106772,4398,2341,4398,83,4398,3,4398,1,4398,4,1737,1,1.0288876999984495
3,0,,2026-07-28T19:24:19.005420,107001,4401,2381,4401,79,4401,4,4401,5,4401,1,1779,0,1.0283628000033787
3,0,,2026-07-28T19:24:20.034188,106984,4324,2307,4324,91,4324,3,4324,1,4324,1,1836,0,1.0285423000023002
3,0,,2026-07-28T19:24:21.063319,106467,4336,2324,4336,65,4337,2,4337,0,4337,0,1780,1,1.028774099992006
3,0,,2026-07-28T19:24:22.092372,107137,4292,2292,4292,85,4291,4,4291,2,4291,1,1821,0,1.028660600000876
3,0,,2026-07-28T19:24:23.120368,106642,4357,2336,4357,92,4357,2,4358,5,4358,1,1780,0,1.0276376999972854
3,0,,2026-07-28T19:24:24.149090,107106,4351,2263,4351,82,4351,1,4350,0,4350,2,1800,0,1.0283550999884028
3,0,,2026-07-28T19:24:25.177550,106911,4444,2329,4444,93,4444,2,4444,2,4444,2,1806,0,1.0281095999962417
3,0,,2026-07-28T19:24:26.206005,107099,4399,2303,4399,76,4399,4,4399,3,4399,3,1854,1,1.0281214999995427
3,0,,2026-07-28T19:24:27.234888,107380,4429,2333,4429,73,4429,2,4429,1,4429,2,1769,1,1.0285575999878347
3,0,,2026-07-28T19:24:28.264597,106829,4382,2329,4382,82,4382,3,4382,2,4382,2,1787,1,1.0293113999941852
3,0,,2026-07-28T19:24:29.292047,106700,4440,2342,4440,88,4440,3,4440,2,4440,1,1839,1,1.0271294000121998
3,0,,2026-07-28T19:24:30.318955,107240,4333,2267,4333,90,4333,3,4333,4,4333,1,1770,0,1.0267065999942133
3,0,,2026-07-28T19:24:31.348240,106891,4395,2338,4395,64,4395,5,4395,4,4395,3,1759,1,1.0290620000014314
3,0,,2026-07-28T19:24:32.376857,106881,4371,2337,4371,67,4371,4,4371,1,4371,1,1751,1,1.0282740999973612
3,0,,2026-07-28T19:24:33.404781,107311,4379,2277,4379,82,4379,1,4379,2,4379,2,1750,1,1.0275171000103
3,0,,2026-07-28T19:24:34.435358,107083,4409,2316,4409,82,4409,7,4409,3,4409,2,1774,2,1.030240899999626
3,0,,2026-07-28T19:24:35.462393,106850,4474,2365,4474,75,4474,5,4474,0,4474,0,1780,1,1.0266652999998769
3,0,,2026-07-28T19:24:36.489041,107095,4452,2416,4452,88,4452,2,4452,4,4452,1,1749,1,1.0265060999954585
3,0,,2026-07-28T19:24:37.517350,106860,4400,2339,4400,72,4400,5,4400,3,4400,1,1780,0,1.0281320000067353
3,0,,2026-07-28T19:24:38.546482,106557,4420,2331,4420,92,4420,6,4420,1,4420,0,1787,3,1.0287688999960665
3,0,,2026-07-28T19:24:39.574670,106819,4435,2347,4435,77,4435,2,4435,2,4435,0,1834,1,1.027796300011687
3,0,,2026-07-28T19:24:40.603677,107246,4355,2318,4355,60,4355,0,4355,2,4355,1,1692,0,1.0286468999984208
3,0,,2026-07-28T19:24:41.632321,106466,4386,2323,4386,64,4386,4,4386,0,4386,0,1786,0,1.0284121000004234
3,0,,2026-07-28T19:24:42.661416,106949,4437,2371,4437,65,4437,7,4437,1,4437,2,1803,0,1.0287011000036728
3,0,,2026-07-28T19:24:43.690435,106173,4344,2341,4344,73,4344,1,4344,0,4344,3,1818,0,1.028624700004002
3,0,,2026-07-28T19:24:44.718600,107280,4435,2369,4435,74,4435,3,4435,0,4435,0,1765,0,1.0277753999980632
3,0,,2026-07-28T19:24:45.746935,106350,4440,2312,4440,68,4440,2,4440,4,4440,1,1723,1,1.027991100010695
3,0,,2026-07-28T19:24:46.774255,106642,4448,2376,4448,82,4448,3,4448,4,4448,1,1779,2,1.0270361000002595
3,0,,2026-07-28T19:24:47.800620,107022,4408,2330,4408,74,4408,1,4408,1,4408,2,1683,1,1.0261991000006674
3,0,,2026-07-28T19:24:48.852159,109258,4510,2431,4510,77,4510,1,4510,1,4510,1,1830,2,1.0514379999949597
3,0,,2026-07-28T19:24:49.880181,106440,4243,2288,4243,82,4243,6,4243,4,4243,2,1807,1,1.0277514999906998
3,0,,2026-07-28T19:24:50.907586,106983,4398,2309,4398,80,4398,2,4398,2,4398,2,1762,0,1.027095700002974
3,0,,2026-07-28T19:24:51.935072,107088,4478,2359,4478,88,4478,3,4478,6,4478,0,1870,1,1.0272167999937665
3,0,,2026-07-28T19:24:52.963499,106746,4415,2324,4415,97,4415,2,4415,2,4415,1,1807,1,1.0281768999993801
3,0,,2026-07-28T19:24:53.992200,107107,4428,2309,4428,78,4428,3,4428,3,4428,1,1769,1,1.028469299999415
3,0,,2026-07-28T19:24:55.021435,107402,4515,2427,4515,66,4515,4,4515,0,4515,2,1814,1,1.0289704000024358
3,0,,2026-07-28T19:24:56.050630,107583,4463,2376,4463,72,4463,5,4463,0,4463,4,1791,0,1.0288671999878716
3,0,,2026-07-28T19:24:57.078045,107028,4366,2333,4366,77,4366,4,4366,4,4366,3,1758,0,1.0270352000079583
3,0,,2026-07-28T19:24:58.105614,106791,4476,2407,4476,91,4476,4,4476,3,4476,2,1751,0,1.0273158000054536
3,0,,2026-07-28T19:24:59.134415,107190,4435,2328,4435,76,4435,2,4435,1,4435,0,1752,1,1.0285531999979867
3,0,,2026-07-28T19:25:00.162189,106966,4495,2363,4495,91,4495,3,4495,3,4495,3,1782,1,1.0274102999974275
3,0,,2026-07-28T19:25:01.190059,106879,4409,2343,4409,73,4409,6,4409,4,4409,1,1784,3,1.0276445999916177
3,0,,2026-07-28T19:25:02.218883,106550,4458,2283,4458,73,4458,3,4458,4,4458,1,1802,0,1.0285610999999335
3,0,,2026-07-28T19:25:03.247241,106421,4455,2369,4455,64,4455,4,4455,1,4455,3,1721,2,1.0279989999980899
3,0,,2026-07-28T19:25:04.275467,106691,4368,2310,4368,82,4368,2,4368,2,4368,3,1814,0,1.027879799992661
3,0,,2026-07-28T19:25:05.304890,107579,4408,2325,4408,72,4408,6,4408,2,4408,0,1767,1,1.0291145999945002
3,0,,2026-07-28T19:25:06.333310,107143,4498,2366,4498,84,4498,3,4498,2,4498,3,1741,2,1.0281073999940418
3,0,,2026-07-28T19:25:07.362299,106984,4299,2280,4299,87,4299,3,4299,2,4299,2,1713,0,1.028684400007478
3,0,,2026-07-28T19:25:08.391340,107333,4355,2338,4355,72,4355,5,4355,3,4355,1,1732,1,1.0286810000106925
3,0,,2026-07-28T19:25:09.419008,107650,4483,2370,4483,77,4483,2,4483,3,4483,2,1758,1,1.0273365000030026
3,0,,2026-07-28T19:25:10.447078,107252,4400,2267,4400,82,4400,1,4400,1,4400,2,1707,1,1.0278152999962913
3,0,,2026-07-28T19:25:11.476003,106576,4353,2307,4353,79,4353,2,4353,1,4353,3,1685,0,1.02869500000088
3,0,,2026-07-28T19:25:12.504932,107196,4395,2344,4395,89,4395,6,4395,3,4395,1,1707,2,1.0285322999989148
3,0,,2026-07-28T19:25:13.534696,107316,4421,2295,4421,74,4421,1,4421,1,4421,3,1845,1,1.0294430000067223
3,0,,2026-07-28T19:25:14.563071,106963,4428,2369,4428,90,4428,5,4428,3,4428,3,1757,0,1.0279832999949576
3,0,,2026-07-28T19:25:15.592012,107720,4440,2385,4440,73,4440,0,4440,1,4440,1,1788,1,1.0286385999934282
3,0,,2026-07-28T19:25:16.619895,106657,4373,2332,4373,87,4373,2,4373,3,4373,1,1778,2,1.0275103000021772
3,0,,2026-07-28T19:25:17.648099,107339,4448,2358,4448,74,4448,1,4448,3,4448,4,1728,1,1.0279004000040004
3,0,,2026-07-28T19:25:18.674675,107235,4428,2330,4428,90,4428,4,4428,2,4428,2,1768,0,1.0262100999971153
3,0,,2026-07-28T19:25:19.703289,106785,4393,2330,4393,79,4393,6,4393,3,4393,2,1780,1,1.028473300000769
3,0,,2026-07-28T19:25:20.732287,107079,4552,2360,4552,92,4552,1,4552,0,4552,1,1744,1,1.0286666999891168
3,0,,2026-07-28T19:25:21.761402,107142,4418,2306,4418,74,4418,1,4418,2,4418,1,1788,2,1.0287518999975873
3,0,,2026-07-28T19:25:22.790745,107198,4457,2299,4457,77,4457,4,4457,5,4457,3,1702,0,1.0289895000023535
3,0,,2026-07-28T19:25:23.818405,107272,4447,2332,4447,49,4447,3,4447,2,4447,0,1783,2,1.0273063000058755
3,0,,2026-07-28T19:25:24.848038,107357,4385,2342,4385,80,4385,0,4385,0,4385,0,1801,1,1.0293441000103485
3,0,,2026-07-28T19:25:25.876669,107273,4503,2350,4503,93,4503,4,4503,2,4503,0,1751,1,1.0282049999950686
3,0,,2026-07-28T19:25:26.905877,106939,4275,2273,4275,87,4275,5,4275,0,4275,2,1845,0,1.0289018000039505
3,0,,2026-07-28T19:25:27.935055,107167,4446,2326,4446,61,4446,1,4446,2,4446,5,1768,0,1.0288180999923497
3,0,,2026-07-28T19:25:28.964857,107121,4387,2320,4387,76,4387,1,4387,1,4387,2,1777,0,1.0294248999998672
3,0,,2026-07-28T19:25:29.993556,107082,4437,2353,4437,74,4437,0,4437,0,4437,3,1748,1,1.0282944999926258
3,0,,2026-07-28T19:25:31.022553,107254,4303,2268,4303,86,4303,5,4303,2,4303,2,1788,1,1.0285536000010325
3,0,,2026-07-28T19:25:32.050646,107410,4416,2366,4416,76,4416,4,4416,0,4416,1,1816,1,1.0276993000006769
3,0,,2026-07-28T19:25:33.079293,106564,4371,2297,4371,76,4371,5,4371,2,4371,1,1818,0,1.0282980000047246
3,0,,2026-07-28T19:25:34.107599,107353,4428,2274,4428,72,4428,2,4428,2,4428,0,1721,0,1.0279893000115408
3,0,,2026-07-28T19:25:35.135581,106908,4413,2360,4413,84,4413,0,4413,5,4413,1,1742,2,1.0276900000026217
3,0,,2026-07-28T19:25:36.162653,106914,4353,2335,4353,80,4353,3,4353,1,4353,4,1763,1,1.0267920000042068
3,0,,2026-07-28T19:25:37.189374,106749,4356,2329,4356,81,4356,2,4356,1,4356,0,1734,0,1.0263885000022128
3,0,,2026-07-28T19:25:38.216056,107122,4460,2346,4460,61,4460,7,4460,1,4460,3,1876,1,1.026468099997146
3,0,,2026-07-28T19:25:39.244091,106746,4398,2288,4398,92,4398,2,4398,2,4398,0,1838,0,1.0276874999981374
3,0,,2026-07-28T19:25:40.271779,106553,4345,2305,4345,65,4345,4,4345,5,4345,1,1760,0,1.0273798999987775
3,0,,2026-07-28T19:25:41.300089,106728,4469,2343,4469,79,4469,3,4469,3,4469,2,1780,0,1.0280729000078281
3,0,,2026-07-28T19:25:42.328320,106808,4307,2309,4307,85,4307,2,4307,2,4307,2,1803,1,1.0278950999927474
3,0,,2026-07-28T19:25:43.356635,107270,4480,2402,4480,66,4480,3,4480,3,4480,0,1765,2,1.028005000000121
3,0,,2026-07-28T19:25:44.385140,107401,4434,2341,4434,81,4434,2,4434,3,4434,1,1708,2,1.028218099992955
3,0,,2026-07-28T19:25:45.413122,106484,4336,2274,4336,77,4336,6,4336,1,4336,0,1799,0,1.0276734000071883
3,0,,2026-07-28T19:25:46.442178,107113,4468,2370,4468,84,4468,5,4468,2,4468,0,1741,0,1.0287271999986842
3,0,,2026-07-28T19:25:47.471294,106772,4333,2289,4333,81,4333,1,4333,0,4333,1,1748,1,1.0287571999942884
3,0,,2026-07-28T19:25:48.500844,107043,4434,2325,4434,86,4434,4,4434,1,4434,1,1753,0,1.0291934999986552
3,0,,2026-07-28T19:25:49.529410,107095,4427,2273,4427,87,4427,3,4427,2,4427,5,1814,2,1.0282262999971863
3,0,,2026-07-28T19:25:50.557632,106480,4296,2218,4296,75,4296,1,4296,0,4296,1,1775,0,1.027880699999514
3,0,,2026-07-28T19:25:51.586861,106473,4379,2302,4379,67,4379,1,4379,3,4379,1,1798,0,1.028901700003189
3,0,,2026-07-28T19:25:52.620825,107441,4381,2353,4381,73,4381,1,4381,2,4381,5,1761,0,1.0335461999929976
3,0,,2026-07-28T19:25:53.648262,107163,4463,2379,4463,76,4463,5,4463,2,4463,2,1821,2,1.027083400011179
3,0,,2026-07-28T19:25:54.677624,107421,4398,2306,4398,85,4398,4,4398,3,4398,0,1800,0,1.0290811000013491
3,0,,2026-07-28T19:25:55.706738,106863,4375,2287,4375,72,4375,5,4375,3,4375,6,1786,0,1.0287293000001227
3,0,,2026-07-28T19:25:56.735313,107370,4446,2319,4446,67,4446,4,4446,4,4446,1,1737,2,1.0282494999992196
3,0,,2026-07-28T19:25:57.761666,107584,4286,2311,4286,77,4286,1,4286,0,4286,1,1770,2,1.0260329000011552
3,0,,2026-07-28T19:25:58.789627,107492,4287,2286,4287,82,4287,2,4287,1,4287,1,1739,0,1.027143100000103
3,0,,2026-07-28T19:25:59.818411,107364,4453,2396,4453,79,4453,3,4453,4,4453,1,1800,1,1.028505900001619
3,0,,2026-07-28T19:26:00.847499,107281,4466,2339,4466,80,4466,6,4466,1,4466,1,1742,0,1.0287293000001227
3,0,,2026-07-28T19:26:01.876307,106893,4419,2319,4419,82,4419,3,4419,3,4419,4,1726,0,1.028395899993484
3,0,,2026-07-28T19:26:02.902646,107026,4360,2298,4360,75,4360,4,4360,1,4360,1,1768,1,1.0259508999879472
3,0,,2026-07-28T19:26:03.931226,106006,4343,2267,4343,91,4343,4,4343,0,4343,1,1729,0,1.0284080999990692
3,0,,2026-07-28T19:26:04.957435,106843,4394,2349,4394,90,4394,6,4394,5,4394,0,1832,1,1.0258746000035899
3,0,,2026-07-28T19:26:05.986943,107527,4440,2339,4440,82,4440,1,4440,4,4440,3,1713,0,1.0292413999995915
3,0,,2026-07-28T19:26:07.015590,107020,4431,2381,4431,68,4431,3,4431,0,4431,1,1782,1,1.028277400007937
3,0,,2026-07-28T19:26:08.044150,107020,4493,2363,4493,60,4493,9,4493,2,4493,1,1819,1,1.0282055999996373
3,0,,2026-07-28T19:26:09.073716,106802,4403,2369,4403,71,4403,1,4403,3,4403,3,1741,0,1.0292226000019582
3,0,,2026-07-28T19:26:10.102518,106953,4284,2227,4284,72,4284,3,4284,1,4284,2,1688,0,1.0284002999978838
3,0,,2026-07-28T19:26:11.132240,107014,4331,2291,4331,75,4331,5,4331,6,4331,4,1771,0,1.0293296000018017
3,0,,2026-07-28T19:26:12.160753,107368,4365,2277,4365,74,4365,4,4365,0,4365,2,1830,2,1.0281479999976
3,0,,2026-07-28T19:26:13.189389,107154,4404,2336,4404,81,4404,1,4404,2,4404,2,1828,1,1.0283116999926278
3,0,,2026-07-28T19:26:14.215939,107305,4338,2288,4338,92,4338,4,4338,1,4338,2,1813,0,1.026194599995506
3,0,,2026-07-28T19:26:15.244619,106722,4386,2365,4386,71,4386,4,4386,1,4386,0,1845,1,1.0284433999913745
3,0,,2026-07-28T19:26:16.273426,106928,4444,2318,4444,92,4445,4,4445,4,4445,2,1731,1,1.0284567999915453
3,0,,2026-07-28T19:26:17.302067,106986,4388,2309,4388,76,4387,2,4387,5,4387,0,1700,3,1.028302499995334
3,0,,2026-07-28T19:26:18.330626,107099,4313,2302,4313,83,4313,3,4313,2,4313,0,1831,0,1.0282579000049736
3,0,,2026-07-28T19:26:19.359307,106544,4425,2350,4425,64,4425,3,4425,2,4425,1,1789,1,1.0283082999958424
3,0,,2026-07-28T19:26:20.387042,106962,4412,2306,4412,94,4412,5,4412,4,4412,3,1798,1,1.0273760999989463
3,0,,2026-07-28T19:26:21.414470,107469,4389,2365,4389,74,4389,5,4389,4,4389,1,1780,0,1.027148599998327
3,0,,2026-07-28T19:26:22.441559,107064,4483,2364,4483,86,4483,1,4483,4,4483,0,1793,1,1.0268156999954954
3,0,,2026-07-28T19:26:23.470577,106934,4410,2328,4410,70,4410,1,4410,3,4410,2,1826,1,1.0287700000044424
3,0,,2026-07-28T19:26:24.499025,106255,4323,2308,4323,76,4323,3,4323,3,4323,2,1722,1,1.0280968000006396
3,0,,2026-07-28T19:26:25.525714,106824,4434,2351,4434,88,4434,5,4434,2,4434,4,1718,2,1.0263181000045734
3,0,,2026-07-28T19:26:26.552131,107225,4251,2225,4251,88,4251,3,4251,4,4251,1,1718,1,1.02620520000346
3,0,,2026-07-28T19:26:27.608347,107702,4375,2293,4375,75,4375,3,4375,1,4375,1,1887,0,1.0560830000031274
3,0,,2026-07-28T19:26:28.634901,108905,4441,2348,4441,72,4441,4,4441,4,4441,3,1864,0,1.0263163000054192
3,0,,2026-07-28T19:26:29.662590,107111,4345,2252,4345,80,4345,6,4345,4,4345,0,1816,3,1.0275295000028564
3,0,,2026-07-28T19:26:30.691599,107190,4333,2266,4333,76,4333,1,4333,4,4333,3,1800,0,1.0286622999992687
3,0,,2026-07-28T19:26:31.720649,107064,4438,2375,4438,80,4438,6,4438,3,4438,2,1854,1,1.0286924999963958
3,0,,2026-07-28T19:26:32.747726,106997,4451,2357,4451,80,4451,3,4451,2,4451,4,1816,1,1.0267107999970904
3,0,,2026-07-28T19:26:33.775863,106596,4415,2329,4415,89,4415,3,4415,0,4415,0,1801,2,1.0278971000079764
3,0,,2026-07-28T19:26:34.804718,107360,4409,2298,4409,83,4409,2,4409,1,4409,1,1847,1,1.028533900011098
3,0,,2026-07-28T19:26:35.834153,107101,4361,2341,4361,87,4361,3,4361,2,4361,2,1726,2,1.0290597999992315
3,0,,2026-07-28T19:26:36.861446,107230,4473,2361,4473,81,4473,3,4473,3,4473,1,1733,1,1.0270353000087198
3,0,,2026-07-28T19:26:37.889356,106836,4483,2407,4483,73,4483,3,4483,3,4483,2,1785,2,1.027616899998975
3,0,,2026-07-28T19:26:38.916235,106878,4298,2324,4298,70,4298,6,4298,1,4298,3,1662,0,1.0266384999995353
3,0,,2026-07-28T19:26:39.944385,107189,4362,2304,4362,71,4362,3,4362,2,4362,2,1840,1,1.0278619000018807
3,0,,2026-07-28T19:26:40.972428,107183,4279,2306,4279,77,4279,3,4279,2,4279,2,1843,0,1.0277266999910353
3,0,,2026-07-28T19:26:42.001376,106903,4314,2275,4314,84,4314,1,4314,3,4314,3,1792,1,1.02869940000528
3,0,,2026-07-28T19:26:43.030292,106734,4375,2312,4375,71,4375,5,4375,1,4375,0,1733,0,1.0285901999886846
3,0,,2026-07-28T19:26:44.059390,106972,4347,2297,4347,77,4347,4,4347,2,4347,2,1874,0,1.028767700001481
3,0,,2026-07-28T19:26:45.088113,106694,4454,2322,4454,74,4454,5,4454,3,4454,3,1789,0,1.0284191999962786
3,0,,2026-07-28T19:26:46.116766,107015,4282,2276,4282,77,4282,1,4282,1,4282,2,1777,0,1.028330700006336
3,0,,2026-07-28T19:26:47.145285,106642,4412,2324,4412,79,4412,5,4412,3,4412,1,1736,0,1.0281453999923542
3,0,,2026-07-28T19:26:48.173914,106736,4389,2327,4389,67,4389,4,4389,1,4389,2,1715,1,1.028286400003708
3,0,,2026-07-28T19:26:49.202534,107015,4446,2362,4446,70,4446,4,4446,0,4446,3,1702,0,1.028286200002185
3,0,,2026-07-28T19:26:50.231633,107450,4406,2347,4406,68,4406,0,4406,2,4406,0,1722,0,1.0287758999911603
3,0,,2026-07-28T19:26:51.260754,107443,4468,2396,4468,85,4468,4,4468,6,4468,3,1769,0,1.028818599996157
3,0,,2026-07-28T19:26:52.289007,107274,4457,2354,4457,83,4457,4,4457,1,4457,3,1789,0,1.0279071999975713
3,0,,2026-07-28T19:26:53.317660,106067,4339,2275,4339,75,4339,8,4339,2,4339,1,1800,3,1.0283915000036359
3,0,,2026-07-28T19:26:54.343596,106726,4372,2334,4372,70,4372,4,4372,3,4372,3,1799,1,1.0257258999918122
3,0,,2026-07-28T19:26:55.371772,106403,4357,2256,4357,81,4357,3,4357,2,4357,1,1786,0,1.027983200008748
3,0,,2026-07-28T19:26:56.401088,107111,4471,2389,4471,80,4471,1,4471,6,4471,3,1801,2,1.028981900002691
3,0,,2026-07-28T19:26:57.429680,107045,4503,2370,4503,86,4503,5,4503,3,4503,2,1799,2,1.028246100002434
3,0,,2026-07-28T19:26:58.458866,107202,4329,2291,4329,87,4329,2,4329,1,4329,2,1751,0,1.0288446999911685
3,0,,2026-07-28T19:26:59.485925,107746,4370,2316,4370,68,4370,4,4370,1,4370,1,1711,1,1.026713600003859
3,0,,2026-07-28T19:27:00.513847,107078,4406,2366,4406,75,4406,5,4406,2,4406,2,1724,2,1.027746499996283
3,0,,2026-07-28T19:27:01.543264,107203,4358,2286,4358,85,4358,3,4358,0,4358,0,1872,1,1.029072699995595
3,0,,2026-07-28T19:27:02.571805,107380,4492,2410,4492,74,4492,4,4492,4,4492,0,1809,0,1.0281615000130842
3,0,,2026-07-28T19:27:03.600592,107222,4303,2294,4303,88,4303,6,4303,3,4303,2,1815,1,1.028472400008468
3,0,,2026-07-28T19:27:04.627889,107396,4414,2330,4414,95,4414,2,4414,1,4414,0,1763,0,1.0269728999992367
3,0,,2026-07-28T19:27:05.655190,106427,4440,2345,4440,72,4440,3,4440,4,4440,5,1796,1,1.027027599993744
3,0,,2026-07-28T19:27:06.683641,107387,4379,2315,4379,80,4379,4,4379,4,4379,3,1826,1,1.0282314000069164
3,0,,2026-07-28T19:27:07.712068,107075,4496,2383,4496,80,4496,3,4496,5,4496,3,1743,1,1.0280798000021605
3,0,,2026-07-28T19:27:08.741617,107261,4477,2347,4477,71,4477,5,4477,2,4477,1,1834,2,1.0292276999971364
3,0,,2026-07-28T19:27:09.770027,107477,4425,2376,4425,72,4425,3,4425,8,4425,3,1788,1,1.0280554999917513
3,0,,2026-07-28T19:27:10.798788,106693,4392,2372,4392,90,4392,4,4392,3,4392,5,1811,3,1.0284550999931525
3,0,,2026-07-28T19:27:11.827147,107170,4450,2350,4450,84,4450,5,4450,3,4450,0,1790,1,1.027977000005194
3,0,,2026-07-28T19:27:12.856038,106906,4399,2381,4399,79,4399,0,4399,2,4399,2,1708,0,1.0285299999959534
3,0,,2026-07-28T19:27:13.886188,107087,4459,2387,4459,83,4459,3,4459,2,4459,2,1778,3,1.0298093000019435
3,0,,2026-07-28T19:27:14.913593,106488,4324,2321,4324,81,4324,2,4324,0,4324,1,1720,0,1.0272368000005372
3,0,,2026-07-28T19:27:15.939806,106846,4329,2289,4329,88,4329,5,4329,2,4329,0,1817,0,1.0260160000034375
3,0,,2026-07-28T19:27:16.981173,107695,4358,2293,4358,77,4358,3,4358,2,4358,1,1800,0,1.0412204999884125
3,0,,2026-07-28T19:27:18.008899,108780,4306,2240,4306,97,4306,4,4306,0,4306,3,1788,0,1.026677899993956
3,0,,2026-07-28T19:27:19.036246,106702,4329,2296,4329,87,4329,6,4329,2,4329,0,1844,1,1.0270443000044907
3,0,,2026-07-28T19:27:20.064522,106839,4433,2384,4433,76,4433,0,4433,7,4433,0,1803,0,1.027959800005192
3,0,,2026-07-28T19:27:21.093806,107487,4505,2417,4505,98,4505,6,4505,3,4505,2,1780,0,1.028912699999637
3,0,,2026-07-28T19:27:22.120892,107387,4361,2324,4361,71,4361,1,4361,0,4361,1,1803,1,1.026726799987955
3,0,,2026-07-28T19:27:23.148628,107502,4385,2344,4385,80,4385,1,4385,2,4385,1,1778,0,1.0275015000079293
3,0,,2026-07-28T19:27:24.176141,106891,4375,2372,4375,70,4375,6,4375,2,4375,2,1789,0,1.0273673000046983
3,0,,2026-07-28T19:27:25.202722,107316,4333,2284,4333,70,4333,2,4333,3,4333,5,1793,0,1.0263286999979755
3,0,,2026-07-28T19:27:26.231743,106967,4321,2282,4321,67,4321,5,4321,2,4321,2,1758,0,1.0286902999941958
3,0,,2026-07-28T19:27:27.258896,107246,4460,2352,4460,79,4460,2,4460,3,4460,1,1802,0,1.0268745000066701
3,0,,2026-07-28T19:27:28.285855,107137,4444,2406,4444,88,4444,1,4444,4,4444,2,1751,0,1.0267171999876155
3,0,,2026-07-28T19:27:29.312412,106550,4381,2293,4381,70,4381,4,4381,3,4381,2,1773,2,1.0263453999941703
3,0,,2026-07-28T19:27:30.338513,106425,4368,2339,4368,68,4368,3,4368,5,4368,5,1758,2,1.0258773999958066
3,0,,2026-07-28T19:27:31.366563,106755,4416,2347,4416,76,4416,1,4416,2,4416,0,1803,0,1.02776170001016
3,0,,2026-07-28T19:27:32.393830,107668,4473,2378,4473,97,4473,3,4473,4,4473,1,1761,1,1.0270181999949273
3,0,,2026-07-28T19:27:33.421369,106997,4351,2324,4351,68,4351,4,4351,1,4351,1,1790,0,1.0272772000025725
3,0,,2026-07-28T19:27:34.447674,106872,4328,2258,4328,69,4328,0,4328,1,4328,2,1741,2,1.0261124999960884
3,0,,2026-07-28T19:27:35.475850,107133,4475,2380,4475,80,4475,0,4475,1,4475,1,1774,0,1.0280609999899752
3,0,,2026-07-28T19:27:36.502734,106969,4253,2277,4253,72,4253,2,4253,1,4253,2,1819,0,1.0266667999967467
3,0,,2026-07-28T19:27:37.531929,107002,4582,2479,4582,78,4582,4,4582,1,4582,2,1803,1,1.0279107999958796
3,0,,2026-07-28T19:27:38.558977,106355,4386,2246,4386,75,4386,2,4386,2,4386,2,1816,0,1.026756099992781
3,0,,2026-07-28T19:27:39.586235,106541,4339,2326,4339,85,4339,4,4339,5,4339,1,1728,1,1.026968999998644
3,0,,2026-07-28T19:27:40.614899,107170,4383,2244,4383,73,4383,2,4383,3,4383,2,1824,1,1.0283984999987297
3,0,,2026-07-28T19:27:41.643777,107049,4324,2269,4324,81,4324,8,4324,0,4324,4,1842,3,1.028552399991895
3,0,,2026-07-28T19:27:42.672999,107619,4397,2271,4397,67,4397,3,4397,5,4397,1,1768,2,1.0288617000041995
3,0,,2026-07-28T19:27:43.700081,106636,4345,2304,4345,71,4345,2,4345,0,4345,3,1704,2,1.026702999995905
3,0,,2026-07-28T19:27:44.727552,106695,4341,2329,4341,68,4341,3,4341,0,4341,0,1792,1,1.0273404000035953
3,0,,2026-07-28T19:27:45.757236,107590,4523,2384,4523,67,4523,6,4523,3,4523,0,1776,1,1.029359400010435
3,0,,2026-07-28T19:27:46.786410,107680,4412,2324,4412,93,4412,4,4412,1,4412,2,1839,0,1.0288228999997955
3,0,,2026-07-28T19:27:47.814005,106763,4330,2326,4330,66,4330,7,4330,1,4330,2,1711,1,1.0272618000017246
3,0,,2026-07-28T19:27:48.842950,107295,4453,2325,4453,80,4453,6,4453,0,4453,1,1842,3,1.0287376000051154
3,0,,2026-07-28T19:27:49.871549,107411,4496,2393,4496,64,4496,2,4496,4,4496,1,1750,3,1.028225800007931
3,0,,2026-07-28T19:27:50.900208,107444,4371,2287,4371,80,4371,3,4371,3,4371,3,1782,4,1.0282651000015903
3,0,,2026-07-28T19:27:51.928820,107450,4422,2335,4422,97,4422,2,4422,3,4422,1,1818,2,1.0282939999888185
3,0,,2026-07-28T19:27:52.957902,106768,4384,2317,4384,94,4384,5,4384,3,4384,4,1767,2,1.0287604000041028
3,0,,2026-07-28T19:27:53.986339,106743,4462,2377,4462,84,4462,4,4462,2,4462,0,1808,0,1.0281685999943875
3,0,,2026-07-28T19:27:55.015068,106311,4375,2314,4375,72,4375,0,4375,1,4375,0,1777,0,1.0284335000033025
3,0,,2026-07-28T19:27:56.043266,106726,4440,2356,4440,52,4440,3,4440,2,4440,4,1744,0,1.0278929000050994
3,0,,2026-07-28T19:27:57.072966,107054,4407,2301,4407,68,4407,5,4407,1,4407,3,1788,0,1.0293392999883508
3,0,,2026-07-28T19:27:58.101729,107227,4453,2332,4453,73,4453,3,4453,6,4453,2,1821,0,1.0284479999972973
3,0,,2026-07-28T19:27:59.130248,106818,4335,2288,4335,76,4335,7,4335,4,4335,1,1862,0,1.028189000004204
3,0,,2026-07-28T19:28:00.159080,107396,4306,2286,4306,79,4306,3,4306,4,4306,0,1762,0,1.0284591000090586
3,0,,2026-07-28T19:28:01.188009,107032,4308,2288,4308,73,4308,2,4308,3,4308,2,1817,0,1.028629499996896
3,0,,2026-07-28T19:28:02.217410,106928,4478,2353,4478,78,4478,3,4478,1,4478,5,1779,1,1.0290764000092167
3,0,,2026-07-28T19:28:03.246935,107639,4567,2367,4567,91,4567,1,4567,0,4567,5,1746,0,1.0291633000015281
3,0,,2026-07-28T19:28:04.275196,106929,4405,2353,4405,57,4405,4,4405,2,4405,2,1699,1,1.0278421000111848
3,0,,2026-07-28T19:28:05.301931,107287,4335,2319,4335,82,4335,5,4335,0,4335,1,1801,2,1.0264066999952774
3,0,,2026-07-28T19:28:06.357977,107393,4348,2317,4348,66,4348,0,4348,3,4348,2,1851,1,1.055773300002329
3,0,,2026-07-28T19:28:07.387162,110055,4668,2449,4668,82,4668,0,4668,2,4668,5,1800,2,1.0269794000050751
3,0,,2026-07-28T19:28:08.414441,107432,4437,2355,4437,73,4437,2,4437,3,4437,2,1801,1,1.0270097999891732
3,0,,2026-07-28T19:28:09.441800,107220,4436,2359,4436,93,4436,2,4436,3,4436,3,1802,0,1.027105599991046
3,0,,2026-07-28T19:28:10.470741,106932,4479,2319,4479,86,4479,4,4479,2,4479,5,1800,0,1.0286550000018906
3,0,,2026-07-28T19:28:11.498382,107276,4487,2328,4487,92,4487,2,4487,1,4487,1,1741,2,1.0272920999996131
3,0,,2026-07-28T19:28:12.527656,107374,4377,2287,4377,80,4377,5,4377,1,4377,1,1839,1,1.028858300007414
3,0,,2026-07-28T19:28:13.557406,107034,4442,2325,4442,85,4442,1,4442,3,4442,2,1839,0,1.029380099993432
3,0,,2026-07-28T19:28:14.584213,107482,4414,2331,4414,85,4414,4,4414,2,4414,0,1749,1,1.0265113999921596
3,0,,2026-07-28T19:28:15.612165,106607,4428,2306,4428,61,4428,5,4428,2,4428,0,1765,0,1.0277299000008497
3,0,,2026-07-28T19:28:16.640846,106816,4326,2271,4326,61,4326,2,4326,1,4326,2,1714,1,1.0283108000003267
3,0,,2026-07-28T19:28:17.669521,106404,4330,2313,4330,58,4330,2,4330,3,4330,2,1717,0,1.0282841000007465
3,0,,2026-07-28T19:28:18.696472,107044,4495,2420,4495,66,4495,3,4495,3,4495,1,1872,3,1.0267066999949748
3,0,,2026-07-28T19:28:19.724938,106870,4362,2286,4362,74,4362,4,4362,3,4362,3,1907,1,1.028217200000654
3,0,,2026-07-28T19:28:20.753478,106945,4375,2249,4375,107,4375,3,4375,1,4375,2,1712,1,1.028254899996682
3,0,,2026-07-28T19:28:21.782921,107035,4506,2436,4506,74,4506,0,4506,4,4506,3,1811,2,1.0290597999992315
3,0,,2026-07-28T19:28:22.810308,106860,4539,2380,4539,79,4539,3,4539,2,4539,1,1709,1,1.0270346000033896
3,0,,2026-07-28T19:28:23.838876,107320,4378,2248,4378,70,4378,2,4378,3,4378,0,1766,0,1.02824500000861
3,0,,2026-07-28T19:28:24.866417,106763,4471,2356,4471,68,4471,1,4471,1,4471,4,1722,1,1.0271947000001092
3,0,,2026-07-28T19:28:25.895835,106416,4406,2309,4406,64,4406,2,4406,3,4406,2,1808,1,1.0291012999950908
3,0,,2026-07-28T19:28:26.924451,107127,4351,2324,4351,84,4351,5,4351,1,4351,2,1664,2,1.028246100002434
3,0,,2026-07-28T19:28:27.952512,106929,4424,2357,4424,73,4424,2,4424,3,4424,2,1756,0,1.027678400001605
3,0,,2026-07-28T19:28:28.981298,106620,4450,2356,4450,74,4450,4,4450,1,4450,3,1833,0,1.0283849000115879
3,0,,2026-07-28T19:28:30.010860,106860,4500,2399,4500,78,4500,2,4500,4,4500,2,1761,0,1.0290580000000773
3,0,,2026-07-28T19:28:31.038973,107062,4400,2290,4400,77,4400,5,4400,2,4400,2,1890,2,1.0277571000042371
3,0,,2026-07-28T19:28:32.068014,107226,4303,2313,4303,80,4303,3,4303,1,4303,4,1800,0,1.0286660999991
3,0,,2026-07-28T19:28:33.097430,107431,4422,2330,4422,90,4422,6,4422,0,4422,1,1823,0,1.0290604000038002
3,0,,2026-07-28T19:28:34.126446,106987,4420,2339,4420,84,4420,1,4420,3,4420,0,1820,0,1.0287072000064654
3,0,,2026-07-28T19:28:35.154348,107061,4390,2311,4390,71,4390,1,4390,3,4390,2,1789,0,1.0276420000009239
3,0,,2026-07-28T19:28:36.182037,107949,4455,2368,4455,83,4455,5,4455,0,4455,0,1781,0,1.0273564000090118
3,0,,2026-07-28T19:28:37.209267,106597,4454,2366,4454,89,4454,5,4454,1,4454,1,1789,0,1.0269563999900129
3,0,,2026-07-28T19:28:38.236690,106941,4460,2340,4460,70,4460,4,4460,3,4460,1,1811,2,1.027215599999181
3,0,,2026-07-28T19:28:39.265127,107370,4389,2385,4389,75,4389,3,4389,1,4389,2,1764,1,1.0281901999987895
3,0,,2026-07-28T19:28:40.292882,107088,4321,2317,4321,68,4321,3,4321,3,4321,1,1759,3,1.0275421000114875
3,0,,2026-07-28T19:28:41.319777,107700,4443,2342,4443,97,4443,4,4443,1,4443,1,1737,0,1.0266782000107924
3,0,,2026-07-28T19:28:42.347141,107088,4500,2349,4500,78,4500,3,4500,0,4500,1,1819,0,1.0271992000052705
3,0,,2026-07-28T19:28:43.373946,106834,4341,2275,4341,60,4341,2,4341,4,4341,1,1763,1,1.026627200000803
3,0,,2026-07-28T19:28:44.400860,106825,4274,2240,4274,68,4274,3,4274,3,4274,4,1824,2,1.0267425000056392
3,0,,2026-07-28T19:28:45.429259,106759,4545,2440,4545,81,4545,1,4545,2,4545,3,1697,0,1.0281260999909136
3,0,,2026-07-28T19:28:46.456921,106887,4471,2419,4471,90,4471,4,4471,1,4471,2,1769,1,1.0273033000121359
3,0,,2026-07-28T19:28:47.486202,107099,4340,2371,4340,68,4340,4,4340,2,4340,1,1831,2,1.0289387999946484
3,0,,2026-07-28T19:28:48.515992,106949,4375,2289,4375,78,4375,3,4375,3,4375,1,1770,1,1.0293693999992684
3,0,,2026-07-28T19:28:49.543415,107062,4385,2301,4385,77,4385,3,4385,2,4385,0,1824,0,1.0269972999958554
3,0,,2026-07-28T19:28:50.571830,106866,4429,2297,4429,81,4429,5,4429,2,4429,0,1747,0,1.028185500006657
3,0,,2026-07-28T19:28:51.599408,106701,4333,2219,4333,93,4333,4,4333,0,4333,0,1774,0,1.0272658000030788
3,0,,2026-07-28T19:28:52.626973,106839,4474,2366,4474,81,4474,5,4474,2,4474,2,1765,1,1.0273544000083348
3,0,,2026-07-28T19:28:53.653570,107188,4419,2314,4419,77,4419,0,4419,3,4419,2,1761,0,1.026486599992495
3,0,,2026-07-28T19:28:54.680267,106626,4298,2260,4298,87,4298,2,4298,3,4298,1,1828,1,1.0264645999995992
3,0,,2026-07-28T19:28:55.707509,106598,4340,2280,4340,75,4340,5,4340,2,4340,1,1807,0,1.0270450999960303
3,0,,2026-07-28T19:28:56.734396,106532,4317,2285,4317,70,4317,2,4317,3,4317,2,1776,0,1.0266733000025852
3,0,,2026-07-28T19:28:57.761196,107074,4516,2400,4516,77,4516,2,4516,3,4516,4,1861,2,1.0265897000062978
3,0,,2026-07-28T19:28:58.788826,107322,4432,2335,4432,69,4432,6,4432,2,4432,0,1770,1,1.0273270000034245
3,0,,2026-07-28T19:28:59.816116,107268,4314,2235,4314,78,4314,3,4314,1,4314,1,1780,2,1.0269856999948388
3,0,,2026-07-28T19:29:00.844290,107726,4467,2402,4467,80,4467,2,4467,2,4467,1,1676,0,1.0279918000014732
3,0,,2026-07-28T19:29:01.872362,107262,4515,2391,4515,67,4515,2,4515,8,4515,4,1808,3,1.0277303000038955
3,0,,2026-07-28T19:29:02.900966,106237,4284,2237,4284,91,4284,3,4284,3,4284,0,1824,2,1.028267000001506
3,0,,2026-07-28T19:29:03.926939,106815,4396,2271,4396,80,4396,3,4396,3,4396,0,1715,1,1.0256529000034789
3,0,,2026-07-28T19:29:04.955307,107358,4465,2417,4465,75,4465,2,4465,1,4465,1,1716,0,1.028210799995577
3,0,,2026-07-28T19:29:05.981526,107338,4440,2387,4440,63,4440,1,4440,2,4440,0,1739,0,1.025974000003771
3,0,,2026-07-28T19:29:07.010683,106501,4352,2302,4352,73,4352,2,4352,2,4352,0,1801,1,1.028938500006916
3,0,,2026-07-28T19:29:08.037286,106967,4353,2300,4353,80,4353,4,4353,5,4353,2,1879,0,1.0262658999999985
3,0,,2026-07-28T19:29:09.065897,107347,4400,2299,4400,69,4400,2,4400,1,4400,0,1759,0,1.0283007000107318
3,0,,2026-07-28T19:29:10.094869,107566,4421,2310,4421,78,4421,4,4421,3,4421,0,1800,1,1.0286480000067968
3,0,,2026-07-28T19:29:11.124678,106972,4371,2293,4371,74,4371,5,4371,1,4371,3,1847,0,1.0295681999996305
3,0,,2026-07-28T19:29:12.153783,107219,4359,2307,4359,62,4359,2,4359,2,4359,2,1773,0,1.0287784000101965
3,0,,2026-07-28T19:29:13.182447,106778,4326,2258,4326,86,4326,5,4326,0,4326,4,1785,2,1.0283202999999048
3,0,,2026-07-28T19:29:14.211957,106967,4440,2328,4440,80,4440,1,4440,4,4440,0,1814,0,1.0291855999967083
3,0,,2026-07-28T19:29:15.240332,106702,4456,2363,4456,70,4456,2,4456,3,4456,1,1744,1,1.0279717999947025
3,0,,2026-07-28T19:29:16.269067,106912,4354,2254,4354,76,4354,2,4354,2,4354,1,1863,1,1.0284460999973817
3,0,,2026-07-28T19:29:17.297489,107215,4422,2332,4422,76,4422,3,4422,4,4422,3,1817,2,1.0280492000019876
3,0,,2026-07-28T19:29:18.326566,106604,4481,2384,4481,71,4481,5,4481,5,4481,1,1782,1,1.0287662000046112
3,0,,2026-07-28T19:29:19.353517,107193,4403,2332,4403,71,4403,5,4403,4,4403,3,1753,0,1.0265476000058698
3,0,,2026-07-28T19:29:20.381697,107331,4334,2219,4334,104,4334,4,4334,6,4334,1,1765,0,1.0280288999929326
3,0,,2026-07-28T19:29:21.410093,107471,4416,2355,4416,80,4416,6,4416,1,4416,1,1881,1,1.0280044000101043
3,0,,2026-07-28T19:29:22.437894,107268,4366,2328,4366,75,4366,4,4366,2,4366,2,1803,0,1.0274561999976868
3,0,,2026-07-28T19:29:23.467225,107166,4385,2344,4385,96,4385,6,4385,1,4385,1,1730,1,1.029076900013024
3,0,,2026-07-28T19:29:24.496611,107937,4498,2380,4498,93,4498,4,4498,4,4498,1,1778,2,1.0284971999935806
3,0,,2026-07-28T19:29:25.525712,107375,4426,2286,4426,72,4426,5,4426,6,4426,0,1717,1,1.0287560999859124
3,0,,2026-07-28T19:29:26.554427,107488,4417,2333,4417,72,4417,5,4417,2,4417,1,1781,0,1.0283896000037203
3,0,,2026-07-28T19:29:27.583806,107591,4261,2247,4261,81,4261,2,4261,1,4261,4,1934,1,1.0289957000059076
3,0,,2026-07-28T19:29:28.610595,107496,4406,2278,4406,89,4406,5,4406,0,4406,2,1807,0,1.0263794000056805
3,0,,2026-07-28T19:29:29.639376,107339,4387,2324,4387,79,4387,6,4387,1,4387,2,1773,0,1.0285112999990815
3,0,,2026-07-28T19:29:30.668858,107016,4426,2306,4426,80,4426,4,4426,3,4426,2,1787,0,1.0291312000044854
3,0,,2026-07-28T19:29:31.696817,107843,4426,2334,4426,94,4426,3,4426,1,4426,1,1771,1,1.027611600002274
3,0,,2026-07-28T19:29:32.725561,106821,4457,2337,4457,92,4457,3,4457,0,4457,1,1787,1,1.0285360000125365
3,0,,2026-07-28T19:29:33.754471,106987,4359,2275,4359,75,4359,2,4359,1,4359,1,1789,0,1.0285283000121126
3,0,,2026-07-28T19:29:34.784161,107312,4348,2277,4348,79,4348,6,4348,2,4348,3,1812,0,1.0292604999995092
3,0,,2026-07-28T19:29:35.813725,107995,4397,2296,4397,80,4397,3,4397,0,4397,1,1815,0,1.0292071000003489
3,0,,2026-07-28T19:29:36.841834,106922,4448,2342,4448,75,4448,0,4448,3,4448,2,1756,0,1.0276894999988144
3,0,,2026-07-28T19:29:37.869933,106945,4435,2373,4435,62,4435,4,4435,2,4435,1,1757,1,1.0278227000089828
3,0,,2026-07-28T19:29:38.897449,107504,4410,2316,4410,87,4410,2,4410,1,4410,2,1780,1,1.0272418000095058
3,0,,2026-07-28T19:29:39.925734,107220,4384,2352,4384,79,4384,1,4384,4,4384,2,1755,0,1.0281040000118082
3,0,,2026-07-28T19:29:40.954522,107421,4450,2402,4450,90,4450,2,4450,1,4450,2,1781,0,1.0284092000074452
3,0,,2026-07-28T19:29:41.982344,108040,4480,2390,4480,81,4480,3,4480,2,4480,0,1747,2,1.0275146999920253
3,0,,2026-07-28T19:29:43.008444,107171,4406,2357,4406,82,4406,5,4406,4,4406,1,1907,0,1.0257470000069588
3,0,,2026-07-28T19:29:44.035189,107135,4394,2362,4394,86,4394,5,4394,4,4394,1,1733,0,1.0265890000009676
3,0,,2026-07-28T19:29:45.073624,108135,4535,2408,4535,95,4535,0,4535,1,4535,1,1799,1,1.0381589999888092
3,0,,2026-07-28T19:29:46.101726,107447,4499,2346,4499,75,4499,3,4499,2,4499,2,1835,1,1.0278577999997651
3,0,,2026-07-28T19:29:47.130986,107472,4441,2406,4441,71,4441,1,4441,0,4441,2,1770,2,1.0289517999917734
3,0,,2026-07-28T19:29:48.159169,107418,4406,2268,4406,83,4406,2,4406,2,4406,3,1817,0,1.0277907000127016
3,0,,2026-07-28T19:29:49.187791,107392,4451,2352,4451,79,4451,4,4451,0,4451,5,1812,0,1.028348100007861
3,0,,2026-07-28T19:29:50.216077,107947,4536,2479,4536,91,4536,6,4536,3,4536,3,1814,0,1.0279219999938505
3,0,,2026-07-28T19:29:51.244105,107437,4475,2398,4475,71,4475,3,4475,2,4475,4,1789,1,1.0277597999956924
3,0,,2026-07-28T19:29:52.272347,107044,4503,2357,4503,77,4503,6,4503,1,4503,2,1781,1,1.0279044000053545
3,0,,2026-07-28T19:29:53.300535,107560,4464,2358,4464,70,4464,3,4464,3,4464,4,1710,2,1.0278891000052681
3,0,,2026-07-28T19:29:54.328742,107854,4481,2341,4481,87,4481,7,4481,4,4481,1,1787,0,1.0278725999960443
3,0,,2026-07-28T19:29:55.358139,107156,4455,2378,4455,76,4455,3,4455,4,4455,3,1714,0,1.029008800003794
3,0,,2026-07-28T19:29:56.386598,108096,4472,2477,4472,70,4472,4,4472,2,4472,1,1804,2,1.0279958000028273
3,0,,2026-07-28T19:29:57.414370,107788,4380,2390,4380,74,4380,3,4380,1,4380,3,1819,1,1.0274657999980263
3,0,,2026-07-28T19:29:58.443299,107467,4484,2337,4484,59,4484,2,4484,1,4484,2,1733,0,1.0286403999925824
3,0,,2026-07-28T19:29:59.472278,107475,4342,2331,4342,72,4342,5,4342,3,4342,1,1743,0,1.0285874999972293
3,0,,2026-07-28T19:30:00.500307,107611,4448,2417,4448,78,4448,3,4448,6,4448,2,1827,1,1.0276716999942437
3,0,,2026-07-28T19:30:01.529536,107463,4515,2394,4515,72,4515,3,4515,4,4515,3,1814,2,1.0289043000084348
3,0,,2026-07-28T19:30:02.558619,108395,4474,2387,4474,79,4474,4,4474,2,4474,3,1806,2,1.028741899994202
3,0,,2026-07-28T19:30:03.587850,107846,4419,2371,4419,82,4419,2,4419,0,4419,2,1831,1,1.0288739999959944
3,0,,2026-07-28T19:30:04.614813,108236,4578,2451,4578,82,4578,4,4578,2,4578,1,1775,1,1.0266668999975082
3,0,,2026-07-28T19:30:05.643513,107006,4416,2333,4416,87,4416,0,4416,5,4416,3,1779,0,1.0284752000006847
3,0,,2026-07-28T19:30:06.671776,107866,4410,2406,4410,83,4410,4,4410,3,4410,2,1719,0,1.027891500008991
3,0,,2026-07-28T19:30:07.699112,107359,4457,2350,4457,79,4457,1,4457,2,4457,2,1804,0,1.0269917999976315
3,0,,2026-07-28T19:30:08.727876,107183,4427,2370,4427,95,4427,4,4427,3,4427,2,1736,2,1.0284663000056753
3,0,,2026-07-28T19:30:09.757031,107579,4420,2334,4420,83,4420,4,4420,0,4420,0,1804,0,1.028763499998604
3,0,,2026-07-28T19:30:10.785694,107483,4330,2368,4330,81,4330,3,4330,1,4330,3,1760,2,1.0283225000021048
3,0,,2026-07-28T19:30:11.812481,107408,4436,2351,4436,70,4436,4,4436,2,4436,4,1842,0,1.0264477000018815
3,0,,2026-07-28T19:30:12.842001,107725,4376,2353,4376,77,4376,2,4376,3,4376,0,1778,1,1.0292423000064446
3,0,,2026-07-28T19:30:13.870289,106768,4339,2269,4339,88,4339,5,4339,0,4339,0,1731,0,1.0279190000001108
3,0,,2026-07-28T19:30:14.898980,107298,4415,2328,4415,80,4415,6,4415,1,4415,1,1789,1,1.0283626000018558
3,0,,2026-07-28T19:30:15.927630,107630,4367,2286,4367,82,4367,4,4367,2,4367,3,1812,3,1.0283094999904279
3,0,,2026-07-28T19:30:16.957078,108205,4356,2349,4356,75,4356,3,4356,2,4356,0,1765,0,1.0290846999996575
3,0,,2026-07-28T19:30:17.985594,107704,4340,2269,4340,82,4340,2,4340,4,4340,0,1838,0,1.028115599998273
3,0,,2026-07-28T19:30:19.013806,107218,4349,2306,4349,99,4349,7,4349,2,4349,0,1806,0,1.0279537000023993
3,0,,2026-07-28T19:30:20.040500,107506,4444,2440,4444,75,4444,4,4444,4,4444,2,1823,0,1.0264721000130521
3,0,,2026-07-28T19:30:21.069351,107601,4375,2297,4375,82,4375,4,4375,2,4375,5,1721,2,1.0286549000011291
3,0,,2026-07-28T19:30:22.098400,107911,4377,2317,4377,80,4377,3,4377,2,4377,2,1805,1,1.0287220000027446
3,0,,2026-07-28T19:30:23.127745,107750,4411,2326,4411,66,4411,3,4411,3,4411,1,1759,0,1.0289996999927098
3,0,,2026-07-28T19:30:24.156431,107388,4454,2348,4454,80,4454,2,4454,1,4454,3,1805,0,1.0283075000043027
3,0,,2026-07-28T19:30:25.184565,107662,4563,2422,4563,76,4563,5,4563,1,4563,3,1788,0,1.0277986000000965
3,0,,2026-07-28T19:30:26.213584,107393,4439,2378,4439,84,4439,3,4439,1,4439,2,1818,0,1.0286415000009583
3,0,,2026-07-28T19:30:27.242146,107800,4384,2337,4384,71,4384,2,4384,2,4384,1,1720,0,1.028261300001759
3,0,,2026-07-28T19:30:28.269521,107879,4344,2309,4344,74,4344,2,4344,3,4344,4,1770,2,1.0269973999966169
3,0,,2026-07-28T19:30:29.297893,106937,4389,2333,4389,66,4390,1,4390,6,4390,2,1767,1,1.0280616999953054
3,0,,2026-07-28T19:30:30.327314,107302,4418,2325,4418,94,4417,3,4417,2,4417,1,1791,0,1.029110400006175
3,0,,2026-07-28T19:30:31.356603,107604,4411,2351,4411,95,4411,3,4411,3,4411,0,1780,0,1.0289166000002297
3,0,,2026-07-28T19:30:32.383110,107640,4397,2346,4397,60,4397,3,4397,3,4397,2,1779,0,1.0261419000016758
3,0,,2026-07-28T19:30:33.409828,108110,4421,2352,4421,77,4421,2,4421,4,4421,1,1794,0,1.02647579999757
3,0,,2026-07-28T19:30:34.436058,107043,4513,2429,4513,91,4513,7,4513,1,4513,1,1783,1,1.0261440000031143
3,0,,2026-07-28T19:30:35.464674,107054,4511,2399,4511,62,4511,1,4511,0,4511,2,1727,2,1.0283488999994006
3,0,,2026-07-28T19:30:36.492841,107703,4368,2308,4368,74,4368,5,4368,2,4368,1,1752,2,1.0278721999929985
3,0,,2026-07-28T19:30:37.521311,107281,4324,2291,4324,71,4324,5,4324,3,4324,0,1834,0,1.0281484000006458
3,0,,2026-07-28T19:30:38.549678,107628,4437,2282,4437,101,4437,3,4437,3,4437,0,1881,1,1.0279464000050211
3,0,,2026-07-28T19:30:39.577309,107636,4432,2343,4432,62,4432,0,4432,0,4432,2,1846,0,1.0272733000019798
3,0,,2026-07-28T19:30:40.605289,107434,4546,2340,4546,81,4546,3,4546,3,4546,2,1786,0,1.027629900010652
3,0,,2026-07-28T19:30:41.633798,107871,4520,2373,4520,92,4520,2,4520,1,4520,0,1790,0,1.028208200004883
3,0,,2026-07-28T19:30:42.662679,107412,4410,2356,4410,84,4410,3,4410,4,4410,2,1786,1,1.0285287000006065
3,0,,2026-07-28T19:30:43.689386,107877,4493,2385,4493,68,4493,1,4493,0,4493,2,1778,1,1.02647799999977
3,0,,2026-07-28T19:30:44.718194,107105,4332,2286,4332,81,4332,4,4332,2,4332,1,1724,1,1.0285428000061074
3,0,,2026-07-28T19:30:45.747324,107605,4394,2312,4394,77,4394,5,4394,1,4394,2,1810,0,1.0287477999954717
3,0,,2026-07-28T19:30:46.775403,107007,4371,2298,4371,70,4371,3,4371,2,4371,2,1834,2,1.0277659999992466
3,0,,2026-07-28T19:30:47.802707,107847,4449,2365,4449,76,4449,1,4449,3,4449,3,1812,2,1.0269413000060013
3,0,,2026-07-28T19:30:48.832545,107822,4356,2275,4356,84,4356,1,4356,1,4356,5,1806,1,1.0294788000028348
3,0,,2026-07-28T19:30:49.859634,107277,4456,2400,4456,60,4456,1,4456,2,4456,0,1759,0,1.0266741999948863
3,0,,2026-07-28T19:30:50.887834,107292,4298,2255,4298,74,4298,2,4298,3,4298,1,1745,2,1.0280112000036752
3,0,,2026-07-28T19:30:51.916011,107598,4331,2346,4331,79,4331,4,4331,4,4331,0,1774,0,1.027849399994011
3,0,,2026-07-28T19:30:52.943764,107553,4306,2295,4306,87,4306,3,4306,2,4306,2,1774,0,1.027350500007742
3,0,,2026-07-28T19:30:53.971821,106703,4400,2351,4400,72,4400,2,4400,2,4400,1,1843,1,1.027763199992478
3,0,,2026-07-28T19:30:55.000065,107413,4430,2350,4430,65,4430,1,4430,1,4430,3,1801,0,1.0278662000055192
3,0,,2026-07-28T19:30:56.028613,107657,4451,2391,4451,74,4451,3,4451,6,4451,4,1766,0,1.0281843999982812
3,0,,2026-07-28T19:30:57.057908,107205,4402,2380,4402,82,4402,1,4402,0,4402,2,1830,2,1.0289043999946443
3,0,,2026-07-28T19:30:58.085800,107418,4435,2341,4435,66,4435,3,4435,3,4435,0,1836,2,1.027660100007779
3,0,,2026-07-28T19:30:59.114535,107342,4318,2275,4318,74,4318,3,4318,1,4318,2,1725,1,1.0283855999878142
3,0,,2026-07-28T19:31:00.141015,107428,4441,2392,4441,79,4441,4,4441,2,4441,3,1791,0,1.0261769000062486
3,0,,2026-07-28T19:31:01.169917,107112,4406,2260,4406,72,4406,7,4406,0,4406,0,1793,0,1.0287177999998676
3,0,,2026-07-28T19:31:02.199286,108231,4411,2334,4411,87,4411,1,4411,1,4411,3,1759,1,1.0290059000108158
3,0,,2026-07-28T19:31:03.227493,106607,4392,2321,4392,96,4392,5,4392,3,4392,2,1793,2,1.0278478999971412
3,0,,2026-07-28T19:31:04.255205,107686,4505,2464,4505,61,4505,2,4505,5,4505,4,1805,1,1.0273459000018192
3,0,,2026-07-28T19:31:05.283943,107544,4306,2311,4306,63,4306,1,4306,1,4306,3,1799,0,1.0283650999917882
3,0,,2026-07-28T19:31:06.313048,107535,4478,2363,4478,79,4478,2,4478,3,4478,1,1752,0,1.0287220000027446
3,0,,2026-07-28T19:31:07.342208,107756,4479,2388,4479,95,4479,3,4479,0,4479,2,1755,1,1.0288409000058891
3,0,,2026-07-28T19:31:08.371012,107737,4395,2389,4395,84,4395,4,4395,2,4395,3,1801,1,1.02844679998816
3,0,,2026-07-28T19:31:09.399277,108023,4428,2353,4428,101,4428,1,4428,4,4428,2,1782,0,1.027879999994184
3,0,,2026-07-28T19:31:10.427387,107603,4382,2332,4382,87,4382,2,4382,5,4382,5,1746,3,1.02781149999646
3,0,,2026-07-28T19:31:11.455889,107305,4390,2341,4390,97,4390,4,4390,0,4390,0,1728,0,1.0281885000003967
3,0,,2026-07-28T19:31:12.482638,107756,4476,2368,4476,82,4476,2,4476,2,4476,3,1796,1,1.0264017000008607
3,0,,2026-07-28T19:31:13.511078,107097,4383,2312,4383,70,4383,2,4383,2,4383,0,1778,0,1.0282011999952374
3,0,,2026-07-28T19:31:14.539707,107300,4442,2349,4442,83,4442,1,4442,1,4442,0,1785,0,1.0282264999987092
3,0,,2026-07-28T19:31:15.567258,107257,4503,2394,4503,79,4503,2,4503,2,4503,1,1850,0,1.0272028000035789
3,0,,2026-07-28T19:31:16.595019,107617,4420,2408,4420,70,4420,6,4420,1,4420,5,1780,0,1.0274738000007346
3,0,,2026-07-28T19:31:17.624055,107261,4394,2400,4394,85,4394,6,4394,3,4394,1,1758,0,1.0286383000056958
3,0,,2026-07-28T19:31:18.653012,107265,4475,2356,4475,92,4475,3,4475,1,4475,3,1740,0,1.0285789000045042
3,0,,2026-07-28T19:31:19.681306,107802,4335,2360,4335,82,4335,5,4335,1,4335,3,1758,2,1.0279788999905577
3,0,,2026-07-28T19:31:20.707699,107501,4432,2341,4432,75,4432,5,4432,1,4432,3,1809,0,1.026126300013857
3,0,,2026-07-28T19:31:21.735346,107581,4506,2378,4506,80,4506,4,4506,3,4506,3,1768,0,1.027457600008347
3,0,,2026-07-28T19:31:22.763496,107755,4378,2292,4378,69,4378,3,4378,1,4378,1,1831,1,1.0278834999917308
3,0,,2026-07-28T19:31:23.789763,107450,4338,2312,4338,69,4338,3,4338,1,4338,2,1805,1,1.0260421999992104
3,0,,2026-07-28T19:31:24.815898,106819,4426,2317,4426,65,4426,6,4426,1,4426,3,1735,1,1.0260414000076707
3,0,,2026-07-28T19:31:25.842890,107167,4319,2277,4319,79,4319,4,4319,3,4319,0,1755,0,1.0268788999965182
3,0,,2026-07-28T19:31:26.869413,107516,4401,2321,4401,70,4401,5,4401,1,4401,2,1725,0,1.0262688000075286
3,0,,2026-07-28T19:31:27.898475,107302,4479,2308,4479,76,4479,1,4479,3,4479,1,1823,1,1.0287912000057986
3,0,,2026-07-28T19:31:28.926567,107918,4440,2413,4440,83,4440,1,4440,5,4440,2,1855,2,1.0277804999932414
3,0,,2026-07-28T19:31:29.954802,107128,4291,2271,4291,72,4291,1,4291,3,4291,0,1832,0,1.027858000001288
3,0,,2026-07-28T19:31:30.982885,107735,4332,2255,4332,70,4332,2,4332,4,4332,1,1759,1,1.0277492999884998
3,0,,2026-07-28T19:31:32.010057,107503,4336,2320,4336,77,4336,4,4336,1,4336,0,1751,0,1.0268300999887288
3,0,,2026-07-28T19:31:33.038627,107070,4228,2226,4228,71,4228,3,4228,3,4228,1,1803,1,1.0282338000106392
3,0,,2026-07-28T19:31:34.067714,107514,4448,2413,4448,75,4448,5,4448,5,4448,2,1850,0,1.0287477999954717
3,0,,2026-07-28T19:31:35.096724,107654,4491,2362,4491,81,4491,2,4491,4,4491,2,1772,0,1.0286548000003677
3,0,,2026-07-28T19:31:36.125638,107340,4361,2338,4361,102,4361,5,4361,2,4361,2,1802,1,1.0285708000010345
3,0,,2026-07-28T19:31:37.154813,107658,4435,2385,4435,82,4435,4,4435,2,4435,4,1713,1,1.0288332000054652
3,0,,2026-07-28T19:31:38.183494,107704,4410,2368,4410,78,4410,4,4410,2,4410,2,1811,0,1.0283302000025287
3,0,,2026-07-28T19:31:39.212086,107807,4445,2360,4445,79,4445,3,4445,3,4445,2,1745,1,1.0282781999994768
3,0,,2026-07-28T19:31:40.241199,107119,4502,2385,4502,98,4502,4,4502,2,4502,2,1782,2,1.0287334000022383
3,0,,2026-07-28T19:31:41.270085,107626,4437,2350,4437,80,4437,6,4437,2,4437,1,1738,0,1.0285007000056794
3,0,,2026-07-28T19:31:42.297741,107280,4495,2364,4495,77,4495,3,4495,1,4495,2,1795,1,1.0273642000101972
3,0,,2026-07-28T19:31:43.327788,107193,4341,2289,4341,66,4341,6,4341,4,4341,1,1786,0,1.0297798000101466
3,0,,2026-07-28T19:31:44.356100,107634,4488,2332,4488,82,4488,3,4488,3,4488,4,1785,2,1.0279336999956286
3,0,,2026-07-28T19:31:45.384952,106879,4306,2278,4306,77,4306,1,4306,4,4306,1,1761,0,1.0285045000055106
3,0,,2026-07-28T19:31:46.413293,107673,4499,2365,4499,88,4499,2,4499,5,4499,1,1840,0,1.0280058000062127
3,0,,2026-07-28T19:31:47.441735,107696,4413,2359,4413,85,4413,3,4413,3,4413,1,1736,2,1.0281598000001395
3,0,,2026-07-28T19:31:48.471263,107222,4379,2354,4379,70,4379,0,4379,1,4379,3,1794,1,1.0291523000050802
3,0,,2026-07-28T19:31:49.499036,108203,4422,2326,4422,77,4422,5,4422,2,4422,1,1783,0,1.027423399995314
3,0,,2026-07-28T19:31:50.528055,107253,4330,2269,4330,83,4330,6,4330,2,4330,0,1783,1,1.0288244999974268
3,0,,2026-07-28T19:31:51.555829,107655,4351,2362,4351,87,4351,3,4351,3,4351,3,1866,0,1.0274655999965034
3,0,,2026-07-28T19:31:52.584268,107076,4470,2374,4470,95,4470,3,4470,3,4470,2,1776,0,1.02815090000513
3,0,,2026-07-28T19:31:53.612867,107836,4437,2355,4437,71,4437,2,4437,3,4437,1,1751,0,1.0281940999993822
3,0,,2026-07-28T19:31:54.641777,108315,4457,2388,4457,93,4457,2,4457,6,4457,2,1698,0,1.028590299989446
3,0,,2026-07-28T19:31:55.671029,107468,4438,2363,4438,84,4438,2,4438,6,4438,3,1796,1,1.0288627999980235
3,0,,2026-07-28T19:31:56.699155,107516,4287,2274,4287,60,4287,0,4287,6,4287,1,1741,1,1.0277286000055028
3,0,,2026-07-28T19:31:57.727943,108374,4358,2311,4358,85,4358,3,4358,2,4358,1,1800,1,1.0284839000087231
3,0,,2026-07-28T19:31:58.756470,107464,4388,2325,4388,103,4388,4,4388,2,4388,5,1737,0,1.028184599999804
3,0,,2026-07-28T19:31:59.785814,107943,4437,2305,4437,78,4437,2,4437,2,4437,3,1821,1,1.028953699991689
3,0,,2026-07-28T19:32:00.813968,107686,4448,2371,4449,78,4449,1,4449,2,4449,1,1711,0,1.0278694000007818
3,0,,2026-07-28T19:32:01.842457,107275,4495,2345,4494,88,4494,2,4494,1,4494,2,1784,0,1.0281354000035208
3,0,,2026-07-28T19:32:02.871252,108228,4504,2382,4504,78,4504,3,4504,5,4504,2,1788,0,1.0284434000059264
3,0,,2026-07-28T19:32:03.899627,107198,4477,2382,4477,87,4477,3,4477,3,4477,0,1780,0,1.0281156999990344
3,0,,2026-07-28T19:32:04.925906,107642,4524,2417,4524,91,4524,2,4524,4,4524,1,1793,1,1.0259962999989511
3,0,,2026-07-28T19:32:05.953928,107424,4509,2398,4509,84,4509,6,4509,3,4509,0,1783,2,1.027769200009061
3,0,,2026-07-28T19:32:06.981220,107780,4562,2404,4562,73,4562,5,4562,4,4562,5,1729,1,1.0270240000099875
3,0,,2026-07-28T19:32:08.010431,107143,4337,2277,4337,69,4337,3,4337,1,4337,0,1812,0,1.0289486999972723
3,0,,2026-07-28T19:32:09.039424,108123,4501,2408,4501,68,4501,6,4501,6,4501,3,1825,1,1.0286380000034114
3,0,,2026-07-28T19:32:10.067640,107231,4484,2412,4484,73,4484,3,4484,3,4484,1,1756,1,1.0278970999934245
3,0,,2026-07-28T19:32:11.097235,107131,4356,2295,4356,99,4356,2,4356,1,4356,2,1816,0,1.0292573999904562
3,0,,2026-07-28T19:32:12.125917,107589,4540,2399,4540,98,4540,2,4540,4,4540,1,1744,0,1.0283321999886539
3,0,,2026-07-28T19:32:13.153406,107654,4463,2296,4463,86,4463,2,4463,5,4463,0,1742,1,1.0271352999989176
3,0,,2026-07-28T19:32:14.181421,107075,4368,2341,4368,82,4368,1,4368,0,4368,3,1794,1,1.0277054000034695
3,0,,2026-07-28T19:32:15.208996,107207,4539,2390,4539,90,4539,7,4539,3,4539,3,1868,2,1.0272166000067955
3,0,,2026-07-28T19:32:16.235777,107306,4454,2389,4454,76,4454,4,4454,1,4454,2,1810,1,1.026543700005277
3,0,,2026-07-28T19:32:17.262902,107583,4454,2363,4454,80,4454,3,4454,1,4454,2,1713,0,1.0269063000014285
3,0,,2026-07-28T19:32:18.289092,107338,4399,2336,4399,84,4399,4,4399,3,4399,1,1813,0,1.0260960000014165
3,0,,2026-07-28T19:32:19.314862,107550,4386,2293,4386,78,4386,2,4386,0,4386,1,1821,0,1.0256493000051705
3,0,,2026-07-28T19:32:20.341961,107418,4289,2293,4289,59,4289,7,4289,4,4289,4,1703,1,1.026867400010815
3,0,,2026-07-28T19:32:21.368715,106977,4488,2349,4488,68,4488,5,4488,1,4488,0,1733,1,1.0265031000017188
3,0,,2026-07-28T19:32:22.397668,107443,4364,2310,4364,75,4364,4,4364,1,4364,0,1860,0,1.0287381999951322
3,0,,2026-07-28T19:32:23.425849,108080,4432,2326,4432,63,4432,2,4432,1,4432,2,1793,2,1.0278620000026422
3,0,,2026-07-28T19:32:24.454366,107674,4476,2371,4476,81,4476,5,4476,4,4476,5,1790,0,1.0281736000033561
3,0,,2026-07-28T19:32:25.482356,107721,4445,2381,4445,101,4445,4,4445,2,4445,2,1792,0,1.0276486999937333
3,0,,2026-07-28T19:32:26.511045,107568,4416,2305,4416,80,4416,3,4416,4,4416,2,1781,3,1.0284393000038108
3,0,,2026-07-28T19:32:27.539095,107756,4462,2301,4462,86,4462,3,4462,2,4462,2,1735,1,1.0276943999924697
3,0,,2026-07-28T19:32:28.567154,107442,4500,2383,4500,86,4500,3,4500,1,4500,1,1716,1,1.0277759000018705
3,0,,2026-07-28T19:32:29.595425,107976,4451,2359,4451,77,4451,3,4451,2,4451,5,1767,0,1.0279301999980817
3,0,,2026-07-28T19:32:30.624776,107280,4536,2387,4536,79,4536,1,4536,5,4536,2,1778,4,1.028985900004045
3,0,,2026-07-28T19:32:31.654243,107359,4449,2334,4449,76,4449,3,4449,2,4449,2,1768,1,1.0291132999991532
3,0,,2026-07-28T19:32:32.682821,107908,4349,2358,4349,66,4349,3,4349,2,4349,0,1870,1,1.0283225000021048
3,0,,2026-07-28T19:32:33.710163,107102,4470,2412,4470,85,4470,1,4470,2,4470,0,1772,0,1.0270366000040667
3,0,,2026-07-28T19:32:34.738825,107252,4377,2302,4377,76,4377,1,4377,4,4377,1,1835,1,1.028382899996359
3,0,,2026-07-28T19:32:35.767377,107959,4370,2309,4370,84,4370,4,4370,1,4370,2,1761,0,1.028207499999553
3,0,,2026-07-28T19:32:36.795982,107614,4320,2237,4320,75,4320,4,4320,1,4320,3,1731,1,1.0282471999962581
3,0,,2026-07-28T19:32:37.825164,107712,4399,2345,4399,65,4399,2,4399,2,4399,2,1771,3,1.0288111999980174
3,0,,2026-07-28T19:32:38.853022,107483,4262,2214,4262,102,4262,5,4262,2,4262,3,1829,0,1.0275147999927867
3,0,,2026-07-28T19:32:39.880356,107405,4512,2385,4512,70,4512,2,4512,2,4512,3,1779,0,1.0270875999995042
3,0,,2026-07-28T19:32:40.908406,107529,4541,2398,4541,82,4541,1,4541,3,4541,2,1808,1,1.0277744000050006
3,0,,2026-07-28T19:32:41.937079,107187,4334,2304,4334,76,4334,2,4334,3,4334,2,1827,0,1.0283070000004955
3,0,,2026-07-28T19:32:42.965990,107738,4399,2356,4399,71,4399,1,4399,2,4399,1,1754,1,1.0285307000012835
3,0,,2026-07-28T19:32:43.994639,107525,4346,2310,4346,69,4346,4,4346,2,4346,1,1812,1,1.0282942000048934
3,0,,2026-07-28T19:32:45.021710,106839,4469,2352,4469,85,4469,4,4469,4,4469,1,1788,2,1.0267415999987861
3,0,,2026-07-28T19:32:46.049198,107467,4353,2293,4353,64,4353,4,4353,2,4353,1,1787,0,1.0272623999917414
3,0,,2026-07-28T19:32:47.077554,107609,4470,2378,4470,78,4470,2,4470,1,4470,2,1757,1,1.0280911000008928
3,0,,2026-07-28T19:32:48.105963,107731,4427,2306,4427,80,4427,2,4427,2,4427,1,1723,0,1.0280533000041032
3,0,,2026-07-28T19:32:49.135115,107652,4469,2384,4469,70,4469,0,4469,4,4469,3,1802,1,1.028764200003934
3,0,,2026-07-28T19:32:50.163506,107217,4445,2346,4445,74,4445,3,4445,0,4445,2,1836,1,1.0280297999997856
3,0,,2026-07-28T19:32:51.192679,107758,4458,2442,4458,91,4458,3,4458,4,4458,0,1779,1,1.028804699992179
3,0,,2026-07-28T19:32:52.221997,107779,4333,2221,4333,90,4333,3,4333,1,4333,2,1793,1,1.0289838999888161
3,0,,2026-07-28T19:32:53.251044,107627,4387,2335,4387,79,4387,1,4387,1,4387,4,1729,1,1.028652000008151
3,0,,2026-07-28T19:32:54.280072,107322,4446,2326,4446,83,4446,5,4446,5,4446,3,1810,0,1.0286244000017177
3,0,,2026-07-28T19:32:55.309395,107732,4501,2338,4501,89,4501,2,4501,3,4501,2,1759,0,1.028936300004716
3,0,,2026-07-28T19:32:56.338455,107501,4355,2262,4355,74,4355,4,4355,3,4355,1,1785,0,1.028723200011882
3,0,,2026-07-28T19:32:57.366053,107249,4418,2311,4418,74,4418,3,4418,2,4418,2,1772,0,1.0272570999950403
3,0,,2026-07-28T19:32:58.394502,107723,4367,2392,4367,78,4367,3,4367,3,4367,4,1859,1,1.0281161000020802
3,0,,2026-07-28T19:32:59.423836,107367,4307,2211,4307,79,4307,5,4307,0,4307,0,1656,0,1.0289781000028597
3,0,,2026-07-28T19:33:00.452566,107238,4428,2328,4428,76,4428,6,4428,5,4428,0,1788,1,1.028382700009388
3,0,,2026-07-28T19:33:01.481566,108003,4409,2292,4409,87,4409,8,4409,0,4409,5,1732,2,1.028601300000446
3,0,,2026-07-28T19:33:02.511439,107262,4379,2357,4379,81,4379,4,4379,2,4379,4,1813,1,1.0294634000019869
3,0,,2026-07-28T19:33:03.539846,108603,4490,2394,4490,90,4490,2,4490,2,4490,1,1844,0,1.0281226999941282
3,0,,2026-07-28T19:33:04.569060,107739,4523,2428,4523,71,4523,6,4523,3,4523,3,1843,0,1.0288776999950642
3,0,,2026-07-28T19:33:05.598580,107487,4419,2339,4419,90,4419,4,4419,5,4419,1,1889,0,1.029144300002372
3,0,,2026-07-28T19:33:06.626153,108210,4482,2327,4482,79,4482,6,4482,1,4482,3,1805,0,1.027194199996302
3,0,,2026-07-28T19:33:07.652415,106987,4423,2355,4423,76,4423,5,4423,1,4423,3,1856,1,1.025968500005547
3,0,,2026-07-28T19:33:08.679073,107377,4482,2319,4482,85,4482,7,4482,1,4482,0,1821,1,1.0264515000017127
3,0,,2026-07-28T19:33:09.705900,107415,4388,2324,4388,89,4388,8,4388,3,4388,1,1744,2,1.026574100003927
3,0,,2026-07-28T19:33:10.734852,107571,4390,2365,4390,66,4390,3,4390,1,4390,2,1806,0,1.0286143999983324
3,0,,2026-07-28T19:33:11.763758,107357,4429,2304,4429,84,4429,5,4429,1,4429,2,1802,0,1.0285679000080563
3,0,,2026-07-28T19:33:12.792377,107628,4433,2378,4433,72,4433,5,4433,4,4433,2,1865,0,1.0282542000059038
3,0,,2026-07-28T19:33:13.820947,107246,4523,2385,4523,89,4523,2,4523,3,4523,2,1802,1,1.0281493000074988
3,0,,2026-07-28T19:33:14.849995,107199,4405,2275,4405,78,4405,5,4405,5,4405,1,1824,0,1.028704700001981
3,0,,2026-07-28T19:33:15.877512,107884,4468,2381,4468,77,4468,2,4468,3,4468,4,1780,3,1.0271756000001915
3,0,,2026-07-28T19:33:16.905652,107396,4440,2329,4440,75,4440,5,4440,5,4440,1,1795,0,1.0279190000001108
3,0,,2026-07-28T19:33:17.934345,107509,4347,2265,4347,82,4347,4,4347,4,4347,1,1854,2,1.0283867999969516
3,0,,2026-07-28T19:33:18.962490,107539,4360,2288,4360,71,4360,1,4360,3,4360,1,1790,2,1.0278546000045026
3,0,,2026-07-28T19:33:19.989744,107185,4441,2402,4441,80,4441,3,4441,3,4441,0,1792,3,1.026877100011916
3,0,,2026-07-28T19:33:21.018613,107734,4402,2321,4402,81,4402,5,4402,1,4402,3,1820,0,1.028687500001979
3,0,,2026-07-28T19:33:22.045772,107231,4350,2317,4350,76,4350,5,4350,1,4350,2,1757,1,1.026818700003787
3,0,,2026-07-28T19:33:23.073598,107293,4347,2330,4347,85,4347,2,4347,2,4347,1,1737,2,1.027583399991272
3,0,,2026-07-28T19:33:24.100121,107364,4419,2342,4419,74,4419,3,4419,0,4419,3,1759,0,1.0262146999884862
3,0,,2026-07-28T19:33:25.126428,106842,4425,2296,4425,80,4425,0,4425,2,4425,2,1805,1,1.0261046000086935
3,0,,2026-07-28T19:33:26.153163,106984,4474,2380,4474,78,4474,3,4474,0,4474,1,1733,1,1.0265234999969834
3,0,,2026-07-28T19:33:27.182600,106986,4424,2353,4424,87,4424,3,4424,4,4424,0,1788,0,1.029163700004574
3,0,,2026-07-28T19:33:28.211521,107217,4457,2370,4457,62,4457,5,4457,1,4457,2,1696,2,1.0285579999908805
3,0,,2026-07-28T19:33:29.238680,107187,4528,2420,4528,83,4528,6,4528,1,4528,2,1769,0,1.0268439000064973
3,0,,2026-07-28T19:33:30.268022,107805,4480,2346,4480,77,4480,8,4480,3,4480,2,1812,1,1.0289951000013389
3,0,,2026-07-28T19:33:31.297171,107897,4455,2300,4455,77,4455,2,4455,1,4455,2,1724,0,1.0288296999933664
3,0,,2026-07-28T19:33:32.326544,107505,4316,2294,4316,79,4316,7,4316,2,4316,2,1836,0,1.0290282999922056
3,0,,2026-07-28T19:33:33.355962,107340,4502,2358,4502,80,4502,1,4502,3,4502,5,1751,1,1.0290755000023637
3,0,,2026-07-28T19:33:34.384897,107537,4312,2321,4312,72,4312,5,4312,2,4312,3,1791,0,1.0285349999903701
3,0,,2026-07-28T19:33:35.414306,107601,4414,2334,4414,90,4414,2,4414,4,4414,3,1794,0,1.029059500011499
3,0,,2026-07-28T19:33:36.443226,107878,4358,2314,4358,70,4358,2,4358,0,4358,1,1837,0,1.028516899998067
3,0,,2026-07-28T19:33:37.471954,107613,4559,2431,4559,69,4559,2,4559,4,4559,5,1737,1,1.0284154999972088
3,0,,2026-07-28T19:33:38.500534,107294,4378,2316,4378,85,4378,6,4378,3,4378,3,1784,1,1.0281897999957437
3,0,,2026-07-28T19:33:39.529347,108010,4344,2288,4344,83,4344,3,4344,1,4344,1,1775,1,1.0284797999920556
3,0,,2026-07-28T19:33:40.557859,108063,4476,2334,4476,86,4476,2,4476,4,4476,3,1819,0,1.0281334000028437
3,0,,2026-07-28T19:33:41.586405,107479,4282,2262,4282,72,4282,3,4282,2,4282,2,1811,0,1.0281314000021666
3,0,,2026-07-28T19:33:42.615182,106917,4371,2345,4371,80,4371,3,4371,4,4371,1,1745,0,1.0284964999882504
3,0,,2026-07-28T19:33:43.643864,107577,4539,2409,4539,95,4539,5,4539,2,4539,0,1814,1,1.0283570000028703
3,0,,2026-07-28T19:33:44.670586,107448,4468,2381,4468,79,4468,5,4468,4,4468,1,1786,0,1.026485499998671
3,0,,2026-07-28T19:33:45.697697,107094,4431,2325,4431,61,4431,1,4431,4,4431,0,1699,0,1.0268687999923714
3,0,,2026-07-28T19:33:46.724141,107119,4261,2320,4261,73,4261,1,4261,2,4261,2,1688,1,1.0262125999870477
3,0,,2026-07-28T19:33:47.751757,107552,4362,2299,4362,86,4362,2,4362,1,4362,1,1780,0,1.0273848999931943
3,0,,2026-07-28T19:33:48.779095,107754,4428,2290,4428,87,4428,1,4428,6,4428,2,1796,0,1.0271482999960426
3,0,,2026-07-28T19:33:49.806327,107100,4414,2341,4414,76,4414,5,4414,0,4414,1,1713,0,1.0269461999996565
3,0,,2026-07-28T19:33:50.833285,107152,4448,2346,4448,89,4448,3,4448,3,4448,2,1837,1,1.026659800001653
3,0,,2026-07-28T19:33:51.860864,107480,4367,2295,4367,64,4367,1,4367,4,4367,3,1723,0,1.027317400003085
3,0,,2026-07-28T19:33:52.887302,107586,4532,2409,4532,82,4532,1,4532,2,4532,5,1774,0,1.0262355000013486
3,0,,2026-07-28T19:33:53.914939,106954,4407,2340,4407,71,4407,3,4407,3,4407,2,1812,1,1.027461100005894
3,0,,2026-07-28T19:33:54.943627,107199,4344,2262,4344,68,4344,6,4344,3,4344,3,1773,1,1.0284098999982234
3,0,,2026-07-28T19:33:55.972670,107944,4436,2351,4436,100,4436,8,4436,5,4436,0,1741,1,1.0286435000016354
3,0,,2026-07-28T19:33:57.001434,108079,4420,2370,4420,82,4420,3,4420,4,4420,2,1758,0,1.028373900000588
3,0,,2026-07-28T19:33:58.029540,107726,4381,2357,4381,77,4381,2,4381,2,4381,4,1815,2,1.0277375000005122
3,0,,2026-07-28T19:33:59.057880,107319,4427,2288,4427,66,4427,2,4427,1,4427,0,1780,0,1.0280585000000428
3,0,,2026-07-28T19:34:00.085017,107905,4282,2268,4282,57,4282,2,4282,1,4282,1,1804,1,1.026784099987708
3,0,,2026-07-28T19:34:01.113243,106993,4418,2317,4418,87,4418,5,4418,1,4418,2,1855,0,1.027709899994079
3,0,,2026-07-28T19:34:02.176607,110637,4589,2418,4589,75,4589,4,4589,2,4589,2,1942,1,1.028003200000967
3,0,,2026-07-28T19:34:03.204818,107838,4367,2264,4367,82,4367,0,4367,2,4367,4,1727,0,1.0278577999997651
3,0,,2026-07-28T19:34:04.234350,107851,4396,2349,4396,79,4396,3,4396,4,4396,4,1751,1,1.0292000000044936
3,0,,2026-07-28T19:34:05.263402,107473,4514,2388,4514,85,4514,6,4514,1,4514,1,1796,0,1.0286397000018042
3,0,,2026-07-28T19:34:06.292412,107816,4393,2299,4393,79,4393,5,4393,0,4393,5,1774,1,1.0286140000098385
3,0,,2026-07-28T19:34:07.321644,107158,4322,2318,4322,61,4322,2,4322,1,4322,1,1752,0,1.0288805000018328
3,0,,2026-07-28T19:34:08.350609,107143,4390,2274,4390,73,4390,4,4390,2,4390,4,1846,0,1.028591200010851
3,0,,2026-07-28T19:34:09.379421,107312,4416,2337,4416,70,4416,2,4416,2,4416,2,1732,0,1.0284308999980567
3,0,,2026-07-28T19:34:10.407695,107782,4355,2317,4355,77,4355,3,4355,0,4355,0,1769,2,1.02785140000924
3,0,,2026-07-28T19:34:11.436319,107053,4421,2342,4421,82,4421,3,4421,5,4421,4,1804,2,1.0283778000011807
3,0,,2026-07-28T19:34:12.464126,107408,4561,2450,4561,76,4561,3,4561,1,4561,1,1832,0,1.0274633999943035
3,0,,2026-07-28T19:34:13.492724,108223,4531,2438,4531,89,4531,2,4531,4,4531,3,1751,0,1.0282815000100527
3,0,,2026-07-28T19:34:14.521568,107579,4385,2359,4385,73,4385,4,4385,3,4385,4,1806,1,1.0284542000008514
3,0,,2026-07-28T19:34:15.549835,107859,4390,2340,4390,75,4390,6,4390,1,4390,2,1765,2,1.0278566000051796
3,0,,2026-07-28T19:34:16.578340,107631,4505,2404,4505,96,4505,2,4505,3,4505,1,1772,0,1.0281520999997156
3,0,,2026-07-28T19:34:17.607108,107182,4394,2267,4394,76,4394,2,4394,1,4394,1,1784,0,1.028430299993488
3,0,,2026-07-28T19:34:18.636041,107661,4429,2307,4429,80,4429,1,4429,3,4429,1,1633,1,1.0285702999972273
3,0,,2026-07-28T19:34:19.663322,106869,4492,2373,4492,79,4492,3,4492,2,4492,2,1801,1,1.0269389000022784
3,0,,2026-07-28T19:34:20.691647,108179,4332,2322,4332,81,4332,2,4332,5,4332,1,1736,0,1.028043999991496
3,0,,2026-07-28T19:34:21.720432,107245,4398,2326,4398,91,4398,4,4398,2,4398,1,1852,0,1.0284332000010181
3,0,,2026-07-28T19:34:22.749973,107771,4423,2350,4423,84,4423,2,4423,2,4423,1,1786,2,1.0291360999981407
3,0,,2026-07-28T19:34:23.778082,107437,4410,2358,4410,93,4410,7,4410,3,4410,2,1781,3,1.0277807000093162
3,0,,2026-07-28T19:34:24.806515,106970,4367,2324,4367,73,4367,2,4367,4,4367,1,1770,1,1.0280683000019053
3,0,,2026-07-28T19:34:25.834950,107027,4551,2351,4551,91,4551,9,4551,3,4551,0,1762,0,1.0280589000030886
3,0,,2026-07-28T19:34:26.862867,107700,4357,2226,4357,76,4357,1,4357,2,4357,2,1788,0,1.0275914000085322
3,0,,2026-07-28T19:34:27.891544,106930,4356,2297,4356,70,4356,3,4356,3,4356,1,1720,3,1.028440900001442
3,0,,2026-07-28T19:34:28.920082,107498,4357,2275,4357,77,4357,4,4357,5,4357,2,1820,0,1.0281724999949802
3,0,,2026-07-28T19:34:29.948500,107707,4416,2362,4416,78,4416,3,4416,2,4416,3,1786,1,1.028072400004021
3,0,,2026-07-28T19:34:30.976898,107321,4494,2335,4494,74,4494,4,4494,0,4494,1,1836,1,1.028066699989722
3,0,,2026-07-28T19:34:32.004715,107715,4340,2351,4340,88,4340,6,4340,0,4340,1,1782,0,1.0275191999971867
3,0,,2026-07-28T19:34:33.033119,107847,4488,2408,4488,80,4488,1,4488,2,4488,3,1812,1,1.0280663000012282
3,0,,2026-07-28T19:34:34.062385,107903,4371,2322,4371,80,4371,6,4371,1,4371,2,1846,1,1.028918900003191
3,0,,2026-07-28T19:34:35.091550,107360,4521,2411,4521,78,4521,1,4521,2,4521,0,1790,1,1.0288237999920966
3,0,,2026-07-28T19:34:36.120131,107714,4465,2381,4465,81,4465,3,4465,2,4465,4,1730,0,1.0282045000058133
3,0,,2026-07-28T19:34:37.148738,107528,4364,2310,4364,84,4364,4,4364,3,4364,1,1803,0,1.0282404999888968
3,0,,2026-07-28T19:34:38.177173,107067,4394,2345,4394,82,4394,3,4394,1,4394,0,1750,0,1.028148899989901
3,0,,2026-07-28T19:34:39.206646,107674,4521,2483,4521,71,4521,5,4521,2,4521,4,1758,0,1.029212200010079
3,0,,2026-07-28T19:34:40.234645,107112,4309,2284,4309,71,4309,1,4309,6,4309,1,1829,1,1.0276591000001645
3,0,,2026-07-28T19:34:41.263496,108270,4497,2361,4497,95,4497,4,4497,1,4497,4,1756,2,1.0285273999907076
3,0,,2026-07-28T19:34:42.290862,107426,4430,2314,4430,73,4430,3,4430,7,4430,4,1864,0,1.027021700007026
3,0,,2026-07-28T19:34:43.319369,107279,4503,2356,4503,83,4503,4,4503,4,4503,6,1802,0,1.0281341999943834
3,0,,2026-07-28T19:34:44.348409,107699,4595,2461,4595,76,4595,4,4595,1,4595,5,1748,2,1.0285641999944346
3,0,,2026-07-28T19:34:45.377437,107664,4440,2380,4440,78,4440,1,4440,5,4440,3,1838,1,1.0286927999986801
3,0,,2026-07-28T19:34:46.406250,107492,4488,2389,4488,89,4488,8,4488,6,4488,1,1719,0,1.028443300005165
3,0,,2026-07-28T19:34:47.433777,107158,4395,2277,4395,88,4395,6,4395,3,4395,1,1810,2,1.027147500004503
3,0,,2026-07-28T19:34:48.460233,107244,4445,2394,4445,72,4445,1,4445,4,4445,2,1846,1,1.0261541000072611
3,0,,2026-07-28T19:34:49.487156,107567,4391,2320,4391,84,4391,4,4391,2,4391,2,1778,1,1.0266330000013113
3,0,,2026-07-28T19:34:50.514121,107482,4391,2307,4391,86,4391,3,4391,2,4391,2,1770,1,1.026870300003793
3,0,,2026-07-28T19:34:51.544941,107520,4420,2335,4420,75,4420,1,4420,0,4420,1,1703,0,1.0306827000022167
3,0,,2026-07-28T19:34:52.576195,108099,4372,2379,4372,67,4372,4,4372,3,4372,0,1811,1,1.0277621999994153
3,0,,2026-07-28T19:34:53.605181,107543,4334,2361,4334,76,4334,3,4334,0,4334,2,1755,1,1.028740599998855
3,0,,2026-07-28T19:34:54.632408,107912,4394,2329,4394,69,4394,6,4394,3,4394,4,1790,1,1.02689539999119
3,0,,2026-07-28T19:34:55.661147,107747,4378,2354,4378,68,4378,3,4378,4,4378,4,1803,1,1.0284956999967108
3,0,,2026-07-28T19:34:56.689252,107557,4378,2319,4378,67,4378,5,4378,3,4378,1,1859,0,1.0278098000126192
3,0,,2026-07-28T19:34:57.718314,107636,4340,2320,4340,69,4340,2,4340,4,4340,3,1783,0,1.0287389000004623
3,0,,2026-07-28T19:34:58.745699,107074,4425,2322,4425,68,4425,1,4425,2,4425,0,1770,1,1.02697010000702
3,0,,2026-07-28T19:34:59.774215,107438,4409,2326,4409,69,4409,4,4409,1,4409,0,1730,0,1.0281361999950605
3,0,,2026-07-28T19:35:00.801984,107025,4420,2365,4420,68,4420,2,4420,0,4420,0,1737,0,1.027465299994219
3,0,,2026-07-28T19:35:01.830912,107709,4550,2381,4550,84,4550,2,4550,0,4550,5,1741,0,1.0285973999998532
3,0,,2026-07-28T19:35:02.859560,106864,4348,2327,4348,81,4348,3,4348,1,4348,0,1740,3,1.0283169000031194
3,0,,2026-07-28T19:35:03.888830,107378,4431,2392,4431,73,4431,6,4431,2,4431,1,1846,1,1.0289457999897422
3,0,,2026-07-28T19:35:04.915502,107231,4391,2330,4391,78,4391,2,4391,3,4391,2,1756,1,1.0263085000042338
3,0,,2026-07-28T19:35:05.942337,107355,4373,2347,4373,70,4373,4,4373,2,4373,1,1792,0,1.0266126000060467
3,0,,2026-07-28T19:35:06.969555,107161,4377,2334,4377,82,4377,4,4377,4,4378,1,1783,0,1.0270036999863805
3,0,,2026-07-28T19:35:07.997481,107423,4360,2287,4360,81,4360,3,4360,2,4359,1,1742,0,1.0277646000031382
3,0,,2026-07-28T19:35:09.026516,106750,4434,2337,4434,97,4434,2,4434,1,4434,2,1719,1,1.0286753000109456
3,0,,2026-07-28T19:35:10.054953,108236,4495,2395,4495,84,4495,4,4495,0,4495,3,1743,0,1.0281830000021728
3,0,,2026-07-28T19:35:11.082003,107281,4376,2358,4376,69,4376,3,4376,8,4376,1,1835,1,1.0266967000061413
3,0,,2026-07-28T19:35:12.108716,107367,4354,2305,4354,73,4354,5,4354,1,4354,4,1854,0,1.026484400004847
3,0,,2026-07-28T19:35:13.134887,107215,4408,2343,4408,82,4408,5,4408,3,4408,2,1749,1,1.0260389000031864
3,0,,2026-07-28T19:35:14.161112,107252,4368,2269,4368,66,4368,2,4368,1,4368,1,1766,2,1.026098300004378
3,0,,2026-07-28T19:35:15.187860,107335,4413,2374,4413,76,4413,3,4413,4,4413,1,1852,1,1.026644600002328
3,0,,2026-07-28T19:35:16.215059,106556,4333,2272,4333,74,4333,1,4333,0,4333,4,1771,1,1.0269066999899223
3,0,,2026-07-28T19:35:17.242157,107526,4499,2396,4499,85,4499,2,4499,1,4499,0,1751,0,1.0267641999962507
3,0,,2026-07-28T19:35:18.270731,107436,4387,2289,4387,83,4387,5,4387,4,4387,4,1732,0,1.0283258999988902
3,0,,2026-07-28T19:35:19.297987,106963,4342,2355,4342,77,4342,2,4342,1,4342,1,1793,0,1.0268892999883974
3,0,,2026-07-28T19:35:20.326806,107053,4500,2329,4500,72,4500,2,4500,2,4500,3,1776,1,1.028560100006871
3,0,,2026-07-28T19:35:21.355954,107182,4514,2355,4514,81,4514,2,4514,1,4514,6,1751,0,1.0288072999974247
3,0,,2026-07-28T19:35:22.382982,107116,4415,2337,4415,84,4415,6,4415,1,4415,2,1882,1,1.0267021000036038
3,0,,2026-07-28T19:35:23.412388,108055,4368,2342,4368,62,4368,2,4368,1,4368,0,1815,0,1.029017200009548
3,0,,2026-07-28T19:35:24.441495,108298,4331,2283,4331,79,4331,1,4331,1,4331,3,1789,2,1.0287661000038497
3,0,,2026-07-28T19:35:25.470321,107453,4258,2310,4258,78,4258,2,4258,1,4258,1,1782,1,1.0285519000026397
3,0,,2026-07-28T19:35:26.499335,107455,4411,2325,4411,75,4411,3,4411,1,4411,2,1791,2,1.028687500001979
3,0,,2026-07-28T19:35:27.527169,107435,4434,2352,4434,79,4434,4,4434,1,4434,4,1754,2,1.0274367999954848
3,0,,2026-07-28T19:35:28.555756,107770,4495,2406,4495,84,4495,4,4495,1,4495,1,1780,0,1.0283360999892466
3,0,,2026-07-28T19:35:29.584434,108046,4461,2369,4461,72,4461,2,4461,3,4461,5,1761,1,1.028305999992881
3,0,,2026-07-28T19:35:30.613586,107588,4468,2429,4468,86,4468,4,4468,2,4468,2,1752,0,1.02881439999328
3,0,,2026-07-28T19:35:31.640784,107587,4285,2232,4285,84,4285,4,4285,2,4285,0,1764,2,1.026901799996267
3,0,,2026-07-28T19:35:32.669804,107346,4427,2323,4427,84,4427,3,4427,1,4427,2,1766,0,1.0286554000049364
3,0,,2026-07-28T19:35:33.698909,107501,4324,2270,4324,75,4324,2,4324,2,4324,3,1820,0,1.0286822999914875
3,0,,2026-07-28T19:35:34.727653,107606,4349,2303,4349,90,4349,2,4349,1,4349,1,1842,2,1.0283843999932287
3,0,,2026-07-28T19:35:35.756555,107675,4383,2361,4383,71,4383,2,4383,4,4383,2,1815,1,1.028594699993846
3,0,,2026-07-28T19:35:36.785434,107957,4424,2321,4424,92,4424,4,4424,4,4424,2,1728,1,1.0284856000071159
3,0,,2026-07-28T19:35:37.814168,107435,4433,2370,4433,88,4433,2,4433,2,4433,1,1740,0,1.0284492000064347
3,0,,2026-07-28T19:35:38.840697,107909,4315,2305,4315,78,4315,6,4315,4,4315,0,1729,0,1.02620300000126
3,0,,2026-07-28T19:35:39.867573,107124,4385,2343,4385,67,4385,2,4385,5,4385,3,1768,0,1.026676099994802
3,0,,2026-07-28T19:35:40.894516,107064,4330,2297,4330,70,4330,2,4330,2,4330,2,1884,1,1.0266527999920072
3,0,,2026-07-28T19:35:41.921637,107113,4350,2275,4350,74,4350,3,4350,2,4350,1,1848,2,1.0268699000007473
3,0,,2026-07-28T19:35:42.948796,107432,4366,2294,4366,88,4366,6,4366,3,4366,0,1767,2,1.02690930000972
3,0,,2026-07-28T19:35:43.976252,108138,4316,2311,4316,89,4316,4,4316,2,4316,4,1848,0,1.0271227000048384
3,0,,2026-07-28T19:35:45.005459,106935,4326,2206,4326,79,4326,4,4326,1,4326,1,1745,3,1.0288283999980194
3,0,,2026-07-28T19:35:46.032164,107836,4402,2360,4402,88,4402,2,4402,1,4402,3,1831,1,1.0264025000069523
3,0,,2026-07-28T19:35:47.060161,107881,4411,2381,4411,81,4411,2,4411,1,4411,3,1782,1,1.027773599998909
3,0,,2026-07-28T19:35:48.088470,107715,4341,2341,4341,79,4341,5,4341,2,4341,2,1783,0,1.0279580999922473
3,0,,2026-07-28T19:35:49.117330,107514,4390,2365,4390,74,4390,5,4390,2,4390,0,1752,0,1.0284637000004295
3,0,,2026-07-28T19:35:50.146019,108317,4553,2474,4553,73,4553,6,4553,1,4553,2,1745,0,1.0282708000013372
3,0,,2026-07-28T19:35:51.174372,107329,4396,2312,4396,74,4396,2,4396,3,4396,1,1789,1,1.0279737999953795
3,0,,2026-07-28T19:35:52.203666,108033,4471,2374,4471,79,4471,7,4471,1,4471,2,1727,0,1.0289109000004828
3,0,,2026-07-28T19:35:53.232452,107251,4422,2314,4422,80,4422,3,4422,5,4422,1,1793,0,1.0284250999975484
3,0,,2026-07-28T19:35:54.260926,107008,4449,2324,4449,81,4449,4,4449,2,4449,2,1755,0,1.0281449999893084
3,0,,2026-07-28T19:35:55.290412,107248,4421,2367,4421,83,4421,3,4421,2,4421,4,1809,1,1.0291786000016145
3,0,,2026-07-28T19:35:56.319538,107559,4500,2395,4500,73,4500,3,4500,2,4500,2,1779,1,1.0287852000037674
3,0,,2026-07-28T19:35:57.348053,107733,4360,2274,4360,73,4360,2,4360,3,4360,4,1714,2,1.0281473999930313
3,0,,2026-07-28T19:35:58.376525,107543,4392,2355,4392,73,4392,2,4392,1,4392,2,1789,0,1.0280806999944616
3,0,,2026-07-28T19:35:59.405770,107201,4424,2380,4424,65,4424,4,4424,3,4424,1,1758,0,1.0288759999966715
3,0,,2026-07-28T19:36:00.434378,108015,4363,2259,4363,88,4363,3,4363,4,4363,2,1816,0,1.0282664999976987
3,0,,2026-07-28T19:36:01.463046,107399,4491,2345,4491,73,4491,5,4491,1,4491,1,1708,0,1.0283688999916194
3,0,,2026-07-28T19:36:02.492734,107455,4412,2305,4412,65,4412,3,4412,0,4412,0,1840,0,1.0293037999945227
3,0,,2026-07-28T19:36:03.522136,108363,4466,2333,4466,75,4466,4,4466,0,4466,1,1805,0,1.029024000003119
3,0,,2026-07-28T19:36:04.551482,107426,4529,2360,4529,88,4529,4,4529,1,4529,3,1754,1,1.0290061999985483
3,0,,2026-07-28T19:36:05.579452,107220,4410,2312,4410,99,4410,6,4410,0,4410,2,1813,0,1.027622200010228
3,0,,2026-07-28T19:36:06.608056,107872,4446,2365,4446,78,4446,5,4446,0,4446,3,1736,1,1.0282891000097152
3,0,,2026-07-28T19:36:07.636447,107842,4421,2370,4421,68,4421,0,4421,3,4421,1,1865,1,1.028031199995894
3,0,,2026-07-28T19:36:08.665256,106909,4397,2354,4397,74,4397,5,4397,0,4397,3,1762,0,1.028462500005844
3,0,,2026-07-28T19:36:09.694271,106979,4444,2414,4444,83,4444,1,4444,1,4444,3,1820,0,1.0286682000005385
3,0,,2026-07-28T19:36:10.723151,107054,4403,2360,4403,78,4403,5,4403,2,4403,0,1775,1,1.0284665999934077
3,0,,2026-07-28T19:36:11.752055,108466,4559,2411,4559,77,4559,4,4559,3,4559,1,1804,0,1.0285468000074616
3,0,,2026-07-28T19:36:12.780744,107722,4382,2322,4382,92,4382,3,4382,1,4382,3,1833,0,1.0283376000006683
3,0,,2026-07-28T19:36:13.809533,107690,4487,2381,4487,62,4487,4,4487,3,4487,2,1732,2,1.0284402999968734
3,0,,2026-07-28T19:36:14.838526,107562,4476,2404,4476,82,4476,6,4476,4,4476,4,1779,0,1.0286869999981718
3,0,,2026-07-28T19:36:15.866991,107101,4458,2295,4458,76,4458,6,4458,0,4458,2,1748,0,1.028096900001401
3,0,,2026-07-28T19:36:16.895890,107158,4480,2340,4480,78,4480,4,4480,3,4480,2,1769,1,1.0285525000072084
3,0,,2026-07-28T19:36:17.924176,107626,4422,2295,4422,95,4422,3,4422,0,4422,2,1769,1,1.0278682000061963
3,0,,2026-07-28T19:36:18.951378,107242,4326,2278,4326,68,4326,3,4326,1,4326,1,1840,0,1.0268818000040483
3,0,,2026-07-28T19:36:19.980330,108063,4501,2408,4501,65,4501,3,4501,1,4501,1,1780,1,1.0285999000043375
3,0,,2026-07-28T19:36:21.008656,107690,4363,2299,4363,85,4363,4,4363,4,4363,2,1857,0,1.0279605999967316
3,0,,2026-07-28T19:36:22.035107,107550,4515,2404,4515,93,4515,0,4515,1,4515,3,1776,3,1.0262079999956768
3,0,,2026-07-28T19:36:23.063876,107107,4415,2385,4415,90,4415,7,4415,0,4415,0,1810,2,1.0284970000066096
3,0,,2026-07-28T19:36:24.092888,107308,4477,2362,4477,70,4477,0,4477,1,4477,6,1879,0,1.0286789999954635
3,0,,2026-07-28T19:36:25.121515,107176,4507,2372,4507,83,4507,6,4507,2,4507,1,1776,1,1.028276500001084
3,0,,2026-07-28T19:36:26.151033,107781,4594,2427,4594,93,4594,3,4594,3,4594,3,1763,0,1.0291753000055905
3,0,,2026-07-28T19:36:27.179014,107703,4354,2321,4354,72,4354,2,4354,5,4354,1,1786,0,1.0276117000030354
3,0,,2026-07-28T19:36:28.207176,108366,4475,2378,4475,88,4475,0,4475,3,4475,0,1753,1,1.0278328999993391
3,0,,2026-07-28T19:36:29.234150,107660,4410,2363,4410,80,4410,3,4410,3,4410,0,1780,1,1.0266279999923427
3,0,,2026-07-28T19:36:30.262770,108106,4319,2295,4319,83,4319,4,4319,1,4319,1,1733,0,1.028365299993311
3,0,,2026-07-28T19:36:31.291393,108240,4318,2318,4318,85,4318,5,4318,3,4318,1,1710,0,1.0283033000014257
3,0,,2026-07-28T19:36:32.317656,107806,4293,2297,4293,85,4293,5,4293,5,4293,1,1788,1,1.0259840999933658
3,0,,2026-07-28T19:36:33.344269,107313,4399,2378,4399,81,4399,6,4399,2,4399,1,1833,1,1.0264773999952013
3,0,,2026-07-28T19:36:34.371017,107372,4400,2341,4400,76,4400,3,4400,1,4400,2,1808,1,1.026566799991997
3,0,,2026-07-28T19:36:35.398336,107191,4291,2253,4291,75,4291,4,4291,2,4291,2,1772,0,1.0271366000088165
3,0,,2026-07-28T19:36:36.425877,107414,4219,2236,4219,71,4219,3,4219,4,4219,1,1774,2,1.0274300999881234
3,0,,2026-07-28T19:36:37.453664,107211,4442,2373,4442,71,4442,2,4442,5,4442,0,1819,1,1.0274568000022555
3,0,,2026-07-28T19:36:38.481980,107199,4404,2407,4404,81,4404,4,4404,2,4404,2,1750,0,1.028010699999868
3,0,,2026-07-28T19:36:39.510229,107994,4571,2425,4571,72,4571,0,4571,2,4571,2,1790,3,1.0279209000000264
3,0,,2026-07-28T19:36:40.538985,107483,4369,2303,4369,74,4369,2,4369,2,4369,3,1831,1,1.0284394000045722
3,0,,2026-07-28T19:36:41.567884,107240,4413,2344,4413,76,4413,2,4413,3,4413,1,1751,0,1.0285604999953648
3,0,,2026-07-28T19:36:42.597034,107812,4395,2381,4395,80,4395,2,4395,3,4395,2,1817,1,1.02890849999676
3,0,,2026-07-28T19:36:43.625052,107428,4283,2277,4283,80,4283,3,4283,0,4283,0,1754,0,1.027663400003803
3,0,,2026-07-28T19:36:44.653511,107138,4389,2363,4389,92,4389,2,4389,3,4389,2,1785,2,1.0282337999960873
3,0,,2026-07-28T19:36:45.680951,107507,4429,2349,4429,91,4429,4,4429,6,4429,0,1790,0,1.027075000005425
3,0,,2026-07-28T19:36:46.709972,107812,4324,2321,4324,67,4324,2,4324,1,4324,2,1777,1,1.0287552999943728
3,0,,2026-07-28T19:36:47.737812,107432,4459,2318,4459,77,4459,3,4459,3,4459,3,1759,1,1.0274738000007346
3,0,,2026-07-28T19:36:48.766701,107781,4389,2345,4389,96,4389,5,4389,4,4389,0,1743,0,1.028534099998069
3,0,,2026-07-28T19:36:49.795350,107466,4293,2274,4293,77,4293,4,4293,2,4293,2,1807,2,1.0282805000024382
3,0,,2026-07-28T19:36:50.824012,107571,4531,2463,4531,64,4531,1,4531,4,4531,0,1757,0,1.0282506000075955
3,0,,2026-07-28T19:36:51.853398,107180,4513,2402,4513,72,4513,7,4513,0,4513,1,1771,0,1.0290477000089595
3,0,,2026-07-28T19:36:52.882257,108089,4440,2417,4440,69,4440,3,4440,1,4440,5,1705,2,1.028484299997217
3,0,,2026-07-28T19:36:53.910809,108084,4415,2330,4415,92,4415,4,4415,2,4415,2,1820,0,1.0281656000006478
3,0,,2026-07-28T19:36:54.938404,107301,4465,2396,4465,76,4465,1,4465,0,4465,1,1814,0,1.0272881999990204
3,0,,2026-07-28T19:36:55.967477,107624,4498,2379,4498,86,4498,3,4498,4,4498,2,1757,0,1.0287491000053706
3,0,,2026-07-28T19:36:56.994874,107553,4424,2329,4424,70,4424,3,4424,2,4424,0,1729,1,1.0270242000115104
3,0,,2026-07-28T19:36:58.023491,107097,4602,2417,4602,72,4602,3,4602,4,4602,1,1771,2,1.0283015000022715
3,0,,2026-07-28T19:36:59.052486,107662,4428,2330,4428,89,4428,2,4428,2,4428,0,1797,1,1.0285740999970585
3,0,,2026-07-28T19:37:00.080172,107545,4364,2360,4364,79,4364,3,4364,3,4364,2,1830,0,1.027345399998012
3,0,,2026-07-28T19:37:01.109602,107464,4403,2340,4403,81,4403,6,4403,2,4403,1,1859,0,1.0291511999967042
3,0,,2026-07-28T19:37:02.136637,107983,4370,2350,4370,69,4370,4,4370,3,4370,5,1707,0,1.0267174000036903
3,0,,2026-07-28T19:37:03.163729,107284,4226,2291,4226,68,4226,2,4226,5,4226,1,1800,0,1.026837900004466
3,0,,2026-07-28T19:37:04.190360,107000,4386,2289,4386,56,4386,4,4386,2,4386,0,1814,1,1.0265189000056125
3,0,,2026-07-28T19:37:05.217609,106923,4497,2349,4497,86,4497,4,4497,2,4497,4,1778,1,1.0269771000021137
3,0,,2026-07-28T19:37:06.245194,107213,4473,2364,4473,100,4473,4,4473,1,4473,1,1754,0,1.0273621999949683
3,0,,2026-07-28T19:37:07.272412,107485,4400,2349,4400,84,4400,1,4400,1,4400,2,1748,1,1.0269566999922972
3,0,,2026-07-28T19:37:08.299083,107414,4408,2377,4408,67,4408,2,4408,2,4408,2,1735,0,1.0264920000045095
3,0,,2026-07-28T19:37:09.325435,107760,4375,2289,4375,72,4375,7,4375,1,4375,2,1814,1,1.0260895999963395
3,0,,2026-07-28T19:37:10.352444,107329,4505,2385,4505,80,4505,3,4505,2,4505,3,1829,1,1.02684780000709
3,0,,2026-07-28T19:37:11.381136,107501,4408,2378,4408,75,4408,5,4408,1,4408,3,1785,2,1.0283867999969516
3,0,,2026-07-28T19:37:12.408830,107075,4414,2342,4414,89,4414,2,4414,1,4414,0,1810,0,1.0274067999998806
3,0,,2026-07-28T19:37:13.435745,107571,4505,2365,4505,85,4505,1,4505,1,4505,4,1772,0,1.026618399992003
3,0,,2026-07-28T19:37:14.462615,106960,4389,2367,4389,77,4389,4,4389,2,4389,2,1750,1,1.026673699991079
3,0,,2026-07-28T19:37:15.490374,107556,4497,2365,4497,85,4497,1,4497,4,4497,5,1757,0,1.0274508000002243
3,0,,2026-07-28T19:37:16.519370,107615,4443,2331,4443,92,4443,3,4443,4,4443,0,1735,0,1.028708400001051
3,0,,2026-07-28T19:37:17.548106,107634,4353,2342,4353,81,4353,3,4353,3,4353,0,1784,1,1.0284209999954328
3,0,,2026-07-28T19:37:18.576783,108147,4583,2536,4583,90,4583,3,4583,2,4583,1,1744,1,1.0283398000028683
3,0,,2026-07-28T19:37:19.605328,107901,4399,2335,4399,71,4399,3,4399,1,4399,4,1777,1,1.028207499999553
3,0,,2026-07-28T19:37:20.633788,107258,4367,2358,4367,83,4367,1,4367,3,4367,1,1870,2,1.0281077999970876
3,0,,2026-07-28T19:37:21.663038,107698,4456,2365,4456,65,4456,2,4456,1,4456,2,1859,0,1.0288820999994641
3,0,,2026-07-28T19:37:22.691486,107795,4502,2449,4502,88,4502,2,4502,2,4502,1,1847,0,1.028059200005373
3,0,,2026-07-28T19:37:23.718578,107558,4448,2397,4448,67,4448,2,4448,4,4448,1,1780,0,1.0269601999898441
3,0,,2026-07-28T19:37:24.746502,107249,4239,2281,4239,67,4239,4,4239,3,4239,1,1851,0,1.0276814000098966
3,0,,2026-07-28T19:37:25.774652,107789,4551,2414,4551,68,4551,4,4551,1,4551,1,1769,0,1.02778770000441
3,0,,2026-07-28T19:37:26.803096,107310,4479,2408,4479,64,4479,6,4479,2,4479,0,1844,1,1.0281069000047864
3,0,,2026-07-28T19:37:27.830334,107688,4489,2403,4489,98,4489,4,4489,4,4489,2,1852,1,1.0268990000040503
3,0,,2026-07-28T19:37:28.858481,107309,4481,2415,4481,67,4481,2,4481,1,4481,1,1771,0,1.02781810000306
3,0,,2026-07-28T19:37:29.886447,107959,4483,2420,4483,94,4483,3,4483,4,4483,2,1714,0,1.027706599998055
3,0,,2026-07-28T19:37:30.914729,107615,4393,2325,4393,74,4393,4,4393,4,4393,0,1796,3,1.0279987000103574
3,0,,2026-07-28T19:37:31.941744,107709,4371,2281,4371,93,4371,4,4371,3,4371,2,1793,1,1.0267383000027621
3,0,,2026-07-28T19:37:32.971057,107226,4450,2302,4450,83,4450,4,4450,1,4450,3,1870,0,1.0290632000105688
3,0,,2026-07-28T19:37:34.000336,107138,4455,2408,4455,89,4455,1,4455,7,4455,3,1716,1,1.02893739999854
3,0,,2026-07-28T19:37:35.028462,107451,4453,2365,4453,72,4453,3,4453,4,4453,1,1776,2,1.0277081999956863
3,0,,2026-07-28T19:37:36.057589,106914,4485,2423,4485,80,4485,2,4485,2,4485,4,1757,1,1.0288474999979371
3,0,,2026-07-28T19:37:37.086931,107579,4379,2356,4379,74,4379,7,4379,4,4379,2,1825,0,1.0289142000110587
3,0,,2026-07-28T19:37:38.114621,107705,4410,2349,4410,87,4410,3,4410,3,4410,3,1774,0,1.0273709000030067
3,0,,2026-07-28T19:37:39.143698,107256,4454,2298,4454,61,4454,3,4454,4,4454,1,1819,0,1.0287323000084143
3,0,,2026-07-28T19:37:40.171815,107574,4458,2340,4458,73,4458,4,4458,2,4458,1,1839,0,1.0278608999942662
3,0,,2026-07-28T19:37:41.200012,108019,4448,2341,4448,83,4448,1,4448,4,4448,1,1707,0,1.0278630000102567
3,0,,2026-07-28T19:37:42.227665,107162,4459,2296,4459,82,4459,3,4459,3,4459,3,1760,1,1.0273601000080816
3,0,,2026-07-28T19:37:43.256385,107300,4571,2425,4571,80,4571,4,4571,4,4571,1,1801,0,1.0284965000028023
3,0,,2026-07-28T19:37:44.285255,107904,4402,2375,4402,70,4402,6,4402,2,4402,1,1660,0,1.0284800000081304
3,0,,2026-07-28T19:37:45.313783,107029,4455,2405,4455,75,4455,6,4455,2,4455,1,1860,1,1.0282126999954926
3,0,,2026-07-28T19:37:46.342361,107364,4362,2311,4362,92,4362,3,4362,3,4362,1,1829,1,1.0282479000015883
3,0,,2026-07-28T19:37:47.371055,106904,4401,2318,4401,79,4401,5,4401,0,4401,2,1756,0,1.0283406999951694
3,0,,2026-07-28T19:37:48.399846,107860,4494,2424,4494,71,4494,4,4494,0,4494,2,1751,1,1.0284442999982275
3,0,,2026-07-28T19:37:49.429192,107332,4417,2414,4417,81,4417,2,4417,2,4417,2,1815,2,1.0289828999957535
3,0,,2026-07-28T19:37:50.458011,107721,4547,2397,4547,80,4547,3,4547,2,4547,0,1750,1,1.0282977000024403
3,0,,2026-07-28T19:37:51.486639,107671,4485,2360,4485,92,4485,5,4485,3,4485,0,1777,0,1.0282750000042142
3,0,,2026-07-28T19:37:52.515006,107581,4480,2374,4480,75,4480,6,4480,4,4480,4,1786,1,1.0280629000044428
3,0,,2026-07-28T19:37:53.543020,107457,4501,2346,4501,79,4501,5,4501,4,4501,1,1843,0,1.027665799992974
3,0,,2026-07-28T19:37:54.571371,108085,4428,2378,4428,72,4428,4,4428,3,4428,2,1777,0,1.028013099989039
3,0,,2026-07-28T19:37:55.599013,107461,4460,2344,4460,89,4460,2,4460,1,4460,2,1769,0,1.0272906999889528
3,0,,2026-07-28T19:37:56.628398,107476,4419,2315,4419,93,4419,2,4419,1,4419,1,1826,0,1.0289544999977807
3,0,,2026-07-28T19:37:57.656680,107292,4517,2401,4517,72,4517,2,4517,3,4517,3,1879,0,1.0278791000018828
3,0,,2026-07-28T19:37:58.685083,107535,4345,2310,4345,78,4345,5,4346,2,4346,2,1782,0,1.0281095000100322
3,0,,2026-07-28T19:37:59.713761,107470,4496,2410,4496,91,4496,7,4495,2,4495,2,1826,0,1.0283398999890778
3,0,,2026-07-28T19:38:00.743912,106842,4332,2304,4332,80,4332,3,4332,1,4332,0,1712,1,1.0297856999968644
3,0,,2026-07-28T19:38:01.772015,107387,4537,2395,4537,88,4537,2,4537,3,4537,0,1765,0,1.0277665999892633
3,0,,2026-07-28T19:38:02.800827,107636,4442,2383,4442,81,4442,2,4442,2,4442,0,1779,0,1.0285718999948585
3,0,,2026-07-28T19:38:03.830690,107516,4442,2358,4442,93,4442,1,4442,2,4442,6,1762,0,1.02945770000224
3,0,,2026-07-28T19:38:04.858926,107910,4524,2406,4524,79,4524,4,4524,3,4524,3,1836,2,1.027769399996032
3,0,,2026-07-28T19:38:05.887727,107796,4519,2419,4519,78,4519,4,4519,1,4519,1,1785,3,1.0284621000027983
3,0,,2026-07-28T19:38:06.916103,107374,4416,2353,4416,78,4416,2,4416,4,4416,2,1717,0,1.0280249999923399
3,0,,2026-07-28T19:38:07.944180,107564,4378,2267,4378,81,4378,4,4378,4,4378,1,1737,0,1.0277456999901915
3,0,,2026-07-28T19:38:08.973067,107274,4369,2337,4369,79,4369,3,4369,2,4369,1,1701,0,1.0284928000037326
3,0,,2026-07-28T19:38:10.001730,107901,4297,2291,4297,71,4297,2,4297,0,4297,1,1724,0,1.0283480000070995
3,0,,2026-07-28T19:38:11.029811,106867,4420,2344,4420,82,4420,2,4420,2,4420,1,1834,2,1.0277524999983143
3,0,,2026-07-28T19:38:12.058477,107503,4379,2361,4379,97,4379,3,4379,3,4379,1,1751,0,1.0284513999940827
3,0,,2026-07-28T19:38:13.087243,107485,4565,2433,4565,74,4565,5,4565,4,4565,1,1792,3,1.028438900000765
3,0,,2026-07-28T19:38:14.117044,107157,4392,2345,4392,91,4392,2,4392,2,4392,1,1783,1,1.0294214000023203
3,0,,2026-07-28T19:38:15.145105,107288,4456,2364,4456,88,4456,5,4456,2,4456,3,1790,1,1.0277363000059268
3,0,,2026-07-28T19:38:16.174132,107505,4364,2366,4364,85,4364,2,4364,5,4364,2,1727,1,1.028698499998427
3,0,,2026-07-28T19:38:17.203643,107446,4295,2295,4295,64,4295,5,4295,3,4295,0,1765,1,1.0291733000049135
3,0,,2026-07-28T19:38:18.231826,107311,4512,2344,4512,87,4512,5,4512,4,4512,5,1707,1,1.027853799998411
3,0,,2026-07-28T19:38:19.258061,107130,4399,2348,4399,87,4399,3,4399,5,4399,0,1740,0,1.0260940000007395
3,0,,2026-07-28T19:38:20.286857,107252,4385,2239,4385,80,4385,5,4385,2,4385,5,1819,3,1.028592300004675
3,0,,2026-07-28T19:38:21.326325,108862,4527,2363,4527,90,4527,1,4527,3,4527,0,1736,2,1.0392567999952007
3,0,,2026-07-28T19:38:22.355621,106688,4412,2372,4412,69,4412,0,4412,1,4412,1,1821,1,1.0290624999906868
3,0,,2026-07-28T19:38:23.383942,108046,4377,2371,4377,71,4377,10,4377,0,4377,3,1792,1,1.027951900003245
3,0,,2026-07-28T19:38:24.411458,106889,4414,2301,4414,82,4414,4,4414,3,4414,4,1803,0,1.0271675999974832
3,0,,2026-07-28T19:38:25.440578,106842,4545,2426,4545,75,4545,5,4545,3,4545,1,1786,0,1.028950399995665
3,0,,2026-07-28T19:38:26.468878,108103,4427,2383,4427,84,4427,4,4427,2,4427,2,1792,1,1.027937800012296
3,0,,2026-07-28T19:38:27.498326,107348,4402,2330,4402,61,4402,4,4402,2,4402,2,1767,0,1.0290410999878077
3,0,,2026-07-28T19:38:28.526249,107319,4403,2403,4403,77,4403,3,4403,2,4403,0,1741,1,1.0275882999994792
3,0,,2026-07-28T19:38:29.554133,107658,4389,2289,4389,82,4389,5,4389,6,4389,2,1783,1,1.0275590999954147
3,0,,2026-07-28T19:38:30.581451,107717,4505,2399,4505,78,4505,3,4505,4,4505,0,1839,1,1.0270039000024553
3,0,,2026-07-28T19:38:31.609138,107654,4424,2343,4424,76,4424,2,4424,3,4424,5,1732,2,1.0274205000023358
3,0,,2026-07-28T19:38:32.637627,107182,4559,2380,4559,79,4559,3,4559,2,4559,1,1710,1,1.0281019999965793
3,0,,2026-07-28T19:38:33.667347,107403,4423,2404,4423,70,4423,4,4423,4,4423,4,1836,1,1.029352999990806
3,0,,2026-07-28T19:38:34.696836,107506,4502,2427,4502,72,4502,5,4502,5,4502,5,1741,1,1.029102000000421
3,0,,2026-07-28T19:38:35.724876,107380,4494,2353,4494,82,4494,2,4494,4,4494,0,1742,3,1.0276782000000821
3,0,,2026-07-28T19:38:36.753523,107604,4579,2377,4579,85,4579,5,4579,6,4579,1,1848,0,1.0283237999974517
3,0,,2026-07-28T19:38:37.782341,107658,4618,2426,4618,87,4618,2,4618,6,4618,3,1772,1,1.0284576999983983
3,0,,2026-07-28T19:38:38.811492,107797,4295,2253,4295,82,4295,3,4295,0,4295,2,1765,0,1.0287565999897197
3,0,,2026-07-28T19:38:39.840132,107958,4477,2358,4477,77,4477,2,4477,4,4477,3,1829,2,1.028191200006404
3,0,,2026-07-28T19:38:40.868775,107533,4326,2315,4326,91,4326,3,4326,4,4326,0,1725,1,1.028317500007688
3,0,,2026-07-28T19:38:41.895852,107678,4585,2430,4585,72,4585,4,4585,2,4585,3,1771,0,1.0267716999951517
3,0,,2026-07-28T19:38:42.923214,106802,4432,2342,4432,64,4432,5,4432,0,4433,3,1713,2,1.0271643000014592
3,0,,2026-07-28T19:38:43.949039,107083,4467,2403,4467,67,4467,4,4467,0,4466,3,1769,0,1.0256152999936603
3,0,,2026-07-28T19:38:44.978377,107114,4562,2408,4562,73,4562,4,4562,4,4562,1,1794,0,1.0291875999973854
3,0,,2026-07-28T19:38:46.006785,107304,4441,2385,4441,57,4441,7,4441,3,4441,2,1773,0,1.028092699998524
3,0,,2026-07-28T19:38:47.035312,107279,4506,2409,4506,96,4506,3,4506,2,4506,0,1816,2,1.0282698000082746
3,0,,2026-07-28T19:38:48.065113,107447,4540,2429,4540,76,4540,1,4540,4,4540,0,1766,3,1.0293713999999454
3,0,,2026-07-28T19:38:49.092947,107011,4344,2305,4344,76,4344,1,4344,1,4344,2,1803,3,1.0274099000089336
3,0,,2026-07-28T19:38:50.119526,106503,4411,2290,4411,85,4411,0,4411,3,4411,0,1855,0,1.0262738000019453
3,0,,2026-07-28T19:38:51.149030,107499,4439,2351,4439,78,4439,2,4439,3,4439,3,1832,2,1.0291805000015302
3,0,,2026-07-28T19:38:52.177420,107192,4423,2322,4423,74,4423,2,4423,1,4423,0,1695,0,1.0280823000066448
3,0,,2026-07-28T19:38:53.206011,107428,4381,2323,4381,86,4381,3,4381,5,4381,1,1736,1,1.0282751999911852
3,0,,2026-07-28T19:38:54.232623,107058,4412,2294,4412,68,4412,6,4412,5,4412,3,1783,1,1.0263015999953495
3,0,,2026-07-28T19:38:55.259032,106620,4426,2325,4426,79,4426,3,4426,1,4426,0,1800,1,1.0262125000008382
3,0,,2026-07-28T19:38:56.286507,106658,4388,2339,4388,84,4388,2,4388,1,4388,2,1841,0,1.027136699995026
3,0,,2026-07-28T19:38:57.315170,108009,4493,2370,4493,69,4493,1,4493,5,4493,1,1741,0,1.0284039999969536
3,0,,2026-07-28T19:38:58.343337,107375,4417,2340,4417,71,4417,3,4417,5,4417,2,1776,0,1.0278953000088222
3,0,,2026-07-28T19:38:59.370385,107330,4466,2349,4466,78,4466,2,4466,0,4466,0,1758,0,1.026821099992958
3,0,,2026-07-28T19:39:00.397468,107440,4388,2343,4388,78,4388,4,4388,1,4388,0,1720,1,1.0268243000027724
3,0,,2026-07-28T19:39:01.424873,107441,4402,2320,4402,86,4402,3,4402,0,4402,1,1813,0,1.0271981000114465
3,0,,2026-07-28T19:39:02.452595,107629,4524,2396,4524,78,4524,2,4524,1,4524,2,1694,1,1.0275607999938074
3,0,,2026-07-28T19:39:03.480496,106733,4344,2334,4344,71,4344,2,4344,2,4344,1,1700,0,1.0276487999944948
3,0,,2026-07-28T19:39:04.509726,107098,4398,2348,4398,71,4398,3,4398,1,4398,4,1855,0,1.028872799986857
3,0,,2026-07-28T19:39:05.538649,106925,4386,2324,4386,72,4386,2,4386,3,4386,3,1812,0,1.0285860000003595
3,0,,2026-07-28T19:39:06.568321,106832,4395,2394,4395,72,4395,2,4395,2,4395,1,1814,0,1.0293307999963872
3,0,,2026-07-28T19:39:07.598099,107751,4376,2285,4376,65,4376,7,4376,4,4376,1,1749,2,1.029415400000289
3,0,,2026-07-28T19:39:08.627220,107820,4452,2387,4452,77,4452,6,4452,1,4452,1,1830,0,1.0286745999910636
3,0,,2026-07-28T19:39:09.679283,107967,4478,2340,4478,83,4478,4,4478,3,4478,3,1851,1,1.0517044000007445
3,0,,2026-07-28T19:39:10.710844,110423,4673,2530,4673,81,4673,4,4673,2,4673,3,1900,0,1.0284701000055065
3,0,,2026-07-28T19:39:11.739785,107721,4443,2419,4443,79,4443,3,4443,3,4443,2,1947,1,1.028547299996717
3,0,,2026-07-28T19:39:12.766362,107968,4400,2326,4400,90,4400,4,4400,2,4400,2,1805,1,1.0262882999959402
3,0,,2026-07-28T19:39:13.794419,107271,4408,2346,4408,94,4408,1,4408,1,4408,2,1718,2,1.027787900005933
3,0,,2026-07-28T19:39:14.823237,107681,4473,2396,4473,76,4473,2,4473,4,4473,2,1739,0,1.0285031999956118
3,0,,2026-07-28T19:39:15.851020,107244,4420,2376,4420,80,4420,3,4420,1,4420,2,1763,0,1.0274912000022596
3,0,,2026-07-28T19:39:16.879061,107248,4501,2413,4501,82,4501,3,4501,2,4501,0,1723,2,1.0277245000033872
3,0,,2026-07-28T19:39:17.907816,106992,4449,2350,4449,78,4449,2,4449,1,4449,2,1784,0,1.0284534999955213
3,0,,2026-07-28T19:39:18.937078,107173,4477,2391,4477,77,4477,2,4477,0,4477,2,1755,0,1.028900400007842
3,0,,2026-07-28T19:39:19.966134,107382,4340,2286,4340,75,4340,3,4340,3,4340,0,1795,0,1.0287073000072269
3,0,,2026-07-28T19:39:20.996069,107171,4548,2467,4548,66,4548,2,4548,3,4548,1,1757,0,1.0296307999960845
3,0,,2026-07-28T19:39:22.024690,106691,4513,2412,4513,91,4513,2,4513,3,4513,0,1720,5,1.028239700011909
3,0,,2026-07-28T19:39:23.053563,106901,4387,2274,4387,98,4387,6,4387,4,4387,2,1748,0,1.0285316999943461
3,0,,2026-07-28T19:39:24.082592,107664,4370,2319,4370,68,4370,2,4370,2,4370,1,1853,2,1.0286592000047676
3,0,,2026-07-28T19:39:25.109788,107027,4344,2297,4344,62,4344,4,4344,4,4344,4,1705,0,1.0268576000089524
3,0,,2026-07-28T19:39:26.139161,107385,4355,2358,4355,68,4355,2,4355,3,4355,2,1742,1,1.0291730000026291
3,0,,2026-07-28T19:39:27.167516,107528,4464,2362,4464,90,4464,4,4464,3,4464,4,1799,0,1.0280533999903128
3,0,,2026-07-28T19:39:28.196437,107555,4481,2403,4481,71,4481,7,4481,1,4481,3,1754,0,1.0285693000041647
3,0,,2026-07-28T19:39:29.226279,107861,4487,2394,4487,69,4487,1,4487,5,4487,2,1782,2,1.0293766999966465
3,0,,2026-07-28T19:39:30.271462,109394,4534,2426,4534,76,4534,4,4534,2,4534,1,1805,1,1.0447333000047365
3,0,,2026-07-28T19:39:31.299548,107414,4369,2303,4369,79,4369,3,4369,0,4369,4,1757,2,1.0277919999934966
3,0,,2026-07-28T19:39:32.328246,107890,4465,2398,4465,87,4465,4,4465,6,4465,1,1748,0,1.0282547999959206
3,0,,2026-07-28T19:39:33.356577,107669,4426,2359,4426,102,4426,4,4426,4,4426,1,1798,1,1.027999899990391
3,0,,2026-07-28T19:39:34.385332,107540,4458,2374,4458,74,4458,4,4458,1,4458,4,1799,0,1.0283847999962745
3,0,,2026-07-28T19:39:35.415682,107109,4458,2407,4458,77,4458,2,4458,2,4458,1,1780,1,1.03001060000679
3,0,,2026-07-28T19:39:36.444637,106940,4397,2298,4397,79,4397,3,4397,3,4397,2,1826,1,1.028606200008653
3,0,,2026-07-28T19:39:37.472860,107102,4427,2326,4427,76,4427,0,4427,0,4427,2,1805,1,1.0279167999979109
3,0,,2026-07-28T19:39:38.501323,107135,4426,2357,4426,72,4426,4,4426,2,4426,5,1777,1,1.0281594999978552
3,0,,2026-07-28T19:39:39.529445,107265,4431,2353,4431,104,4431,2,4431,3,4431,1,1733,2,1.027749799992307
3,0,,2026-07-28T19:39:40.557521,107027,4356,2323,4356,75,4356,10,4356,1,4356,1,1805,0,1.0277101999963634
3,0,,2026-07-28T19:39:41.586443,106749,4422,2318,4422,86,4422,3,4422,1,4422,2,1731,1,1.0285960000037448
3,0,,2026-07-28T19:39:42.616067,107538,4472,2397,4472,70,4472,4,4472,3,4472,0,1840,0,1.0292714999959571
3,0,,2026-07-28T19:39:43.644271,107164,4432,2324,4432,78,4432,2,4432,1,4432,1,1754,1,1.0277961999963736
3,0,,2026-07-28T19:39:44.672856,107122,4456,2333,4456,79,4456,1,4456,0,4456,1,1839,2,1.0282646999985445
3,0,,2026-07-28T19:39:45.701924,106948,4447,2350,4447,77,4447,1,4447,3,4447,3,1834,2,1.0287686999945436
3,0,,2026-07-28T19:39:46.731337,107216,4469,2369,4469,74,4469,2,4469,3,4469,1,1758,1,1.0290796000044793
3,0,,2026-07-28T19:39:47.760706,107368,4568,2400,4568,72,4568,0,4568,1,4568,1,1776,0,1.0289332999964245
3,0,,2026-07-28T19:39:48.788744,107026,4437,2301,4437,73,4437,1,4437,1,4437,3,1803,1,1.0277071999880718
3,0,,2026-07-28T19:39:49.818335,107673,4445,2361,4445,78,4445,3,4445,0,4445,1,1757,3,1.0292387999943458
3,0,,2026-07-28T19:39:50.846928,107020,4413,2362,4413,70,4413,4,4413,3,4413,1,1741,3,1.028140299997176
3,0,,2026-07-28T19:39:51.875223,107044,4462,2404,4462,85,4462,0,4462,4,4462,2,1765,0,1.0280243000015616
3,0,,2026-07-28T19:39:52.902575,107637,4377,2394,4377,83,4377,2,4377,2,4377,3,1768,0,1.0270435999991605
3,0,,2026-07-28T19:39:53.931648,106931,4381,2318,4381,72,4381,6,4381,1,4381,3,1744,1,1.0287127000046894
3,0,,2026-07-28T19:39:54.960673,107000,4382,2341,4382,77,4382,1,4382,1,4382,4,1737,1,1.0286418000032427
3,0,,2026-07-28T19:39:55.989135,107133,4383,2303,4383,81,4383,4,4383,1,4383,3,1828,0,1.028122899995651
3,0,,2026-07-28T19:39:57.017984,107106,4578,2475,4578,74,4578,3,4578,3,4578,2,1730,1,1.0284824999980628
3,0,,2026-07-28T19:39:58.046281,107437,4490,2363,4490,85,4490,7,4490,2,4490,1,1740,1,1.027933599994867
3,0,,2026-07-28T19:39:59.074792,106846,4465,2347,4465,84,4465,3,4465,2,4465,1,1823,0,1.0281935000093654
3,0,,2026-07-28T19:40:00.103322,107101,4585,2477,4585,75,4585,1,4585,2,4585,2,1758,0,1.028185500006657
3,0,,2026-07-28T19:40:01.133535,107771,4523,2435,4523,80,4523,0,4523,1,4523,1,1772,0,1.0298012999992352
3,0,,2026-07-28T19:40:02.160317,107095,4399,2330,4399,72,4399,2,4399,4,4399,1,1796,0,1.0264165999979014
3,0,,2026-07-28T19:40:03.187019,106412,4554,2445,4554,86,4554,0,4554,1,4554,4,1728,0,1.0265160999988439
3,0,,2026-07-28T19:40:04.213657,106889,4395,2340,4395,89,4395,2,4395,1,4395,1,1800,1,1.026498699997319
3,0,,2026-07-28T19:40:05.241283,107273,4470,2402,4470,87,4470,4,4470,4,4470,0,1799,0,1.0273848000069847
3,0,,2026-07-28T19:40:06.270677,107697,4479,2399,4479,90,4479,3,4479,3,4479,2,1804,1,1.0290658000012627
3,0,,2026-07-28T19:40:07.299327,107313,4377,2322,4377,64,4377,2,4377,2,4377,2,1691,0,1.0283633999933954
3,0,,2026-07-28T19:40:08.328399,106805,4399,2277,4399,81,4399,3,4399,1,4399,1,1783,0,1.0286916000040947
3,0,,2026-07-28T19:40:09.356700,106429,4428,2323,4428,71,4428,3,4428,3,4428,0,1792,0,1.0279418999998597
3,0,,2026-07-28T19:40:10.385811,106517,4345,2294,4345,80,4345,2,4345,0,4345,1,1733,1,1.0288081000035163
3,0,,2026-07-28T19:40:11.414847,107190,4496,2388,4496,87,4496,6,4496,1,4496,2,1754,0,1.028686600009678
3,0,,2026-07-28T19:40:12.443539,107251,4506,2347,4506,82,4506,6,4506,1,4506,0,1789,3,1.0283314000116661
3,0,,2026-07-28T19:40:13.471968,107256,4384,2242,4384,104,4384,3,4384,1,4384,3,1733,0,1.0280927999992855
3,0,,2026-07-28T19:40:14.501348,106826,4477,2357,4477,75,4477,3,4477,0,4477,0,1787,0,1.0289522999955807
3,0,,2026-07-28T19:40:15.530447,107311,4420,2399,4420,82,4420,3,4420,0,4420,0,1815,0,1.0286890999996103
3,0,,2026-07-28T19:40:16.560256,106762,4423,2353,4423,81,4423,1,4423,3,4423,3,1836,0,1.029455700001563
3,0,,2026-07-28T19:40:17.588417,106898,4302,2301,4302,84,4302,2,4302,5,4302,2,1784,1,1.0277495000045747
3,0,,2026-07-28T19:40:18.617296,106592,4401,2345,4401,67,4401,2,4401,2,4401,1,1719,0,1.0285670000012033
3,0,,2026-07-28T19:40:19.645980,106741,4422,2346,4422,92,4422,2,4422,4,4422,1,1792,2,1.0283624000003329
3,0,,2026-07-28T19:40:20.674161,107593,4425,2404,4425,74,4425,1,4425,1,4425,2,1830,2,1.0278607000072952
3,0,,2026-07-28T19:40:21.703571,106800,4451,2345,4451,89,4451,3,4451,3,4451,3,1801,0,1.0290572000085376
3,0,,2026-07-28T19:40:22.732450,107068,4415,2369,4415,70,4415,5,4415,5,4415,2,1763,1,1.0285531000117771
3,0,,2026-07-28T19:40:23.759899,107105,4500,2355,4500,82,4500,3,4500,2,4500,3,1837,2,1.0271609000046737
3,0,,2026-07-28T19:40:24.788158,106385,4415,2340,4415,72,4415,3,4415,2,4415,0,1785,2,1.027897199994186
3,0,,2026-07-28T19:40:25.814213,106702,4495,2354,4495,96,4495,0,4495,3,4495,2,1738,0,1.0256649000075413
3,0,,2026-07-28T19:40:26.841280,106682,4387,2295,4387,88,4387,4,4387,3,4387,2,1830,0,1.0268380000052275
3,0,,2026-07-28T19:40:27.870316,107205,4391,2371,4391,67,4391,1,4391,4,4391,1,1763,0,1.028735300002154
3,0,,2026-07-28T19:40:28.902828,106927,4357,2293,4357,79,4357,2,4357,2,4357,2,1640,2,1.0320709999941755
3,0,,2026-07-28T19:40:29.931377,107315,4453,2384,4453,76,4453,4,4453,2,4453,1,1815,2,1.0282125999947311
3,0,,2026-07-28T19:40:30.960746,107151,4355,2339,4355,66,4355,6,4355,2,4355,2,1754,1,1.028968899991014
3,0,,2026-07-28T19:40:31.990007,106173,4487,2383,4487,93,4487,4,4487,4,4487,4,1780,1,1.0289899999916088
3,0,,2026-07-28T19:40:33.019043,107080,4394,2326,4394,78,4394,3,4394,4,4394,2,1791,3,1.0286926999979187
3,0,,2026-07-28T19:40:34.047467,107039,4308,2301,4308,77,4308,3,4308,1,4308,2,1764,1,1.028133700005128
3,0,,2026-07-28T19:40:35.076247,106960,4482,2429,4482,79,4482,1,4482,1,4482,2,1727,1,1.028436699998565
3,0,,2026-07-28T19:40:36.105136,107001,4448,2360,4448,102,4448,4,4448,3,4448,1,1800,0,1.0284176999994088
3,0,,2026-07-28T19:40:37.134511,107302,4379,2357,4379,98,4379,5,4379,1,4379,0,1764,1,1.0289618999959202
3,0,,2026-07-28T19:40:38.163101,107139,4387,2337,4387,71,4387,1,4387,4,4387,0,1706,0,1.0282145999954082
3,0,,2026-07-28T19:40:39.191240,106238,4395,2345,4395,84,4395,4,4395,1,4395,4,1789,3,1.027776899994933
3,0,,2026-07-28T19:40:40.219928,106739,4453,2359,4453,82,4453,6,4453,0,4453,3,1772,1,1.0283892000006745
3,0,,2026-07-28T19:40:41.247895,106414,4379,2327,4379,77,4379,6,4379,3,4379,3,1731,1,1.0276655000052415
3,0,,2026-07-28T19:40:42.277045,106764,4510,2364,4510,91,4510,1,4510,1,4510,2,1803,0,1.0288185000099475
3,0,,2026-07-28T19:40:43.306495,107169,4490,2392,4490,76,4490,4,4490,2,4490,2,1725,0,1.0289971999882255
3,0,,2026-07-28T19:40:44.334487,107786,4431,2373,4431,72,4431,4,4431,2,4431,1,1758,1,1.0275784999976167
3,0,,2026-07-28T19:40:45.362673,106789,4488,2346,4488,66,4488,5,4488,2,4488,0,1830,0,1.0279300999973202
3,0,,2026-07-28T19:40:46.391336,107184,4409,2351,4409,82,4409,2,4409,1,4409,2,1795,2,1.0283671999932267
3,0,,2026-07-28T19:40:47.420325,107389,4434,2308,4434,87,4434,4,4434,0,4434,1,1714,1,1.0285941000038292
3,0,,2026-07-28T19:40:48.448823,106857,4512,2360,4512,82,4512,5,4512,1,4512,2,1861,1,1.028070199987269
3,0,,2026-07-28T19:40:49.478103,107044,4475,2383,4475,55,4475,1,4475,1,4475,1,1793,0,1.0289335999987088
3,0,,2026-07-28T19:40:50.507756,107291,4467,2349,4467,77,4467,2,4467,2,4467,0,1746,1,1.0292825999931665
3,0,,2026-07-28T19:40:51.537057,107272,4356,2356,4356,85,4356,2,4356,1,4356,3,1743,1,1.0288593000004767
3,0,,2026-07-28T19:40:52.566111,107215,4408,2363,4408,56,4408,3,4408,1,4408,2,1800,0,1.028776299994206
3,0,,2026-07-28T19:40:53.594840,107299,4399,2326,4399,62,4399,3,4399,3,4399,2,1797,2,1.0284202999901026
3,0,,2026-07-28T19:40:54.625243,107073,4497,2425,4497,82,4497,5,4497,3,4497,2,1688,0,1.0300346000003628
3,0,,2026-07-28T19:40:55.653959,106567,4429,2345,4429,95,4429,3,4429,2,4429,0,1814,0,1.0283918000059202
3,0,,2026-07-28T19:40:56.680647,106940,4391,2328,4391,62,4391,3,4391,1,4391,4,1829,1,1.0265389999985928
3,0,,2026-07-28T19:40:57.708521,106392,4379,2338,4379,91,4379,1,4379,4,4379,1,1842,0,1.0275859999965178
3,0,,2026-07-28T19:40:58.736324,107207,4461,2278,4461,83,4461,2,4461,5,4461,2,1777,1,1.0275690999988
3,0,,2026-07-28T19:40:59.762965,107379,4441,2413,4441,85,4441,7,4441,4,4441,0,1729,1,1.0263488999917172
3,0,,2026-07-28T19:41:00.790719,106600,4394,2297,4394,105,4394,3,4394,3,4394,0,1734,2,1.0273608999996213
3,0,,2026-07-28T19:41:01.819354,106431,4349,2303,4349,70,4349,4,4349,4,4349,0,1782,1,1.0282684999983758
3,0,,2026-07-28T19:41:02.846122,106902,4297,2230,4297,87,4297,4,4297,4,4297,0,1764,1,1.0263928000058513
3,0,,2026-07-28T19:41:03.874748,106772,4392,2344,4392,73,4392,3,4392,2,4392,3,1756,0,1.0283786999934819
3,0,,2026-07-28T19:41:04.903773,106870,4422,2419,4422,78,4422,5,4422,2,4422,3,1834,1,1.0287205999920843
3,0,,2026-07-28T19:41:05.932295,106951,4400,2337,4400,81,4400,5,4400,0,4400,1,1840,1,1.0282748000026913
3,0,,2026-07-28T19:41:06.960651,106459,4474,2388,4474,75,4474,6,4474,4,4474,2,1815,0,1.0280094999907305
3,0,,2026-07-28T19:41:07.990143,106872,4364,2317,4364,89,4364,3,4364,5,4364,1,1709,0,1.0291553999995813
3,0,,2026-07-28T19:41:09.018278,107161,4486,2378,4486,77,4486,2,4486,3,4486,1,1798,1,1.0278094000095734
3,0,,2026-07-28T19:41:10.046561,106609,4430,2375,4430,80,4430,2,4430,4,4430,1,1837,1,1.0279365000023972
3,0,,2026-07-28T19:41:11.075411,106660,4391,2304,4391,74,4391,1,4391,2,4391,3,1769,0,1.028486100010923
3,0,,2026-07-28T19:41:12.102726,107533,4443,2322,4443,75,4443,4,4443,2,4443,2,1762,0,1.0269477999972878
3,0,,2026-07-28T19:41:13.131099,107038,4419,2359,4419,107,4419,4,4419,2,4419,0,1738,0,1.028023500010022
3,0,,2026-07-28T19:41:14.160213,106772,4344,2332,4344,70,4344,1,4344,4,4344,1,1790,0,1.0288166999962414
3,0,,2026-07-28T19:41:15.188510,107449,4595,2453,4595,88,4595,3,4595,0,4595,3,1782,0,1.0279720999969868
3,0,,2026-07-28T19:41:16.216841,106936,4362,2370,4362,74,4362,6,4362,0,4362,1,1701,0,1.0279842000018107
3,0,,2026-07-28T19:41:17.245383,106869,4425,2314,4425,75,4425,3,4425,4,4425,1,1801,1,1.0281815999915125
3,0,,2026-07-28T19:41:18.274853,106842,4348,2332,4348,84,4348,3,4348,4,4348,1,1801,0,1.0290555999963544
3,0,,2026-07-28T19:41:19.303715,106952,4506,2433,4506,75,4506,4,4506,1,4506,1,1711,2,1.02851049999299
3,0,,2026-07-28T19:41:20.331478,106373,4378,2323,4378,63,4378,4,4378,1,4378,2,1828,2,1.0274426999967545
3,0,,2026-07-28T19:41:21.360237,106496,4396,2337,4396,46,4396,1,4396,3,4396,4,1800,0,1.0284096999967005
3,0,,2026-07-28T19:41:22.388484,106931,4505,2381,4505,80,4505,3,4505,2,4505,1,1803,1,1.0279176000040025
3,0,,2026-07-28T19:41:23.417622,106794,4468,2394,4468,86,4468,1,4468,1,4468,4,1781,1,1.0287427000002936
3,0,,2026-07-28T19:41:24.445686,107091,4445,2378,4445,84,4445,4,4445,5,4445,1,1785,1,1.027700199992978
3,0,,2026-07-28T19:41:25.474408,106445,4326,2273,4326,80,4326,4,4326,3,4326,0,1802,0,1.0284602000028826
3,0,,2026-07-28T19:41:26.503362,107444,4562,2467,4562,80,4562,1,4562,5,4562,2,1792,2,1.0287148999923375
3,0,,2026-07-28T19:41:27.533457,106593,4259,2246,4259,68,4259,4,4259,5,4259,2,1690,1,1.029693300006329
3,0,,2026-07-28T19:41:28.561841,106681,4486,2407,4486,71,4486,1,4486,4,4486,3,1781,3,1.0280351999972481
3,0,,2026-07-28T19:41:29.590013,106937,4514,2354,4514,80,4514,6,4514,2,4514,2,1864,0,1.0277872000006028
3,0,,2026-07-28T19:41:30.620929,106676,4394,2335,4394,82,4394,5,4394,3,4394,2,1798,1,1.030548299997463
3,0,,2026-07-28T19:41:31.650022,107070,4480,2395,4480,67,4480,3,4480,3,4480,2,1810,2,1.02872539999953
3,0,,2026-07-28T19:41:32.678423,106319,4374,2277,4374,77,4374,3,4374,0,4374,2,1861,0,1.0279592000006232
3,0,,2026-07-28T19:41:33.707321,106780,4466,2369,4466,97,4466,3,4466,1,4466,0,1781,0,1.028536300000269
3,0,,2026-07-28T19:41:34.737324,106701,4380,2337,4380,85,4380,5,4380,2,4380,1,1802,1,1.0296960999985458
3,0,,2026-07-28T19:41:35.767150,106533,4364,2279,4364,69,4364,7,4364,1,4364,3,1780,1,1.0294371000054525
3,0,,2026-07-28T19:41:36.795873,107063,4321,2297,4321,66,4321,1,4321,2,4321,1,1788,1,1.0283879000053275
3,0,,2026-07-28T19:41:37.824243,106587,4361,2289,4361,80,4361,7,4361,1,4361,0,1798,0,1.027991299997666
3,0,,2026-07-28T19:41:38.852852,106720,4510,2365,4510,79,4510,4,4510,0,4510,1,1794,2,1.0282329000037862
3,0,,2026-07-28T19:41:39.881270,106756,4532,2386,4532,81,4532,6,4532,2,4533,2,1802,0,1.0281072999932803
3,0,,2026-07-28T19:41:40.909345,106474,4384,2361,4384,69,4384,1,4384,2,4383,0,1843,2,1.0276860000012675
3,0,,2026-07-28T19:41:41.938373,106726,4388,2300,4388,73,4388,3,4388,3,4388,1,1782,2,1.0287161000014748
3,0,,2026-07-28T19:41:42.966442,107619,4431,2324,4431,88,4431,1,4431,3,4431,4,1806,0,1.0276853999966988
3,0,,2026-07-28T19:41:43.994757,106332,4415,2343,4415,73,4415,2,4415,1,4415,3,1742,2,1.0280070000007981
3,0,,2026-07-28T19:41:45.023130,106647,4463,2367,4463,78,4463,4,4463,3,4463,3,1801,0,1.0279413999960525
3,0,,2026-07-28T19:41:46.051967,106402,4331,2245,4331,78,4331,3,4331,0,4331,3,1783,1,1.0284296000027098
3,0,,2026-07-28T19:41:47.080871,105613,4421,2344,4421,91,4421,2,4421,1,4421,3,1765,1,1.028541400009999
3,0,,2026-07-28T19:41:48.110536,106236,4396,2331,4396,71,4396,1,4396,4,4396,6,1856,2,1.0292881000059424
3,0,,2026-07-28T19:41:49.138991,107259,4431,2339,4431,64,4431,5,4431,2,4431,7,1761,0,1.0278642000048421
3,0,,2026-07-28T19:41:50.167675,107175,4391,2359,4391,70,4391,4,4391,0,4391,3,1731,0,1.0283167000015965
3,0,,2026-07-28T19:41:51.194508,106486,4506,2398,4506,88,4506,5,4506,0,4506,2,1739,1,1.0264644999988377
3,0,,2026-07-28T19:41:52.222247,106017,4529,2415,4529,75,4529,5,4529,1,4529,2,1825,1,1.0273667000001296
3,0,,2026-07-28T19:41:53.250743,106451,4557,2471,4557,59,4557,1,4557,2,4557,2,1865,0,1.0281366999988677
3,0,,2026-07-28T19:41:54.278759,106306,4389,2342,4389,87,4389,4,4389,4,4389,1,1757,0,1.0276758999971207
3,0,,2026-07-28T19:41:55.307296,106333,4440,2328,4440,70,4440,5,4440,3,4440,3,1771,1,1.028207499999553
3,0,,2026-07-28T19:41:56.335727,106322,4487,2406,4487,81,4487,3,4487,1,4487,1,1803,0,1.0281264999939594
3,0,,2026-07-28T19:41:57.364680,106171,4399,2340,4399,78,4399,7,4399,4,4399,0,1718,1,1.02857860000222
3,0,,2026-07-28T19:41:58.393388,106301,4501,2434,4501,89,4501,1,4501,4,4501,1,1800,1,1.0284275000012713
3,0,,2026-07-28T19:41:59.422262,106126,4388,2246,4388,78,4388,4,4388,2,4388,2,1796,0,1.0284588999929838
3,0,,2026-07-28T19:42:00.451266,106876,4402,2332,4402,92,4402,1,4402,2,4402,4,1773,0,1.0287384999974165
3,0,,2026-07-28T19:42:01.479440,107158,4506,2334,4506,72,4506,4,4506,3,4506,3,1794,0,1.0279914999991888
3,0,,2026-07-28T19:42:02.509536,106869,4487,2380,4487,81,4487,2,4487,6,4487,1,1747,1,1.0297534000128508
3,0,,2026-07-28T19:42:03.538453,106366,4435,2348,4435,88,4435,0,4435,2,4435,4,1805,2,1.0285867000056896
3,0,,2026-07-28T19:42:04.566500,106144,4319,2273,4319,83,4319,5,4319,1,4319,1,1893,0,1.0277342000044882
3,0,,2026-07-28T19:42:05.595649,106528,4425,2322,4425,80,4425,6,4425,0,4425,1,1802,0,1.0288128000102006
3,0,,2026-07-28T19:42:06.624437,106475,4456,2387,4456,62,4456,1,4456,2,4456,3,1819,0,1.0283846000093035
3,0,,2026-07-28T19:42:07.653993,106225,4395,2351,4395,77,4395,5,4395,2,4395,6,1827,0,1.029095399993821
3,0,,2026-07-28T19:42:08.682052,106897,4374,2265,4374,82,4374,5,4374,3,4374,1,1734,1,1.0277545999997528
3,0,,2026-07-28T19:42:09.711369,106527,4273,2237,4273,70,4273,1,4273,3,4273,3,1819,1,1.0289097999921069
3,0,,2026-07-28T19:42:10.741229,105822,4299,2242,4299,69,4299,4,4299,4,4299,1,1782,0,1.029550899998867
3,0,,2026-07-28T19:42:11.771054,106518,4447,2326,4447,77,4447,3,4447,1,4447,1,1776,2,1.0293185999908019
3,0,,2026-07-28T19:42:12.799406,106782,4381,2341,4381,63,4381,0,4381,0,4381,2,1795,1,1.0279360999993514
3,0,,2026-07-28T19:42:13.828592,106765,4381,2287,4381,87,4381,3,4381,3,4381,3,1837,0,1.0288315000070725
3,0,,2026-07-28T19:42:14.857935,107130,4448,2412,4448,77,4448,6,4448,1,4448,3,1834,2,1.029009899997618
3,0,,2026-07-28T19:42:15.888237,106532,4520,2397,4520,90,4520,5,4520,2,4520,3,1846,1,1.029819099989254
3,0,,2026-07-28T19:42:16.917396,106414,4395,2345,4395,62,4395,7,4395,1,4395,0,1751,1,1.0287684000068111
3,0,,2026-07-28T19:42:17.946423,106536,4552,2344,4552,75,4552,3,4552,3,4552,3,1797,1,1.0286462999938522
3,0,,2026-07-28T19:42:18.975276,106747,4438,2307,4438,92,4438,3,4438,3,4438,1,1760,0,1.0284462999989046
3,0,,2026-07-28T19:42:20.004506,106059,4431,2379,4431,66,4431,5,4431,1,4431,1,1746,0,1.0288581000058912
3,0,,2026-07-28T19:42:21.034325,106173,4363,2345,4363,64,4363,3,4363,0,4363,6,1807,0,1.0294667999987723
3,0,,2026-07-28T19:42:22.063077,106747,4447,2394,4447,81,4447,1,4447,4,4447,1,1732,0,1.0283908999990672
3,0,,2026-07-28T19:42:23.092082,106507,4554,2369,4554,75,4554,4,4554,2,4554,2,1821,1,1.0286705000035
3,0,,2026-07-28T19:42:24.121526,106792,4434,2326,4434,74,4434,1,4434,1,4434,2,1822,0,1.02911829999357
3,0,,2026-07-28T19:42:25.148984,106671,4294,2237,4294,75,4294,3,4294,0,4294,0,1777,2,1.0270496000011917
3,0,,2026-07-28T19:42:26.178072,106552,4488,2304,4488,96,4488,3,4488,3,4488,1,1891,1,1.02875359999598
3,0,,2026-07-28T19:42:27.206422,106390,4459,2405,4459,88,4459,5,4459,2,4459,1,1768,1,1.0280326000065543
3,0,,2026-07-28T19:42:28.236675,107021,4385,2299,4385,78,4385,7,4385,4,4385,1,1746,2,1.029818900002283
3,0,,2026-07-28T19:42:29.265227,107069,4376,2344,4376,77,4376,2,4376,1,4376,3,1769,0,1.0280480999936117
3,0,,2026-07-28T19:42:30.294156,106466,4367,2323,4367,85,4367,4,4367,3,4367,1,1705,1,1.0286091000016313
3,0,,2026-07-28T19:42:31.322977,106622,4392,2268,4392,68,4392,2,4392,3,4392,0,1695,0,1.0285077000007732
3,0,,2026-07-28T19:42:32.353298,106875,4404,2338,4404,76,4404,7,4404,3,4404,1,1781,1,1.0299235999991652
3,0,,2026-07-28T19:42:33.381892,106666,4300,2300,4300,68,4300,4,4300,1,4300,3,1732,0,1.0282618000055663
3,0,,2026-07-28T19:42:34.410480,106702,4411,2355,4411,68,4411,6,4411,0,4411,0,1745,1,1.0281756000040332
3,0,,2026-07-28T19:42:35.438645,107083,4526,2400,4526,91,4526,5,4526,5,4526,1,1693,1,1.0278344999969704
3,0,,2026-07-28T19:42:36.468258,106588,4431,2339,4431,74,4431,2,4431,3,4431,1,1828,0,1.0292849999968894
3,0,,2026-07-28T19:42:37.497510,106599,4464,2396,4464,68,4464,3,4464,3,4464,2,1784,2,1.028944899997441
3,0,,2026-07-28T19:42:38.525374,107493,4484,2307,4484,93,4484,3,4484,6,4484,2,1777,0,1.0275396000070032
3,0,,2026-07-28T19:42:39.552347,106084,4275,2292,4275,74,4275,6,4275,2,4275,0,1753,1,1.026655399997253
3,0,,2026-07-28T19:42:40.595728,106259,4356,2340,4356,79,4356,5,4356,4,4356,1,1788,1,1.0432552999991458
3,0,,2026-07-28T19:42:41.625175,107977,4493,2364,4493,86,4493,3,4493,2,4493,3,1758,1,1.0277281000016956
3,0,,2026-07-28T19:42:42.653717,106312,4439,2389,4439,80,4439,1,4439,3,4439,1,1783,0,1.0281480999983614
3,0,,2026-07-28T19:42:43.681775,106957,4526,2429,4526,57,4526,4,4526,2,4526,2,1751,1,1.0277580999972997
3,0,,2026-07-28T19:42:44.709943,106898,4418,2283,4418,96,4418,5,4418,6,4418,2,1788,3,1.0277892000012798
3,0,,2026-07-28T19:42:45.739047,106415,4413,2374,4413,73,4413,4,4413,3,4413,0,1823,1,1.028788199997507
3,0,,2026-07-28T19:42:46.769155,106445,4430,2369,4430,91,4430,1,4430,3,4430,1,1816,0,1.029759799988824
3,0,,2026-07-28T19:42:47.797956,106695,4331,2296,4331,75,4331,2,4331,2,4331,3,1844,0,1.0283959000080358
3,0,,2026-07-28T19:42:48.827930,106796,4370,2258,4370,74,4370,4,4370,5,4370,1,1758,2,1.029637500003446
3,0,,2026-07-28T19:42:49.856526,106799,4596,2429,4596,77,4596,3,4596,1,4596,0,1724,0,1.0283104999980424
3,0,,2026-07-28T19:42:50.884442,106482,4349,2290,4349,64,4349,1,4349,3,4349,2,1836,1,1.0276295000076061
3,0,,2026-07-28T19:42:51.913739,106610,4303,2282,4303,68,4303,4,4303,4,4303,2,1802,0,1.0289683000009973
3,0,,2026-07-28T19:42:52.942446,106774,4613,2476,4613,80,4613,4,4613,1,4613,4,1815,0,1.0283236999966903
3,0,,2026-07-28T19:42:53.970666,106751,4388,2361,4388,78,4388,5,4388,4,4388,2,1830,4,1.0279000000009546
3,0,,2026-07-28T19:42:55.000467,106775,4277,2246,4277,80,4277,4,4277,2,4277,1,1835,0,1.029470699999365
3,0,,2026-07-28T19:42:56.028920,106177,4393,2364,4393,79,4393,7,4393,1,4393,1,1816,1,1.0280978999944637
3,0,,2026-07-28T19:42:57.056712,106740,4506,2391,4506,80,4506,6,4506,2,4506,6,1662,0,1.0274723999900743
3,0,,2026-07-28T19:42:58.085901,105968,4285,2296,4285,67,4285,4,4285,2,4285,3,1760,0,1.0288960000034422
3,0,,2026-07-28T19:42:59.115726,106457,4373,2284,4373,69,4373,4,4373,6,4373,2,1808,1,1.0294278999936068
3,0,,2026-07-28T19:43:00.144663,106181,4287,2288,4287,74,4287,1,4287,2,4287,1,1875,1,1.0285997999890242
3,0,,2026-07-28T19:43:01.173153,107134,4423,2326,4423,83,4423,1,4423,4,4423,3,1806,1,1.0281290999992052
3,0,,2026-07-28T19:43:02.202292,106229,4355,2249,4355,78,4355,3,4355,2,4355,3,1709,0,1.0288140999909956
3,0,,2026-07-28T19:43:03.231636,106459,4356,2275,4356,79,4356,3,4356,4,4356,3,1771,1,1.0289918000053149
3,0,,2026-07-28T19:43:04.259984,106022,4429,2340,4429,72,4429,7,4429,4,4429,1,1845,1,1.0279950999974972
3,0,,2026-07-28T19:43:05.289205,106411,4432,2361,4432,72,4432,5,4432,3,4432,1,1755,0,1.028863100000308
3,0,,2026-07-28T19:43:06.317623,106596,4360,2297,4360,71,4360,4,4360,3,4360,1,1769,0,1.0280886000109604
3,0,,2026-07-28T19:43:07.347707,106754,4337,2290,4337,85,4337,2,4337,1,4337,5,1750,0,1.0297270999872126
3,0,,2026-07-28T19:43:08.376306,106657,4432,2365,4432,89,4432,4,4432,2,4432,2,1795,1,1.02820729999803
3,0,,2026-07-28T19:43:09.405735,106717,4505,2353,4505,76,4505,3,4505,2,4505,1,1691,1,1.0290853999904357
3,0,,2026-07-28T19:43:10.434953,106681,4505,2397,4505,70,4505,4,4505,2,4505,1,1858,0,1.0288217999914195
3,0,,2026-07-28T19:43:11.465029,106898,4423,2330,4423,74,4423,3,4423,0,4423,2,1815,1,1.0297059000004083
3,0,,2026-07-28T19:43:12.493287,106213,4355,2349,4355,63,4355,1,4355,2,4355,1,1838,1,1.0279414000106044
3,0,,2026-07-28T19:43:13.522353,106941,4452,2447,4452,74,4452,4,4452,3,4452,1,1766,0,1.028710399987176
3,0,,2026-07-28T19:43:14.551299,106667,4422,2429,4422,72,4422,1,4422,5,4422,2,1763,1,1.0286104999977397
3,0,,2026-07-28T19:43:15.580736,106454,4372,2306,4372,69,4372,1,4372,5,4372,4,1720,0,1.0290561000001617
3,0,,2026-07-28T19:43:16.609556,106520,4349,2286,4349,66,4349,6,4349,4,4349,4,1757,0,1.0284609999944223
3,0,,2026-07-28T19:43:17.638993,106715,4441,2364,4441,91,4441,4,4441,3,4441,2,1782,0,1.0291029999934835
3,0,,2026-07-28T19:43:18.667315,107092,4473,2347,4473,76,4473,4,4473,3,4473,2,1824,1,1.0279806999897119
3,0,,2026-07-28T19:43:19.695778,107154,4396,2369,4396,81,4396,2,4396,3,4396,0,1735,1,1.028117800000473
3,0,,2026-07-28T19:43:20.725424,106240,4428,2367,4428,86,4428,2,4428,3,4428,3,1828,0,1.0293164000031538
3,0,,2026-07-28T19:43:21.754165,106347,4346,2303,4346,83,4346,3,4346,4,4346,3,1735,0,1.0283119000087027
3,0,,2026-07-28T19:43:22.782771,106971,4441,2358,4441,63,4441,3,4441,4,4441,2,1809,0,1.0282592000003206
3,0,,2026-07-28T19:43:23.811621,106131,4427,2362,4427,82,4427,3,4427,2,4427,5,1832,0,1.0285130999982357
3,0,,2026-07-28T19:43:24.841765,106914,4441,2339,4441,81,4441,5,4441,3,4441,5,1797,1,1.029860299997381
3,0,,2026-07-28T19:43:25.869886,107225,4316,2328,4316,84,4316,3,4316,4,4316,1,1781,1,1.0278097999980673
3,0,,2026-07-28T19:43:26.896482,106663,4472,2388,4472,65,4472,6,4472,0,4472,1,1700,0,1.026194599995506
3,0,,2026-07-28T19:43:27.923169,106186,4428,2408,4428,75,4428,3,4428,1,4428,2,1733,0,1.0264806000050157
3,0,,2026-07-28T19:43:28.952544,105971,4411,2326,4411,79,4411,3,4411,3,4411,1,1767,1,1.0291288000007626
3,0,,2026-07-28T19:43:29.981116,106730,4412,2352,4412,76,4412,5,4412,2,4412,0,1768,2,1.028274499985855
3,0,,2026-07-28T19:43:31.025840,108151,4458,2346,4458,80,4458,2,4458,3,4458,2,1918,1,1.044424199993955
3,0,,2026-07-28T19:43:32.054663,106571,4459,2391,4459,79,4459,3,4459,5,4459,0,1761,2,1.0286265000031563
3,0,,2026-07-28T19:43:33.083635,106880,4463,2369,4463,90,4463,3,4463,2,4463,3,1789,1,1.0286698999989312
3,0,,2026-07-28T19:43:34.112629,107185,4412,2344,4412,86,4412,3,4412,3,4412,1,1775,1,1.028661500007729
3,0,,2026-07-28T19:43:35.141882,106822,4514,2432,4514,73,4514,4,4514,1,4514,0,1759,2,1.0289263000013307
3,0,,2026-07-28T19:43:36.170563,106628,4445,2327,4445,86,4445,2,4445,5,4445,2,1776,0,1.0283462000079453
3,0,,2026-07-28T19:43:37.199763,106288,4432,2330,4432,86,4432,3,4432,2,4432,3,1838,3,1.0288949999958277
3,0,,2026-07-28T19:43:38.228916,106564,4413,2355,4413,82,4413,2,4413,4,4413,0,1819,1,1.0287824999977602
3,0,,2026-07-28T19:43:39.257298,106555,4396,2305,4396,62,4396,2,4396,2,4396,0,1750,0,1.0280199999979232
3,0,,2026-07-28T19:43:40.286460,106726,4417,2423,4417,81,4417,3,4417,3,4417,2,1857,0,1.028867299988633
3,0,,2026-07-28T19:43:41.314616,106521,4333,2316,4333,81,4333,1,4333,3,4333,2,1768,2,1.02787229999376
3,0,,2026-07-28T19:43:42.342703,106417,4578,2371,4578,72,4578,1,4578,2,4578,3,1787,1,1.0277675999968778
3,0,,2026-07-28T19:43:43.371766,106607,4309,2321,4309,91,4309,1,4309,1,4309,3,1739,0,1.0285959000029834
3,0,,2026-07-28T19:43:44.399600,106707,4598,2404,4598,85,4598,0,4598,3,4598,1,1754,0,1.0273294999933569
3,0,,2026-07-28T19:43:45.427198,106054,4405,2307,4405,88,4405,4,4405,0,4405,2,1741,0,1.0273070999974152
3,0,,2026-07-28T19:43:46.454918,106815,4459,2372,4459,72,4459,5,4459,0,4459,0,1790,1,1.0274770999967586
3,0,,2026-07-28T19:43:47.484131,106679,4400,2337,4400,64,4400,1,4400,3,4400,2,1785,0,1.0288926000066567
3,0,,2026-07-28T19:43:48.512672,107263,4445,2383,4445,94,4445,2,4445,2,4445,2,1869,0,1.0281480999983614
3,0,,2026-07-28T19:43:49.541155,106419,4288,2244,4288,72,4288,6,4288,0,4288,0,1830,0,1.0281167999928584
3,0,,2026-07-28T19:43:50.570164,106811,4379,2324,4379,85,4379,1,4379,2,4379,1,1740,2,1.0286711999942781
3,0,,2026-07-28T19:43:51.599346,106761,4230,2262,4230,74,4230,5,4230,1,4230,1,1809,0,1.028842200001236
3,0,,2026-07-28T19:43:52.627354,107173,4354,2313,4354,78,4354,2,4354,2,4354,3,1791,0,1.0276570999994874
3,0,,2026-07-28T19:43:53.657047,106753,4455,2340,4455,81,4455,7,4455,3,4455,1,1757,1,1.0293448000011267
3,0,,2026-07-28T19:43:54.686254,107220,4420,2356,4420,70,4420,6,4420,4,4420,2,1814,1,1.0286593999917386
3,0,,2026-07-28T19:43:55.715438,106846,4336,2245,4336,66,4336,4,4336,2,4336,0,1761,1,1.028910300010466
3,0,,2026-07-28T19:43:56.744536,106697,4482,2332,4482,81,4482,3,4482,2,4482,1,1794,1,1.0287584000034258
3,0,,2026-07-28T19:43:57.774559,106800,4476,2415,4476,87,4476,4,4476,3,4476,3,1766,0,1.0296457999938866
3,0,,2026-07-28T19:43:58.802830,106823,4387,2310,4387,102,4387,4,4387,1,4387,3,1740,1,1.0279249000013806
3,0,,2026-07-28T19:43:59.831284,106588,4487,2418,4487,70,4487,5,4487,4,4487,2,1785,0,1.028107900012401
3,0,,2026-07-28T19:44:00.860397,106326,4410,2280,4410,75,4410,3,4410,5,4410,1,1826,2,1.028766599993105
3,0,,2026-07-28T19:44:01.889372,106640,4506,2391,4506,89,4506,3,4506,5,4506,0,1716,0,1.0285759000107646
3,0,,2026-07-28T19:44:02.918887,106822,4438,2371,4438,63,4438,2,4438,3,4438,4,1734,1,1.0290580000000773
3,0,,2026-07-28T19:44:03.947611,106400,4348,2299,4348,80,4348,0,4348,4,4348,3,1763,0,1.0283722000021953
3,0,,2026-07-28T19:44:04.974715,106594,4312,2310,4312,75,4312,5,4312,1,4312,3,1885,0,1.0267628000001423
3,0,,2026-07-28T19:44:06.001746,106511,4541,2363,4541,71,4541,5,4541,2,4541,0,1725,0,1.0267598000064027
3,0,,2026-07-28T19:44:07.030844,106841,4428,2412,4428,75,4428,1,4428,3,4428,1,1795,1,1.0288717000075849
3,0,,2026-07-28T19:44:08.060578,107010,4539,2380,4539,88,4539,1,4539,1,4539,3,1784,1,1.029341800007387
3,0,,2026-07-28T19:44:09.087893,106170,4559,2381,4559,87,4559,2,4559,1,4559,2,1839,1,1.0270406000054209
3,0,,2026-07-28T19:44:10.116431,106901,4586,2443,4586,77,4586,4,4586,2,4586,1,1866,3,1.028335099996184
3,0,,2026-07-28T19:44:11.145520,106092,4342,2352,4342,72,4342,1,4342,3,4342,1,1892,1,1.0286916000040947
3,0,,2026-07-28T19:44:12.174819,106629,4414,2360,4414,82,4414,5,4414,1,4414,2,1858,0,1.0289078000059817
3,0,,2026-07-28T19:44:13.204645,105945,4428,2279,4428,65,4428,3,4428,0,4428,0,1903,0,1.0294840999995358
3,0,,2026-07-28T19:44:14.232596,106553,4349,2306,4349,63,4349,9,4349,1,4349,2,1794,1,1.0276205000118352
3,0,,2026-07-28T19:44:15.262033,106309,4493,2342,4493,87,4493,3,4493,1,4493,2,1753,0,1.0291606999962823
3,0,,2026-07-28T19:44:16.290311,107143,4487,2385,4487,70,4487,2,4487,6,4487,3,1805,1,1.0279324999864912
3,0,,2026-07-28T19:44:17.317109,106328,4450,2395,4450,89,4450,4,4450,4,4450,4,1859,1,1.0265136000089115
3,0,,2026-07-28T19:44:18.343649,106713,4390,2350,4390,78,4390,2,4390,5,4390,2,1828,1,1.0262014000036288
3,0,,2026-07-28T19:44:19.370395,106714,4294,2349,4294,64,4294,3,4294,2,4294,0,1751,1,1.0265113999921596
3,0,,2026-07-28T19:44:20.397980,106422,4371,2276,4371,79,4371,1,4371,2,4371,2,1653,0,1.0274365000077523
3,0,,2026-07-28T19:44:21.425578,106328,4392,2319,4392,78,4392,4,4392,1,4392,2,1807,0,1.0269900999992387
3,0,,2026-07-28T19:44:22.452718,106568,4442,2326,4442,84,4442,6,4442,2,4442,3,1823,1,1.0268935000058264
3,0,,2026-07-28T19:44:23.479029,106600,4426,2335,4426,69,4426,2,4426,1,4426,4,1821,1,1.0261390000086976
3,0,,2026-07-28T19:44:24.508134,106629,4406,2360,4406,63,4406,6,4406,4,4406,3,1774,0,1.028924400001415
3,0,,2026-07-28T19:44:25.535949,107324,4439,2359,4439,81,4439,2,4439,0,4439,3,1786,0,1.0274643000011565
3,0,,2026-07-28T19:44:26.563621,106622,4338,2296,4338,60,4338,4,4338,3,4338,3,1768,0,1.027415700009442
3,0,,2026-07-28T19:44:27.592439,106781,4396,2263,4396,76,4396,7,4396,0,4396,0,1792,0,1.0286061999941012
3,0,,2026-07-28T19:44:28.619117,106003,4448,2388,4448,82,4448,5,4448,5,4448,2,1687,2,1.026400200003991
3,0,,2026-07-28T19:44:29.646745,106393,4445,2290,4445,82,4445,1,4445,2,4445,1,1730,1,1.0274341000040295
3,0,,2026-07-28T19:44:30.675185,106825,4526,2386,4526,93,4526,5,4526,3,4526,6,1818,1,1.0282189999998081
3,0,,2026-07-28T19:44:31.705038,106904,4395,2348,4395,82,4395,7,4395,1,4395,1,1736,0,1.029472900001565
3,0,,2026-07-28T19:44:32.732956,106685,4336,2270,4336,95,4336,4,4336,2,4336,1,1720,1,1.0275850000034552
3,0,,2026-07-28T19:44:33.759507,106537,4411,2293,4411,74,4411,3,4411,1,4411,0,1737,1,1.026182700006757
3,0,,2026-07-28T19:44:34.789849,106130,4375,2355,4375,75,4375,6,4375,0,4375,2,1828,2,1.0300038999994285
3,0,,2026-07-28T19:44:35.818721,106750,4454,2355,4454,61,4454,5,4454,4,4454,1,1795,1,1.0284367999993265
3,0,,2026-07-28T19:44:36.845946,107032,4468,2379,4468,76,4468,1,4468,4,4468,3,1782,0,1.0269684000086272
3,0,,2026-07-28T19:44:37.872646,106608,4339,2304,4339,74,4339,5,4339,3,4339,4,1771,3,1.0264736999961315
3,0,,2026-07-28T19:44:38.899344,106171,4431,2298,4431,82,4431,6,4431,2,4431,5,1778,1,1.0264814999973169
3,0,,2026-07-28T19:44:39.925821,106281,4300,2331,4300,67,4300,2,4300,3,4300,3,1728,0,1.0262731999973767
3,0,,2026-07-28T19:44:40.953384,106474,4316,2306,4316,82,4316,7,4316,6,4316,0,1801,1,1.027423200008343
3,0,,2026-07-28T19:44:41.980222,107020,4420,2336,4420,91,4420,2,4420,2,4420,0,1736,0,1.0266044000018155
3,0,,2026-07-28T19:44:43.007238,106314,4345,2307,4345,71,4345,4,4345,4,4345,0,1667,2,1.0266883000003872
3,0,,2026-07-28T19:44:44.037041,107086,4369,2343,4369,75,4369,4,4369,1,4369,0,1837,0,1.0294607999967411
3,0,,2026-07-28T19:44:45.065803,106655,4464,2414,4464,75,4464,4,4464,4,4464,0,1774,3,1.0284462999989046
3,0,,2026-07-28T19:44:46.094111,106567,4437,2332,4437,68,4437,4,4437,0,4437,3,1787,0,1.0279733000061242
3,0,,2026-07-28T19:44:47.121926,106837,4520,2445,4520,66,4520,4,4520,2,4520,1,1801,0,1.0274033000023337
3,0,,2026-07-28T19:44:48.149521,106743,4374,2304,4374,70,4374,3,4374,3,4374,2,1832,0,1.0273310000047786
3,0,,2026-07-28T19:44:49.178174,106888,4557,2422,4557,87,4557,5,4557,4,4557,0,1760,2,1.028256199992029
3,0,,2026-07-28T19:44:50.204865,106756,4525,2385,4525,90,4525,3,4525,2,4525,4,1834,1,1.02639050000289
3,0,,2026-07-28T19:44:51.231963,106387,4463,2377,4463,90,4463,3,4463,1,4463,2,1850,1,1.0267192000028444
3,0,,2026-07-28T19:44:52.260242,106191,4525,2422,4525,80,4525,1,4525,3,4525,4,1826,0,1.028004099993268
3,0,,2026-07-28T19:44:53.288623,106727,4313,2189,4313,84,4313,3,4313,2,4313,1,1819,0,1.0281560000003083
3,0,,2026-07-28T19:44:54.315868,107174,4534,2393,4534,79,4534,2,4534,1,4534,2,1769,2,1.026981999995769
3,0,,2026-07-28T19:44:55.344982,106602,4364,2263,4364,86,4364,1,4364,4,4364,1,1726,0,1.0288430999935372
3,0,,2026-07-28T19:44:56.371602,107001,4356,2305,4356,73,4356,2,4356,2,4356,1,1659,1,1.0263666000100784
3,0,,2026-07-28T19:44:57.398347,107116,4470,2368,4470,73,4470,2,4470,1,4470,2,1800,1,1.0265969000029145
3,0,,2026-07-28T19:44:58.425441,105999,4348,2323,4348,85,4348,1,4348,2,4348,2,1776,1,1.0269391999900108
3,0,,2026-07-28T19:44:59.454724,107104,4477,2348,4477,94,4477,2,4477,2,4477,2,1743,1,1.0289635000081034
3,0,,2026-07-28T19:45:00.481487,106177,4478,2354,4478,77,4478,5,4478,3,4478,0,1723,0,1.026563499995973
3,0,,2026-07-28T19:45:01.507962,106243,4388,2352,4388,85,4388,4,4388,5,4388,1,1790,1,1.0262885999982245
3,0,,2026-07-28T19:45:02.535871,106284,4510,2332,4510,81,4510,7,4510,4,4510,2,1862,0,1.0276601999939885
3,0,,2026-07-28T19:45:03.562389,106938,4404,2356,4404,77,4404,0,4404,6,4404,2,1730,1,1.0262438000063412
3,0,,2026-07-28T19:45:04.589200,106442,4344,2272,4344,70,4344,1,4344,4,4344,0,1776,1,1.026564600004349
3,0,,2026-07-28T19:45:05.618005,107255,4401,2376,4401,87,4401,4,4401,1,4401,2,1763,1,1.0285965999937616
3,0,,2026-07-28T19:45:06.645337,106772,4287,2279,4287,70,4287,5,4287,2,4287,2,1772,1,1.027033999998821
3,0,,2026-07-28T19:45:07.698696,106954,4287,2242,4287,80,4287,2,4287,3,4287,2,1817,0,1.0530989999970188
3,0,,2026-07-28T19:45:08.729977,109646,4524,2440,4524,82,4524,2,4524,1,4524,5,1820,1,1.0289411999983713
3,0,,2026-07-28T19:45:09.758879,106560,4412,2347,4412,82,4412,4,4412,3,4412,1,1766,1,1.0285691000026418
3,0,,2026-07-28T19:45:10.788261,106603,4506,2405,4506,80,4506,3,4506,4,4506,2,1800,1,1.0290192999964347
3,0,,2026-07-28T19:45:11.817012,106662,4428,2391,4428,83,4428,3,4428,1,4428,1,1818,0,1.028411799998139
3,0,,2026-07-28T19:45:12.846126,107227,4518,2389,4518,71,4518,4,4518,2,4518,0,1760,0,1.0287747999973362
3,0,,2026-07-28T19:45:13.875777,107129,4385,2342,4385,86,4385,4,4385,3,4385,2,1765,0,1.0293584000028204
3,0,,2026-07-28T19:45:14.905140,107287,4361,2374,4361,74,4361,0,4361,1,4361,1,1775,0,1.029010999991442
3,0,,2026-07-28T19:45:15.933778,106578,4378,2267,4378,84,4378,1,4378,4,4378,5,1766,0,1.0283148000016809
3,0,,2026-07-28T19:45:16.962856,106030,4388,2293,4388,77,4388,2,4388,4,4388,1,1761,0,1.028748099997756
3,0,,2026-07-28T19:45:17.991443,106966,4373,2307,4373,91,4373,1,4373,4,4373,0,1848,0,1.028233300006832
3,0,,2026-07-28T19:45:19.020117,106674,4412,2363,4412,79,4412,5,4412,3,4412,1,1877,1,1.028294100004132
3,0,,2026-07-28T19:45:20.048878,106568,4514,2419,4514,66,4514,5,4514,1,4514,1,1754,1,1.028367499995511
3,0,,2026-07-28T19:45:21.077393,107055,4338,2298,4338,70,4338,3,4338,1,4338,3,1791,0,1.0281881999981124
3,0,,2026-07-28T19:45:22.106253,106766,4447,2366,4447,71,4447,3,4447,1,4447,0,1846,1,1.0284253999998327
3,0,,2026-07-28T19:45:23.134722,107202,4468,2375,4468,68,4468,1,4468,6,4468,0,1798,3,1.0279993000003742
3,0,,2026-07-28T19:45:24.164783,107415,4407,2323,4407,90,4407,1,4407,0,4407,2,1849,0,1.0297056999988854
3,0,,2026-07-28T19:45:25.193742,106776,4377,2299,4377,85,4377,3,4377,1,4377,3,1828,0,1.0286286000045948
3,0,,2026-07-28T19:45:26.220311,106861,4333,2309,4333,73,4333,3,4333,3,4333,5,1837,1,1.0262242000026163
3,0,,2026-07-28T19:45:27.249356,106481,4280,2274,4280,83,4280,4,4280,5,4280,1,1759,2,1.0288634000025922
3,0,,2026-07-28T19:45:28.276504,107198,4361,2279,4361,77,4361,4,4361,1,4361,2,1754,1,1.0268616000103066
3,0,,2026-07-28T19:45:29.304759,106460,4450,2357,4450,79,4450,4,4450,2,4450,2,1845,1,1.0280377000017324
3,0,,2026-07-28T19:45:30.333702,106105,4424,2323,4424,79,4424,4,4424,3,4424,1,1739,1,1.0285456999990856
3,0,,2026-07-28T19:45:31.362590,106806,4408,2304,4408,80,4408,2,4408,4,4408,2,1787,0,1.0285231999878306
3,0,,2026-07-28T19:45:32.391836,106466,4382,2313,4382,90,4382,3,4382,3,4382,1,1836,3,1.028866200009361
3,0,,2026-07-28T19:45:33.420740,106380,4385,2267,4385,75,4385,6,4385,2,4385,0,1722,2,1.0284115000104066
3,0,,2026-07-28T19:45:34.450226,106613,4454,2341,4454,99,4454,3,4454,5,4454,1,1779,3,1.0291474999976344
3,0,,2026-07-28T19:45:35.479690,107255,4382,2366,4382,76,4382,6,4382,3,4382,3,1788,2,1.028997999994317
3,0,,2026-07-28T19:45:36.510063,106573,4358,2347,4358,65,4358,4,4358,1,4358,3,1777,2,1.0299074999929871
3,0,,2026-07-28T19:45:37.539315,107069,4381,2393,4381,58,4381,1,4381,4,4381,0,1746,0,1.0288870999938808
3,0,,2026-07-28T19:45:38.569622,106447,4452,2377,4452,101,4452,5,4452,4,4452,2,1754,0,1.0299567999900319
3,0,,2026-07-28T19:45:39.598753,106867,4516,2434,4516,61,4516,5,4516,2,4516,0,1837,0,1.02875800000038
3,0,,2026-07-28T19:45:40.627277,106827,4376,2345,4376,90,4376,2,4376,1,4376,2,1781,2,1.0281233999994583
3,0,,2026-07-28T19:45:41.656078,107087,4445,2343,4445,93,4445,3,4445,5,4445,0,1808,2,1.0283994999917923
3,0,,2026-07-28T19:45:42.684036,107116,4455,2339,4455,101,4455,2,4455,2,4455,2,1801,0,1.0276747000025352
3,0,,2026-07-28T19:45:43.712882,106771,4470,2317,4470,81,4470,6,4470,3,4470,2,1758,1,1.0285163000080502
3,0,,2026-07-28T19:45:44.741183,106720,4386,2255,4386,78,4386,3,4386,4,4386,2,1787,0,1.0280241000000387
3,0,,2026-07-28T19:45:45.769490,106768,4555,2420,4555,71,4555,5,4555,3,4555,2,1794,0,1.027982500003418
3,0,,2026-07-28T19:45:46.798900,107145,4421,2313,4421,71,4421,2,4421,4,4421,2,1738,0,1.0290698000026168
3,0,,2026-07-28T19:45:47.827172,106980,4409,2367,4409,77,4409,5,4409,0,4409,1,1799,1,1.0279542000062065
3,0,,2026-07-28T19:45:48.854541,106671,4494,2431,4494,86,4494,0,4494,3,4494,4,1735,1,1.0269628999958513
3,0,,2026-07-28T19:45:49.883524,106809,4461,2362,4461,70,4461,0,4461,2,4461,4,1800,1,1.0287316000030842
3,0,,2026-07-28T19:45:50.913613,106806,4329,2256,4329,69,4329,3,4329,4,4329,0,1814,1,1.0296840999944834
3,0,,2026-07-28T19:45:51.942701,106667,4411,2293,4411,88,4411,1,4411,2,4411,4,1790,0,1.028661899996223
3,0,,2026-07-28T19:45:52.971711,106487,4375,2319,4375,95,4375,3,4375,1,4375,3,1736,3,1.028675800000201
3,0,,2026-07-28T19:45:53.998933,107440,4346,2319,4346,81,4346,3,4346,4,4346,2,1759,1,1.0269468000042252
3,0,,2026-07-28T19:45:55.026552,106767,4248,2278,4248,63,4248,4,4248,4,4248,0,1750,0,1.027337899999111
3,0,,2026-07-28T19:45:56.055158,106964,4385,2311,4385,77,4385,2,4385,2,4385,1,1757,0,1.0284266999951797
3,0,,2026-07-28T19:45:57.083586,107564,4433,2309,4433,93,4433,4,4433,2,4433,3,1789,2,1.028142499999376
3,0,,2026-07-28T19:45:58.112540,106678,4576,2421,4576,82,4576,4,4576,2,4576,1,1811,0,1.0286019000050146
3,0,,2026-07-28T19:45:59.141654,106363,4441,2315,4441,76,4441,1,4441,2,4441,1,1705,0,1.0287205000058748
3,0,,2026-07-28T19:46:00.170216,107178,4430,2305,4430,89,4430,1,4430,2,4430,1,1787,1,1.028205299997353
3,0,,2026-07-28T19:46:01.199922,106434,4389,2310,4389,78,4389,1,4389,0,4389,1,1859,1,1.0293682999908924
3,0,,2026-07-28T19:46:02.229435,106723,4362,2343,4362,82,4362,3,4362,3,4362,3,1779,1,1.0292308000061894
3,0,,2026-07-28T19:46:03.259923,106372,4329,2317,4329,77,4329,2,4329,2,4329,2,1808,0,1.0302015000052052
3,0,,2026-07-28T19:46:04.288116,106997,4468,2351,4468,81,4468,3,4468,2,4468,5,1740,0,1.0277921999950195
3,0,,2026-07-28T19:46:05.318502,106682,4457,2347,4457,82,4457,1,4457,1,4457,2,1789,1,1.0299686999933328
3,0,,2026-07-28T19:46:06.347458,107119,4524,2410,4524,91,4524,3,4524,2,4524,6,1797,2,1.0285887999925762
3,0,,2026-07-28T19:46:07.375911,106371,4483,2351,4483,83,4483,1,4483,1,4483,3,1786,1,1.0280205000017304
3,0,,2026-07-28T19:46:08.404554,106613,4486,2390,4486,75,4486,1,4486,2,4486,2,1777,0,1.0283365999930538
3,0,,2026-07-28T19:46:09.432673,106413,4414,2316,4414,70,4414,3,4414,4,4414,5,1800,0,1.0276939000032144
3,0,,2026-07-28T19:46:10.461663,106314,4420,2299,4420,78,4420,4,4420,3,4420,1,1792,0,1.0286833999998635
3,0,,2026-07-28T19:46:11.489663,106753,4453,2367,4453,75,4453,3,4453,2,4453,0,1781,0,1.0276817999983905
3,0,,2026-07-28T19:46:12.518251,106776,4396,2356,4396,85,4396,8,4396,2,4396,3,1791,1,1.0282212000020081
3,0,,2026-07-28T19:46:13.546828,106473,4325,2279,4325,80,4325,3,4325,1,4325,3,1745,0,1.028213700003107
3,0,,2026-07-28T19:46:14.575961,107202,4457,2344,4457,88,4457,6,4457,2,4457,1,1807,0,1.0288139000040246
3,0,,2026-07-28T19:46:15.605206,107130,4382,2320,4382,75,4382,3,4382,1,4382,1,1767,1,1.0289113999897381
3,0,,2026-07-28T19:46:16.634173,106613,4288,2314,4288,64,4288,5,4288,2,4288,1,1762,0,1.0286218999972334
3,0,,2026-07-28T19:46:17.663256,106488,4566,2439,4566,75,4566,4,4566,2,4566,2,1739,1,1.028713699997752
3,0,,2026-07-28T19:46:18.692565,107548,4396,2197,4396,72,4396,0,4396,4,4396,5,1791,0,1.028987400000915
3,0,,2026-07-28T19:46:19.721356,106830,4408,2292,4408,80,4408,2,4408,3,4408,1,1779,1,1.0284393999900203
3,0,,2026-07-28T19:46:20.751358,107281,4367,2330,4367,80,4367,3,4367,3,4367,3,1845,0,1.0296823999960907
3,0,,2026-07-28T19:46:21.780049,106581,4397,2345,4397,78,4397,6,4397,2,4397,2,1816,1,1.0283794999995735
3,0,,2026-07-28T19:46:22.809085,107111,4374,2272,4374,66,4374,3,4374,3,4374,3,1836,2,1.0286752999963937
3,0,,2026-07-28T19:46:23.836032,106351,4431,2358,4431,98,4431,3,4431,1,4431,1,1815,0,1.0266397999948822
3,0,,2026-07-28T19:46:24.864534,107018,4489,2338,4489,85,4489,5,4489,2,4489,1,1771,1,1.0283322000032058
3,0,,2026-07-28T19:46:25.893608,106099,4289,2241,4289,72,4289,2,4289,3,4289,3,1803,0,1.0287435999925947
3,0,,2026-07-28T19:46:26.923458,107210,4493,2371,4493,66,4493,3,4493,1,4493,2,1746,1,1.0295296999975108
3,0,,2026-07-28T19:46:27.952467,106825,4468,2354,4468,70,4468,7,4468,1,4468,4,1778,1,1.028577300006873
3,0,,2026-07-28T19:46:28.978495,106997,4457,2368,4457,90,4457,2,4457,2,4457,2,1727,0,1.0256577999971341
3,0,,2026-07-28T19:46:30.007132,105958,4326,2324,4326,83,4326,3,4326,4,4326,2,1731,3,1.0284035999939078
3,0,,2026-07-28T19:46:31.036011,106820,4418,2272,4418,85,4418,2,4418,4,4418,2,1769,0,1.0285420000000158
3,0,,2026-07-28T19:46:32.065850,106807,4383,2295,4383,78,4383,2,4383,2,4383,1,1726,1,1.029519400006393
3,0,,2026-07-28T19:46:33.094886,106682,4444,2332,4444,82,4444,1,4444,1,4444,1,1752,0,1.0286805999930948
3,0,,2026-07-28T19:46:34.124339,106713,4395,2309,4395,64,4395,1,4395,3,4395,3,1765,1,1.0290822999959346
3,0,,2026-07-28T19:46:35.152814,106542,4391,2313,4391,84,4391,3,4391,1,4391,2,1762,0,1.0281325000105426
3,0,,2026-07-28T19:46:36.181892,106699,4540,2420,4540,102,4540,4,4540,0,4540,1,1748,1,1.028716799992253
3,0,,2026-07-28T19:46:37.211080,106518,4521,2311,4521,77,4521,2,4521,5,4521,3,1808,0,1.028803399996832
3,0,,2026-07-28T19:46:38.240331,106973,4436,2330,4436,69,4436,0,4436,1,4436,1,1753,1,1.028858699995908
3,0,,2026-07-28T19:46:39.270019,106782,4409,2330,4409,70,4409,3,4409,1,4409,0,1692,0,1.0292882000067038
3,0,,2026-07-28T19:46:40.298031,106627,4467,2334,4467,88,4467,1,4467,6,4467,1,1775,4,1.0276351000065915
3,0,,2026-07-28T19:46:41.324887,106639,4478,2399,4478,72,4478,0,4478,2,4478,3,1808,1,1.0265199999994365
3,0,,2026-07-28T19:46:42.355273,107279,4474,2360,4474,57,4474,3,4474,1,4474,7,1742,1,1.030023200000869
3,0,,2026-07-28T19:46:43.385188,106863,4484,2415,4484,71,4484,5,4484,3,4484,2,1785,0,1.0294366000016453
3,0,,2026-07-28T19:46:44.414196,106701,4397,2351,4397,85,4397,4,4397,1,4397,4,1830,0,1.0285701999964658
3,0,,2026-07-28T19:46:45.442251,106582,4438,2301,4438,68,4438,6,4438,2,4438,1,1827,2,1.0277200999989873
3,0,,2026-07-28T19:46:46.470919,107176,4529,2418,4529,71,4529,3,4529,6,4529,1,1830,0,1.0282863000029465
3,0,,2026-07-28T19:46:47.497770,106862,4507,2437,4507,81,4507,3,4507,0,4507,4,1789,1,1.0264480999903753
3,0,,2026-07-28T19:46:48.524704,106632,4537,2400,4537,83,4537,4,4537,5,4537,2,1805,0,1.0267362000013236
3,0,,2026-07-28T19:46:49.553250,106115,4278,2288,4278,82,4278,0,4278,2,4278,3,1785,2,1.0283289000071818
3,0,,2026-07-28T19:46:50.581077,106668,4387,2339,4387,81,4387,4,4387,5,4387,1,1800,0,1.0274193999939598
3,0,,2026-07-28T19:46:51.607910,106912,4367,2336,4367,74,4367,0,4367,2,4367,0,1796,1,1.0265272999968147
3,0,,2026-07-28T19:46:52.636866,106699,4367,2227,4367,86,4367,6,4367,5,4367,1,1768,1,1.028739700006554
3,0,,2026-07-28T19:46:53.666125,107022,4469,2361,4469,74,4469,5,4469,2,4469,0,1747,3,1.0288689000008162
3,0,,2026-07-28T19:46:54.694985,106578,4475,2425,4475,69,4475,3,4475,1,4475,1,1742,1,1.0284792000020389
3,0,,2026-07-28T19:46:55.724340,107291,4343,2259,4343,70,4343,4,4343,6,4343,0,1699,2,1.0290060999977868
3,0,,2026-07-28T19:46:56.754062,107862,4450,2378,4450,68,4450,6,4450,3,4450,2,1757,0,1.0293181000015466
3,0,,2026-07-28T19:46:57.783268,106955,4396,2386,4396,76,4396,5,4396,2,4396,0,1705,1,1.028825900008087
3,0,,2026-07-28T19:46:58.812803,107330,4427,2306,4427,84,4427,4,4427,3,4427,2,1704,3,1.0291700000088895
3,0,,2026-07-28T19:46:59.841483,106480,4297,2295,4297,75,4297,2,4297,2,4297,4,1725,2,1.028310000008787
3,0,,2026-07-28T19:47:00.870557,107212,4334,2313,4334,68,4334,3,4334,3,4334,1,1775,1,1.0286958999931812
3,0,,2026-07-28T19:47:01.899758,106615,4499,2327,4499,87,4499,3,4499,3,4499,2,1785,1,1.0288536000007298
3,0,,2026-07-28T19:47:02.928338,106990,4438,2333,4438,63,4438,5,4438,2,4438,3,1766,0,1.0282347000029404
3,0,,2026-07-28T19:47:03.957304,107113,4413,2338,4413,74,4413,5,4413,1,4413,2,1747,1,1.0286039000056917
3,0,,2026-07-28T19:47:04.987031,106852,4521,2312,4521,102,4521,1,4521,3,4521,2,1754,0,1.029441399994539
3,0,,2026-07-28T19:47:06.038796,106837,4392,2358,4392,90,4392,5,4392,1,4392,3,1827,0,1.0514573999971617
3,0,,2026-07-28T19:47:07.084022,110956,4566,2398,4566,74,4566,6,4566,2,4566,0,1799,1,1.0450218000041787
3,0,,2026-07-28T19:47:08.110394,106980,4277,2277,4277,79,4277,3,4277,2,4277,3,1816,0,1.0261670000036247
3,0,,2026-07-28T19:47:09.139153,106915,4469,2338,4469,75,4469,4,4469,2,4469,2,1749,0,1.0285380999994231
3,0,,2026-07-28T19:47:10.168388,106676,4506,2387,4506,61,4506,3,4506,1,4506,3,1769,0,1.0288452000095276
3,0,,2026-07-28T19:47:11.196858,106808,4339,2265,4339,73,4339,2,4339,2,4339,0,1836,1,1.0282163999945624
3,0,,2026-07-28T19:47:12.225404,107385,4435,2384,4435,81,4435,3,4435,2,4435,0,1784,2,1.028204200003529
3,0,,2026-07-28T19:47:13.253363,107243,4464,2364,4464,78,4464,3,4464,2,4464,3,1801,1,1.0276174000027822
3,0,,2026-07-28T19:47:14.281340,106838,4349,2252,4349,73,4349,5,4349,1,4349,1,1780,0,1.0276400000002468
3,0,,2026-07-28T19:47:15.309736,107187,4404,2326,4404,95,4404,2,4404,4,4404,3,1831,1,1.0281367000134196
3,0,,2026-07-28T19:47:16.338778,107252,4372,2354,4372,95,4372,1,4372,6,4372,3,1879,0,1.0286828000098467
3,0,,2026-07-28T19:47:17.368408,107713,4432,2346,4432,79,4432,2,4432,1,4432,2,1893,2,1.0292168000014499
3,0,,2026-07-28T19:47:18.396634,106806,4426,2348,4426,83,4426,4,4426,2,4426,6,1849,1,1.0278316000039922
3,0,,2026-07-28T19:47:19.423925,106864,4349,2328,4349,77,4349,4,4349,4,4349,2,1836,0,1.0269431000051554
3,0,,2026-07-28T19:47:20.452448,107198,4377,2306,4377,89,4377,3,4377,4,4377,5,1795,0,1.0283201999991434
3,0,,2026-07-28T19:47:21.480689,107122,4235,2250,4235,81,4235,2,4235,1,4235,1,1812,1,1.0279077000013785
3,0,,2026-07-28T19:47:22.507424,107083,4519,2451,4519,67,4519,4,4519,1,4519,0,1786,0,1.026407700002892
3,0,,2026-07-28T19:47:23.537215,107422,4408,2309,4408,83,4408,5,4408,4,4408,3,1794,1,1.0294773999921745
3,0,,2026-07-28T19:47:24.566640,107240,4448,2365,4448,81,4448,4,4448,3,4448,3,1791,1,1.0290829999867128
3,0,,2026-07-28T19:47:25.595350,106813,4504,2384,4504,75,4504,1,4504,4,4504,3,1805,1,1.0283148000016809
3,0,,2026-07-28T19:47:26.624244,106526,4321,2314,4321,73,4321,2,4321,4,4321,2,1824,1,1.0285291000036523
3,0,,2026-07-28T19:47:27.652807,106542,4389,2337,4389,78,4389,3,4389,3,4389,0,1900,0,1.028158600005554
3,0,,2026-07-28T19:47:28.681431,106941,4366,2301,4366,77,4366,3,4366,3,4366,1,1843,1,1.0282856999983778
3,0,,2026-07-28T19:47:29.710655,107385,4428,2319,4428,90,4428,5,4428,3,4428,2,1826,1,1.028833799995482
3,0,,2026-07-28T19:47:30.740192,107147,4339,2281,4339,88,4339,1,4339,3,4339,2,1765,1,1.0291454999969574
3,0,,2026-07-28T19:47:31.768623,107016,4362,2326,4362,79,4362,5,4362,3,4362,2,1717,2,1.028041099998518
3,0,,2026-07-28T19:47:32.797403,106529,4432,2286,4432,81,4432,6,4432,3,4432,2,1711,1,1.028412899991963
3,0,,2026-07-28T19:47:33.826678,106573,4369,2293,4369,74,4369,2,4369,3,4369,1,1775,2,1.0289142999972682
3,0,,2026-07-28T19:47:34.855545,106833,4402,2317,4402,65,4402,2,4402,2,4402,1,1733,0,1.0285160999919754
3,0,,2026-07-28T19:47:35.885149,106280,4424,2387,4424,64,4424,2,4424,1,4424,4,1825,1,1.029248999999254
3,0,,2026-07-28T19:47:36.915428,107095,4481,2368,4481,66,4481,2,4481,5,4481,2,1814,1,1.0298780000011902
3,0,,2026-07-28T19:47:37.941950,107019,4408,2311,4408,90,4408,4,4408,4,4408,3,1756,0,1.026103600001079
3,0,,2026-07-28T19:47:38.971233,106603,4491,2313,4491,68,4491,2,4491,1,4491,2,1782,0,1.0291317999945022
3,0,,2026-07-28T19:47:39.999702,106706,4348,2284,4348,67,4348,4,4348,2,4348,0,1741,1,1.0282531999982893
3,0,,2026-07-28T19:47:41.028083,106732,4463,2412,4463,93,4463,1,4463,4,4463,0,1770,2,1.028033199996571
3,0,,2026-07-28T19:47:42.056580,106934,4416,2328,4416,68,4416,3,4416,5,4416,2,1835,0,1.0281560000003083
3,0,,2026-07-28T19:47:43.085484,106774,4361,2323,4361,66,4361,3,4361,3,4361,1,1778,1,1.0285169999988284
3,0,,2026-07-28T19:47:44.115730,107183,4419,2328,4419,82,4419,2,4419,4,4419,2,1815,1,1.0298736999975517
3,0,,2026-07-28T19:47:45.144427,107392,4294,2303,4294,75,4294,5,4294,2,4294,1,1664,1,1.0283416000020225
3,0,,2026-07-28T19:47:46.171164,107116,4377,2283,4377,81,4377,4,4377,2,4377,5,1759,2,1.0264500999910524
3,0,,2026-07-28T19:47:47.201059,106719,4451,2319,4451,76,4451,6,4451,2,4451,4,1874,0,1.029692600000999
3,0,,2026-07-28T19:47:48.230852,106593,4319,2241,4319,73,4319,0,4319,0,4319,3,1862,2,1.0293684999924153
3,0,,2026-07-28T19:47:49.259195,107327,4369,2326,4369,84,4369,2,4369,1,4369,1,1729,0,1.0280136999936076
3,0,,2026-07-28T19:47:50.287256,107141,4396,2336,4396,80,4396,0,4396,1,4396,6,1848,0,1.027697800003807
3,0,,2026-07-28T19:47:51.315910,107577,4412,2350,4413,93,4413,3,4413,1,4413,2,1802,0,1.0282936999865342
3,0,,2026-07-28T19:47:52.344695,106327,4347,2258,4346,85,4346,3,4346,3,4346,0,1808,0,1.0283548000006704
3,0,,2026-07-28T19:47:53.372761,107010,4399,2362,4399,88,4399,4,4399,2,4399,2,1816,1,1.027693999989424
3,0,,2026-07-28T19:47:54.400879,106730,4410,2306,4410,60,4410,4,4410,4,4410,3,1782,1,1.0278733000013744
3,0,,2026-07-28T19:47:55.430132,107341,4462,2307,4462,73,4462,0,4462,2,4462,2,1765,0,1.028956800000742
3,0,,2026-07-28T19:47:56.459234,107063,4398,2353,4398,84,4398,5,4398,1,4398,4,1731,1,1.0287496000091778
3,0,,2026-07-28T19:47:57.488015,107712,4385,2344,4385,77,4385,4,4385,3,4385,5,1752,0,1.0283843999932287
3,0,,2026-07-28T19:47:58.517165,107087,4400,2330,4400,89,4400,3,4400,1,4400,1,1812,0,1.0288167999970028
3,0,,2026-07-28T19:47:59.546101,106719,4308,2258,4308,63,4308,5,4308,1,4308,4,1810,0,1.028493100006017
3,0,,2026-07-28T19:48:00.575168,106454,4427,2352,4427,71,4427,7,4427,5,4427,4,1793,0,1.0287314000015613
3,0,,2026-07-28T19:48:01.605206,107941,4365,2312,4365,85,4365,6,4365,0,4365,3,1773,0,1.029684699999052
3,0,,2026-07-28T19:48:02.633879,107616,4473,2326,4473,83,4473,2,4473,1,4473,0,1733,2,1.0283082000096329
3,0,,2026-07-28T19:48:03.662325,107173,4354,2257,4354,87,4354,4,4354,1,4354,0,1771,1,1.0281009000027552
3,0,,2026-07-28T19:48:04.691287,106809,4396,2290,4396,86,4396,3,4396,1,4396,4,1815,1,1.0286481000075582
3,0,,2026-07-28T19:48:05.719702,106884,4402,2318,4402,98,4402,2,4402,3,4402,3,1793,0,1.0280711999948835
3,0,,2026-07-28T19:48:06.749026,107116,4368,2335,4368,83,4368,1,4368,3,4368,1,1718,1,1.028951899992535
3,0,,2026-07-28T19:48:07.778074,107140,4502,2389,4502,79,4502,2,4502,4,4502,1,1778,0,1.0286831999983406
3,0,,2026-07-28T19:48:08.807210,106839,4473,2331,4473,80,4473,2,4473,3,4473,0,1764,1,1.0288007999915862
3,0,,2026-07-28T19:48:09.835878,107086,4403,2318,4403,68,4403,2,4403,6,4403,1,1759,1,1.0282977000024403
3,0,,2026-07-28T19:48:10.864408,106975,4372,2325,4372,76,4372,6,4372,5,4372,2,1788,0,1.0282168999983696
3,0,,2026-07-28T19:48:11.893268,107823,4477,2360,4477,76,4477,3,4477,6,4477,3,1742,0,1.0285398999985773
3,0,,2026-07-28T19:48:12.922067,106959,4416,2334,4416,79,4416,6,4416,0,4416,1,1772,0,1.028461399997468
3,0,,2026-07-28T19:48:13.952051,107379,4470,2380,4470,85,4470,1,4470,3,4470,2,1800,1,1.0296457999938866
3,0,,2026-07-28T19:48:14.981414,107340,4421,2331,4421,81,4421,4,4421,2,4421,0,1736,0,1.0290065999870421
3,0,,2026-07-28T19:48:16.011109,106757,4359,2304,4359,80,4359,4,4359,5,4359,2,1753,0,1.029311400008737
3,0,,2026-07-28T19:48:17.040135,107242,4273,2238,4273,60,4273,2,4273,4,4273,6,1758,0,1.0286804000061238
3,0,,2026-07-28T19:48:18.069650,107093,4464,2354,4464,89,4464,8,4464,2,4464,2,1849,1,1.0291394999949262
3,0,,2026-07-28T19:48:19.098925,106768,4389,2333,4389,69,4389,6,4389,2,4389,1,1781,0,1.0289362999901641
3,0,,2026-07-28T19:48:20.128675,106751,4521,2413,4521,64,4521,3,4521,3,4521,4,1843,0,1.0293749999982538
3,0,,2026-07-28T19:48:21.155818,107133,4385,2393,4385,82,4385,1,4385,2,4385,2,1827,1,1.0267595000041183
3,0,,2026-07-28T19:48:22.184142,107187,4383,2355,4383,67,4383,5,4383,2,4383,4,1762,1,1.0280972000036854
3,0,,2026-07-28T19:48:23.213562,107141,4348,2268,4348,77,4348,0,4348,2,4348,2,1812,1,1.0290607000060845
3,0,,2026-07-28T19:48:24.241779,106842,4461,2364,4461,62,4461,5,4461,5,4461,1,1831,2,1.0278636000002734
3,0,,2026-07-28T19:48:25.268857,107636,4419,2316,4419,73,4419,4,4419,3,4419,5,1735,0,1.0267565999965882
3,0,,2026-07-28T19:48:26.296660,107040,4419,2373,4419,74,4419,2,4419,1,4419,4,1774,2,1.027626600000076
3,0,,2026-07-28T19:48:27.324902,106705,4384,2352,4384,84,4384,2,4384,2,4384,3,1891,0,1.02790780000214
3,0,,2026-07-28T19:48:28.353888,106649,4430,2349,4430,68,4430,3,4430,3,4430,2,1770,0,1.0285541000048397
3,0,,2026-07-28T19:48:29.382445,106770,4451,2290,4451,97,4451,3,4451,2,4451,3,1838,0,1.0282188999990467
3,0,,2026-07-28T19:48:30.412347,106593,4484,2335,4484,84,4484,8,4484,8,4484,0,1777,1,1.029498699994292
3,0,,2026-07-28T19:48:31.441226,107704,4400,2309,4400,92,4400,1,4400,1,4400,1,1812,0,1.0283804000064265
3,0,,2026-07-28T19:48:32.469268,106652,4471,2401,4471,85,4471,1,4471,1,4471,1,1766,2,1.0276357000111602
3,0,,2026-07-28T19:48:33.498267,106802,4443,2386,4443,92,4444,3,4444,1,4444,2,1728,2,1.0286732999957167
3,0,,2026-07-28T19:48:34.527007,107760,4395,2331,4395,93,4394,2,4394,2,4394,0,1850,1,1.028386899997713
3,0,,2026-07-28T19:48:35.555451,107334,4349,2246,4349,75,4349,3,4349,2,4349,4,1781,1,1.0280282000021543
3,0,,2026-07-28T19:48:36.583123,107137,4403,2322,4403,73,4403,5,4404,4,4404,2,1784,2,1.0273435999988578
3,0,,2026-07-28T19:48:37.611945,107087,4358,2333,4358,90,4358,2,4357,2,4357,0,1766,0,1.0284667999949306
3,0,,2026-07-28T19:48:38.641934,106974,4353,2308,4354,62,4354,3,4354,2,4354,2,1834,2,1.029647000003024
3,0,,2026-07-28T19:48:39.670952,107441,4334,2302,4333,83,4333,6,4333,3,4333,2,1750,1,1.0286533000034979
3,0,,2026-07-28T19:48:40.699534,106901,4480,2368,4480,81,4480,5,4480,1,4480,3,1823,0,1.0281719000049634
3,0,,2026-07-28T19:48:41.728444,106983,4403,2353,4403,70,4403,2,4403,3,4403,1,1781,1,1.0285461000021314
3,0,,2026-07-28T19:48:42.757625,106791,4398,2329,4398,70,4398,5,4398,2,4398,4,1723,2,1.028824799999711
3,0,,2026-07-28T19:48:43.786067,106997,4382,2335,4382,82,4382,4,4382,4,4382,4,1763,0,1.0280448999983491
3,0,,2026-07-28T19:48:44.815413,107287,4456,2444,4456,83,4456,3,4456,4,4456,3,1824,0,1.0290132999944035
3,0,,2026-07-28T19:48:45.843675,106936,4605,2419,4605,86,4605,4,4605,1,4605,4,1793,2,1.0279773000074783
3,0,,2026-07-28T19:48:46.872754,106760,4442,2346,4442,73,4442,2,4442,1,4442,2,1769,0,1.0287194000120508
3,0,,2026-07-28T19:48:47.902760,107169,4401,2375,4401,87,4401,1,4402,1,4402,1,1786,1,1.0296216999995522
3,0,,2026-07-28T19:48:48.932554,107798,4434,2356,4434,79,4434,1,4433,0,4433,1,1743,0,1.0293702999915695
3,0,,2026-07-28T19:48:49.961907,107207,4370,2338,4370,69,4370,4,4370,3,4370,2,1834,1,1.0290024999994785
3,0,,2026-07-28T19:48:50.990392,107144,4564,2459,4564,92,4564,6,4564,4,4564,8,1768,0,1.0281983000022592
3,0,,2026-07-28T19:48:52.017671,106763,4424,2359,4424,91,4424,0,4424,0,4424,4,1691,2,1.0269575999991503
3,0,,2026-07-28T19:48:53.047580,106950,4519,2387,4519,80,4519,2,4519,3,4519,0,1764,0,1.029579800000647
3,0,,2026-07-28T19:48:54.076377,107039,4438,2334,4438,83,4438,1,4438,1,4439,2,1782,0,1.0284094999951776
3,0,,2026-07-28T19:48:55.104738,106484,4507,2374,4507,79,4507,4,4507,0,4506,1,1804,1,1.0279678999941098
3,0,,2026-07-28T19:48:56.134310,106611,4468,2397,4468,82,4468,5,4468,3,4468,3,1807,0,1.0292388999951072
3,0,,2026-07-28T19:48:57.163831,107213,4435,2416,4435,78,4435,3,4435,2,4435,7,1769,2,1.0292055000027176
3,0,,2026-07-28T19:48:58.192924,107029,4456,2390,4456,86,4456,3,4456,0,4456,1,1710,0,1.0287112000078196
3,0,,2026-07-28T19:48:59.221549,107560,4451,2376,4451,77,4451,5,4451,2,4451,0,1778,1,1.0283440000057453
3,0,,2026-07-28T19:49:00.251077,106526,4523,2415,4523,76,4523,3,4523,5,4523,2,1838,0,1.0291763999994146
3,0,,2026-07-28T19:49:01.280089,108101,4470,2350,4470,80,4470,1,4470,0,4470,0,1750,1,1.0286123999976553
3,0,,2026-07-28T19:49:02.309106,107060,4473,2328,4473,101,4473,4,4473,3,4473,1,1735,1,1.0285696999926586
3,0,,2026-07-28T19:49:03.337586,107010,4458,2406,4458,85,4458,0,4458,7,4458,2,1714,1,1.0281491999921855
3,0,,2026-07-28T19:49:04.365362,106226,4351,2277,4351,72,4351,1,4351,4,4351,0,1797,1,1.0274643000011565
3,0,,2026-07-28T19:49:05.394926,106941,4419,2339,4419,82,4419,2,4419,1,4419,4,1775,1,1.0292538000066997
3,0,,2026-07-28T19:49:06.423259,106751,4256,2257,4256,69,4256,2,4256,2,4256,2,1822,0,1.027964000008069
3,0,,2026-07-28T19:49:07.452692,107178,4527,2356,4527,86,4527,2,4527,3,4527,3,1839,0,1.029129800008377
3,0,,2026-07-28T19:49:08.481320,107049,4457,2304,4457,85,4457,4,4457,2,4457,2,1737,2,1.0283149000024423
3,0,,2026-07-28T19:49:09.510998,106806,4426,2385,4426,83,4426,4,4426,5,4426,6,1857,0,1.0292311999946833
3,0,,2026-07-28T19:49:10.538806,107390,4448,2269,4448,89,4448,3,4448,3,4448,1,1759,2,1.0274325999926077
3,0,,2026-07-28T19:49:11.567003,106908,4449,2355,4449,96,4449,4,4449,0,4449,1,1807,0,1.0279065999930026
3,0,,2026-07-28T19:49:12.597118,107233,4427,2392,4427,78,4427,0,4427,1,4427,2,1814,0,1.0297983000054955
3,0,,2026-07-28T19:49:13.626688,106701,4485,2351,4485,72,4485,2,4485,2,4485,2,1810,1,1.0291915999987395
3,0,,2026-07-28T19:49:14.655746,106863,4382,2329,4382,75,4382,4,4382,1,4382,1,1765,0,1.0285402999870712
3,0,,2026-07-28T19:49:15.682585,107360,4490,2412,4490,72,4490,2,4490,2,4490,2,1791,0,1.0265928000007989
3,0,,2026-07-28T19:49:16.711443,107224,4419,2344,4420,82,4420,3,4420,1,4420,1,1810,0,1.0286436000023969
3,0,,2026-07-28T19:49:17.738690,107465,4459,2355,4458,90,4458,6,4458,5,4458,3,1766,3,1.0269001999986358
3,0,,2026-07-28T19:49:18.766992,107265,4442,2327,4442,74,4442,3,4442,0,4442,2,1795,3,1.0280722999887075
3,0,,2026-07-28T19:49:19.795469,106759,4477,2371,4477,86,4477,4,4477,0,4477,1,1705,2,1.0282114000001457
3,0,,2026-07-28T19:49:20.822626,107440,4340,2384,4340,69,4340,5,4340,2,4340,5,1750,1,1.0268200999998953
3,0,,2026-07-28T19:49:21.850771,107049,4410,2339,4410,87,4410,5,4410,2,4410,0,1782,1,1.0278975999972317
3,0,,2026-07-28T19:49:22.878819,107701,4431,2384,4431,65,4431,6,4431,3,4431,1,1839,1,1.0277354999998352
3,0,,2026-07-28T19:49:23.906994,107080,4331,2330,4331,67,4331,8,4331,2,4331,0,1859,1,1.0279416999983368
3,0,,2026-07-28T19:49:24.935856,107292,4373,2270,4373,79,4373,0,4373,4,4373,1,1730,0,1.0285434999968857
3,0,,2026-07-28T19:49:25.963863,107539,4475,2428,4475,77,4475,6,4475,3,4475,1,1890,1,1.027625500006252
3,0,,2026-07-28T19:49:26.991891,106847,4431,2292,4431,83,4431,4,4431,2,4431,2,1811,0,1.0276943000062602
3,0,,2026-07-28T19:49:28.021230,107213,4387,2360,4387,87,4387,3,4387,2,4387,3,1757,1,1.028993600004469
3,0,,2026-07-28T19:49:29.051089,107863,4542,2410,4542,84,4542,3,4542,6,4542,2,1799,0,1.0295273999945493
3,0,,2026-07-28T19:49:30.079773,107002,4345,2356,4345,80,4345,2,4345,0,4345,2,1727,1,1.028282200000831
3,0,,2026-07-28T19:49:31.107074,107573,4485,2336,4485,79,4485,5,4485,1,4485,0,1773,0,1.0270075000007637
3,0,,2026-07-28T19:49:32.136120,107211,4413,2291,4413,84,4413,3,4413,2,4413,5,1850,1,1.0286801000038395
3,0,,2026-07-28T19:49:33.164426,107636,4483,2353,4483,86,4483,1,4483,1,4483,1,1822,0,1.0279600000067148
3,0,,2026-07-28T19:49:34.193167,107554,4490,2423,4490,91,4490,3,4490,3,4490,1,1722,0,1.028386000005412
3,0,,2026-07-28T19:49:35.222154,107217,4430,2385,4430,70,4430,3,4430,4,4430,1,1772,0,1.0285792999929981
3,0,,2026-07-28T19:49:36.251247,107337,4368,2320,4368,74,4368,6,4368,3,4368,1,1762,0,1.028780900000129
3,0,,2026-07-28T19:49:37.280816,107910,4387,2318,4387,90,4387,2,4387,2,4387,2,1825,1,1.0292290999932447
3,0,,2026-07-28T19:49:38.309906,107597,4385,2325,4385,72,4385,4,4385,0,4385,5,1757,0,1.0287020999967353
3,0,,2026-07-28T19:49:39.339293,107466,4517,2382,4517,75,4517,4,4517,0,4517,0,1720,0,1.0289186000009067
3,0,,2026-07-28T19:49:40.368937,107299,4350,2295,4350,71,4350,3,4350,1,4350,1,1760,2,1.0291854999959469
3,0,,2026-07-28T19:49:41.398127,107840,4459,2328,4459,89,4459,3,4459,2,4459,2,1862,0,1.028795899997931
3,0,,2026-07-28T19:49:42.426971,107675,4472,2399,4472,71,4472,3,4472,2,4472,3,1811,1,1.0285220999940066
3,0,,2026-07-28T19:49:43.456261,107658,4403,2281,4403,82,4403,2,4403,1,4403,5,1809,0,1.0289908999984618
3,0,,2026-07-28T19:49:44.485336,107940,4384,2325,4384,77,4384,6,4384,2,4384,3,1786,0,1.028734000006807
3,0,,2026-07-28T19:49:45.514200,106994,4366,2373,4366,64,4366,1,4366,2,4366,5,1880,0,1.028489599993918
3,0,,2026-07-28T19:49:46.543659,107772,4386,2345,4386,68,4386,5,4386,1,4386,1,1852,1,1.029227399994852
3,0,,2026-07-28T19:49:47.573003,107896,4402,2288,4402,89,4402,3,4402,1,4402,0,1742,0,1.0290302999928826
3,0,,2026-07-28T19:49:48.602013,107738,4550,2425,4550,72,4550,4,4550,1,4550,0,1798,0,1.028645400001551
3,0,,2026-07-28T19:49:49.631234,107825,4574,2395,4574,71,4574,3,4574,1,4574,2,1734,1,1.0288934999989579
3,0,,2026-07-28T19:49:50.659460,107442,4343,2294,4343,69,4343,4,4343,2,4343,1,1803,0,1.027887499993085
3,0,,2026-07-28T19:49:51.687392,107468,4481,2397,4481,94,4481,5,4481,2,4481,0,1802,0,1.0275957999983802
3,0,,2026-07-28T19:49:52.716685,107776,4442,2366,4442,85,4442,3,4442,2,4442,3,1743,0,1.0289910999999847
3,0,,2026-07-28T19:49:53.746102,107379,4349,2271,4349,72,4349,3,4349,3,4349,0,1756,1,1.0289579999953276
3,0,,2026-07-28T19:49:54.775046,107698,4500,2431,4500,83,4500,6,4500,1,4500,2,1719,2,1.0284904000000097
3,0,,2026-07-28T19:49:55.804085,107720,4466,2367,4466,93,4466,2,4466,4,4466,3,1801,0,1.0286969999870053
3,0,,2026-07-28T19:49:56.832521,107700,4440,2362,4440,75,4440,3,4440,3,4440,1,1819,0,1.028070000000298
3,0,,2026-07-28T19:49:57.861882,108032,4487,2329,4487,99,4487,8,4487,4,4487,1,1843,0,1.0289912999869557
3,0,,2026-07-28T19:49:58.890773,107597,4379,2302,4379,78,4379,4,4379,3,4379,1,1768,1,1.028551299998071
3,0,,2026-07-28T19:49:59.919257,107286,4437,2370,4437,70,4437,0,4437,2,4437,0,1731,1,1.0282155000022613
3,0,,2026-07-28T19:50:00.947515,107357,4457,2328,4457,91,4457,3,4457,2,4457,2,1804,2,1.0279082999913953
3,0,,2026-07-28T19:50:01.976077,107207,4401,2348,4401,74,4401,2,4401,5,4401,0,1867,0,1.0282719000097131
3,0,,2026-07-28T19:50:03.038693,111146,4610,2406,4610,92,4610,1,4610,3,4610,1,1874,1,1.0623894999880577
3,0,,2026-07-28T19:50:04.066528,107399,4332,2312,4332,71,4332,4,4332,6,4332,2,1768,2,1.0275196000002325
3,0,,2026-07-28T19:50:05.096118,107582,4328,2264,4328,74,4328,0,4328,1,4328,1,1850,0,1.0293012000038289
3,0,,2026-07-28T19:50:06.124659,108009,4422,2288,4422,76,4422,2,4422,5,4422,1,1806,2,1.0282292000047164
3,0,,2026-07-28T19:50:07.153094,107378,4483,2380,4483,77,4483,4,4483,2,4483,3,1801,0,1.0280869000125676
3,0,,2026-07-28T19:50:08.181691,107574,4592,2415,4592,92,4592,5,4592,2,4592,4,1797,0,1.0282721999974456
3,0,,2026-07-28T19:50:09.210783,106264,4442,2366,4442,59,4442,5,4442,1,4442,1,1809,0,1.028760000001057
3,0,,2026-07-28T19:50:10.239227,107422,4394,2339,4394,68,4394,2,4394,1,4394,1,1825,1,1.0281331000005594
3,0,,2026-07-28T19:50:11.268015,106501,4352,2331,4352,73,4352,3,4352,3,4352,1,1741,0,1.0284592999960296
3,0,,2026-07-28T19:50:12.296264,107345,4430,2322,4430,92,4430,7,4430,4,4431,2,1778,0,1.02793159999419
3,0,,2026-07-28T19:50:13.323177,107148,4461,2374,4461,79,4461,5,4461,1,4460,2,1807,0,1.0265966000006301
3,0,,2026-07-28T19:50:14.353144,106936,4443,2323,4443,82,4443,2,4443,1,4443,1,1772,2,1.0296738000033656
3,0,,2026-07-28T19:50:15.382338,107436,4442,2401,4442,70,4442,1,4442,3,4442,0,1723,1,1.0286761000024853
3,0,,2026-07-28T19:50:16.411491,106941,4317,2298,4317,68,4317,3,4317,4,4317,1,1804,1,1.0287028000020655
3,0,,2026-07-28T19:50:17.439913,106998,4358,2270,4358,93,4358,3,4358,2,4358,1,1766,0,1.0281158999860054
3,0,,2026-07-28T19:50:18.468142,107671,4512,2440,4512,74,4512,5,4512,0,4512,2,1797,1,1.0279303999996046
3,0,,2026-07-28T19:50:19.497803,107778,4344,2277,4344,71,4344,4,4344,3,4344,4,1806,0,1.0292958000063663
3,0,,2026-07-28T19:50:20.526753,107659,4297,2253,4297,77,4297,2,4297,1,4297,2,1755,2,1.0285778999968898
3,0,,2026-07-28T19:50:21.555426,107178,4340,2258,4340,77,4340,1,4340,3,4340,6,1773,1,1.0283086999988882
3,0,,2026-07-28T19:50:22.585523,107233,4362,2308,4362,85,4362,4,4362,1,4362,3,1804,1,1.0297595000010915
3,0,,2026-07-28T19:50:23.614118,107090,4476,2346,4476,93,4476,3,4476,2,4476,2,1804,0,1.0281623000046238
3,0,,2026-07-28T19:50:24.642327,107936,4413,2279,4413,75,4413,2,4413,1,4413,1,1810,0,1.0278269000118598
3,0,,2026-07-28T19:50:25.671185,107216,4494,2390,4494,78,4494,4,4494,1,4494,1,1800,0,1.0284416000067722
3,0,,2026-07-28T19:50:26.699962,107956,4344,2327,4344,62,4344,5,4344,3,4344,1,1796,1,1.0284167000063462
3,0,,2026-07-28T19:50:27.728856,107474,4445,2360,4445,71,4445,4,4445,5,4445,1,1778,0,1.0285580000054324
3,0,,2026-07-28T19:50:28.757841,107136,4245,2224,4245,89,4245,1,4245,2,4245,1,1751,2,1.0285831000073813
3,0,,2026-07-28T19:50:29.786875,106454,4382,2368,4382,82,4382,5,4382,3,4382,3,1806,0,1.0286874000012176
3,0,,2026-07-28T19:50:30.813466,107304,4492,2356,4492,84,4492,3,4492,2,4492,2,1766,0,1.0262778000032995
3,0,,2026-07-28T19:50:31.841472,107086,4301,2260,4301,84,4301,4,4301,2,4301,1,1817,1,1.0277740999881644
3,0,,2026-07-28T19:50:32.869748,107449,4340,2265,4340,82,4340,4,4340,1,4340,1,1794,0,1.027957600002992
3,0,,2026-07-28T19:50:33.899378,107878,4427,2366,4427,83,4427,0,4427,1,4427,1,1795,0,1.0292152999900281
3,0,,2026-07-28T19:50:34.928396,107238,4465,2365,4465,78,4465,3,4465,1,4465,3,1817,1,1.0286161999974865
3,0,,2026-07-28T19:50:35.957298,107305,4437,2397,4437,78,4437,2,4437,4,4437,2,1730,0,1.0285571999993408
3,0,,2026-07-28T19:50:36.986587,107397,4404,2331,4404,66,4404,5,4404,0,4404,1,1755,1,1.0289779000013368
3,0,,2026-07-28T19:50:38.015474,108126,4389,2312,4389,87,4389,4,4389,2,4389,0,1846,0,1.028493999998318
3,0,,2026-07-28T19:50:39.044637,107188,4418,2354,4419,78,4419,7,4419,4,4419,1,1814,1,1.0288188999984413
3,0,,2026-07-28T19:50:40.073428,107478,4497,2425,4496,80,4496,4,4496,1,4496,5,1730,0,1.0283266000042204
3,0,,2026-07-28T19:50:41.101815,106770,4478,2417,4478,89,4478,2,4478,3,4478,2,1763,1,1.0279614000028232
3,0,,2026-07-28T19:50:42.128771,107075,4418,2308,4418,87,4418,5,4418,4,4418,3,1774,1,1.0265910000016447
3,0,,2026-07-28T19:50:43.157226,107512,4501,2418,4501,74,4501,1,4501,4,4501,1,1792,0,1.0282391000073403
3,0,,2026-07-28T19:50:44.185392,107138,4449,2333,4449,76,4449,5,4449,0,4449,0,1850,0,1.0278608999942662
3,0,,2026-07-28T19:50:45.213680,107013,4388,2327,4388,73,4388,4,4388,1,4388,2,1821,1,1.0279726999870036
3,0,,2026-07-28T19:50:46.242686,106738,4490,2393,4490,89,4490,1,4490,4,4490,1,1737,1,1.0286555000056978
3,0,,2026-07-28T19:50:47.271080,107573,4493,2361,4493,68,4493,2,4493,0,4493,0,1721,1,1.0280116999929305
3,0,,2026-07-28T19:50:48.299004,107825,4471,2410,4471,83,4471,1,4471,3,4471,2,1836,0,1.0275852999911876
3,0,,2026-07-28T19:50:49.328459,106969,4312,2254,4312,81,4312,3,4312,1,4312,3,1791,1,1.0290711999987252
3,0,,2026-07-28T19:50:50.357447,107383,4377,2350,4377,88,4377,4,4377,2,4377,1,1795,0,1.0286333999974886
3,0,,2026-07-28T19:50:51.385942,107392,4411,2368,4411,77,4411,0,4411,1,4411,1,1809,0,1.0281690999981947
3,0,,2026-07-28T19:50:52.414947,107252,4346,2296,4346,71,4346,4,4346,1,4346,3,1787,1,1.0286373999988427
3,0,,2026-07-28T19:50:53.444311,107313,4325,2322,4325,69,4325,6,4325,1,4325,2,1745,0,1.0289595999929588
3,0,,2026-07-28T19:50:54.470270,107843,4387,2327,4387,87,4387,3,4387,0,4387,5,1816,1,1.0256077000085497
3,0,,2026-07-28T19:50:55.496585,107055,4345,2224,4345,68,4345,2,4345,2,4345,3,1756,0,1.026198800012935
3,0,,2026-07-28T19:50:56.525029,107589,4451,2338,4451,97,4451,2,4451,2,4451,1,1757,0,1.0282198000058997
3,0,,2026-07-28T19:50:57.553631,106669,4340,2257,4340,72,4340,4,4340,2,4340,3,1794,2,1.0283064000104787
3,0,,2026-07-28T19:50:58.583148,107346,4420,2370,4420,66,4420,4,4420,1,4420,7,1910,1,1.0291776999947615
3,0,,2026-07-28T19:50:59.612798,106978,4376,2291,4376,88,4376,3,4376,1,4376,2,1760,2,1.029304100011359
3,0,,2026-07-28T19:51:00.641811,107393,4437,2324,4437,83,4437,1,4437,2,4437,2,1778,2,1.0286316999990959
3,0,,2026-07-28T19:51:01.671497,106784,4371,2286,4371,81,4371,3,4371,3,4371,2,1785,0,1.0293197999999393
3,0,,2026-07-28T19:51:02.700502,107321,4421,2284,4421,95,4421,2,4421,3,4421,1,1756,3,1.0287338000052841
3,0,,2026-07-28T19:51:03.730179,106865,4382,2284,4382,87,4382,2,4382,1,4382,2,1732,0,1.0293687999946997
3,0,,2026-07-28T19:51:04.758270,107497,4469,2330,4469,84,4469,5,4469,5,4469,3,1748,1,1.027793000001111
3,0,,2026-07-28T19:51:05.788743,107349,4433,2381,4433,77,4433,4,4433,3,4433,1,1750,1,1.030125900011626
3,0,,2026-07-28T19:51:06.819057,107042,4386,2287,4386,75,4386,5,4386,1,4386,1,1878,0,1.029900000008638
3,0,,2026-07-28T19:51:07.847647,107348,4477,2368,4477,97,4477,2,4477,2,4477,2,1794,1,1.02823549999448
3,0,,2026-07-28T19:51:08.877066,107559,4400,2394,4400,71,4400,5,4400,3,4400,1,1807,0,1.029050900004222
3,0,,2026-07-28T19:51:09.906660,107876,4465,2383,4465,69,4465,1,4465,3,4465,4,1828,2,1.029145199994673
3,0,,2026-07-28T19:51:10.935087,107763,4502,2355,4502,81,4502,2,4502,1,4502,0,1790,1,1.0279730000038398
3,0,,2026-07-28T19:51:11.963899,106912,4426,2274,4426,81,4426,3,4426,1,4426,2,1825,0,1.0284570999938296
3,0,,2026-07-28T19:51:12.993260,107039,4445,2398,4445,77,4445,3,4445,4,4445,2,1750,0,1.0290247000084491
3,0,,2026-07-28T19:51:14.022735,107476,4448,2405,4448,73,4448,3,4448,1,4448,3,1784,0,1.0291011999943294
3,0,,2026-07-28T19:51:15.051693,107088,4262,2276,4262,78,4262,2,4262,4,4262,3,1718,1,1.028524399996968
3,0,,2026-07-28T19:51:16.081077,107295,4421,2358,4421,70,4421,5,4421,4,4421,2,1806,0,1.0290602000022773
3,0,,2026-07-28T19:51:17.110063,106991,4344,2294,4344,81,4344,1,4344,2,4344,2,1816,0,1.0286149000021396
3,0,,2026-07-28T19:51:18.139627,107762,4477,2407,4477,79,4477,7,4477,0,4477,0,1785,1,1.0292205000005197
3,0,,2026-07-28T19:51:19.168005,107824,4447,2318,4447,71,4447,1,4447,1,4447,0,1759,0,1.0280995000066468
3,0,,2026-07-28T19:51:20.197049,107507,4375,2357,4375,78,4375,2,4375,4,4375,2,1746,2,1.0286606999870855
3,0,,2026-07-28T19:51:21.225782,107874,4520,2408,4520,81,4520,3,4520,3,4520,1,1726,1,1.0283825999940746
3,0,,2026-07-28T19:51:22.255653,107955,4484,2333,4484,69,4484,1,4484,4,4484,3,1811,0,1.029433199990308
3,0,,2026-07-28T19:51:23.284773,107067,4373,2355,4373,68,4373,4,4373,1,4373,4,1804,0,1.0288372000068193
3,0,,2026-07-28T19:51:24.313604,107970,4501,2424,4501,75,4501,3,4501,4,4501,2,1760,1,1.0285009999934118
3,0,,2026-07-28T19:51:25.342537,107411,4447,2308,4447,69,4447,10,4447,0,4447,2,1722,2,1.0285619999922346
3,0,,2026-07-28T19:51:26.371777,108207,4343,2289,4343,73,4343,6,4343,3,4343,2,1817,1,1.0288852000085171
3,0,,2026-07-28T19:51:27.400836,107353,4510,2403,4510,76,4510,3,4510,1,4510,2,1734,0,1.028703999996651
3,0,,2026-07-28T19:51:28.429672,106808,4381,2339,4381,85,4381,11,4381,2,4381,2,1746,1,1.0284882999985712
3,0,,2026-07-28T19:51:29.458928,107351,4487,2376,4487,67,4487,4,4487,2,4487,2,1721,1,1.028900999997859
3,0,,2026-07-28T19:51:30.487688,108045,4347,2342,4347,85,4347,3,4347,3,4347,1,1758,0,1.0283914000028744
3,0,,2026-07-28T19:51:31.514573,107550,4432,2357,4432,76,4432,3,4432,1,4432,1,1833,0,1.0264587999990908
3,0,,2026-07-28T19:51:32.543357,107696,4443,2415,4443,72,4443,3,4443,2,4443,3,1791,0,1.0285499000019627
3,0,,2026-07-28T19:51:33.573152,107693,4448,2361,4448,78,4448,5,4448,4,4448,2,1723,0,1.0292899000050966
3,0,,2026-07-28T19:51:34.601573,107461,4381,2366,4381,82,4381,1,4381,3,4381,2,1815,0,1.027965100001893
3,0,,2026-07-28T19:51:35.629883,108240,4477,2393,4477,67,4477,3,4477,4,4477,1,1768,0,1.0279951999982586
3,0,,2026-07-28T19:51:36.658789,107130,4433,2363,4433,79,4433,5,4433,1,4433,2,1756,1,1.028588300003321
3,0,,2026-07-28T19:51:37.688223,106931,4370,2332,4370,67,4370,2,4370,5,4370,3,1836,0,1.029082599998219
3,0,,2026-07-28T19:51:38.717189,107148,4443,2338,4443,85,4443,4,4443,1,4443,1,1808,0,1.028690799998003
3,0,,2026-07-28T19:51:39.746080,107533,4409,2365,4409,68,4409,0,4409,2,4409,4,1744,2,1.0285373000078835
3,0,,2026-07-28T19:51:40.774776,107155,4472,2333,4472,67,4472,4,4472,4,4472,1,1755,1,1.0283504999970319
3,0,,2026-07-28T19:51:41.803903,107885,4516,2348,4516,88,4516,2,4516,2,4516,1,1720,0,1.0287255000002915
3,0,,2026-07-28T19:51:42.833048,107385,4513,2379,4513,92,4513,5,4513,3,4513,3,1685,2,1.0285644000105094
3,0,,2026-07-28T19:51:43.860693,107308,4403,2347,4403,80,4403,1,4403,2,4403,3,1807,1,1.026778600004036
3,0,,2026-07-28T19:51:44.889608,107620,4435,2329,4435,75,4435,2,4435,3,4435,1,1777,0,1.0286710000073072
3,0,,2026-07-28T19:51:45.918775,107388,4429,2374,4429,75,4429,0,4429,1,4429,1,1763,0,1.0288120999903185
3,0,,2026-07-28T19:51:46.947758,107396,4424,2284,4424,83,4424,2,4424,1,4424,3,1809,1,1.028563200001372
3,0,,2026-07-28T19:51:47.976109,107051,4324,2300,4324,77,4324,3,4324,4,4324,3,1729,0,1.027963800006546
3,0,,2026-07-28T19:51:49.004764,106842,4357,2307,4357,91,4357,6,4357,2,4357,3,1823,1,1.028266099994653
3,0,,2026-07-28T19:51:50.034081,107569,4499,2367,4499,83,4499,2,4499,4,4499,0,1779,1,1.0289873000001535
3,0,,2026-07-28T19:51:51.063455,107534,4425,2314,4425,76,4425,2,4425,2,4425,2,1709,2,1.0291040999873076
3,0,,2026-07-28T19:51:52.091683,107785,4363,2428,4363,74,4363,6,4363,2,4363,1,1736,1,1.0278780999942683
3,0,,2026-07-28T19:51:53.120900,107247,4387,2297,4387,80,4387,3,4387,0,4387,1,1722,0,1.0289751999953296
3,0,,2026-07-28T19:51:54.150363,107699,4458,2362,4458,75,4458,3,4458,4,4458,3,1803,0,1.0290662000043085
3,0,,2026-07-28T19:51:55.179975,106473,4266,2201,4266,80,4266,3,4266,1,4266,0,1733,1,1.0291531000111718
3,0,,2026-07-28T19:51:56.208189,107630,4507,2352,4507,88,4507,2,4507,4,4507,2,1758,1,1.0278782000095816
3,0,,2026-07-28T19:51:57.237264,107227,4506,2369,4506,74,4506,6,4506,5,4506,0,1897,0,1.0287899999966612
3,0,,2026-07-28T19:51:58.266379,107689,4459,2360,4459,73,4459,2,4459,3,4459,2,1803,0,1.0287491000053706
3,0,,2026-07-28T19:51:59.295012,107257,4481,2414,4481,79,4481,3,4481,2,4481,0,1704,0,1.028300299993134
3,0,,2026-07-28T19:52:00.324405,107676,4405,2301,4405,65,4405,2,4405,3,4405,3,1737,0,1.0290322999935597
3,0,,2026-07-28T19:52:01.353734,107064,4321,2248,4321,70,4321,2,4321,1,4321,2,1836,2,1.0289240999991307
3,0,,2026-07-28T19:52:02.382110,107078,4408,2312,4408,74,4408,2,4408,3,4408,1,1781,1,1.027963999993517
3,0,,2026-07-28T19:52:03.411311,107070,4424,2293,4424,90,4424,5,4424,2,4424,3,1804,2,1.028846799992607
3,0,,2026-07-28T19:52:04.440308,108097,4444,2362,4444,111,4444,2,4444,1,4444,1,1923,1,1.0286228000040865
3,0,,2026-07-28T19:52:05.468818,107664,4462,2342,4462,100,4462,4,4462,3,4462,1,1704,0,1.0281441999977687
3,0,,2026-07-28T19:52:06.498552,107488,4424,2292,4424,78,4424,0,4424,6,4424,2,1742,1,1.0292641000123695
3,0,,2026-07-28T19:52:07.526173,106922,4473,2412,4473,68,4473,3,4473,0,4473,2,1772,1,1.0273151000001235
3,0,,2026-07-28T19:52:08.556006,107497,4500,2395,4500,73,4500,5,4500,3,4500,1,1775,2,1.0294940000021597
3,0,,2026-07-28T19:52:09.585314,107659,4463,2382,4463,64,4463,4,4463,2,4463,2,1780,0,1.028937600000063
3,0,,2026-07-28T19:52:10.613831,107648,4434,2378,4434,91,4434,2,4434,2,4434,1,1767,1,1.0281846999860136
3,0,,2026-07-28T19:52:11.644603,107253,4432,2328,4432,82,4432,5,4432,3,4432,1,1791,0,1.030504700000165
3,0,,2026-07-28T19:52:12.673917,107199,4459,2387,4459,88,4459,6,4459,0,4459,2,1814,2,1.0289410999976099
3,0,,2026-07-28T19:52:13.702705,106703,4524,2377,4524,86,4524,1,4524,1,4524,1,1843,0,1.028435400003218
3,0,,2026-07-28T19:52:14.732213,107782,4309,2270,4309,74,4309,3,4309,1,4309,1,1785,2,1.0291185999958543
3,0,,2026-07-28T19:52:15.759566,107703,4424,2337,4424,63,4424,5,4424,6,4424,2,1852,1,1.0269573999976274
3,0,,2026-07-28T19:52:16.788980,106729,4415,2375,4415,83,4415,1,4415,2,4415,3,1795,1,1.029060600005323
3,0,,2026-07-28T19:52:17.818582,107792,4346,2271,4346,87,4346,2,4346,1,4346,3,1700,0,1.0291972999984864
3,0,,2026-07-28T19:52:18.847452,107594,4439,2407,4439,93,4439,8,4439,3,4439,1,1793,2,1.0285093000129564
3,0,,2026-07-28T19:52:19.876132,107386,4408,2379,4408,84,4408,2,4408,5,4408,2,1800,1,1.0282950999971945
3,0,,2026-07-28T19:52:20.905034,107446,4451,2397,4451,91,4451,1,4451,2,4451,2,1774,0,1.0285610999999335
3,0,,2026-07-28T19:52:21.934496,107594,4507,2353,4507,80,4507,4,4507,0,4507,2,1791,0,1.0291002000012668
3,0,,2026-07-28T19:52:22.963312,107546,4550,2418,4550,75,4550,3,4550,3,4550,4,1776,0,1.0284882999985712
3,0,,2026-07-28T19:52:23.992638,107325,4388,2341,4388,80,4388,7,4388,3,4388,1,1806,1,1.0289956000051461
3,0,,2026-07-28T19:52:25.022167,107294,4427,2340,4427,83,4427,3,4427,5,4427,2,1726,0,1.0291715000057593
3,0,,2026-07-28T19:52:26.051802,107826,4372,2260,4372,78,4372,3,4372,2,4372,4,1747,0,1.0292515000037383
3,0,,2026-07-28T19:52:27.081893,107088,4354,2363,4354,83,4354,3,4354,0,4354,3,1715,0,1.029782099998556
3,0,,2026-07-28T19:52:28.109906,106807,4322,2263,4322,86,4322,2,4322,0,4322,5,1807,1,1.0276580000063404
3,0,,2026-07-28T19:52:29.139319,107198,4366,2287,4366,84,4366,1,4366,3,4366,3,1806,2,1.029064299989841
3,0,,2026-07-28T19:52:30.168048,107356,4399,2301,4399,89,4399,6,4399,5,4399,0,1817,2,1.028389099999913
3,0,,2026-07-28T19:52:31.198297,107813,4358,2288,4358,66,4358,8,4358,2,4358,2,1739,0,1.0298972000018694
3,0,,2026-07-28T19:52:32.224782,106946,4329,2300,4329,71,4329,4,4329,2,4329,2,1843,1,1.0261991000006674
3,0,,2026-07-28T19:52:33.254162,107390,4411,2318,4411,78,4411,3,4411,4,4411,1,1749,0,1.0291956000000937
3,0,,2026-07-28T19:52:34.283755,107018,4500,2389,4500,79,4500,3,4500,0,4500,4,1722,1,1.0292475999885937
3,0,,2026-07-28T19:52:35.310601,107623,4412,2354,4412,71,4412,4,4412,1,4412,1,1812,0,1.0265706000063801
3,0,,2026-07-28T19:52:36.339635,106796,4487,2345,4487,85,4487,5,4487,4,4487,3,1856,1,1.0288028999930248
3,0,,2026-07-28T19:52:37.368660,107538,4529,2424,4529,83,4529,4,4529,5,4529,3,1716,0,1.0287641999893822
3,0,,2026-07-28T19:52:38.397039,107032,4442,2350,4442,72,4442,2,4442,3,4442,0,1846,1,1.0280625999876065
3,0,,2026-07-28T19:52:39.425874,107279,4353,2287,4353,76,4353,2,4353,1,4353,1,1834,3,1.028541799998493
3,0,,2026-07-28T19:52:40.455185,107145,4447,2376,4447,66,4447,6,4447,3,4447,2,1833,1,1.0289640999981202
3,0,,2026-07-28T19:52:41.484608,107412,4566,2404,4566,71,4566,5,4566,2,4566,4,1782,2,1.029094299999997
3,0,,2026-07-28T19:52:42.512430,107478,4421,2323,4421,72,4421,4,4421,3,4421,2,1763,0,1.0275170999957481
3,0,,2026-07-28T19:52:43.540334,107944,4445,2380,4445,91,4445,3,4445,1,4445,1,1821,1,1.0276075000001583
3,0,,2026-07-28T19:52:44.569427,107113,4448,2401,4448,86,4448,2,4448,5,4448,3,1800,0,1.028729600002407
3,0,,2026-07-28T19:52:45.599003,106593,4506,2342,4506,81,4506,4,4506,2,4506,3,1763,3,1.029163499988499
3,0,,2026-07-28T19:52:46.627384,107113,4436,2347,4436,69,4436,6,4436,0,4436,4,1753,1,1.0279771000059554
3,0,,2026-07-28T19:52:47.655740,106905,4545,2447,4545,79,4545,1,4545,1,4545,0,1822,1,1.027964000008069
3,0,,2026-07-28T19:52:48.685343,107326,4487,2417,4487,73,4487,1,4487,1,4487,4,1790,2,1.029235800000606
3,0,,2026-07-28T19:52:49.714687,107616,4415,2365,4415,87,4415,5,4415,4,4415,1,1776,0,1.0289646000019275
3,0,,2026-07-28T19:52:50.742716,107152,4476,2381,4476,75,4476,7,4476,4,4476,0,1715,1,1.0277238999988185
3,0,,2026-07-28T19:52:51.771199,106892,4456,2316,4456,87,4456,2,4456,1,4456,3,1751,1,1.0281652999983635
3,0,,2026-07-28T19:52:52.800921,107712,4502,2397,4502,70,4502,4,4502,3,4502,2,1769,0,1.0293606000050204
3,0,,2026-07-28T19:52:53.829753,107440,4437,2397,4437,81,4437,4,4437,0,4437,5,1832,0,1.0284898999962024
3,0,,2026-07-28T19:52:54.858384,107436,4451,2312,4451,88,4451,6,4451,1,4451,2,1797,2,1.02829919999931
3,0,,2026-07-28T19:52:55.887173,107439,4405,2404,4405,76,4405,3,4405,1,4405,1,1789,1,1.0284608000074513
3,0,,2026-07-28T19:52:56.917201,107656,4432,2315,4432,91,4432,6,4432,2,4432,0,1772,1,1.0295507999981055
3,0,,2026-07-28T19:52:57.946196,107665,4367,2286,4367,93,4367,5,4367,2,4367,2,1745,0,1.0285593000007793
3,0,,2026-07-28T19:52:58.975261,107688,4386,2335,4386,76,4386,5,4386,4,4386,0,1792,0,1.0286849999974947
3,0,,2026-07-28T19:53:00.004474,107239,4380,2277,4380,92,4380,4,4380,3,4380,0,1802,1,1.0288589999981923
3,0,,2026-07-28T19:53:01.033396,107359,4492,2353,4492,94,4492,6,4492,4,4492,1,1853,2,1.0285087000083877
3,0,,2026-07-28T19:53:02.061814,107690,4418,2324,4418,72,4418,4,4418,3,4418,3,1738,1,1.0280084000114584
3,0,,2026-07-28T19:53:03.090281,106838,4333,2281,4333,88,4333,1,4333,1,4333,1,1757,0,1.028123099997174
3,0,,2026-07-28T19:53:04.119564,107608,4483,2316,4483,83,4483,4,4483,4,4483,4,1773,1,1.0289387999946484
3,0,,2026-07-28T19:53:05.147960,107202,4400,2316,4400,91,4400,4,4400,1,4400,1,1771,0,1.027981599996565
3,0,,2026-07-28T19:53:06.177171,107480,4443,2370,4443,80,4443,3,4443,4,4443,0,1783,0,1.0288400999997975
3,0,,2026-07-28T19:53:07.206037,106793,4461,2329,4461,90,4461,2,4461,1,4461,0,1771,1,1.0284459999966202
3,0,,2026-07-28T19:53:08.235235,107271,4403,2345,4403,72,4403,3,4403,6,4403,3,1808,0,1.028891999987536
3,0,,2026-07-28T19:53:09.263564,106662,4338,2293,4338,68,4338,3,4338,2,4338,2,1844,0,1.0280187000025762
3,0,,2026-07-28T19:53:10.292766,106786,4370,2316,4370,72,4370,2,4370,1,4370,1,1796,2,1.0288828000047943
3,0,,2026-07-28T19:53:11.322956,107941,4412,2322,4412,79,4412,0,4412,3,4412,0,1788,0,1.0297774999926332
3,0,,2026-07-28T19:53:12.351027,106949,4426,2345,4426,94,4426,4,4426,0,4426,2,1802,1,1.0276984000083758
3,0,,2026-07-28T19:53:13.380195,107266,4472,2398,4472,63,4472,5,4472,0,4472,0,1824,0,1.0287991000077454
3,0,,2026-07-28T19:53:14.409083,107119,4369,2347,4369,79,4369,6,4369,3,4369,2,1773,0,1.0285511000111
3,0,,2026-07-28T19:53:15.439910,107040,4503,2307,4503,92,4503,4,4503,1,4503,2,1754,1,1.0304674000071827
3,0,,2026-07-28T19:53:16.470660,107936,4207,2261,4207,82,4207,3,4207,4,4207,1,1723,1,1.0303096000134246
3,0,,2026-07-28T19:53:17.499685,107180,4414,2333,4414,94,4414,0,4414,1,4414,1,1742,0,1.028592300004675
3,0,,2026-07-28T19:53:18.528165,107807,4392,2341,4392,89,4392,4,4392,5,4392,2,1842,1,1.0281326999975136
3,0,,2026-07-28T19:53:19.557288,107656,4442,2349,4442,85,4442,5,4442,5,4442,1,1828,0,1.028805399997509
3,0,,2026-07-28T19:53:20.587194,107641,4387,2364,4387,69,4387,6,4387,1,4387,1,1775,1,1.0295014000002993
3,0,,2026-07-28T19:53:21.615913,107224,4466,2372,4466,82,4466,4,4466,1,4466,0,1709,0,1.0283485999971163
3,0,,2026-07-28T19:53:22.643206,107663,4507,2344,4507,73,4507,4,4507,1,4507,4,1788,1,1.026975200002198
3,0,,2026-07-28T19:53:23.671451,107011,4485,2400,4485,63,4485,2,4485,2,4485,2,1736,1,1.0279032999969786
3,0,,2026-07-28T19:53:24.699680,107391,4399,2356,4399,70,4399,1,4399,1,4399,2,1884,1,1.027889300006791
3,0,,2026-07-28T19:53:25.727702,107442,4396,2326,4396,72,4396,5,4396,3,4396,1,1785,0,1.027774700007285
3,0,,2026-07-28T19:53:26.753951,107373,4427,2289,4427,93,4427,2,4427,0,4427,2,1856,1,1.0260516999987885
3,0,,2026-07-28T19:53:27.781568,107340,4376,2275,4376,52,4376,1,4376,2,4376,5,1765,0,1.027431999988039
3,0,,2026-07-28T19:53:28.809071,106878,4417,2307,4417,81,4417,0,4417,1,4417,4,1812,1,1.0271915999910561
3,0,,2026-07-28T19:53:29.835448,107266,4256,2298,4256,72,4256,3,4256,2,4256,0,1769,0,1.0260917999985395
3,0,,2026-07-28T19:53:30.863770,107174,4329,2295,4329,84,4329,7,4329,2,4329,2,1779,1,1.0280585000000428
3,0,,2026-07-28T19:53:31.891861,107463,4380,2320,4380,75,4380,2,4380,0,4380,1,1717,2,1.027794299996458
3,0,,2026-07-28T19:53:32.919319,107409,4347,2271,4347,80,4347,7,4347,1,4347,2,1744,1,1.0272044000012102
3,0,,2026-07-28T19:53:33.948685,107001,4394,2280,4394,81,4394,3,4394,3,4394,1,1757,0,1.0290643999906024
3,0,,2026-07-28T19:53:34.978482,107617,4384,2334,4384,70,4384,4,4384,0,4384,2,1773,0,1.0294789000035962
3,0,,2026-07-28T19:53:36.007499,107448,4432,2299,4432,83,4432,3,4432,1,4432,3,1753,1,1.0287384999974165
3,0,,2026-07-28T19:53:37.036159,107586,4457,2412,4457,71,4457,3,4457,5,4457,4,1698,0,1.0283526999992318
3,0,,2026-07-28T19:53:38.064319,107156,4226,2253,4226,66,4226,3,4226,4,4226,4,1772,0,1.027803799996036
3,0,,2026-07-28T19:53:39.092693,107012,4493,2374,4493,80,4493,2,4493,3,4493,0,1772,2,1.0279733000061242
3,0,,2026-07-28T19:53:40.122574,106750,4492,2362,4492,80,4492,3,4492,7,4492,3,1743,3,1.029590600010124
3,0,,2026-07-28T19:53:41.149943,107568,4412,2348,4412,69,4412,2,4412,0,4412,3,1845,1,1.026980900001945
3,0,,2026-07-28T19:53:42.177038,106925,4505,2374,4505,92,4505,6,4505,2,4505,3,1771,1,1.0268393000005744
3,0,,2026-07-28T19:53:43.206064,107230,4418,2350,4418,89,4418,7,4418,3,4418,0,1739,0,1.0287444000132382
3,0,,2026-07-28T19:53:44.234442,108181,4386,2364,4386,65,4386,8,4386,1,4386,2,1808,0,1.028040899996995
3,0,,2026-07-28T19:53:45.263357,107580,4458,2391,4458,67,4458,3,4458,1,4458,0,1776,1,1.0285889999940991
3,0,,2026-07-28T19:53:46.292642,107197,4483,2360,4483,56,4483,1,4483,1,4483,2,1761,1,1.0289200999977766
3,0,,2026-07-28T19:53:47.321755,107456,4453,2334,4453,79,4453,1,4453,5,4453,4,1757,0,1.0287596999987727
3,0,,2026-07-28T19:53:48.350686,107174,4458,2357,4458,92,4458,5,4458,1,4458,2,1814,1,1.0285843000019668
3,0,,2026-07-28T19:53:49.379917,107206,4428,2325,4428,75,4428,6,4428,0,4428,2,1720,0,1.0288915999990422
3,0,,2026-07-28T19:53:50.408219,107581,4504,2348,4504,85,4504,3,4504,2,4504,0,1769,1,1.027948099988862
3,0,,2026-07-28T19:53:51.438045,107306,4432,2317,4432,68,4432,2,4432,2,4432,1,1758,1,1.029472700000042
3,0,,2026-07-28T19:53:52.467084,107200,4366,2313,4366,82,4366,4,4366,2,4366,2,1785,1,1.0285900000017136
3,0,,2026-07-28T19:53:53.497067,106636,4445,2346,4445,81,4445,3,4445,1,4445,3,1758,2,1.029532200001995
3,0,,2026-07-28T19:53:54.525820,107966,4444,2312,4444,70,4444,5,4444,2,4444,2,1758,1,1.0283926000120118
3,0,,2026-07-28T19:53:55.555253,106944,4511,2394,4511,74,4511,1,4511,5,4511,2,1781,1,1.0290600000007544
3,0,,2026-07-28T19:53:56.585006,107271,4436,2344,4436,84,4436,8,4436,2,4436,4,1725,1,1.0293796999903861
3,0,,2026-07-28T19:53:57.613904,107075,4463,2314,4463,83,4463,4,4463,4,4463,2,1676,0,1.0284589000075357
3,0,,2026-07-28T19:53:58.642654,107510,4385,2253,4385,97,4385,3,4385,5,4385,2,1763,0,1.0284030999901006
3,0,,2026-07-28T19:53:59.671231,107596,4385,2322,4385,82,4385,3,4385,3,4385,0,1799,1,1.0281466999877011
3,0,,2026-07-28T19:54:00.699861,107683,4479,2352,4479,76,4479,5,4479,2,4479,1,1768,0,1.0282855999976164
3,0,,2026-07-28T19:54:01.729136,107455,4512,2413,4512,65,4512,5,4512,1,4512,0,1757,0,1.0288451000087662
3,0,,2026-07-28T19:54:02.758957,107972,4411,2340,4411,76,4411,0,4411,0,4411,2,1752,2,1.0294843000010587
3,0,,2026-07-28T19:54:03.788134,107222,4503,2366,4503,82,4503,3,4503,4,4503,1,1772,2,1.028833600008511
3,0,,2026-07-28T19:54:04.816707,107490,4548,2379,4548,105,4548,3,4548,2,4548,3,1697,0,1.0282025999913458
3,0,,2026-07-28T19:54:05.846591,107289,4431,2383,4431,87,4431,5,4431,1,4431,3,1729,2,1.0295126999990316
3,0,,2026-07-28T19:54:06.875927,107754,4356,2358,4356,65,4356,1,4356,1,4356,2,1729,1,1.0290428000007523
3,0,,2026-07-28T19:54:07.905168,108049,4443,2346,4443,90,4443,3,4443,2,4443,1,1877,2,1.0287734000012279
3,0,,2026-07-28T19:54:08.934241,106914,4373,2273,4373,77,4373,5,4373,0,4373,2,1794,0,1.0287000999960583
3,0,,2026-07-28T19:54:09.963579,106874,4404,2325,4404,67,4404,5,4404,2,4404,6,1772,0,1.0289683000009973
3,0,,2026-07-28T19:54:10.992620,107980,4511,2380,4511,95,4511,4,4511,1,4511,1,1791,1,1.028755999999703
3,0,,2026-07-28T19:54:12.019970,107187,4386,2314,4386,81,4386,2,4386,2,4386,1,1735,1,1.0270662999973865
3,0,,2026-07-28T19:54:13.049539,107495,4460,2368,4460,68,4460,3,4460,3,4460,2,1760,2,1.0292047999973875
3,0,,2026-07-28T19:54:14.079985,108336,4477,2344,4477,82,4477,3,4477,3,4477,2,1745,1,1.0300834000081522
3,0,,2026-07-28T19:54:15.108446,107355,4469,2305,4469,75,4469,5,4469,3,4469,2,1825,0,1.0280359000025783
3,0,,2026-07-28T19:54:16.136011,107775,4509,2325,4509,74,4509,4,4509,3,4509,0,1847,2,1.0273344999877736
3,0,,2026-07-28T19:54:17.162198,106731,4286,2350,4286,74,4286,1,4286,1,4286,1,1769,2,1.0260012000071583
3,0,,2026-07-28T19:54:18.189751,107519,4479,2406,4479,76,4479,4,4479,1,4479,4,1809,0,1.0273555000021588
3,0,,2026-07-28T19:54:19.216944,107200,4470,2422,4470,87,4470,4,4470,5,4470,1,1744,0,1.0268866999977035
3,0,,2026-07-28T19:54:20.246734,107154,4324,2310,4324,81,4324,5,4324,1,4324,1,1750,1,1.0294872999947984
3,0,,2026-07-28T19:54:21.275564,107162,4475,2294,4475,90,4475,7,4475,2,4475,3,1784,1,1.0284056999953464
3,0,,2026-07-28T19:54:22.304440,106728,4387,2312,4387,67,4387,3,4387,4,4387,2,1768,1,1.0285138999897754
3,0,,2026-07-28T19:54:23.332822,107009,4400,2323,4400,74,4400,1,4400,0,4400,2,1763,1,1.0280456000036793
3,0,,2026-07-28T19:54:24.360212,107096,4387,2290,4387,90,4387,4,4387,2,4387,2,1739,0,1.0270383000024594
3,0,,2026-07-28T19:54:25.387488,107377,4463,2372,4463,74,4463,3,4463,5,4463,1,1773,0,1.0270286000013584
3,0,,2026-07-28T19:54:26.415453,107470,4427,2352,4427,68,4427,2,4427,0,4427,1,1783,1,1.027695999990101
3,0,,2026-07-28T19:54:27.443364,107386,4362,2338,4362,75,4362,2,4362,1,4362,0,1772,2,1.0276546999957645
3,0,,2026-07-28T19:54:28.470717,107926,4500,2376,4500,77,4500,5,4500,0,4500,7,1802,2,1.0270927000092342
3,0,,2026-07-28T19:54:29.497628,107092,4551,2401,4551,69,4551,6,4551,1,4551,0,1819,0,1.0266946000047028
3,0,,2026-07-28T19:54:30.524203,106650,4460,2404,4460,65,4460,1,4460,2,4460,1,1788,0,1.0262853000022005
3,0,,2026-07-28T19:54:31.551586,107718,4288,2308,4288,80,4288,1,4288,2,4288,1,1741,0,1.0271245999902021
3,0,,2026-07-28T19:54:32.578640,106829,4492,2420,4492,76,4492,2,4492,2,4492,1,1749,1,1.0267331000068225
3,0,,2026-07-28T19:54:33.606018,107084,4459,2391,4459,71,4459,3,4459,1,4459,0,1681,1,1.0271089000016218
3,0,,2026-07-28T19:54:34.634384,107643,4380,2330,4380,81,4380,3,4380,0,4380,2,1845,2,1.0281063999864273
3,0,,2026-07-28T19:54:35.662663,107182,4262,2235,4262,76,4262,1,4262,4,4262,0,1760,1,1.0279707000008784
3,0,,2026-07-28T19:54:36.690943,107383,4432,2340,4432,76,4432,1,4432,4,4432,1,1803,1,1.0279157000040868
3,0,,2026-07-28T19:54:37.719358,107747,4580,2438,4580,70,4580,1,4580,2,4580,5,1804,2,1.028131699989899
3,0,,2026-07-28T19:54:38.748966,108019,4374,2344,4374,84,4374,5,4374,4,4374,2,1771,0,1.0293241999897873
3,0,,2026-07-28T19:54:39.779292,107952,4569,2433,4569,66,4569,2,4569,1,4569,1,1719,1,1.0298268000042299
3,0,,2026-07-28T19:54:40.807283,107510,4346,2286,4346,69,4346,3,4346,2,4346,5,1801,0,1.0276670999883208
3,0,,2026-07-28T19:54:41.836048,106825,4474,2428,4474,73,4474,1,4474,0,4474,0,1828,0,1.0284320999926422
3,0,,2026-07-28T19:54:42.865150,107546,4487,2399,4487,81,4487,3,4487,6,4487,0,1770,1,1.0286743000033312
3,0,,2026-07-28T19:54:43.894688,107421,4428,2356,4428,82,4428,1,4428,2,4428,2,1755,1,1.029183999999077
3,0,,2026-07-28T19:54:44.922976,107627,4517,2422,4517,67,4517,3,4517,2,4517,5,1794,5,1.0279396999976598
3,0,,2026-07-28T19:54:45.951682,107037,4436,2422,4436,63,4436,4,4436,0,4436,4,1769,1,1.0283626999880653
3,0,,2026-07-28T19:54:46.980335,107683,4485,2363,4485,80,4485,0,4485,2,4485,1,1845,3,1.028170899997349
3,0,,2026-07-28T19:54:48.008558,107177,4468,2375,4468,87,4468,4,4468,1,4468,2,1774,2,1.0279083000059472
3,0,,2026-07-28T19:54:49.037806,107343,4458,2428,4458,82,4458,5,4458,1,4458,1,1795,1,1.0289010999986203
3,0,,2026-07-28T19:54:50.065982,107373,4424,2294,4424,106,4424,0,4424,4,4424,0,1767,1,1.0277844999945955
3,0,,2026-07-28T19:54:51.095739,107877,4492,2366,4492,80,4492,8,4492,1,4492,3,1719,1,1.029373299999861
3,0,,2026-07-28T19:54:52.124952,107521,4488,2376,4488,70,4488,5,4488,3,4488,2,1784,1,1.0288435999973444
3,0,,2026-07-28T19:54:53.154159,107136,4470,2342,4470,83,4470,0,4470,2,4470,2,1778,0,1.028861600003438
3,0,,2026-07-28T19:54:54.182202,106904,4444,2379,4444,86,4444,1,4444,1,4444,1,1761,1,1.0276190000004135
3,0,,2026-07-28T19:54:55.211623,107465,4638,2424,4638,82,4638,4,4638,1,4638,2,1791,0,1.0290787000121782
3,0,,2026-07-28T19:54:56.240585,107131,4536,2368,4536,93,4536,4,4536,2,4536,2,1738,1,1.028607500004
3,0,,2026-07-28T19:54:57.270338,107768,4369,2316,4369,90,4369,7,4369,4,4369,0,1771,0,1.0293626000056975
3,0,,2026-07-28T19:54:58.299241,107278,4408,2347,4408,80,4408,2,4408,2,4408,3,1805,0,1.0284360000077868
3,0,,2026-07-28T19:54:59.327841,107809,4451,2327,4451,82,4451,2,4451,0,4451,2,1791,1,1.0282683999976143
3,0,,2026-07-28T19:55:00.354969,107290,4388,2354,4388,52,4388,3,4388,1,4388,1,1769,1,1.026712499995483
3,0,,2026-07-28T19:55:01.383936,106837,4541,2375,4541,88,4541,2,4541,2,4541,3,1825,0,1.0287320999923395
3,0,,2026-07-28T19:55:02.412795,107529,4460,2297,4460,96,4460,3,4460,4,4460,3,1764,0,1.0284243999922182
3,0,,2026-07-28T19:55:03.441427,107186,4295,2297,4295,69,4295,5,4295,3,4295,2,1780,2,1.0283236999966903
3,0,,2026-07-28T19:55:04.469675,107758,4468,2390,4468,72,4468,4,4468,4,4468,1,1798,0,1.027963100001216
3,0,,2026-07-28T19:55:05.497780,107721,4522,2444,4522,88,4522,2,4522,4,4522,5,1689,1,1.027721599995857
3,0,,2026-07-28T19:55:06.525564,107206,4425,2315,4425,83,4425,1,4425,0,4425,4,1761,0,1.0274693000101252
3,0,,2026-07-28T19:55:07.554177,107710,4436,2354,4436,79,4436,5,4436,3,4436,2,1821,1,1.028426800010493
3,0,,2026-07-28T19:55:08.582325,107378,4489,2328,4489,86,4489,4,4489,4,4489,4,1751,0,1.0278180000022985
3,0,,2026-07-28T19:55:09.611913,107251,4496,2375,4496,76,4496,3,4496,0,4496,1,1777,1,1.0292021999921417
3,0,,2026-07-28T19:55:10.641048,107577,4433,2370,4433,77,4433,4,4433,2,4433,0,1786,0,1.0288032999960706
3,0,,2026-07-28T19:55:11.671045,108043,4488,2419,4488,70,4488,6,4488,1,4488,1,1780,0,1.0296347999974387
3,0,,2026-07-28T19:55:12.699409,107633,4477,2366,4477,85,4477,2,4477,2,4477,1,1796,2,1.0279720999969868
3,0,,2026-07-28T19:55:13.728067,107191,4402,2332,4402,93,4402,3,4402,2,4402,3,1744,1,1.0282568999973591
3,0,,2026-07-28T19:55:14.756640,108286,4431,2410,4431,67,4431,5,4431,2,4431,1,1783,0,1.028212099990924
3,0,,2026-07-28T19:55:15.785486,107360,4338,2300,4338,90,4338,3,4338,5,4338,8,1754,0,1.0284817999927327
3,0,,2026-07-28T19:55:16.814242,107498,4409,2346,4409,76,4409,3,4409,2,4409,0,1846,2,1.0284294000011869
3,0,,2026-07-28T19:55:17.843528,107598,4393,2342,4393,76,4393,5,4393,2,4393,2,1776,2,1.028933399997186
3,0,,2026-07-28T19:55:18.872625,107530,4472,2399,4472,58,4472,3,4472,3,4472,3,1668,1,1.028711500010104
3,0,,2026-07-28T19:55:19.901396,107462,4434,2383,4434,77,4434,3,4434,3,4434,1,1794,0,1.0284383000107482
3,0,,2026-07-28T19:55:20.927439,107195,4418,2393,4418,73,4418,2,4418,2,4418,1,1715,0,1.0257242000079714
3,0,,2026-07-28T19:55:21.956149,106512,4340,2271,4340,79,4340,3,4340,5,4340,0,1816,0,1.0285019000002649
3,0,,2026-07-28T19:55:22.985242,107359,4394,2326,4394,72,4394,2,4394,0,4394,1,1808,0,1.0286744999903021
3,0,,2026-07-28T19:55:24.013992,106958,4431,2281,4431,76,4431,2,4431,2,4431,1,1720,1,1.0283595000073547
3,0,,2026-07-28T19:55:25.043210,107583,4434,2340,4434,80,4434,6,4434,4,4434,2,1778,0,1.0287736000027508
3,0,,2026-07-28T19:55:26.071465,107061,4338,2282,4338,66,4338,5,4338,3,4338,2,1793,1,1.0278895999945235
3,0,,2026-07-28T19:55:27.098920,106899,4416,2388,4416,77,4416,0,4416,1,4416,3,1837,3,1.0271248999924865
3,0,,2026-07-28T19:55:28.127436,107108,4461,2338,4461,84,4461,5,4461,1,4461,3,1779,0,1.0282855000114068
3,0,,2026-07-28T19:55:29.156297,107158,4389,2277,4389,80,4389,2,4389,2,4389,3,1779,0,1.0284736000030534
3,0,,2026-07-28T19:55:30.185231,107541,4454,2383,4454,78,4454,4,4454,4,4454,1,1818,1,1.028500600004918
3,0,,2026-07-28T19:55:31.213672,107449,4415,2400,4415,76,4415,5,4415,4,4415,0,1803,1,1.028044199993019
3,0,,2026-07-28T19:55:32.242852,107068,4307,2278,4307,80,4307,5,4307,2,4307,1,1828,0,1.0286066999979084
3,0,,2026-07-28T19:55:33.272582,107463,4401,2366,4401,71,4401,5,4401,3,4401,3,1719,1,1.029344199996558
3,0,,2026-07-28T19:55:34.301362,107253,4452,2336,4452,80,4452,5,4452,4,4452,2,1848,3,1.0283624000003329
3,0,,2026-07-28T19:55:35.330506,107473,4434,2355,4434,63,4434,5,4434,3,4434,1,1816,2,1.0288180999923497
3,0,,2026-07-28T19:55:36.359960,106978,4511,2348,4511,83,4511,2,4511,3,4511,1,1782,2,1.0291701999958605
3,0,,2026-07-28T19:55:37.389396,107530,4412,2348,4412,75,4412,3,4412,3,4412,1,1778,1,1.029004399999394
3,0,,2026-07-28T19:55:38.418009,107275,4404,2379,4404,85,4404,4,4404,1,4404,2,1787,1,1.0282984000077704
3,0,,2026-07-28T19:55:39.447563,107847,4361,2341,4361,73,4361,5,4361,2,4361,1,1768,3,1.0291981999907875
3,0,,2026-07-28T19:55:40.476844,107421,4452,2350,4452,75,4452,3,4452,3,4452,3,1726,0,1.0288467000063974
3,0,,2026-07-28T19:55:41.505298,107422,4445,2348,4445,86,4445,1,4445,3,4445,1,1761,0,1.0280057999916608
3,0,,2026-07-28T19:55:42.533437,107678,4400,2379,4400,84,4400,1,4400,1,4400,1,1786,2,1.0277442000078736
3,0,,2026-07-28T19:55:43.561701,106969,4405,2349,4405,83,4405,7,4405,3,4405,2,1739,2,1.0278413000050932
3,0,,2026-07-28T19:55:44.592279,107962,4360,2339,4360,92,4360,3,4360,2,4360,2,1817,1,1.0301719999988563
3,0,,2026-07-28T19:55:45.620627,107694,4419,2356,4419,80,4419,4,4419,1,4419,1,1815,0,1.0280294999975013
3,0,,2026-07-28T19:55:46.649775,107621,4522,2405,4522,81,4522,2,4522,1,4522,1,1773,0,1.0288407999905758
3,0,,2026-07-28T19:55:47.679464,107126,4438,2419,4438,64,4438,4,4438,2,4438,0,1704,1,1.0293421000096714
3,0,,2026-07-28T19:55:48.708307,107935,4483,2360,4483,77,4483,4,4483,2,4483,2,1775,1,1.0285182999941753
3,0,,2026-07-28T19:55:49.738255,107204,4401,2314,4401,82,4401,0,4401,5,4401,1,1771,0,1.0295478000043659
3,0,,2026-07-28T19:55:50.765075,107456,4533,2388,4533,81,4533,3,4533,1,4533,4,1780,3,1.0264717999962159
3,0,,2026-07-28T19:55:51.793808,107708,4434,2374,4434,74,4434,1,4434,2,4434,0,1794,0,1.0284890000039013
3,0,,2026-07-28T19:55:52.822901,107574,4574,2443,4574,88,4574,1,4574,2,4574,0,1792,1,1.028772999998182
3,0,,2026-07-28T19:55:53.851944,107000,4383,2293,4383,71,4383,1,4383,4,4383,0,1732,1,1.028672500004177
3,0,,2026-07-28T19:55:54.880589,107343,4484,2356,4484,79,4484,4,4484,1,4484,0,1860,2,1.0282816999970237
3,0,,2026-07-28T19:55:55.908061,107662,4514,2394,4514,85,4514,9,4514,0,4514,1,1747,1,1.0271403999940958
3,0,,2026-07-28T19:55:56.936189,107670,4382,2332,4382,75,4382,4,4382,3,4382,1,1793,1,1.027813900000183
3,0,,2026-07-28T19:55:57.963365,107466,4381,2312,4381,86,4381,3,4381,2,4381,5,1681,1,1.0270252999907825
3,0,,2026-07-28T19:55:58.990082,107539,4509,2410,4509,73,4509,8,4509,0,4509,3,1730,0,1.026501800006372
3,0,,2026-07-28T19:56:00.017373,107384,4411,2332,4411,81,4411,0,4411,3,4411,4,1786,0,1.0270561999932397
3,0,,2026-07-28T19:56:01.047158,107481,4422,2337,4422,57,4422,4,4422,1,4422,1,1770,1,1.0294971999974223
3,0,,2026-07-28T19:56:02.076422,107917,4457,2373,4457,78,4457,2,4457,4,4457,0,1767,0,1.0289710000070045
3,0,,2026-07-28T19:56:03.105587,107683,4367,2269,4367,81,4367,5,4367,3,4367,1,1786,0,1.028827200003434
3,0,,2026-07-28T19:56:04.134913,107561,4465,2393,4465,70,4465,3,4465,2,4465,2,1770,0,1.0289745000045514
3,0,,2026-07-28T19:56:05.162527,107502,4502,2420,4502,83,4502,3,4502,3,4502,3,1814,2,1.027250199986156
3,0,,2026-07-28T19:56:06.192837,107461,4334,2321,4334,81,4334,0,4334,2,4334,0,1793,0,1.0298552000022028
3,0,,2026-07-28T19:56:07.222415,107295,4418,2350,4418,75,4418,1,4418,0,4418,2,1779,1,1.0291432000085479
3,0,,2026-07-28T19:56:08.250800,107757,4430,2376,4430,78,4430,2,4430,0,4430,3,1747,1,1.028022400001646
3,0,,2026-07-28T19:56:09.280087,107596,4526,2391,4526,76,4526,4,4526,2,4526,2,1664,1,1.0289404999930412
3,0,,2026-07-28T19:56:10.308826,107086,4573,2440,4573,80,4573,2,4573,5,4573,1,1856,0,1.0282772000064142
3,0,,2026-07-28T19:56:11.337193,107630,4398,2344,4398,66,4398,1,4398,2,4398,3,1750,1,1.0280290999944555
3,0,,2026-07-28T19:56:12.366409,107255,4440,2394,4440,70,4440,4,4440,4,4440,1,1738,2,1.0288635000033537
3,0,,2026-07-28T19:56:13.396533,107126,4445,2308,4445,92,4445,1,4445,4,4445,1,1725,1,1.029760500008706
3,0,,2026-07-28T19:56:14.425096,107979,4429,2304,4429,78,4429,4,4429,2,4429,0,1824,0,1.0281460000114748
3,0,,2026-07-28T19:56:15.453208,107520,4378,2313,4378,79,4378,1,4378,1,4378,1,1723,2,1.0277903999958653
3,0,,2026-07-28T19:56:16.481996,106900,4357,2347,4357,81,4357,5,4357,1,4357,1,1763,0,1.0284479999972973
3,0,,2026-07-28T19:56:17.510453,107198,4383,2283,4383,82,4383,4,4383,1,4383,4,1794,1,1.0281436999939615
3,0,,2026-07-28T19:56:18.539798,107061,4293,2269,4293,74,4293,4,4293,3,4293,2,1795,1,1.0290115999960108
3,0,,2026-07-28T19:56:19.569421,107520,4403,2352,4403,93,4403,3,4403,2,4403,0,1745,0,1.0293190000083996
3,0,,2026-07-28T19:56:20.598669,107708,4426,2373,4426,80,4426,3,4426,1,4426,0,1723,1,1.028819899991504
3,0,,2026-07-28T19:56:21.627299,106834,4465,2354,4465,87,4465,1,4465,0,4465,2,1751,1,1.0282491999969352
3,0,,2026-07-28T19:56:22.657392,107278,4520,2329,4520,90,4520,6,4520,4,4520,1,1817,0,1.0297060000011697
3,0,,2026-07-28T19:56:23.687108,107028,4442,2336,4442,89,4442,3,4442,1,4442,5,1831,0,1.0293678999878466
3,0,,2026-07-28T19:56:24.715917,107644,4384,2267,4384,80,4384,2,4384,3,4384,1,1795,0,1.0283626000018558
3,0,,2026-07-28T19:56:25.745040,107596,4420,2368,4420,71,4420,1,4420,4,4420,0,1738,0,1.0288151999993715
3,0,,2026-07-28T19:56:26.772976,106887,4404,2305,4404,69,4404,5,4404,1,4404,2,1926,2,1.0275163000042085
3,0,,2026-07-28T19:56:27.801985,106457,4329,2290,4329,86,4329,3,4329,1,4329,0,1763,2,1.0287281000055373
3,0,,2026-07-28T19:56:28.830638,107166,4400,2382,4400,70,4400,1,4400,3,4400,2,1832,0,1.0282789999910165
3,0,,2026-07-28T19:56:29.860749,107025,4335,2256,4335,64,4335,2,4335,1,4335,3,1801,1,1.0297935999988113
3,0,,2026-07-28T19:56:30.889434,107726,4542,2378,4542,85,4542,3,4542,3,4542,2,1790,0,1.0283034000021871
3,0,,2026-07-28T19:56:31.919064,107312,4493,2422,4493,70,4493,3,4493,4,4493,3,1746,2,1.029328299991903
3,0,,2026-07-28T19:56:32.947202,107492,4359,2344,4359,74,4359,3,4359,0,4359,3,1712,1,1.027823600001284
3,0,,2026-07-28T19:56:33.976055,107383,4470,2373,4470,90,4470,4,4470,1,4470,2,1780,0,1.0285666000127094
3,0,,2026-07-28T19:56:35.004548,106458,4450,2296,4450,81,4450,3,4450,2,4450,0,1811,0,1.0281697000027634
3,0,,2026-07-28T19:56:36.033223,107454,4459,2321,4459,71,4459,8,4459,3,4459,6,1722,1,1.0283322000032058
3,0,,2026-07-28T19:56:37.062400,107688,4388,2290,4388,75,4388,3,4388,2,4388,3,1829,1,1.028839299993706
3,0,,2026-07-28T19:56:38.091393,106831,4415,2308,4415,74,4415,1,4415,2,4415,2,1708,0,1.0286724000034155
3,0,,2026-07-28T19:56:39.120876,107507,4382,2348,4382,69,4382,4,4382,4,4382,1,1773,0,1.0292142999969656
3,0,,2026-07-28T19:56:40.149551,107453,4449,2384,4449,107,4449,4,4449,2,4449,2,1789,0,1.0282631000009133
3,0,,2026-07-28T19:56:41.179347,107236,4396,2391,4396,86,4396,5,4396,4,4396,1,1744,2,1.0294992999988608
3,0,,2026-07-28T19:56:42.208518,107157,4406,2363,4406,90,4406,0,4406,1,4406,3,1763,1,1.0288368000037735
3,0,,2026-07-28T19:56:43.237983,107024,4445,2330,4445,80,4445,0,4445,1,4445,2,1701,1,1.029007500008447
3,0,,2026-07-28T19:56:44.266914,107478,4406,2307,4406,84,4406,1,4406,4,4406,0,1750,0,1.0286008999974001
3,0,,2026-07-28T19:56:45.297155,107083,4340,2298,4340,82,4340,5,4340,2,4340,4,1753,3,1.029811200001859
3,0,,2026-07-28T19:56:46.327696,107503,4271,2258,4271,71,4271,1,4271,1,4271,1,1800,2,1.0301540000073146
3,0,,2026-07-28T19:56:47.355404,107554,4475,2384,4475,87,4475,6,4475,4,4475,6,1790,1,1.0272796000062954
3,0,,2026-07-28T19:56:48.382152,107571,4473,2355,4473,85,4473,7,4473,1,4473,2,1793,1,1.0265064999985043
3,0,,2026-07-28T19:56:49.414524,107622,4521,2370,4521,83,4521,1,4521,1,4521,1,1814,0,1.032022200000938
3,0,,2026-07-28T19:56:50.442643,107618,4549,2428,4549,75,4549,3,4549,3,4549,6,1761,1,1.0278506000031484
3,0,,2026-07-28T19:56:51.471663,107419,4442,2400,4442,64,4442,2,4442,5,4442,2,1769,1,1.0286641999991843
3,0,,2026-07-28T19:56:52.499783,107502,4398,2331,4398,81,4398,2,4398,4,4398,4,1764,0,1.0277988000016194
3,0,,2026-07-28T19:56:53.528389,107072,4379,2311,4379,91,4379,3,4379,0,4379,3,1823,2,1.028257300000405
3,0,,2026-07-28T19:56:54.555752,107850,4461,2352,4461,74,4461,1,4461,2,4461,2,1751,1,1.0269793999905232
3,0,,2026-07-28T19:56:55.584575,107204,4359,2379,4359,68,4359,7,4359,0,4359,2,1777,1,1.0285685999988345
3,0,,2026-07-28T19:56:56.613536,107029,4529,2395,4529,87,4529,1,4529,1,4529,0,1867,0,1.0286565999995219
3,0,,2026-07-28T19:56:57.642846,107628,4502,2425,4502,76,4502,3,4502,2,4502,0,1688,0,1.029007899996941
3,0,,2026-07-28T19:56:58.671667,106896,4538,2467,4538,72,4538,3,4538,3,4538,1,1767,2,1.028523300003144
3,0,,2026-07-28T19:56:59.699950,107129,4498,2419,4498,77,4498,5,4498,1,4498,3,1751,2,1.027869900004589
3,0,,2026-07-28T19:57:00.729262,107168,4494,2372,4494,89,4494,2,4494,3,4494,1,1824,0,1.0289531000016723
3,0,,2026-07-28T19:57:01.758213,107395,4486,2370,4486,96,4486,1,4486,3,4486,1,1820,0,1.0285854999965522
3,0,,2026-07-28T19:57:02.788578,107492,4416,2327,4416,83,4416,3,4416,4,4416,2,1775,1,1.0300055999978213
3,0,,2026-07-28T19:57:03.816608,107320,4359,2322,4359,75,4359,4,4359,4,4359,1,1729,0,1.0276411000086227
3,0,,2026-07-28T19:57:04.844690,107162,4513,2375,4513,74,4513,4,4513,3,4513,4,1759,3,1.0277860999922268
3,0,,2026-07-28T19:57:05.872711,107528,4312,2326,4312,77,4312,6,4312,3,4312,1,1834,1,1.0277923999965424
3,0,,2026-07-28T19:57:06.901774,107473,4480,2370,4480,68,4480,0,4480,2,4480,2,1778,0,1.0288324000139255
3,0,,2026-07-28T19:57:07.930160,107499,4418,2332,4418,72,4418,3,4418,5,4418,2,1812,1,1.0280120999959763
3,0,,2026-07-28T19:57:08.959209,107625,4309,2304,4309,83,4309,5,4309,3,4309,2,1801,2,1.0286711999942781
3,0,,2026-07-28T19:57:09.988235,107004,4364,2304,4364,83,4364,6,4364,3,4364,0,1821,1,1.0286711000080686
3,0,,2026-07-28T19:57:11.018255,107337,4410,2293,4410,89,4410,1,4410,2,4410,2,1833,0,1.0296575999964261
3,0,,2026-07-28T19:57:12.047543,107367,4459,2318,4459,77,4459,7,4459,1,4459,3,1825,0,1.0288550999975996
3,0,,2026-07-28T19:57:13.076125,107546,4479,2387,4479,67,4479,3,4479,1,4479,1,1758,0,1.028188999989652
3,0,,2026-07-28T19:57:14.105075,107703,4449,2372,4449,91,4449,1,4449,3,4449,3,1775,1,1.0286041000072146
3,0,,2026-07-28T19:57:15.134619,107817,4480,2414,4480,65,4480,4,4480,2,4480,1,1730,0,1.0292258999979822
3,0,,2026-07-28T19:57:16.163335,107696,4455,2341,4455,76,4455,4,4455,2,4455,3,1767,1,1.0283779999881517
3,0,,2026-07-28T19:57:17.192641,108675,4513,2380,4513,86,4513,6,4513,3,4513,2,1730,2,1.0289877000031993
3,0,,2026-07-28T19:57:18.221122,107452,4498,2443,4498,68,4498,5,4498,6,4498,2,1735,3,1.0280921999947168
3,0,,2026-07-28T19:57:19.250940,107597,4330,2301,4330,84,4330,4,4330,2,4330,2,1763,2,1.0294690000009723
3,0,,2026-07-28T19:57:20.280092,107319,4438,2296,4438,79,4439,4,4439,2,4439,1,1815,2,1.028702900002827
3,0,,2026-07-28T19:57:21.308326,107725,4463,2367,4463,93,4462,2,4462,5,4462,1,1823,0,1.0278963000018848
3,0,,2026-07-28T19:57:22.335230,108037,4392,2378,4392,76,4392,3,4392,2,4392,3,1747,2,1.0266111000091769
3,0,,2026-07-28T19:57:23.363388,107429,4426,2266,4426,102,4426,2,4426,3,4426,0,1812,0,1.0280140999966534
3,0,,2026-07-28T19:57:24.393828,107489,4459,2374,4459,69,4459,2,4459,2,4459,0,1767,0,1.0301775999978418
3,0,,2026-07-28T19:57:25.423493,107578,4495,2348,4495,84,4495,2,4495,5,4495,0,1778,0,1.0292410999973072
3,0,,2026-07-28T19:57:26.452340,108279,4388,2301,4388,85,4388,5,4388,2,4388,0,1838,0,1.0284300000057556
3,0,,2026-07-28T19:57:27.481076,107857,4417,2299,4417,85,4417,3,4417,0,4417,2,1749,1,1.0283922999951756
3,0,,2026-07-28T19:57:28.509705,107421,4307,2329,4307,80,4307,3,4307,1,4307,1,1744,0,1.0282879000005778
3,0,,2026-07-28T19:57:29.538909,107795,4389,2305,4389,85,4389,4,4389,2,4389,0,1750,0,1.028859800004284
3,0,,2026-07-28T19:57:30.568080,107970,4535,2404,4535,89,4535,6,4535,2,4535,2,1737,2,1.0287712000135798
3,0,,2026-07-28T19:57:31.598260,107744,4450,2313,4450,69,4450,0,4450,2,4450,1,1774,0,1.0297874999960186
3,0,,2026-07-28T19:57:32.628491,107761,4370,2366,4370,77,4370,2,4370,2,4370,2,1726,1,1.029840500006685
3,0,,2026-07-28T19:57:33.656665,107849,4277,2289,4277,82,4277,4,4277,1,4277,0,1806,1,1.0277854999876581
3,0,,2026-07-28T19:57:34.685318,107374,4460,2429,4461,85,4461,2,4461,3,4461,2,1723,1,1.028291900001932
3,0,,2026-07-28T19:57:35.714567,107807,4589,2429,4588,87,4588,2,4588,0,4588,1,1782,1,1.0289890999993077
3,0,,2026-07-28T19:57:36.743744,107848,4391,2283,4391,92,4391,1,4391,3,4391,1,1749,1,1.0288264999981038
3,0,,2026-07-28T19:57:37.772567,107802,4526,2419,4526,67,4526,4,4526,4,4526,2,1716,1,1.0284255000005942
3,0,,2026-07-28T19:57:38.800757,107733,4417,2358,4417,81,4417,4,4417,1,4417,1,1782,1,1.0278642000048421
3,0,,2026-07-28T19:57:39.829195,107391,4405,2371,4405,79,4405,2,4405,3,4405,1,1801,1,1.0280802999914158
3,0,,2026-07-28T19:57:40.855529,107051,4544,2452,4544,76,4544,0,4544,3,4544,4,1731,1,1.0261040000041248
3,0,,2026-07-28T19:57:41.882845,106719,4405,2323,4405,89,4405,6,4405,1,4405,2,1819,0,1.0271534999919822
3,0,,2026-07-28T19:57:42.911281,107099,4423,2371,4423,76,4423,2,4423,3,4423,0,1752,1,1.028067999999621
3,0,,2026-07-28T19:57:43.938571,107446,4546,2352,4546,72,4546,7,4546,4,4546,3,1787,1,1.0268730000098003
3,0,,2026-07-28T19:57:44.967623,107198,4596,2408,4596,82,4596,1,4596,4,4596,5,1764,2,1.0287530000059633
3,0,,2026-07-28T19:57:45.996631,108318,4376,2322,4376,77,4376,4,4376,4,4376,0,1795,0,1.0286516999913147
3,0,,2026-07-28T19:57:47.025638,107840,4452,2330,4452,73,4452,3,4452,4,4452,3,1761,0,1.0286245000024792
3,0,,2026-07-28T19:57:48.054500,107450,4398,2356,4398,66,4398,2,4398,3,4398,1,1801,0,1.0284710999985691
3,0,,2026-07-28T19:57:49.082848,107627,4371,2294,4371,85,4371,2,4371,2,4371,2,1817,0,1.0279859000002034
3,0,,2026-07-28T19:57:50.112345,107542,4430,2335,4430,91,4430,6,4430,1,4430,0,1730,1,1.0292030999989947
3,0,,2026-07-28T19:57:51.141063,107629,4442,2339,4442,80,4442,5,4442,0,4442,2,1787,1,1.028396800000337
3,0,,2026-07-28T19:57:52.170135,107591,4388,2316,4388,63,4388,6,4388,2,4388,2,1763,1,1.0287293000001227
3,0,,2026-07-28T19:57:53.199365,107881,4368,2337,4368,67,4368,2,4368,5,4368,1,1816,1,1.0288298000086797
3,0,,2026-07-28T19:57:54.229684,107724,4456,2350,4456,76,4456,7,4456,2,4456,4,1782,0,1.0299667000072077
3,0,,2026-07-28T19:57:55.259344,107986,4400,2320,4400,70,4400,0,4400,2,4400,1,1747,0,1.0292666000023019
3,0,,2026-07-28T19:57:56.289164,107118,4378,2296,4378,87,4378,2,4378,3,4378,3,1780,0,1.029354099999182
3,0,,2026-07-28T19:57:57.318418,107292,4508,2397,4508,68,4508,2,4508,1,4508,3,1828,0,1.0289063000091119
3,0,,2026-07-28T19:57:58.347930,107985,4395,2380,4395,103,4395,3,4395,2,4395,1,1799,1,1.0291673000028823
3,0,,2026-07-28T19:57:59.377858,107386,4475,2364,4475,81,4475,3,4475,6,4475,4,1802,1,1.0295874000003096
3,0,,2026-07-28T19:58:00.406401,107323,4403,2374,4403,83,4403,2,4403,2,4403,0,1770,1,1.0282287000009092
3,0,,2026-07-28T19:58:01.436477,107865,4446,2407,4446,61,4446,3,4446,1,4446,1,1836,2,1.029696600002353
3,0,,2026-07-28T19:58:02.466144,108013,4499,2407,4499,67,4499,4,4499,2,4499,1,1813,2,1.0293335000023944
3,0,,2026-07-28T19:58:03.495642,107913,4590,2444,4590,87,4590,6,4590,4,4590,1,1709,0,1.0290022999979556
3,0,,2026-07-28T19:58:04.524146,107578,4370,2305,4370,72,4370,4,4370,2,4370,0,1810,0,1.0281451000046218
3,0,,2026-07-28T19:58:05.553793,107813,4544,2424,4544,85,4544,1,4544,4,4544,0,1762,0,1.029303399991477
3,0,,2026-07-28T19:58:06.582080,107747,4230,2265,4230,64,4230,3,4230,5,4230,3,1708,0,1.0279318999964744
3,0,,2026-07-28T19:58:07.611802,107365,4434,2373,4434,79,4434,6,4434,2,4434,2,1701,0,1.0293525000015507
3,0,,2026-07-28T19:58:08.640330,107788,4400,2308,4400,69,4400,1,4400,4,4400,2,1746,2,1.028165199997602
3,0,,2026-07-28T19:58:09.670290,107274,4370,2362,4370,79,4370,1,4370,4,4370,4,1798,1,1.0296463999984553
3,0,,2026-07-28T19:58:10.698764,107621,4470,2379,4470,74,4470,6,4470,0,4470,2,1728,1,1.0280274999968242
3,0,,2026-07-28T19:58:11.727608,107486,4384,2302,4384,84,4384,1,4384,6,4384,0,1801,0,1.028463800001191
3,0,,2026-07-28T19:58:12.756230,107262,4350,2294,4350,71,4350,2,4350,4,4350,2,1731,0,1.028303999992204
3,0,,2026-07-28T19:58:13.785164,107770,4536,2362,4536,73,4536,3,4536,3,4536,3,1772,0,1.028564299995196
3,0,,2026-07-28T19:58:14.814461,107535,4545,2379,4545,89,4545,2,4545,3,4545,1,1762,1,1.0289965000119992
3,0,,2026-07-28T19:58:15.842827,107729,4293,2282,4293,81,4293,2,4293,1,4293,1,1758,0,1.0280216999963159
3,0,,2026-07-28T19:58:16.871618,107788,4546,2426,4546,90,4546,3,4546,1,4546,1,1738,0,1.028420400005416
3,0,,2026-07-28T19:58:17.901540,107891,4479,2461,4479,69,4479,2,4479,2,4479,2,1815,1,1.0295648999890545
3,0,,2026-07-28T19:58:18.930186,107761,4508,2413,4508,88,4508,3,4508,0,4508,2,1792,1,1.0281966000038665
3,0,,2026-07-28T19:58:19.958735,107411,4437,2409,4437,82,4437,3,4437,1,4437,2,1848,1,1.0282384000020102
3,0,,2026-07-28T19:58:20.988095,107657,4480,2387,4480,73,4480,3,4480,3,4480,0,1813,2,1.0289927999983774
3,0,,2026-07-28T19:58:22.016634,107288,4357,2290,4357,73,4357,4,4357,1,4357,0,1727,1,1.0280730000085896
3,0,,2026-07-28T19:58:23.045265,107527,4429,2395,4429,79,4429,5,4429,5,4429,1,1763,1,1.0282685999991372
3,0,,2026-07-28T19:58:24.075217,107116,4398,2275,4398,100,4398,3,4398,4,4398,2,1802,1,1.0295951000007335
3,0,,2026-07-28T19:58:25.104280,107276,4526,2461,4526,82,4526,1,4526,2,4526,0,1772,1,1.0287797000055434
3,0,,2026-07-28T19:58:26.132779,107682,4380,2328,4380,83,4380,0,4380,1,4380,4,1770,2,1.0281180999882054
3,0,,2026-07-28T19:58:27.161803,107206,4421,2325,4421,79,4421,2,4421,1,4421,2,1739,1,1.0286469999991823
3,0,,2026-07-28T19:58:28.191610,107413,4544,2409,4544,88,4544,8,4544,1,4544,1,1816,1,1.0294736999931047
3,0,,2026-07-28T19:58:29.219485,108051,4357,2271,4357,73,4357,2,4357,3,4357,0,1752,0,1.0274963999981992
3,0,,2026-07-28T19:58:30.246881,107948,4505,2376,4505,79,4505,2,4505,3,4505,1,1762,1,1.0270583000092302
3,0,,2026-07-28T19:58:31.274354,107510,4516,2341,4516,90,4516,1,4516,3,4516,0,1765,0,1.0272608999948716
3,0,,2026-07-28T19:58:32.302838,107248,4609,2418,4609,69,4609,6,4609,2,4609,2,1751,1,1.0282508000091184
3,0,,2026-07-28T19:58:33.331106,107377,4487,2376,4487,91,4487,1,4487,0,4487,0,1730,0,1.0279054999991786
3,0,,2026-07-28T19:58:34.360561,107417,4411,2304,4411,76,4411,2,4411,3,4411,3,1787,0,1.0290366000117501
3,0,,2026-07-28T19:58:35.387567,107796,4416,2320,4416,58,4416,2,4416,1,4416,2,1827,2,1.0265972000051988
3,0,,2026-07-28T19:58:36.416238,107957,4463,2383,4463,89,4463,3,4463,1,4464,2,1744,0,1.0284050000045681
3,0,,2026-07-28T19:58:37.444809,107492,4532,2382,4532,78,4532,5,4532,3,4531,2,1796,1,1.0282564000081038
3,0,,2026-07-28T19:58:38.475013,107775,4480,2393,4480,83,4480,2,4480,3,4480,2,1767,0,1.029852399995434
3,0,,2026-07-28T19:58:39.503586,107878,4349,2290,4349,69,4349,3,4349,3,4349,3,1706,1,1.0282035999989603
3,0,,2026-07-28T19:58:40.532792,107889,4358,2372,4358,79,4358,2,4358,3,4358,0,1771,0,1.0287830000015674
3,0,,2026-07-28T19:58:41.561575,107701,4448,2354,4448,82,4448,4,4448,2,4448,4,1789,2,1.0284210999961942
3,0,,2026-07-28T19:58:42.590273,107262,4488,2405,4488,87,4488,2,4488,3,4488,1,1834,0,1.0284423999983119
3,0,,2026-07-28T19:58:43.619326,107511,4482,2376,4482,82,4482,3,4482,4,4482,1,1710,0,1.0287165000045206
3,0,,2026-07-28T19:58:44.649013,107977,4408,2351,4408,86,4408,6,4408,3,4408,2,1755,0,1.029254299995955
3,0,,2026-07-28T19:58:45.677753,107219,4456,2429,4456,79,4456,2,4456,0,4456,4,1848,1,1.0283553000044776
3,0,,2026-07-28T19:58:46.706050,107706,4426,2370,4426,76,4426,1,4426,1,4426,0,1750,0,1.0279377999977442
3,0,,2026-07-28T19:58:47.734682,107539,4413,2368,4413,80,4413,2,4413,5,4413,2,1759,3,1.0282606999971904
3,0,,2026-07-28T19:58:48.764988,107136,4318,2318,4318,71,4318,9,4318,4,4318,1,1756,1,1.0298018000030424
3,0,,2026-07-28T19:58:49.795474,108079,4430,2340,4430,82,4430,4,4430,5,4430,3,1830,2,1.030071900007897
3,0,,2026-07-28T19:58:50.823776,107334,4433,2431,4433,73,4433,5,4433,1,4433,3,1795,3,1.0279972000134876
3,0,,2026-07-28T19:58:51.852589,107617,4393,2358,4393,82,4393,3,4393,4,4393,5,1811,2,1.0284876999940025
3,0,,2026-07-28T19:58:52.881379,107437,4389,2369,4389,94,4389,5,4389,2,4389,3,1767,0,1.0284717000031378
3,0,,2026-07-28T19:58:53.910161,107905,4437,2289,4437,81,4437,2,4437,1,4437,1,1757,2,1.0284355000039795
3,0,,2026-07-28T19:58:54.938315,107413,4492,2417,4492,82,4492,4,4492,5,4492,2,1759,0,1.0277770000102464
3,0,,2026-07-28T19:58:55.967437,107240,4405,2353,4405,76,4405,6,4405,1,4405,2,1790,1,1.028762200003257
3,0,,2026-07-28T19:58:56.996862,106824,4490,2371,4490,89,4490,3,4490,3,4490,1,1758,1,1.0290609000076074
3,0,,2026-07-28T19:58:58.024930,107504,4402,2317,4402,75,4402,3,4402,1,4402,1,1754,0,1.0276982999930624
3,0,,2026-07-28T19:58:59.053507,107421,4449,2389,4449,73,4449,1,4449,2,4449,1,1764,1,1.0281798000069102
3,0,,2026-07-28T19:59:00.081865,107383,4547,2444,4547,86,4547,3,4547,1,4547,2,1834,0,1.0279702999978326
3,0,,2026-07-28T19:59:01.110184,106947,4449,2371,4450,77,4450,4,4450,3,4450,2,1669,2,1.0279766000021482
3,0,,2026-07-28T19:59:02.138890,107313,4453,2413,4452,73,4452,1,4452,2,4452,3,1783,2,1.028399000002537
3,0,,2026-07-28T19:59:03.167289,108088,4500,2427,4500,85,4500,3,4500,2,4500,3,1748,0,1.0280513999896357
3,0,,2026-07-28T19:59:04.197069,107425,4378,2315,4378,75,4378,2,4378,3,4378,1,1798,0,1.0294008000055328
3,0,,2026-07-28T19:59:05.224625,107488,4472,2359,4472,88,4472,5,4472,2,4472,1,1832,1,1.02723700000206
3,0,,2026-07-28T19:59:06.252713,106444,4421,2358,4421,82,4421,4,4421,1,4421,2,1715,1,1.027728200002457
3,0,,2026-07-28T19:59:07.280103,107663,4420,2317,4420,87,4420,4,4420,0,4420,4,1773,3,1.0270365000033053
3,0,,2026-07-28T19:59:08.308274,107284,4404,2337,4404,90,4404,6,4404,4,4404,0,1720,1,1.027986699991743
3,0,,2026-07-28T19:59:09.337016,107763,4422,2332,4422,72,4422,6,4422,2,4422,5,1710,1,1.028401200004737
3,0,,2026-07-28T19:59:10.365663,107350,4524,2393,4524,69,4524,6,4524,4,4524,0,1700,0,1.0283023999945726
3,0,,2026-07-28T19:59:11.394027,107742,4519,2392,4519,84,4519,2,4519,2,4519,2,1767,1,1.0279451000096742
3,0,,2026-07-28T19:59:12.422219,107360,4486,2411,4486,80,4486,4,4486,3,4486,2,1698,0,1.0278270999988308
3,0,,2026-07-28T19:59:13.451166,107511,4392,2265,4392,85,4392,4,4392,2,4392,1,1797,0,1.028509399999166
3,0,,2026-07-28T19:59:14.480716,107861,4419,2426,4419,85,4419,3,4419,0,4419,1,1732,0,1.0290969000052428
3,0,,2026-07-28T19:59:15.509228,106818,4452,2350,4452,69,4452,2,4452,4,4452,3,1773,0,1.0281376000057207
3,0,,2026-07-28T19:59:16.538467,107665,4513,2436,4513,85,4513,3,4513,4,4513,3,1803,0,1.028872399998363
3,0,,2026-07-28T19:59:17.566524,107449,4599,2473,4599,74,4599,4,4599,3,4599,2,1821,0,1.0277243000018643
3,0,,2026-07-28T19:59:18.596182,106778,4461,2329,4461,86,4461,3,4461,3,4461,1,1841,0,1.0293228000082308
3,0,,2026-07-28T19:59:19.622259,107685,4500,2430,4500,73,4500,3,4500,1,4500,1,1720,0,1.0257173999998486
3,0,,2026-07-28T19:59:20.649505,107680,4429,2371,4429,82,4429,3,4429,2,4429,1,1744,1,1.027006699994672
3,0,,2026-07-28T19:59:21.676692,106932,4437,2319,4437,84,4437,3,4437,1,4437,3,1741,3,1.0268895000044722
3,0,,2026-07-28T19:59:22.705478,107267,4293,2247,4293,65,4293,5,4293,3,4293,1,1753,2,1.0284697000024607
3,0,,2026-07-28T19:59:23.735523,107630,4477,2378,4477,76,4477,3,4477,2,4477,3,1786,1,1.029658900006325
3,0,,2026-07-28T19:59:24.764384,106656,4424,2338,4424,81,4424,6,4424,0,4424,2,1816,1,1.0283987000002526
3,0,,2026-07-28T19:59:25.792870,107066,4423,2336,4423,88,4423,5,4423,8,4423,0,1796,1,1.0281403999979375
3,0,,2026-07-28T19:59:26.823105,107395,4496,2365,4496,97,4496,3,4496,4,4496,1,1783,1,1.0298424999928102
3,0,,2026-07-28T19:59:27.852011,107295,4372,2266,4372,77,4372,0,4372,2,4372,0,1861,0,1.0286183999996865
3,0,,2026-07-28T19:59:28.880924,107628,4405,2313,4405,71,4405,2,4405,3,4405,4,1757,1,1.0285508000088157
3,0,,2026-07-28T19:59:29.908931,107676,4545,2423,4545,84,4545,1,4545,3,4545,5,1831,0,1.02767200001108
3,0,,2026-07-28T19:59:30.937761,106847,4440,2403,4440,77,4440,1,4440,2,4440,0,1784,1,1.028432299994165
3,0,,2026-07-28T19:59:31.966539,107649,4385,2426,4385,71,4385,4,4385,1,4385,1,1740,0,1.028408699989086
3,0,,2026-07-28T19:59:32.995341,107230,4523,2304,4523,71,4523,3,4523,3,4523,3,1897,1,1.0284560000000056
3,0,,2026-07-28T19:59:34.023865,107482,4434,2361,4434,75,4434,5,4434,0,4434,2,1884,1,1.0282067999942228
3,0,,2026-07-28T19:59:35.050415,107726,4441,2341,4441,80,4441,1,4441,2,4441,3,1768,0,1.0262407999980496
3,0,,2026-07-28T19:59:36.078864,107525,4461,2363,4461,77,4461,3,4461,2,4461,5,1798,0,1.0281532000080915
3,0,,2026-07-28T19:59:37.108512,107109,4434,2333,4434,76,4434,5,4434,4,4434,2,1780,1,1.02939690000494
3,0,,2026-07-28T19:59:38.135909,107808,4392,2332,4392,78,4392,0,4392,2,4392,1,1779,0,1.0270846000057645
3,0,,2026-07-28T19:59:39.163567,107271,4432,2328,4432,72,4432,0,4432,2,4432,2,1729,2,1.0274914000037825
3,0,,2026-07-28T19:59:40.191123,107297,4450,2327,4450,77,4450,3,4450,3,4450,3,1787,0,1.0272200999897905
3,0,,2026-07-28T19:59:41.219808,106902,4482,2376,4482,96,4482,3,4482,2,4482,4,1743,0,1.0284830999880796
3,0,,2026-07-28T19:59:42.247426,107460,4428,2378,4428,64,4428,5,4428,3,4428,2,1779,1,1.027345399998012
3,0,,2026-07-28T19:59:43.275761,107043,4514,2438,4514,70,4514,4,4514,0,4514,2,1802,0,1.0280053000024054
3,0,,2026-07-28T19:59:44.303427,106167,4299,2303,4299,77,4299,1,4299,3,4299,3,1781,1,1.0274132999911672
3,0,,2026-07-28T19:59:45.331970,107150,4454,2488,4454,77,4454,1,4454,1,4454,2,1772,0,1.0282295999932103
3,0,,2026-07-28T19:59:46.361171,107044,4488,2367,4488,60,4488,4,4488,3,4488,2,1745,1,1.0288018999999622
3,0,,2026-07-28T19:59:47.389796,107343,4350,2310,4350,69,4350,4,4350,0,4350,0,1770,0,1.0281601999886334
3,0,,2026-07-28T19:59:48.416676,106873,4453,2367,4453,64,4453,3,4453,4,4453,5,1763,3,1.0265347999957157
3,0,,2026-07-28T19:59:49.445865,106693,4379,2331,4379,77,4379,3,4379,2,4379,0,1756,1,1.0288257000065641
3,0,,2026-07-28T19:59:50.475467,107544,4438,2332,4438,74,4438,1,4438,1,4438,2,1846,1,1.029248999999254
3,0,,2026-07-28T19:59:51.504033,107903,4559,2485,4559,87,4559,4,4559,3,4559,2,1830,1,1.0282202000089455
3,0,,2026-07-28T19:59:52.532044,107323,4404,2307,4404,65,4404,3,4404,0,4404,5,1827,0,1.0276289000030374
3,0,,2026-07-28T19:59:53.561507,107755,4482,2357,4482,90,4482,5,4482,2,4482,5,1766,0,1.0291390000056708
3,0,,2026-07-28T19:59:54.590524,107088,4375,2335,4375,90,4375,2,4375,1,4375,0,1738,1,1.0285756999946898
3,0,,2026-07-28T19:59:55.619927,107286,4447,2387,4447,68,4447,2,4447,3,4447,3,1760,0,1.0290622000029543
3,0,,2026-07-28T19:59:56.648095,107230,4408,2384,4408,74,4408,2,4408,3,4408,0,1853,1,1.0278336000046693
3,0,,2026-07-28T19:59:57.677699,107759,4463,2351,4463,80,4463,3,4463,3,4463,1,1758,0,1.0292383999913
3,0,,2026-07-28T19:59:58.707105,107315,4352,2322,4352,82,4352,7,4352,2,4352,1,1812,2,1.0290843999973731
3,0,,2026-07-28T19:59:59.736081,107543,4521,2421,4521,96,4521,1,4521,1,4521,3,1796,1,1.0286094000039157
3,0,,2026-07-28T20:00:00.764648,107039,4426,2373,4426,84,4426,2,4426,1,4426,2,1806,1,1.0282036999997217
3,0,,2026-07-28T20:00:01.793432,107219,4506,2360,4506,83,4506,2,4506,3,4506,4,1900,0,1.02842590000364
3,0,,2026-07-28T20:00:02.821930,107840,4458,2324,4458,71,4458,2,4458,2,4458,0,1759,2,1.0281504000013229
3,0,,2026-07-28T20:00:03.851513,107845,4463,2410,4463,81,4463,1,4463,3,4464,2,1830,0,1.029229599997052
3,0,,2026-07-28T20:00:04.879428,107639,4384,2359,4384,71,4384,3,4384,1,4383,4,1778,1,1.0275990999944042
3,0,,2026-07-28T20:00:05.907073,107193,4432,2454,4432,78,4432,2,4432,2,4432,2,1754,0,1.027441700003692
3,0,,2026-07-28T20:00:06.935908,107468,4395,2327,4395,70,4395,2,4395,4,4395,1,1848,3,1.028490900003817
3,0,,2026-07-28T20:00:07.964269,107446,4361,2358,4361,93,4361,3,4361,4,4361,1,1787,1,1.0278586000058567
3,0,,2026-07-28T20:00:08.992831,107616,4489,2424,4489,83,4489,1,4489,1,4489,1,1759,0,1.0281191999965813
3,0,,2026-07-28T20:00:10.021719,107009,4382,2313,4382,79,4382,1,4382,3,4382,3,1778,0,1.0285011000087252
3,0,,2026-07-28T20:00:11.051448,107406,4406,2361,4406,80,4406,2,4406,4,4406,1,1781,1,1.0293536999961361
3,0,,2026-07-28T20:00:12.081540,107651,4422,2318,4422,91,4422,0,4422,1,4422,0,1811,0,1.0296378999919398
3,0,,2026-07-28T20:00:13.109715,107464,4440,2352,4440,83,4440,4,4440,6,4440,2,1933,2,1.0277559999958612
3,0,,2026-07-28T20:00:14.137523,107290,4457,2373,4457,77,4457,7,4457,2,4457,4,1769,3,1.0274250000074971
3,0,,2026-07-28T20:00:15.165435,107600,4404,2300,4404,78,4404,3,4404,2,4404,1,1827,0,1.0275439999968512
3,0,,2026-07-28T20:00:16.194351,107074,4398,2295,4398,77,4398,5,4398,5,4398,3,1822,1,1.028525300003821
3,0,,2026-07-28T20:00:17.222632,106987,4227,2251,4227,75,4227,4,4227,0,4227,1,1725,1,1.0279254999913974
3,0,,2026-07-28T20:00:18.252190,107945,4517,2393,4517,75,4517,1,4517,3,4517,1,1788,2,1.029236200003652
3,0,,2026-07-28T20:00:19.281568,107519,4479,2374,4479,80,4479,2,4479,3,4479,1,1853,0,1.0289950000005774
3,0,,2026-07-28T20:00:20.310033,107183,4433,2292,4433,81,4433,4,4433,1,4433,2,1798,3,1.0281328999990365
3,0,,2026-07-28T20:00:21.338363,107235,4519,2353,4519,84,4519,5,4519,1,4519,4,1745,1,1.028024600003846
3,0,,2026-07-28T20:00:22.367566,106993,4414,2294,4414,67,4414,3,4414,4,4414,3,1809,0,1.0288452000095276
3,0,,2026-07-28T20:00:23.395969,107500,4500,2380,4501,79,4501,1,4501,1,4501,1,1839,1,1.0280588999885367
3,0,,2026-07-28T20:00:24.425129,107781,4379,2325,4378,64,4378,5,4378,4,4378,0,1760,1,1.028837799996836
3,0,,2026-07-28T20:00:25.454994,107952,4418,2341,4418,84,4418,3,4418,3,4418,2,1749,0,1.029492299989215
3,0,,2026-07-28T20:00:26.483010,107390,4394,2280,4394,88,4394,1,4394,4,4394,4,1779,1,1.027560500006075
3,0,,2026-07-28T20:00:27.511870,107636,4478,2345,4478,90,4478,3,4478,1,4478,2,1815,2,1.0284478999965359
3,0,,2026-07-28T20:00:28.541124,107278,4342,2249,4342,70,4342,2,4342,4,4342,1,1768,2,1.0289445000089472
3,0,,2026-07-28T20:00:29.571201,107034,4541,2373,4541,81,4541,3,4541,1,4541,0,1711,2,1.0297717000066768
3,0,,2026-07-28T20:00:30.600759,106589,4348,2301,4348,66,4348,2,4348,3,4348,3,1768,0,1.0291945999924792
3,0,,2026-07-28T20:00:31.629206,107125,4497,2388,4497,90,4497,5,4497,3,4497,0,1783,2,1.0280796000006376
3,0,,2026-07-28T20:00:32.657707,107600,4455,2395,4455,79,4455,7,4455,2,4455,1,1835,2,1.0281670999975177
3,0,,2026-07-28T20:00:33.686420,107086,4414,2302,4414,76,4414,2,4414,2,4414,1,1716,1,1.0282302999985404
3,0,,2026-07-28T20:00:34.714605,106988,4378,2263,4378,65,4378,4,4378,0,4378,1,1750,1,1.0278888000029838
3,0,,2026-07-28T20:00:35.744049,106987,4440,2351,4440,71,4440,5,4440,5,4440,1,1865,2,1.0289945999975316
3,0,,2026-07-28T20:00:36.770637,107496,4416,2345,4416,64,4416,6,4416,1,4416,3,1834,1,1.0262125000008382
3,0,,2026-07-28T20:00:37.799746,106424,4548,2407,4548,96,4548,7,4548,3,4548,5,1794,0,1.0289057000045432
3,0,,2026-07-28T20:00:38.829978,107437,4414,2353,4414,65,4414,3,4414,3,4414,1,1825,1,1.0298669000039808
3,0,,2026-07-28T20:00:39.859116,107783,4376,2292,4376,82,4376,5,4376,6,4376,1,1825,1,1.0286804000061238
3,0,,2026-07-28T20:00:40.887694,107486,4503,2420,4503,77,4503,3,4503,3,4503,2,1773,0,1.0280870999995386
3,0,,2026-07-28T20:00:41.915649,106830,4443,2378,4443,76,4443,6,4443,2,4443,0,1761,2,1.0276389000064228
3,0,,2026-07-28T20:00:42.944976,107001,4458,2371,4458,81,4458,6,4458,0,4458,2,1745,1,1.0289944999967702
3,0,,2026-07-28T20:00:43.973459,106823,4540,2384,4540,73,4540,2,4540,0,4540,2,1695,1,1.0281051999918418
3,0,,2026-07-28T20:00:45.001872,107329,4533,2398,4533,78,4533,2,4533,3,4533,2,1725,0,1.0280583999992814
3,0,,2026-07-28T20:00:46.029916,106929,4427,2345,4427,66,4427,3,4427,1,4427,4,1779,0,1.0276942999917082
3,0,,2026-07-28T20:00:47.058612,107200,4495,2425,4495,71,4495,5,4495,4,4495,1,1788,1,1.028220100008184
3,0,,2026-07-28T20:00:48.087670,107592,4491,2388,4491,85,4491,7,4491,3,4491,3,1873,4,1.028687500001979
3,0,,2026-07-28T20:00:49.115189,107298,4441,2433,4441,74,4441,2,4441,2,4441,0,1786,1,1.0271895000041695
3,0,,2026-07-28T20:00:50.143862,107027,4432,2375,4432,68,4432,4,4432,1,4432,3,1732,1,1.0283000000054017
3,0,,2026-07-28T20:00:51.173028,107626,4564,2495,4564,87,4564,5,4564,1,4564,0,1842,1,1.028772100005881
3,0,,2026-07-28T20:00:52.201365,106960,4370,2350,4370,62,4370,3,4370,2,4370,1,1794,0,1.0280089000007138
3,0,,2026-07-28T20:00:53.230370,107463,4430,2301,4430,74,4430,5,4430,1,4430,2,1802,0,1.0286245000024792
3,0,,2026-07-28T20:00:54.257307,107362,4573,2424,4573,103,4573,6,4573,3,4573,2,1776,1,1.0265409999992698
3,0,,2026-07-28T20:00:55.283851,106816,4504,2368,4504,79,4504,3,4504,1,4504,3,1756,0,1.0263550000090618
3,0,,2026-07-28T20:00:56.313225,107050,4377,2319,4377,102,4377,2,4377,5,4377,2,1689,1,1.029078200008371
3,0,,2026-07-28T20:00:57.341998,107652,4506,2408,4506,80,4506,1,4506,0,4506,3,1771,1,1.0284367999993265
3,0,,2026-07-28T20:00:58.370775,107083,4342,2270,4342,66,4342,5,4342,2,4342,3,1699,0,1.0284247000090545
3,0,,2026-07-28T20:00:59.397638,107549,4443,2346,4443,76,4443,3,4443,1,4443,1,1804,1,1.026523400010774
3,0,,2026-07-28T20:01:00.427482,107073,4416,2323,4416,74,4416,1,4416,1,4416,3,1763,3,1.0296397000056459
3,0,,2026-07-28T20:01:01.457284,106945,4444,2377,4444,91,4444,4,4444,1,4444,5,1696,1,1.0293340000062017
3,0,,2026-07-28T20:01:02.487766,107173,4440,2364,4440,77,4440,2,4440,4,4440,3,1819,2,1.0300369000033243
3,0,,2026-07-28T20:01:03.516736,107132,4399,2364,4399,81,4399,3,4399,1,4399,0,1859,0,1.0285905000055209
3,0,,2026-07-28T20:01:04.546801,107834,4374,2297,4374,87,4374,3,4374,2,4374,0,1826,2,1.0297719999944093
3,0,,2026-07-28T20:01:05.575762,107320,4430,2371,4430,77,4430,5,4430,4,4430,0,1815,2,1.0286446999962209
3,0,,2026-07-28T20:01:06.605605,107685,4411,2340,4411,73,4411,4,4411,4,4411,5,1785,0,1.029473999995389
3,0,,2026-07-28T20:01:07.632804,107221,4325,2244,4325,79,4325,4,4325,1,4325,3,1710,1,1.0267522000067402
3,0,,2026-07-28T20:01:08.660512,106775,4450,2393,4450,87,4450,3,4450,0,4450,1,1794,0,1.0274527000001399
3,0,,2026-07-28T20:01:09.688098,107284,4385,2303,4385,88,4385,5,4385,2,4385,1,1771,1,1.027403999993112
3,0,,2026-07-28T20:01:10.715903,107343,4494,2400,4494,69,4494,3,4494,1,4494,5,1829,0,1.027484700010973
3,0,,2026-07-28T20:01:11.743335,106881,4374,2345,4374,80,4374,1,4374,2,4374,2,1797,2,1.027192900000955
3,0,,2026-07-28T20:01:12.771489,106986,4263,2246,4263,74,4263,3,4263,3,4263,4,1739,2,1.0279611000005389
3,0,,2026-07-28T20:01:13.800783,107109,4403,2369,4403,93,4403,1,4403,3,4403,1,1722,1,1.0290506000019377
3,0,,2026-07-28T20:01:14.827430,107862,4520,2426,4520,81,4520,2,4520,0,4520,1,1762,2,1.0263040999998339
3,0,,2026-07-28T20:01:15.856241,107026,4432,2373,4432,68,4432,2,4432,4,4432,2,1789,1,1.0286404000071343
3,0,,2026-07-28T20:01:16.885453,107061,4484,2359,4484,91,4484,3,4484,2,4484,1,1788,0,1.028874600000563
3,0,,2026-07-28T20:01:17.914540,107379,4405,2341,4405,73,4405,3,4405,2,4405,2,1789,0,1.0287144000030821
3,0,,2026-07-28T20:01:18.944721,108087,4447,2329,4447,83,4447,6,4447,5,4447,3,1824,1,1.0297089999949094
3,0,,2026-07-28T20:01:19.970668,107626,4473,2364,4473,91,4473,6,4473,4,4473,1,1813,1,1.025524000011501
3,0,,2026-07-28T20:01:20.999837,106700,4459,2295,4459,81,4459,2,4459,1,4459,0,1772,1,1.0289504999964265
3,0,,2026-07-28T20:01:22.026195,107041,4422,2359,4422,78,4422,4,4422,0,4422,2,1755,2,1.026019400000223
3,0,,2026-07-28T20:01:23.054787,107222,4307,2340,4307,55,4307,4,4307,3,4307,0,1801,3,1.028413799998816
3,0,,2026-07-28T20:01:24.081743,107152,4335,2321,4335,73,4335,5,4335,0,4335,2,1894,2,1.0266333999898052
3,0,,2026-07-28T20:01:25.109135,106354,4475,2365,4475,75,4475,4,4475,1,4475,1,1850,1,1.027167799999006
3,0,,2026-07-28T20:01:26.136549,106962,4427,2353,4427,73,4427,2,4427,1,4427,3,1829,1,1.0271600999985822
3,0,,2026-07-28T20:01:27.164180,107645,4479,2325,4479,86,4479,1,4479,1,4479,5,1786,1,1.027280599999358
3,0,,2026-07-28T20:01:28.194091,106854,4427,2334,4427,77,4427,2,4427,3,4427,3,1760,0,1.0295681999996305
3,0,,2026-07-28T20:01:29.222777,107280,4379,2362,4379,71,4379,6,4379,3,4379,0,1667,2,1.0284130000072764
3,0,,2026-07-28T20:01:30.252968,106762,4512,2387,4512,85,4512,2,4512,2,4512,3,1744,0,1.0298750999936601
3,0,,2026-07-28T20:01:31.282555,107584,4421,2325,4421,73,4421,4,4421,3,4421,4,1794,1,1.0292074000026332
3,0,,2026-07-28T20:01:32.311874,106703,4370,2362,4370,63,4370,2,4370,4,4370,1,1752,0,1.0289763000037055
3,0,,2026-07-28T20:01:33.340986,106999,4558,2435,4558,80,4558,4,4558,1,4558,0,1777,0,1.0287793000024976
3,0,,2026-07-28T20:01:34.369780,106731,4369,2312,4369,77,4369,7,4369,4,4369,5,1698,1,1.0283578999951715
3,0,,2026-07-28T20:01:35.398450,106712,4372,2274,4372,91,4372,4,4372,4,4372,1,1813,0,1.0283558999944944
3,0,,2026-07-28T20:01:36.428070,107275,4583,2446,4583,81,4583,4,4583,2,4583,2,1759,0,1.0291978000022937
3,0,,2026-07-28T20:01:37.454739,106873,4436,2309,4436,79,4436,3,4436,1,4436,3,1727,1,1.0263695999892661
3,0,,2026-07-28T20:01:38.483929,106664,4322,2283,4322,79,4322,0,4322,4,4322,1,1814,2,1.0289502999949036
3,0,,2026-07-28T20:01:39.512100,107040,4405,2319,4405,77,4405,2,4405,4,4405,1,1733,3,1.0277298000000883
3,0,,2026-07-28T20:01:40.540033,107242,4478,2383,4478,95,4478,3,4478,2,4478,2,1797,0,1.0276827000052435
3,0,,2026-07-28T20:01:41.569789,107224,4477,2409,4477,77,4477,1,4477,2,4477,2,1779,1,1.0293912000051932
3,0,,2026-07-28T20:01:42.597052,107170,4321,2268,4321,78,4321,3,4321,1,4321,3,1712,1,1.0268649000063306
3,0,,2026-07-28T20:01:43.625448,107115,4455,2306,4455,89,4455,0,4455,4,4455,0,1767,1,1.0280407999962335
3,0,,2026-07-28T20:01:44.653065,107074,4402,2317,4402,98,4402,4,4402,1,4402,1,1779,0,1.0273847000062233
3,0,,2026-07-28T20:01:45.680725,106749,4484,2340,4484,74,4484,2,4484,4,4484,3,1716,0,1.0273350999923423
3,0,,2026-07-28T20:01:46.708254,107113,4487,2392,4487,75,4487,8,4487,0,4487,2,1796,1,1.0272126000054413
3,0,,2026-07-28T20:01:47.736684,107423,4435,2330,4435,63,4435,5,4435,2,4435,4,1844,2,1.028138099994976
3,0,,2026-07-28T20:01:48.765410,107138,4499,2397,4499,56,4499,5,4499,2,4499,0,1749,2,1.0284213999984786
3,0,,2026-07-28T20:01:49.794747,106831,4461,2297,4461,75,4461,2,4461,0,4461,5,1783,5,1.0289655000087805
3,0,,2026-07-28T20:01:50.823704,107605,4369,2301,4369,77,4369,4,4369,1,4369,1,1781,0,1.0286417000024812
3,0,,2026-07-28T20:01:51.852545,106537,4453,2320,4453,78,4453,7,4453,3,4453,1,1772,0,1.028473500002292
3,0,,2026-07-28T20:01:52.882181,106734,4489,2385,4489,82,4489,3,4489,2,4489,4,1764,1,1.029325700001209
3,0,,2026-07-28T20:01:53.912842,106538,4447,2372,4447,66,4447,7,4447,3,4447,1,1787,0,1.030215799997677
3,0,,2026-07-28T20:01:54.941840,106318,4379,2290,4379,82,4379,1,4379,2,4379,4,1785,0,1.0285509000095772
3,0,,2026-07-28T20:01:55.970773,107024,4401,2311,4401,88,4401,3,4401,2,4401,1,1842,0,1.028605499988771
3,0,,2026-07-28T20:01:57.000764,106290,4400,2318,4400,87,4400,3,4400,2,4400,1,1733,3,1.0296212000102969
3,0,,2026-07-28T20:01:58.030732,106924,4469,2381,4469,82,4469,2,4469,1,4469,3,1745,1,1.0295651000051294
3,0,,2026-07-28T20:01:59.061059,107408,4473,2372,4474,83,4474,10,4474,4,4474,2,1845,1,1.0299518999963766
3,0,,2026-07-28T20:02:00.088215,107388,4513,2419,4512,78,4512,1,4512,0,4512,0,1769,0,1.0268135000078473
3,0,,2026-07-28T20:02:01.116589,106928,4435,2317,4435,76,4435,3,4435,0,4435,0,1775,0,1.0280247000046074
3,0,,2026-07-28T20:02:02.147131,106552,4386,2362,4386,88,4386,1,4386,1,4386,3,1745,2,1.0301679000112927
3,0,,2026-07-28T20:02:03.176431,106985,4420,2355,4420,75,4420,4,4420,4,4420,0,1831,2,1.0288769000035245
3,0,,2026-07-28T20:02:04.205018,107017,4452,2318,4452,87,4452,4,4452,3,4452,3,1750,3,1.0281851999898208
3,0,,2026-07-28T20:02:05.233046,106889,4365,2324,4365,70,4365,3,4365,1,4365,2,1776,1,1.0276875999988988
3,0,,2026-07-28T20:02:06.260850,106415,4421,2290,4421,96,4421,3,4421,1,4421,1,1816,1,1.0274615000089398
3,0,,2026-07-28T20:02:07.290273,107118,4407,2340,4407,82,4407,2,4407,2,4407,2,1798,1,1.0290476999944076
3,0,,2026-07-28T20:02:08.318634,106591,4537,2429,4537,83,4537,4,4537,1,4537,0,1745,1,1.02799459999369
3,0,,2026-07-28T20:02:09.347469,107543,4485,2380,4485,82,4485,3,4485,3,4485,2,1756,2,1.028548000002047
3,0,,2026-07-28T20:02:10.376000,107048,4376,2321,4376,80,4376,1,4376,0,4376,2,1759,0,1.028167199998279
3,0,,2026-07-28T20:02:11.404935,106907,4464,2341,4464,81,4464,3,4464,4,4464,1,1769,1,1.0284503000002587
3,0,,2026-07-28T20:02:12.433533,107334,4314,2260,4314,70,4314,1,4314,1,4314,4,1734,0,1.0282866999914404
3,0,,2026-07-28T20:02:13.462232,106462,4307,2271,4307,80,4307,7,4307,6,4307,3,1814,1,1.0282542000059038
3,0,,2026-07-28T20:02:14.490601,106744,4455,2419,4455,82,4455,2,4455,5,4455,2,1827,1,1.02803010000207
3,0,,2026-07-28T20:02:15.518801,106901,4398,2301,4398,80,4398,4,4398,1,4398,1,1684,1,1.0278571999951964
3,0,,2026-07-28T20:02:16.547630,106703,4507,2460,4507,76,4507,5,4507,2,4507,0,1847,2,1.0284569000068586
3,0,,2026-07-28T20:02:17.576309,106643,4419,2361,4419,93,4419,0,4419,6,4419,0,1816,1,1.028232000011485
3,0,,2026-07-28T20:02:18.605392,106668,4440,2335,4440,71,4440,2,4440,3,4440,1,1805,1,1.028729600002407
3,0,,2026-07-28T20:02:19.634525,107039,4491,2334,4491,87,4491,4,4491,5,4491,6,1784,2,1.028846599991084
3,0,,2026-07-28T20:02:20.664030,106521,4475,2350,4475,89,4475,0,4475,2,4475,2,1743,0,1.0291930000093998
3,0,,2026-07-28T20:02:21.692993,106549,4514,2411,4514,79,4514,4,4514,0,4514,5,1796,1,1.0286071000009542
3,0,,2026-07-28T20:02:22.722384,106283,4299,2284,4299,75,4299,2,4299,2,4299,2,1778,0,1.0290057999955025
3,0,,2026-07-28T20:02:23.750733,107103,4349,2349,4349,83,4349,6,4349,2,4349,3,1816,1,1.0279719000100158
3,0,,2026-07-28T20:02:24.779799,106695,4326,2321,4326,67,4326,5,4326,2,4326,3,1779,0,1.0287321000068914
3,0,,2026-07-28T20:02:25.809058,107611,4465,2383,4465,79,4465,5,4465,2,4465,0,1760,0,1.0288781999988714
3,0,,2026-07-28T20:02:26.837503,106734,4338,2253,4338,73,4338,1,4338,1,4338,1,1738,0,1.0281207999942126
3,0,,2026-07-28T20:02:27.865176,107067,4495,2419,4495,78,4495,1,4495,0,4495,2,1753,0,1.0273345000023255
3,0,,2026-07-28T20:02:28.894383,106388,4377,2289,4377,91,4377,2,4377,5,4377,3,1734,1,1.0289205000008224
3,0,,2026-07-28T20:02:29.923635,107227,4445,2328,4445,82,4445,4,4445,3,4445,1,1798,2,1.0288820999994641
3,0,,2026-07-28T20:02:30.952718,107332,4534,2416,4534,86,4534,4,4534,3,4534,2,1753,1,1.0286998000083258
3,0,,2026-07-28T20:02:31.981300,107249,4330,2288,4330,85,4330,4,4330,3,4330,1,1845,0,1.028240100000403
3,0,,2026-07-28T20:02:33.009187,106290,4285,2284,4285,73,4285,3,4285,2,4285,1,1720,0,1.0275461999990512
3,0,,2026-07-28T20:02:34.039704,106587,4329,2307,4329,80,4329,7,4329,0,4329,0,1684,2,1.030146600009175
3,0,,2026-07-28T20:02:35.067268,107009,4649,2495,4649,85,4649,4,4649,3,4649,0,1870,1,1.0271333000127925
3,0,,2026-07-28T20:02:36.093886,106483,4432,2338,4432,94,4432,4,4432,1,4432,2,1752,0,1.026476700004423
3,0,,2026-07-28T20:02:37.122338,106817,4458,2320,4458,91,4458,2,4458,2,4458,3,1779,0,1.02829919999931
3,0,,2026-07-28T20:02:38.148660,106958,4442,2372,4442,77,4442,7,4442,6,4442,0,1759,0,1.025997599994298
3,0,,2026-07-28T20:02:39.176185,106037,4428,2367,4428,88,4428,2,4428,4,4428,2,1822,0,1.0273469999956433
3,0,,2026-07-28T20:02:40.204439,106773,4478,2313,4478,87,4478,4,4478,1,4478,1,1692,0,1.0279630000004545
3,0,,2026-07-28T20:02:41.231489,107061,4540,2353,4540,71,4540,4,4540,2,4540,3,1860,2,1.0267113000008976
3,0,,2026-07-28T20:02:42.259643,106699,4406,2351,4406,91,4406,4,4406,0,4406,2,1812,0,1.0277990999893518
3,0,,2026-07-28T20:02:43.288906,106975,4498,2360,4498,93,4498,6,4498,2,4498,3,1803,0,1.0289422000059858
3,0,,2026-07-28T20:02:44.318640,106746,4279,2275,4279,78,4279,2,4279,1,4279,4,1818,0,1.0293340999924112
3,0,,2026-07-28T20:02:45.347981,106664,4434,2314,4434,88,4434,2,4434,3,4434,6,1773,0,1.0288555000006454
3,0,,2026-07-28T20:02:46.376253,107260,4553,2386,4553,87,4553,4,4553,4,4553,0,1794,2,1.0279236000060337
3,0,,2026-07-28T20:02:47.405945,106291,4241,2266,4241,64,4241,6,4241,4,4241,3,1767,0,1.0294542000046931
3,0,,2026-07-28T20:02:48.436284,106687,4398,2384,4398,75,4398,1,4398,3,4398,5,1845,0,1.0299411000014516
3,0,,2026-07-28T20:02:49.464976,106322,4430,2338,4430,69,4430,1,4430,3,4430,2,1794,1,1.0282883000036236
3,0,,2026-07-28T20:02:50.493623,106656,4456,2360,4456,73,4456,5,4456,1,4456,2,1794,2,1.0283093000034569
3,0,,2026-07-28T20:02:51.521846,106753,4379,2306,4379,78,4379,2,4379,1,4379,0,1746,0,1.027906899995287
3,0,,2026-07-28T20:02:52.550028,107100,4381,2338,4381,74,4381,2,4381,2,4381,2,1749,2,1.0278044999868143
3,0,,2026-07-28T20:02:53.579167,107054,4387,2325,4387,82,4387,1,4387,4,4387,2,1859,1,1.0287940999987768
3,0,,2026-07-28T20:02:54.608143,107007,4450,2381,4450,81,4450,4,4450,2,4450,0,1771,2,1.0285963000060292
3,0,,2026-07-28T20:02:55.637338,107228,4402,2365,4402,88,4402,6,4402,4,4402,1,1846,1,1.0288566999952309
3,0,,2026-07-28T20:02:56.666369,107642,4529,2422,4529,62,4529,5,4529,2,4529,1,1822,1,1.028678899994702
3,0,,2026-07-28T20:02:57.695290,107516,4444,2357,4444,64,4444,3,4444,3,4444,2,1767,0,1.0285478000005241
3,0,,2026-07-28T20:02:58.724367,106744,4378,2364,4378,77,4378,4,4378,2,4378,2,1687,0,1.028741699992679
3,0,,2026-07-28T20:02:59.754122,106656,4418,2352,4418,70,4418,3,4418,0,4418,2,1698,0,1.0294264999974985
3,0,,2026-07-28T20:03:00.782752,106696,4405,2323,4405,75,4405,3,4405,2,4405,2,1697,0,1.0282674999907613
3,0,,2026-07-28T20:03:01.810080,106382,4385,2332,4385,79,4385,4,4385,5,4385,3,1761,2,1.0270140999928117
3,0,,2026-07-28T20:03:02.837676,106895,4282,2241,4282,79,4282,3,4282,3,4282,1,1794,2,1.0273216999921715
3,0,,2026-07-28T20:03:03.866700,106849,4396,2335,4396,85,4396,3,4396,5,4396,2,1735,1,1.0287777000048663
3,0,,2026-07-28T20:03:04.895526,107328,4404,2320,4404,92,4404,2,4404,3,4404,4,1889,1,1.0283748999936506
3,0,,2026-07-28T20:03:05.924886,106364,4527,2366,4527,79,4527,2,4527,0,4527,3,1812,1,1.0290225000062492
3,0,,2026-07-28T20:03:06.953606,106613,4325,2292,4325,63,4325,2,4325,1,4325,3,1844,1,1.0283193999930518
3,0,,2026-07-28T20:03:07.982161,107098,4377,2314,4377,77,4377,4,4377,4,4377,3,1785,1,1.028172899998026
3,0,,2026-07-28T20:03:09.010917,106370,4501,2380,4501,98,4501,2,4501,2,4501,3,1809,2,1.0283958000072744
3,0,,2026-07-28T20:03:10.040346,107011,4411,2379,4411,77,4411,2,4411,1,4411,3,1779,0,1.0290552000078605
3,0,,2026-07-28T20:03:11.069163,107015,4356,2296,4356,84,4356,4,4356,0,4356,0,1758,0,1.0285832999943523
3,0,,2026-07-28T20:03:12.097852,106862,4417,2307,4417,66,4417,5,4417,4,4417,0,1733,1,1.0283070000004955
3,0,,2026-07-28T20:03:13.126831,107194,4515,2382,4515,83,4515,2,4515,2,4515,1,1761,1,1.0286315999983344
3,0,,2026-07-28T20:03:14.156040,107076,4377,2326,4377,92,4377,2,4377,0,4377,1,1807,1,1.0288588999974309
3,0,,2026-07-28T20:03:15.185398,107091,4331,2243,4331,97,4331,4,4331,1,4331,2,1757,0,1.029011199992965
3,0,,2026-07-28T20:03:16.213534,106525,4309,2302,4309,82,4309,7,4309,0,4309,1,1786,0,1.0278110000072047
3,0,,2026-07-28T20:03:17.243542,107453,4523,2415,4523,87,4523,2,4523,2,4523,1,1782,0,1.0296992000075988
3,0,,2026-07-28T20:03:18.272715,106941,4408,2334,4408,82,4408,3,4408,10,4408,1,1897,0,1.0288880000007339
3,0,,2026-07-28T20:03:19.301819,107398,4388,2331,4388,59,4388,3,4388,6,4388,1,1804,0,1.0287548000051174
3,0,,2026-07-28T20:03:20.330111,106181,4395,2345,4395,69,4395,3,4395,5,4395,2,1816,0,1.027942200002144
3,0,,2026-07-28T20:03:21.359257,106417,4350,2343,4350,83,4350,3,4350,3,4350,0,1840,1,1.0287955999956466
3,0,,2026-07-28T20:03:22.388492,106517,4333,2302,4333,84,4333,3,4333,2,4333,2,1771,0,1.0288534999999683
3,0,,2026-07-28T20:03:23.418021,106854,4442,2332,4442,74,4442,7,4442,2,4442,0,1782,1,1.0291410999925574
3,0,,2026-07-28T20:03:24.446075,107177,4463,2374,4463,65,4463,2,4463,5,4463,3,1791,1,1.0277019999921322
3,0,,2026-07-28T20:03:25.473807,105906,4280,2280,4280,80,4280,5,4280,3,4280,3,1708,0,1.0275534999964293
3,0,,2026-07-28T20:03:26.500514,106937,4415,2319,4415,62,4415,0,4415,2,4415,4,1772,2,1.0264602000097511
3,0,,2026-07-28T20:03:27.530383,106947,4433,2377,4433,79,4433,2,4433,3,4433,1,1821,1,1.0295258999976795
3,0,,2026-07-28T20:03:28.560019,107072,4520,2367,4520,57,4520,6,4520,3,4520,2,1824,2,1.0291885000042384
3,0,,2026-07-28T20:03:29.589966,106211,4445,2343,4445,76,4445,1,4445,3,4445,4,1776,3,1.0295766000053845
3,0,,2026-07-28T20:03:30.618638,106687,4456,2336,4456,83,4456,5,4456,4,4456,1,1736,0,1.0283357000007527
3,0,,2026-07-28T20:03:31.645887,107075,4328,2292,4328,71,4328,0,4328,3,4328,2,1819,0,1.0269531999947503
3,0,,2026-07-28T20:03:32.673475,106664,4416,2375,4416,83,4416,3,4416,0,4416,3,1787,1,1.0273537000030046
3,0,,2026-07-28T20:03:33.699991,106394,4428,2325,4428,85,4428,4,4428,3,4428,2,1770,0,1.0262529000028735
3,0,,2026-07-28T20:03:34.730158,107144,4473,2401,4473,69,4473,4,4473,0,4473,1,1753,1,1.0298725000029663
3,0,,2026-07-28T20:03:35.758296,107724,4410,2343,4410,72,4410,3,4410,2,4410,1,1827,0,1.0277689000067767
3,0,,2026-07-28T20:03:36.786852,106507,4429,2278,4429,68,4429,1,4429,3,4429,0,1781,0,1.0281612999970093
3,0,,2026-07-28T20:03:37.815561,107125,4441,2372,4441,84,4441,3,4441,3,4441,3,1814,1,1.0283006000099704
3,0,,2026-07-28T20:03:38.844490,107788,4474,2419,4474,70,4474,7,4474,2,4474,5,1809,0,1.0286034000018844
3,0,,2026-07-28T20:03:39.874999,106918,4480,2389,4480,88,4480,6,4480,2,4480,3,1706,0,1.0300975999998627
3,0,,2026-07-28T20:03:40.903258,106410,4456,2347,4456,72,4456,5,4456,2,4456,3,1771,2,1.0278939999989234
3,0,,2026-07-28T20:03:41.931778,106897,4444,2283,4444,69,4444,6,4444,2,4444,2,1799,0,1.028203100009705
3,0,,2026-07-28T20:03:42.960093,106347,4436,2417,4436,81,4436,5,4436,1,4436,3,1810,0,1.0279636999912327
3,0,,2026-07-28T20:03:43.988649,107197,4347,2331,4347,87,4347,6,4347,2,4347,2,1771,0,1.028203100009705
3,0,,2026-07-28T20:03:45.017384,107171,4455,2317,4455,84,4455,2,4455,1,4455,2,1685,0,1.0282823000015924
3,0,,2026-07-28T20:03:46.045408,106455,4334,2218,4334,84,4334,4,4334,2,4334,6,1816,0,1.027703300002031
3,0,,2026-07-28T20:03:47.074812,106610,4454,2341,4454,85,4454,2,4454,2,4454,3,1764,1,1.0290678000019398
3,0,,2026-07-28T20:03:48.103664,107497,4435,2340,4435,79,4435,4,4435,2,4435,3,1674,0,1.0285756999946898
3,0,,2026-07-28T20:03:49.132284,107525,4387,2305,4387,79,4387,6,4387,1,4387,3,1809,0,1.0282800999993924
3,0,,2026-07-28T20:03:50.161112,107179,4435,2361,4435,81,4435,7,4435,2,4435,2,1704,0,1.0285045000055106
3,0,,2026-07-28T20:03:51.190663,107323,4431,2363,4431,78,4431,3,4431,5,4431,2,1790,1,1.029183099992224
3,0,,2026-07-28T20:03:52.219444,106723,4421,2330,4421,78,4421,4,4421,3,4421,2,1773,0,1.0284050000045681
3,0,,2026-07-28T20:03:53.248655,106863,4254,2245,4254,72,4254,3,4254,2,4254,1,1767,1,1.0288815999956569
3,0,,2026-07-28T20:03:54.276965,106879,4284,2331,4284,73,4284,1,4284,3,4284,2,1822,1,1.0279526000085752
3,0,,2026-07-28T20:03:55.306805,106523,4343,2274,4343,90,4343,2,4343,4,4343,3,1769,0,1.0294862000009743
3,0,,2026-07-28T20:03:56.335817,106848,4462,2380,4462,69,4462,2,4462,1,4462,2,1863,1,1.0285702999972273
3,0,,2026-07-28T20:03:57.364204,106684,4314,2244,4314,87,4314,3,4314,0,4314,2,1783,2,1.02796639999724
3,0,,2026-07-28T20:03:58.393245,106734,4457,2336,4457,69,4457,2,4457,4,4457,1,1803,0,1.0287413000041852
3,0,,2026-07-28T20:03:59.421937,106626,4447,2364,4447,90,4447,1,4447,1,4447,2,1752,4,1.0283238999982132
3,0,,2026-07-28T20:04:00.450078,107187,4533,2463,4533,62,4533,2,4533,1,4533,1,1788,1,1.0278055000089807
3,0,,2026-07-28T20:04:01.478792,106736,4398,2346,4398,82,4398,1,4398,1,4398,2,1712,0,1.0283807000087108
3,0,,2026-07-28T20:04:02.507902,107121,4490,2353,4490,73,4490,1,4490,1,4490,3,1778,3,1.0287745999958133
3,0,,2026-07-28T20:04:03.537758,107231,4478,2375,4478,87,4478,4,4478,4,4478,3,1785,0,1.0295243000000482
3,0,,2026-07-28T20:04:04.566503,106901,4508,2392,4508,75,4508,1,4508,2,4508,3,1790,0,1.0283391999982996
3,0,,2026-07-28T20:04:05.595627,106729,4489,2438,4489,64,4489,2,4489,2,4489,1,1798,0,1.02876090000791
3,0,,2026-07-28T20:04:06.623106,107063,4450,2369,4450,61,4450,2,4450,0,4450,2,1777,0,1.0271284000045853
3,0,,2026-07-28T20:04:07.652305,106252,4243,2248,4243,78,4243,2,4243,1,4243,2,1841,1,1.0289342000032775
3,0,,2026-07-28T20:04:08.680924,107188,4444,2340,4444,67,4444,1,4444,2,4444,5,1840,1,1.0281767999986187
3,0,,2026-07-28T20:04:09.708837,106541,4419,2344,4419,79,4419,5,4419,2,4419,1,1783,1,1.027559599999222
3,0,,2026-07-28T20:04:10.737873,106096,4393,2366,4393,85,4393,5,4393,1,4393,3,1774,1,1.028763299997081
3,0,,2026-07-28T20:04:11.765527,106988,4323,2219,4323,74,4323,4,4323,2,4323,4,1817,1,1.0273203999968246
3,0,,2026-07-28T20:04:12.794079,106787,4358,2300,4358,71,4358,3,4358,2,4358,1,1822,1,1.0282543999928748
3,0,,2026-07-28T20:04:13.822099,106642,4340,2323,4340,79,4340,6,4340,2,4340,2,1770,0,1.0276743000140414
3,0,,2026-07-28T20:04:14.850008,107150,4427,2338,4427,79,4427,2,4427,5,4427,4,1763,0,1.0275240000046324
3,0,,2026-07-28T20:04:15.877569,106405,4273,2255,4273,77,4273,5,4273,1,4273,1,1750,1,1.0271664000028977
3,0,,2026-07-28T20:04:16.905309,106599,4334,2299,4334,79,4334,6,4334,4,4334,0,1773,1,1.027496800001245
3,0,,2026-07-28T20:04:17.931693,106294,4364,2279,4364,71,4364,1,4364,3,4364,0,1733,0,1.0261669000028633
3,0,,2026-07-28T20:04:18.960304,106978,4398,2294,4398,86,4398,4,4398,1,4398,5,1819,0,1.028435599990189
3,0,,2026-07-28T20:04:19.989574,106905,4542,2401,4542,71,4542,2,4542,5,4542,1,1779,1,1.028888900007587
3,0,,2026-07-28T20:04:21.019117,106475,4399,2349,4399,76,4399,4,4399,2,4399,0,1738,1,1.0290590000076918
3,0,,2026-07-28T20:04:22.044932,106217,4491,2328,4491,82,4491,5,4491,5,4491,3,1718,1,1.0254894999961834
3,0,,2026-07-28T20:04:23.074130,106428,4394,2358,4394,93,4394,1,4394,3,4394,2,1847,2,1.0289227999892319
3,0,,2026-07-28T20:04:24.102775,107245,4538,2453,4538,84,4538,5,4538,2,4538,2,1810,1,1.028292600007262
3,0,,2026-07-28T20:04:25.132120,106838,4389,2278,4389,69,4389,2,4389,2,4389,3,1794,1,1.0289846000086982
3,0,,2026-07-28T20:04:26.161602,106540,4348,2333,4348,74,4348,2,4348,1,4348,1,1734,0,1.0290870000026189
3,0,,2026-07-28T20:04:27.190546,106938,4405,2313,4405,86,4405,2,4405,3,4405,3,1806,1,1.0285846999904606
3,0,,2026-07-28T20:04:28.219733,107023,4342,2330,4342,73,4342,6,4342,3,4342,0,1785,1,1.0288474999979371
3,0,,2026-07-28T20:04:29.249139,106915,4376,2352,4376,73,4376,2,4376,2,4376,1,1767,2,1.029053100006422
3,0,,2026-07-28T20:04:30.277503,106832,4444,2348,4444,82,4444,3,4444,0,4444,1,1810,1,1.0280024999956368
3,0,,2026-07-28T20:04:31.306412,106780,4500,2397,4500,91,4500,2,4500,2,4500,2,1765,1,1.0285504999919794
3,0,,2026-07-28T20:04:32.335453,106230,4396,2322,4396,63,4396,3,4396,2,4396,3,1722,0,1.0287963000009768
3,0,,2026-07-28T20:04:33.363527,106778,4404,2358,4404,70,4404,3,4404,3,4404,3,1840,1,1.027685199995176
3,0,,2026-07-28T20:04:34.393138,106419,4510,2414,4510,78,4510,4,4510,5,4510,3,1799,0,1.0292817000008654
3,0,,2026-07-28T20:04:35.421878,107318,4390,2370,4390,71,4390,3,4390,1,4390,6,1778,0,1.0283849999977974
3,0,,2026-07-28T20:04:36.451089,106740,4407,2274,4407,75,4407,7,4407,1,4407,1,1747,1,1.0287532999936957
3,0,,2026-07-28T20:04:37.479805,107097,4515,2372,4515,79,4515,5,4515,1,4515,1,1807,3,1.028374100002111
3,0,,2026-07-28T20:04:38.509160,107062,4390,2296,4390,92,4390,5,4390,4,4390,5,1851,1,1.0290107999899192
3,0,,2026-07-28T20:04:39.537999,106265,4376,2316,4376,67,4376,1,4376,3,4376,2,1758,1,1.0284699000039836
3,0,,2026-07-28T20:04:40.566464,107129,4446,2406,4446,78,4446,4,4446,0,4446,2,1750,0,1.028019100005622
3,0,,2026-07-28T20:04:41.595726,106932,4322,2310,4322,81,4322,1,4322,0,4322,3,1862,1,1.0289118000073358
3,0,,2026-07-28T20:04:42.625082,106671,4382,2341,4382,64,4382,5,4382,2,4382,0,1829,1,1.0290307000104804
3,0,,2026-07-28T20:04:43.655093,106572,4488,2395,4488,78,4488,0,4488,1,4488,3,1794,2,1.029591900005471
3,0,,2026-07-28T20:04:44.682438,107439,4513,2403,4513,83,4513,3,4513,2,4513,2,1755,1,1.0270119000051636
3,0,,2026-07-28T20:04:45.709141,106431,4401,2387,4401,72,4401,2,4401,1,4401,2,1790,2,1.026424700001371
3,0,,2026-07-28T20:04:46.737842,106609,4542,2427,4542,87,4542,6,4542,1,4542,2,1754,0,1.0284154000109993
3,0,,2026-07-28T20:04:47.765603,107709,4461,2379,4461,76,4461,1,4461,2,4461,0,1785,0,1.0274391999992076
3,0,,2026-07-28T20:04:48.794652,106271,4417,2370,4417,79,4417,0,4417,2,4417,3,1766,0,1.0286975000053644
3,0,,2026-07-28T20:04:49.822198,107045,4494,2422,4494,75,4494,4,4494,2,4494,4,1808,1,1.02720589999808
3,0,,2026-07-28T20:04:50.849617,106874,4399,2372,4399,71,4399,3,4399,1,4399,0,1834,1,1.0272221000050195
3,0,,2026-07-28T20:04:51.877130,107451,4488,2329,4488,83,4488,5,4488,6,4488,2,1813,0,1.0271903999964707
3,0,,2026-07-28T20:04:52.906218,106716,4398,2389,4398,83,4398,3,4398,1,4398,0,1707,0,1.0288189999992028
3,0,,2026-07-28T20:04:53.933871,107164,4353,2291,4353,82,4353,2,4353,2,4353,2,1772,0,1.027413500007242
3,0,,2026-07-28T20:04:54.962725,106661,4500,2413,4500,77,4500,2,4500,3,4500,2,1840,1,1.0285074999992503
3,0,,2026-07-28T20:04:55.991252,106946,4547,2475,4547,67,4547,3,4547,3,4547,3,1730,1,1.0281240999902366
3,0,,2026-07-28T20:04:57.020854,106472,4488,2363,4488,74,4488,2,4488,3,4488,2,1793,3,1.0292355999990832
3,0,,2026-07-28T20:04:58.047913,107036,4377,2349,4377,77,4377,2,4377,3,4377,2,1811,1,1.0267307000030996
3,0,,2026-07-28T20:04:59.076798,106484,4390,2382,4390,70,4390,8,4390,3,4390,2,1733,2,1.028527300004498
3,0,,2026-07-28T20:05:00.103331,107498,4363,2307,4363,97,4363,3,4363,3,4363,2,1734,2,1.0262209999928018
3,0,,2026-07-28T20:05:01.133558,106407,4403,2418,4403,75,4403,2,4403,3,4403,3,1770,2,1.0299573999946006
3,0,,2026-07-28T20:05:02.162640,106903,4410,2334,4410,80,4410,2,4410,1,4410,1,1895,0,1.0286943999963114
3,0,,2026-07-28T20:05:03.191323,107151,4420,2335,4420,98,4420,4,4420,1,4420,1,1755,1,1.0283549000014318
3,0,,2026-07-28T20:05:04.219730,106951,4463,2393,4463,83,4463,3,4463,3,4463,0,1834,0,1.0280416000023251
3,0,,2026-07-28T20:05:05.248528,106538,4461,2443,4461,76,4461,4,4461,1,4461,2,1707,1,1.028450800004066
3,0,,2026-07-28T20:05:06.278359,106669,4428,2338,4428,100,4428,0,4428,2,4428,1,1793,2,1.0293644999910612
3,0,,2026-07-28T20:05:07.306629,107123,4503,2396,4503,77,4503,3,4503,1,4503,2,1782,2,1.0279729000030784
3,0,,2026-07-28T20:05:08.333175,106740,4499,2390,4499,88,4499,2,4499,4,4499,2,1795,1,1.0263377000082983
3,0,,2026-07-28T20:05:09.361859,106947,4428,2338,4428,76,4428,1,4428,2,4428,6,1747,2,1.0284906000015326
3,0,,2026-07-28T20:05:10.390255,107317,4430,2345,4430,85,4430,6,4430,3,4430,3,1802,2,1.0280465999967419
3,0,,2026-07-28T20:05:11.416707,106665,4514,2420,4514,100,4514,3,4514,3,4514,1,1728,0,1.0261911999987205
3,0,,2026-07-28T20:05:12.443218,106476,4397,2331,4397,105,4397,2,4397,2,4397,3,1816,0,1.0262083999987226
3,0,,2026-07-28T20:05:13.472621,106512,4505,2314,4505,69,4505,8,4505,4,4505,0,1811,0,1.0291381999995792
3,0,,2026-07-28T20:05:14.501172,107259,4360,2351,4360,87,4360,1,4360,3,4360,2,1789,0,1.0282611000002362
3,0,,2026-07-28T20:05:15.529639,106728,4356,2316,4356,63,4356,2,4356,2,4356,2,1729,0,1.0281154999975115
3,0,,2026-07-28T20:05:16.558055,107660,4407,2335,4407,91,4407,2,4407,4,4407,2,1738,0,1.0280892000009771
3,0,,2026-07-28T20:05:17.587261,106746,4554,2405,4554,65,4554,6,4554,1,4554,2,1786,0,1.028902099991683
3,0,,2026-07-28T20:05:18.617018,107243,4418,2369,4418,93,4418,2,4418,4,4418,2,1817,0,1.0294180000055349
3,0,,2026-07-28T20:05:19.647261,107214,4358,2329,4358,77,4358,3,4358,2,4358,2,1759,1,1.0299022999970475
3,0,,2026-07-28T20:05:20.677837,106551,4490,2383,4490,78,4490,8,4490,6,4490,1,1721,0,1.0301042000064626
3,0,,2026-07-28T20:05:21.707718,107143,4291,2279,4291,72,4291,2,4291,7,4291,1,1827,0,1.0294047000061255
3,0,,2026-07-28T20:05:22.742323,107636,4467,2307,4467,82,4467,2,4467,1,4467,2,1840,1,1.034295999997994
3,0,,2026-07-28T20:05:23.770995,106975,4475,2452,4475,84,4475,4,4475,1,4475,2,1847,2,1.0284272999997484
3,0,,2026-07-28T20:05:24.800203,106762,4621,2408,4621,61,4621,2,4621,3,4621,1,1806,1,1.0288106999942102
3,0,,2026-07-28T20:05:25.829173,106991,4379,2311,4379,64,4379,4,4379,3,4379,2,1858,2,1.0286404999933438
3,0,,2026-07-28T20:05:26.857243,106592,4393,2314,4393,82,4393,1,4393,5,4393,3,1767,1,1.027755300005083
3,0,,2026-07-28T20:05:27.887024,106254,4351,2346,4351,93,4351,4,4351,1,4351,4,1824,0,1.0293600000004517
3,0,,2026-07-28T20:05:28.916601,107315,4502,2377,4502,95,4502,3,4502,2,4502,0,1760,1,1.029249399987748
3,0,,2026-07-28T20:05:29.945757,106735,4402,2354,4402,84,4402,4,4402,0,4402,4,1803,1,1.0288274999911664
3,0,,2026-07-28T20:05:30.975688,107253,4432,2350,4432,81,4432,3,4432,1,4432,1,1753,0,1.0295697999972617
3,0,,2026-07-28T20:05:32.004292,106918,4408,2328,4408,77,4408,2,4408,1,4408,2,1760,1,1.0282178000052227
3,0,,2026-07-28T20:05:33.032383,106651,4346,2326,4346,69,4346,5,4346,2,4346,1,1787,0,1.027781299999333
3,0,,2026-07-28T20:05:34.063204,107255,4504,2348,4504,73,4504,5,4504,3,4504,3,1818,2,1.0304307000042172
3,0,,2026-07-28T20:05:35.091837,107400,4474,2335,4474,83,4474,3,4474,4,4474,1,1850,2,1.028326300001936
3,0,,2026-07-28T20:05:36.121680,106695,4316,2341,4316,68,4316,2,4316,4,4316,2,1745,0,1.029497600000468
3,0,,2026-07-28T20:05:37.150132,106728,4522,2417,4522,59,4522,4,4522,1,4522,3,1797,0,1.0281463999999687
3,0,,2026-07-28T20:05:38.178743,106794,4464,2324,4464,76,4464,3,4464,0,4464,2,1760,0,1.028250699993805
3,0,,2026-07-28T20:05:39.207981,107683,4494,2361,4494,78,4494,1,4494,2,4494,3,1819,0,1.028902799997013
3,0,,2026-07-28T20:05:40.237413,107098,4459,2325,4459,82,4459,2,4459,1,4459,1,1746,0,1.0290048999886494
3,0,,2026-07-28T20:05:41.265673,107050,4476,2360,4476,91,4476,1,4476,3,4476,2,1646,1,1.0279200000077253
3,0,,2026-07-28T20:05:42.294739,106925,4417,2284,4417,72,4417,1,4417,1,4417,2,1791,3,1.0286721000011312
3,0,,2026-07-28T20:05:43.324298,107232,4422,2312,4422,78,4422,0,4422,5,4422,2,1760,1,1.0291608000115957
3,0,,2026-07-28T20:05:44.352898,107243,4498,2452,4498,91,4498,2,4498,2,4498,5,1794,0,1.0282760999980383
3,0,,2026-07-28T20:05:45.382830,106983,4430,2355,4430,73,4430,1,4430,3,4430,2,1751,0,1.0295397000008961
3,0,,2026-07-28T20:05:46.412538,107358,4416,2317,4416,78,4416,6,4416,1,4416,3,1813,1,1.029317099993932
3,0,,2026-07-28T20:05:47.440856,107194,4431,2345,4431,70,4431,5,4431,2,4431,1,1728,0,1.0279607999982545
3,0,,2026-07-28T20:05:48.469511,106580,4327,2309,4327,61,4327,0,4327,3,4327,2,1770,2,1.0282936000003247
3,0,,2026-07-28T20:05:49.498355,106889,4399,2371,4399,71,4399,2,4399,3,4399,2,1752,0,1.0284691999986535
3,0,,2026-07-28T20:05:50.527604,107009,4511,2375,4511,91,4511,3,4511,2,4511,1,1794,3,1.0289087999990443
3,0,,2026-07-28T20:05:51.555443,106915,4479,2314,4479,78,4479,4,4479,1,4479,4,1835,1,1.0275051999924472
3,0,,2026-07-28T20:05:52.584337,106905,4506,2411,4506,90,4506,5,4506,5,4506,1,1709,3,1.0284800000081304
3,0,,2026-07-28T20:05:53.613334,106930,4364,2361,4364,74,4364,4,4364,1,4364,3,1783,2,1.0286609000031604
3,0,,2026-07-28T20:05:54.643078,107624,4549,2458,4549,73,4549,2,4549,1,4549,1,1808,1,1.029395100005786
3,0,,2026-07-28T20:05:55.670342,106876,4444,2386,4444,76,4444,7,4444,1,4444,1,1722,2,1.026938999988488
3,0,,2026-07-28T20:05:56.698579,106781,4360,2299,4360,76,4360,6,4360,3,4360,6,1830,0,1.0280529000010574
3,0,,2026-07-28T20:05:57.727855,107068,4395,2323,4395,89,4395,2,4395,3,4395,0,1771,0,1.028926800005138
3,0,,2026-07-28T20:05:58.756631,107183,4316,2342,4316,75,4316,4,4316,1,4316,2,1759,0,1.0284310999995796
3,0,,2026-07-28T20:05:59.786027,106935,4507,2428,4507,77,4507,0,4507,1,4507,3,1776,1,1.0290646000066772
3,0,,2026-07-28T20:06:00.814431,107158,4401,2305,4401,93,4401,4,4401,2,4401,6,1840,0,1.0280404000077397
3,0,,2026-07-28T20:06:01.843687,106272,4317,2287,4317,79,4317,3,4317,2,4317,3,1732,0,1.028928999992786
3,0,,2026-07-28T20:06:02.872733,107142,4366,2263,4366,87,4366,4,4366,6,4366,1,1766,0,1.0286440000054426
3,0,,2026-07-28T20:06:03.901441,107506,4473,2381,4473,82,4473,4,4473,1,4473,2,1775,0,1.0283769999950891
3,0,,2026-07-28T20:06:04.929389,106920,4378,2286,4378,79,4378,3,4378,2,4378,2,1799,0,1.0275122000020929
3,0,,2026-07-28T20:06:05.956822,107219,4357,2250,4357,73,4357,2,4357,2,4357,0,1792,0,1.0271412000001874
3,0,,2026-07-28T20:06:06.986350,106214,4518,2342,4518,92,4518,2,4518,3,4518,3,1787,2,1.0291940000024624
3,0,,2026-07-28T20:06:08.015079,106395,4412,2308,4412,83,4412,2,4412,0,4412,0,1761,3,1.0284200000023702
3,0,,2026-07-28T20:06:09.043732,107266,4461,2319,4461,70,4461,6,4461,1,4461,0,1829,1,1.0282985999947414
3,0,,2026-07-28T20:06:10.073127,107192,4444,2368,4444,79,4444,2,4444,5,4444,1,1817,2,1.0290431000030367
3,0,,2026-07-28T20:06:11.102536,107065,4505,2342,4505,87,4505,1,4505,5,4505,1,1745,1,1.0290342000080273
3,0,,2026-07-28T20:06:12.131452,107026,4483,2383,4483,80,4483,2,4483,5,4483,2,1765,0,1.0284614999982296
3,0,,2026-07-28T20:06:13.158014,106721,4401,2354,4401,91,4401,4,4401,5,4401,3,1828,1,1.026250599999912
3,0,,2026-07-28T20:06:14.184360,106491,4359,2270,4359,73,4359,4,4359,4,4359,2,1829,0,1.0261797999992268
3,0,,2026-07-28T20:06:15.211378,106633,4455,2401,4455,71,4455,3,4455,4,4455,1,1810,0,1.0268494000047212
3,0,,2026-07-28T20:06:16.237674,106755,4405,2299,4405,87,4405,2,4405,1,4405,2,1764,0,1.0260405000008177
3,0,,2026-07-28T20:06:17.263320,106230,4364,2351,4364,79,4364,3,4364,1,4364,0,1770,1,1.025484999991022
3,0,,2026-07-28T20:06:18.289714,106424,4361,2337,4361,96,4361,4,4361,6,4361,2,1745,0,1.026258300000336
3,0,,2026-07-28T20:06:19.316136,106233,4389,2349,4389,88,4389,4,4389,1,4389,0,1828,0,1.0262841999938246
3,0,,2026-07-28T20:06:20.343495,106386,4422,2311,4422,77,4422,2,4422,3,4422,1,1734,1,1.0270298999967054
3,0,,2026-07-28T20:06:21.371701,106391,4445,2371,4445,53,4445,2,4445,1,4445,0,1800,3,1.0278435999935027
3,0,,2026-07-28T20:06:22.400405,106454,4483,2363,4483,94,4483,4,4483,1,4483,2,1716,0,1.0284298999904422
3,0,,2026-07-28T20:06:23.427405,106759,4353,2306,4353,76,4353,0,4353,3,4353,0,1767,0,1.0267435999994632
3,0,,2026-07-28T20:06:24.456258,106605,4403,2307,4403,94,4403,4,4403,1,4403,4,1693,0,1.0285390000062762
3,0,,2026-07-28T20:06:25.485479,106275,4359,2239,4359,80,4359,4,4359,0,4359,1,1742,1,1.0288627999980235
3,0,,2026-07-28T20:06:26.513346,106498,4539,2395,4539,80,4539,1,4539,0,4539,4,1777,1,1.0275898999971105
3,0,,2026-07-28T20:06:27.541915,107424,4455,2375,4455,82,4455,1,4455,3,4455,4,1721,1,1.0282505999930436
3,0,,2026-07-28T20:06:28.570925,106646,4469,2333,4469,62,4469,2,4469,3,4469,0,1805,0,1.028713699997752
3,0,,2026-07-28T20:06:29.598723,106337,4371,2250,4371,86,4371,3,4371,0,4371,0,1688,1,1.0274733999976888
3,0,,2026-07-28T20:06:30.626627,106530,4322,2270,4322,80,4322,4,4322,3,4322,3,1713,1,1.0275838999950793
3,0,,2026-07-28T20:06:31.655368,106844,4455,2327,4455,72,4455,5,4455,1,4455,1,1786,0,1.0282684999983758
3,0,,2026-07-28T20:06:32.682999,107155,4464,2416,4464,66,4464,8,4464,5,4464,1,1788,1,1.0272503000014694
3,0,,2026-07-28T20:06:33.709565,106371,4445,2325,4445,83,4445,5,4445,2,4445,2,1855,1,1.0263062000012724
3,0,,2026-07-28T20:06:34.738346,106796,4319,2271,4319,82,4319,3,4319,4,4319,4,1771,0,1.0286263000016334
3,0,,2026-07-28T20:06:35.764806,106843,4417,2317,4417,77,4417,2,4417,1,4417,1,1814,0,1.0261423000047216
3,0,,2026-07-28T20:06:36.791264,106458,4529,2356,4529,95,4529,3,4529,0,4529,3,1778,0,1.0261888999957591
3,0,,2026-07-28T20:06:37.818427,106541,4386,2341,4386,83,4386,3,4386,3,4386,3,1806,0,1.026865199994063
3,0,,2026-07-28T20:06:38.844585,106260,4296,2294,4296,76,4296,2,4296,2,4296,3,1699,0,1.0258673999924213
3,0,,2026-07-28T20:06:39.870981,107013,4413,2310,4413,82,4413,4,4413,0,4413,4,1756,1,1.0261298999976134
3,0,,2026-07-28T20:06:40.897593,106343,4419,2310,4419,82,4419,2,4419,3,4419,4,1784,2,1.0264484999934211
3,0,,2026-07-28T20:06:41.926993,106893,4315,2286,4315,74,4315,3,4315,1,4315,1,1766,0,1.0291174999874784
3,0,,2026-07-28T20:06:42.954357,106460,4371,2273,4371,73,4371,3,4371,3,4371,2,1799,0,1.027012199992896
3,0,,2026-07-28T20:06:43.984103,107159,4428,2273,4428,86,4428,3,4428,3,4428,2,1766,1,1.0294365000008838
3,0,,2026-07-28T20:06:45.013043,107009,4388,2332,4388,72,4388,6,4388,5,4388,2,1716,1,1.0286188000027323
3,0,,2026-07-28T20:06:46.040765,106593,4509,2408,4509,72,4509,3,4509,3,4509,0,1746,0,1.0274468999996316
3,0,,2026-07-28T20:06:47.067900,106654,4337,2300,4337,83,4337,4,4337,4,4337,7,1779,0,1.0269659999903524
3,0,,2026-07-28T20:06:48.094754,106986,4376,2295,4376,66,4376,3,4376,2,4376,3,1765,3,1.0266965000046184
3,0,,2026-07-28T20:06:49.122382,107192,4389,2311,4389,85,4389,1,4389,1,4389,3,1755,0,1.0273677999939537
3,0,,2026-07-28T20:06:50.150743,106501,4446,2370,4446,87,4446,2,4446,1,4446,3,1792,2,1.0280844999942929
3,0,,2026-07-28T20:06:51.178595,106821,4489,2335,4489,71,4489,3,4489,4,4489,2,1775,0,1.0275608000083594
3,0,,2026-07-28T20:06:52.207498,107120,4409,2360,4409,75,4409,3,4409,1,4409,2,1739,0,1.0286354999989271
3,0,,2026-07-28T20:06:53.234553,106776,4465,2321,4465,77,4465,1,4465,0,4465,2,1752,0,1.0267338000121526
3,0,,2026-07-28T20:06:54.263175,106761,4372,2334,4372,75,4372,1,4372,3,4372,1,1845,1,1.02829919999931
3,0,,2026-07-28T20:06:55.291114,107109,4528,2436,4528,103,4528,6,4528,2,4528,2,1807,0,1.0275689999980386
3,0,,2026-07-28T20:06:56.319940,106613,4378,2327,4378,77,4378,4,4378,2,4378,5,1762,0,1.0286090000008699
3,0,,2026-07-28T20:06:57.347341,106575,4443,2368,4443,79,4443,4,4443,5,4443,0,1848,0,1.0271064000116894
3,0,,2026-07-28T20:06:58.375261,106973,4449,2413,4449,86,4449,2,4449,3,4449,0,1744,1,1.0276341999997385
3,0,,2026-07-28T20:06:59.403265,106526,4408,2281,4408,82,4408,3,4408,4,4408,3,1812,2,1.0277160999976331
3,0,,2026-07-28T20:07:00.431764,107145,4451,2377,4451,85,4451,1,4451,1,4451,1,1784,1,1.0281649999960791
3,0,,2026-07-28T20:07:01.460057,106885,4644,2434,4644,76,4644,4,4644,3,4644,1,1785,0,1.0279961000051117
3,0,,2026-07-28T20:07:02.488023,106840,4455,2316,4455,90,4455,1,4455,3,4455,1,1780,1,1.027673999997205
3,0,,2026-07-28T20:07:03.514740,106408,4400,2279,4400,82,4400,7,4400,3,4400,0,1752,0,1.0263494000100764
3,0,,2026-07-28T20:07:04.542174,105966,4426,2356,4426,87,4426,2,4426,2,4426,0,1800,0,1.027225099998759
3,0,,2026-07-28T20:07:05.571372,106549,4385,2326,4385,65,4385,2,4385,1,4385,3,1823,3,1.028884500003187
3,0,,2026-07-28T20:07:06.597284,106827,4417,2386,4417,78,4417,4,4417,3,4417,1,1655,0,1.0255656000081217
3,0,,2026-07-28T20:07:07.625592,106627,4393,2305,4393,92,4393,4,4393,3,4393,1,1724,0,1.0281237000017427
3,0,,2026-07-28T20:07:08.652513,107038,4464,2346,4464,79,4464,6,4464,3,4464,3,1760,2,1.0266409000032581
3,0,,2026-07-28T20:07:09.679274,106934,4401,2281,4401,88,4401,2,4401,3,4401,2,1784,1,1.026467200004845
3,0,,2026-07-28T20:07:10.708374,107322,4430,2339,4430,67,4430,6,4430,4,4430,1,1791,3,1.0288221000082558
3,0,,2026-07-28T20:07:11.736117,107629,4377,2341,4377,75,4377,1,4377,2,4377,1,1705,0,1.0274618999974336
3,0,,2026-07-28T20:07:12.762973,106388,4552,2413,4552,87,4552,3,4552,4,4552,3,1729,0,1.0265767999953823
3,0,,2026-07-28T20:07:13.789875,107265,4355,2336,4355,95,4355,4,4355,2,4355,1,1750,3,1.0266699999920093
3,0,,2026-07-28T20:07:14.818367,106109,4285,2259,4285,75,4285,2,4285,1,4285,4,1820,1,1.0281088999909116
3,0,,2026-07-28T20:07:15.848161,107513,4350,2322,4350,77,4350,3,4350,4,4350,2,1757,0,1.02942510000139
3,0,,2026-07-28T20:07:16.877342,107472,4563,2450,4563,94,4563,3,4563,0,4563,1,1732,0,1.028746299998602
3,0,,2026-07-28T20:07:17.906714,106906,4433,2313,4433,90,4433,7,4433,3,4433,1,1766,1,1.0290272000129335
3,0,,2026-07-28T20:07:18.935086,107296,4381,2369,4381,91,4381,3,4381,1,4381,2,1783,2,1.028006299995468
3,0,,2026-07-28T20:07:19.962570,106920,4373,2336,4373,60,4373,3,4373,1,4373,2,1742,1,1.0272464000008767
3,0,,2026-07-28T20:07:20.991085,106693,4474,2310,4474,75,4474,4,4474,3,4474,2,1806,0,1.0282673000037903
3,0,,2026-07-28T20:07:22.019220,107039,4363,2330,4363,60,4363,7,4363,3,4363,1,1765,0,1.0277686000044923
3,0,,2026-07-28T20:07:23.046874,106813,4356,2298,4356,66,4356,3,4356,0,4356,1,1763,1,1.0274088000005577
3,0,,2026-07-28T20:07:24.074405,106905,4402,2331,4402,92,4402,1,4402,1,4402,3,1809,2,1.0273235000058776
3,0,,2026-07-28T20:07:25.101789,106713,4352,2322,4352,92,4352,4,4352,4,4352,1,1723,1,1.0271153999929084
3,0,,2026-07-28T20:07:26.129218,106855,4527,2379,4527,85,4527,4,4527,1,4527,2,1717,2,1.0270669000019552
3,0,,2026-07-28T20:07:27.156248,106574,4492,2331,4492,87,4492,4,4492,3,4492,4,1772,0,1.0267018000013195
3,0,,2026-07-28T20:07:28.182429,106893,4424,2325,4424,74,4424,5,4424,0,4424,2,1845,1,1.0258220999967307
3,0,,2026-07-28T20:07:29.210403,107065,4493,2456,4493,79,4493,0,4493,1,4493,3,1752,2,1.027740100005758
3,0,,2026-07-28T20:07:30.237326,106611,4384,2317,4384,86,4384,3,4384,4,4384,2,1724,0,1.0266052000079071
3,0,,2026-07-28T20:07:31.263668,106235,4389,2327,4389,67,4389,3,4389,2,4389,1,1762,1,1.026007499996922
3,0,,2026-07-28T20:07:32.291955,107073,4505,2326,4505,85,4505,3,4505,0,4505,2,1763,0,1.0280381000047782
3,0,,2026-07-28T20:07:33.318749,106747,4371,2351,4371,78,4371,2,4371,2,4371,2,1802,1,1.026564200001303
3,0,,2026-07-28T20:07:34.346565,106478,4381,2295,4381,80,4381,2,4381,2,4381,1,1721,3,1.0274969000020064
3,0,,2026-07-28T20:07:35.373428,106552,4381,2260,4381,87,4381,6,4381,2,4381,0,1760,0,1.0265270000090823
3,0,,2026-07-28T20:07:36.400694,106675,4348,2356,4348,69,4348,3,4348,4,4348,4,1797,1,1.027034900005674
3,0,,2026-07-28T20:07:37.428574,106907,4471,2422,4471,76,4471,6,4471,1,4471,1,1806,2,1.0275156999996398
3,0,,2026-07-28T20:07:38.457608,106847,4526,2413,4526,79,4526,2,4526,6,4526,3,1799,0,1.0287110000062967
3,0,,2026-07-28T20:07:39.484179,107059,4392,2298,4392,89,4392,3,4392,3,4392,3,1781,1,1.026213999997708
3,0,,2026-07-28T20:07:40.510376,106516,4404,2330,4404,78,4404,11,4404,0,4404,1,1736,1,1.0259886999992887
3,0,,2026-07-28T20:07:41.539011,106892,4488,2392,4488,84,4488,2,4488,4,4488,0,1733,0,1.0282947000087006
3,0,,2026-07-28T20:07:42.567638,106909,4434,2340,4434,86,4434,3,4434,3,4434,1,1783,0,1.0282482000038726
3,0,,2026-07-28T20:07:43.596882,106857,4461,2382,4461,88,4461,7,4461,1,4461,3,1734,1,1.028932099987287
3,0,,2026-07-28T20:07:44.624496,107218,4421,2370,4421,86,4421,2,4421,1,4421,2,1787,1,1.0272431999910623
3,0,,2026-07-28T20:07:45.652050,106807,4529,2352,4529,76,4529,4,4529,4,4529,1,1705,0,1.0272525000036694
3,0,,2026-07-28T20:07:46.679050,106540,4378,2344,4378,86,4378,1,4378,3,4378,5,1730,1,1.0267063999926904
3,0,,2026-07-28T20:07:47.707479,106150,4283,2200,4283,74,4283,3,4283,2,4283,2,1848,1,1.0280739000008907
3,0,,2026-07-28T20:07:48.736132,106988,4501,2408,4501,83,4501,4,4501,2,4501,4,1723,0,1.0283832999994047
3,0,,2026-07-28T20:07:49.763126,106571,4465,2304,4465,84,4465,2,4465,3,4465,1,1830,2,1.0266746999986935
3,0,,2026-07-28T20:07:50.789640,106920,4320,2329,4320,82,4320,3,4320,3,4320,3,1798,2,1.0262160999991465
3,0,,2026-07-28T20:07:51.818476,106878,4460,2353,4460,81,4460,4,4460,1,4460,3,1804,1,1.028468399992562
3,0,,2026-07-28T20:07:52.846163,106822,4362,2265,4362,75,4362,3,4362,3,4362,2,1783,1,1.0272882999997819
3,0,,2026-07-28T20:07:53.872689,106629,4424,2380,4424,79,4424,5,4424,5,4424,0,1812,0,1.0263368000014452
3,0,,2026-07-28T20:07:54.898968,106853,4537,2364,4537,67,4537,4,4537,2,4537,2,1765,0,1.0259938999952283
3,0,,2026-07-28T20:07:55.925107,107040,4407,2339,4407,81,4407,3,4407,3,4407,1,1793,1,1.0259763999929419
3,0,,2026-07-28T20:07:56.951316,106425,4371,2278,4371,96,4371,5,4371,6,4371,2,1788,0,1.0260688999987906
3,0,,2026-07-28T20:07:57.977860,106733,4304,2304,4304,69,4304,1,4304,1,4304,1,1758,1,1.0262879999936558
3,0,,2026-07-28T20:07:59.004615,107174,4470,2375,4470,82,4470,4,4470,3,4470,0,1780,0,1.0265943000122206
3,0,,2026-07-28T20:08:00.030921,106691,4421,2372,4421,81,4421,5,4421,2,4421,3,1849,1,1.0260980999883031
3,0,,2026-07-28T20:08:01.058828,106406,4416,2300,4416,78,4416,2,4416,3,4416,2,1822,0,1.0276197000057437
3,0,,2026-07-28T20:08:02.086562,106797,4421,2324,4421,97,4421,4,4421,2,4421,3,1785,0,1.0273782000003848
3,0,,2026-07-28T20:08:03.113385,106647,4451,2354,4451,74,4451,5,4451,1,4451,0,1811,0,1.0265469000005396
3,0,,2026-07-28T20:08:04.141163,106881,4473,2386,4473,98,4473,2,4473,2,4473,2,1800,2,1.0274474999896483
3,0,,2026-07-28T20:08:05.168329,107581,4338,2276,4338,85,4338,3,4338,1,4338,0,1807,1,1.026873599999817
3,0,,2026-07-28T20:08:06.196465,106883,4393,2313,4393,74,4393,2,4393,2,4393,2,1736,0,1.0279798000119627
3,0,,2026-07-28T20:08:07.223696,106862,4337,2306,4337,65,4337,5,4337,3,4337,1,1819,1,1.0269568000076106
3,0,,2026-07-28T20:08:08.250247,106788,4515,2395,4515,85,4515,3,4515,1,4515,2,1769,0,1.0262950000033015
3,0,,2026-07-28T20:08:09.276685,105941,4402,2388,4402,73,4402,2,4402,4,4402,1,1807,1,1.0261707000026945
3,0,,2026-07-28T20:08:10.305553,107457,4340,2279,4340,74,4340,2,4340,4,4340,4,1893,0,1.0286669000051916
3,0,,2026-07-28T20:08:11.332305,107083,4436,2429,4436,89,4436,5,4436,2,4436,4,1795,0,1.026383900010842
3,0,,2026-07-28T20:08:12.359791,106707,4411,2349,4411,84,4411,6,4411,1,4411,1,1779,1,1.0272129999939352
3,0,,2026-07-28T20:08:13.387712,106971,4456,2386,4456,63,4456,4,4456,1,4456,1,1755,0,1.0275762000092072
3,0,,2026-07-28T20:08:14.415333,106975,4281,2287,4281,60,4281,1,4281,3,4281,2,1823,0,1.027336999992258
3,0,,2026-07-28T20:08:15.444797,107440,4412,2335,4412,89,4412,1,4412,0,4412,1,1740,1,1.0292164999991655
3,0,,2026-07-28T20:08:16.471996,107086,4398,2342,4398,77,4398,8,4398,2,4398,1,1787,1,1.0268170000053942
3,0,,2026-07-28T20:08:17.498478,106772,4361,2262,4361,83,4361,1,4361,1,4361,2,1791,2,1.0263084999896819
3,0,,2026-07-28T20:08:18.525914,107036,4481,2335,4481,82,4481,3,4481,0,4481,0,1785,0,1.0271737000002759
3,0,,2026-07-28T20:08:19.553077,106607,4402,2300,4402,75,4402,6,4402,1,4402,5,1672,1,1.0269658000033814
3,0,,2026-07-28T20:08:20.580852,106225,4533,2397,4533,76,4533,1,4533,0,4533,1,1779,0,1.0275335000042105
3,0,,2026-07-28T20:08:21.608519,107002,4358,2265,4358,74,4358,1,4358,2,4358,0,1803,2,1.0273285000002943
3,0,,2026-07-28T20:08:22.637070,106544,4302,2299,4302,79,4302,3,4302,2,4302,4,1679,3,1.0282777000102215
3,0,,2026-07-28T20:08:23.665387,107090,4378,2324,4378,88,4378,5,4378,3,4378,0,1776,1,1.0280513999896357
3,0,,2026-07-28T20:08:24.693063,107244,4361,2316,4361,73,4361,1,4361,3,4361,1,1800,0,1.0273678999947151
3,0,,2026-07-28T20:08:25.720727,107218,4469,2354,4469,87,4469,2,4469,1,4469,2,1775,0,1.0273859000008088
3,0,,2026-07-28T20:08:26.747823,107765,4409,2354,4409,60,4409,2,4409,1,4409,2,1790,0,1.0269195000000764
3,0,,2026-07-28T20:08:27.774724,106523,4377,2335,4377,82,4377,2,4377,4,4377,1,1756,0,1.026620599994203
3,0,,2026-07-28T20:08:28.802216,106593,4355,2216,4355,82,4355,5,4355,2,4355,3,1836,2,1.0271533000050113
3,0,,2026-07-28T20:08:29.829251,106592,4483,2421,4483,76,4483,3,4483,6,4483,4,1743,0,1.0267378999997163
3,0,,2026-07-28T20:08:30.855949,106705,4321,2303,4321,89,4321,2,4321,3,4321,1,1798,0,1.0264284000004409
3,0,,2026-07-28T20:08:31.884846,106942,4406,2384,4406,89,4406,3,4406,1,4406,0,1831,0,1.028602000005776
3,0,,2026-07-28T20:08:32.912211,107846,4499,2367,4499,71,4499,4,4499,2,4499,2,1816,1,1.0270811999944272
3,0,,2026-07-28T20:08:33.939360,107149,4456,2315,4456,84,4456,6,4456,1,4456,4,1827,0,1.0268210000067484
3,0,,2026-07-28T20:08:34.966353,107144,4486,2382,4486,72,4486,4,4486,1,4486,2,1746,1,1.0267687999876216
3,0,,2026-07-28T20:08:35.994514,107059,4357,2350,4357,79,4357,2,4357,2,4357,0,1829,2,1.0279004000040004
3,0,,2026-07-28T20:08:37.022983,106828,4415,2300,4415,67,4415,5,4415,1,4415,2,1785,0,1.0280380000040168
3,0,,2026-07-28T20:08:38.050044,106978,4363,2288,4363,70,4363,2,4363,2,4363,2,1883,1,1.0266886000026716
3,0,,2026-07-28T20:08:39.079630,106144,4421,2347,4421,86,4421,6,4421,6,4421,0,1738,1,1.0292883999936748
3,0,,2026-07-28T20:08:40.106673,106723,4313,2260,4313,74,4313,2,4313,3,4313,2,1732,0,1.0266902000003029
3,0,,2026-07-28T20:08:41.134014,107208,4366,2297,4366,81,4366,3,4366,5,4366,0,1776,2,1.0271106000000145
3,0,,2026-07-28T20:08:42.162379,107266,4420,2333,4420,79,4420,1,4420,1,4420,2,1694,0,1.0280964999983553
3,0,,2026-07-28T20:08:43.189632,106893,4456,2301,4456,68,4456,5,4456,4,4456,3,1741,1,1.0268896999914432
3,0,,2026-07-28T20:08:44.216652,106093,4495,2394,4495,85,4495,3,4495,2,4495,2,1786,1,1.0267833999969298
3,0,,2026-07-28T20:08:45.244740,106999,4413,2358,4413,88,4413,2,4413,2,4413,1,1810,1,1.0277338000014424
3,0,,2026-07-28T20:08:46.274178,106931,4451,2387,4451,83,4451,3,4451,5,4451,2,1839,2,1.0291532999981428
3,0,,2026-07-28T20:08:47.303017,107773,4413,2391,4413,70,4413,5,4413,3,4413,0,1793,0,1.028489599993918
3,0,,2026-07-28T20:08:48.331193,107107,4494,2377,4494,86,4494,6,4494,3,4494,2,1845,0,1.0279180999932578
3,0,,2026-07-28T20:08:49.359437,106853,4360,2256,4360,73,4360,2,4360,0,4360,3,1764,2,1.0280025999963982
3,0,,2026-07-28T20:08:50.386558,106269,4497,2404,4497,68,4497,0,4497,2,4497,3,1832,1,1.0268433000019286
3,0,,2026-07-28T20:08:51.415104,106963,4468,2384,4468,80,4468,2,4468,5,4468,1,1809,0,1.0281600000016624
3,0,,2026-07-28T20:08:52.441695,106887,4367,2311,4367,71,4367,0,4367,3,4367,2,1793,1,1.0262925999995787
3,0,,2026-07-28T20:08:53.470981,106966,4440,2339,4440,76,4440,5,4440,3,4440,1,1841,3,1.0290160000004107
3,0,,2026-07-28T20:08:54.499370,106918,4453,2372,4453,76,4453,3,4453,0,4453,4,1813,0,1.0280338000011398
3,0,,2026-07-28T20:08:55.528520,106891,4421,2389,4421,71,4421,4,4421,5,4421,2,1778,1,1.0289014000009047
3,0,,2026-07-28T20:08:56.557679,107194,4347,2322,4347,81,4347,1,4347,3,4347,2,1777,2,1.0287848000007216
3,0,,2026-07-28T20:08:57.587063,106473,4409,2358,4409,72,4409,2,4409,4,4409,2,1792,0,1.0290127999905962
3,0,,2026-07-28T20:08:58.615720,107135,4488,2369,4488,72,4488,5,4488,1,4488,0,1786,1,1.0283041999937268
3,0,,2026-07-28T20:08:59.644766,107365,4462,2392,4462,82,4462,3,4462,4,4462,0,1692,2,1.0287192999967374
3,0,,2026-07-28T20:09:00.673742,106463,4367,2308,4367,74,4367,3,4367,2,4367,1,1739,0,1.0285184999956982
3,0,,2026-07-28T20:09:01.703439,107548,4334,2281,4334,89,4334,1,4334,5,4334,1,1732,1,1.0293173000100069
3,0,,2026-07-28T20:09:02.732467,107248,4336,2291,4336,75,4336,7,4336,1,4336,2,1756,0,1.028658600000199
3,0,,2026-07-28T20:09:03.761999,107078,4407,2296,4407,84,4407,8,4407,3,4407,3,1749,1,1.0291871999943396
3,0,,2026-07-28T20:09:04.791409,107186,4465,2373,4465,76,4465,2,4465,6,4465,7,1749,1,1.0291708000004292
3,0,,2026-07-28T20:09:05.820472,107298,4412,2371,4412,81,4412,4,4412,2,4412,6,1808,2,1.0287347000121372
3,0,,2026-07-28T20:09:06.849278,107262,4296,2307,4296,69,4296,2,4296,2,4296,4,1799,1,1.0284845000132918
3,0,,2026-07-28T20:09:07.878579,106572,4530,2407,4530,80,4530,3,4530,2,4530,1,1797,0,1.0289707999909297
3,0,,2026-07-28T20:09:08.908190,106525,4416,2371,4416,69,4416,3,4416,1,4416,4,1750,0,1.0292474000016227
3,0,,2026-07-28T20:09:09.937394,107087,4415,2330,4415,73,4415,4,4415,0,4415,2,1837,1,1.02884109999286
3,0,,2026-07-28T20:09:10.966495,107154,4405,2332,4405,74,4405,5,4405,4,4405,0,1766,0,1.0287210999958916
3,0,,2026-07-28T20:09:11.995236,107450,4353,2293,4353,64,4353,0,4353,1,4353,3,1789,0,1.0283264000026975
3,0,,2026-07-28T20:09:13.024074,107012,4278,2288,4278,73,4278,4,4278,2,4278,3,1801,0,1.0285032000101637
3,0,,2026-07-28T20:09:14.052375,107139,4431,2333,4431,69,4431,6,4431,3,4431,1,1844,2,1.0279060000029858
3,0,,2026-07-28T20:09:15.080598,107139,4578,2400,4578,75,4578,2,4578,1,4578,5,1804,0,1.0277625000016997
3,0,,2026-07-28T20:09:16.109720,107074,4360,2336,4360,70,4360,3,4360,2,4360,2,1745,1,1.028685299999779
3,0,,2026-07-28T20:09:17.138023,107456,4499,2409,4499,75,4499,4,4499,4,4499,2,1828,0,1.0278206999937538
3,0,,2026-07-28T20:09:18.167210,107135,4541,2426,4541,91,4541,4,4541,3,4541,1,1777,0,1.02887079998618
3,0,,2026-07-28T20:09:19.196082,107515,4401,2382,4401,79,4401,6,4401,4,4401,2,1750,1,1.0285115000006044
3,0,,2026-07-28T20:09:20.224172,107064,4343,2275,4343,83,4343,7,4343,3,4343,3,1723,0,1.0277729999943404
3,0,,2026-07-28T20:09:21.254504,107834,4447,2351,4447,88,4447,6,4447,1,4447,2,1855,4,1.0298949999996694
3,0,,2026-07-28T20:09:22.282155,107005,4383,2344,4383,98,4383,2,4383,1,4383,1,1811,0,1.0273664999986067
3,0,,2026-07-28T20:09:23.310528,107538,4463,2359,4463,75,4463,5,4463,5,4463,1,1748,1,1.028045099999872
3,0,,2026-07-28T20:09:24.339340,107398,4418,2381,4418,84,4418,2,4418,2,4418,2,1782,2,1.0283840999909444
3,0,,2026-07-28T20:09:25.367693,107355,4395,2348,4395,74,4395,4,4395,0,4395,1,1797,1,1.0279637000057846
3,0,,2026-07-28T20:09:26.395560,106966,4399,2305,4399,71,4399,5,4399,0,4399,2,1757,0,1.0274817000026815
3,0,,2026-07-28T20:09:27.425027,107007,4431,2368,4431,75,4431,4,4431,3,4431,1,1699,3,1.0291090000100667
3,0,,2026-07-28T20:09:28.453545,107271,4348,2272,4348,84,4348,4,4348,1,4348,1,1859,0,1.0281866000004811
3,0,,2026-07-28T20:09:29.481720,107352,4378,2317,4378,79,4378,2,4378,4,4378,1,1764,1,1.0277627000032226
3,0,,2026-07-28T20:09:30.511215,107135,4467,2306,4467,101,4467,8,4467,4,4467,2,1764,1,1.0291314999922179
3,0,,2026-07-28T20:09:31.540133,107706,4383,2279,4383,92,4384,3,4384,2,4384,2,1808,0,1.0285282999975607
3,0,,2026-07-28T20:09:32.568722,107171,4322,2276,4322,69,4321,1,4321,0,4321,1,1755,1,1.0282541000051424
3,0,,2026-07-28T20:09:33.598523,108068,4495,2366,4495,87,4495,1,4495,9,4495,0,1721,0,1.0293987000040943
3,0,,2026-07-28T20:09:34.627443,107450,4452,2362,4452,96,4452,3,4452,5,4452,2,1722,1,1.0285235000046669
3,0,,2026-07-28T20:09:35.656251,107457,4382,2352,4382,75,4382,5,4382,2,4382,2,1707,1,1.0283351999969454
3,0,,2026-07-28T20:09:36.685442,107258,4392,2290,4392,84,4392,6,4392,3,4392,3,1757,0,1.0288646999979392
3,0,,2026-07-28T20:09:37.713735,107644,4435,2344,4435,79,4435,2,4435,4,4435,2,1859,0,1.0278629999957047
3,0,,2026-07-28T20:09:38.741876,107471,4484,2382,4484,91,4484,4,4484,1,4484,0,1768,3,1.0278158000000985
3,0,,2026-07-28T20:09:39.770873,107404,4455,2404,4455,72,4455,6,4455,1,4455,0,1779,0,1.0286448999977438
3,0,,2026-07-28T20:09:40.800350,107695,4418,2356,4418,66,4418,6,4418,5,4418,1,1767,0,1.028989400001592
3,0,,2026-07-28T20:09:41.826763,107496,4520,2452,4520,85,4520,4,4520,1,4520,2,1793,1,1.0261237999948207
3,0,,2026-07-28T20:09:42.855795,107938,4397,2350,4397,63,4397,3,4397,1,4397,2,1726,0,1.0288386000029277
3,0,,2026-07-28T20:09:43.884490,107158,4501,2430,4501,85,4501,3,4501,2,4501,0,1715,0,1.0282709000020986
3,0,,2026-07-28T20:09:44.914075,107712,4516,2376,4516,86,4516,3,4516,3,4516,1,1783,0,1.0292332000099123
3,0,,2026-07-28T20:09:45.944222,107642,4305,2217,4305,64,4305,1,4305,0,4305,3,1734,2,1.029746799991699
3,0,,2026-07-28T20:09:46.973036,107562,4267,2321,4267,81,4267,1,4267,3,4267,3,1780,1,1.028492700002971
3,0,,2026-07-28T20:09:48.001546,107074,4439,2380,4439,82,4439,1,4439,5,4439,0,1785,1,1.0281229999964125
3,0,,2026-07-28T20:09:49.030543,107724,4405,2353,4405,68,4405,2,4405,3,4405,2,1806,1,1.028616499999771
3,0,,2026-07-28T20:09:50.060489,106674,4408,2339,4408,83,4408,2,4408,1,4408,1,1797,0,1.029540800009272
3,0,,2026-07-28T20:09:51.090542,107937,4359,2299,4359,70,4359,3,4359,2,4359,2,1838,1,1.029617899999721
3,0,,2026-07-28T20:09:52.119715,107102,4422,2339,4422,88,4422,2,4422,6,4422,1,1847,4,1.0288223999959882
3,0,,2026-07-28T20:09:53.149395,107109,4445,2274,4445,70,4445,7,4445,3,4445,1,1784,0,1.029345100003411
3,0,,2026-07-28T20:09:54.179073,107908,4385,2296,4385,82,4385,2,4385,1,4385,2,1836,1,1.0292063999950187
3,0,,2026-07-28T20:09:55.206500,106962,4458,2409,4458,73,4458,5,4458,6,4458,3,1816,1,1.0270904999924824
3,0,,2026-07-28T20:09:56.235100,106608,4514,2389,4514,74,4514,3,4514,5,4514,1,1776,2,1.0284071999922162
3,0,,2026-07-28T20:09:57.262083,107386,4424,2291,4424,74,4424,6,4424,4,4424,3,1744,0,1.0267120999924373
3,0,,2026-07-28T20:09:58.289618,106886,4503,2332,4503,76,4503,1,4503,2,4503,0,1759,0,1.0273424999904819
3,0,,2026-07-28T20:09:59.316666,106959,4363,2356,4363,78,4363,5,4363,1,4363,2,1817,2,1.0268117999949027
3,0,,2026-07-28T20:10:00.344174,107672,4523,2378,4523,78,4523,4,4523,0,4523,5,1786,0,1.0271192000072915
3,0,,2026-07-28T20:10:01.373108,107277,4470,2305,4470,79,4470,1,4470,3,4470,2,1766,1,1.0286408999963896
3,0,,2026-07-28T20:10:02.401133,107139,4533,2381,4533,89,4533,1,4533,1,4533,4,1773,1,1.0276889999950072
3,0,,2026-07-28T20:10:03.428679,106945,4376,2312,4376,92,4376,3,4376,1,4376,1,1772,2,1.0272321999946143
3,0,,2026-07-28T20:10:04.456989,107621,4438,2380,4438,74,4438,2,4438,0,4438,0,1829,1,1.0279522000055294
3,0,,2026-07-28T20:10:05.485506,107309,4439,2323,4439,79,4439,1,4439,1,4439,4,1786,0,1.0280932000023313
3,0,,2026-07-28T20:10:06.516140,107487,4359,2295,4359,78,4359,0,4359,4,4359,1,1734,1,1.0301221000117948
3,0,,2026-07-28T20:10:07.544358,106985,4476,2347,4476,69,4476,5,4476,3,4476,0,1788,1,1.027849599995534
3,0,,2026-07-28T20:10:08.572067,107467,4449,2409,4449,57,4449,3,4449,6,4449,1,1829,0,1.0275270999991335
3,0,,2026-07-28T20:10:09.601236,107486,4347,2252,4347,89,4347,0,4347,1,4347,6,1768,0,1.0288254999904893
3,0,,2026-07-28T20:10:10.630152,107669,4411,2412,4411,65,4411,1,4411,2,4411,0,1756,0,1.0285771999915596
3,0,,2026-07-28T20:10:11.658671,107761,4280,2220,4280,80,4280,3,4280,5,4280,0,1811,0,1.0281374000041978
3,0,,2026-07-28T20:10:12.687467,107341,4317,2345,4317,63,4317,1,4317,4,4317,3,1792,2,1.0284323999949265
3,0,,2026-07-28T20:10:13.716569,107658,4409,2298,4409,75,4409,4,4409,2,4409,0,1795,0,1.0288125999941258
3,0,,2026-07-28T20:10:14.744502,107925,4468,2379,4468,78,4468,4,4468,2,4468,1,1752,1,1.0276410999940708
3,0,,2026-07-28T20:10:15.773310,107414,4382,2305,4382,95,4382,3,4382,1,4382,0,1777,0,1.0285564999940107
3,0,,2026-07-28T20:10:16.802375,107630,4383,2351,4383,86,4383,4,4383,0,4383,3,1816,0,1.028714999993099
3,0,,2026-07-28T20:10:17.831984,107271,4404,2372,4404,78,4404,1,4404,1,4404,1,1787,0,1.0292806000070414
3,0,,2026-07-28T20:10:18.861101,107656,4423,2366,4423,81,4423,4,4423,1,4423,0,1822,2,1.0286619999969844
3,0,,2026-07-28T20:10:19.889634,107323,4449,2358,4449,80,4449,6,4449,4,4449,3,1817,0,1.0281745999964187
3,0,,2026-07-28T20:10:20.918261,106626,4448,2363,4448,78,4448,3,4448,1,4448,2,1832,0,1.028165599986096
3,0,,2026-07-28T20:10:21.947747,107011,4401,2356,4401,76,4401,1,4401,3,4401,2,1743,0,1.0290005999995628
3,0,,2026-07-28T20:10:22.977359,107436,4533,2422,4533,77,4533,3,4533,3,4533,2,1780,0,1.0292443999933312
3,0,,2026-07-28T20:10:24.006637,107006,4362,2318,4362,91,4362,2,4362,3,4362,4,1816,0,1.0289462999935495
3,0,,2026-07-28T20:10:25.035718,107383,4415,2299,4415,70,4415,4,4415,2,4415,0,1831,0,1.0287175999983447
3,0,,2026-07-28T20:10:26.064931,107432,4458,2366,4458,69,4458,3,4458,6,4458,4,1764,0,1.0288427000050433
3,0,,2026-07-28T20:10:27.094036,107591,4501,2351,4501,86,4501,3,4501,4,4501,2,1808,0,1.0287639000016497
3,0,,2026-07-28T20:10:28.122745,107379,4505,2347,4505,101,4505,4,4505,4,4505,0,1805,1,1.0284156000125222
3,0,,2026-07-28T20:10:29.151512,107294,4422,2324,4422,89,4422,0,4422,5,4422,2,1730,0,1.028413799998816
3,0,,2026-07-28T20:10:30.180031,107439,4514,2363,4514,67,4514,3,4514,0,4514,0,1821,1,1.0282046999927843
3,0,,2026-07-28T20:10:31.209050,107445,4516,2425,4516,91,4516,3,4516,2,4516,1,1757,1,1.0287014999921666
3,0,,2026-07-28T20:10:32.236790,106955,4344,2266,4344,82,4344,5,4344,3,4344,1,1757,0,1.0274539999954868
3,0,,2026-07-28T20:10:33.266730,107707,4549,2377,4549,80,4549,4,4549,1,4549,5,1781,1,1.029580900009023
3,0,,2026-07-28T20:10:34.296066,107427,4368,2384,4368,73,4368,2,4368,0,4368,1,1779,0,1.0288025999907404
3,0,,2026-07-28T20:10:35.325377,107084,4401,2292,4401,75,4401,5,4401,0,4401,1,1747,0,1.0288947000080952
3,0,,2026-07-28T20:10:36.354631,107761,4462,2334,4462,78,4462,0,4462,2,4462,4,1853,0,1.028924600002938
3,0,,2026-07-28T20:10:37.383333,107390,4361,2295,4361,88,4361,2,4361,2,4361,1,1818,2,1.02829919999931
3,0,,2026-07-28T20:10:38.411653,107752,4463,2380,4463,75,4463,1,4463,0,4463,1,1768,0,1.0280218999978388
3,0,,2026-07-28T20:10:39.441263,107602,4474,2363,4474,96,4474,3,4474,0,4474,2,1709,2,1.029310500001884
3,0,,2026-07-28T20:10:40.468978,107861,4369,2257,4369,76,4369,4,4369,0,4369,2,1815,0,1.027358200008166
3,0,,2026-07-28T20:10:41.498862,106734,4442,2359,4442,82,4442,5,4442,3,4442,1,1740,0,1.0295266000030097
3,0,,2026-07-28T20:10:42.526682,107258,4359,2272,4359,95,4359,2,4359,1,4359,3,1795,2,1.0273523999931058
3,0,,2026-07-28T20:10:43.556223,107422,4363,2297,4363,79,4363,5,4363,4,4363,1,1745,4,1.0292090000002645
3,0,,2026-07-28T20:10:44.583097,107633,4337,2313,4337,81,4337,4,4337,3,4337,1,1787,0,1.0265413000015542
3,0,,2026-07-28T20:10:45.613064,106770,4421,2298,4421,66,4421,3,4421,1,4421,1,1742,1,1.029794199988828
3,0,,2026-07-28T20:10:46.652509,107979,4473,2313,4473,78,4473,4,4473,3,4473,1,1867,0,1.0391020999959437
3,0,,2026-07-28T20:10:47.683659,108919,4457,2386,4457,63,4457,5,4457,3,4457,1,1818,0,1.0274410999991233
3,0,,2026-07-28T20:10:48.712793,107275,4514,2361,4514,69,4514,4,4514,2,4514,1,1757,0,1.0287704000074882
3,0,,2026-07-28T20:10:49.743129,107593,4495,2368,4495,81,4495,4,4495,1,4495,1,1761,1,1.0299993000080576
3,0,,2026-07-28T20:10:50.772006,107892,4407,2375,4407,61,4407,3,4407,1,4407,1,1782,0,1.0285186000110116
3,0,,2026-07-28T20:10:51.800446,108070,4420,2339,4420,74,4420,4,4420,3,4420,2,1783,0,1.0280947999999626
3,0,,2026-07-28T20:10:52.829948,107635,4423,2356,4424,89,4424,5,4424,4,4424,2,1835,1,1.0291295000060927
3,0,,2026-07-28T20:10:53.859896,107544,4373,2312,4372,75,4372,1,4372,4,4372,2,1838,1,1.0295904000086011
3,0,,2026-07-28T20:10:54.889392,107868,4405,2385,4405,75,4405,3,4405,1,4405,2,1745,0,1.029153600000427
3,0,,2026-07-28T20:10:55.918443,107402,4429,2280,4429,74,4429,5,4429,2,4429,2,1856,1,1.02867120000883
3,0,,2026-07-28T20:10:56.948024,107777,4453,2340,4453,81,4453,4,4453,2,4453,1,1825,1,1.0291927000071155
3,0,,2026-07-28T20:10:57.978056,107346,4345,2284,4345,96,4345,2,4345,5,4345,0,1833,0,1.0297074999980396
3,0,,2026-07-28T20:10:59.004941,107165,4387,2300,4387,62,4387,0,4387,1,4387,2,1821,0,1.0265457000059541
3,0,,2026-07-28T20:11:00.032250,107425,4330,2269,4330,73,4330,7,4330,3,4330,3,1837,1,1.0270716000086395
3,0,,2026-07-28T20:11:01.061122,106792,4536,2311,4536,70,4536,3,4536,2,4536,2,1818,2,1.0285584999946877
3,0,,2026-07-28T20:11:02.091445,107462,4384,2279,4384,82,4384,4,4384,3,4384,1,1775,0,1.0298615999927279
3,0,,2026-07-28T20:11:03.120061,107317,4536,2447,4536,61,4536,3,4536,3,4536,3,1745,0,1.0283087999996496
3,0,,2026-07-28T20:11:04.148614,108281,4388,2327,4388,77,4388,2,4388,1,4388,1,1747,3,1.0282817999977851
3,0,,2026-07-28T20:11:05.178231,107011,4321,2270,4321,71,4321,3,4321,3,4321,2,1791,0,1.0292724000028102
3,0,,2026-07-28T20:11:06.208813,107601,4372,2354,4372,78,4372,3,4372,2,4372,5,1776,0,1.0302137000107905
3,0,,2026-07-28T20:11:07.238488,107154,4454,2347,4454,87,4454,2,4454,3,4454,3,1833,0,1.0292161000106717
3,0,,2026-07-28T20:11:08.267102,107317,4439,2313,4439,75,4439,2,4439,2,4439,1,1798,0,1.0282330000045476
3,0,,2026-07-28T20:11:09.296175,107443,4461,2417,4461,81,4461,5,4461,2,4461,3,1782,0,1.028823899992858
3,0,,2026-07-28T20:11:10.325729,107412,4440,2332,4440,64,4440,3,4440,1,4440,5,1763,0,1.029166799999075
3,0,,2026-07-28T20:11:11.354944,107647,4407,2327,4407,73,4407,7,4407,3,4407,3,1798,1,1.028755999999703
3,0,,2026-07-28T20:11:12.383463,106853,4442,2382,4442,78,4442,1,4442,0,4442,2,1724,0,1.0281435999932
3,0,,2026-07-28T20:11:13.412226,107734,4375,2372,4375,77,4375,8,4375,4,4375,2,1807,1,1.0284459000104107
3,0,,2026-07-28T20:11:14.442089,107260,4329,2311,4329,82,4329,6,4329,0,4329,2,1816,2,1.0295076000038534
3,0,,2026-07-28T20:11:15.471152,107317,4378,2326,4378,81,4378,5,4378,2,4378,2,1758,0,1.0286554000049364
3,0,,2026-07-28T20:11:16.500435,107572,4412,2319,4412,66,4412,4,4412,4,4412,2,1813,0,1.0289692999940598
3,0,,2026-07-28T20:11:17.528768,107037,4422,2268,4422,84,4422,0,4422,2,4422,0,1760,1,1.0279582000075607
3,0,,2026-07-28T20:11:18.558065,107588,4352,2303,4352,92,4352,3,4352,5,4352,1,1755,1,1.0289695000101347
3,0,,2026-07-28T20:11:19.584894,107564,4574,2431,4574,81,4574,3,4574,1,4574,2,1785,0,1.0265083000122104
3,0,,2026-07-28T20:11:20.613460,106854,4386,2378,4386,80,4386,6,4386,4,4386,0,1816,1,1.028394400011166
3,0,,2026-07-28T20:11:21.641748,107648,4411,2315,4411,73,4411,2,4411,2,4411,1,1796,2,1.0279269000020577
3,0,,2026-07-28T20:11:22.670613,107443,4427,2283,4427,100,4427,8,4427,3,4427,3,1793,1,1.0284122000011848
3,0,,2026-07-28T20:11:23.698708,106920,4484,2390,4484,73,4484,1,4484,3,4484,1,1747,1,1.0277642000000924
3,0,,2026-07-28T20:11:24.726800,107238,4508,2372,4508,80,4508,2,4508,2,4508,3,1724,0,1.0277158999961102
3,0,,2026-07-28T20:11:25.755479,107850,4404,2340,4404,75,4404,6,4404,2,4404,2,1695,1,1.0283558999944944
3,0,,2026-07-28T20:11:26.783763,106856,4405,2355,4405,79,4405,1,4405,2,4405,1,1806,0,1.0279201999946963
3,0,,2026-07-28T20:11:27.813391,107576,4329,2305,4329,72,4329,3,4329,4,4329,0,1784,2,1.0292117999924812
3,0,,2026-07-28T20:11:28.842557,107505,4496,2380,4496,77,4496,1,4496,2,4496,1,1790,0,1.028837800011388
3,0,,2026-07-28T20:11:29.871946,107598,4411,2350,4411,90,4411,1,4411,3,4411,2,1783,0,1.0290146000043023
3,0,,2026-07-28T20:11:30.899340,107616,4247,2300,4247,76,4247,1,4247,4,4247,1,1894,1,1.0270604999968782
3,0,,2026-07-28T20:11:31.928842,106938,4465,2418,4465,70,4465,3,4465,4,4465,1,1764,0,1.029231799999252
3,0,,2026-07-28T20:11:32.957586,107757,4481,2338,4481,88,4481,1,4481,2,4481,6,1834,0,1.0283065000112401
3,0,,2026-07-28T20:11:33.985323,107091,4324,2273,4324,97,4324,0,4324,0,4324,1,1731,1,1.02742450000369
3,0,,2026-07-28T20:11:35.014225,107456,4399,2287,4399,99,4399,4,4399,3,4399,1,1753,2,1.028519100000267
3,0,,2026-07-28T20:11:36.043476,107569,4585,2439,4585,80,4585,4,4585,3,4585,2,1748,1,1.0289034000015818
3,0,,2026-07-28T20:11:37.072569,107508,4448,2331,4448,83,4448,1,4448,2,4448,2,1787,0,1.0287269000109518
3,0,,2026-07-28T20:11:38.100349,107390,4415,2368,4415,78,4415,1,4415,1,4415,0,1727,0,1.027386600006139
3,0,,2026-07-28T20:11:39.129186,106827,4546,2348,4546,96,4546,2,4546,2,4546,2,1765,1,1.0286711999942781
3,0,,2026-07-28T20:11:40.157969,107099,4338,2295,4338,76,4338,2,4338,3,4338,0,1726,1,1.0284363000100711
3,0,,2026-07-28T20:11:41.188043,107609,4390,2314,4390,59,4390,4,4390,1,4390,2,1736,1,1.0297303999977885
3,0,,2026-07-28T20:11:42.216487,108225,4408,2319,4408,74,4408,2,4408,3,4408,1,1844,1,1.0281652999983635
3,0,,2026-07-28T20:11:43.244278,106988,4447,2387,4447,91,4447,4,4447,1,4447,2,1793,1,1.0274628999904962
3,0,,2026-07-28T20:11:44.273283,107023,4478,2370,4478,73,4478,0,4478,1,4478,1,1741,0,1.028805399997509
3,0,,2026-07-28T20:11:45.300924,107232,4367,2338,4367,72,4367,4,4367,9,4367,1,1800,2,1.0273185999976704
3,0,,2026-07-28T20:11:46.330674,107232,4470,2358,4470,99,4470,3,4470,4,4470,0,1751,1,1.0294152999995276
3,0,,2026-07-28T20:11:47.359363,107562,4535,2449,4535,94,4535,3,4535,3,4535,1,1851,2,1.0283392000128515
3,0,,2026-07-28T20:11:48.388299,107079,4444,2356,4444,72,4444,2,4444,3,4444,0,1728,0,1.0285392999940086
3,0,,2026-07-28T20:11:49.417732,108042,4484,2348,4484,85,4484,10,4484,5,4484,3,1809,1,1.02909009999712
3,0,,2026-07-28T20:11:50.446750,107838,4396,2269,4396,85,4396,7,4396,2,4396,1,1814,1,1.0286515999905532
3,0,,2026-07-28T20:11:51.475798,107997,4507,2397,4507,98,4507,4,4507,2,4507,1,1760,0,1.028584799991222
3,0,,2026-07-28T20:11:52.505331,107185,4439,2301,4439,86,4439,1,4439,1,4439,2,1820,3,1.0291693000035593
3,0,,2026-07-28T20:11:53.533979,107213,4347,2374,4347,69,4347,6,4347,0,4347,4,1752,1,1.0282204000104684
3,0,,2026-07-28T20:11:54.562651,107493,4404,2312,4404,94,4404,1,4404,4,4404,2,1805,0,1.028355400005239
3,0,,2026-07-28T20:11:55.590763,107925,4448,2382,4448,73,4448,8,4448,6,4448,0,1789,1,1.0277194999944186
3,0,,2026-07-28T20:11:56.618999,107548,4456,2317,4456,70,4456,3,4456,2,4456,0,1844,1,1.02790780000214
3,0,,2026-07-28T20:11:57.647977,107386,4610,2462,4610,76,4610,4,4610,5,4610,1,1817,1,1.028719199995976
3,0,,2026-07-28T20:11:58.676824,107272,4480,2352,4480,91,4480,3,4480,0,4480,1,1789,0,1.028505900001619
3,0,,2026-07-28T20:11:59.706150,107750,4258,2249,4258,66,4258,6,4258,1,4258,1,1793,1,1.0290173000103096
3,0,,2026-07-28T20:12:00.734835,107505,4376,2403,4376,76,4376,2,4376,1,4376,1,1803,1,1.0283386000082828
3,0,,2026-07-28T20:12:01.763114,107376,4309,2308,4309,65,4309,1,4309,2,4309,2,1790,2,1.027982300001895
3,0,,2026-07-28T20:12:02.792873,106848,4385,2341,4385,90,4385,6,4385,1,4385,3,1744,1,1.0292839000030654
3,0,,2026-07-28T20:12:03.822110,107422,4471,2385,4471,80,4471,2,4471,3,4471,3,1771,0,1.0288685999985319
3,0,,2026-07-28T20:12:04.851456,107638,4395,2315,4395,80,4395,3,4395,5,4395,3,1782,0,1.0290016999933869
3,0,,2026-07-28T20:12:05.880142,107786,4433,2302,4433,69,4433,3,4433,1,4433,1,1793,1,1.0283361000037985
3,0,,2026-07-28T20:12:06.907975,107152,4405,2392,4405,84,4405,0,4405,1,4405,2,1816,0,1.0274077000067336
3,0,,2026-07-28T20:12:07.937060,107397,4505,2381,4505,77,4505,5,4505,2,4505,4,1775,0,1.0286905999964802
3,0,,2026-07-28T20:12:08.965130,107556,4387,2398,4387,69,4387,3,4387,1,4387,1,1790,1,1.0276763000001665
3,0,,2026-07-28T20:12:09.994918,107756,4576,2420,4576,65,4576,2,4576,1,4576,3,1817,0,1.0295694999949774
3,0,,2026-07-28T20:12:11.023301,107433,4351,2355,4351,75,4351,4,4351,5,4351,0,1660,0,1.0280081999953836
3,0,,2026-07-28T20:12:12.052959,106751,4498,2343,4498,92,4498,4,4498,0,4498,2,1712,0,1.0293033000052674
3,0,,2026-07-28T20:12:13.082251,106969,4275,2272,4275,88,4275,4,4275,1,4275,1,1779,1,1.0288188999984413
3,0,,2026-07-28T20:12:14.111803,107758,4446,2371,4446,72,4446,4,4446,1,4446,1,1743,0,1.029235800000606
3,0,,2026-07-28T20:12:15.138739,107627,4416,2322,4416,66,4416,3,4416,2,4416,1,1688,0,1.0266365000134101
3,0,,2026-07-28T20:12:16.169361,106896,4328,2226,4328,86,4328,3,4328,0,4328,4,1777,1,1.030221499997424
3,0,,2026-07-28T20:12:17.198263,107116,4533,2441,4533,63,4533,4,4533,2,4533,2,1756,0,1.0284144999895943
3,0,,2026-07-28T20:12:18.228037,107429,4455,2365,4455,63,4455,2,4455,1,4455,1,1685,1,1.0294265000120504
3,0,,2026-07-28T20:12:19.256281,106932,4365,2281,4365,87,4365,4,4365,3,4365,5,1731,0,1.0279213999892818
3,0,,2026-07-28T20:12:20.286130,107359,4497,2418,4497,81,4497,1,4497,1,4497,1,1793,1,1.0294973999989452
3,0,,2026-07-28T20:12:21.315785,107563,4419,2327,4419,88,4419,5,4419,6,4419,0,1788,0,1.0292460000055144
3,0,,2026-07-28T20:12:22.345304,107863,4437,2379,4437,73,4437,2,4437,0,4437,0,1757,0,1.029213300003903
3,0,,2026-07-28T20:12:23.373007,107610,4423,2356,4423,85,4423,5,4423,3,4423,3,1871,0,1.0274477999919327
3,0,,2026-07-28T20:12:24.401409,106947,4281,2274,4281,78,4281,2,4281,0,4281,1,1779,0,1.0281583999894792
3,0,,2026-07-28T20:12:25.429956,107212,4533,2375,4533,66,4533,4,4533,4,4533,1,1783,2,1.0280673999950523
3,0,,2026-07-28T20:12:26.458077,107895,4481,2321,4481,82,4481,6,4481,4,4481,5,1867,1,1.027760800003307
3,0,,2026-07-28T20:12:27.488377,107514,4349,2266,4349,68,4349,3,4349,4,4349,1,1773,0,1.0299050999892643
3,0,,2026-07-28T20:12:28.516047,106901,4572,2403,4572,65,4572,4,4572,2,4572,3,1747,1,1.0273123999941163
3,0,,2026-07-28T20:12:29.543251,107061,4412,2303,4412,77,4412,6,4412,2,4412,0,1786,0,1.0269449000043096
3,0,,2026-07-28T20:12:30.569688,107586,4377,2274,4377,75,4377,4,4377,2,4377,2,1738,1,1.0261659000098007
3,0,,2026-07-28T20:12:31.597535,106782,4414,2326,4414,81,4414,1,4414,1,4414,1,1825,1,1.0274810999981128
3,0,,2026-07-28T20:12:32.625705,106983,4482,2348,4482,77,4482,2,4482,7,4482,5,1881,0,1.0278533999953652
3,0,,2026-07-28T20:12:33.654261,107144,4397,2301,4397,70,4397,8,4397,2,4397,1,1782,0,1.028144700001576
3,0,,2026-07-28T20:12:34.684408,107339,4547,2404,4547,77,4547,2,4547,2,4547,1,1816,0,1.0297430000064196
3,0,,2026-07-28T20:12:35.712031,107544,4365,2322,4365,75,4365,4,4365,1,4365,0,1753,0,1.027221999989706
3,0,,2026-07-28T20:12:36.739787,107578,4472,2409,4472,57,4472,0,4472,2,4472,3,1740,0,1.02747719999752
3,0,,2026-07-28T20:12:37.767031,107507,4346,2275,4346,71,4346,5,4346,2,4346,3,1737,1,1.0269911000068532
3,0,,2026-07-28T20:12:38.795122,106766,4393,2343,4393,83,4393,1,4393,0,4393,5,1746,2,1.0279038000007858
3,0,,2026-07-28T20:12:39.826553,107038,4433,2311,4433,94,4433,3,4433,1,4433,2,1774,0,1.03110170000582
3,0,,2026-07-28T20:12:40.855900,107464,4463,2329,4463,77,4463,4,4463,2,4463,1,1749,1,1.0289620999974431
3,0,,2026-07-28T20:12:41.885682,107701,4442,2315,4442,84,4442,5,4442,3,4442,2,1803,0,1.0293763999943621
3,0,,2026-07-28T20:12:42.914055,106890,4367,2303,4367,78,4367,4,4367,2,4367,5,1781,0,1.028051500004949
3,0,,2026-07-28T20:12:43.942873,107574,4300,2256,4300,76,4300,2,4300,3,4300,5,1761,2,1.028455399995437
3,0,,2026-07-28T20:12:44.971510,107530,4473,2375,4473,84,4473,6,4473,0,4473,2,1813,0,1.0283032000006642
3,0,,2026-07-28T20:12:46.000215,107485,4396,2347,4396,77,4396,2,4396,1,4396,3,1816,1,1.028364199999487
3,0,,2026-07-28T20:12:47.029374,107083,4270,2222,4270,88,4270,7,4270,3,4270,1,1786,0,1.0288070000096923
3,0,,2026-07-28T20:12:48.057308,107220,4522,2422,4522,88,4522,2,4522,5,4522,0,1798,0,1.0275600000022678
3,0,,2026-07-28T20:12:49.086553,107216,4510,2415,4510,87,4510,5,4510,6,4510,3,1745,2,1.0289658999972744
3,0,,2026-07-28T20:12:50.115098,106865,4431,2314,4431,81,4431,5,4431,1,4431,2,1809,2,1.0282314000069164
3,0,,2026-07-28T20:12:51.144982,107158,4466,2360,4466,71,4466,1,4466,0,4466,2,1738,1,1.0295654999936232
3,0,,2026-07-28T20:12:52.174926,107090,4459,2393,4459,77,4459,2,4459,1,4459,3,1766,1,1.0294855000101961
3,0,,2026-07-28T20:12:53.205041,107491,4528,2366,4528,80,4528,3,4528,0,4528,1,1741,0,1.0297401000134414
3,0,,2026-07-28T20:12:54.234075,107137,4438,2353,4438,87,4438,9,4438,3,4438,1,1818,2,1.028658600000199
3,0,,2026-07-28T20:12:55.262988,107306,4513,2380,4513,72,4513,2,4513,3,4513,2,1775,1,1.0286121999961324
3,0,,2026-07-28T20:12:56.292855,107014,4400,2301,4400,67,4400,4,4400,3,4400,1,1811,1,1.0294151999987662
3,0,,2026-07-28T20:12:57.321680,107982,4333,2273,4333,64,4333,4,4333,0,4333,1,1775,1,1.0284872999909567
3,0,,2026-07-28T20:12:58.348861,107642,4493,2380,4493,65,4493,2,4493,1,4493,1,1843,0,1.026870500005316
3,0,,2026-07-28T20:12:59.376745,107425,4394,2372,4394,75,4394,3,4394,3,4394,1,1763,3,1.027698899997631
3,0,,2026-07-28T20:13:00.406430,107705,4453,2364,4453,86,4453,5,4453,4,4453,3,1741,1,1.0293206000060309
3,0,,2026-07-28T20:13:01.434887,107534,4430,2308,4430,72,4430,2,4430,3,4430,2,1748,0,1.0280828999966616
3,0,,2026-07-28T20:13:02.462972,106905,4532,2372,4532,91,4532,4,4532,1,4532,0,1706,1,1.0277983999985736
3,0,,2026-07-28T20:13:03.489808,107442,4456,2304,4456,91,4456,2,4456,1,4456,1,1704,0,1.0265321000042604
3,0,,2026-07-28T20:13:04.519729,107067,4412,2306,4412,83,4412,5,4412,5,4412,1,1698,0,1.0296819999930449
3,0,,2026-07-28T20:13:05.547365,107878,4509,2339,4509,72,4509,5,4509,1,4509,4,1796,1,1.027267600002233
3,0,,2026-07-28T20:13:06.577048,107107,4467,2413,4467,99,4467,3,4467,4,4467,1,1790,0,1.0294044999900507
3,0,,2026-07-28T20:13:07.605424,106801,4455,2381,4455,74,4455,1,4455,5,4455,2,1784,1,1.028077700000722
3,0,,2026-07-28T20:13:08.633175,107630,4436,2272,4436,86,4436,5,4436,0,4436,0,1793,0,1.0274309999949764
3,0,,2026-07-28T20:13:09.661328,107321,4452,2341,4452,75,4452,4,4452,1,4452,2,1730,0,1.027916599996388
3,0,,2026-07-28T20:13:10.690261,107328,4283,2368,4283,80,4283,1,4283,6,4283,3,1795,1,1.0286122999968939
3,0,,2026-07-28T20:13:11.718681,106916,4495,2426,4495,87,4495,5,4495,6,4495,3,1777,2,1.028034300004947
3,0,,2026-07-28T20:13:12.748464,107152,4412,2320,4412,100,4412,2,4412,4,4412,2,1798,0,1.0293861999962246
3,0,,2026-07-28T20:13:13.776448,107121,4376,2355,4376,81,4376,1,4376,1,4376,0,1781,0,1.0276095000008354
3,0,,2026-07-28T20:13:14.805517,107797,4533,2393,4533,87,4533,5,4533,4,4533,3,1849,0,1.0286477000045124
3,0,,2026-07-28T20:13:15.832272,107542,4479,2388,4479,86,4479,6,4479,1,4479,1,1796,1,1.0264205999992555
3,0,,2026-07-28T20:13:16.861819,107175,4518,2381,4518,83,4518,2,4518,1,4518,1,1833,3,1.02924129999883
3,0,,2026-07-28T20:13:17.892635,107219,4452,2394,4452,66,4452,2,4452,1,4452,2,1812,3,1.0303918999998132
3,0,,2026-07-28T20:13:18.920253,107507,4504,2412,4504,72,4504,3,4504,0,4504,3,1859,0,1.027215399997658
3,0,,2026-07-28T20:13:19.947780,107078,4319,2248,4319,61,4319,2,4319,2,4319,3,1763,0,1.0272936999972444
3,0,,2026-07-28T20:13:20.975166,107091,4372,2305,4372,75,4372,2,4372,1,4372,4,1818,1,1.027207000006456
3,0,,2026-07-28T20:13:22.002790,107179,4378,2335,4378,76,4378,5,4378,2,4378,3,1798,1,1.0272972999955527
3,0,,2026-07-28T20:13:23.031285,107240,4468,2380,4468,66,4468,4,4468,0,4468,1,1746,0,1.0281926000025123
3,0,,2026-07-28T20:13:24.060542,107012,4428,2347,4428,90,4428,2,4428,2,4428,3,1759,0,1.0289145999995526
3,0,,2026-07-28T20:13:25.088306,107142,4258,2258,4258,76,4258,5,4258,1,4258,2,1793,0,1.0274413000006462
3,0,,2026-07-28T20:13:26.117285,107150,4362,2330,4362,70,4362,3,4362,5,4362,5,1786,0,1.028602199992747
3,0,,2026-07-28T20:13:27.146051,107261,4461,2400,4461,86,4461,2,4461,5,4461,4,1728,1,1.0284182999894256
3,0,,2026-07-28T20:13:28.174849,106637,4452,2351,4452,76,4452,8,4452,2,4452,0,1785,0,1.0284628000081284
3,0,,2026-07-28T20:13:29.204111,107283,4391,2294,4391,74,4391,4,4391,0,4391,2,1799,1,1.0288960000034422
3,0,,2026-07-28T20:13:30.232519,107482,4303,2285,4303,81,4303,4,4303,2,4303,2,1745,1,1.0279840000002878
3,0,,2026-07-28T20:13:31.262802,107038,4431,2296,4431,81,4431,3,4431,2,4431,1,1773,0,1.0298839999886695
3,0,,2026-07-28T20:13:32.292621,107664,4396,2339,4396,93,4396,6,4396,3,4396,3,1749,2,1.0293294000002788
3,0,,2026-07-28T20:13:33.319628,107468,4369,2325,4369,82,4369,3,4369,1,4369,1,1849,2,1.0266697000042768
3,0,,2026-07-28T20:13:34.348261,107182,4504,2400,4504,72,4504,5,4504,2,4504,1,1741,0,1.0282962000055704
3,0,,2026-07-28T20:13:35.375274,107303,4368,2285,4368,72,4368,4,4368,1,4368,1,1800,1,1.026682299998356
3,0,,2026-07-28T20:13:36.403153,107069,4448,2412,4448,91,4448,4,4448,1,4448,2,1823,0,1.0276225999987219
3,0,,2026-07-28T20:13:37.433402,107427,4426,2345,4426,77,4426,1,4426,2,4426,2,1774,0,1.0300073999969754
3,0,,2026-07-28T20:13:38.463038,107809,4385,2361,4385,76,4385,2,4385,5,4385,1,1712,0,1.0292642999993404
3,0,,2026-07-28T20:13:39.491197,107443,4437,2367,4437,83,4437,3,4437,1,4437,2,1762,0,1.0277021000074456
3,0,,2026-07-28T20:13:40.520159,107142,4362,2275,4362,71,4362,5,4362,1,4362,1,1878,0,1.0286376000003656
3,0,,2026-07-28T20:13:41.547670,107150,4406,2283,4406,69,4406,4,4406,2,4406,2,1740,2,1.0271823999937624
3,0,,2026-07-28T20:13:42.576925,107563,4288,2293,4288,68,4288,4,4288,3,4288,3,1813,1,1.0289560000092024
3,0,,2026-07-28T20:13:43.605767,107628,4412,2383,4412,78,4412,1,4412,4,4412,2,1764,0,1.0284131999942474
3,0,,2026-07-28T20:13:44.633708,107726,4431,2354,4431,82,4431,2,4431,3,4431,2,1808,1,1.0275136999989627
3,0,,2026-07-28T20:13:45.663374,107615,4409,2385,4409,74,4409,3,4409,2,4409,2,1821,2,1.0293729000113672
3,0,,2026-07-28T20:13:46.692720,107168,4409,2353,4409,83,4409,4,4409,3,4409,0,1830,0,1.0289169999887235
3,0,,2026-07-28T20:13:47.720339,106683,4367,2358,4367,76,4367,4,4367,3,4367,0,1864,0,1.0272535999974934
3,0,,2026-07-28T20:13:48.748834,107015,4500,2362,4500,77,4500,1,4500,1,4500,1,1742,3,1.0281398999941302
3,0,,2026-07-28T20:13:49.778093,107041,4480,2344,4480,77,4480,3,4480,5,4480,2,1795,0,1.0288441000011517
3,0,,2026-07-28T20:13:50.807107,107306,4449,2333,4449,72,4449,6,4449,2,4449,2,1784,0,1.0286024999950314
3,0,,2026-07-28T20:13:51.836377,107441,4495,2437,4495,77,4495,3,4495,3,4495,5,1816,2,1.0288660999940475
3,0,,2026-07-28T20:13:52.865521,107734,4402,2338,4402,71,4402,3,4402,1,4402,2,1823,2,1.0288182999938726
3,0,,2026-07-28T20:13:53.893905,107411,4532,2430,4532,85,4532,1,4532,3,4532,1,1803,1,1.0279881000024034
3,0,,2026-07-28T20:13:54.921686,107742,4476,2306,4476,93,4476,4,4476,1,4476,1,1800,2,1.0275201000040397
3,0,,2026-07-28T20:13:55.949790,107127,4452,2318,4452,83,4452,1,4452,1,4452,2,1729,0,1.0277460000070278
3,0,,2026-07-28T20:13:56.977527,106970,4488,2396,4488,91,4488,0,4488,2,4488,6,1759,1,1.0274622999859275
3,0,,2026-07-28T20:13:58.006414,107932,4391,2326,4391,72,4391,6,4391,2,4391,0,1751,1,1.0285564000078011
3,0,,2026-07-28T20:13:59.034544,107159,4433,2373,4433,87,4433,4,4433,4,4433,3,1734,2,1.0277958000078797
3,0,,2026-07-28T20:14:00.062836,107745,4411,2346,4411,63,4411,4,4411,4,4411,2,1713,3,1.0279492999979993
3,0,,2026-07-28T20:14:01.091422,107033,4417,2289,4417,71,4417,3,4417,0,4417,3,1753,2,1.028211900003953
3,0,,2026-07-28T20:14:02.120022,106843,4498,2384,4498,73,4498,6,4498,5,4498,0,1789,0,1.028310000008787
3,0,,2026-07-28T20:14:03.147004,107101,4421,2353,4421,76,4421,3,4421,5,4421,0,1854,2,1.0266921000002185
3,0,,2026-07-28T20:14:04.176849,106746,4373,2301,4373,89,4373,2,4373,7,4373,2,1720,0,1.0294936999998754
3,0,,2026-07-28T20:14:05.205577,107415,4463,2313,4463,86,4463,1,4463,3,4463,1,1767,3,1.0283660999994026
3,0,,2026-07-28T20:14:06.233515,107613,4488,2406,4488,62,4488,4,4488,2,4488,2,1781,0,1.0275666999950772
3,0,,2026-07-28T20:14:07.260811,107742,4401,2314,4401,72,4401,3,4401,3,4401,2,1777,1,1.0270250999892596
3,0,,2026-07-28T20:14:08.287758,106872,4353,2289,4353,76,4353,4,4353,4,4353,2,1780,2,1.0267159000068204
3,0,,2026-07-28T20:14:09.316302,107255,4447,2349,4447,61,4447,5,4447,3,4447,3,1773,0,1.0283556999929715
3,0,,2026-07-28T20:14:10.344904,106862,4385,2344,4385,86,4385,2,4385,1,4385,0,1746,1,1.0282066000072518
3,0,,2026-07-28T20:14:11.373590,107471,4384,2370,4384,67,4384,2,4384,5,4384,0,1715,1,1.0282824000023538
3,0,,2026-07-28T20:14:12.402981,107107,4500,2432,4500,74,4500,6,4500,3,4500,2,1783,0,1.0290243000054033
3,0,,2026-07-28T20:14:13.432974,107383,4459,2307,4459,82,4459,3,4459,5,4459,2,1831,0,1.0296129000053043
3,0,,2026-07-28T20:14:14.461496,106596,4321,2284,4321,90,4321,1,4321,3,4321,4,1816,0,1.0281969000061508
3,0,,2026-07-28T20:14:15.489485,107547,4368,2326,4368,76,4368,3,4368,1,4368,1,1758,0,1.0276728000026196
3,0,,2026-07-28T20:14:16.516985,107096,4373,2386,4373,79,4373,3,4373,1,4373,2,1770,1,1.02729339999496
3,0,,2026-07-28T20:14:17.544534,106724,4258,2283,4258,77,4258,1,4258,3,4258,0,1722,1,1.0273445000057109
3,0,,2026-07-28T20:14:18.570958,107515,4405,2326,4405,75,4405,2,4405,2,4405,1,1776,0,1.0261786000046413
3,0,,2026-07-28T20:14:19.598506,107084,4477,2426,4477,67,4477,3,4477,3,4477,1,1725,0,1.0273758999974234
3,0,,2026-07-28T20:14:20.627262,107001,4288,2291,4288,85,4288,4,4288,3,4288,2,1705,0,1.028491999997641
3,0,,2026-07-28T20:14:21.656176,107365,4411,2353,4411,84,4411,8,4411,3,4411,0,1773,0,1.0286152999906335
3,0,,2026-07-28T20:14:22.685267,107684,4304,2272,4304,90,4304,2,4304,0,4304,2,1680,4,1.0286825999937719
3,0,,2026-07-28T20:14:23.713692,106574,4454,2361,4454,85,4454,3,4454,1,4454,1,1809,1,1.02808649999497
3,0,,2026-07-28T20:14:24.741564,106931,4410,2402,4410,81,4410,2,4410,4,4410,1,1785,0,1.0276243000116665
3,0,,2026-07-28T20:14:25.770607,107058,4495,2381,4495,79,4495,2,4495,4,4495,2,1740,0,1.0286779000016395
3,0,,2026-07-28T20:14:26.799352,107023,4480,2383,4480,73,4480,4,4480,1,4480,3,1748,2,1.0283695999969495
3,0,,2026-07-28T20:14:27.827251,107650,4450,2377,4450,63,4450,2,4450,4,4450,4,1819,1,1.0276501999906031
3,0,,2026-07-28T20:14:28.854313,106859,4380,2341,4380,66,4380,7,4380,5,4380,1,1843,1,1.0267270000040298
3,0,,2026-07-28T20:14:29.882360,106949,4415,2355,4415,85,4415,3,4415,1,4415,2,1676,1,1.027843899995787
3,0,,2026-07-28T20:14:30.911101,107190,4400,2338,4400,82,4400,5,4400,5,4400,5,1764,4,1.0284852999902796
3,0,,2026-07-28T20:14:31.939890,107110,4362,2243,4362,90,4362,3,4362,1,4362,1,1756,2,1.0284841999964556
3,0,,2026-07-28T20:14:32.969474,107267,4294,2275,4294,81,4294,5,4294,0,4294,2,1788,0,1.0291747000010218
3,0,,2026-07-28T20:14:33.997777,106959,4399,2345,4399,90,4399,5,4399,0,4399,6,1815,1,1.0278346000122838
3,0,,2026-07-28T20:14:35.027954,106829,4438,2319,4438,82,4438,3,4438,4,4438,4,1861,2,1.0298362000030465
3,0,,2026-07-28T20:14:36.056654,107744,4389,2348,4389,73,4389,4,4389,0,4389,1,1823,2,1.0284570999938296
3,0,,2026-07-28T20:14:37.083880,107161,4456,2334,4456,73,4456,3,4456,2,4456,3,1794,1,1.0269868000032147
3,0,,2026-07-28T20:14:38.113821,107203,4323,2278,4323,75,4323,4,4323,1,4323,4,1809,0,1.029713099997025
3,0,,2026-07-28T20:14:39.141555,107216,4475,2390,4475,87,4475,5,4475,2,4475,2,1845,2,1.0274161999986973
3,0,,2026-07-28T20:14:40.168654,106745,4391,2357,4391,68,4391,7,4391,2,4391,1,1807,0,1.0268183999869507
3,0,,2026-07-28T20:14:41.198610,107834,4396,2326,4396,83,4396,6,4396,4,4396,0,1776,1,1.0296378999919398
3,0,,2026-07-28T20:14:42.227110,107628,4459,2340,4459,70,4459,5,4459,2,4459,2,1819,1,1.028113200009102
3,0,,2026-07-28T20:14:43.255376,107190,4331,2276,4331,73,4331,3,4331,0,4331,4,1727,0,1.0278394999913871
3,0,,2026-07-28T20:14:44.283836,106802,4497,2395,4497,75,4497,2,4497,1,4497,0,1817,0,1.0280726000055438
3,0,,2026-07-28T20:14:45.312092,106949,4406,2336,4406,62,4406,3,4406,1,4406,2,1841,2,1.0279109999974025
3,0,,2026-07-28T20:14:46.341057,106561,4386,2353,4386,86,4386,4,4386,2,4386,2,1740,1,1.028647800005274
3,0,,2026-07-28T20:14:47.369644,107537,4441,2347,4441,83,4441,4,4441,2,4441,2,1816,1,1.0282210000004852
3,0,,2026-07-28T20:14:48.398104,107404,4524,2423,4524,89,4524,1,4524,1,4524,2,1781,0,1.0281185999920126
3,0,,2026-07-28T20:14:49.427861,107323,4410,2315,4410,60,4410,1,4410,2,4410,1,1802,1,1.0294300999958068
3,0,,2026-07-28T20:14:50.457199,107429,4394,2311,4394,90,4394,6,4394,5,4394,2,1836,1,1.0289990000019316
3,0,,2026-07-28T20:14:51.485889,107126,4452,2344,4452,78,4452,1,4452,3,4452,4,1724,2,1.02827029999753
3,0,,2026-07-28T20:14:52.514247,107349,4453,2379,4453,83,4453,3,4453,4,4453,2,1806,0,1.0279822000011336
3,0,,2026-07-28T20:14:53.544109,106886,4488,2417,4488,66,4488,3,4488,0,4488,2,1767,0,1.0295141999959014
3,0,,2026-07-28T20:14:54.572421,107181,4360,2278,4360,76,4360,3,4360,5,4360,3,1770,3,1.02796419999504
3,0,,2026-07-28T20:14:55.602004,107554,4474,2327,4474,79,4474,4,4474,3,4474,2,1727,0,1.0292173999914667
3,0,,2026-07-28T20:14:56.630548,107191,4465,2355,4465,72,4465,3,4465,4,4465,3,1789,0,1.0281390000018291
3,0,,2026-07-28T20:14:57.659069,107611,4199,2254,4199,70,4199,2,4199,3,4199,1,1762,1,1.028190099998028
3,0,,2026-07-28T20:14:58.686538,106256,4452,2354,4452,83,4452,2,4452,6,4452,4,1693,0,1.0271492000028957
3,0,,2026-07-28T20:14:59.714163,107531,4451,2333,4451,81,4451,5,4451,5,4451,4,1674,0,1.0273331999924267
3,0,,2026-07-28T20:15:00.744419,107254,4543,2420,4543,78,4543,5,4543,2,4543,1,1833,1,1.0299658000003546
3,0,,2026-07-28T20:15:01.772377,107085,4369,2303,4369,83,4369,1,4369,1,4369,3,1838,0,1.0276645999983884
3,0,,2026-07-28T20:15:02.800837,107222,4473,2382,4473,94,4473,2,4473,0,4473,3,1657,2,1.0281429000024218
3,0,,2026-07-28T20:15:03.829920,107740,4539,2398,4539,79,4539,3,4539,2,4539,2,1805,0,1.0287336000037612
3,0,,2026-07-28T20:15:04.857882,107931,4394,2266,4394,79,4394,4,4394,2,4394,1,1788,1,1.027702000006684
3,0,,2026-07-28T20:15:05.885528,107128,4449,2358,4449,88,4449,3,4449,3,4449,3,1775,0,1.0272786999994423
3,0,,2026-07-28T20:15:06.912404,107296,4440,2365,4440,96,4441,6,4441,2,4441,2,1795,0,1.0266094999969937
3,0,,2026-07-28T20:15:07.939364,107149,4417,2331,4417,71,4416,3,4416,2,4416,2,1839,1,1.0267200999951456
3,0,,2026-07-28T20:15:08.968847,106831,4476,2384,4476,75,4476,2,4476,4,4476,2,1790,0,1.0292044000088936
3,0,,2026-07-28T20:15:09.996536,106960,4374,2272,4374,71,4374,5,4374,0,4374,2,1809,0,1.0273317999963183
3,0,,2026-07-28T20:15:11.023799,107113,4490,2361,4490,82,4490,5,4490,0,4490,0,1738,0,1.026947399994242
3,0,,2026-07-28T20:15:12.053249,107238,4383,2278,4383,85,4383,6,4383,5,4383,0,1842,1,1.0292119999940041
3,0,,2026-07-28T20:15:13.080798,107294,4476,2371,4476,76,4476,2,4476,4,4476,0,1816,2,1.027265400000033
3,0,,2026-07-28T20:15:14.107708,107034,4379,2330,4379,81,4379,0,4379,0,4379,1,1696,1,1.0267296999954851
3,0,,2026-07-28T20:15:15.135841,106964,4474,2360,4474,74,4474,1,4474,2,4474,1,1751,0,1.0278672999993432
3,0,,2026-07-28T20:15:16.161986,107588,4360,2250,4360,74,4360,5,4360,3,4361,1,1763,1,1.025853900006041
3,0,,2026-07-28T20:15:17.189597,107165,4431,2302,4431,95,4431,1,4431,3,4430,2,1764,1,1.0274224000022514
3,0,,2026-07-28T20:15:18.217050,106698,4363,2269,4363,78,4363,2,4363,4,4363,1,1792,1,1.0272374999913154
3,0,,2026-07-28T20:15:19.244786,106886,4385,2272,4385,88,4385,2,4385,3,4385,3,1766,0,1.027475399998366
3,0,,2026-07-28T20:15:20.270921,107347,4374,2332,4374,72,4374,5,4374,3,4374,2,1764,2,1.0258966999972472
3,0,,2026-07-28T20:15:21.299070,107001,4400,2352,4400,83,4400,2,4400,2,4400,4,1724,0,1.0279636000050232
3,0,,2026-07-28T20:15:22.327905,106991,4293,2254,4293,80,4293,2,4293,2,4293,1,1814,1,1.0285491999966325
3,0,,2026-07-28T20:15:23.356002,107132,4236,2220,4236,87,4236,5,4236,3,4236,0,1794,1,1.0278488000039943
3,0,,2026-07-28T20:15:24.384772,106795,4351,2315,4351,75,4351,3,4351,5,4351,3,1832,1,1.0284631999966223
3,0,,2026-07-28T20:15:25.412403,107738,4497,2354,4497,84,4497,2,4497,3,4497,1,1833,0,1.0273868999938713
3,0,,2026-07-28T20:15:26.439530,107269,4625,2487,4625,75,4625,2,4625,3,4625,0,1796,1,1.0268688999931328
3,0,,2026-07-28T20:15:27.466798,106897,4417,2314,4417,86,4417,1,4417,2,4417,1,1722,1,1.0270583000092302
3,0,,2026-07-28T20:15:28.495404,106828,4424,2339,4424,92,4424,5,4424,2,4424,3,1798,1,1.0282985999947414
3,0,,2026-07-28T20:15:29.522317,107109,4365,2296,4365,75,4365,7,4365,4,4365,0,1806,1,1.0265236999985063
3,0,,2026-07-28T20:15:30.550335,107259,4468,2399,4468,69,4468,3,4468,2,4468,5,1770,0,1.0277632999932393
3,0,,2026-07-28T20:15:31.577670,107474,4451,2364,4451,79,4451,3,4451,2,4451,2,1779,0,1.027080300002126
3,0,,2026-07-28T20:15:32.605631,107282,4519,2338,4519,86,4519,0,4519,2,4519,3,1870,0,1.0276951000123518
3,0,,2026-07-28T20:15:33.633843,107527,4452,2361,4452,74,4452,7,4452,3,4452,0,1728,1,1.027877799991984
3,0,,2026-07-28T20:15:34.661597,107232,4461,2440,4461,82,4461,1,4461,0,4461,3,1828,0,1.0274541999970097
3,0,,2026-07-28T20:15:35.690682,107333,4414,2356,4414,91,4414,4,4414,4,4414,1,1721,0,1.0288694000046235
3,0,,2026-07-28T20:15:36.718664,107644,4360,2284,4360,61,4360,4,4360,3,4360,0,1779,1,1.0277636999962851
3,0,,2026-07-28T20:15:37.746942,107603,4474,2324,4474,86,4474,6,4474,2,4474,1,1728,1,1.0279468999942765
3,0,,2026-07-28T20:15:38.773917,107291,4485,2342,4485,74,4485,3,4485,2,4485,1,1828,0,1.0267319999984466
3,0,,2026-07-28T20:15:39.802768,107258,4608,2480,4608,93,4608,7,4608,4,4608,2,1791,1,1.0285495999996783
3,0,,2026-07-28T20:15:40.829583,108053,4513,2422,4513,60,4513,7,4513,2,4513,4,1715,1,1.0265634000097634
3,0,,2026-07-28T20:15:41.857246,107798,4437,2326,4437,96,4437,7,4437,3,4437,1,1784,0,1.0274262000020826
3,0,,2026-07-28T20:15:42.884286,106413,4472,2457,4472,82,4472,1,4472,2,4472,3,1712,1,1.0268061000097077
3,0,,2026-07-28T20:15:43.913747,107450,4371,2250,4371,81,4371,4,4371,0,4371,2,1781,0,1.0291360000119312
3,0,,2026-07-28T20:15:44.940682,107261,4408,2309,4408,82,4408,1,4408,0,4408,1,1782,0,1.0266080000001239
3,0,,2026-07-28T20:15:45.966734,107025,4407,2327,4407,72,4407,2,4407,2,4407,3,1766,2,1.0258150000008754
3,0,,2026-07-28T20:15:46.993638,107171,4433,2316,4433,74,4433,3,4433,2,4433,2,1842,0,1.0267476000008173
3,0,,2026-07-28T20:15:48.022648,107148,4376,2268,4376,67,4376,2,4376,2,4376,2,1775,0,1.0288186999969184
3,0,,2026-07-28T20:15:49.051729,107328,4593,2383,4593,80,4593,2,4593,1,4593,2,1739,0,1.0287165999907302
3,0,,2026-07-28T20:15:50.080930,107773,4423,2346,4423,72,4423,1,4423,5,4423,2,1722,0,1.0288383000006434
3,0,,2026-07-28T20:15:51.109008,107553,4405,2329,4405,82,4405,2,4405,3,4405,1,1749,0,1.0276972999999998
3,0,,2026-07-28T20:15:52.138213,107244,4331,2387,4331,75,4331,2,4331,1,4331,2,1765,2,1.028752500002156
3,0,,2026-07-28T20:15:53.166756,107199,4433,2348,4433,67,4433,5,4433,3,4433,3,1805,0,1.0282373999943957
3,0,,2026-07-28T20:15:54.196134,106983,4471,2368,4471,78,4471,2,4471,2,4471,2,1806,0,1.0289791999966837
3,0,,2026-07-28T20:15:55.225252,107058,4453,2323,4453,86,4453,2,4453,0,4453,2,1785,1,1.0286901000072248
3,0,,2026-07-28T20:15:56.254439,107348,4435,2341,4435,73,4435,3,4435,4,4435,3,1711,0,1.028825900008087
3,0,,2026-07-28T20:15:57.282821,106722,4321,2287,4321,83,4321,2,4321,2,4321,2,1739,0,1.028057200004696
3,0,,2026-07-28T20:15:58.312308,106745,4440,2352,4440,78,4440,3,4440,1,4440,4,1788,2,1.0291305999999167
3,0,,2026-07-28T20:15:59.341578,107413,4528,2378,4528,83,4528,2,4528,3,4528,1,1864,1,1.0288769000035245
3,0,,2026-07-28T20:16:00.371010,107469,4560,2416,4560,84,4560,3,4560,2,4560,1,1801,1,1.0290827000135323
3,0,,2026-07-28T20:16:01.400234,107706,4354,2290,4354,74,4354,4,4354,4,4354,3,1809,1,1.028808699993533
3,0,,2026-07-28T20:16:02.429487,107420,4420,2310,4420,90,4420,6,4420,2,4420,4,1812,0,1.0288675000047078
3,0,,2026-07-28T20:16:03.458096,107655,4314,2241,4314,74,4314,4,4314,2,4314,2,1775,0,1.0283124999987194
3,0,,2026-07-28T20:16:04.487440,107527,4306,2262,4306,94,4306,2,4306,3,4306,3,1863,1,1.0290085000015097
3,0,,2026-07-28T20:16:05.516832,107738,4422,2324,4422,83,4422,1,4422,4,4422,3,1820,2,1.0290191000094637
3,0,,2026-07-28T20:16:06.546239,107271,4471,2360,4471,76,4471,2,4471,4,4471,2,1799,0,1.0290882000117563
3,0,,2026-07-28T20:16:07.575592,108104,4429,2331,4429,85,4429,0,4429,1,4429,2,1789,0,1.029016300002695
3,0,,2026-07-28T20:16:08.605429,107056,4457,2372,4457,79,4457,3,4457,5,4457,1,1748,0,1.0295410999970045
3,0,,2026-07-28T20:16:09.634255,107462,4319,2251,4319,67,4319,2,4319,1,4319,1,1791,0,1.0284375000046566
3,0,,2026-07-28T20:16:10.663706,106816,4366,2331,4366,64,4366,4,4366,4,4366,2,1827,0,1.0291260000085458
3,0,,2026-07-28T20:16:11.692219,107422,4362,2269,4362,81,4362,1,4362,2,4362,4,1854,1,1.0282829999923706
3,0,,2026-07-28T20:16:12.720378,106737,4457,2312,4457,86,4457,1,4457,1,4457,2,1744,0,1.027840599999763
3,0,,2026-07-28T20:16:13.750183,107026,4478,2340,4478,83,4478,2,4478,1,4478,2,1817,1,1.029513000001316
3,0,,2026-07-28T20:16:14.778668,107620,4389,2364,4389,83,4389,4,4389,3,4389,3,1741,0,1.0280477999913273
3,0,,2026-07-28T20:16:15.808201,107128,4363,2341,4363,87,4363,2,4363,6,4363,1,1728,2,1.0291454000107478
3,0,,2026-07-28T20:16:16.835690,107357,4377,2291,4377,84,4377,2,4377,2,4377,3,1843,1,1.0272031000058632
3,0,,2026-07-28T20:16:17.864981,106911,4485,2371,4485,71,4485,3,4485,4,4485,1,1846,0,1.0289409999968484
3,0,,2026-07-28T20:16:18.894534,107657,4525,2400,4525,83,4525,1,4525,2,4525,2,1778,0,1.0291747000010218
3,0,,2026-07-28T20:16:19.923586,107239,4472,2313,4472,69,4472,5,4472,0,4472,2,1750,0,1.0286481999937678
3,0,,2026-07-28T20:16:20.951762,107538,4440,2362,4440,87,4440,5,4440,2,4440,1,1753,0,1.027810600004159
3,0,,2026-07-28T20:16:21.980891,107425,4487,2360,4487,92,4487,5,4487,3,4487,4,1823,1,1.0287626999925124
3,0,,2026-07-28T20:16:23.009882,107604,4456,2316,4456,108,4456,0,4456,5,4456,4,1820,0,1.0286276999977417
3,0,,2026-07-28T20:16:24.038955,107435,4373,2271,4373,69,4373,5,4373,4,4373,1,1713,0,1.0287739999912446
3,0,,2026-07-28T20:16:25.067308,107101,4454,2332,4454,72,4454,4,4454,3,4454,0,1796,0,1.0279194000031566
3,0,,2026-07-28T20:16:26.096286,107426,4444,2292,4444,92,4444,4,4444,4,4444,1,1766,0,1.028673799999524
3,0,,2026-07-28T20:16:27.124449,107392,4286,2285,4286,84,4286,4,4286,2,4286,2,1871,1,1.0277672999945935
3,0,,2026-07-28T20:16:28.153188,107968,4416,2331,4416,67,4416,4,4416,2,4416,3,1748,0,1.0283820000040578
3,0,,2026-07-28T20:16:29.181805,107129,4445,2349,4445,78,4445,5,4445,2,4445,1,1750,1,1.0282569999981206
3,0,,2026-07-28T20:16:30.210315,106983,4400,2269,4400,73,4400,1,4400,3,4400,1,1684,2,1.0280966999998782
3,0,,2026-07-28T20:16:31.239283,106955,4477,2395,4477,73,4477,3,4477,1,4477,1,1715,0,1.028590499990969
3,0,,2026-07-28T20:16:32.268456,107604,4527,2446,4527,84,4527,3,4527,2,4527,1,1812,1,1.0288275000057183
3,0,,2026-07-28T20:16:33.297930,107936,4389,2348,4389,86,4389,2,4389,1,4389,1,1777,0,1.029124699998647
3,0,,2026-07-28T20:16:34.328137,107300,4409,2315,4409,81,4409,6,4409,1,4409,2,1767,2,1.0297535999998217
3,0,,2026-07-28T20:16:35.357594,107135,4364,2298,4364,73,4364,1,4364,3,4364,0,1759,0,1.029047799995169
3,0,,2026-07-28T20:16:36.386076,107418,4455,2314,4455,85,4455,2,4455,4,4455,2,1718,0,1.0281974999961676
3,0,,2026-07-28T20:16:37.414579,106908,4465,2392,4465,64,4465,3,4465,5,4465,1,1781,0,1.0281310999998823
3,0,,2026-07-28T20:16:38.444343,107602,4478,2330,4478,63,4478,4,4478,4,4478,1,1730,1,1.0292329999938374
3,0,,2026-07-28T20:16:39.472395,106970,4324,2292,4324,71,4324,2,4324,2,4324,6,1847,0,1.0270318999973824
3,0,,2026-07-28T20:16:40.498899,106803,4344,2319,4344,76,4344,3,4344,3,4344,3,1790,0,1.0262762999918777
3,0,,2026-07-28T20:16:41.527405,106868,4321,2269,4321,76,4321,6,4321,4,4321,1,1785,4,1.0282713000051444
3,0,,2026-07-28T20:16:42.555015,107912,4415,2347,4415,67,4415,8,4415,1,4415,2,1750,1,1.0274169000040274
3,0,,2026-07-28T20:16:43.582297,106996,4458,2345,4458,78,4458,6,4458,4,4458,4,1743,1,1.0269389000022784
3,0,,2026-07-28T20:16:44.608662,106939,4427,2348,4427,70,4427,5,4427,0,4427,1,1797,2,1.0261610000015935
3,0,,2026-07-28T20:16:45.636407,107514,4488,2428,4488,82,4488,3,4488,2,4488,3,1828,0,1.0274229000060586
3,0,,2026-07-28T20:16:46.664562,107155,4435,2338,4435,82,4435,5,4435,4,4435,4,1754,0,1.0278630999964662
3,0,,2026-07-28T20:16:47.693799,107801,4449,2342,4449,90,4449,4,4449,5,4449,1,1779,2,1.0286973000038415
3,0,,2026-07-28T20:16:48.720370,108068,4386,2307,4386,73,4386,5,4386,2,4386,3,1859,1,1.0263231999997515
3,0,,2026-07-28T20:16:49.748143,107337,4342,2280,4342,73,4342,3,4342,2,4342,5,1744,1,1.0276099000038812
3,0,,2026-07-28T20:16:50.777095,106680,4322,2259,4322,72,4322,1,4322,2,4322,3,1758,1,1.0285940000030678
3,0,,2026-07-28T20:16:51.805136,107160,4430,2339,4430,85,4430,5,4430,0,4430,2,1705,0,1.0276257000077749
3,0,,2026-07-28T20:16:52.832801,107129,4369,2316,4369,87,4369,4,4369,1,4369,1,1782,0,1.0273367000045255
3,0,,2026-07-28T20:16:53.860748,107447,4397,2348,4397,92,4397,2,4397,3,4397,2,1774,1,1.027727100008633
3,0,,2026-07-28T20:16:54.889373,107448,4332,2277,4332,87,4332,9,4332,2,4332,0,1808,2,1.0283272999949986
3,0,,2026-07-28T20:16:55.918108,107989,4458,2338,4458,77,4458,4,4458,2,4458,4,1828,0,1.0283605999866268
3,0,,2026-07-28T20:16:56.946259,107433,4446,2330,4446,85,4446,2,4446,2,4446,3,1793,0,1.0277636999962851
3,0,,2026-07-28T20:16:57.975415,107488,4353,2311,4353,76,4353,1,4353,5,4353,1,1819,1,1.0287258000025759
3,0,,2026-07-28T20:16:59.003718,106856,4409,2307,4409,83,4409,2,4409,2,4409,1,1819,1,1.0280169999896316
3,0,,2026-07-28T20:17:00.032748,107129,4396,2284,4396,76,4396,5,4396,2,4396,3,1776,0,1.028829200004111
3,0,,2026-07-28T20:17:01.060732,107466,4418,2340,4418,84,4418,2,4418,2,4418,1,1829,1,1.0275894000078551
3,0,,2026-07-28T20:17:02.088646,107582,4417,2314,4417,67,4417,4,4417,7,4417,1,1828,1,1.0276431999955093
3,0,,2026-07-28T20:17:03.117887,106896,4315,2310,4315,83,4315,1,4315,3,4315,4,1761,1,1.0289370999962557
3,0,,2026-07-28T20:17:04.146634,107093,4483,2325,4483,93,4483,6,4483,3,4483,2,1761,0,1.0283704000030411
3,0,,2026-07-28T20:17:05.174758,106638,4464,2387,4464,57,4464,4,4464,2,4464,2,1787,1,1.0278336000046693
3,0,,2026-07-28T20:17:06.201526,107102,4412,2373,4412,86,4412,2,4412,1,4412,1,1810,1,1.0265463999967324
3,0,,2026-07-28T20:17:07.227620,106716,4295,2265,4295,83,4295,0,4295,2,4295,2,1721,0,1.0258813999971608
3,0,,2026-07-28T20:17:08.254687,107417,4460,2399,4460,86,4460,7,4460,2,4460,1,1773,1,1.026762300010887
3,0,,2026-07-28T20:17:09.284104,107268,4438,2297,4438,89,4438,1,4438,0,4438,1,1804,2,1.0291425000032177
3,0,,2026-07-28T20:17:10.312698,108001,4476,2373,4476,99,4476,1,4476,1,4476,2,1832,2,1.0282345000014175
3,0,,2026-07-28T20:17:11.339235,107321,4456,2351,4456,67,4456,2,4456,3,4456,2,1756,1,1.026264700005413
3,0,,2026-07-28T20:17:12.367025,106421,4356,2312,4356,90,4356,4,4356,2,4356,2,1797,0,1.0275818000081927
3,0,,2026-07-28T20:17:13.396086,106794,4418,2328,4418,76,4418,3,4418,2,4418,2,1826,0,1.0287712999997893
3,0,,2026-07-28T20:17:14.422021,107302,4523,2362,4523,84,4523,1,4523,4,4523,3,1859,0,1.0256461999961175
3,0,,2026-07-28T20:17:15.449219,106900,4443,2360,4443,85,4443,3,4443,2,4443,1,1845,2,1.0269518999994034
3,0,,2026-07-28T20:17:16.478717,106802,4388,2320,4388,65,4388,3,4388,3,4388,3,1782,0,1.0292123000108404
3,0,,2026-07-28T20:17:17.506628,107770,4462,2388,4462,76,4462,2,4462,2,4462,2,1807,1,1.0275024000002304
3,0,,2026-07-28T20:17:18.533795,107517,4391,2285,4391,81,4391,3,4391,4,4391,3,1747,0,1.0269543000031263
3,0,,2026-07-28T20:17:19.562067,106862,4418,2356,4418,79,4418,1,4418,2,4418,1,1774,2,1.0280879000056302
3,0,,2026-07-28T20:17:20.589377,107822,4361,2318,4361,71,4361,2,4361,2,4361,2,1726,0,1.027023000002373
3,0,,2026-07-28T20:17:21.616462,107925,4430,2333,4430,79,4430,5,4430,4,4430,0,1725,2,1.026934199995594
3,0,,2026-07-28T20:17:22.644895,107681,4310,2228,4310,74,4310,3,4310,4,4310,4,1860,2,1.0281379999942146
3,0,,2026-07-28T20:17:23.673142,107286,4486,2372,4486,60,4486,5,4486,2,4486,0,1750,0,1.0279791000066325
3,0,,2026-07-28T20:17:24.700552,107286,4392,2301,4392,75,4392,4,4392,5,4392,3,1784,1,1.0272098999994341
3,0,,2026-07-28T20:17:25.728426,107194,4380,2349,4380,59,4380,0,4380,4,4380,3,1712,1,1.027419199992437
3,0,,2026-07-28T20:17:26.756760,107252,4369,2330,4369,76,4369,6,4369,3,4369,1,1826,3,1.0271890000003623
3,0,,2026-07-28T20:17:27.783392,107326,4409,2349,4409,70,4409,4,4409,1,4409,0,1786,0,1.0264005000062753
3,0,,2026-07-28T20:17:28.824194,108796,4539,2453,4539,66,4539,1,4539,2,4539,3,1804,2,1.0404984000051627
3,0,,2026-07-28T20:17:29.853001,107161,4341,2323,4341,84,4341,1,4341,2,4341,3,1771,0,1.0286355999996886
3,0,,2026-07-28T20:17:30.880084,106949,4493,2359,4493,81,4493,2,4493,5,4493,2,1826,0,1.0267649000015808
3,0,,2026-07-28T20:17:31.908940,107164,4387,2340,4387,92,4387,2,4387,4,4387,2,1830,1,1.0285964999930002
3,0,,2026-07-28T20:17:32.936653,107127,4352,2291,4352,81,4352,4,4352,1,4352,1,1758,0,1.0273815000109607
3,0,,2026-07-28T20:17:33.965855,107288,4451,2421,4451,73,4451,2,4451,3,4451,1,1743,0,1.0288041000021622
3,0,,2026-07-28T20:17:34.993878,107332,4408,2307,4408,80,4408,5,4408,3,4408,3,1709,0,1.0277214000088861
3,0,,2026-07-28T20:17:36.022809,107237,4369,2285,4369,68,4369,4,4369,6,4369,0,1725,0,1.028672300002654
3,0,,2026-07-28T20:17:37.050415,107685,4389,2292,4389,64,4389,6,4389,3,4389,4,1819,1,1.027281300004688
3,0,,2026-07-28T20:17:38.079946,107676,4364,2322,4364,73,4364,0,4364,7,4364,2,1774,0,1.0291238000063458
3,0,,2026-07-28T20:17:39.106973,107512,4452,2354,4452,76,4452,2,4452,3,4452,3,1858,1,1.0267204999981914
3,0,,2026-07-28T20:17:40.134917,107371,4438,2324,4438,81,4438,5,4438,1,4438,4,1754,0,1.0276602000085404
3,0,,2026-07-28T20:17:41.163408,107434,4509,2364,4509,86,4509,5,4509,1,4509,3,1764,1,1.028162100003101
3,0,,2026-07-28T20:17:42.190956,107381,4357,2296,4357,76,4357,1,4357,4,4357,2,1840,0,1.0271154000074603
3,0,,2026-07-28T20:17:43.218053,107569,4375,2281,4375,85,4375,6,4375,3,4375,1,1796,0,1.0268899999937275
3,0,,2026-07-28T20:17:44.244916,107160,4431,2329,4431,85,4431,3,4431,4,4431,3,1773,0,1.026663099997677
3,0,,2026-07-28T20:17:45.271725,107474,4436,2345,4436,84,4436,3,4436,0,4436,3,1722,1,1.0265273999975761
3,0,,2026-07-28T20:17:46.300429,107174,4371,2282,4371,73,4371,5,4371,4,4371,1,1747,1,1.0283899000060046
3,0,,2026-07-28T20:17:47.327756,107356,4368,2258,4368,76,4368,4,4368,5,4368,1,1770,1,1.0270882000040729
3,0,,2026-07-28T20:17:48.355125,107035,4469,2367,4469,87,4469,2,4469,4,4469,1,1749,1,1.0271707000065362
3,0,,2026-07-28T20:17:49.382512,107290,4345,2327,4345,70,4345,2,4345,0,4345,4,1735,1,1.0270711999910418
3,0,,2026-07-28T20:17:50.410587,107171,4459,2357,4459,86,4459,2,4459,1,4459,2,1766,0,1.0277484999969602
3,0,,2026-07-28T20:17:51.439722,107253,4446,2314,4446,71,4446,2,4446,2,4446,1,1817,1,1.028897299998789
3,0,,2026-07-28T20:17:52.467911,107380,4425,2376,4425,75,4425,4,4425,3,4425,2,1764,2,1.0279442000028212
3,0,,2026-07-28T20:17:53.496136,107450,4441,2346,4441,90,4441,5,4441,1,4441,1,1745,0,1.0279264999990119
3,0,,2026-07-28T20:17:54.524963,107306,4519,2365,4519,77,4519,7,4519,1,4519,0,1769,0,1.028483400004916
3,0,,2026-07-28T20:17:55.554885,107291,4308,2281,4308,64,4308,5,4308,2,4308,0,1856,0,1.0295495000027586
3,0,,2026-07-28T20:17:56.583240,107226,4408,2310,4408,73,4408,2,4408,4,4408,1,1794,1,1.0280292000097688
3,0,,2026-07-28T20:17:57.612820,107833,4417,2351,4417,85,4417,5,4417,1,4417,1,1817,0,1.029234700006782
3,0,,2026-07-28T20:17:58.642038,107244,4518,2421,4518,89,4518,4,4518,2,4518,1,1764,1,1.0288442000019131
3,0,,2026-07-28T20:17:59.671522,106813,4329,2300,4329,77,4329,1,4329,1,4329,1,1847,0,1.0291316999937408
3,0,,2026-07-28T20:18:00.700259,107313,4315,2345,4315,60,4315,5,4315,5,4315,3,1710,0,1.02829629999178
3,0,,2026-07-28T20:18:01.729142,107762,4530,2416,4530,74,4530,5,4530,0,4530,0,1819,0,1.0286591000040062
3,0,,2026-07-28T20:18:02.758653,107139,4276,2297,4276,66,4276,4,4276,2,4276,4,1786,1,1.0291187999973772
3,0,,2026-07-28T20:18:03.787891,107915,4521,2392,4521,69,4521,5,4521,5,4521,1,1802,1,1.0288138000032632
3,0,,2026-07-28T20:18:04.816878,107418,4447,2403,4447,67,4447,4,4447,2,4447,1,1750,0,1.0286157000082312
3,0,,2026-07-28T20:18:05.845282,107321,4413,2319,4413,77,4413,5,4413,3,4413,0,1862,0,1.0280834000004688
3,0,,2026-07-28T20:18:06.874260,108311,4386,2289,4386,74,4386,2,4386,3,4386,3,1814,1,1.0286486000113655
3,0,,2026-07-28T20:18:07.903368,107437,4329,2320,4329,70,4329,2,4329,1,4329,2,1773,1,1.0287882999982685
3,0,,2026-07-28T20:18:08.932575,107482,4464,2387,4464,82,4464,6,4464,5,4464,2,1798,0,1.0288632000010693
3,0,,2026-07-28T20:18:09.961073,106971,4455,2317,4455,91,4455,3,4455,3,4455,2,1731,0,1.028142700000899
3,0,,2026-07-28T20:18:10.990089,107435,4450,2367,4450,73,4450,3,4450,6,4450,2,1830,1,1.0286221999995178
3,0,,2026-07-28T20:18:12.018924,107619,4436,2427,4436,70,4436,3,4436,1,4436,3,1729,1,1.0284339000063483
3,0,,2026-07-28T20:18:13.047537,106919,4374,2335,4374,87,4374,1,4374,1,4374,2,1775,2,1.028256900011911
3,0,,2026-07-28T20:18:14.076275,106897,4441,2372,4441,81,4441,5,4441,4,4441,0,1828,0,1.028499699998065
3,0,,2026-07-28T20:18:15.103327,107245,4369,2314,4369,82,4369,3,4369,2,4369,2,1807,0,1.026758299994981
3,0,,2026-07-28T20:18:16.130294,107791,4407,2307,4407,73,4407,1,4407,1,4408,1,1764,0,1.02671819999523
3,0,,2026-07-28T20:18:17.158575,106782,4382,2269,4382,75,4382,1,4382,3,4381,1,1745,0,1.0281371000019135
3,0,,2026-07-28T20:18:18.187144,106926,4423,2286,4423,59,4423,1,4423,5,4423,3,1801,0,1.0282197999913478
3,0,,2026-07-28T20:18:19.213720,107507,4449,2360,4449,91,4449,3,4449,2,4449,0,1829,0,1.0262726000073599
3,0,,2026-07-28T20:18:20.242287,107326,4521,2484,4521,86,4521,5,4521,5,4521,1,1752,2,1.0283420000050683
3,0,,2026-07-28T20:18:21.270846,107211,4493,2448,4493,91,4493,3,4493,5,4493,1,1843,1,1.0282041000027675
3,0,,2026-07-28T20:18:22.298965,107181,4498,2357,4498,84,4498,7,4498,3,4498,1,1818,1,1.0277891000005184
3,0,,2026-07-28T20:18:23.327693,108036,4530,2397,4530,89,4530,8,4530,1,4530,2,1755,1,1.0285012000094866
3,0,,2026-07-28T20:18:24.357013,107426,4470,2365,4470,87,4470,4,4470,1,4470,2,1758,1,1.0290017000079388
3,0,,2026-07-28T20:18:25.387006,107208,4444,2347,4444,68,4444,3,4444,0,4444,2,1835,0,1.0296003999974346
3,0,,2026-07-28T20:18:26.416152,107748,4436,2342,4436,87,4436,8,4436,2,4436,2,1838,1,1.0287932999926852
3,0,,2026-07-28T20:18:27.444556,107566,4323,2266,4323,69,4323,2,4323,1,4323,2,1765,0,1.0280669999920065
3,0,,2026-07-28T20:18:28.474481,107847,4585,2506,4585,75,4585,2,4585,5,4585,1,1739,3,1.029586599994218
3,0,,2026-07-28T20:18:29.503077,107361,4414,2414,4414,73,4414,3,4414,2,4414,4,1732,0,1.0282699999952456
3,0,,2026-07-28T20:18:30.531503,107601,4431,2336,4431,94,4431,2,4431,2,4431,5,1715,0,1.0280332999973325
3,0,,2026-07-28T20:18:31.562074,106540,4503,2412,4503,71,4504,3,4504,1,4504,1,1800,0,1.0302176999975927
3,0,,2026-07-28T20:18:32.590677,107705,4408,2353,4408,77,4407,3,4407,3,4407,0,1826,1,1.0281434999924386
3,0,,2026-07-28T20:18:33.619909,107190,4503,2345,4503,88,4503,3,4503,6,4503,4,1818,2,1.0289618999959202
3,0,,2026-07-28T20:18:34.648542,107792,4488,2345,4488,77,4488,2,4488,3,4488,0,1777,1,1.028297400000156
3,0,,2026-07-28T20:18:35.677619,107638,4449,2345,4449,84,4449,2,4449,1,4449,2,1773,1,1.0287314000015613
3,0,,2026-07-28T20:18:36.706792,107607,4407,2323,4407,76,4408,3,4408,5,4408,4,1774,1,1.0288309000025038
3,0,,2026-07-28T20:18:37.735045,107406,4600,2444,4600,76,4599,4,4599,3,4599,5,1773,0,1.027920799999265
3,0,,2026-07-28T20:18:38.764506,107516,4417,2391,4417,76,4417,8,4417,1,4417,1,1773,2,1.0290729999978794
3,0,,2026-07-28T20:18:39.793749,107343,4442,2372,4442,65,4442,6,4442,2,4442,2,1868,1,1.0287130000069737
3,0,,2026-07-28T20:18:40.821847,107894,4469,2351,4469,78,4469,8,4469,2,4469,1,1752,0,1.0276526999950875
3,0,,2026-07-28T20:18:41.850410,107745,4493,2405,4493,71,4493,3,4493,1,4493,0,1808,0,1.0282114000001457
3,0,,2026-07-28T20:18:42.879248,107594,4434,2330,4434,107,4434,7,4434,6,4434,2,1730,0,1.0285040000017034
3,0,,2026-07-28T20:18:43.907883,107201,4377,2274,4377,63,4377,3,4377,3,4377,0,1861,1,1.0282946000079392
3,0,,2026-07-28T20:18:44.936122,107234,4349,2340,4349,77,4349,4,4349,6,4349,2,1732,0,1.0279141000064556
3,0,,2026-07-28T20:18:45.965101,108028,4536,2382,4536,84,4536,3,4536,1,4536,2,1745,0,1.0286052000010386
3,0,,2026-07-28T20:18:46.993584,107334,4404,2301,4404,76,4404,5,4404,0,4404,2,1771,1,1.0280788999953074
3,0,,2026-07-28T20:18:48.022043,107500,4440,2403,4440,92,4440,1,4440,0,4440,1,1769,0,1.0280466000112938
3,0,,2026-07-28T20:18:49.050978,107645,4438,2342,4438,67,4438,2,4438,3,4438,2,1725,1,1.0285420000000158
3,0,,2026-07-28T20:18:50.079357,106872,4480,2340,4480,79,4480,3,4480,7,4480,1,1805,2,1.0279989999980899
3,0,,2026-07-28T20:18:51.108835,107665,4351,2297,4351,73,4351,2,4351,0,4351,2,1838,0,1.029095599995344
3,0,,2026-07-28T20:18:52.137495,107124,4436,2325,4436,80,4436,5,4436,4,4436,3,1813,2,1.0282614000025205
3,0,,2026-07-28T20:18:53.166266,106977,4463,2316,4463,97,4463,0,4463,3,4463,2,1777,0,1.0283899000060046
3,0,,2026-07-28T20:18:54.196207,107095,4335,2320,4335,85,4335,5,4335,1,4335,2,1738,0,1.02963859999727
3,0,,2026-07-28T20:18:55.224354,107680,4466,2356,4466,90,4466,5,4466,1,4466,0,1783,1,1.0277774999995017
3,0,,2026-07-28T20:18:56.253218,107676,4439,2321,4439,81,4439,2,4439,4,4439,4,1717,0,1.0284452000050806
3,0,,2026-07-28T20:18:57.282273,107591,4426,2295,4426,54,4426,7,4426,1,4426,3,1852,0,1.0287406999996165
3,0,,2026-07-28T20:18:58.311334,107491,4426,2372,4426,69,4426,2,4426,3,4426,2,1832,1,1.0287066000018967
3,0,,2026-07-28T20:18:59.340732,107418,4510,2377,4510,86,4510,3,4510,2,4510,3,1707,1,1.0290041999978712
3,0,,2026-07-28T20:19:00.369387,107851,4567,2409,4567,76,4567,3,4567,4,4567,0,1770,0,1.028185500006657
3,0,,2026-07-28T20:19:01.397373,107071,4258,2304,4258,76,4258,0,4258,5,4258,1,1808,1,1.0276434999977937
3,0,,2026-07-28T20:19:02.426006,107384,4405,2340,4405,76,4405,1,4405,3,4405,4,1770,3,1.028301600003033
3,0,,2026-07-28T20:19:03.455400,106772,4349,2338,4349,76,4349,3,4349,3,4349,3,1735,1,1.0290016000071773
3,0,,2026-07-28T20:19:04.483921,107249,4438,2365,4438,83,4438,3,4438,3,4438,3,1811,0,1.0280448999983491
3,0,,2026-07-28T20:19:05.512996,107939,4349,2300,4349,78,4349,3,4349,1,4349,2,1804,0,1.0287042999989353
3,0,,2026-07-28T20:19:06.541626,107520,4339,2276,4339,67,4339,2,4339,3,4339,2,1803,0,1.0283334999985527
3,0,,2026-07-28T20:19:07.570435,107058,4463,2424,4463,82,4463,7,4463,1,4463,0,1844,0,1.028434699997888
3,0,,2026-07-28T20:19:08.599729,107306,4472,2412,4472,71,4472,3,4472,2,4472,0,1819,0,1.0290225000062492
3,0,,2026-07-28T20:19:09.628380,107716,4441,2336,4441,78,4441,5,4441,4,4441,3,1768,3,1.0282536000013351
3,0,,2026-07-28T20:19:10.654142,107667,4407,2385,4407,83,4407,3,4407,0,4407,2,1680,1,1.0255519000056665
3,0,,2026-07-28T20:19:11.682634,106979,4298,2277,4298,75,4298,4,4298,0,4298,2,1787,1,1.0282881000021007
3,0,,2026-07-28T20:19:12.711259,107327,4506,2400,4506,85,4506,3,4506,3,4506,3,1748,0,1.0282244999980321
3,0,,2026-07-28T20:19:13.739859,107556,4442,2339,4442,76,4442,3,4442,1,4442,2,1737,1,1.0282632000016747
3,0,,2026-07-28T20:19:14.768864,107823,4465,2344,4465,86,4465,2,4465,0,4465,4,1794,0,1.0286678999982541
3,0,,2026-07-28T20:19:15.798753,106875,4535,2442,4535,83,4535,2,4535,4,4535,0,1806,2,1.0295122000097763
3,0,,2026-07-28T20:19:16.828037,107395,4311,2288,4311,70,4311,3,4311,0,4311,2,1831,0,1.0288839999993797
3,0,,2026-07-28T20:19:17.857098,107327,4390,2350,4390,71,4390,2,4390,4,4390,2,1672,1,1.0287092000071425
3,0,,2026-07-28T20:19:18.885209,107832,4439,2362,4439,62,4439,3,4439,3,4439,0,1745,0,1.027773599998909
3,0,,2026-07-28T20:19:19.913601,107303,4405,2306,4405,53,4405,2,4405,3,4405,1,1795,1,1.028027700012899
3,0,,2026-07-28T20:19:20.942476,106990,4375,2309,4375,81,4375,0,4375,2,4375,0,1737,0,1.0284888000023784
3,0,,2026-07-28T20:19:21.972062,107018,4469,2397,4469,85,4469,4,4469,3,4469,3,1790,0,1.0292128000000957
3,0,,2026-07-28T20:19:23.002653,107483,4359,2289,4359,93,4359,4,4359,3,4359,0,1614,0,1.0302719000028446
3,0,,2026-07-28T20:19:24.031631,107566,4478,2352,4478,96,4478,2,4478,1,4478,1,1725,0,1.0286304999899585
3,0,,2026-07-28T20:19:25.060442,107455,4464,2369,4464,72,4464,2,4464,2,4464,4,1779,2,1.0284743999945931
3,0,,2026-07-28T20:19:26.089055,107876,4488,2415,4488,71,4488,2,4488,2,4488,1,1803,2,1.0282848000060767
3,0,,2026-07-28T20:19:27.117759,107516,4523,2446,4523,88,4523,3,4523,6,4523,3,1697,0,1.028344600010314
3,0,,2026-07-28T20:19:28.147094,107753,4544,2416,4544,80,4544,3,4544,3,4544,1,1783,1,1.0290384999971138
3,0,,2026-07-28T20:19:29.175323,107604,4393,2373,4393,79,4393,3,4393,4,4393,1,1717,1,1.0279209000000264
3,0,,2026-07-28T20:19:30.204128,107420,4487,2434,4487,81,4487,1,4487,3,4487,1,1743,1,1.028478799998993
3,0,,2026-07-28T20:19:31.232363,107496,4445,2423,4445,74,4445,2,4445,2,4445,0,1661,0,1.0278994999971474
3,0,,2026-07-28T20:19:32.262082,108022,4504,2315,4504,92,4504,1,4504,3,4504,0,1743,1,1.0293834999902174
3,0,,2026-07-28T20:19:33.290703,107769,4577,2443,4577,68,4577,4,4577,2,4577,2,1776,0,1.0283112000033725
3,0,,2026-07-28T20:19:34.319726,107570,4341,2281,4341,68,4341,3,4341,1,4341,4,1790,1,1.0286006000096677
3,0,,2026-07-28T20:19:35.348576,107317,4355,2338,4355,80,4355,2,4355,2,4355,2,1777,0,1.028547299996717
3,0,,2026-07-28T20:19:36.377078,107232,4482,2334,4482,78,4482,3,4482,3,4482,1,1757,0,1.0281474999937927
3,0,,2026-07-28T20:19:37.405470,107725,4503,2415,4503,83,4503,3,4503,2,4503,1,1790,1,1.0279924000060419
3,0,,2026-07-28T20:19:38.435275,107103,4494,2430,4494,67,4494,4,4494,2,4494,1,1764,0,1.0294074000121327
3,0,,2026-07-28T20:19:39.463702,107507,4329,2272,4329,71,4329,2,4329,2,4329,2,1735,1,1.0280898000055458
3,0,,2026-07-28T20:19:40.493929,107567,4509,2423,4509,90,4509,2,4509,5,4509,2,1849,1,1.0298284000018612
3,0,,2026-07-28T20:19:41.522392,106981,4348,2327,4348,61,4348,2,4348,3,4348,1,1787,1,1.028037399999448
3,0,,2026-07-28T20:19:42.551705,107186,4423,2345,4423,72,4423,4,4423,4,4423,1,1825,0,1.0289520999940578
3,0,,2026-07-28T20:19:43.579887,107667,4519,2368,4519,76,4519,2,4519,3,4519,3,1735,0,1.027854900006787
3,0,,2026-07-28T20:19:44.609733,107715,4471,2409,4471,75,4471,2,4471,3,4471,2,1784,1,1.0294665999972494
3,0,,2026-07-28T20:19:45.638418,107452,4505,2363,4505,98,4505,2,4505,3,4505,1,1766,0,1.0282286000001477
3,0,,2026-07-28T20:19:46.667246,107952,4533,2437,4533,92,4533,4,4533,4,4533,0,1774,1,1.0284626000066055
3,0,,2026-07-28T20:19:47.694452,107787,4486,2385,4486,74,4486,4,4486,1,4486,7,1750,1,1.0268725999922026
3,0,,2026-07-28T20:19:48.723056,107317,4507,2405,4507,77,4507,3,4507,3,4507,4,1725,1,1.0283574999921257
3,0,,2026-07-28T20:19:49.751802,107526,4481,2367,4481,76,4481,6,4481,1,4481,2,1783,1,1.0284439000097336
3,0,,2026-07-28T20:19:50.781947,107514,4410,2338,4410,76,4410,1,4410,1,4410,5,1769,0,1.0298548999999184
3,0,,2026-07-28T20:19:51.811034,107411,4354,2252,4354,91,4354,3,4354,2,4354,1,1898,0,1.0286124000122072
3,0,,2026-07-28T20:19:52.839813,107740,4492,2353,4492,61,4492,5,4492,1,4492,0,1777,2,1.0284127999912016
3,0,,2026-07-28T20:19:53.869489,107466,4532,2414,4532,87,4532,2,4532,5,4532,2,1832,0,1.0293367999984184
3,0,,2026-07-28T20:19:54.898559,107523,4458,2378,4458,77,4458,7,4458,0,4458,4,1806,0,1.0287033999920823
3,0,,2026-07-28T20:19:55.927588,107792,4500,2457,4500,80,4500,3,4500,2,4500,1,1773,0,1.0286482000083197
3,0,,2026-07-28T20:19:56.957256,106951,4438,2307,4438,94,4438,2,4438,3,4438,0,1754,1,1.0293304999941029
3,0,,2026-07-28T20:19:57.984346,107698,4488,2396,4488,65,4488,1,4488,4,4488,1,1845,0,1.0267369000066537
3,0,,2026-07-28T20:19:59.013520,107319,4331,2296,4331,77,4331,2,4331,2,4331,1,1791,0,1.0288012999953935
3,0,,2026-07-28T20:20:00.041188,106999,4576,2409,4576,84,4576,4,4576,2,4576,4,1759,0,1.0273599000065587
3,0,,2026-07-28T20:20:01.070402,107529,4374,2335,4374,79,4374,1,4374,1,4374,1,1831,1,1.0289229999907548
3,0,,2026-07-28T20:20:02.099510,107219,4324,2292,4324,77,4324,2,4324,0,4324,2,1796,0,1.028807599999709
3,0,,2026-07-28T20:20:03.126659,107732,4453,2302,4453,78,4453,4,4453,3,4453,0,1751,1,1.0268676999985473
3,0,,2026-07-28T20:20:04.154274,107204,4398,2376,4398,80,4398,5,4398,3,4398,2,1827,1,1.027365700007067
3,0,,2026-07-28T20:20:05.183100,107835,4525,2406,4525,76,4525,2,4525,1,4525,3,1740,2,1.0285823000012897
3,0,,2026-07-28T20:20:06.211491,107591,4464,2364,4464,93,4464,4,4464,4,4464,2,1770,3,1.0280146000004606
3,0,,2026-07-28T20:20:07.240200,107664,4425,2314,4425,72,4425,3,4425,3,4425,2,1745,1,1.0283196999953361
3,0,,2026-07-28T20:20:08.270289,107044,4485,2324,4485,91,4485,1,4485,1,4485,1,1802,1,1.0297024000028614
3,0,,2026-07-28T20:20:09.298525,107697,4451,2411,4451,78,4451,1,4451,3,4451,2,1774,1,1.0278804000117816
3,0,,2026-07-28T20:20:10.328172,107415,4509,2372,4509,70,4509,1,4509,3,4509,1,1807,0,1.0293071000050986
3,0,,2026-07-28T20:20:11.357445,107526,4433,2348,4433,64,4433,4,4433,3,4433,2,1794,1,1.0288711999892257
3,0,,2026-07-28T20:20:12.386452,106841,4430,2327,4430,87,4430,5,4430,7,4430,2,1823,3,1.028590100002475
3,0,,2026-07-28T20:20:13.415129,107074,4502,2380,4502,90,4502,6,4502,3,4502,2,1791,0,1.0283472000010079
3,0,,2026-07-28T20:20:14.443515,107555,4411,2355,4412,87,4412,3,4412,3,4412,1,1829,1,1.0279883999901358
3,0,,2026-07-28T20:20:15.470357,107448,4426,2425,4425,73,4425,1,4425,1,4425,2,1770,0,1.0265284999914002
3,0,,2026-07-28T20:20:16.496995,107354,4349,2308,4349,61,4349,2,4349,2,4349,1,1869,2,1.0263987999933306
3,0,,2026-07-28T20:20:17.524304,107108,4421,2341,4421,80,4421,4,4421,2,4421,3,1668,0,1.0270845999912126
3,0,,2026-07-28T20:20:18.553559,107596,4507,2413,4507,80,4507,3,4507,3,4507,2,1755,1,1.028978600006667
3,0,,2026-07-28T20:20:19.581248,107813,4451,2333,4451,76,4451,1,4451,2,4451,0,1751,3,1.0274365999939619
3,0,,2026-07-28T20:20:20.610434,107059,4353,2318,4353,76,4353,3,4353,2,4353,0,1791,2,1.028890900008264
3,0,,2026-07-28T20:20:21.638215,107783,4464,2377,4464,77,4464,2,4464,0,4464,0,1784,0,1.027444800012745
3,0,,2026-07-28T20:20:22.665411,107880,4452,2359,4452,78,4452,2,4452,1,4452,1,1779,1,1.026977799992892
3,0,,2026-07-28T20:20:23.694395,107353,4397,2345,4397,69,4397,1,4397,1,4397,1,1712,0,1.028653999994276
3,0,,2026-07-28T20:20:24.723294,108136,4371,2343,4371,87,4371,3,4371,1,4371,1,1786,2,1.0285165999957826
3,0,,2026-07-28T20:20:25.753150,107331,4482,2425,4482,67,4482,3,4482,2,4482,1,1785,0,1.0295011999987764
3,0,,2026-07-28T20:20:26.781132,107631,4456,2309,4456,92,4456,6,4456,1,4456,1,1800,2,1.0276198999927146
3,0,,2026-07-28T20:20:27.809133,107149,4475,2397,4475,71,4475,5,4475,2,4475,0,1724,0,1.027744699997129
3,0,,2026-07-28T20:20:28.837980,107467,4381,2318,4381,76,4381,2,4381,2,4381,1,1820,3,1.0285527000087313
3,0,,2026-07-28T20:20:29.867629,107632,4386,2355,4386,80,4386,3,4386,1,4386,5,1734,0,1.0292822000046726
3,0,,2026-07-28T20:20:30.896261,107281,4415,2292,4415,71,4415,5,4415,2,4415,3,1827,0,1.0282389000058174
3,0,,2026-07-28T20:20:31.924384,107487,4441,2390,4441,74,4441,1,4441,1,4441,5,1772,0,1.027766100000008
3,0,,2026-07-28T20:20:32.951342,107678,4412,2358,4412,75,4412,2,4412,4,4412,2,1871,2,1.0266718000057153
3,0,,2026-07-28T20:20:33.980147,107000,4449,2403,4449,82,4449,0,4449,2,4449,2,1769,0,1.0285898000001907
3,0,,2026-07-28T20:20:35.009422,107498,4328,2242,4328,79,4328,7,4328,2,4328,3,1758,1,1.028961400006665
3,0,,2026-07-28T20:20:36.039049,107703,4446,2349,4446,73,4446,6,4446,2,4446,1,1743,0,1.029226499987999
3,0,,2026-07-28T20:20:37.068333,108268,4408,2310,4408,90,4408,1,4408,3,4408,3,1736,0,1.028820599996834
3,0,,2026-07-28T20:20:38.097387,107294,4406,2380,4406,86,4406,5,4406,1,4406,3,1846,0,1.0285494999989169
3,0,,2026-07-28T20:20:39.126983,107654,4319,2263,4319,81,4319,6,4319,1,4319,1,1811,1,1.0291155000013532
3,0,,2026-07-28T20:20:40.155261,107931,4363,2348,4364,75,4364,1,4364,4,4364,1,1823,0,1.0277296999993268
3,0,,2026-07-28T20:20:41.184607,106829,4416,2366,4415,90,4415,3,4415,2,4415,2,1819,2,1.0290219000016805
3,0,,2026-07-28T20:20:42.213519,107373,4565,2399,4565,89,4565,2,4565,1,4565,4,1775,0,1.0285010000079637
3,0,,2026-07-28T20:20:43.241867,107951,4501,2371,4501,85,4501,4,4501,1,4501,1,1739,0,1.0280019999918295
3,0,,2026-07-28T20:20:44.269979,107071,4472,2402,4472,70,4472,5,4472,2,4472,2,1767,0,1.0277562999981456
3,0,,2026-07-28T20:20:45.299803,108207,4475,2365,4475,87,4475,2,4475,5,4475,2,1843,2,1.0295190000033472
3,0,,2026-07-28T20:20:46.329120,107755,4542,2438,4542,77,4542,5,4542,2,4542,1,1819,0,1.0288722999976017
3,0,,2026-07-28T20:20:47.357749,107212,4372,2288,4372,82,4372,3,4372,1,4372,2,1807,0,1.028274500000407
3,0,,2026-07-28T20:20:48.387574,107305,4404,2380,4404,76,4404,2,4404,1,4404,4,1734,1,1.0294773999921745
3,0,,2026-07-28T20:20:49.417365,107149,4446,2322,4446,68,4446,3,4446,4,4446,1,1796,1,1.0294633000012254
3,0,,2026-07-28T20:20:50.446712,107253,4484,2405,4484,80,4484,6,4484,1,4484,1,1776,2,1.0289552999893203
3,0,,2026-07-28T20:20:51.474461,106400,4371,2349,4371,91,4371,1,4371,3,4371,1,1748,2,1.0274004000093555
3,0,,2026-07-28T20:20:52.501777,107046,4478,2349,4478,72,4478,4,4478,3,4478,3,1682,4,1.0270278999960283
3,0,,2026-07-28T20:20:53.530301,107234,4578,2421,4578,95,4578,6,4578,2,4578,3,1810,1,1.0283214999944903
3,0,,2026-07-28T20:20:54.559207,107313,4502,2372,4502,75,4502,4,4502,5,4502,4,1756,3,1.0285947999946075
3,0,,2026-07-28T20:20:55.588129,107622,4485,2353,4485,82,4485,4,4485,2,4485,0,1835,0,1.0285678999935044
3,0,,2026-07-28T20:20:56.616938,107625,4466,2381,4466,74,4466,2,4466,2,4466,0,1814,1,1.0284588999929838
3,0,,2026-07-28T20:20:57.645955,106986,4356,2314,4356,76,4356,3,4356,3,4356,2,1779,1,1.028525499990792
3,0,,2026-07-28T20:20:58.674047,107433,4434,2397,4434,85,4434,2,4434,4,4434,3,1810,1,1.0277451000001747
3,0,,2026-07-28T20:20:59.703373,107233,4462,2349,4462,83,4462,5,4462,3,4462,1,1826,2,1.0289846000086982
3,0,,2026-07-28T20:21:00.733284,107458,4513,2418,4513,84,4513,3,4513,1,4513,1,1798,1,1.0295273000083398
3,0,,2026-07-28T20:21:01.762130,107874,4541,2358,4541,86,4541,4,4541,1,4541,1,1779,1,1.0285207999986596
3,0,,2026-07-28T20:21:02.791073,107389,4349,2280,4349,63,4349,4,4349,1,4349,2,1795,1,1.0285255999915535
3,0,,2026-07-28T20:21:03.819371,107679,4368,2360,4368,77,4368,5,4368,5,4368,1,1809,0,1.0279510999971535
3,0,,2026-07-28T20:21:04.849523,107519,4368,2285,4368,73,4368,5,4368,2,4368,1,1743,3,1.0297769000026165
3,0,,2026-07-28T20:21:05.879620,107707,4440,2358,4440,85,4440,3,4440,2,4440,2,1923,1,1.0296680000028573
3,0,,2026-07-28T20:21:06.907825,108037,4407,2380,4407,69,4407,4,4407,0,4407,2,1816,2,1.0278183000045829
3,0,,2026-07-28T20:21:07.936670,107715,4456,2408,4456,66,4456,3,4456,4,4456,1,1785,0,1.0284578999999212
3,0,,2026-07-28T20:21:08.964884,107606,4415,2394,4415,60,4415,7,4415,3,4415,1,1759,1,1.027897000007215
3,0,,2026-07-28T20:21:09.992811,107559,4364,2367,4364,66,4364,7,4364,0,4364,4,1826,1,1.0275869000033708
3,0,,2026-07-28T20:21:11.022490,106702,4351,2327,4351,76,4351,4,4351,3,4351,2,1762,0,1.0292568000004394
3,0,,2026-07-28T20:21:12.051423,107578,4489,2435,4489,77,4489,2,4489,1,4489,2,1835,2,1.0286631999915699
3,0,,2026-07-28T20:21:13.081433,107917,4419,2349,4419,83,4419,1,4419,4,4419,2,1726,1,1.0295666000019992
3,0,,2026-07-28T20:21:14.110526,107624,4518,2371,4518,71,4518,4,4518,1,4518,5,1846,2,1.0286642999999458
3,0,,2026-07-28T20:21:15.139414,107440,4378,2257,4378,89,4378,1,4378,4,4378,5,1773,0,1.0285637999913888
3,0,,2026-07-28T20:21:16.168984,107758,4332,2312,4332,55,4332,4,4332,1,4332,1,1812,1,1.0291915999987395
3,0,,2026-07-28T20:21:17.198127,107831,4441,2383,4441,81,4441,2,4441,2,4441,0,1808,0,1.0287879000097746
3,0,,2026-07-28T20:21:18.226735,106922,4367,2290,4367,88,4367,1,4367,1,4367,4,1774,0,1.028242099986528
3,0,,2026-07-28T20:21:19.255339,106541,4334,2308,4334,69,4334,2,4334,3,4334,1,1765,0,1.028280700003961
3,0,,2026-07-28T20:21:20.285687,107315,4577,2376,4577,59,4577,2,4577,3,4577,3,1799,0,1.0299023000115994
3,0,,2026-07-28T20:21:21.315009,107717,4537,2468,4537,61,4537,0,4537,3,4537,0,1798,0,1.028980999995838
3,0,,2026-07-28T20:21:22.344609,107471,4507,2373,4507,92,4507,2,4507,3,4507,3,1874,2,1.02925230000983
3,0,,2026-07-28T20:21:23.373425,107153,4470,2379,4470,74,4470,5,4470,2,4470,0,1750,0,1.028420599992387
3,0,,2026-07-28T20:21:24.401991,107462,4406,2413,4406,73,4406,4,4406,1,4406,0,1786,0,1.0282024000043748
3,0,,2026-07-28T20:21:25.431312,107426,4453,2324,4453,83,4453,2,4453,1,4453,2,1774,0,1.0289465999958338
3,0,,2026-07-28T20:21:26.461362,107024,4402,2355,4402,74,4402,2,4402,3,4402,2,1828,2,1.0295622999983607
3,0,,2026-07-28T20:21:27.491991,107330,4552,2414,4552,72,4552,5,4552,1,4552,1,1805,0,1.0302905999997165
3,0,,2026-07-28T20:21:28.521600,107387,4402,2277,4402,82,4402,2,4402,1,4402,1,1829,1,1.029263100004755
3,0,,2026-07-28T20:21:29.548674,107501,4380,2291,4380,80,4380,3,4380,2,4380,2,1820,1,1.026730800003861
3,0,,2026-07-28T20:21:30.577439,107411,4502,2397,4502,70,4502,4,4502,5,4502,2,1733,0,1.0284382999961963
3,0,,2026-07-28T20:21:31.606163,107394,4417,2362,4417,73,4417,3,4417,1,4417,3,1800,0,1.0283947999996599
3,0,,2026-07-28T20:21:32.635764,106736,4273,2296,4273,84,4273,3,4273,2,4273,3,1741,0,1.029227399994852
3,0,,2026-07-28T20:21:33.663219,107192,4510,2380,4510,86,4510,5,4510,5,4510,6,1789,1,1.02714219999325
3,0,,2026-07-28T20:21:34.693046,107049,4475,2376,4475,68,4475,2,4475,1,4475,0,1740,2,1.0294703999970807
3,0,,2026-07-28T20:21:35.721754,107357,4494,2389,4494,75,4494,2,4494,1,4494,2,1706,1,1.0282918000011705
3,0,,2026-07-28T20:21:36.751002,107168,4509,2358,4509,98,4509,0,4509,3,4509,2,1842,2,1.0288870999938808
3,0,,2026-07-28T20:21:37.779084,107410,4566,2385,4566,86,4566,2,4566,2,4566,3,1857,0,1.0277186000021175
3,0,,2026-07-28T20:21:38.808789,107214,4496,2388,4496,70,4496,7,4496,3,4496,3,1750,2,1.0293884000129765
3,0,,2026-07-28T20:21:39.837502,107144,4456,2384,4456,80,4456,1,4456,2,4457,4,1807,0,1.0283944999973755
3,0,,2026-07-28T20:21:40.865481,107218,4506,2346,4506,67,4506,4,4506,2,4505,2,1791,2,1.0276022000034573
3,0,,2026-07-28T20:21:41.895054,107933,4467,2408,4467,72,4467,3,4467,1,4467,2,1787,0,1.029255399989779
3,0,,2026-07-28T20:21:42.924689,108419,4522,2392,4522,91,4522,5,4522,3,4522,3,1747,1,1.0292647000023862
3,0,,2026-07-28T20:21:43.953423,107371,4423,2339,4423,76,4423,4,4423,0,4423,1,1816,0,1.02829629999178
3,0,,2026-07-28T20:21:44.980722,107165,4397,2295,4397,91,4397,5,4397,4,4397,2,1727,3,1.026519899998675
3,0,,2026-07-28T20:21:46.009405,106703,4445,2387,4445,72,4445,3,4445,2,4445,2,1787,0,1.0284537999978056
3,0,,2026-07-28T20:21:47.039876,107926,4376,2374,4376,74,4376,3,4376,1,4376,0,1806,0,1.0301116999908118
3,0,,2026-07-28T20:21:48.069153,107746,4466,2334,4466,61,4466,7,4466,3,4466,4,1755,1,1.0289207000023453
3,0,,2026-07-28T20:21:49.097830,107197,4413,2355,4413,75,4413,9,4413,4,4413,2,1773,0,1.028348299994832
3,0,,2026-07-28T20:21:50.127181,107180,4367,2292,4367,58,4367,2,4367,3,4367,0,1832,1,1.0290387999993982
3,0,,2026-07-28T20:21:51.155606,107077,4428,2322,4428,77,4428,1,4428,2,4428,4,1743,0,1.0281498999975156
3,0,,2026-07-28T20:21:52.185220,107223,4457,2361,4457,74,4457,5,4457,2,4457,1,1763,1,1.0292616000078851
3,0,,2026-07-28T20:21:53.214422,107090,4442,2361,4442,76,4442,1,4442,3,4442,2,1759,0,1.0287618000002112
3,0,,2026-07-28T20:21:54.243095,107540,4508,2349,4508,95,4508,0,4508,6,4508,1,1836,0,1.028284400003031
3,0,,2026-07-28T20:21:55.272935,107677,4474,2408,4474,82,4474,6,4474,0,4474,4,1824,0,1.0294530000101076
3,0,,2026-07-28T20:21:56.301261,107915,4393,2331,4393,79,4393,2,4393,1,4393,2,1803,0,1.0279315000079805
3,0,,2026-07-28T20:21:57.330689,107745,4556,2381,4556,79,4556,2,4556,4,4556,1,1795,1,1.029060600005323
3,0,,2026-07-28T20:21:58.358929,107206,4467,2371,4467,84,4467,2,4467,2,4467,2,1845,2,1.0278010000038194
3,0,,2026-07-28T20:21:59.387613,107831,4493,2410,4493,77,4493,3,4493,1,4493,0,1878,1,1.0283635999949183
3,0,,2026-07-28T20:22:00.415736,107133,4344,2266,4344,67,4344,3,4344,2,4344,3,1821,2,1.0277829999977257
3,0,,2026-07-28T20:22:01.445107,107438,4477,2346,4477,90,4477,4,4477,2,4477,5,1778,0,1.0290210999955889
3,0,,2026-07-28T20:22:02.473882,107209,4436,2369,4436,80,4436,3,4436,2,4436,4,1731,0,1.028436699998565
3,0,,2026-07-28T20:22:03.504056,107296,4413,2303,4413,81,4413,5,4413,1,4413,3,1787,0,1.0298348000069382
3,0,,2026-07-28T20:22:04.532620,107331,4535,2390,4535,67,4535,3,4535,2,4535,2,1818,0,1.0281567000056384
3,0,,2026-07-28T20:22:05.561777,107564,4453,2415,4453,71,4453,1,4453,5,4453,2,1827,0,1.0288589999981923
3,0,,2026-07-28T20:22:06.590328,107072,4364,2289,4364,74,4364,6,4364,2,4364,4,1795,1,1.02817619999405
3,0,,2026-07-28T20:22:07.620155,107039,4318,2299,4318,95,4318,2,4318,3,4318,2,1802,0,1.0294598000036785
3,0,,2026-07-28T20:22:08.649531,107776,4444,2390,4444,75,4444,1,4444,3,4444,0,1775,1,1.028954599998542
3,0,,2026-07-28T20:22:09.678537,107042,4457,2349,4457,71,4457,7,4457,3,4457,1,1844,0,1.028703999996651
3,0,,2026-07-28T20:22:10.707442,107454,4428,2359,4428,75,4428,4,4428,3,4428,3,1734,0,1.0285523000056855
3,0,,2026-07-28T20:22:11.736986,107600,4472,2430,4472,72,4472,2,4472,1,4472,3,1722,2,1.0291597999894293
3,0,,2026-07-28T20:22:12.766381,107747,4469,2406,4469,79,4469,5,4469,3,4469,0,1779,1,1.0289940999937244
3,0,,2026-07-28T20:22:13.794870,107092,4368,2321,4368,79,4368,5,4368,2,4368,3,1765,0,1.0281212999980198
3,0,,2026-07-28T20:22:14.824472,107162,4405,2340,4405,82,4405,4,4405,3,4405,1,1771,1,1.0292311000084737
3,0,,2026-07-28T20:22:15.853542,107582,4434,2307,4434,93,4434,2,4434,2,4434,3,1795,0,1.028592300004675
3,0,,2026-07-28T20:22:16.882820,107537,4368,2309,4368,65,4368,3,4368,3,4368,1,1760,1,1.0289347999932943
3,0,,2026-07-28T20:22:17.910204,107257,4461,2413,4461,83,4461,7,4461,0,4461,1,1724,1,1.026931300002616
3,0,,2026-07-28T20:22:18.938437,107000,4472,2382,4472,70,4472,3,4472,1,4472,1,1821,1,1.0279497999872547
3,0,,2026-07-28T20:22:19.968013,107387,4457,2369,4457,74,4457,2,4457,4,4457,6,1768,1,1.0292042000073707
3,0,,2026-07-28T20:22:20.997099,107543,4498,2350,4498,81,4498,1,4498,3,4498,1,1698,2,1.028728500008583
3,0,,2026-07-28T20:22:22.026182,107089,4415,2382,4415,78,4415,4,4415,3,4415,0,1715,3,1.0287303999939468
3,0,,2026-07-28T20:22:23.055378,107520,4354,2277,4354,70,4354,3,4354,2,4354,3,1757,2,1.0288338999962434
3,0,,2026-07-28T20:22:24.084612,107753,4534,2358,4534,95,4534,3,4534,7,4534,1,1829,0,1.0289250000059837
3,0,,2026-07-28T20:22:25.113208,107194,4437,2278,4437,76,4437,4,4437,3,4437,1,1821,2,1.0282003999891458
3,0,,2026-07-28T20:22:26.141647,106936,4442,2326,4442,87,4442,3,4442,3,4442,2,1701,0,1.0280974999914179
3,0,,2026-07-28T20:22:27.171635,107896,4532,2426,4532,73,4532,5,4532,1,4532,3,1770,1,1.0296917000086978
3,0,,2026-07-28T20:22:28.200646,107700,4369,2292,4369,82,4369,7,4369,3,4369,4,1780,1,1.028550200004247
3,0,,2026-07-28T20:22:29.229621,107422,4370,2314,4370,88,4370,4,4370,6,4370,2,1842,2,1.0286100000084843
3,0,,2026-07-28T20:22:30.258623,107543,4486,2394,4486,93,4486,5,4486,4,4486,5,1835,0,1.028677099995548
3,0,,2026-07-28T20:22:31.288387,107714,4524,2360,4524,78,4524,4,4524,4,4524,0,1734,0,1.0294289000012213
3,0,,2026-07-28T20:22:32.319335,108191,4447,2406,4447,89,4447,6,4447,2,4447,1,1813,0,1.0304793999966932
3,0,,2026-07-28T20:22:33.346786,107733,4425,2372,4425,67,4425,5,4425,4,4425,3,1805,1,1.0270657999935793
3,0,,2026-07-28T20:22:34.373318,107588,4558,2425,4558,72,4558,3,4558,2,4558,1,1754,0,1.0262346000090474
3,0,,2026-07-28T20:22:35.399601,106559,4539,2442,4539,76,4539,5,4539,1,4539,1,1832,2,1.0260329000011552
3,0,,2026-07-28T20:22:36.426025,106948,4391,2353,4391,65,4391,4,4391,4,4391,2,1871,2,1.0262037000065902
3,0,,2026-07-28T20:22:37.455476,107107,4323,2334,4323,96,4323,6,4323,2,4323,1,1857,0,1.029216399998404
3,0,,2026-07-28T20:22:38.484180,107380,4410,2423,4410,79,4410,8,4410,0,4410,2,1795,2,1.0282846000045538
3,0,,2026-07-28T20:22:39.512997,107667,4396,2356,4396,79,4396,4,4396,5,4396,2,1700,0,1.0284882000123616
3,0,,2026-07-28T20:22:40.541891,107409,4513,2348,4513,72,4513,2,4513,2,4513,2,1784,0,1.0284327999979723
3,0,,2026-07-28T20:22:41.570785,107385,4348,2329,4348,80,4348,1,4348,3,4348,2,1748,0,1.0285066000069492
3,0,,2026-07-28T20:22:42.598874,107313,4544,2314,4544,85,4544,3,4544,0,4544,4,1781,1,1.027692700008629
3,0,,2026-07-28T20:22:43.627638,107034,4507,2342,4507,88,4507,5,4507,2,4507,2,1800,3,1.0283692000084557
3,0,,2026-07-28T20:22:44.654501,107077,4423,2339,4423,83,4423,9,4423,1,4423,2,1803,0,1.0265152000065427
3,0,,2026-07-28T20:22:45.682857,106974,4487,2385,4487,99,4487,2,4487,5,4487,2,1798,0,1.0280330999958096
3,0,,2026-07-28T20:22:46.712024,107439,4523,2418,4523,95,4523,6,4523,1,4523,2,1828,0,1.0287997999985237
3,0,,2026-07-28T20:22:47.740680,107452,4536,2401,4536,79,4536,3,4536,2,4536,5,1715,0,1.0282618000055663
3,0,,2026-07-28T20:22:48.769313,106934,4403,2279,4403,77,4403,3,4403,1,4403,0,1787,1,1.0281804999976885
3,0,,2026-07-28T20:22:49.795753,107409,4315,2321,4315,69,4315,6,4315,4,4315,1,1739,3,1.0261515000020154
3,0,,2026-07-28T20:22:50.825674,106979,4526,2445,4526,82,4526,2,4526,1,4526,6,1827,2,1.029632199992193
3,0,,2026-07-28T20:22:51.854054,107291,4454,2373,4454,77,4454,4,4454,2,4454,3,1769,1,1.028070000000298
3,0,,2026-07-28T20:22:52.882298,107635,4443,2350,4443,64,4443,2,4443,1,4443,1,1803,0,1.0278740000067046
3,0,,2026-07-28T20:22:53.911394,107613,4508,2358,4508,84,4508,3,4508,3,4508,0,1732,0,1.028689700004179
3,0,,2026-07-28T20:22:54.940823,106934,4516,2393,4516,71,4516,4,4516,2,4516,3,1794,0,1.02900770000997
3,0,,2026-07-28T20:22:55.970009,107023,4301,2275,4301,69,4301,1,4301,2,4301,3,1781,1,1.0288237999920966
3,0,,2026-07-28T20:22:56.998977,107358,4461,2392,4461,85,4461,1,4461,2,4461,3,1784,0,1.0286536999919917
3,0,,2026-07-28T20:22:58.027711,107297,4437,2340,4437,73,4437,8,4437,3,4437,4,1813,0,1.0283675999962725
3,0,,2026-07-28T20:22:59.057010,107056,4466,2378,4466,74,4466,4,4466,1,4466,4,1804,0,1.028752700003679
3,0,,2026-07-28T20:23:00.083972,107427,4427,2353,4427,73,4427,2,4427,3,4427,3,1778,1,1.0265962999983458
3,0,,2026-07-28T20:23:01.113811,107030,4480,2377,4480,87,4480,3,4480,2,4480,1,1778,0,1.0295363000041107
3,0,,2026-07-28T20:23:02.143155,107516,4361,2317,4361,66,4361,3,4361,4,4361,3,1822,1,1.028866399996332
3,0,,2026-07-28T20:23:03.171831,107758,4411,2294,4411,65,4411,3,4411,4,4411,1,1780,0,1.0283112000033725
3,0,,2026-07-28T20:23:04.200685,107616,4490,2356,4490,79,4490,2,4490,0,4490,3,1798,1,1.0284661000041524
3,0,,2026-07-28T20:23:05.230676,107596,4491,2372,4491,82,4491,3,4491,1,4491,1,1719,1,1.0296470999892335
3,0,,2026-07-28T20:23:06.259761,107686,4439,2358,4439,83,4439,2,4439,1,4439,0,1748,1,1.0287371000013081
3,0,,2026-07-28T20:23:07.288737,107157,4418,2370,4418,69,4418,2,4418,6,4418,4,1705,1,1.0285613000014564
3,0,,2026-07-28T20:23:08.316526,106964,4369,2312,4369,97,4369,4,4369,1,4369,2,1708,0,1.0274432000005618
3,0,,2026-07-28T20:23:09.345787,107142,4385,2333,4385,91,4385,7,4385,5,4385,2,1736,1,1.028866200009361
3,0,,2026-07-28T20:23:10.374596,107287,4356,2297,4356,86,4356,8,4356,2,4356,3,1784,0,1.0283937999920454
3,0,,2026-07-28T20:23:11.403275,107724,4456,2379,4456,60,4456,4,4456,4,4456,2,1772,0,1.0283202999999048
3,0,,2026-07-28T20:23:12.432448,107030,4365,2313,4365,83,4365,4,4365,6,4365,2,1767,0,1.0288031999953091
3,0,,2026-07-28T20:23:13.461347,107753,4371,2319,4371,97,4371,4,4371,2,4371,5,1684,0,1.0285939000023063
3,0,,2026-07-28T20:23:14.490496,106945,4522,2366,4522,73,4522,4,4522,7,4522,3,1798,0,1.0287697999883676
3,0,,2026-07-28T20:23:15.518866,106846,4380,2367,4380,76,4380,4,4380,2,4380,3,1796,0,1.0279751000052784
3,0,,2026-07-28T20:23:16.547746,107090,4331,2264,4331,88,4331,6,4331,1,4331,2,1801,1,1.0285365000017919
3,0,,2026-07-28T20:23:17.576344,106608,4496,2378,4496,62,4496,7,4496,1,4496,0,1810,1,1.028077899987693
3,0,,2026-07-28T20:23:18.605856,107062,4422,2334,4422,73,4422,3,4422,2,4422,1,1780,1,1.0291563000064343
3,0,,2026-07-28T20:23:19.632683,107456,4341,2275,4341,96,4341,2,4341,3,4341,1,1831,0,1.0264766000036616
3,0,,2026-07-28T20:23:20.660978,106740,4379,2345,4379,83,4379,1,4379,0,4379,2,1779,2,1.0279804000019794
3,0,,2026-07-28T20:23:21.688750,107858,4357,2274,4357,88,4357,4,4357,6,4357,0,1755,0,1.0274465999973472
3,0,,2026-07-28T20:23:22.715769,107751,4544,2422,4544,85,4544,1,4544,3,4544,1,1793,0,1.026707000011811
3,0,,2026-07-28T20:23:23.743403,107427,4576,2431,4576,90,4576,1,4576,4,4576,2,1769,0,1.0273804000025848
3,0,,2026-07-28T20:23:24.770758,107288,4306,2301,4306,82,4306,4,4306,2,4306,1,1763,0,1.0269613999989815
3,0,,2026-07-28T20:23:25.796860,107109,4353,2276,4353,98,4353,2,4353,3,4353,2,1751,0,1.0259302999911597
3,0,,2026-07-28T20:23:26.824485,107211,4366,2326,4366,91,4366,3,4366,2,4366,1,1733,0,1.0271569000033196
3,0,,2026-07-28T20:23:27.851307,107269,4416,2320,4416,94,4416,3,4416,3,4416,2,1785,1,1.0263766999996733
3,0,,2026-07-28T20:23:28.878654,107204,4458,2418,4458,89,4458,4,4458,1,4458,4,1828,1,1.0270944999938365
3,0,,2026-07-28T20:23:29.906104,107826,4472,2368,4472,84,4472,3,4472,2,4472,2,1764,1,1.0273025999922538
3,0,,2026-07-28T20:23:30.933112,106883,4505,2343,4505,83,4505,5,4505,1,4505,0,1807,1,1.02674859999388
3,0,,2026-07-28T20:23:31.959994,106887,4396,2377,4396,72,4396,6,4396,1,4396,3,1732,1,1.0266039999987697
3,0,,2026-07-28T20:23:32.989246,106914,4420,2372,4420,75,4420,4,4420,1,4420,0,1836,0,1.0288700000091922
3,0,,2026-07-28T20:23:34.018149,107138,4381,2335,4381,72,4381,3,4381,1,4381,0,1834,0,1.028549100010423
3,0,,2026-07-28T20:23:35.044806,107747,4371,2274,4371,78,4371,6,4371,5,4371,1,1834,2,1.0263248000119347
3,0,,2026-07-28T20:23:36.070785,107450,4535,2443,4535,71,4535,8,4535,1,4535,2,1809,0,1.0257956999994349
3,0,,2026-07-28T20:23:37.099863,106779,4409,2314,4409,81,4409,7,4409,2,4409,0,1731,1,1.0289008999970974
3,0,,2026-07-28T20:23:38.127319,107128,4504,2429,4504,70,4504,0,4504,3,4504,1,1818,0,1.027135600001202
3,0,,2026-07-28T20:23:39.155290,107255,4405,2310,4405,77,4405,1,4405,2,4405,0,1805,0,1.027694899996277
3,0,,2026-07-28T20:23:40.183160,106858,4366,2305,4366,85,4366,3,4366,0,4366,3,1763,0,1.027678600003128
3,0,,2026-07-28T20:23:41.212463,107168,4374,2324,4374,85,4374,4,4374,0,4374,4,1703,1,1.0290659999882337
3,0,,2026-07-28T20:23:42.242049,107513,4556,2364,4556,89,4556,6,4556,3,4556,3,1823,0,1.0292410000110976
3,0,,2026-07-28T20:23:43.271780,107460,4437,2345,4437,80,4437,4,4437,1,4437,2,1772,1,1.0293597999989288
3,0,,2026-07-28T20:23:44.301384,107859,4434,2310,4434,77,4434,2,4434,3,4434,1,1835,1,1.029193700000178
3,0,,2026-07-28T20:23:45.330306,107362,4504,2378,4504,83,4504,3,4504,4,4504,3,1795,0,1.0284691999986535
3,0,,2026-07-28T20:23:46.358931,106995,4469,2372,4469,81,4469,4,4469,1,4469,1,1787,0,1.0282424000033643
3,0,,2026-07-28T20:23:47.388272,107398,4394,2371,4394,82,4394,1,4394,4,4394,5,1810,1,1.029022000002442
3,0,,2026-07-28T20:23:48.416498,107623,4414,2366,4414,93,4414,4,4414,1,4414,0,1783,1,1.0278330000001006
3,0,,2026-07-28T20:23:49.445703,107210,4442,2383,4442,62,4442,0,4442,2,4442,3,1748,0,1.0286766000062926
3,0,,2026-07-28T20:23:50.472871,107374,4439,2357,4439,81,4439,3,4439,1,4439,0,1789,1,1.0268453000026057
3,0,,2026-07-28T20:23:51.501993,106971,4442,2321,4442,85,4442,4,4442,0,4442,2,1766,2,1.0288168000115547
3,0,,2026-07-28T20:23:52.531092,106995,4410,2357,4410,77,4410,0,4410,4,4410,3,1771,0,1.0287142000015592
3,0,,2026-07-28T20:23:53.560099,107653,4460,2358,4460,73,4460,0,4460,1,4460,0,1817,2,1.0286480999930063
3,0,,2026-07-28T20:23:54.588874,107084,4455,2444,4455,87,4455,5,4455,2,4455,1,1761,1,1.028430499995011
3,0,,2026-07-28T20:23:55.616862,107140,4605,2436,4605,93,4605,2,4605,2,4605,0,1699,1,1.0276339999982156
3,0,,2026-07-28T20:23:56.646230,106894,4438,2370,4438,76,4438,5,4438,0,4438,2,1759,0,1.028933000008692
3,0,,2026-07-28T20:23:57.674543,107262,4503,2405,4503,68,4503,2,4503,0,4503,2,1767,1,1.027957400001469
3,0,,2026-07-28T20:23:58.704362,106889,4496,2368,4496,92,4496,1,4496,1,4496,3,1794,0,1.0294221000076504
3,0,,2026-07-28T20:23:59.734670,107322,4397,2287,4397,88,4397,6,4397,0,4397,2,1828,0,1.0299337999895215
3,0,,2026-07-28T20:24:00.763227,107122,4342,2282,4342,73,4342,4,4342,0,4342,1,1762,3,1.0281497999967542
3,0,,2026-07-28T20:24:01.792583,107649,4544,2358,4544,88,4544,7,4544,2,4544,2,1774,1,1.0290468000021065
3,0,,2026-07-28T20:24:02.821810,107254,4420,2353,4420,67,4420,3,4420,8,4420,0,1864,1,1.0288492999970913
3,0,,2026-07-28T20:24:03.849669,107134,4298,2230,4298,93,4298,6,4298,3,4298,4,1760,0,1.027532300009625
3,0,,2026-07-28T20:24:04.878261,107393,4335,2342,4335,69,4335,2,4335,2,4335,1,1766,0,1.028279999998631
3,0,,2026-07-28T20:24:05.907205,106345,4521,2393,4521,82,4521,3,4521,1,4521,2,1718,1,1.028634400005103
3,0,,2026-07-28T20:24:06.935528,107131,4505,2398,4505,79,4505,2,4505,1,4505,0,1778,2,1.0279633000027388
3,0,,2026-07-28T20:24:07.964043,106997,4495,2394,4495,71,4495,6,4495,6,4495,1,1783,1,1.0282240999949863
3,0,,2026-07-28T20:24:08.992137,106927,4522,2385,4522,76,4522,2,4522,1,4522,5,1700,0,1.0277519000082975
3,0,,2026-07-28T20:24:10.022327,107315,4569,2437,4569,91,4569,4,4569,4,4569,2,1782,0,1.0298486999963643
3,0,,2026-07-28T20:24:11.051792,107525,4455,2318,4455,72,4455,2,4455,0,4455,3,1828,0,1.0290861999965273
3,0,,2026-07-28T20:24:12.080308,107363,4513,2376,4513,92,4513,8,4513,3,4513,3,1763,1,1.0281676999875344
3,0,,2026-07-28T20:24:13.109126,106953,4405,2294,4405,87,4405,4,4405,6,4405,1,1834,1,1.0285503000050085
3,0,,2026-07-28T20:24:14.137783,107465,4423,2387,4423,75,4423,2,4423,3,4423,3,1748,0,1.028289499998209
3,0,,2026-07-28T20:24:15.166778,107506,4446,2361,4446,78,4446,2,4446,5,4446,2,1851,2,1.0287087000033353
3,0,,2026-07-28T20:24:16.196395,107047,4396,2294,4396,96,4396,1,4396,2,4396,0,1822,1,1.0293177999992622
3,0,,2026-07-28T20:24:17.222984,107841,4547,2402,4547,80,4547,3,4547,2,4547,0,1729,2,1.0262618999986444
3,0,,2026-07-28T20:24:18.250736,107040,4413,2399,4413,69,4413,3,4413,3,4413,3,1735,1,1.0275726999971084
3,0,,2026-07-28T20:24:19.301438,109863,4528,2393,4528,71,4528,6,4528,5,4528,1,1848,0,1.0504488999868045
3,0,,2026-07-28T20:24:20.330144,107074,4505,2391,4505,84,4505,3,4505,2,4505,3,1807,0,1.028402299998561
3,0,,2026-07-28T20:24:21.358786,107071,4438,2369,4438,82,4438,2,4438,0,4438,1,1875,1,1.0283182999992277
3,0,,2026-07-28T20:24:22.387834,107130,4488,2412,4488,71,4488,7,4488,2,4488,3,1781,0,1.0286118000076385
3,0,,2026-07-28T20:24:23.415709,107281,4240,2231,4240,80,4240,1,4240,1,4240,1,1760,0,1.0275241000053938
3,0,,2026-07-28T20:24:24.445444,106999,4441,2312,4441,73,4441,2,4441,1,4441,3,1737,1,1.0293780000065453
3,0,,2026-07-28T20:24:25.474788,107731,4418,2316,4418,85,4418,7,4418,1,4418,3,1829,1,1.0289013000001432
3,0,,2026-07-28T20:24:26.504017,107042,4424,2331,4424,82,4424,1,4424,4,4424,3,1745,0,1.0287317999900552
3,0,,2026-07-28T20:24:27.532990,107199,4456,2330,4456,79,4456,1,4456,5,4456,0,1771,0,1.0285695999918971
3,0,,2026-07-28T20:24:28.563424,107228,4570,2467,4570,89,4570,3,4570,4,4570,3,1830,0,1.0300629999983357
3,0,,2026-07-28T20:24:29.592197,107325,4526,2430,4526,81,4526,5,4526,1,4526,4,1828,0,1.0284251999983098
3,0,,2026-07-28T20:24:30.621001,107430,4335,2299,4335,76,4335,1,4335,0,4335,4,1783,1,1.0284957999974722
3,0,,2026-07-28T20:24:31.649505,107033,4481,2411,4481,84,4481,1,4481,1,4481,2,1751,0,1.028210600008606
3,0,,2026-07-28T20:24:32.678354,107861,4379,2272,4379,80,4379,1,4379,3,4379,1,1807,1,1.0284848000010243
3,0,,2026-07-28T20:24:33.707034,107251,4345,2233,4345,72,4345,1,4345,4,4345,3,1761,1,1.028305799991358
3,0,,2026-07-28T20:24:34.735604,106943,4457,2402,4457,66,4457,0,4457,3,4457,0,1823,1,1.0281146000052104
3,0,,2026-07-28T20:24:35.762751,106694,4615,2479,4615,77,4615,0,4615,3,4615,0,1727,1,1.026822900006664
3,0,,2026-07-28T20:24:36.790826,107447,4349,2230,4349,94,4349,1,4349,3,4349,1,1706,1,1.0278044000006048
3,0,,2026-07-28T20:24:37.819315,107021,4409,2324,4409,90,4409,1,4409,1,4409,2,1856,0,1.028132799998275
3,0,,2026-07-28T20:24:38.847405,106646,4356,2327,4356,69,4356,2,4356,3,4356,1,1816,1,1.0277351000113413
3,0,,2026-07-28T20:24:39.874765,106729,4415,2327,4415,75,4415,7,4415,0,4415,2,1829,1,1.0270920999901136
3,0,,2026-07-28T20:24:40.902072,107092,4463,2354,4463,87,4463,4,4463,3,4463,5,1850,0,1.0269610999966972
3,0,,2026-07-28T20:24:41.931322,106542,4364,2249,4364,75,4364,3,4364,2,4364,0,1777,2,1.0288666999986162
3,0,,2026-07-28T20:24:42.960215,107235,4419,2362,4419,79,4419,1,4419,1,4419,2,1793,0,1.0285972999990918
3,0,,2026-07-28T20:24:43.989295,107736,4372,2336,4372,96,4372,2,4372,4,4372,3,1789,0,1.0287481999985175
3,0,,2026-07-28T20:24:45.017694,106999,4353,2228,4353,75,4353,3,4353,1,4353,1,1759,2,1.0280164999858243
3,0,,2026-07-28T20:24:46.047518,107370,4566,2391,4566,64,4566,7,4566,0,4566,0,1792,0,1.0294690000009723
3,0,,2026-07-28T20:24:47.075855,107502,4436,2388,4436,80,4436,8,4436,4,4436,1,1677,2,1.0280124999990221
3,0,,2026-07-28T20:24:48.103994,106774,4334,2350,4334,63,4334,2,4334,4,4334,1,1776,2,1.0278448000026401
3,0,,2026-07-28T20:24:49.132660,106943,4345,2283,4345,66,4345,3,4345,2,4345,3,1779,2,1.028394200009643
3,0,,2026-07-28T20:24:50.161444,107786,4436,2386,4436,77,4436,3,4436,3,4436,1,1807,0,1.0284566999907838
3,0,,2026-07-28T20:24:51.190028,107184,4401,2357,4401,89,4401,4,4401,2,4401,1,1760,1,1.0281441999977687
3,0,,2026-07-28T20:24:52.217665,107591,4458,2408,4458,68,4458,1,4458,2,4458,1,1730,1,1.0273207999998704
3,0,,2026-07-28T20:24:53.246644,106608,4406,2304,4406,74,4406,4,4406,1,4406,0,1789,0,1.0287823999969987
3,0,,2026-07-28T20:24:54.277146,106947,4414,2323,4414,66,4414,3,4414,2,4414,1,1730,0,1.0299987999896985
3,0,,2026-07-28T20:24:55.306143,107588,4484,2360,4484,77,4484,3,4484,4,4484,1,1737,0,1.028415099994163
3,0,,2026-07-28T20:24:56.335792,107040,4466,2326,4466,82,4466,5,4466,2,4466,0,1822,1,1.029209099986474
3,0,,2026-07-28T20:24:57.364245,107476,4503,2404,4503,71,4503,0,4503,2,4503,2,1767,1,1.0280397000024095
3,0,,2026-07-28T20:24:58.393271,107183,4402,2367,4402,78,4402,2,4402,1,4402,4,1740,0,1.0286924999963958
3,0,,2026-07-28T20:24:59.422097,107226,4478,2385,4478,82,4478,4,4478,2,4478,2,1786,1,1.0284648000088055
3,0,,2026-07-28T20:25:00.449316,107474,4444,2396,4444,59,4444,2,4444,1,4444,1,1788,0,1.0268858000054024
3,0,,2026-07-28T20:25:01.478976,106973,4378,2298,4378,72,4378,2,4378,2,4378,2,1773,0,1.0293564000021433
3,0,,2026-07-28T20:25:02.508563,107192,4415,2279,4415,71,4415,1,4415,2,4415,3,1782,1,1.0291118000022834
3,0,,2026-07-28T20:25:03.537010,106934,4522,2418,4522,84,4522,4,4522,6,4522,1,1794,1,1.0280003999941982
3,0,,2026-07-28T20:25:04.565893,106659,4438,2331,4438,73,4438,2,4438,5,4438,3,1906,0,1.0285376999963773
3,0,,2026-07-28T20:25:05.594419,107761,4401,2313,4401,90,4401,3,4401,2,4401,6,1812,0,1.0281638999877032
3,0,,2026-07-28T20:25:06.624565,106770,4397,2338,4397,74,4397,4,4397,2,4397,1,1791,0,1.0297576000011759
3,0,,2026-07-28T20:25:07.653366,107695,4420,2322,4420,93,4420,1,4420,4,4420,4,1744,0,1.0283235999959288
3,0,,2026-07-28T20:25:08.680841,107678,4516,2381,4516,92,4516,5,4516,4,4516,2,1774,2,1.0271023999957833
3,0,,2026-07-28T20:25:09.707391,106577,4424,2321,4424,71,4424,2,4424,3,4424,4,1771,1,1.0262546000012662
3,0,,2026-07-28T20:25:10.734752,107445,4551,2356,4551,86,4551,2,4551,2,4551,3,1791,3,1.0272300999931758
3,0,,2026-07-28T20:25:11.763071,106946,4451,2349,4451,82,4451,4,4451,4,4451,3,1775,3,1.0281669999967562
3,0,,2026-07-28T20:25:12.792041,107826,4570,2496,4570,95,4570,4,4570,2,4570,2,1795,1,1.0286519000073895
3,0,,2026-07-28T20:25:13.820041,107573,4445,2386,4445,70,4445,2,4445,3,4445,2,1816,0,1.0276392999949167
3,0,,2026-07-28T20:25:14.848766,107179,4425,2338,4425,68,4425,5,4425,1,4425,2,1811,1,1.0284201000031317
3,0,,2026-07-28T20:25:15.877622,107170,4460,2348,4460,72,4460,2,4460,3,4460,2,1776,1,1.0285765000007814
3,0,,2026-07-28T20:25:16.907417,107147,4489,2360,4489,84,4489,2,4489,2,4489,2,1777,0,1.0295103999960702
3,0,,2026-07-28T20:25:17.936985,106232,4417,2335,4417,66,4417,1,4417,4,4417,1,1814,3,1.029239299998153
3,0,,2026-07-28T20:25:18.965144,107310,4532,2459,4532,84,4532,8,4532,2,4532,1,1785,0,1.0277441999933217
3,0,,2026-07-28T20:25:19.993647,107569,4351,2306,4351,66,4351,2,4351,1,4351,1,1758,1,1.0281389000010677
3,0,,2026-07-28T20:25:21.022420,107082,4364,2352,4364,74,4364,5,4364,2,4364,1,1732,1,1.0284305999957724
3,0,,2026-07-28T20:25:22.050957,107930,4462,2415,4462,76,4462,2,4462,5,4462,0,1800,2,1.0282287999871187
3,0,,2026-07-28T20:25:23.077974,107463,4361,2307,4361,77,4361,4,4361,1,4361,2,1789,0,1.026695299995481
3,0,,2026-07-28T20:25:24.106017,107022,4618,2380,4618,85,4618,0,4618,3,4618,2,1849,3,1.027787500002887
3,0,,2026-07-28T20:25:25.134563,107661,4544,2427,4544,93,4544,3,4544,4,4544,1,1755,1,1.0282085000071675
3,0,,2026-07-28T20:25:26.163052,107546,4388,2348,4388,83,4388,6,4388,6,4388,1,1732,2,1.0281843999982812
3,0,,2026-07-28T20:25:27.190445,108018,4495,2433,4495,76,4495,3,4495,1,4495,1,1722,0,1.0270387999917148
3,0,,2026-07-28T20:25:28.218765,107684,4402,2337,4402,75,4402,1,4402,1,4402,1,1719,0,1.0279863000032492
3,0,,2026-07-28T20:25:29.246265,107088,4437,2290,4437,73,4437,3,4437,4,4437,2,1766,1,1.0271772000123747
3,0,,2026-07-28T20:25:30.274088,106905,4415,2330,4415,80,4415,1,4415,3,4415,2,1765,0,1.0274438000051305
3,0,,2026-07-28T20:25:31.302151,107246,4406,2357,4406,87,4406,5,4406,3,4406,1,1890,0,1.0278008000022965
3,0,,2026-07-28T20:25:32.329067,107409,4452,2331,4452,75,4452,1,4452,2,4452,3,1830,0,1.0266348000004655
3,0,,2026-07-28T20:25:33.357760,107042,4496,2380,4496,81,4496,1,4496,3,4496,2,1801,1,1.028450999991037
3,0,,2026-07-28T20:25:34.385643,107266,4473,2354,4473,80,4473,4,4473,2,4473,5,1779,2,1.0275380999955814
3,0,,2026-07-28T20:25:35.414347,107371,4417,2296,4417,82,4417,3,4417,5,4417,2,1835,1,1.0284122000011848
3,0,,2026-07-28T20:25:36.443016,107533,4570,2444,4570,84,4570,5,4570,1,4570,4,1793,0,1.0283555000060005
3,0,,2026-07-28T20:25:37.471893,107145,4362,2288,4362,76,4362,0,4362,3,4362,1,1808,2,1.0284970000066096
3,0,,2026-07-28T20:25:38.501526,107253,4402,2306,4402,88,4402,5,4402,3,4402,1,1837,0,1.0292757999995956
3,0,,2026-07-28T20:25:39.530271,107265,4443,2309,4443,70,4443,3,4443,1,4443,2,1811,1,1.0283247000043048
3,0,,2026-07-28T20:25:40.558825,107304,4402,2363,4402,76,4402,5,4402,2,4402,5,1813,1,1.0282073999987915
3,0,,2026-07-28T20:25:41.586005,106915,4448,2337,4448,85,4448,4,4448,1,4448,1,1796,0,1.0268367999960901
3,0,,2026-07-28T20:25:42.614676,106586,4398,2338,4398,75,4398,4,4398,1,4398,2,1771,1,1.0285054999985732
3,0,,2026-07-28T20:25:43.644774,106973,4368,2283,4368,85,4368,3,4368,0,4368,0,1711,1,1.029739099991275
3,0,,2026-07-28T20:25:44.672985,107302,4482,2336,4482,87,4482,5,4482,2,4482,5,1795,1,1.0278875000076368
3,0,,2026-07-28T20:25:45.702204,107672,4442,2356,4442,74,4442,1,4442,3,4442,0,1823,0,1.0288669999863487
3,0,,2026-07-28T20:25:46.730622,107285,4421,2336,4421,89,4421,5,4421,2,4421,1,1847,1,1.028059399992344
3,0,,2026-07-28T20:25:47.759685,107325,4490,2447,4490,76,4490,3,4490,4,4490,1,1740,1,1.0287129999924218
3,0,,2026-07-28T20:25:48.787704,107341,4333,2278,4333,81,4333,3,4333,4,4333,3,1772,3,1.0275624999922002
3,0,,2026-07-28T20:25:49.814147,107065,4426,2284,4426,76,4426,5,4426,3,4426,2,1750,0,1.026138400004129
3,0,,2026-07-28T20:25:50.842756,106614,4413,2385,4413,83,4413,1,4413,0,4413,1,1775,0,1.028396599998814
3,0,,2026-07-28T20:25:51.870405,107198,4336,2289,4336,73,4336,3,4336,2,4336,1,1811,1,1.027301100009936
3,0,,2026-07-28T20:25:52.899146,106639,4385,2289,4385,86,4385,3,4385,4,4385,0,1820,0,1.028386199992383
3,0,,2026-07-28T20:25:53.928500,107073,4412,2368,4412,69,4412,1,4412,2,4412,1,1723,0,1.028994899999816
3,0,,2026-07-28T20:25:54.956629,107065,4387,2413,4387,93,4387,3,4387,4,4387,1,1700,0,1.0277853000006871
3,0,,2026-07-28T20:25:55.986857,107369,4508,2398,4508,78,4508,0,4508,0,4508,1,1791,0,1.0298853999993298
3,0,,2026-07-28T20:25:57.013244,107158,4424,2344,4424,90,4424,0,4424,2,4424,2,1788,1,1.0260580999893136
3,0,,2026-07-28T20:25:58.040299,107430,4439,2365,4439,76,4439,2,4439,2,4439,1,1775,1,1.02690640000219
3,0,,2026-07-28T20:25:59.068746,106258,4456,2326,4456,81,4456,3,4456,4,4456,1,1697,0,1.0281344999966677
3,0,,2026-07-28T20:26:00.095731,107258,4339,2326,4339,80,4339,2,4339,3,4339,4,1783,0,1.0266173999989405
3,0,,2026-07-28T20:26:01.123857,106534,4299,2220,4299,80,4299,2,4299,1,4299,1,1736,0,1.027892799989786
3,0,,2026-07-28T20:26:02.153213,107111,4342,2319,4342,71,4342,3,4342,1,4342,3,1819,2,1.0289825999934692
3,0,,2026-07-28T20:26:03.181729,107417,4513,2394,4513,87,4513,2,4513,1,4513,2,1819,1,1.0281267999962438
3,0,,2026-07-28T20:26:04.210101,106758,4413,2306,4413,78,4413,4,4413,2,4413,0,1740,0,1.0281144000036875
3,0,,2026-07-28T20:26:05.239178,106726,4321,2260,4321,71,4321,5,4321,1,4321,1,1810,0,1.0287887000013143
3,0,,2026-07-28T20:26:06.269198,106771,4375,2317,4375,79,4375,4,4375,1,4375,3,1759,0,1.0296489000029396
3,0,,2026-07-28T20:26:07.297807,107773,4459,2359,4459,75,4459,2,4459,4,4459,4,1804,1,1.0282575000019278
3,0,,2026-07-28T20:26:08.326647,106718,4429,2322,4429,76,4429,4,4429,5,4429,1,1752,1,1.0284348999994108
3,0,,2026-07-28T20:26:09.355752,107848,4479,2389,4479,79,4479,0,4479,4,4479,3,1853,0,1.028794999991078
3,0,,2026-07-28T20:26:10.384923,107039,4530,2411,4530,82,4530,1,4530,1,4530,4,1807,4,1.0288190999999642
3,0,,2026-07-28T20:26:11.413363,107014,4451,2391,4451,66,4451,5,4451,1,4451,4,1748,0,1.028125099997851
3,0,,2026-07-28T20:26:12.442869,107440,4511,2401,4511,84,4511,4,4511,2,4511,1,1812,3,1.0291481000022031
3,0,,2026-07-28T20:26:13.472609,107599,4436,2319,4436,99,4436,1,4436,6,4436,1,1840,0,1.0293738999898778
3,0,,2026-07-28T20:26:14.501833,107512,4317,2303,4317,66,4317,1,4317,2,4317,2,1762,1,1.0288006999908248
3,0,,2026-07-28T20:26:15.531103,107745,4515,2390,4515,70,4515,1,4515,3,4515,0,1755,1,1.0288841000001412
3,0,,2026-07-28T20:26:16.561693,107000,4384,2295,4384,80,4384,4,4384,2,4384,2,1838,2,1.0301767000055406
3,0,,2026-07-28T20:26:17.590707,107783,4526,2414,4526,90,4526,2,4526,3,4526,2,1747,2,1.028383999990183
3,0,,2026-07-28T20:26:18.618839,108186,4382,2374,4382,77,4382,2,4382,5,4382,4,1837,4,1.027800900003058
3,0,,2026-07-28T20:26:19.648682,107565,4434,2361,4434,81,4434,9,4434,0,4434,3,1793,0,1.029548699996667
3,0,,2026-07-28T20:26:20.677460,107027,4330,2314,4330,81,4330,3,4330,2,4330,3,1810,0,1.0283221999998204
3,0,,2026-07-28T20:26:21.705966,106798,4427,2328,4427,79,4427,5,4427,4,4427,3,1706,2,1.028095100002247
3,0,,2026-07-28T20:26:22.734472,106776,4492,2342,4492,87,4492,2,4492,1,4492,2,1767,0,1.0281618000008166
3,0,,2026-07-28T20:26:23.763023,106861,4434,2298,4434,69,4434,4,4434,5,4434,4,1781,0,1.0282098000025144
3,0,,2026-07-28T20:26:24.792162,106949,4396,2345,4396,88,4396,0,4396,3,4396,3,1710,0,1.0288269000011496
3,0,,2026-07-28T20:26:25.820462,107562,4416,2330,4416,74,4416,1,4416,4,4416,1,1788,0,1.027928499999689
3,0,,2026-07-28T20:26:26.849064,107098,4336,2330,4336,70,4336,1,4336,0,4336,2,1774,0,1.0282479000015883
3,0,,2026-07-28T20:26:27.876675,106895,4441,2315,4441,78,4441,2,4441,0,4441,1,1746,0,1.0272109000070486
3,0,,2026-07-28T20:26:28.905340,107289,4366,2348,4366,73,4366,3,4366,1,4366,1,1717,1,1.0283221999998204
3,0,,2026-07-28T20:26:29.933548,107512,4487,2452,4487,77,4487,3,4487,1,4487,1,1750,0,1.0278516999969725
3,0,,2026-07-28T20:26:30.961972,106615,4325,2317,4325,79,4325,4,4325,4,4325,1,1750,0,1.0280782000045292
3,0,,2026-07-28T20:26:31.991041,107029,4366,2304,4366,66,4366,2,4366,0,4366,3,1785,0,1.028720099988277
3,0,,2026-07-28T20:26:33.020148,108074,4500,2397,4500,90,4500,3,4500,3,4500,1,1753,0,1.028780500011635
3,0,,2026-07-28T20:26:34.047907,107235,4384,2261,4384,66,4384,3,4384,2,4384,0,1806,3,1.0274386999954004
3,0,,2026-07-28T20:26:35.075685,107187,4440,2388,4440,86,4440,2,4440,4,4440,3,1731,0,1.0274152999918442
3,0,,2026-07-28T20:26:36.104517,107732,4460,2411,4460,86,4460,1,4460,0,4460,2,1795,0,1.028531899995869
3,0,,2026-07-28T20:26:37.132665,107205,4400,2367,4400,68,4400,2,4400,3,4400,1,1738,0,1.027884199997061
3,0,,2026-07-28T20:26:38.161943,106571,4453,2344,4453,77,4453,7,4453,4,4453,0,1780,1,1.0288421000004746
3,0,,2026-07-28T20:26:39.189750,107424,4385,2330,4385,75,4385,4,4385,3,4385,1,1678,0,1.0275025000009919
3,0,,2026-07-28T20:26:40.218271,107726,4335,2369,4335,76,4335,5,4335,6,4335,1,1769,1,1.0281342999951448
3,0,,2026-07-28T20:26:41.247926,107429,4355,2307,4355,77,4355,3,4355,3,4355,3,1754,0,1.0292908999981591
3,0,,2026-07-28T20:26:42.277873,107610,4545,2375,4545,87,4545,5,4545,2,4545,5,1783,4,1.0295825000066543
3,0,,2026-07-28T20:26:43.307311,106882,4432,2436,4432,74,4432,2,4432,2,4432,3,1808,0,1.0290603000030387
3,0,,2026-07-28T20:26:44.335632,106802,4394,2296,4394,68,4394,3,4394,5,4394,0,1727,0,1.0279786000028253
3,0,,2026-07-28T20:26:45.364246,106727,4523,2368,4523,87,4523,2,4523,4,4523,1,1822,0,1.0282417999987956
3,0,,2026-07-28T20:26:46.391860,106986,4518,2412,4518,70,4518,5,4518,4,4518,1,1730,0,1.027255499997409
3,0,,2026-07-28T20:26:47.419679,107096,4424,2328,4424,87,4424,4,4424,3,4424,4,1816,0,1.0275330000004033
3,0,,2026-07-28T20:26:48.447732,106723,4518,2356,4518,76,4518,3,4518,1,4518,1,1827,0,1.027734999996028
3,0,,2026-07-28T20:26:49.485587,108462,4437,2320,4437,89,4437,4,4437,1,4437,1,1771,1,1.037530899993726
3,0,,2026-07-28T20:26:50.513719,106939,4483,2383,4483,97,4483,2,4483,4,4483,1,1778,0,1.0279157999902964
3,0,,2026-07-28T20:26:51.541714,107188,4567,2453,4567,89,4567,2,4567,2,4567,1,1760,3,1.0276876999996603
3,0,,2026-07-28T20:26:52.570237,107537,4381,2336,4381,80,4381,5,4381,4,4381,3,1805,1,1.028178000007756
3,0,,2026-07-28T20:26:53.599545,106759,4498,2365,4498,85,4498,2,4498,1,4498,1,1693,1,1.0289541000092868
3,0,,2026-07-28T20:26:54.629110,107457,4558,2410,4558,75,4558,3,4558,3,4558,1,1721,1,1.0291860999859637
3,0,,2026-07-28T20:26:55.657610,107368,4509,2387,4509,77,4509,6,4509,1,4509,2,1801,0,1.0281955000100425
3,0,,2026-07-28T20:26:56.685894,107181,4426,2319,4426,81,4426,3,4426,3,4426,2,1808,1,1.027888399999938
3,0,,2026-07-28T20:26:57.715293,106394,4427,2347,4427,73,4427,3,4427,1,4427,3,1741,1,1.0291714000049978
3,0,,2026-07-28T20:26:58.744135,107141,4335,2247,4335,85,4335,2,4335,1,4335,3,1800,0,1.0284310999995796
3,0,,2026-07-28T20:26:59.774118,107687,4486,2335,4486,85,4486,1,4486,4,4486,4,1786,0,1.0295190999895567
3,0,,2026-07-28T20:27:00.803560,107292,4518,2380,4518,70,4518,4,4518,4,4518,0,1821,0,1.0290147000050638
3,0,,2026-07-28T20:27:01.832872,106986,4421,2342,4421,68,4421,1,4421,2,4421,4,1789,0,1.0289157000079285
3,0,,2026-07-28T20:27:02.863765,106967,4460,2363,4460,98,4460,6,4460,1,4460,0,1795,2,1.0305634999967879
3,0,,2026-07-28T20:27:03.892921,107923,4589,2410,4589,96,4589,4,4589,1,4589,3,1763,1,1.028747199990903
3,0,,2026-07-28T20:27:04.922534,106451,4418,2301,4418,81,4418,3,4418,1,4418,3,1733,3,1.029373500001384
3,0,,2026-07-28T20:27:05.951848,107074,4574,2447,4574,70,4574,8,4574,1,4574,2,1810,1,1.0289240999991307
3,0,,2026-07-28T20:27:06.996353,108818,4580,2492,4580,79,4580,2,4580,0,4580,1,1757,1,1.044189299995196
3,0,,2026-07-28T20:27:08.024103,106877,4366,2277,4366,71,4366,2,4366,4,4366,0,1705,0,1.0274930000014137
3,0,,2026-07-28T20:27:09.052624,107207,4468,2366,4468,77,4468,5,4468,2,4468,2,1764,1,1.0281969000061508
3,0,,2026-07-28T20:27:10.080759,107230,4445,2356,4445,75,4445,2,4445,3,4445,2,1717,0,1.0278183999907924
3,0,,2026-07-28T20:27:11.108963,106425,4342,2286,4342,60,4342,4,4342,2,4342,0,1808,1,1.0278530000068713
3,0,,2026-07-28T20:27:12.139063,107066,4508,2497,4508,78,4508,5,4508,4,4508,1,1753,0,1.029745300009381
3,0,,2026-07-28T20:27:13.168079,107303,4613,2489,4613,76,4613,1,4613,3,4613,0,1788,0,1.0286373999988427
3,0,,2026-07-28T20:27:14.195975,107429,4287,2275,4287,72,4287,2,4287,1,4287,4,1702,0,1.0275627999944845
3,0,,2026-07-28T20:27:15.224454,106370,4430,2334,4430,81,4430,5,4430,0,4430,2,1826,0,1.0281280000053812
3,0,,2026-07-28T20:27:16.253300,106836,4418,2356,4418,88,4418,7,4418,2,4418,1,1798,0,1.0284750999999233
3,0,,2026-07-28T20:27:17.282163,107268,4515,2428,4515,84,4515,4,4515,6,4515,1,1775,0,1.0285006999911275
3,0,,2026-07-28T20:27:18.311491,107763,4485,2404,4485,81,4485,3,4485,0,4485,2,1726,0,1.0289920000068378
3,0,,2026-07-28T20:27:19.340383,106859,4469,2354,4469,78,4469,3,4469,3,4469,2,1805,0,1.0285487000073772
3,0,,2026-07-28T20:27:20.368591,107488,4444,2358,4444,73,4444,1,4444,1,4444,2,1746,0,1.0278800000087358
3,0,,2026-07-28T20:27:21.396640,106971,4359,2357,4359,75,4359,3,4359,5,4359,2,1728,0,1.0276835999975447
3,0,,2026-07-28T20:27:22.425383,107166,4558,2461,4558,91,4558,3,4558,2,4558,4,1780,0,1.0283974000049056
3,0,,2026-07-28T20:27:23.454980,106913,4363,2297,4363,78,4363,6,4363,2,4363,5,1758,1,1.0291759999963688
3,0,,2026-07-28T20:27:24.485405,107679,4436,2380,4436,78,4436,0,4436,0,4436,0,1738,2,1.0300358999957098
3,0,,2026-07-28T20:27:25.514666,107157,4530,2321,4530,94,4530,4,4530,2,4530,2,1698,0,1.0289136999926995
3,0,,2026-07-28T20:27:26.542685,107686,4458,2298,4458,98,4458,2,4458,2,4458,0,1781,2,1.0276738000102341
3,0,,2026-07-28T20:27:27.571061,106536,4416,2372,4416,70,4416,2,4416,2,4416,2,1829,0,1.0280459000059636
3,0,,2026-07-28T20:27:28.600133,107283,4371,2311,4371,71,4371,0,4371,2,4371,3,1814,0,1.028735299987602
3,0,,2026-07-28T20:27:29.628741,107121,4348,2295,4348,89,4348,4,4348,7,4348,3,1777,1,1.0282628999993904
3,0,,2026-07-28T20:27:30.658139,106948,4402,2311,4402,66,4402,3,4402,1,4402,2,1840,0,1.029045600007521
3,0,,2026-07-28T20:27:31.686344,107428,4538,2394,4538,73,4538,2,4538,4,4538,2,1807,0,1.0279304000141565
3,0,,2026-07-28T20:27:32.714708,106760,4343,2333,4343,76,4343,3,4343,1,4343,5,1779,0,1.0280404000077397
3,0,,2026-07-28T20:27:33.743970,107241,4470,2366,4470,100,4470,2,4470,2,4470,1,1770,0,1.0288709000014933
3,0,,2026-07-28T20:27:34.773599,107069,4404,2346,4404,69,4404,3,4404,1,4404,3,1830,1,1.0292458000039915
3,0,,2026-07-28T20:27:35.800836,107639,4471,2378,4471,78,4471,1,4471,2,4471,0,1800,0,1.0268948000011733
3,0,,2026-07-28T20:27:36.828994,107029,4546,2363,4546,72,4546,4,4546,6,4546,0,1680,0,1.027821200012113
3,0,,2026-07-28T20:27:37.857676,107014,4431,2388,4431,79,4431,3,4431,2,4431,2,1716,2,1.0284974000096554
3,0,,2026-07-28T20:27:38.886388,107181,4359,2268,4359,77,4359,1,4359,2,4359,4,1831,1,1.0284588000067743
3,0,,2026-07-28T20:27:39.915636,106914,4451,2392,4451,87,4451,4,4451,5,4451,1,1827,2,1.028887799999211
3,0,,2026-07-28T20:27:40.944945,107016,4354,2265,4354,87,4354,8,4354,3,4354,1,1850,1,1.0288702999969246
3,0,,2026-07-28T20:27:41.972991,107504,4361,2362,4361,90,4361,2,4361,5,4361,2,1828,0,1.027681899999152
3,0,,2026-07-28T20:27:43.001212,107042,4334,2267,4334,83,4334,7,4334,2,4334,4,1778,1,1.0278773999889381
3,0,,2026-07-28T20:27:44.030068,106982,4424,2377,4424,70,4424,1,4424,6,4424,1,1767,0,1.0285358999972232
3,0,,2026-07-28T20:27:45.058239,106715,4530,2387,4530,81,4530,4,4530,1,4530,5,1784,1,1.0278400999959558
3,0,,2026-07-28T20:27:46.087538,107464,4428,2399,4428,80,4428,2,4428,2,4428,1,1848,1,1.0289111000020057
3,0,,2026-07-28T20:27:47.117041,107538,4495,2385,4495,87,4495,2,4495,2,4495,1,1775,0,1.029175400006352
3,0,,2026-07-28T20:27:48.145788,106908,4394,2334,4394,81,4394,4,4394,4,4394,1,1759,0,1.0284157999994932
3,0,,2026-07-28T20:27:49.174823,107617,4567,2416,4567,76,4567,4,4567,5,4567,3,1790,0,1.0286672999936854
3,0,,2026-07-28T20:27:50.203728,106795,4504,2383,4504,76,4504,4,4504,0,4504,4,1766,3,1.0285531999979867
3,0,,2026-07-28T20:27:51.232121,107347,4501,2419,4501,77,4501,1,4501,2,4501,0,1781,2,1.0280598000099417
3,0,,2026-07-28T20:27:52.261835,107015,4538,2377,4538,82,4538,0,4538,0,4538,4,1902,0,1.0293861999962246
3,0,,2026-07-28T20:27:53.290442,107518,4417,2320,4417,77,4417,7,4418,1,4418,3,1807,1,1.028180400011479
3,0,,2026-07-28T20:27:54.319317,107361,4355,2328,4355,86,4355,3,4354,1,4354,5,1737,0,1.0285554000001866
3,0,,2026-07-28T20:27:55.349276,106830,4357,2312,4357,77,4357,4,4357,1,4357,2,1792,0,1.0295878000033554
3,0,,2026-07-28T20:27:56.378387,107100,4419,2354,4419,78,4419,4,4419,3,4419,2,1754,0,1.028618500000448
3,0,,2026-07-28T20:27:57.407127,106884,4308,2284,4308,67,4308,4,4308,2,4308,2,1704,1,1.0284183000039775
3,0,,2026-07-28T20:27:58.436454,107074,4443,2385,4443,86,4443,6,4443,1,4443,4,1729,0,1.0289186000009067
3,0,,2026-07-28T20:27:59.465872,106226,4444,2341,4444,64,4444,3,4444,1,4444,0,1754,0,1.0290545000025304
3,0,,2026-07-28T20:28:00.494120,107716,4462,2339,4462,78,4462,4,4462,3,4462,0,1891,1,1.0279297000088263
3,0,,2026-07-28T20:28:01.522870,107061,4383,2329,4383,62,4383,3,4383,4,4383,0,1747,1,1.0283749000082025
3,0,,2026-07-28T20:28:02.552098,107592,4416,2348,4416,74,4416,9,4416,3,4416,2,1813,1,1.0288837999978568
3,0,,2026-07-28T20:28:03.579044,106896,4526,2382,4526,87,4526,2,4526,2,4526,3,1819,0,1.026622999997926
3,0,,2026-07-28T20:28:04.608064,106058,4513,2339,4513,75,4513,4,4513,2,4513,1,1771,1,1.0287225000065519
3,0,,2026-07-28T20:28:05.638296,107275,4466,2305,4466,83,4466,1,4466,0,4466,3,1701,0,1.0298617000080412
3,0,,2026-07-28T20:28:06.667035,107480,4447,2362,4447,82,4447,6,4447,7,4447,2,1838,2,1.028428999998141
3,0,,2026-07-28T20:28:07.695723,106605,4398,2276,4398,80,4398,3,4398,5,4398,2,1869,1,1.0283115999918664
3,0,,2026-07-28T20:28:08.723494,107408,4520,2362,4520,90,4520,3,4520,3,4520,2,1764,2,1.0274039000069024
3,0,,2026-07-28T20:28:09.753669,107267,4341,2344,4341,74,4341,5,4341,2,4341,3,1794,1,1.029799500000081
3,0,,2026-07-28T20:28:10.783360,108041,4392,2347,4392,70,4392,5,4392,6,4392,2,1857,0,1.029370399992331
3,0,,2026-07-28T20:28:11.811968,106893,4454,2396,4454,74,4454,5,4454,0,4454,2,1752,0,1.0281819999945583
3,0,,2026-07-28T20:28:12.841945,107159,4386,2331,4386,74,4386,5,4386,1,4386,2,1794,0,1.029635099999723
3,0,,2026-07-28T20:28:13.869788,107836,4381,2240,4381,91,4381,3,4381,0,4381,2,1753,1,1.0274424999952316
3,0,,2026-07-28T20:28:14.899400,106727,4414,2329,4414,86,4414,3,4414,2,4414,4,1773,1,1.0293088999897009
3,0,,2026-07-28T20:28:15.928733,107616,4446,2354,4446,55,4446,5,4446,2,4446,3,1826,0,1.0288002000015695
3,0,,2026-07-28T20:28:16.957143,106948,4338,2257,4338,81,4338,4,4338,1,4338,0,1770,0,1.027983399995719
3,0,,2026-07-28T20:28:17.985614,107187,4588,2442,4588,81,4588,5,4588,2,4588,3,1683,0,1.0280943999969168
3,0,,2026-07-28T20:28:19.015209,106957,4437,2342,4437,76,4437,3,4437,0,4437,1,1832,1,1.0292418000026373
3,0,,2026-07-28T20:28:20.044563,107551,4419,2272,4419,87,4419,4,4419,2,4419,2,1762,1,1.0290148000058252
3,0,,2026-07-28T20:28:21.073396,107569,4411,2335,4411,94,4411,5,4411,2,4411,0,1802,0,1.02842590000364
3,0,,2026-07-28T20:28:22.102072,107474,4549,2470,4549,73,4549,4,4549,1,4549,2,1773,0,1.0283707000053255
3,0,,2026-07-28T20:28:23.131003,107402,4390,2287,4390,65,4390,6,4390,2,4390,2,1793,0,1.0285606000106782
3,0,,2026-07-28T20:28:24.159367,106661,4459,2289,4459,66,4459,5,4459,0,4459,4,1803,0,1.028021300007822
3,0,,2026-07-28T20:28:25.188673,106389,4500,2343,4500,72,4500,6,4500,0,4500,1,1810,2,1.0289909999992233
3,0,,2026-07-28T20:28:26.217928,107032,4443,2328,4443,74,4443,2,4443,1,4443,1,1799,0,1.0289350999955786
3,0,,2026-07-28T20:28:27.247942,107495,4364,2299,4364,79,4364,6,4364,0,4364,4,1762,1,1.0295520999934524
3,0,,2026-07-28T20:28:28.277181,107591,4456,2360,4456,79,4456,6,4456,3,4456,2,1687,2,1.0283244000020204
3,0,,2026-07-28T20:28:29.306757,107648,4497,2346,4497,88,4497,5,4497,2,4497,0,1874,0,1.0292228999896906
3,0,,2026-07-28T20:28:30.334937,106769,4424,2329,4424,77,4424,1,4424,2,4424,3,1820,1,1.027814600005513
3,0,,2026-07-28T20:28:31.363765,107406,4469,2362,4469,70,4469,3,4469,3,4469,0,1720,0,1.0285058000008576
3,0,,2026-07-28T20:28:32.392128,106986,4405,2314,4405,91,4405,1,4405,2,4405,0,1670,0,1.0281475999945542
3,0,,2026-07-28T20:28:33.421690,107497,4392,2346,4392,76,4392,3,4392,1,4392,2,1780,0,1.0292030999989947
3,0,,2026-07-28T20:28:34.451015,106938,4382,2340,4382,78,4382,2,4382,3,4382,2,1730,1,1.028807800001232
3,0,,2026-07-28T20:28:35.480321,107477,4478,2400,4478,85,4478,5,4478,3,4478,3,1810,1,1.0290306999959284
3,0,,2026-07-28T20:28:36.508809,107239,4339,2242,4339,79,4339,1,4339,4,4339,1,1763,0,1.0281335999898147
3,0,,2026-07-28T20:28:37.537845,106520,4350,2342,4350,97,4350,5,4350,4,4350,1,1728,1,1.0286841000051936
3,0,,2026-07-28T20:28:38.566467,107271,4448,2316,4448,66,4448,2,4448,2,4448,1,1712,0,1.0282170999998925
3,0,,2026-07-28T20:28:39.594599,107269,4605,2378,4605,101,4605,3,4605,3,4605,1,1800,1,1.0278189000091515
3,0,,2026-07-28T20:28:40.623626,107222,4392,2359,4392,60,4392,4,4392,6,4392,3,1817,1,1.0286938999925042
3,0,,2026-07-28T20:28:41.652706,107622,4432,2408,4432,94,4432,3,4432,1,4432,0,1727,1,1.028646699996898
3,0,,2026-07-28T20:28:42.681625,107096,4380,2377,4380,72,4380,1,4380,1,4380,4,1778,0,1.028474599996116
3,0,,2026-07-28T20:28:43.710527,106926,4517,2348,4517,72,4517,4,4517,0,4517,1,1789,0,1.0285583000077168
3,0,,2026-07-28T20:28:44.739487,106880,4385,2289,4385,78,4385,4,4385,0,4385,0,1800,1,1.028570700000273
3,0,,2026-07-28T20:28:45.768844,106334,4440,2319,4440,85,4440,4,4440,3,4440,4,1719,1,1.0290291999990586
3,0,,2026-07-28T20:28:46.798273,107821,4401,2337,4401,73,4401,6,4401,1,4401,5,1804,1,1.0289669000048889
3,0,,2026-07-28T20:28:47.827230,107344,4605,2455,4605,80,4605,3,4605,1,4605,2,1715,0,1.0286005999951158
3,0,,2026-07-28T20:28:48.855639,106640,4284,2295,4284,71,4284,4,4284,5,4284,1,1743,1,1.0280120999959763
3,0,,2026-07-28T20:28:49.885203,106690,4464,2343,4464,87,4464,2,4464,0,4464,0,1826,1,1.0292282000009436
3,0,,2026-07-28T20:28:50.913993,106913,4385,2341,4385,73,4385,5,4385,5,4385,2,1762,1,1.028369699997711
3,0,,2026-07-28T20:28:51.943587,107400,4422,2313,4422,98,4422,3,4422,3,4422,1,1731,0,1.0291416999971261
3,0,,2026-07-28T20:28:52.971782,107260,4543,2460,4543,62,4543,5,4543,4,4543,2,1711,1,1.0278403999982402
3,0,,2026-07-28T20:28:54.000164,107517,4560,2423,4560,90,4560,3,4560,2,4560,2,1784,0,1.028026600004523
3,0,,2026-07-28T20:28:55.027261,106987,4403,2328,4403,74,4403,3,4403,0,4404,3,1728,1,1.0267568999988725
3,0,,2026-07-28T20:28:56.056438,107229,4466,2330,4466,82,4466,2,4466,4,4465,1,1781,0,1.0289134999911766
3,0,,2026-07-28T20:28:57.084906,107253,4457,2413,4457,69,4457,3,4457,4,4457,1,1803,0,1.0280670000065584
3,0,,2026-07-28T20:28:58.113983,107018,4479,2351,4479,71,4479,4,4479,2,4479,1,1731,1,1.0287244000064675
3,0,,2026-07-28T20:28:59.142791,107163,4495,2380,4495,90,4495,9,4495,1,4495,0,1808,0,1.0284776000044076
3,0,,2026-07-28T20:29:00.169939,107368,4463,2394,4463,66,4463,1,4463,2,4463,0,1753,0,1.026893400005065
3,0,,2026-07-28T20:29:01.198180,106432,4360,2344,4360,72,4360,1,4360,3,4360,0,1739,0,1.0281074999948032
3,0,,2026-07-28T20:29:02.226793,107257,4452,2325,4452,81,4452,2,4452,3,4452,2,1767,1,1.0282693000044674
3,0,,2026-07-28T20:29:03.254906,107405,4394,2381,4394,60,4394,4,4394,4,4394,0,1756,0,1.027772499990533
3,0,,2026-07-28T20:29:04.284801,106688,4423,2312,4423,76,4423,1,4423,0,4423,1,1820,1,1.0294680000079097
3,0,,2026-07-28T20:29:05.312107,107353,4486,2435,4486,80,4486,5,4486,2,4486,1,1780,0,1.0268568999890704
3,0,,2026-07-28T20:29:06.341254,107158,4397,2310,4397,73,4397,1,4397,1,4397,2,1889,1,1.0288685999985319
3,0,,2026-07-28T20:29:07.370823,106768,4465,2338,4465,89,4465,4,4465,4,4465,3,1764,0,1.0290705999941565
3,0,,2026-07-28T20:29:08.399883,106745,4393,2332,4393,84,4393,6,4393,1,4393,2,1780,1,1.0287242000049446
3,0,,2026-07-28T20:29:09.428663,106840,4402,2285,4402,79,4402,2,4402,4,4402,2,1770,1,1.0283533000038005
3,0,,2026-07-28T20:29:10.457257,107141,4407,2336,4407,70,4407,7,4407,1,4407,1,1700,0,1.0282543999928748
3,0,,2026-07-28T20:29:11.486666,106866,4429,2326,4429,93,4429,2,4429,2,4429,2,1767,0,1.029088800001773
3,0,,2026-07-28T20:29:12.515978,107396,4372,2336,4372,89,4372,0,4372,1,4373,3,1815,1,1.0288100999896415
3,0,,2026-07-28T20:29:13.545635,107304,4497,2394,4497,74,4497,2,4497,1,4496,2,1748,2,1.0292453000001842
3,0,,2026-07-28T20:29:14.573955,107423,4456,2381,4456,82,4456,7,4456,3,4456,2,1697,0,1.027955400000792
3,0,,2026-07-28T20:29:15.602966,106955,4462,2357,4462,74,4462,7,4462,3,4462,0,1687,2,1.0286480000067968
3,0,,2026-07-28T20:29:16.632754,107405,4332,2285,4332,95,4332,4,4332,2,4332,1,1740,0,1.0293834000040079
3,0,,2026-07-28T20:29:17.662015,107311,4503,2394,4503,60,4503,4,4503,3,4503,3,1811,2,1.0289197999954922
3,0,,2026-07-28T20:29:18.691982,107171,4351,2279,4351,68,4351,7,4351,3,4351,1,1749,0,1.029627399999299
3,0,,2026-07-28T20:29:19.721632,107249,4395,2313,4395,81,4395,6,4395,2,4395,1,1793,0,1.0292382999905385
3,0,,2026-07-28T20:29:20.749567,107127,4422,2298,4422,70,4422,3,4422,5,4422,0,1780,1,1.0277026999974623
3,0,,2026-07-28T20:29:21.778598,106973,4428,2351,4428,65,4428,1,4428,2,4428,1,1757,1,1.0287455999932718
3,0,,2026-07-28T20:29:22.807243,107079,4372,2279,4372,87,4372,3,4372,2,4372,2,1804,0,1.0283064999966882
3,0,,2026-07-28T20:29:23.834107,106461,4367,2348,4367,84,4367,4,4367,2,4367,3,1747,1,1.0265175999957137
3,0,,2026-07-28T20:29:24.864169,107508,4428,2373,4428,79,4428,2,4428,5,4428,0,1879,1,1.0297915999981342
3,0,,2026-07-28T20:29:25.893745,107415,4385,2341,4385,77,4385,4,4385,2,4385,0,1839,0,1.0291185999958543
3,0,,2026-07-28T20:29:26.922418,106894,4472,2385,4472,69,4472,2,4472,3,4472,3,1806,3,1.0283324999909382
3,0,,2026-07-28T20:29:27.951489,106688,4480,2349,4480,78,4480,5,4480,1,4480,2,1782,2,1.0287432000041008
3,0,,2026-07-28T20:29:28.980297,107576,4370,2338,4370,67,4370,3,4370,1,4370,1,1906,1,1.0284288999973796
3,0,,2026-07-28T20:29:30.008596,107115,4459,2336,4459,84,4459,6,4459,0,4459,4,1845,0,1.0280168999888701
3,0,,2026-07-28T20:29:31.038242,107453,4498,2401,4498,76,4498,2,4498,3,4498,3,1807,0,1.029277000008733
3,0,,2026-07-28T20:29:32.067511,107004,4394,2341,4394,74,4394,4,4394,1,4394,5,1863,0,1.02897510000912
3,0,,2026-07-28T20:29:33.095335,107726,4459,2383,4459,76,4459,6,4459,3,4459,4,1747,3,1.0273555999883683
3,0,,2026-07-28T20:29:34.124674,107308,4252,2175,4252,65,4252,3,4252,0,4252,3,1745,1,1.0289757999998983
3,0,,2026-07-28T20:29:35.153414,107077,4361,2318,4361,75,4361,2,4361,3,4361,1,1814,0,1.0284650000103284
3,0,,2026-07-28T20:29:36.180883,107744,4466,2393,4466,80,4466,1,4466,3,4466,1,1823,0,1.0271783000061987
3,0,,2026-07-28T20:29:37.208612,106827,4446,2390,4446,74,4446,5,4446,9,4446,1,1737,1,1.0273734999937005
3,0,,2026-07-28T20:29:38.237125,106800,4397,2308,4397,70,4397,4,4397,3,4397,0,1800,0,1.0281159000005573
3,0,,2026-07-28T20:29:39.266342,106679,4458,2289,4458,84,4458,7,4458,1,4458,6,1808,0,1.0289142999972682
3,0,,2026-07-28T20:29:40.295450,106743,4399,2316,4399,69,4399,3,4399,2,4399,2,1787,1,1.028700700000627
3,0,,2026-07-28T20:29:41.323966,106749,4440,2313,4440,75,4440,4,4440,4,4440,1,1750,1,1.028159900000901
3,0,,2026-07-28T20:29:42.351957,106734,4319,2272,4319,74,4319,2,4319,2,4319,2,1773,0,1.0276313999929698
3,0,,2026-07-28T20:29:43.381117,107067,4465,2358,4465,88,4465,2,4465,3,4465,3,1858,0,1.028703099989798
3,0,,2026-07-28T20:29:44.409431,107378,4495,2380,4495,81,4495,4,4495,1,4495,0,1784,1,1.0279348000040045
3,0,,2026-07-28T20:29:45.439523,107027,4424,2283,4424,84,4424,3,4424,2,4424,3,1797,3,1.0296986000030302
3,0,,2026-07-28T20:29:46.469074,107071,4407,2275,4407,70,4407,3,4407,3,4407,3,1770,0,1.0292129000008572
3,0,,2026-07-28T20:29:47.497231,106911,4398,2354,4398,84,4398,3,4398,4,4398,4,1805,0,1.0277666000038153
3,0,,2026-07-28T20:29:48.526262,106925,4345,2370,4345,78,4345,3,4345,2,4345,0,1814,0,1.0286635999946157
3,0,,2026-07-28T20:29:49.554982,107135,4430,2310,4430,75,4430,5,4430,3,4430,1,1864,1,1.028354499998386
3,0,,2026-07-28T20:29:50.584384,106774,4405,2301,4405,74,4405,5,4405,3,4405,1,1834,1,1.0291022000019439
3,0,,2026-07-28T20:29:51.613937,107503,4459,2388,4459,72,4459,3,4459,1,4459,3,1752,1,1.0292235000088112
3,0,,2026-07-28T20:29:52.643519,107022,4368,2322,4368,80,4368,0,4368,3,4368,3,1810,2,1.0291262999962782
3,0,,2026-07-28T20:29:53.671729,107025,4468,2375,4468,70,4468,3,4468,0,4468,4,1789,0,1.0278716000029817
3,0,,2026-07-28T20:29:54.699623,107022,4364,2297,4364,92,4364,2,4364,1,4364,3,1742,0,1.0276542000065092
3,0,,2026-07-28T20:29:55.728996,106801,4397,2266,4397,76,4397,2,4397,0,4397,3,1678,0,1.0289965000119992
3,0,,2026-07-28T20:29:56.757959,106778,4441,2405,4441,88,4441,4,4441,2,4441,1,1756,1,1.0286236999963876
3,0,,2026-07-28T20:29:57.786663,106860,4422,2291,4422,76,4422,2,4422,1,4422,3,1850,0,1.0283076999912737
3,0,,2026-07-28T20:29:58.815695,107203,4455,2319,4455,72,4455,1,4455,3,4455,2,1784,0,1.0286647000029916
3,0,,2026-07-28T20:29:59.844874,107246,4443,2415,4443,72,4443,3,4443,2,4443,2,1790,0,1.0287781999941217
3,0,,2026-07-28T20:30:00.874135,106857,4318,2325,4318,78,4318,5,4318,2,4318,4,1744,1,1.0287614999979269
3,0,,2026-07-28T20:30:01.903479,106519,4364,2328,4364,96,4364,4,4364,4,4364,3,1826,0,1.0289576999930432
3,0,,2026-07-28T20:30:02.933042,107030,4320,2303,4320,75,4320,3,4320,4,4320,2,1844,1,1.0292436000017915
3,0,,2026-07-28T20:30:03.961911,107207,4498,2359,4498,101,4498,3,4498,1,4498,2,1817,0,1.0284191999962786
3,0,,2026-07-28T20:30:04.990237,106957,4379,2316,4379,77,4379,3,4379,2,4379,3,1779,1,1.0279580000060378
3,0,,2026-07-28T20:30:06.017807,106415,4444,2370,4444,65,4444,5,4444,2,4444,0,1787,1,1.027092200005427
3,0,,2026-07-28T20:30:07.045979,107144,4362,2288,4362,86,4362,6,4362,4,4362,2,1776,0,1.027379999999539
3,0,,2026-07-28T20:30:08.074073,107653,4448,2358,4448,69,4448,4,4448,1,4448,2,1787,1,1.027939299994614
3,0,,2026-07-28T20:30:09.102879,106868,4505,2373,4505,72,4505,4,4505,6,4505,2,1813,2,1.0285564999940107
3,0,,2026-07-28T20:30:10.131182,106971,4384,2300,4384,73,4384,1,4384,1,4384,1,1776,1,1.0279494999995222
3,0,,2026-07-28T20:30:11.159796,107082,4384,2292,4384,74,4384,1,4384,1,4384,2,1747,0,1.0282748000026913
3,0,,2026-07-28T20:30:12.188675,107070,4587,2435,4587,62,4587,4,4587,1,4587,5,1792,4,1.0284729999984847
3,0,,2026-07-28T20:30:13.219160,107452,4324,2302,4324,81,4324,2,4324,0,4324,1,1760,0,1.0301689000043552
3,0,,2026-07-28T20:30:14.247241,107325,4454,2349,4454,73,4454,4,4454,5,4454,0,1767,0,1.0276424999901792
3,0,,2026-07-28T20:30:15.274198,107337,4552,2427,4552,75,4552,7,4552,0,4552,2,1752,0,1.0266461999999592
3,0,,2026-07-28T20:30:16.303603,107037,4381,2396,4381,64,4381,4,4381,1,4381,2,1785,1,1.0291409000055864
3,0,,2026-07-28T20:30:17.333317,106972,4470,2338,4470,79,4470,4,4470,2,4470,1,1836,3,1.0292196000082185
3,0,,2026-07-28T20:30:18.362150,106897,4480,2402,4480,78,4480,5,4480,2,4480,4,1854,1,1.0284457999950973
3,0,,2026-07-28T20:30:19.390506,107117,4452,2365,4452,76,4452,2,4452,4,4452,1,1798,3,1.0279840000002878
3,0,,2026-07-28T20:30:20.418962,106503,4578,2438,4578,80,4578,2,4578,2,4578,2,1774,0,1.0281060999986948
3,0,,2026-07-28T20:30:21.447452,106876,4472,2430,4472,60,4472,3,4472,2,4472,3,1809,3,1.0281714000011561
3,0,,2026-07-28T20:30:22.475872,107287,4475,2313,4475,87,4475,5,4475,2,4475,2,1813,1,1.0280770999961533
3,0,,2026-07-28T20:30:23.505518,106772,4460,2409,4460,73,4460,1,4460,3,4460,1,1795,1,1.0292912000004435
3,0,,2026-07-28T20:30:24.534789,107199,4403,2338,4403,66,4403,2,4403,1,4403,3,1821,0,1.0288653000025079
3,0,,2026-07-28T20:30:25.563783,106991,4420,2332,4420,85,4420,3,4420,4,4420,2,1727,0,1.0285289000021294
3,0,,2026-07-28T20:30:26.592090,107141,4393,2300,4393,74,4393,2,4393,1,4393,2,1800,2,1.0279668000002857
3,0,,2026-07-28T20:30:27.621650,107769,4553,2402,4553,82,4553,3,4553,4,4553,0,1783,0,1.0291828999907011
3,0,,2026-07-28T20:30:28.650960,107494,4442,2318,4442,79,4442,4,4442,0,4442,0,1722,0,1.0288923000043724
3,0,,2026-07-28T20:30:29.679730,106769,4457,2399,4457,74,4457,4,4457,2,4457,3,1770,2,1.028290400005062
3,0,,2026-07-28T20:30:30.708807,106924,4341,2303,4341,80,4342,7,4342,2,4342,3,1809,0,1.0287362999952165
3,0,,2026-07-28T20:30:31.737908,107388,4457,2423,4457,69,4456,6,4456,2,4456,2,1746,0,1.028652199995122
3,0,,2026-07-28T20:30:32.764746,107427,4411,2357,4411,84,4411,3,4411,0,4411,0,1843,2,1.0265170999919064
3,0,,2026-07-28T20:30:33.792223,106833,4532,2367,4532,86,4532,2,4532,3,4532,4,1811,1,1.027147499989951
3,0,,2026-07-28T20:30:34.820414,107069,4400,2288,4400,90,4400,3,4400,1,4400,0,1731,0,1.0278685999946902
3,0,,2026-07-28T20:30:35.848277,107282,4512,2446,4512,75,4512,4,4512,2,4512,2,1766,1,1.0275546000048053
3,0,,2026-07-28T20:30:36.875926,107052,4426,2341,4426,86,4426,3,4426,1,4426,1,1769,1,1.0273039000021527
3,0,,2026-07-28T20:30:37.904461,107729,4428,2337,4428,81,4428,3,4428,5,4428,1,1764,2,1.028215199999977
3,0,,2026-07-28T20:30:38.931516,107467,4381,2316,4381,86,4381,4,4381,3,4381,1,1793,1,1.026780800006236
3,0,,2026-07-28T20:30:39.960204,107369,4430,2383,4430,65,4430,3,4430,1,4430,5,1741,1,1.028378499991959
3,0,,2026-07-28T20:30:40.987443,107221,4498,2377,4498,73,4498,2,4498,1,4498,4,1798,0,1.026892299996689
3,0,,2026-07-28T20:30:42.014954,107656,4474,2360,4474,81,4474,3,4474,3,4474,2,1869,1,1.0271850999997696
3,0,,2026-07-28T20:30:43.043666,107309,4322,2285,4322,85,4322,5,4322,3,4322,2,1864,1,1.0283921999944141
3,0,,2026-07-28T20:30:44.072316,107478,4321,2315,4321,75,4321,3,4321,1,4321,1,1857,0,1.0283159999962663
3,0,,2026-07-28T20:30:45.101434,106818,4429,2380,4429,68,4429,3,4429,1,4429,0,1796,0,1.0287905000004685
3,0,,2026-07-28T20:30:46.131371,107139,4538,2426,4538,73,4538,6,4538,1,4538,2,1793,1,1.029618799992022
3,0,,2026-07-28T20:30:47.161171,107617,4371,2303,4371,86,4371,7,4371,2,4371,2,1752,3,1.029429700007313
3,0,,2026-07-28T20:30:48.189963,107640,4469,2385,4470,87,4470,4,4470,2,4470,2,1736,0,1.0284003999986453
3,0,,2026-07-28T20:30:49.219150,107272,4273,2264,4272,69,4272,3,4272,2,4272,1,1720,0,1.0288320999970892
3,0,,2026-07-28T20:30:50.248274,107988,4375,2326,4375,87,4375,3,4375,3,4375,2,1721,0,1.0288470999948913
3,0,,2026-07-28T20:30:51.276493,107755,4486,2460,4486,71,4486,1,4486,3,4486,1,1786,0,1.027917300001718
3,0,,2026-07-28T20:30:52.305601,107568,4428,2379,4428,79,4428,3,4428,2,4428,5,1861,2,1.0287727999966592
3,0,,2026-07-28T20:30:53.334406,107484,4401,2400,4401,70,4401,2,4401,0,4401,4,1818,0,1.0284614999982296
3,0,,2026-07-28T20:30:54.361477,107289,4379,2401,4379,77,4379,1,4379,1,4379,1,1789,0,1.0267477000015788
3,0,,2026-07-28T20:30:55.388694,107078,4429,2321,4429,80,4429,4,4429,1,4429,1,1676,0,1.0270129999989877
3,0,,2026-07-28T20:30:56.416929,107341,4328,2371,4328,72,4328,2,4328,3,4328,1,1730,1,1.0279181999940192
3,0,,2026-07-28T20:30:57.446914,107536,4370,2282,4370,92,4370,1,4370,3,4370,3,1684,1,1.0296119999984512
3,0,,2026-07-28T20:30:58.477248,107156,4383,2281,4383,96,4383,3,4383,1,4383,2,1802,2,1.0299970000050962
3,0,,2026-07-28T20:30:59.503930,107216,4481,2343,4481,78,4481,4,4481,0,4481,3,1800,0,1.0263565000059316
3,0,,2026-07-28T20:31:00.531950,106917,4411,2341,4411,69,4411,0,4411,5,4411,1,1832,2,1.027829800004838
3,0,,2026-07-28T20:31:01.560279,107318,4469,2355,4469,74,4469,3,4469,1,4469,4,1802,1,1.0279386000038357
3,0,,2026-07-28T20:31:02.589421,107815,4443,2386,4443,63,4443,3,4443,1,4443,2,1750,3,1.0286716999980854
3,0,,2026-07-28T20:31:03.617195,107460,4393,2314,4393,69,4393,1,4393,3,4393,2,1760,0,1.0274210999923525
3,0,,2026-07-28T20:31:04.646760,107500,4463,2341,4463,66,4463,2,4463,1,4463,0,1788,0,1.0292303000023821
3,0,,2026-07-28T20:31:05.675892,107056,4432,2351,4432,83,4432,1,4432,2,4432,1,1761,1,1.0286892000003718
3,0,,2026-07-28T20:31:06.705162,106413,4398,2345,4398,70,4398,2,4398,4,4398,0,1765,1,1.0289381999900797
3,0,,2026-07-28T20:31:07.733892,107211,4421,2315,4421,71,4421,3,4421,0,4421,1,1814,0,1.0282076000003144
3,0,,2026-07-28T20:31:08.762633,107873,4317,2243,4317,79,4317,1,4317,1,4317,0,1807,1,1.028432100007194
3,0,,2026-07-28T20:31:09.792230,107554,4430,2341,4430,77,4430,0,4430,3,4430,1,1827,0,1.0292227999889292
3,0,,2026-07-28T20:31:10.822057,107080,4411,2305,4411,73,4411,2,4411,3,4411,1,1780,1,1.029417800004012
3,0,,2026-07-28T20:31:11.850258,106875,4368,2286,4368,93,4368,1,4368,2,4368,1,1758,1,1.0278507999901194
3,0,,2026-07-28T20:31:12.880546,107559,4509,2366,4509,79,4509,2,4509,1,4509,1,1781,0,1.029839200011338
3,0,,2026-07-28T20:31:13.909126,107086,4518,2381,4518,80,4518,6,4518,2,4518,1,1803,1,1.0281164000043646
3,0,,2026-07-28T20:31:14.938517,108080,4472,2360,4472,73,4472,8,4472,3,4472,4,1700,0,1.029102700005751
3,0,,2026-07-28T20:31:15.967436,108002,4577,2470,4577,86,4577,4,4577,5,4577,0,1730,0,1.0285670000012033
3,0,,2026-07-28T20:31:16.997555,107465,4363,2248,4363,86,4363,1,4363,3,4363,4,1810,0,1.0297821999993175
3,0,,2026-07-28T20:31:18.026685,107633,4406,2365,4406,80,4406,2,4406,0,4406,1,1803,1,1.0287370000005467
3,0,,2026-07-28T20:31:19.055580,107374,4523,2427,4523,75,4523,3,4523,0,4523,2,1797,0,1.0285238999931607
3,0,,2026-07-28T20:31:20.084737,107650,4491,2376,4491,81,4491,4,4491,2,4491,5,1806,1,1.0287013000051957
3,0,,2026-07-28T20:31:21.114052,106772,4454,2364,4454,76,4454,7,4454,3,4454,2,1827,0,1.0289653999934671
3,0,,2026-07-28T20:31:22.142691,107328,4302,2256,4302,72,4302,2,4302,0,4302,0,1733,1,1.0282705999998143
3,0,,2026-07-28T20:31:23.171573,107087,4463,2346,4463,71,4463,5,4463,0,4463,2,1775,0,1.0285228000138886
3,0,,2026-07-28T20:31:24.202011,107015,4390,2350,4390,69,4390,2,4390,3,4390,3,1747,0,1.0300565000070492
3,0,,2026-07-28T20:31:25.231160,107123,4498,2382,4498,84,4498,3,4498,1,4498,3,1807,1,1.02875579999818
3,0,,2026-07-28T20:31:26.259572,107611,4328,2332,4329,90,4329,3,4329,1,4329,1,1823,0,1.0280710000079125
3,0,,2026-07-28T20:31:27.289171,108032,4399,2313,4398,88,4398,2,4398,1,4398,4,1810,1,1.0291731999896
3,0,,2026-07-28T20:31:28.317687,107537,4399,2285,4399,74,4399,4,4399,2,4399,2,1730,3,1.028049300002749
3,0,,2026-07-28T20:31:29.346482,107275,4469,2360,4469,87,4469,3,4469,1,4469,0,1756,1,1.0283829000109108
3,0,,2026-07-28T20:31:30.376841,108115,4463,2330,4463,75,4463,3,4463,3,4463,2,1772,1,1.0301093000016408
3,0,,2026-07-28T20:31:31.405885,107773,4553,2459,4553,71,4553,1,4553,2,4553,2,1831,0,1.0285908000078052
3,0,,2026-07-28T20:31:32.434033,107650,4486,2398,4486,69,4486,3,4486,3,4486,2,1749,0,1.027786799997557
3,0,,2026-07-28T20:31:33.463689,107750,4312,2290,4312,86,4312,0,4312,4,4312,1,1813,1,1.0293036999937613
3,0,,2026-07-28T20:31:34.493191,107753,4444,2371,4444,81,4444,4,4444,2,4444,2,1852,1,1.0290807999990648
3,0,,2026-07-28T20:31:35.522247,107589,4436,2337,4436,89,4436,7,4436,3,4436,0,1741,1,1.02869649999775
3,0,,2026-07-28T20:31:36.551254,107383,4408,2334,4408,69,4408,4,4408,1,4408,4,1738,1,1.0287095999956364
3,0,,2026-07-28T20:31:37.578303,107191,4516,2371,4516,80,4516,6,4516,2,4516,1,1774,0,1.0266873000073247
3,0,,2026-07-28T20:31:38.607214,106361,4323,2275,4323,74,4323,4,4323,2,4323,4,1807,0,1.0285422000015387
3,0,,2026-07-28T20:31:39.636165,106607,4344,2328,4344,78,4344,1,4344,0,4344,0,1802,0,1.0286428999970667
3,0,,2026-07-28T20:31:40.664583,107008,4490,2365,4490,79,4490,3,4490,3,4490,2,1772,1,1.0281187999935355
3,0,,2026-07-28T20:31:41.693860,107094,4428,2388,4428,83,4428,4,4428,2,4428,5,1781,0,1.0289045000099577
3,0,,2026-07-28T20:31:42.724069,107671,4454,2351,4454,80,4454,3,4454,1,4454,1,1726,2,1.029758499993477
3,0,,2026-07-28T20:31:43.752520,106951,4512,2364,4512,75,4512,2,4512,3,4512,0,1773,1,1.0281289999984438
3,0,,2026-07-28T20:31:44.780891,107750,4313,2300,4313,68,4313,4,4313,3,4313,2,1768,1,1.0279969999974128
3,0,,2026-07-28T20:31:45.810472,107924,4457,2357,4457,86,4457,5,4457,3,4457,5,1872,0,1.0291757000086363
3,0,,2026-07-28T20:31:46.839217,107243,4316,2311,4316,81,4316,5,4316,4,4316,2,1808,1,1.0282889999944018
3,0,,2026-07-28T20:31:47.868097,107270,4463,2380,4463,82,4463,1,4463,1,4463,2,1805,0,1.028426999997464
3,0,,2026-07-28T20:31:48.896342,106934,4422,2298,4422,82,4422,1,4422,6,4422,2,1792,0,1.0279020999878412
3,0,,2026-07-28T20:31:49.924671,107515,4456,2372,4456,83,4456,1,4456,0,4456,2,1847,2,1.0279665999987628
3,0,,2026-07-28T20:31:50.952687,107774,4527,2363,4527,94,4527,3,4527,3,4527,0,1768,2,1.0276589000131935
3,0,,2026-07-28T20:31:51.979808,107114,4364,2310,4364,59,4364,2,4364,6,4364,3,1828,2,1.0267284000001382
3,0,,2026-07-28T20:31:53.006292,107114,4415,2410,4415,74,4415,2,4415,1,4415,3,1774,0,1.02632309999899
3,0,,2026-07-28T20:31:54.034729,106870,4453,2347,4453,79,4453,2,4453,0,4453,3,1692,2,1.0281650999968406
3,0,,2026-07-28T20:31:55.061198,106728,4503,2394,4503,78,4503,5,4503,1,4503,3,1806,4,1.026085300007253
3,0,,2026-07-28T20:31:56.089599,106893,4349,2310,4349,71,4349,5,4349,1,4349,3,1834,0,1.0281475000083447
3,0,,2026-07-28T20:31:57.118343,108037,4422,2330,4422,93,4422,3,4422,4,4422,3,1837,0,1.0282705999998143
3,0,,2026-07-28T20:31:58.146561,107618,4370,2307,4370,92,4370,3,4370,1,4370,2,1884,0,1.027838599999086
3,0,,2026-07-28T20:31:59.175520,106769,4424,2341,4424,82,4424,1,4424,4,4424,1,1801,3,1.028643400000874
3,0,,2026-07-28T20:32:00.203743,107141,4371,2302,4371,85,4371,7,4371,1,4371,2,1829,1,1.027721599995857
3,0,,2026-07-28T20:32:01.232849,107185,4500,2366,4500,62,4500,2,4500,2,4500,3,1818,0,1.028756900006556
3,0,,2026-07-28T20:32:02.262352,107275,4515,2383,4515,67,4515,3,4515,2,4515,2,1721,0,1.0290692999988096
3,0,,2026-07-28T20:32:03.290984,107850,4493,2392,4493,94,4493,9,4493,3,4493,3,1795,0,1.0281756000040332
3,0,,2026-07-28T20:32:04.319845,107231,4388,2280,4388,70,4388,0,4388,3,4388,3,1759,2,1.0285432000091532
3,0,,2026-07-28T20:32:05.349340,106887,4209,2270,4209,64,4209,2,4209,3,4209,1,1768,0,1.0291353999928106
3,0,,2026-07-28T20:32:06.377785,107380,4378,2351,4378,71,4378,3,4378,1,4378,0,1740,1,1.0280621999991126
3,0,,2026-07-28T20:32:07.406907,107091,4449,2421,4449,61,4449,0,4449,1,4449,1,1783,1,1.028749599994626
3,0,,2026-07-28T20:32:08.435797,107265,4456,2380,4456,63,4456,4,4456,5,4456,2,1745,0,1.0285459000006085
3,0,,2026-07-28T20:32:09.464439,107099,4462,2375,4462,68,4462,2,4462,3,4462,2,1800,0,1.028282200000831
3,0,,2026-07-28T20:32:10.492671,107289,4344,2387,4344,54,4344,9,4344,5,4344,0,1799,2,1.0278730999998515
3,0,,2026-07-28T20:32:11.521792,107146,4442,2358,4442,75,4442,2,4442,1,4442,4,1718,1,1.0286625000007916
3,0,,2026-07-28T20:32:12.550654,107751,4477,2373,4477,87,4477,0,4477,7,4477,0,1788,1,1.0284718000038993
3,0,,2026-07-28T20:32:13.579372,106738,4484,2463,4484,59,4484,4,4484,2,4484,1,1787,1,1.0283939999935683
3,0,,2026-07-28T20:32:14.608494,107251,4395,2319,4395,70,4395,4,4395,4,4395,0,1844,1,1.0287098999979207
3,0,,2026-07-28T20:32:15.637189,107143,4522,2304,4522,89,4522,3,4522,3,4522,2,1800,1,1.0282325000007404
3,0,,2026-07-28T20:32:16.666471,107074,4529,2423,4529,69,4529,2,4529,2,4529,0,1818,1,1.028925699996762
3,0,,2026-07-28T20:32:17.695934,107359,4438,2383,4438,78,4438,2,4438,2,4438,0,1826,0,1.0290330999996513
3,0,,2026-07-28T20:32:18.724939,107826,4401,2309,4401,55,4401,4,4401,1,4401,1,1725,0,1.0286363000050187
3,0,,2026-07-28T20:32:19.753485,106931,4457,2377,4457,90,4457,7,4457,1,4457,2,1760,0,1.0281926999887219
3,0,,2026-07-28T20:32:20.783062,107130,4410,2352,4410,80,4410,2,4410,2,4410,0,1829,0,1.0291931999963708
3,0,,2026-07-28T20:32:21.812607,107222,4355,2254,4355,91,4355,2,4355,5,4355,0,1797,1,1.029072699995595
3,0,,2026-07-28T20:32:22.842076,107496,4531,2400,4531,81,4531,4,4531,2,4531,1,1813,1,1.0291503999906126
3,0,,2026-07-28T20:32:23.870961,107057,4416,2288,4416,82,4416,4,4416,6,4416,2,1745,0,1.0284850000025472
3,0,,2026-07-28T20:32:24.899745,107767,4449,2373,4449,70,4449,4,4449,2,4449,1,1845,1,1.028293899988057
3,0,,2026-07-28T20:32:25.928628,107104,4557,2387,4557,93,4557,4,4557,1,4557,2,1800,1,1.0285368000040762
3,0,,2026-07-28T20:32:26.957465,107690,4397,2272,4397,70,4397,5,4397,2,4397,1,1796,0,1.0284914999938337
3,0,,2026-07-28T20:32:27.987046,107140,4409,2333,4409,93,4409,3,4409,1,4409,1,1780,0,1.0291715999919688
3,0,,2026-07-28T20:32:29.015957,107463,4445,2382,4445,79,4445,3,4445,5,4445,2,1785,1,1.0284899000107544
3,0,,2026-07-28T20:32:30.045094,107203,4369,2287,4369,75,4369,3,4369,2,4369,2,1815,1,1.0286863999936031
3,0,,2026-07-28T20:32:31.073426,107578,4353,2330,4353,90,4353,4,4353,2,4353,3,1780,0,1.0279451999958837
3,0,,2026-07-28T20:32:32.103362,107095,4368,2324,4368,73,4368,6,4368,0,4368,1,1847,1,1.0295856000011554
3,0,,2026-07-28T20:32:33.132063,107564,4454,2386,4454,68,4454,3,4454,1,4454,4,1729,1,1.0282531999982893
3,0,,2026-07-28T20:32:34.160945,107206,4327,2291,4327,74,4327,4,4327,2,4327,1,1771,0,1.0284446000005119
3,0,,2026-07-28T20:32:35.190073,107658,4461,2291,4461,73,4461,6,4461,3,4461,4,1764,0,1.028684399992926
3,0,,2026-07-28T20:32:36.220795,107032,4411,2353,4411,73,4411,3,4411,1,4411,1,1741,1,1.0303429000050528
3,0,,2026-07-28T20:32:37.249638,107870,4333,2350,4333,99,4333,2,4333,3,4333,1,1841,0,1.028502600005595
3,0,,2026-07-28T20:32:38.277654,107607,4421,2284,4421,86,4421,2,4421,4,4421,1,1712,0,1.0276994000014383
3,0,,2026-07-28T20:32:39.308117,107996,4482,2391,4482,78,4482,4,4482,3,4482,2,1739,0,1.0301324000029126
3,0,,2026-07-28T20:32:40.337135,107440,4453,2417,4453,68,4453,6,4453,5,4453,1,1786,1,1.0288063000043621
3,0,,2026-07-28T20:32:41.366632,107211,4352,2289,4352,83,4352,2,4352,1,4352,1,1703,0,1.029159300000174
3,0,,2026-07-28T20:32:42.394312,107226,4361,2305,4361,72,4361,4,4361,4,4361,2,1772,0,1.0273357999976724
3,0,,2026-07-28T20:32:43.421828,107169,4409,2342,4409,65,4409,7,4409,3,4409,1,1856,3,1.0273804999887943
3,0,,2026-07-28T20:32:44.449397,106824,4494,2348,4494,87,4494,3,4494,1,4494,2,1715,1,1.0273400000005495
3,0,,2026-07-28T20:32:45.475874,107255,4426,2282,4426,74,4426,1,4426,2,4426,2,1819,1,1.0262982999993255
3,0,,2026-07-28T20:32:46.504964,107050,4319,2283,4319,71,4319,2,4319,3,4319,3,1707,1,1.0287386999989394
3,0,,2026-07-28T20:32:47.533215,107723,4371,2258,4371,78,4371,6,4371,5,4371,4,1773,1,1.0279174000024796
3,0,,2026-07-28T20:32:48.561248,107584,4456,2347,4456,79,4456,1,4456,5,4456,2,1730,1,1.0276997000037227
3,0,,2026-07-28T20:32:49.589560,107372,4396,2270,4396,93,4396,1,4396,4,4396,2,1733,0,1.0279933999991044
3,0,,2026-07-28T20:32:50.619436,107698,4381,2349,4381,84,4381,2,4381,4,4381,2,1704,1,1.0295298000128241
3,0,,2026-07-28T20:32:51.649556,107863,4522,2386,4522,75,4522,1,4522,0,4522,2,1773,1,1.029762700010906
3,0,,2026-07-28T20:32:52.678282,106987,4425,2381,4425,68,4425,5,4425,2,4425,0,1792,0,1.0282677999930456
3,0,,2026-07-28T20:32:53.706959,107257,4494,2386,4494,92,4494,5,4494,2,4494,3,1798,1,1.0283513000031235
3,0,,2026-07-28T20:32:54.735961,106876,4410,2372,4410,75,4410,5,4410,3,4410,2,1783,0,1.0285871000087354
3,0,,2026-07-28T20:32:55.763882,107111,4378,2339,4378,72,4378,6,4378,3,4378,0,1762,0,1.0275815999921178
3,0,,2026-07-28T20:32:56.792541,107224,4411,2388,4411,80,4411,2,4411,4,4411,4,1831,0,1.0283678999985568
3,0,,2026-07-28T20:32:57.821013,107012,4502,2369,4502,76,4502,2,4502,3,4502,3,1840,0,1.0281095999962417
3,0,,2026-07-28T20:32:58.849851,106788,4462,2339,4462,84,4462,4,4462,1,4462,1,1754,0,1.0285100000037346
3,0,,2026-07-28T20:32:59.879147,106847,4397,2274,4397,72,4397,4,4397,4,4397,0,1736,0,1.028973100008443
3,0,,2026-07-28T20:33:00.908470,106908,4513,2368,4513,82,4513,2,4513,1,4513,6,1777,1,1.028909400003613
3,0,,2026-07-28T20:33:01.937348,106961,4488,2369,4488,96,4488,5,4488,2,4488,2,1810,1,1.0285972999990918
3,0,,2026-07-28T20:33:02.967786,107417,4395,2365,4395,88,4395,5,4395,5,4395,3,1808,1,1.0301138000068022
3,0,,2026-07-28T20:33:03.997509,106737,4449,2363,4449,67,4449,2,4449,0,4449,0,1792,1,1.0293229000089923
3,0,,2026-07-28T20:33:05.027641,107267,4511,2361,4511,80,4511,4,4511,3,4511,0,1787,2,1.029740199999651
3,0,,2026-07-28T20:33:06.056140,107532,4543,2389,4543,81,4543,1,4543,2,4543,2,1812,0,1.02811319999455
3,0,,2026-07-28T20:33:07.084248,107465,4387,2319,4387,68,4387,3,4387,1,4387,0,1852,0,1.0277265000040643
3,0,,2026-07-28T20:33:08.112778,107834,4429,2322,4429,73,4429,3,4429,0,4429,1,1834,0,1.0281256000016583
3,0,,2026-07-28T20:33:09.142202,107659,4545,2451,4545,70,4545,5,4545,3,4545,1,1797,0,1.0290248999954201
3,0,,2026-07-28T20:33:10.171128,107751,4448,2290,4448,88,4448,4,4448,1,4448,0,1810,0,1.0286589000024833
3,0,,2026-07-28T20:33:11.198139,107654,4365,2343,4365,76,4365,1,4365,2,4365,3,1786,1,1.0266779999947175
3,0,,2026-07-28T20:33:12.227271,106836,4375,2262,4375,77,4375,3,4375,3,4375,2,1738,2,1.0287248000095133
3,0,,2026-07-28T20:33:13.256317,107638,4354,2278,4354,80,4354,3,4354,1,4354,3,1893,2,1.0286266000039177
3,0,,2026-07-28T20:33:14.284811,107044,4422,2420,4422,62,4422,1,4422,1,4422,4,1779,1,1.0281494000082603
3,0,,2026-07-28T20:33:15.314119,107364,4445,2387,4445,100,4445,3,4445,3,4445,1,1761,1,1.028923699996085
3,0,,2026-07-28T20:33:16.342811,107472,4380,2308,4380,105,4380,3,4380,2,4380,2,1763,0,1.0283180999977048
3,0,,2026-07-28T20:33:17.372710,107594,4417,2317,4417,73,4417,4,4417,1,4417,2,1777,0,1.0295424000069033
3,0,,2026-07-28T20:33:18.401519,107448,4526,2432,4526,80,4526,5,4526,1,4526,2,1828,1,1.0283234000089578
3,0,,2026-07-28T20:33:19.427861,107157,4490,2402,4490,69,4490,2,4490,2,4490,0,1712,0,1.0260063000023365
3,0,,2026-07-28T20:33:20.457238,107566,4459,2373,4459,91,4459,4,4459,3,4459,0,1784,0,1.029068100004224
3,0,,2026-07-28T20:33:21.485790,107261,4346,2265,4346,77,4346,4,4346,4,4346,2,1790,0,1.0281724000087706
3,0,,2026-07-28T20:33:22.514178,107332,4418,2377,4418,74,4418,4,4418,1,4418,0,1781,0,1.0280124999990221
3,0,,2026-07-28T20:33:23.543812,107541,4437,2412,4437,64,4437,5,4437,4,4437,1,1817,0,1.029290199992829
3,0,,2026-07-28T20:33:24.572693,107568,4332,2289,4332,77,4332,2,4332,4,4332,1,1773,1,1.028536099998746
3,0,,2026-07-28T20:33:25.601735,107191,4422,2350,4422,93,4422,3,4422,2,4422,2,1777,0,1.0286861000058707
3,0,,2026-07-28T20:33:26.630625,107642,4394,2382,4394,87,4394,1,4394,3,4394,2,1792,0,1.0284624000050826
3,0,,2026-07-28T20:33:27.659583,107122,4583,2434,4583,77,4583,6,4583,2,4583,0,1816,0,1.0285846999904606
3,0,,2026-07-28T20:33:28.688184,107317,4357,2332,4357,65,4357,5,4357,1,4357,1,1753,0,1.0282423000026029
3,0,,2026-07-28T20:33:29.717794,107462,4452,2364,4452,82,4452,3,4452,1,4452,1,1806,1,1.029242599994177
3,0,,2026-07-28T20:33:30.746107,107248,4329,2308,4329,78,4329,4,4329,1,4329,4,1800,0,1.0279621000081534
3,0,,2026-07-28T20:33:31.775559,107479,4330,2274,4330,69,4330,1,4330,5,4330,1,1825,2,1.0290635999990627
3,0,,2026-07-28T20:33:32.805744,107593,4576,2374,4576,90,4576,5,4576,4,4576,6,1850,2,1.0297719999944093
3,0,,2026-07-28T20:33:33.834820,107237,4454,2347,4454,72,4454,3,4454,1,4454,1,1773,0,1.0286587000009604
3,0,,2026-07-28T20:33:34.862850,107497,4388,2337,4388,100,4388,5,4388,1,4388,1,1824,0,1.0277484999969602
3,0,,2026-07-28T20:33:35.889843,107046,4462,2373,4462,75,4462,1,4462,1,4462,1,1786,2,1.0267823000031058
3,0,,2026-07-28T20:33:36.917935,107111,4470,2407,4470,82,4470,2,4470,2,4470,2,1867,1,1.0277951999887591
3,0,,2026-07-28T20:33:37.945605,107265,4431,2363,4431,83,4431,2,4431,0,4431,1,1727,0,1.0274423000082606
3,0,,2026-07-28T20:33:38.973997,107156,4541,2374,4541,91,4541,7,4541,4,4541,4,1869,1,1.028023500010022
3,0,,2026-07-28T20:33:40.000780,107085,4479,2392,4479,96,4479,2,4479,5,4479,3,1814,1,1.0265056999924127
3,0,,2026-07-28T20:33:41.029402,106562,4407,2350,4407,70,4407,1,4407,4,4407,1,1771,2,1.02840210001159
3,0,,2026-07-28T20:33:42.059374,106430,4441,2358,4441,80,4441,1,4441,1,4441,2,1805,1,1.0295779000007315
3,0,,2026-07-28T20:33:43.087892,108265,4413,2357,4413,64,4413,1,4413,2,4413,2,1841,0,1.0278600999881746
3,0,,2026-07-28T20:33:44.116325,107482,4417,2374,4417,66,4417,1,4417,1,4417,4,1798,1,1.0280902999948012
3,0,,2026-07-28T20:33:45.145178,106877,4472,2293,4472,75,4472,4,4472,2,4472,3,1819,1,1.0283774999988964
3,0,,2026-07-28T20:33:46.173754,107365,4448,2302,4448,72,4448,3,4448,3,4448,3,1709,1,1.0282047000073362
3,0,,2026-07-28T20:33:47.203633,107393,4503,2423,4503,70,4503,4,4503,2,4503,1,1748,0,1.029515200003516
3,0,,2026-07-28T20:33:48.232839,107557,4452,2372,4452,82,4452,2,4452,4,4452,1,1833,0,1.028722300005029
3,0,,2026-07-28T20:33:49.261526,106793,4477,2413,4477,91,4477,6,4477,2,4477,3,1838,0,1.0282577000034507
3,0,,2026-07-28T20:33:50.290602,107387,4301,2268,4301,73,4301,4,4301,1,4301,0,1760,0,1.0287490000046091
3,0,,2026-07-28T20:33:51.319721,107203,4533,2425,4533,88,4533,2,4533,3,4533,2,1853,0,1.0288430000073276
3,0,,2026-07-28T20:33:52.349148,107309,4375,2328,4375,70,4375,4,4375,3,4375,0,1811,1,1.0290461999975378
3,0,,2026-07-28T20:33:53.378006,107240,4353,2267,4353,84,4353,4,4353,1,4353,1,1799,1,1.0284898999962024
3,0,,2026-07-28T20:33:54.406552,107139,4403,2263,4403,83,4403,1,4403,5,4403,1,1695,0,1.028180199995404
3,0,,2026-07-28T20:33:55.435634,107228,4403,2384,4403,80,4403,5,4403,2,4403,3,1816,0,1.0286998000083258
3,0,,2026-07-28T20:33:56.464826,107708,4322,2234,4322,76,4322,3,4322,1,4322,0,1883,1,1.028817500002333
3,0,,2026-07-28T20:33:57.493928,106919,4359,2243,4359,91,4359,4,4359,0,4359,1,1756,1,1.0287302000069758
3,0,,2026-07-28T20:33:58.523022,106987,4494,2435,4494,91,4494,3,4494,3,4494,3,1794,0,1.0287908000027528
3,0,,2026-07-28T20:33:59.552728,108126,4455,2397,4455,82,4455,2,4455,4,4455,2,1788,1,1.0293016000068747
3,0,,2026-07-28T20:34:00.581517,107209,4390,2316,4390,85,4390,0,4390,4,4390,3,1747,0,1.0283441000065068
3,0,,2026-07-28T20:34:01.611456,107553,4482,2355,4482,78,4482,2,4482,1,4482,0,1734,2,1.0296506999875419
3,0,,2026-07-28T20:34:02.640315,106644,4363,2331,4363,78,4363,3,4363,1,4363,0,1815,1,1.0285300000105053
3,0,,2026-07-28T20:34:03.669695,107244,4419,2294,4419,77,4419,2,4419,4,4419,2,1834,0,1.0290162000019336
3,0,,2026-07-28T20:34:04.698072,107343,4514,2366,4514,75,4514,2,4514,3,4514,1,1806,0,1.0280020000063814
3,0,,2026-07-28T20:34:05.728059,107195,4537,2432,4537,77,4537,5,4538,0,4538,2,1847,1,1.0296186000050511
3,0,,2026-07-28T20:34:06.756106,107663,4494,2345,4494,89,4494,0,4493,2,4493,0,1787,2,1.0277726000058465
3,0,,2026-07-28T20:34:07.784879,107365,4541,2428,4541,79,4541,2,4541,1,4541,4,1770,0,1.0285961000045063
3,0,,2026-07-28T20:34:08.813959,107291,4381,2311,4381,74,4381,4,4381,2,4381,0,1803,1,1.0285928999946918
3,0,,2026-07-28T20:34:09.842824,107282,4322,2261,4322,73,4322,7,4322,5,4322,2,1767,0,1.0284938999975566
3,0,,2026-07-28T20:34:10.871398,107650,4551,2398,4551,89,4551,2,4551,4,4551,1,1796,0,1.0282315999938874
3,0,,2026-07-28T20:34:11.899703,107493,4530,2412,4530,89,4530,2,4530,2,4530,4,1769,0,1.0279500000033295
3,0,,2026-07-28T20:34:12.929013,106888,4427,2384,4427,79,4427,0,4427,1,4427,1,1818,0,1.0289511999872047
3,0,,2026-07-28T20:34:13.958990,107817,4404,2423,4404,79,4404,5,4404,3,4404,0,1819,0,1.029549999992014
3,0,,2026-07-28T20:34:14.987580,107775,4466,2375,4466,81,4466,4,4466,1,4466,2,1756,1,1.028261500003282
3,0,,2026-07-28T20:34:16.017531,107380,4413,2306,4413,86,4413,3,4413,0,4413,0,1811,0,1.0295591000030981
3,0,,2026-07-28T20:34:17.047215,107465,4426,2305,4426,90,4426,5,4426,3,4426,0,1684,1,1.0291893999965396
3,0,,2026-07-28T20:34:18.077269,107591,4339,2291,4339,68,4339,2,4339,2,4339,2,1781,1,1.0297457999986364
3,0,,2026-07-28T20:34:19.106127,107485,4464,2361,4464,87,4464,7,4464,4,4464,3,1792,0,1.0284769999998389
3,0,,2026-07-28T20:34:20.135424,107143,4271,2275,4271,73,4271,3,4271,1,4271,5,1796,0,1.0289581999968505
3,0,,2026-07-28T20:34:21.164859,106808,4383,2275,4383,82,4383,3,4383,2,4383,2,1819,1,1.0291047000064282
3,0,,2026-07-28T20:34:22.193560,107056,4268,2237,4268,86,4268,2,4268,3,4268,2,1722,0,1.0283777000004193
3,0,,2026-07-28T20:34:23.222816,107183,4391,2364,4391,81,4391,3,4391,3,4391,3,1813,0,1.0288923000043724
3,0,,2026-07-28T20:34:24.250753,107757,4474,2368,4474,77,4474,7,4474,3,4474,2,1769,0,1.0276247000001604
3,0,,2026-07-28T20:34:25.277756,106963,4350,2305,4350,83,4350,1,4350,2,4350,1,1825,0,1.0267554000020027
3,0,,2026-07-28T20:34:26.305497,106612,4398,2356,4398,65,4398,0,4398,2,4398,2,1759,0,1.0275021999987075
3,0,,2026-07-28T20:34:27.333874,107008,4352,2319,4352,59,4352,5,4352,0,4352,3,1808,0,1.028049300002749
3,0,,2026-07-28T20:34:28.363400,107067,4360,2294,4360,66,4360,1,4360,2,4360,2,1754,2,1.0291618999908678
3,0,,2026-07-28T20:34:29.391231,107559,4568,2369,4568,90,4568,5,4568,3,4568,0,1755,0,1.0274981999973534
3,0,,2026-07-28T20:34:30.419735,107391,4468,2430,4468,80,4468,4,4468,2,4468,2,1741,1,1.028134799998952
3,0,,2026-07-28T20:34:31.448567,107219,4326,2294,4326,61,4326,2,4326,6,4326,0,1866,0,1.028482100009569
3,0,,2026-07-28T20:34:32.477888,107095,4380,2285,4380,76,4380,5,4380,0,4380,1,1791,1,1.0288808999903267
3,0,,2026-07-28T20:34:33.506079,107381,4515,2404,4515,78,4515,6,4515,2,4515,2,1748,1,1.0278954000095837
3,0,,2026-07-28T20:34:34.534677,107522,4469,2350,4469,73,4469,2,4469,3,4469,1,1779,1,1.028234600002179
3,0,,2026-07-28T20:34:35.562908,106999,4448,2357,4448,75,4448,1,4448,1,4448,2,1828,0,1.0278929000050994
3,0,,2026-07-28T20:34:36.592982,107167,4512,2360,4512,74,4512,2,4512,0,4512,4,1803,0,1.0296976000099676
3,0,,2026-07-28T20:34:37.621995,106946,4381,2290,4381,80,4381,1,4381,2,4381,1,1747,1,1.0285904000047594
3,0,,2026-07-28T20:34:38.650982,107259,4424,2403,4424,69,4424,5,4424,4,4424,1,1780,0,1.0286095999908866
3,0,,2026-07-28T20:34:39.680138,107353,4441,2366,4441,71,4441,1,4441,1,4441,2,1741,1,1.0288654000032693
3,0,,2026-07-28T20:34:40.706253,106896,4401,2335,4401,84,4401,4,4401,2,4401,1,1732,0,1.025733800008311
3,0,,2026-07-28T20:34:41.732533,106816,4406,2356,4406,87,4406,2,4406,3,4406,1,1727,0,1.0260793000052217
3,0,,2026-07-28T20:34:42.761217,107021,4346,2299,4346,85,4346,4,4346,1,4346,0,1764,0,1.0283785999927204
3,0,,2026-07-28T20:34:43.791054,107270,4458,2363,4458,96,4458,3,4458,1,4458,1,1790,1,1.0295077999908244
3,0,,2026-07-28T20:34:44.820323,107462,4402,2317,4402,87,4402,0,4402,5,4402,2,1809,2,1.0289173000055598
3,0,,2026-07-28T20:34:45.849187,107172,4507,2359,4507,86,4507,3,4507,2,4507,2,1705,1,1.0284771000006003
3,0,,2026-07-28T20:34:46.877789,106633,4461,2381,4461,92,4461,8,4461,2,4461,2,1833,0,1.0282221999950707
3,0,,2026-07-28T20:34:47.907093,107064,4445,2373,4445,103,4445,3,4445,4,4445,2,1718,0,1.0289685000025202
3,0,,2026-07-28T20:34:48.936230,107832,4397,2310,4397,77,4397,2,4398,4,4398,1,1749,0,1.0286858000035863
3,0,,2026-07-28T20:34:49.965019,106974,4432,2324,4432,79,4432,3,4431,2,4431,1,1857,0,1.028459400011343
3,0,,2026-07-28T20:34:50.994192,107279,4380,2328,4380,73,4380,3,4380,0,4380,3,1729,0,1.028789499992854
3,0,,2026-07-28T20:34:52.022998,107426,4525,2389,4525,81,4525,5,4525,2,4525,1,1777,2,1.0284924000006868
3,0,,2026-07-28T20:34:53.050203,107872,4482,2444,4482,87,4482,7,4482,0,4482,1,1831,1,1.0268848999985494
3,0,,2026-07-28T20:34:54.079151,107408,4497,2361,4497,84,4497,6,4497,1,4497,1,1780,1,1.0286902000079863
3,0,,2026-07-28T20:34:55.108046,106867,4406,2354,4406,60,4406,4,4406,4,4406,1,1789,1,1.0285065000061877
3,0,,2026-07-28T20:34:56.137229,107814,4328,2282,4328,77,4328,1,4328,2,4328,1,1783,0,1.02882390000741
3,0,,2026-07-28T20:34:57.165963,106698,4350,2311,4350,85,4350,4,4350,4,4350,3,1724,1,1.0283822999917902
3,0,,2026-07-28T20:34:58.195047,106740,4440,2315,4440,82,4440,6,4440,6,4440,1,1810,0,1.0287553999951342
3,0,,2026-07-28T20:34:59.224486,107428,4390,2337,4390,73,4390,4,4390,2,4390,3,1790,1,1.0290763000084553
3,0,,2026-07-28T20:35:00.254130,107344,4401,2342,4401,71,4401,5,4401,4,4401,2,1718,0,1.0292202000127872
3,0,,2026-07-28T20:35:01.283711,107117,4419,2358,4419,86,4419,1,4419,4,4419,2,1759,2,1.029146100001526
3,0,,2026-07-28T20:35:02.313837,107662,4435,2324,4435,89,4435,6,4435,2,4435,3,1765,0,1.0296186000050511
3,0,,2026-07-28T20:35:03.342842,107399,4325,2302,4325,82,4325,1,4325,2,4325,3,1758,1,1.0284873000055086
3,0,,2026-07-28T20:35:04.370608,108437,4589,2419,4589,80,4589,4,4589,2,4589,0,1809,0,1.027389499999117
3,0,,2026-07-28T20:35:05.399398,107010,4375,2299,4375,88,4375,3,4375,3,4375,0,1769,0,1.0283675999962725
3,0,,2026-07-28T20:35:06.428654,107175,4312,2340,4312,65,4312,4,4312,3,4312,1,1654,0,1.0289486999972723
3,0,,2026-07-28T20:35:07.457383,106918,4311,2347,4311,67,4311,1,4311,2,4311,2,1786,0,1.0283498999924632
3,0,,2026-07-28T20:35:08.486626,107336,4406,2343,4406,74,4406,2,4406,2,4406,1,1776,1,1.0288622000080068
3,0,,2026-07-28T20:35:09.515331,107560,4415,2327,4415,93,4415,3,4415,1,4415,3,1782,0,1.0283239999989746
3,0,,2026-07-28T20:35:10.545797,106999,4425,2368,4425,73,4425,0,4425,1,4425,1,1688,0,1.0300534999987576
3,0,,2026-07-28T20:35:11.572230,107187,4371,2293,4371,87,4371,3,4371,3,4371,0,1764,0,1.026089300008607
3,0,,2026-07-28T20:35:12.598754,107324,4319,2284,4319,74,4319,1,4319,3,4319,0,1836,1,1.0262871999875642
3,0,,2026-07-28T20:35:13.625274,106822,4449,2349,4449,63,4449,2,4449,2,4449,3,1804,0,1.0263206999952672
3,0,,2026-07-28T20:35:14.652551,106883,4320,2303,4320,80,4320,1,4320,3,4320,1,1764,0,1.0270928000099957
3,0,,2026-07-28T20:35:15.679352,107198,4356,2294,4356,77,4356,4,4356,5,4356,0,1694,0,1.026625900005456
3,0,,2026-07-28T20:35:16.706141,106960,4513,2409,4513,69,4513,5,4513,4,4513,3,1760,3,1.0265193000086583
3,0,,2026-07-28T20:35:17.734102,107004,4425,2300,4425,84,4425,4,4425,3,4425,0,1810,1,1.0277732999966247
3,0,,2026-07-28T20:35:18.762333,106658,4428,2346,4428,77,4428,1,4428,0,4428,4,1723,0,1.0280162999988534
3,0,,2026-07-28T20:35:19.790699,107438,4353,2302,4353,82,4353,3,4353,1,4353,2,1788,3,1.0279797999974107
3,0,,2026-07-28T20:35:20.819025,106644,4395,2321,4395,71,4395,4,4395,3,4395,3,1762,2,1.027914399994188
3,0,,2026-07-28T20:35:21.847536,107064,4321,2302,4321,78,4321,5,4321,5,4321,0,1684,1,1.028145800009952
3,0,,2026-07-28T20:35:22.875455,107296,4438,2383,4438,82,4438,8,4438,5,4438,2,1695,0,1.0275515999965137
3,0,,2026-07-28T20:35:23.904844,107187,4362,2309,4362,68,4362,5,4362,2,4362,2,1728,0,1.0290578999993159
3,0,,2026-07-28T20:35:24.934345,107048,4397,2272,4397,90,4397,3,4397,4,4397,1,1851,0,1.0291313000052469
3,0,,2026-07-28T20:35:25.962654,107273,4393,2355,4393,87,4393,5,4393,2,4393,1,1805,2,1.0279766000021482
3,0,,2026-07-28T20:35:26.991993,106789,4432,2297,4432,93,4432,4,4432,0,4432,0,1769,1,1.0289708000054816
3,0,,2026-07-28T20:35:28.020522,107060,4341,2335,4341,81,4341,4,4341,3,4341,3,1845,0,1.0281470000045374
3,0,,2026-07-28T20:35:29.047055,107148,4395,2310,4395,98,4395,4,4395,3,4395,5,1771,0,1.0261839000013424
3,0,,2026-07-28T20:35:30.075363,106137,4443,2353,4443,92,4443,2,4443,3,4443,3,1733,0,1.0280086999991909
3,0,,2026-07-28T20:35:31.105071,107371,4165,2251,4165,58,4165,3,4165,1,4165,2,1685,1,1.029344399998081
3,0,,2026-07-28T20:35:32.134166,106183,4257,2264,4257,77,4257,2,4258,6,4258,1,1750,0,1.0287085000018124
3,0,,2026-07-28T20:35:33.163453,106702,4468,2349,4468,78,4468,5,4467,1,4467,4,1862,2,1.0289374999993015
3,0,,2026-07-28T20:35:34.190845,107831,4402,2341,4402,72,4402,1,4402,1,4402,0,1709,2,1.0269652999995742
3,0,,2026-07-28T20:35:35.219776,107081,4442,2447,4442,86,4442,4,4442,3,4442,1,1827,2,1.0287068000034196
3,0,,2026-07-28T20:35:36.250510,107553,4377,2301,4377,77,4377,0,4377,3,4377,3,1856,0,1.030250600000727
3,0,,2026-07-28T20:35:37.278637,106682,4472,2360,4472,80,4472,2,4472,4,4472,3,1778,3,1.0276647999999113
3,0,,2026-07-28T20:35:38.307830,107312,4256,2211,4256,70,4256,5,4256,3,4256,0,1816,0,1.0288287000003038
3,0,,2026-07-28T20:35:39.335516,107189,4406,2314,4406,85,4406,1,4406,0,4406,2,1753,0,1.0272721000073943
3,0,,2026-07-28T20:35:40.365327,107388,4440,2398,4440,77,4440,4,4440,5,4440,2,1798,0,1.02936580000096
3,0,,2026-07-28T20:35:41.393583,107019,4417,2336,4417,80,4417,2,4417,1,4417,0,1716,0,1.0278618000011193
3,0,,2026-07-28T20:35:42.422655,107403,4441,2316,4441,91,4441,2,4441,2,4441,1,1837,1,1.0287528000044404
3,0,,2026-07-28T20:35:43.450010,107867,4459,2358,4459,77,4459,2,4459,3,4459,2,1749,1,1.0270710999902803
3,0,,2026-07-28T20:35:44.478714,107195,4477,2449,4477,60,4477,3,4477,2,4477,2,1745,0,1.0283523999969475
3,0,,2026-07-28T20:35:45.508129,106876,4434,2259,4434,92,4434,5,4434,2,4434,2,1747,2,1.0289249999914318
3,0,,2026-07-28T20:35:46.535607,106727,4338,2362,4338,69,4338,4,4338,3,4338,2,1784,0,1.0272193000128027
3,0,,2026-07-28T20:35:47.563230,107190,4316,2232,4316,74,4316,5,4316,4,4316,2,1721,1,1.027300900008413
3,0,,2026-07-28T20:35:48.592438,106869,4472,2358,4472,83,4472,4,4472,1,4472,5,1744,0,1.028831799994805
3,0,,2026-07-28T20:35:49.621418,107242,4375,2317,4375,72,4375,1,4375,6,4375,2,1885,0,1.0286210000049323
3,0,,2026-07-28T20:35:50.648632,107472,4419,2366,4419,78,4419,1,4419,0,4419,3,1792,1,1.0269035000092117
3,0,,2026-07-28T20:35:51.675780,107209,4368,2337,4368,67,4368,1,4368,3,4368,1,1727,0,1.0269020000123419
3,0,,2026-07-28T20:35:52.703389,106776,4411,2341,4411,63,4411,3,4411,1,4411,0,1782,0,1.027266299992334
3,0,,2026-07-28T20:35:53.733228,107131,4405,2322,4405,80,4405,5,4405,1,4405,0,1741,2,1.0295213000063086
3,0,,2026-07-28T20:35:54.761840,107312,4438,2299,4438,90,4438,3,4438,2,4438,0,1861,0,1.0281958999985363
3,0,,2026-07-28T20:35:55.789254,107408,4356,2324,4356,77,4356,7,4356,0,4356,4,1748,0,1.027082300002803
3,0,,2026-07-28T20:35:56.817099,106686,4497,2391,4497,79,4497,4,4497,3,4497,1,1758,0,1.027618000007351
3,0,,2026-07-28T20:35:57.846305,107663,4444,2338,4444,90,4444,2,4444,2,4444,5,1723,1,1.0289188000024296
3,0,,2026-07-28T20:35:58.875244,107285,4465,2365,4465,81,4465,4,4465,1,4465,1,1832,0,1.028566300010425
3,0,,2026-07-28T20:35:59.905354,107105,4461,2380,4461,76,4461,3,4461,2,4461,2,1802,1,1.0297191999998176
3,0,,2026-07-28T20:36:00.934090,107669,4366,2281,4366,88,4366,3,4366,5,4366,1,1832,0,1.0283607000019401
3,0,,2026-07-28T20:36:01.963060,107097,4423,2344,4423,84,4423,1,4423,4,4423,1,1809,2,1.028638099989621
3,0,,2026-07-28T20:36:02.993160,107272,4553,2439,4553,80,4553,3,4553,1,4553,0,1845,1,1.0296887000004062
3,0,,2026-07-28T20:36:04.021225,107847,4335,2323,4335,73,4335,4,4335,3,4335,0,1788,0,1.0276149999990594
3,0,,2026-07-28T20:36:05.050620,106475,4423,2406,4423,86,4423,4,4423,1,4423,2,1737,1,1.0290476999944076
3,0,,2026-07-28T20:36:06.079366,107324,4363,2302,4363,83,4363,6,4363,2,4363,2,1804,2,1.0284820000088075
3,0,,2026-07-28T20:36:07.107521,107214,4489,2364,4489,84,4489,5,4489,3,4489,0,1810,0,1.0277710000082152
3,0,,2026-07-28T20:36:08.137277,107158,4481,2422,4481,89,4481,2,4481,2,4481,0,1788,1,1.0294372999924235
3,0,,2026-07-28T20:36:09.163931,107031,4437,2363,4437,75,4437,4,4437,4,4437,4,1776,0,1.026409900005092
3,0,,2026-07-28T20:36:10.191485,106864,4522,2409,4522,70,4522,4,4522,2,4522,2,1658,1,1.0274138999957358
3,0,,2026-07-28T20:36:11.219390,107334,4373,2343,4373,88,4373,3,4373,0,4373,3,1759,0,1.0276226999994833
3,0,,2026-07-28T20:36:12.247959,106585,4402,2325,4402,61,4402,6,4402,6,4402,1,1767,1,1.0281148999929428
3,0,,2026-07-28T20:36:13.276380,106999,4362,2302,4362,86,4362,4,4362,3,4362,1,1785,0,1.0281127000052948
3,0,,2026-07-28T20:36:14.304801,106703,4257,2243,4257,73,4257,7,4257,2,4257,2,1751,1,1.0280923999962397
3,0,,2026-07-28T20:36:15.334179,106880,4303,2251,4303,103,4303,2,4303,6,4303,3,1841,0,1.0289947999990545
3,0,,2026-07-28T20:36:16.363381,107195,4351,2326,4351,90,4351,6,4351,3,4351,1,1748,0,1.0288577000028454
3,0,,2026-07-28T20:36:17.393751,107315,4495,2307,4495,80,4495,1,4495,2,4495,4,1753,0,1.029980000006617
3,0,,2026-07-28T20:36:18.423285,107661,4371,2320,4371,74,4371,0,4371,1,4371,2,1740,0,1.0291275999916252
3,0,,2026-07-28T20:36:19.452262,107281,4267,2229,4267,84,4267,5,4267,5,4267,2,1725,0,1.0285520999896107
3,0,,2026-07-28T20:36:20.480949,106876,4323,2259,4323,95,4323,3,4323,3,4323,2,1799,1,1.0282599000056507
3,0,,2026-07-28T20:36:21.509906,107550,4472,2409,4472,70,4472,4,4472,2,4472,2,1704,1,1.0286216999957105
3,0,,2026-07-28T20:36:22.538730,107412,4494,2377,4494,87,4494,7,4494,0,4494,2,1697,1,1.0284388000000035
3,0,,2026-07-28T20:36:23.567357,107437,4358,2281,4358,55,4358,3,4358,0,4358,2,1774,0,1.0283116999926278
3,0,,2026-07-28T20:36:24.595879,106737,4441,2266,4441,75,4441,1,4441,4,4441,1,1794,2,1.0281982000014978
3,0,,2026-07-28T20:36:25.625217,107634,4425,2348,4425,78,4425,6,4425,0,4425,2,1786,4,1.0289683999872068
3,0,,2026-07-28T20:36:26.653467,107444,4440,2323,4440,81,4440,4,4440,1,4440,4,1789,0,1.0278837999940151
3,0,,2026-07-28T20:36:27.682429,107437,4523,2417,4523,90,4523,5,4523,5,4523,1,1783,0,1.028618100011954
3,0,,2026-07-28T20:36:28.710569,107436,4431,2318,4431,84,4431,7,4431,1,4431,1,1873,2,1.027926299997489
3,0,,2026-07-28T20:36:29.740117,108116,4481,2363,4481,88,4481,0,4481,2,4481,2,1799,0,1.02914719999535
3,0,,2026-07-28T20:36:30.769344,107788,4462,2379,4462,73,4462,4,4462,2,4462,0,1758,0,1.0288358999969205
3,0,,2026-07-28T20:36:31.799249,107307,4437,2363,4437,61,4437,3,4437,1,4437,4,1806,1,1.0295244000008097
3,0,,2026-07-28T20:36:32.827960,107453,4437,2397,4437,83,4437,2,4437,2,4437,0,1718,0,1.028348299994832
3,0,,2026-07-28T20:36:33.857059,107147,4506,2277,4506,78,4506,5,4506,1,4506,0,1708,1,1.0287474000069778
3,0,,2026-07-28T20:36:34.886326,107408,4455,2328,4455,90,4455,3,4455,5,4455,8,1691,2,1.028861800004961
3,0,,2026-07-28T20:36:35.916096,107719,4417,2352,4417,80,4417,1,4417,3,4417,1,1684,0,1.0292763999896124
3,0,,2026-07-28T20:36:36.945019,107449,4336,2302,4336,76,4336,5,4336,3,4336,1,1740,1,1.0285775999946054
3,0,,2026-07-28T20:36:37.974422,107288,4284,2280,4284,80,4284,1,4284,3,4284,3,1819,1,1.0290449999884004
3,0,,2026-07-28T20:36:39.003616,106936,4267,2247,4267,80,4267,3,4267,4,4267,0,1772,2,1.0289046999969287
3,0,,2026-07-28T20:36:40.034196,107309,4351,2279,4351,73,4351,4,4351,0,4351,0,1826,0,1.0302440999948885
3,0,,2026-07-28T20:36:41.063502,107266,4464,2354,4464,76,4464,3,4464,1,4464,1,1784,1,1.0288513999985298
3,0,,2026-07-28T20:36:42.092283,107018,4487,2374,4487,87,4487,2,4487,5,4487,1,1777,0,1.0283956000057515
3,0,,2026-07-28T20:36:43.121388,106753,4462,2347,4462,75,4462,4,4462,2,4462,2,1682,0,1.028742799986503
3,0,,2026-07-28T20:36:44.150018,107365,4438,2395,4438,86,4438,6,4438,0,4438,1,1794,0,1.028208200004883
3,0,,2026-07-28T20:36:45.178049,107723,4441,2353,4441,81,4441,3,4441,1,4441,1,1775,2,1.0277392999996664
3,0,,2026-07-28T20:36:46.207253,107472,4561,2432,4561,74,4561,6,4561,4,4561,0,1806,0,1.0288598999904934
3,0,,2026-07-28T20:36:47.236248,107597,4395,2400,4395,86,4395,3,4395,2,4395,3,1734,0,1.0286403000063729
3,0,,2026-07-28T20:36:48.264843,106767,4374,2324,4374,79,4374,3,4374,3,4374,0,1789,0,1.0282156000030227
3,0,,2026-07-28T20:36:49.292748,107126,4395,2345,4395,92,4395,4,4395,4,4395,2,1708,1,1.0275791000021854
3,0,,2026-07-28T20:36:50.321936,106835,4355,2324,4355,74,4355,0,4355,1,4355,2,1790,1,1.028934300004039
3,0,,2026-07-28T20:36:51.351068,107281,4421,2403,4421,70,4421,4,4421,3,4421,3,1753,2,1.0287130999931833
3,0,,2026-07-28T20:36:52.380568,107225,4416,2367,4416,82,4416,3,4416,3,4416,3,1701,0,1.028993999992963
3,0,,2026-07-28T20:36:53.409504,107377,4455,2404,4455,94,4455,0,4455,5,4455,0,1756,0,1.0285539000033168
3,0,,2026-07-28T20:36:54.438744,106737,4449,2390,4449,80,4449,3,4449,1,4449,1,1775,0,1.0288850000069942
3,0,,2026-07-28T20:36:55.467303,106660,4304,2315,4304,66,4304,3,4304,2,4304,0,1795,1,1.0282166999968467
3,0,,2026-07-28T20:36:56.497871,107143,4492,2373,4492,85,4492,3,4492,2,4492,1,1796,0,1.0301234999933513
3,0,,2026-07-28T20:36:57.524881,107185,4413,2351,4413,83,4413,1,4413,2,4413,1,1741,0,1.0266490000067279
3,0,,2026-07-28T20:36:58.554835,107690,4396,2345,4396,90,4396,3,4396,0,4396,1,1763,1,1.0297819999977946
3,0,,2026-07-28T20:36:59.583815,107404,4496,2430,4496,90,4496,5,4496,3,4496,1,1767,0,1.0285015999979805
3,0,,2026-07-28T20:37:00.613532,107057,4464,2290,4464,84,4464,1,4464,1,4464,0,1757,2,1.029254299995955
3,0,,2026-07-28T20:37:01.641825,106829,4497,2344,4497,80,4497,5,4497,0,4497,3,1721,1,1.0279802000004565
3,0,,2026-07-28T20:37:02.670240,107026,4389,2328,4389,82,4389,3,4389,2,4389,2,1769,1,1.028007400003844
3,0,,2026-07-28T20:37:03.699601,107231,4533,2461,4533,90,4533,3,4533,2,4533,2,1803,0,1.0289886999962619
3,0,,2026-07-28T20:37:04.728061,106891,4336,2287,4336,81,4336,6,4336,4,4336,2,1748,0,1.0280808999959845
3,0,,2026-07-28T20:37:05.757374,106578,4375,2293,4375,63,4375,2,4375,0,4375,0,1756,1,1.029017400011071
3,0,,2026-07-28T20:37:06.786946,107662,4553,2430,4553,75,4553,1,4553,0,4553,3,1735,0,1.0292184999998426
3,0,,2026-07-28T20:37:07.814943,107226,4417,2279,4417,76,4417,5,4417,1,4417,1,1751,1,1.0276935000001686
3,0,,2026-07-28T20:37:08.844757,107072,4438,2288,4438,98,4438,4,4438,1,4438,2,1802,0,1.029498699994292
3,0,,2026-07-28T20:37:09.872965,106809,4363,2381,4363,72,4363,3,4363,2,4363,2,1821,1,1.0277729000081308
3,0,,2026-07-28T20:37:10.900366,106885,4346,2271,4346,62,4346,4,4346,1,4346,1,1754,2,1.0270829000073718
3,0,,2026-07-28T20:37:11.929942,107430,4465,2337,4465,105,4465,5,4465,8,4465,1,1804,0,1.0292616999940947
3,0,,2026-07-28T20:37:12.960073,107304,4407,2375,4407,93,4407,3,4407,3,4407,4,1761,1,1.0297475999977905
3,0,,2026-07-28T20:37:13.988815,107177,4364,2308,4364,86,4364,1,4364,1,4364,2,1790,0,1.0282758999965154
3,0,,2026-07-28T20:37:15.017831,107344,4426,2333,4426,84,4426,5,4426,2,4426,3,1671,0,1.0286601999978302
3,0,,2026-07-28T20:37:16.046776,107888,4375,2311,4375,77,4375,3,4375,6,4375,4,1807,3,1.0285798999975668
3,0,,2026-07-28T20:37:17.076421,106597,4320,2313,4320,78,4320,2,4320,1,4320,5,1790,3,1.0292728999920655
3,0,,2026-07-28T20:37:18.104729,107560,4454,2385,4454,88,4454,6,4454,0,4454,1,1720,1,1.0279699000093387
3,0,,2026-07-28T20:37:19.133664,106844,4420,2368,4420,79,4420,4,4420,3,4420,1,1826,0,1.0286564000125509
3,0,,2026-07-28T20:37:20.161819,107314,4454,2410,4454,69,4454,3,4454,3,4454,1,1700,0,1.0278166000061901
3,0,,2026-07-28T20:37:21.188852,107084,4470,2330,4470,80,4470,4,4470,2,4470,3,1845,0,1.026720000008936
3,0,,2026-07-28T20:37:22.216441,106777,4452,2416,4452,71,4452,2,4452,0,4452,5,1691,0,1.0273233000043547
3,0,,2026-07-28T20:37:23.245357,106457,4368,2287,4368,74,4368,5,4368,1,4368,0,1800,1,1.0285921000031522
3,0,,2026-07-28T20:37:24.274762,107248,4467,2313,4467,77,4467,3,4467,2,4467,3,1810,1,1.0290553999948315
3,0,,2026-07-28T20:37:25.303382,107121,4455,2348,4455,74,4455,5,4455,1,4455,0,1802,1,1.0282519000029424
3,0,,2026-07-28T20:37:26.333060,107651,4451,2312,4451,66,4451,3,4451,3,4451,3,1748,0,1.0292168999876594
3,0,,2026-07-28T20:37:27.361964,107363,4425,2357,4425,78,4425,3,4425,2,4425,3,1795,1,1.0284510000055889
3,0,,2026-07-28T20:37:28.391821,107078,4416,2319,4416,81,4416,4,4416,4,4416,1,1631,0,1.02948079998896
3,0,,2026-07-28T20:37:29.418573,106809,4434,2343,4434,75,4434,4,4434,2,4434,0,1845,2,1.0264346999902045
3,0,,2026-07-28T20:37:30.447185,106858,4445,2357,4445,87,4445,2,4445,2,4445,4,1746,1,1.0283166999870446
3,0,,2026-07-28T20:37:31.475698,107238,4428,2398,4428,84,4428,5,4428,4,4428,1,1735,0,1.028162100003101
3,0,,2026-07-28T20:37:32.504739,107653,4381,2275,4381,72,4381,2,4381,1,4381,0,1717,2,1.0286704000027385
3,0,,2026-07-28T20:37:33.533368,107094,4457,2346,4457,106,4457,7,4457,2,4457,2,1769,0,1.0283374999999069
3,0,,2026-07-28T20:37:34.562225,107554,4471,2321,4471,76,4471,0,4471,2,4471,1,1812,0,1.0285333000065293
3,0,,2026-07-28T20:37:35.592633,106554,4285,2254,4285,104,4285,8,4285,3,4285,1,1791,1,1.0300177999888547
3,0,,2026-07-28T20:37:36.621191,107238,4463,2324,4463,86,4463,4,4463,1,4463,1,1828,0,1.0281526999897324
3,0,,2026-07-28T20:37:37.648959,107143,4357,2313,4357,82,4357,1,4357,4,4357,3,1843,1,1.0274778000020888
3,0,,2026-07-28T20:37:38.678133,107419,4426,2352,4426,77,4426,1,4426,6,4426,2,1723,0,1.0288317000085954
3,0,,2026-07-28T20:37:39.708398,106918,4474,2395,4474,82,4474,5,4474,3,4474,1,1792,0,1.0299346999963745
3,0,,2026-07-28T20:37:40.736527,106956,4503,2307,4503,78,4503,5,4503,2,4503,2,1860,1,1.0276583000086248
3,0,,2026-07-28T20:37:41.764897,107089,4328,2309,4328,83,4328,3,4328,1,4328,0,1844,0,1.0280758000008063
3,0,,2026-07-28T20:37:42.795556,106879,4289,2253,4289,82,4289,3,4289,2,4289,3,1770,0,1.0302546000020811
3,0,,2026-07-28T20:37:43.825532,107589,4451,2382,4451,65,4451,1,4451,3,4451,4,1788,1,1.0295745999901555
3,0,,2026-07-28T20:37:44.853709,107307,4541,2428,4541,84,4541,0,4541,3,4541,1,1722,3,1.0278080999996746
3,0,,2026-07-28T20:37:45.882014,107339,4425,2352,4425,71,4425,5,4425,1,4425,1,1798,0,1.0279274999920744
3,0,,2026-07-28T20:37:46.911064,107134,4461,2369,4461,82,4461,4,4461,3,4461,1,1828,1,1.028697599991574
3,0,,2026-07-28T20:37:47.940789,106677,4400,2383,4400,65,4400,4,4400,4,4400,2,1729,0,1.0293958999973256
3,0,,2026-07-28T20:37:48.968974,107215,4466,2357,4466,81,4466,1,4466,3,4466,1,1829,1,1.0278068000043277
3,0,,2026-07-28T20:37:49.997375,107060,4482,2454,4482,74,4482,2,4482,3,4482,1,1751,1,1.0280990000028396
3,0,,2026-07-28T20:37:51.025338,106500,4333,2307,4333,68,4333,5,4333,3,4333,3,1782,0,1.0275869999895804
3,0,,2026-07-28T20:37:52.052468,107223,4480,2432,4480,79,4480,5,4480,2,4480,1,1762,0,1.026867000007769
3,0,,2026-07-28T20:37:53.081708,107277,4506,2394,4506,81,4506,6,4506,5,4506,2,1745,0,1.0290659000020241
3,0,,2026-07-28T20:37:54.110149,107061,4449,2365,4449,99,4449,4,4449,1,4449,1,1776,0,1.0281174999981886
3,0,,2026-07-28T20:37:55.137423,107276,4276,2254,4276,68,4276,4,4276,3,4276,1,1767,0,1.026908400002867
3,0,,2026-07-28T20:37:56.166353,106621,4446,2363,4446,78,4446,3,4446,0,4446,3,1761,0,1.0285770000045886
3,0,,2026-07-28T20:37:57.194884,106866,4391,2370,4391,80,4391,5,4391,1,4391,1,1813,1,1.0281757999910042
3,0,,2026-07-28T20:37:58.222707,106914,4515,2382,4515,76,4515,3,4515,1,4515,2,1802,1,1.0274890000000596
3,0,,2026-07-28T20:37:59.250833,107565,4463,2334,4463,90,4463,6,4463,4,4463,0,1794,0,1.027908000003663
3,0,,2026-07-28T20:38:00.279251,106787,4436,2374,4436,82,4436,3,4436,5,4436,4,1761,0,1.0281127000052948
3,0,,2026-07-28T20:38:01.308638,106656,4379,2317,4379,78,4379,4,4379,2,4379,3,1801,0,1.028921100005391
3,0,,2026-07-28T20:38:02.337060,106777,4234,2304,4234,87,4234,2,4234,2,4234,3,1781,1,1.0280984999990324
3,0,,2026-07-28T20:38:03.366600,107212,4426,2391,4426,76,4426,3,4426,2,4426,1,1736,1,1.029157099997974
3,0,,2026-07-28T20:38:04.395501,107555,4411,2312,4411,66,4411,7,4411,3,4411,2,1851,1,1.0285767000023043
3,0,,2026-07-28T20:38:05.425248,107123,4474,2317,4474,82,4474,1,4474,2,4474,3,1778,0,1.02935919999436
3,0,,2026-07-28T20:38:06.454635,106985,4466,2282,4466,76,4466,5,4466,3,4466,4,1838,0,1.0289010999986203
3,0,,2026-07-28T20:38:07.482994,107270,4433,2356,4433,70,4433,3,4433,0,4433,3,1737,0,1.0279647000133991
3,0,,2026-07-28T20:38:08.511837,107044,4439,2319,4439,79,4439,5,4439,2,4439,0,1793,2,1.0285557999886805
3,0,,2026-07-28T20:38:09.541497,107058,4475,2388,4475,73,4475,3,4475,6,4475,2,1744,1,1.0293067000020528
3,0,,2026-07-28T20:38:10.570279,107695,4418,2420,4418,78,4418,3,4418,0,4418,1,1773,1,1.0283744999906048
3,0,,2026-07-28T20:38:11.599470,107319,4395,2300,4395,80,4395,3,4395,4,4395,4,1855,0,1.028919100004714
3,0,,2026-07-28T20:38:12.628348,106762,4440,2327,4440,101,4440,3,4440,2,4440,0,1708,0,1.0285205999971367
3,0,,2026-07-28T20:38:13.656263,107065,4403,2344,4403,84,4403,6,4403,4,4403,4,1781,0,1.0275587000069208
3,0,,2026-07-28T20:38:14.685083,107342,4395,2362,4395,74,4395,4,4395,2,4395,1,1754,3,1.028521100000944
3,0,,2026-07-28T20:38:15.715269,107312,4534,2341,4534,75,4534,3,4534,3,4534,2,1805,1,1.0297536999860313
3,0,,2026-07-28T20:38:16.744450,106617,4472,2307,4472,84,4472,3,4472,1,4472,1,1808,1,1.0287806000123965
3,0,,2026-07-28T20:38:17.773319,107255,4469,2376,4469,75,4469,3,4469,2,4469,1,1744,0,1.0284796000050846
3,0,,2026-07-28T20:38:18.802142,107720,4483,2375,4483,86,4483,5,4483,3,4483,1,1748,0,1.0285044999909587
3,0,,2026-07-28T20:38:19.832047,107481,4432,2355,4432,102,4432,2,4432,4,4432,2,1803,2,1.0294214999885298
3,0,,2026-07-28T20:38:20.861047,107506,4585,2457,4585,93,4585,5,4585,2,4585,1,1743,1,1.0285854000103427
3,0,,2026-07-28T20:38:21.890515,107036,4374,2381,4374,71,4374,4,4374,3,4374,2,1749,0,1.0291063000040594
3,0,,2026-07-28T20:38:22.918984,107012,4432,2354,4432,86,4432,4,4432,0,4432,0,1785,0,1.028166299991426
3,0,,2026-07-28T20:38:23.948087,106978,4446,2332,4446,80,4446,3,4446,2,4446,0,1791,0,1.0288058000005549
3,0,,2026-07-28T20:38:24.976258,106964,4448,2328,4448,76,4448,5,4448,4,4448,2,1756,0,1.0278277000033995
3,0,,2026-07-28T20:38:26.004809,106859,4412,2338,4412,89,4412,3,4412,4,4412,3,1829,0,1.0282138000038685
3,0,,2026-07-28T20:38:27.033187,107739,4424,2381,4424,85,4424,6,4424,1,4424,4,1787,0,1.0279937999875983
3,0,,2026-07-28T20:38:28.061914,107180,4364,2334,4364,91,4364,3,4364,1,4364,5,1727,1,1.0283622999995714
3,0,,2026-07-28T20:38:29.092602,107562,4522,2398,4522,87,4522,8,4522,2,4522,0,1720,0,1.0303620000049705
3,0,,2026-07-28T20:38:30.121337,107508,4440,2316,4440,101,4440,2,4440,0,4440,0,1798,4,1.0283182999992277
3,0,,2026-07-28T20:38:31.150740,106827,4474,2372,4474,82,4474,5,4474,2,4474,2,1787,1,1.0289685000025202
3,0,,2026-07-28T20:38:32.179266,107705,4498,2422,4498,89,4498,2,4498,5,4498,4,1762,2,1.0282280999963405
3,0,,2026-07-28T20:38:33.208385,106757,4388,2323,4388,80,4388,3,4388,2,4388,0,1777,0,1.0287293000001227
3,0,,2026-07-28T20:38:34.237504,107107,4348,2316,4348,78,4348,7,4348,1,4348,3,1800,0,1.0287205000058748
3,0,,2026-07-28T20:38:35.265917,107001,4477,2330,4477,81,4477,5,4477,1,4477,2,1683,0,1.028061599994544
3,0,,2026-07-28T20:38:36.294026,107255,4450,2388,4450,77,4450,2,4450,3,4450,0,1750,0,1.0278206000075443
3,0,,2026-07-28T20:38:37.323078,107721,4547,2451,4547,91,4547,3,4547,5,4547,1,1795,3,1.0287714000005508
3,0,,2026-07-28T20:38:38.351157,107641,4613,2471,4613,76,4613,7,4613,2,4613,2,1771,0,1.0277360000036424
3,0,,2026-07-28T20:38:39.379674,107077,4432,2302,4432,83,4432,1,4432,2,4432,0,1708,0,1.0281832000036957
3,0,,2026-07-28T20:38:40.407282,107033,4394,2305,4394,71,4394,6,4394,4,4394,0,1827,2,1.027323800008162
3,0,,2026-07-28T20:38:41.436033,107218,4486,2424,4486,70,4486,1,4486,0,4486,2,1787,0,1.0284202000038931
3,0,,2026-07-28T20:38:42.465350,107437,4438,2403,4438,59,4438,4,4438,2,4438,3,1785,0,1.028913999994984
3,0,,2026-07-28T20:38:43.493049,106740,4421,2339,4421,80,4421,2,4421,1,4421,2,1865,4,1.0273219999944558
3,0,,2026-07-28T20:38:44.521710,106950,4497,2372,4497,87,4497,2,4497,3,4497,3,1748,1,1.0282772999926237
3,0,,2026-07-28T20:38:45.548521,106871,4414,2357,4414,73,4414,2,4414,5,4414,3,1754,2,1.0263730000006035
3,0,,2026-07-28T20:38:46.576284,106594,4436,2386,4436,84,4436,6,4436,4,4436,2,1726,1,1.0275890000048093
3,0,,2026-07-28T20:38:47.616307,108341,4425,2392,4425,78,4425,1,4425,3,4425,0,1838,0,1.0398342999978922
3,0,,2026-07-28T20:38:48.644061,106705,4441,2371,4441,82,4441,6,4441,3,4441,2,1743,0,1.0275777999922866
3,0,,2026-07-28T20:38:49.673102,106767,4526,2392,4526,80,4526,5,4526,1,4526,3,1773,1,1.0286307000060333
3,0,,2026-07-28T20:38:50.700165,107019,4526,2430,4526,70,4526,2,4526,1,4526,1,1792,2,1.0266861999989487
3,0,,2026-07-28T20:38:51.729697,106254,4445,2373,4445,79,4445,5,4445,1,4445,1,1761,0,1.0292570000019623
3,0,,2026-07-28T20:38:52.759932,107476,4496,2404,4496,73,4496,2,4496,4,4496,2,1806,0,1.0298782000027131
3,0,,2026-07-28T20:38:53.789559,106998,4386,2314,4386,83,4386,3,4386,5,4386,3,1801,1,1.0291529999958584
3,0,,2026-07-28T20:38:54.818245,107100,4454,2360,4454,85,4454,1,4454,2,4454,1,1774,1,1.0282789999910165
3,0,,2026-07-28T20:38:55.846948,107160,4348,2387,4348,67,4348,1,4348,5,4348,1,1774,1,1.028315500007011
3,0,,2026-07-28T20:38:56.876796,107466,4359,2248,4359,92,4359,1,4359,3,4359,2,1845,0,1.0294546999939485
3,0,,2026-07-28T20:38:57.905662,108016,4311,2324,4311,73,4311,1,4311,0,4311,0,1842,0,1.0284783000097377
3,0,,2026-07-28T20:38:58.932918,106911,4473,2404,4473,89,4473,1,4473,2,4473,3,1762,0,1.0269269000127679
3,0,,2026-07-28T20:38:59.963800,107005,4390,2320,4390,89,4390,4,4390,2,4390,2,1763,1,1.0306705000111833
3,0,,2026-07-28T20:39:00.992663,107940,4462,2382,4462,78,4462,3,4462,9,4462,2,1858,0,1.0284987999912119
3,0,,2026-07-28T20:39:02.021944,107447,4420,2331,4420,90,4420,5,4420,2,4420,1,1792,2,1.028817500002333
3,0,,2026-07-28T20:39:03.051052,107085,4462,2298,4462,72,4462,2,4462,4,4462,1,1831,0,1.0287469000031706
3,0,,2026-07-28T20:39:04.079524,107477,4445,2328,4445,69,4445,4,4445,0,4445,0,1775,1,1.0280932999885408
3,0,,2026-07-28T20:39:05.109880,106819,4515,2402,4515,80,4515,5,4515,4,4515,0,1746,0,1.0299762000067858
3,0,,2026-07-28T20:39:06.138869,107093,4355,2254,4355,75,4355,3,4355,5,4355,0,1821,1,1.0285210000001825
3,0,,2026-07-28T20:39:07.167439,107096,4436,2401,4436,79,4436,4,4436,3,4436,2,1789,0,1.0282011000090279
3,0,,2026-07-28T20:39:08.195258,107046,4330,2320,4330,88,4330,4,4330,3,4330,3,1767,0,1.0275549999932991
3,0,,2026-07-28T20:39:09.224263,107729,4489,2378,4489,73,4489,3,4489,3,4489,0,1750,2,1.028605500003323
3,0,,2026-07-28T20:39:10.252413,107352,4406,2326,4406,54,4406,4,4406,3,4406,1,1799,3,1.0277462000085507
3,0,,2026-07-28T20:39:11.281146,107355,4405,2340,4405,81,4405,4,4405,1,4405,3,1748,0,1.0284604000044055
3,0,,2026-07-28T20:39:12.310162,107290,4469,2392,4469,95,4469,2,4469,2,4469,4,1802,2,1.0286661999998614
3,0,,2026-07-28T20:39:13.337099,107255,4369,2264,4369,69,4369,3,4369,2,4369,0,1767,0,1.0266233000002103
3,0,,2026-07-28T20:39:14.365875,106827,4339,2302,4339,80,4339,3,4339,3,4339,3,1782,1,1.028527300004498
3,0,,2026-07-28T20:39:15.395112,107391,4540,2436,4540,63,4540,3,4540,1,4540,4,1772,0,1.0288664999970933
3,0,,2026-07-28T20:39:16.423000,106465,4521,2408,4521,100,4521,3,4521,2,4521,2,1824,1,1.027506300000823
3,0,,2026-07-28T20:39:17.451524,107380,4484,2438,4484,74,4484,3,4484,2,4484,4,1833,1,1.0281706000096165
3,0,,2026-07-28T20:39:18.479023,107382,4481,2413,4481,65,4481,3,4481,2,4481,0,1734,1,1.0271913000033237
3,0,,2026-07-28T20:39:19.509006,107875,4378,2339,4378,79,4378,4,4378,4,4378,2,1748,2,1.0297219999920344
3,0,,2026-07-28T20:39:20.537047,107362,4323,2284,4323,86,4323,4,4323,4,4323,3,1697,0,1.0276563999941573
3,0,,2026-07-28T20:39:21.566270,107244,4391,2309,4391,70,4391,0,4391,3,4391,1,1748,0,1.0289531000016723
3,0,,2026-07-28T20:39:22.595052,107571,4378,2257,4378,76,4378,1,4378,2,4378,3,1848,0,1.02833180000016
3,0,,2026-07-28T20:39:23.624506,107305,4347,2300,4347,77,4347,3,4347,1,4347,1,1775,1,1.0290884999994887
3,0,,2026-07-28T20:39:24.653973,107393,4416,2345,4416,73,4416,2,4416,3,4416,5,1787,1,1.0291403000010177
3,0,,2026-07-28T20:39:25.683534,107634,4341,2346,4341,81,4341,2,4341,3,4341,1,1761,1,1.0291599000047427
3,0,,2026-07-28T20:39:26.712452,107292,4349,2332,4349,71,4349,7,4349,2,4349,2,1758,1,1.0284408000006806
3,0,,2026-07-28T20:39:27.742453,107307,4593,2434,4593,88,4593,2,4593,4,4593,3,1746,1,1.029616999992868
3,0,,2026-07-28T20:39:28.771752,107980,4359,2328,4359,73,4359,2,4359,2,4359,2,1831,1,1.0288341999985278
3,0,,2026-07-28T20:39:29.800021,107308,4456,2388,4456,87,4456,2,4456,1,4456,2,1778,0,1.0279399999999441
3,0,,2026-07-28T20:39:30.828396,107753,4170,2266,4170,74,4170,3,4170,3,4170,2,1758,1,1.028019299992593
3,0,,2026-07-28T20:39:31.858063,107288,4535,2400,4535,90,4535,3,4535,4,4535,2,1748,1,1.0293519999977434
3,0,,2026-07-28T20:39:32.886714,107382,4424,2341,4424,86,4424,1,4424,1,4424,1,1824,2,1.0282477000000654
3,0,,2026-07-28T20:39:33.914314,106584,4531,2369,4531,93,4531,0,4531,6,4531,1,1787,0,1.0271687000058591
3,0,,2026-07-28T20:39:34.941661,106854,4343,2316,4343,86,4343,5,4343,5,4343,1,1701,0,1.027106300010928
3,0,,2026-07-28T20:39:35.969079,107398,4546,2437,4546,76,4546,4,4546,1,4546,1,1772,0,1.0272083000018029
3,0,,2026-07-28T20:39:36.997538,107344,4386,2309,4386,66,4386,1,4386,1,4386,0,1774,0,1.0281760999932885
3,0,,2026-07-28T20:39:38.026304,106527,4422,2314,4422,65,4422,5,4422,1,4422,1,1757,3,1.0283264000026975
3,0,,2026-07-28T20:39:39.055310,107446,4375,2335,4375,97,4375,1,4375,4,4375,1,1798,1,1.0286285000038333
3,0,,2026-07-28T20:39:40.083229,107012,4344,2304,4344,95,4344,2,4344,1,4344,2,1764,0,1.0276305000006687
3,0,,2026-07-28T20:39:41.110408,106823,4490,2370,4490,72,4490,4,4490,3,4490,0,1805,1,1.0269951000082074
3,0,,2026-07-28T20:39:42.140123,107654,4416,2256,4416,78,4416,7,4416,2,4416,2,1806,0,1.0293901999975787
3,0,,2026-07-28T20:39:43.169363,107200,4461,2386,4461,75,4461,4,4461,2,4461,0,1761,0,1.0287984999886248
3,0,,2026-07-28T20:39:44.197562,107108,4500,2422,4500,71,4500,2,4500,2,4500,1,1733,2,1.0278441999980714
3,0,,2026-07-28T20:39:45.226357,107267,4471,2358,4471,85,4471,3,4471,3,4471,1,1786,0,1.0284423999983119
3,0,,2026-07-28T20:39:46.255657,107479,4502,2403,4502,68,4502,1,4502,3,4502,1,1718,0,1.0289175000070827
3,0,,2026-07-28T20:39:47.284446,107354,4405,2296,4405,78,4405,3,4405,0,4405,4,1798,2,1.028379199997289
3,0,,2026-07-28T20:39:48.313690,107507,4467,2396,4467,67,4467,3,4467,2,4467,1,1780,0,1.028873899995233
3,0,,2026-07-28T20:39:49.342908,107540,4464,2308,4464,99,4464,6,4464,4,4464,3,1777,0,1.02891140000429
3,0,,2026-07-28T20:39:50.373417,107784,4398,2313,4398,69,4398,2,4398,5,4398,1,1715,2,1.0301135000045178
3,0,,2026-07-28T20:39:51.403009,107031,4320,2254,4320,75,4320,4,4320,1,4320,2,1801,0,1.0291876999981469
3,0,,2026-07-28T20:39:52.431734,107145,4424,2380,4424,66,4424,5,4424,1,4424,1,1855,1,1.028372999993735
3,0,,2026-07-28T20:39:53.461493,107421,4508,2380,4508,84,4508,3,4508,1,4508,2,1733,0,1.0294157000025734
3,0,,2026-07-28T20:39:54.489839,107364,4464,2401,4464,78,4464,5,4464,2,4464,2,1841,1,1.0279597000044305
3,0,,2026-07-28T20:39:55.518957,107439,4403,2352,4403,89,4403,3,4403,0,4403,2,1795,0,1.0288308000017423
3,0,,2026-07-28T20:39:56.546618,107192,4417,2326,4417,63,4417,4,4417,6,4417,3,1786,1,1.027304399991408
3,0,,2026-07-28T20:39:57.575694,107380,4338,2289,4338,75,4338,2,4338,2,4338,1,1782,3,1.0287142999877688
3,0,,2026-07-28T20:39:58.606034,107248,4433,2365,4434,97,4434,1,4434,2,4434,1,1806,0,1.0299761999922339
3,0,,2026-07-28T20:39:59.635087,107434,4347,2302,4346,78,4346,1,4346,6,4346,1,1848,1,1.0286475000029895
3,0,,2026-07-28T20:40:00.663053,107172,4419,2361,4419,79,4419,2,4419,2,4419,3,1711,1,1.0276075000001583
3,0,,2026-07-28T20:40:01.691179,107421,4289,2209,4289,81,4289,2,4289,3,4289,2,1762,1,1.0277874000021257
3,0,,2026-07-28T20:40:02.720829,106636,4271,2200,4271,73,4271,1,4271,1,4271,1,1740,1,1.0292799000017112
3,0,,2026-07-28T20:40:03.749365,107713,4582,2485,4582,68,4582,3,4582,2,4582,1,1815,1,1.0281355000042822
3,0,,2026-07-28T20:40:04.778794,107449,4348,2293,4348,65,4348,1,4348,3,4348,2,1710,0,1.0291196999896783
3,0,,2026-07-28T20:40:05.807377,107632,4535,2374,4535,86,4535,0,4535,1,4535,2,1815,0,1.0282125999947311
3,0,,2026-07-28T20:40:06.836947,106513,4349,2343,4349,72,4349,1,4349,2,4349,1,1792,0,1.0292505000106758
3,0,,2026-07-28T20:40:07.865762,107882,4464,2370,4464,73,4464,1,4464,1,4464,1,1799,1,1.0283393999998225
3,0,,2026-07-28T20:40:08.893794,107448,4374,2320,4374,77,4374,4,4374,0,4374,2,1758,0,1.0276681000104873
3,0,,2026-07-28T20:40:09.923248,106913,4385,2295,4385,83,4385,2,4385,6,4385,2,1719,1,1.0291932999971323
3,0,,2026-07-28T20:40:10.951849,107591,4442,2361,4442,73,4442,3,4442,3,4442,1,1759,0,1.0282348999899114
3,0,,2026-07-28T20:40:11.981226,106674,4512,2378,4512,76,4512,2,4512,2,4512,0,1747,2,1.0289258999982849
3,0,,2026-07-28T20:40:13.010529,106656,4371,2296,4371,75,4371,0,4371,0,4371,1,1789,0,1.0289391999976942
3,0,,2026-07-28T20:40:14.039363,106680,4379,2332,4379,77,4379,7,4379,2,4379,5,1814,1,1.028470199991716
3,0,,2026-07-28T20:40:15.067905,107567,4350,2297,4350,81,4350,8,4350,4,4350,1,1783,2,1.0280733999970835
3,0,,2026-07-28T20:40:16.097234,107669,4456,2391,4456,80,4456,6,4456,4,4456,2,1786,0,1.0289411999983713
3,0,,2026-07-28T20:40:17.126025,107036,4439,2400,4439,81,4439,5,4439,6,4439,5,1771,2,1.0284417000075337
3,0,,2026-07-28T20:40:18.155503,107363,4477,2399,4477,83,4477,2,4477,2,4477,3,1735,0,1.029071600001771
3,0,,2026-07-28T20:40:19.185698,106875,4517,2413,4517,67,4517,5,4517,3,4517,2,1793,4,1.0297305999993114
3,0,,2026-07-28T20:40:20.213899,107265,4326,2323,4326,63,4326,4,4326,2,4326,1,1844,1,1.0278026000014506
3,0,,2026-07-28T20:40:21.242675,106643,4554,2447,4554,83,4554,3,4554,5,4554,1,1713,0,1.0284352999879047
3,0,,2026-07-28T20:40:22.271347,107189,4400,2322,4400,69,4400,2,4400,3,4400,2,1764,0,1.0281603000039468
3,0,,2026-07-28T20:40:23.298976,107597,4404,2385,4404,73,4404,2,4404,3,4404,1,1779,0,1.026923600002192
3,0,,2026-07-28T20:40:24.327208,107526,4523,2444,4523,93,4523,3,4523,2,4523,2,1836,2,1.0279869999940274
3,0,,2026-07-28T20:40:25.355304,107127,4407,2330,4407,78,4407,3,4407,4,4407,3,1753,0,1.0276812999945832
3,0,,2026-07-28T20:40:26.385528,107325,4559,2437,4559,67,4559,2,4559,5,4559,3,1787,0,1.029804799996782
3,0,,2026-07-28T20:40:27.414884,106947,4351,2278,4351,64,4351,3,4351,5,4351,1,1787,0,1.0289804999920307
3,0,,2026-07-28T20:40:28.443537,107844,4441,2337,4441,89,4441,1,4441,4,4441,1,1794,1,1.0282336000091163
3,0,,2026-07-28T20:40:29.471700,107052,4318,2249,4318,91,4318,5,4318,1,4318,0,1720,3,1.027843899995787
3,0,,2026-07-28T20:40:30.500575,106977,4495,2346,4495,79,4495,4,4495,5,4495,2,1757,0,1.0285177000041585
3,0,,2026-07-28T20:40:31.528751,106684,4435,2393,4435,86,4435,6,4435,1,4435,3,1738,1,1.0278360999946017
3,0,,2026-07-28T20:40:32.558229,106879,4577,2448,4577,73,4577,5,4577,1,4577,0,1717,1,1.0290663999912795
3,0,,2026-07-28T20:40:33.587046,106724,4407,2277,4407,73,4407,3,4407,2,4407,3,1803,0,1.0284578999999212
3,0,,2026-07-28T20:40:34.616221,107444,4439,2310,4439,83,4439,2,4439,3,4439,2,1811,2,1.0287819000077434
3,0,,2026-07-28T20:40:35.644204,107288,4367,2307,4367,63,4367,2,4367,4,4367,4,1736,1,1.0275836000073468
3,0,,2026-07-28T20:40:36.672581,107280,4463,2316,4463,80,4463,3,4463,1,4463,1,1805,2,1.0280618000106188
3,0,,2026-07-28T20:40:37.702676,107110,4484,2348,4484,74,4484,8,4484,1,4484,2,1756,0,1.0297131999977864
3,0,,2026-07-28T20:40:38.732894,107743,4365,2270,4365,90,4365,4,4365,7,4365,0,1751,0,1.029725199987297
3,0,,2026-07-28T20:40:39.761529,107321,4345,2283,4345,82,4345,6,4345,2,4345,1,1766,0,1.0283030999999028
3,0,,2026-07-28T20:40:40.791043,107246,4503,2362,4503,76,4503,4,4503,2,4503,0,1758,1,1.0291416999971261
3,0,,2026-07-28T20:40:41.820091,107096,4394,2315,4394,78,4394,2,4394,1,4394,3,1822,0,1.0286392000125488
3,0,,2026-07-28T20:40:42.849729,107609,4460,2319,4460,68,4460,3,4460,6,4460,3,1794,0,1.0292118999932427
3,0,,2026-07-28T20:40:43.878698,107344,4406,2392,4406,71,4406,4,4406,1,4406,2,1820,3,1.0285665999981575
3,0,,2026-07-28T20:40:44.907192,107567,4453,2342,4453,75,4453,5,4453,6,4453,0,1753,0,1.028105699995649
3,0,,2026-07-28T20:40:45.936066,107175,4378,2365,4378,67,4378,2,4378,0,4378,1,1782,1,1.0284966000035638
3,0,,2026-07-28T20:40:46.964822,106863,4448,2355,4448,63,4448,2,4448,2,4448,3,1783,1,1.028351400003885
3,0,,2026-07-28T20:40:47.993905,107963,4376,2334,4376,71,4376,4,4376,3,4376,1,1814,0,1.028780700013158
3,0,,2026-07-28T20:40:49.022957,107413,4402,2374,4402,79,4402,3,4402,1,4402,1,1706,2,1.028712400002405
3,0,,2026-07-28T20:40:50.051419,106904,4469,2317,4469,73,4469,3,4469,1,4469,2,1793,0,1.0280998999951407
3,0,,2026-07-28T20:40:51.079542,106569,4459,2421,4459,88,4459,4,4459,3,4459,1,1757,0,1.0276698999950895
3,0,,2026-07-28T20:40:52.108597,107190,4462,2389,4462,77,4462,3,4462,1,4462,1,1799,0,1.0287457999947947
3,0,,2026-07-28T20:40:53.137427,107027,4470,2394,4470,81,4470,2,4470,4,4470,2,1780,0,1.0284460999973817
3,0,,2026-07-28T20:40:54.167145,107345,4401,2342,4401,87,4401,6,4401,3,4401,2,1768,2,1.0293749999982538
3,0,,2026-07-28T20:40:55.196262,107645,4370,2271,4370,89,4370,1,4370,1,4370,2,1741,1,1.0287777000048663
3,0,,2026-07-28T20:40:56.223800,106936,4376,2322,4376,76,4376,0,4376,2,4376,3,1740,0,1.0272797000070568
3,0,,2026-07-28T20:40:57.250463,106696,4404,2388,4404,69,4404,0,4404,1,4404,1,1757,2,1.0264105999958701
3,0,,2026-07-28T20:40:58.279939,107053,4316,2260,4316,71,4316,3,4316,0,4316,0,1781,0,1.0290871000033803
3,0,,2026-07-28T20:40:59.307004,106517,4461,2328,4461,88,4461,5,4461,2,4461,2,1836,0,1.0267139000061434
3,0,,2026-07-28T20:41:00.335242,107163,4459,2312,4459,78,4459,3,4459,2,4459,2,1794,2,1.0279966999951284
3,0,,2026-07-28T20:41:01.364557,107540,4536,2412,4536,73,4536,4,4536,2,4536,1,1841,2,1.0290042999986326
3,0,,2026-07-28T20:41:02.392798,106727,4481,2355,4481,87,4481,1,4481,2,4481,2,1705,0,1.0278945000027306
3,0,,2026-07-28T20:41:03.421136,107377,4468,2315,4468,88,4468,0,4468,4,4468,3,1728,3,1.0279927000083262
3,0,,2026-07-28T20:41:04.450884,107193,4456,2370,4456,88,4456,2,4456,1,4456,2,1778,1,1.029329000011785
3,0,,2026-07-28T20:41:05.480688,107041,4435,2311,4435,78,4435,3,4435,1,4435,1,1760,0,1.0294201000069734
3,0,,2026-07-28T20:41:06.508629,107920,4416,2371,4416,73,4416,3,4416,0,4416,3,1700,0,1.0276015999988886
3,0,,2026-07-28T20:41:07.538010,106920,4269,2278,4269,79,4269,5,4269,6,4269,3,1833,1,1.0289885999955004
3,0,,2026-07-28T20:41:08.567573,107034,4433,2312,4433,70,4433,4,4433,1,4433,2,1821,2,1.0291834999952698
3,0,,2026-07-28T20:41:09.597992,106875,4423,2319,4423,88,4423,4,4423,2,4423,3,1883,0,1.0300144000066211
3,0,,2026-07-28T20:41:10.625217,107194,4404,2291,4404,75,4404,5,4404,3,4404,2,1811,1,1.0268332999985432
3,0,,2026-07-28T20:41:11.652401,107567,4459,2403,4459,70,4459,0,4459,1,4459,3,1740,1,1.0268905999982962
3,0,,2026-07-28T20:41:12.679735,106786,4397,2400,4397,73,4397,4,4397,1,4397,0,1800,1,1.0271898999926634
3,0,,2026-07-28T20:41:13.708085,106652,4315,2292,4315,73,4315,3,4315,2,4315,0,1814,3,1.0280880999926012
3,0,,2026-07-28T20:41:14.737413,106876,4441,2327,4441,96,4441,1,4442,4,4442,1,1807,0,1.0289577999938047
3,0,,2026-07-28T20:41:15.766804,107980,4557,2421,4557,72,4557,2,4556,3,4556,1,1774,1,1.0289581999968505
3,0,,2026-07-28T20:41:16.796284,107390,4509,2401,4509,94,4509,4,4509,1,4509,2,1844,0,1.029114799996023
3,0,,2026-07-28T20:41:17.825729,107401,4436,2343,4436,77,4436,6,4436,2,4436,1,1765,0,1.0290872000041418
3,0,,2026-07-28T20:41:18.854165,107139,4375,2325,4375,78,4375,4,4375,2,4375,4,1836,1,1.0280080999946222
3,0,,2026-07-28T20:41:19.882755,106965,4378,2336,4378,78,4378,3,4378,2,4378,2,1741,4,1.028205499998876
3,0,,2026-07-28T20:41:20.911481,107104,4472,2285,4472,73,4472,5,4472,4,4472,5,1765,0,1.0284218000015244
3,0,,2026-07-28T20:41:21.940391,107174,4461,2302,4461,82,4461,3,4461,2,4461,0,1714,0,1.0285604999953648
3,0,,2026-07-28T20:41:22.970117,107765,4372,2343,4372,86,4372,6,4372,0,4372,2,1788,2,1.0293287000095006
3,0,,2026-07-28T20:41:23.998197,106680,4530,2393,4530,64,4530,2,4530,0,4530,4,1855,0,1.0276881999889156
3,0,,2026-07-28T20:41:25.027374,106458,4347,2315,4347,60,4347,2,4347,3,4347,0,1747,0,1.0288175999885425
3,0,,2026-07-28T20:41:26.055904,107168,4415,2319,4415,86,4415,1,4415,2,4415,0,1769,0,1.0281794000038644
3,0,,2026-07-28T20:41:27.084932,107347,4347,2359,4347,66,4347,4,4347,3,4347,2,1831,0,1.0286942000093404
3,0,,2026-07-28T20:41:28.113792,107084,4476,2344,4476,78,4476,2,4476,3,4476,1,1776,0,1.0285092999984045
3,0,,2026-07-28T20:41:29.142441,107033,4437,2252,4437,95,4437,1,4437,3,4437,0,1784,0,1.028264400010812
3,0,,2026-07-28T20:41:30.172625,106618,4440,2308,4440,92,4440,4,4440,2,4440,1,1802,1,1.029748800006928
3,0,,2026-07-28T20:41:31.201381,106807,4490,2389,4490,63,4490,2,4490,2,4490,3,1785,0,1.0283901000075275
3,0,,2026-07-28T20:41:32.229932,107473,4459,2391,4459,63,4459,8,4459,1,4459,3,1746,0,1.0281505999882938
3,0,,2026-07-28T20:41:33.258732,106452,4361,2319,4361,96,4361,3,4361,5,4361,4,1872,1,1.0284200999885798
3,0,,2026-07-28T20:41:34.288190,107539,4425,2311,4425,96,4425,2,4425,1,4425,0,1829,0,1.0291013999958523
3,0,,2026-07-28T20:41:35.315211,107621,4427,2333,4427,87,4427,4,4427,1,4427,3,1699,1,1.0266069000062998
3,0,,2026-07-28T20:41:36.342413,106915,4423,2376,4423,78,4423,1,4423,2,4423,3,1801,0,1.026977600005921
3,0,,2026-07-28T20:41:37.369518,107709,4396,2282,4396,79,4396,1,4396,5,4396,4,1712,1,1.0268266999919433
3,0,,2026-07-28T20:41:38.398559,107025,4350,2328,4350,80,4350,6,4350,3,4350,2,1765,1,1.0287307999969926
3,0,,2026-07-28T20:41:39.426810,107519,4434,2374,4434,83,4434,3,4434,1,4434,3,1703,1,1.0279021000023931
3,0,,2026-07-28T20:41:40.455988,107022,4426,2373,4426,84,4426,2,4426,3,4426,1,1828,0,1.0288512999977684
3,0,,2026-07-28T20:41:41.484495,107339,4421,2352,4421,83,4421,3,4421,6,4421,2,1819,0,1.0281591999955708
3,0,,2026-07-28T20:41:42.514122,107429,4410,2334,4410,74,4410,6,4410,5,4410,0,1769,0,1.029287800003658
3,0,,2026-07-28T20:41:43.543411,107871,4422,2310,4422,89,4422,4,4422,4,4422,0,1700,0,1.0289473999873735
3,0,,2026-07-28T20:41:44.572832,107095,4356,2321,4356,63,4356,2,4356,1,4356,2,1784,0,1.0290868999873055
3,0,,2026-07-28T20:41:45.601992,107547,4417,2308,4417,88,4417,6,4417,2,4417,2,1771,0,1.0288670999871101
3,0,,2026-07-28T20:41:46.631444,107136,4402,2302,4402,79,4402,3,4402,2,4402,3,1820,1,1.029068300005747
3,0,,2026-07-28T20:41:47.661032,107388,4565,2425,4565,80,4565,3,4565,1,4565,2,1810,0,1.029252099993755
3,0,,2026-07-28T20:41:48.689644,107234,4418,2363,4418,76,4418,2,4418,1,4418,3,1703,2,1.0282407999911811
3,0,,2026-07-28T20:41:49.718323,106907,4388,2246,4388,80,4388,5,4388,1,4388,3,1741,0,1.0283464000094682
3,0,,2026-07-28T20:41:50.746990,107508,4481,2368,4481,93,4481,3,4481,2,4481,0,1795,0,1.028266799999983
3,0,,2026-07-28T20:41:51.775387,107289,4564,2438,4564,75,4564,1,4564,4,4564,0,1822,1,1.0279729000030784
3,0,,2026-07-28T20:41:52.803449,107395,4373,2329,4373,78,4373,6,4373,3,4373,1,1821,0,1.027774900008808
3,0,,2026-07-28T20:41:53.831978,107393,4430,2297,4430,84,4430,3,4430,3,4430,5,1767,1,1.0281872000050498
3,0,,2026-07-28T20:41:54.861764,107531,4390,2330,4390,83,4390,3,4390,9,4390,2,1786,2,1.0294009000062943
3,0,,2026-07-28T20:41:55.891490,107675,4354,2235,4354,69,4354,5,4354,2,4354,4,1832,1,1.0293716000014683
3,0,,2026-07-28T20:41:56.920128,107208,4375,2299,4375,69,4375,3,4375,3,4375,1,1785,0,1.0282038000004832
3,0,,2026-07-28T20:41:57.949435,107525,4534,2352,4534,92,4534,2,4534,3,4534,2,1842,1,1.0289597999944817
3,0,,2026-07-28T20:41:58.979157,107307,4461,2314,4461,62,4461,7,4461,0,4461,4,1731,0,1.0293495999940205
3,0,,2026-07-28T20:42:00.007595,106744,4385,2338,4385,94,4385,4,4385,2,4385,4,1787,1,1.028138099994976
3,0,,2026-07-28T20:42:01.036379,107235,4474,2359,4474,86,4474,1,4474,0,4474,1,1764,0,1.0284236000006786
3,0,,2026-07-28T20:42:02.065243,107347,4522,2413,4522,72,4522,4,4522,3,4522,3,1800,1,1.0285245000122814
3,0,,2026-07-28T20:42:03.092779,107268,4479,2395,4479,69,4479,3,4479,5,4479,3,1785,1,1.0272468000039225
3,0,,2026-07-28T20:42:04.118747,107482,4444,2349,4444,91,4444,0,4444,2,4444,1,1800,1,1.0257901000004495
3,0,,2026-07-28T20:42:05.147882,107044,4387,2314,4387,77,4387,2,4387,2,4387,0,1785,2,1.0288581000058912
3,0,,2026-07-28T20:42:06.175402,107250,4419,2371,4419,88,4419,5,4419,5,4419,5,1839,0,1.0271227000048384
3,0,,2026-07-28T20:42:07.201719,107138,4413,2395,4413,94,4413,1,4413,1,4413,2,1826,0,1.025946900001145
3,0,,2026-07-28T20:42:08.230800,106843,4507,2422,4507,67,4507,4,4507,3,4507,2,1757,0,1.0288391999929445
3,0,,2026-07-28T20:42:09.260279,106681,4456,2301,4456,60,4456,4,4456,2,4456,3,1783,0,1.0290650999959325
3,0,,2026-07-28T20:42:10.289426,107327,4586,2378,4586,68,4586,5,4586,3,4586,0,1773,0,1.028785299989977
3,0,,2026-07-28T20:42:11.316230,107272,4392,2402,4392,73,4392,4,4392,1,4392,4,1756,2,1.026482200002647
3,0,,2026-07-28T20:42:12.345324,107371,4457,2362,4457,90,4457,3,4457,1,4457,1,1767,0,1.028738399996655
3,0,,2026-07-28T20:42:13.374780,107100,4404,2300,4404,69,4404,2,4404,2,4404,1,1797,1,1.0290992999944137
3,0,,2026-07-28T20:42:14.403415,107190,4373,2294,4373,69,4373,2,4373,2,4373,1,1872,0,1.0281782999954885
3,0,,2026-07-28T20:42:15.433411,107254,4433,2310,4433,80,4433,2,4433,1,4433,3,1745,1,1.0296499999967637
3,0,,2026-07-28T20:42:16.461793,107269,4573,2420,4573,85,4573,6,4573,3,4573,4,1791,2,1.0279254000051878
3,0,,2026-07-28T20:42:17.490360,107185,4488,2378,4488,95,4488,6,4488,1,4488,2,1744,0,1.0281819000083487
3,0,,2026-07-28T20:42:18.519080,108299,4475,2382,4475,83,4475,3,4475,4,4475,2,1797,1,1.02826809999533
3,0,,2026-07-28T20:42:19.548285,107097,4402,2346,4402,82,4402,3,4402,0,4402,3,1816,0,1.0288216000044486
3,0,,2026-07-28T20:42:20.576668,107088,4422,2335,4422,85,4423,4,4423,1,4423,2,1853,1,1.0280427999969106
3,0,,2026-07-28T20:42:21.605610,107538,4376,2349,4376,88,4375,4,4375,5,4375,3,1769,1,1.0285810000059428
3,0,,2026-07-28T20:42:22.634184,107583,4359,2299,4359,74,4359,3,4359,7,4359,4,1699,1,1.0282073999987915
3,0,,2026-07-28T20:42:23.661747,107728,4352,2303,4352,83,4352,2,4352,4,4352,2,1829,0,1.0273434999980964
3,0,,2026-07-28T20:42:24.690849,107447,4558,2476,4558,68,4558,1,4558,2,4558,4,1732,0,1.028734199993778
3,0,,2026-07-28T20:42:25.719533,107547,4379,2307,4379,82,4379,1,4379,1,4379,2,1784,1,1.0283679999993183
3,0,,2026-07-28T20:42:26.748162,107793,4394,2295,4394,73,4394,3,4394,3,4394,0,1834,1,1.028254899996682
3,0,,2026-07-28T20:42:27.777360,107296,4472,2374,4472,70,4472,4,4472,5,4472,3,1767,1,1.0288607999973465
3,0,,2026-07-28T20:42:28.807083,107067,4520,2387,4520,83,4520,3,4520,3,4520,4,1759,0,1.0293612999957986
3,0,,2026-07-28T20:42:29.835932,108154,4453,2377,4453,69,4453,1,4453,2,4453,2,1784,1,1.028465999988839
3,0,,2026-07-28T20:42:30.865856,107706,4552,2355,4552,65,4552,5,4552,1,4552,0,1724,1,1.029576500004623
3,0,,2026-07-28T20:42:31.895235,107288,4469,2352,4469,91,4469,5,4469,4,4469,2,1812,1,1.0289611000043806
3,0,,2026-07-28T20:42:32.924393,107292,4453,2354,4453,87,4453,2,4453,6,4453,1,1818,3,1.0287141000007978
3,0,,2026-07-28T20:42:33.953240,107408,4300,2300,4300,85,4300,2,4300,1,4300,0,1759,0,1.0284744999953546
3,0,,2026-07-28T20:42:34.982825,107692,4333,2296,4333,74,4333,0,4333,1,4333,2,1794,0,1.0291848000051687
3,0,,2026-07-28T20:42:36.011903,107762,4420,2342,4420,66,4420,3,4420,3,4420,0,1872,1,1.0286705000035
3,0,,2026-07-28T20:42:37.041229,107898,4502,2349,4502,80,4502,4,4502,0,4502,0,1776,0,1.0289558000076795
3,0,,2026-07-28T20:42:38.069771,107657,4415,2344,4415,81,4415,2,4415,2,4415,2,1814,1,1.0281473000068218
3,0,,2026-07-28T20:42:39.098570,107307,4367,2330,4367,67,4367,4,4367,4,4367,1,1721,1,1.0284000000101514
3,0,,2026-07-28T20:42:40.127016,107748,4499,2386,4499,66,4499,1,4499,2,4499,6,1789,2,1.0280955999915022
3,0,,2026-07-28T20:42:41.156265,107408,4376,2337,4376,82,4376,4,4376,3,4376,3,1788,1,1.0288891999953194
3,0,,2026-07-28T20:42:42.185029,107798,4466,2417,4466,78,4466,6,4466,1,4466,0,1739,1,1.02839259999746
3,0,,2026-07-28T20:42:43.213884,107611,4483,2398,4483,80,4483,2,4483,1,4483,2,1741,1,1.028548000002047
3,0,,2026-07-28T20:42:44.243490,106901,4599,2445,4599,90,4599,3,4599,2,4599,3,1757,2,1.0291390999918804
3,0,,2026-07-28T20:42:45.272758,107385,4374,2325,4374,88,4374,6,4374,1,4374,2,1773,0,1.028922199999215
3,0,,2026-07-28T20:42:46.302111,107042,4452,2442,4452,65,4452,7,4452,4,4452,3,1794,0,1.0289340999879641
3,0,,2026-07-28T20:42:47.330897,107706,4447,2338,4447,73,4447,3,4447,2,4447,2,1813,2,1.0284412000037264
3,0,,2026-07-28T20:42:48.360158,107237,4526,2362,4526,75,4526,6,4526,3,4526,1,1826,0,1.0288394999952288
3,0,,2026-07-28T20:42:49.389727,107448,4486,2372,4486,79,4486,5,4486,2,4486,0,1841,1,1.0292227000027196
3,0,,2026-07-28T20:42:50.418522,107940,4350,2319,4350,73,4350,5,4350,6,4350,3,1796,1,1.0284008999879006
3,0,,2026-07-28T20:42:51.446904,107014,4411,2394,4411,72,4411,7,4411,1,4411,1,1752,2,1.0280037000047741
3,0,,2026-07-28T20:42:52.475243,107194,4432,2351,4432,79,4432,6,4432,5,4432,0,1710,1,1.0278464000002714
3,0,,2026-07-28T20:42:53.502816,107266,4322,2286,4322,78,4322,3,4322,0,4322,1,1808,2,1.0271768999955384
3,0,,2026-07-28T20:42:54.532571,107110,4405,2284,4405,85,4405,3,4405,8,4405,3,1767,1,1.029461199999787
3,0,,2026-07-28T20:42:55.562558,107045,4348,2319,4348,75,4348,0,4348,4,4348,2,1864,1,1.0294754000060493
3,0,,2026-07-28T20:42:56.589628,107487,4463,2411,4463,79,4463,2,4463,5,4463,2,1829,1,1.0267372999951476
3,0,,2026-07-28T20:42:57.617403,107445,4334,2322,4334,74,4334,1,4334,0,4334,1,1859,1,1.0275895000086166
3,0,,2026-07-28T20:42:58.645841,106883,4408,2299,4408,77,4408,2,4408,0,4408,2,1827,0,1.0281648999953177
3,0,,2026-07-28T20:42:59.674494,107277,4452,2380,4452,80,4452,8,4452,1,4452,1,1868,0,1.0282870999944862
3,0,,2026-07-28T20:43:00.702571,107146,4593,2403,4593,88,4593,6,4593,2,4593,1,1790,0,1.0277132999908645
3,0,,2026-07-28T20:43:01.730884,107307,4436,2339,4436,88,4436,4,4436,3,4436,1,1805,0,1.0279654999903869
3,0,,2026-07-28T20:43:02.758990,107343,4370,2310,4370,73,4370,1,4370,6,4370,2,1801,0,1.0277479000069434
3,0,,2026-07-28T20:43:03.786827,107195,4432,2355,4432,81,4432,3,4432,2,4432,2,1795,1,1.0275098999991314
3,0,,2026-07-28T20:43:04.814471,107178,4345,2277,4345,68,4345,2,4345,2,4345,1,1835,0,1.0273596000042744
3,0,,2026-07-28T20:43:05.843028,106739,4438,2331,4438,89,4438,6,4438,3,4438,2,1751,1,1.028220499996678
3,0,,2026-07-28T20:43:06.873042,107481,4378,2344,4378,79,4378,3,4378,6,4378,3,1902,0,1.0295957000053022
3,0,,2026-07-28T20:43:07.902693,107535,4368,2353,4368,79,4368,3,4368,0,4368,1,1797,0,1.0292575000057695
3,0,,2026-07-28T20:43:08.932294,107365,4421,2303,4421,92,4421,4,4421,2,4421,4,1780,1,1.0291361999989022
3,0,,2026-07-28T20:43:09.961132,107433,4439,2407,4439,79,4439,5,4439,2,4439,1,1824,0,1.0284914999938337
3,0,,2026-07-28T20:43:10.989825,107073,4445,2365,4445,78,4445,4,4445,2,4445,3,1820,3,1.0283453000010923
3,0,,2026-07-28T20:43:12.019705,107071,4467,2401,4467,74,4467,4,4467,5,4467,5,1818,0,1.0295225999871036
3,0,,2026-07-28T20:43:13.049195,106875,4496,2371,4496,72,4496,4,4496,3,4496,3,1765,1,1.0290568000054918
3,0,,2026-07-28T20:43:14.078178,107245,4482,2355,4482,75,4482,4,4482,4,4482,4,1755,3,1.0285762999992585
3,0,,2026-07-28T20:43:15.106387,106784,4503,2405,4503,84,4503,4,4503,3,4503,0,1832,0,1.0278520000138087
3,0,,2026-07-28T20:43:16.133452,107104,4470,2361,4470,98,4470,5,4470,6,4470,0,1784,0,1.026726600000984
3,0,,2026-07-28T20:43:17.160770,107164,4301,2254,4301,91,4301,9,4301,0,4301,3,1796,4,1.0269547999923816
3,0,,2026-07-28T20:43:18.187087,107214,4351,2278,4351,67,4351,5,4351,3,4351,1,1773,0,1.0261487000097986
3,0,,2026-07-28T20:43:19.216695,107024,4432,2393,4432,84,4432,1,4432,2,4432,5,1827,0,1.0292898000043351
3,0,,2026-07-28T20:43:20.246141,107452,4455,2388,4455,79,4455,2,4455,1,4455,1,1766,1,1.0291523000050802
3,0,,2026-07-28T20:43:21.272578,107144,4444,2325,4444,79,4444,4,4444,5,4444,2,1784,2,1.0261785999900894
3,0,,2026-07-28T20:43:22.301647,106648,4474,2399,4474,86,4474,5,4474,2,4474,3,1815,1,1.0289313999965088
3,0,,2026-07-28T20:43:23.330153,107104,4282,2330,4282,68,4282,7,4282,5,4282,2,1764,1,1.028219200001331
3,0,,2026-07-28T20:43:24.359064,107140,4567,2418,4567,79,4567,3,4567,1,4567,4,1834,0,1.0285256000061054
3,0,,2026-07-28T20:43:25.388271,107427,4555,2467,4555,72,4555,5,4555,2,4555,0,1803,1,1.0288915999990422
3,0,,2026-07-28T20:43:26.417346,107463,4385,2279,4385,71,4385,4,4385,2,4385,5,1735,1,1.0287133999954676
3,0,,2026-07-28T20:43:27.446269,107012,4425,2369,4425,73,4425,3,4425,4,4425,0,1799,0,1.0285845000034897
3,0,,2026-07-28T20:43:28.474498,107318,4474,2308,4474,71,4474,7,4474,4,4474,1,1785,0,1.0278274000011152
3,0,,2026-07-28T20:43:29.502913,107551,4457,2381,4457,82,4457,2,4457,2,4457,1,1734,0,1.0280155999935232
3,0,,2026-07-28T20:43:30.532086,107272,4386,2369,4386,74,4386,2,4386,0,4386,2,1754,1,1.0287990999931935
3,0,,2026-07-28T20:43:31.561904,107154,4425,2305,4425,105,4425,3,4425,4,4425,0,1848,2,1.0294326000002911
3,0,,2026-07-28T20:43:32.591000,107334,4409,2353,4409,75,4409,6,4409,2,4409,3,1777,0,1.0286846999952104
3,0,,2026-07-28T20:43:33.620061,108290,4550,2397,4550,94,4550,3,4550,1,4550,2,1756,0,1.0287465000001248
3,0,,2026-07-28T20:43:34.648697,107122,4347,2240,4347,68,4347,6,4347,2,4347,4,1913,0,1.028253800002858
3,0,,2026-07-28T20:43:35.678691,106498,4440,2337,4440,80,4440,3,4440,4,4440,1,1882,1,1.0296063999994658
3,0,,2026-07-28T20:43:36.707339,107289,4523,2379,4523,91,4523,2,4523,1,4523,2,1771,0,1.0282155000022613
3,0,,2026-07-28T20:43:37.735708,107066,4502,2374,4502,74,4502,2,4502,3,4502,4,1759,1,1.0279905000061262
3,0,,2026-07-28T20:43:38.764302,106934,4456,2381,4456,73,4456,4,4456,2,4456,2,1818,0,1.0282835999969393
3,0,,2026-07-28T20:43:39.794128,106843,4399,2333,4399,82,4399,8,4399,3,4399,4,1759,0,1.0294778999959817
3,0,,2026-07-28T20:43:40.821549,107789,4470,2435,4470,66,4470,1,4470,1,4470,2,1820,1,1.0270003999903565
3,0,,2026-07-28T20:43:41.848095,106858,4427,2351,4427,81,4427,6,4427,3,4427,2,1779,0,1.026280299993232
3,0,,2026-07-28T20:43:42.874577,107348,4369,2264,4369,96,4369,2,4369,3,4369,3,1805,1,1.0262673999968683
3,0,,2026-07-28T20:43:43.903248,107526,4433,2296,4433,68,4433,3,4433,2,4433,3,1746,0,1.0283127000002423
3,0,,2026-07-28T20:43:44.932263,107147,4499,2404,4499,73,4499,2,4499,6,4499,0,1853,1,1.0286284000030719
3,0,,2026-07-28T20:43:45.959587,107444,4389,2321,4389,68,4389,4,4389,4,4389,2,1757,0,1.026912599991192
3,0,,2026-07-28T20:43:46.986364,107594,4307,2304,4307,79,4307,4,4307,2,4307,1,1830,3,1.026482200002647
3,0,,2026-07-28T20:43:48.013993,107072,4570,2478,4570,84,4570,3,4570,1,4570,4,1759,3,1.0274272000096971
3,0,,2026-07-28T20:43:49.042602,107124,4365,2282,4365,82,4365,4,4365,2,4365,3,1714,0,1.0283558999944944
3,0,,2026-07-28T20:43:50.071192,107512,4453,2335,4453,77,4453,2,4453,2,4453,4,1758,0,1.0282374999951571
3,0,,2026-07-28T20:43:51.100483,107419,4400,2374,4400,66,4400,5,4400,6,4400,0,1843,2,1.0288882000022568
3,0,,2026-07-28T20:43:52.129476,107512,4475,2395,4475,65,4475,1,4475,1,4475,2,1732,0,1.0285268000006909
3,0,,2026-07-28T20:43:53.158544,106553,4429,2355,4429,79,4429,5,4429,1,4429,1,1679,0,1.0288228999997955
3,0,,2026-07-28T20:43:54.187567,106989,4483,2382,4483,84,4483,3,4483,3,4483,2,1743,0,1.0286625000007916
3,0,,2026-07-28T20:43:55.215969,107189,4496,2394,4496,92,4496,4,4496,2,4496,4,1805,1,1.0280238999985158
3,0,,2026-07-28T20:43:56.244476,107212,4363,2308,4363,73,4363,3,4363,1,4363,1,1735,0,1.028132599996752
3,0,,2026-07-28T20:43:57.274379,107133,4589,2476,4589,79,4589,5,4589,3,4589,2,1829,0,1.0295437000022503
3,0,,2026-07-28T20:43:58.302685,108174,4433,2303,4433,85,4433,2,4433,3,4433,1,1808,0,1.0279374999954598
3,0,,2026-07-28T20:43:59.331506,106893,4424,2394,4424,79,4424,3,4424,3,4424,0,1774,1,1.0284126000042306
3,0,,2026-07-28T20:44:00.360104,107210,4493,2382,4493,83,4493,2,4493,1,4493,1,1790,0,1.0282503000053111
3,0,,2026-07-28T20:44:01.386910,107281,4458,2391,4458,82,4458,1,4458,1,4458,3,1806,1,1.026495199999772
3,0,,2026-07-28T20:44:02.415930,106566,4499,2373,4499,86,4499,4,4499,1,4499,0,1727,0,1.0287993000092683
3,0,,2026-07-28T20:44:03.444896,107301,4362,2349,4362,84,4362,5,4362,3,4362,3,1908,0,1.0286186000012094
3,0,,2026-07-28T20:44:04.474034,107006,4472,2393,4472,64,4472,4,4472,3,4472,0,1816,0,1.028805399997509
3,0,,2026-07-28T20:44:05.502471,106952,4446,2331,4446,97,4446,4,4446,3,4446,2,1775,0,1.0280937000061385
3,0,,2026-07-28T20:44:06.530732,107091,4467,2289,4467,91,4467,2,4467,1,4467,6,1807,1,1.0278154999978142
3,0,,2026-07-28T20:44:07.559287,106978,4332,2346,4332,65,4332,2,4332,3,4332,0,1702,1,1.0281804999976885
3,0,,2026-07-28T20:44:08.588822,107786,4533,2351,4533,88,4533,4,4533,2,4533,2,1795,1,1.02915820000635
3,0,,2026-07-28T20:44:09.617337,107555,4453,2351,4453,81,4453,5,4453,2,4453,2,1740,0,1.0281768999993801
3,0,,2026-07-28T20:44:10.646021,107918,4436,2347,4437,86,4437,4,4437,2,4437,6,1795,0,1.0282552999997279
3,0,,2026-07-28T20:44:11.675071,106846,4471,2367,4470,80,4470,2,4470,5,4470,5,1752,1,1.0286613000062061
3,0,,2026-07-28T20:44:12.703444,107509,4450,2350,4450,68,4450,2,4450,2,4451,1,1739,0,1.0279731999908108
3,0,,2026-07-28T20:44:13.732561,106838,4457,2328,4457,92,4457,3,4457,0,4456,3,1838,1,1.0287790000002133
3,0,,2026-07-28T20:44:14.761705,108102,4450,2351,4450,78,4450,2,4450,1,4450,5,1720,0,1.028670300001977
3,0,,2026-07-28T20:44:15.791214,107208,4495,2463,4496,83,4496,1,4496,1,4496,2,1764,0,1.0291918000002624
3,0,,2026-07-28T20:44:16.819800,107313,4359,2270,4358,82,4358,1,4358,1,4358,1,1836,2,1.0281326999975136
3,0,,2026-07-28T20:44:17.848323,107465,4420,2326,4420,80,4420,2,4420,2,4420,2,1798,3,1.0281385999987833
3,0,,2026-07-28T20:44:18.876895,107598,4382,2349,4382,71,4382,5,4382,3,4382,1,1746,2,1.0282118000031915
3,0,,2026-07-28T20:44:19.905522,107709,4463,2400,4463,102,4463,1,4463,0,4463,3,1774,1,1.0282614000025205
3,0,,2026-07-28T20:44:20.934984,106993,4479,2370,4479,81,4479,2,4479,2,4479,2,1802,2,1.0290226999932202
3,0,,2026-07-28T20:44:21.963299,107732,4462,2425,4462,73,4462,4,4462,6,4462,3,1895,1,1.027858200002811
3,0,,2026-07-28T20:44:22.992514,107303,4416,2342,4416,84,4416,5,4416,4,4416,0,1708,1,1.0288656999910017
3,0,,2026-07-28T20:44:24.022011,107237,4332,2296,4332,71,4332,3,4332,3,4332,2,1820,1,1.029125800007023
3,0,,2026-07-28T20:44:25.050593,107241,4314,2313,4314,91,4314,5,4314,3,4314,4,1796,0,1.0281378000072436
3,0,,2026-07-28T20:44:26.079469,107413,4418,2364,4418,71,4418,4,4418,3,4418,1,1797,1,1.0284871000039857
3,0,,2026-07-28T20:44:27.107487,107182,4525,2394,4525,93,4525,3,4525,1,4526,1,1822,1,1.027674199998728
3,0,,2026-07-28T20:44:28.137186,107304,4456,2358,4456,86,4456,3,4456,1,4455,3,1811,0,1.0294196000031661
3,0,,2026-07-28T20:44:29.165383,107280,4424,2407,4424,77,4424,7,4424,1,4424,4,1837,0,1.027777099996456
3,0,,2026-07-28T20:44:30.194465,106610,4464,2353,4464,86,4464,5,4464,3,4464,0,1676,1,1.0287626000063028
3,0,,2026-07-28T20:44:31.223290,107060,4366,2340,4366,95,4366,6,4366,3,4366,5,1777,2,1.0284639000019524
3,0,,2026-07-28T20:44:32.251968,107175,4380,2316,4380,83,4380,5,4380,3,4380,3,1757,1,1.0283571000036318
3,0,,2026-07-28T20:44:33.280580,106542,4437,2320,4437,99,4437,5,4437,2,4437,4,1756,2,1.0282580999919446
3,0,,2026-07-28T20:44:34.310080,107082,4462,2368,4462,79,4462,2,4462,2,4462,1,1807,2,1.0291109999961918
3,0,,2026-07-28T20:44:35.338273,107153,4520,2379,4520,83,4520,6,4520,2,4520,3,1755,1,1.0277898000058485
3,0,,2026-07-28T20:44:36.367752,107162,4468,2334,4468,75,4468,4,4468,1,4468,3,1858,1,1.0290870000026189
3,0,,2026-07-28T20:44:37.395599,107448,4495,2392,4495,72,4495,2,4495,4,4495,2,1761,0,1.0275210000108927
3,0,,2026-07-28T20:44:38.424560,106756,4565,2434,4565,74,4565,4,4565,4,4565,3,1799,1,1.02864450000925
3,0,,2026-07-28T20:44:39.453957,107418,4504,2391,4504,65,4504,3,4504,1,4504,2,1783,1,1.0290410000015981
3,0,,2026-07-28T20:44:40.480795,106968,4468,2343,4468,84,4468,2,4468,3,4468,0,1732,2,1.0265122999990126
3,0,,2026-07-28T20:44:41.511303,107510,4418,2373,4418,68,4418,5,4418,2,4418,3,1795,0,1.0303105999919353
3,0,,2026-07-28T20:44:42.538656,106770,4285,2293,4285,73,4285,3,4285,2,4285,1,1755,1,1.0269581000029575
3,0,,2026-07-28T20:44:43.568036,106979,4297,2285,4297,74,4297,1,4297,2,4297,1,1743,2,1.0291033999965293
3,0,,2026-07-28T20:44:44.597329,107242,4473,2412,4473,75,4473,1,4473,5,4473,3,1775,0,1.0289501999941422
3,0,,2026-07-28T20:44:45.626306,107605,4442,2309,4442,71,4442,2,4442,2,4442,1,1726,0,1.0285846000042511
3,0,,2026-07-28T20:44:46.655178,107371,4457,2359,4457,72,4457,3,4457,3,4457,2,1736,0,1.028389099999913
3,0,,2026-07-28T20:44:47.683172,107642,4480,2333,4480,87,4480,5,4480,1,4480,3,1764,0,1.0276341999997385
3,0,,2026-07-28T20:44:48.711656,106875,4445,2382,4445,91,4445,0,4445,5,4445,4,1817,1,1.028121099996497
3,0,,2026-07-28T20:44:49.741690,107565,4394,2350,4394,74,4394,3,4394,0,4394,3,1784,0,1.0296551000064937
3,0,,2026-07-28T20:44:50.770792,107246,4411,2314,4411,88,4411,2,4411,0,4411,2,1768,0,1.0286457000038354
3,0,,2026-07-28T20:44:51.799150,107127,4388,2338,4388,81,4388,2,4388,1,4388,1,1804,1,1.0280013000010513
3,0,,2026-07-28T20:44:52.827954,107184,4381,2352,4381,73,4381,3,4381,2,4381,1,1780,0,1.0284434000059264
3,0,,2026-07-28T20:44:53.856104,107642,4525,2412,4525,76,4525,4,4525,1,4525,4,1774,1,1.0277746000065235
3,0,,2026-07-28T20:44:54.885061,107488,4403,2299,4403,90,4403,1,4403,5,4403,4,1752,1,1.0285736000078032
3,0,,2026-07-28T20:44:55.914205,107133,4473,2358,4473,96,4473,2,4473,4,4473,1,1813,0,1.0287816999916686
3,0,,2026-07-28T20:44:56.944174,106837,4385,2317,4385,61,4385,2,4385,3,4385,2,1750,0,1.0296023999981117
3,0,,2026-07-28T20:44:57.973113,107448,4522,2397,4522,74,4522,1,4522,1,4522,2,1758,1,1.0286392999987584
3,0,,2026-07-28T20:44:59.001614,106890,4507,2346,4507,83,4507,2,4507,5,4507,1,1783,0,1.0281442999985302
3,0,,2026-07-28T20:45:00.028421,107222,4416,2302,4416,76,4416,3,4416,1,4416,0,1798,0,1.0263997000001837
3,0,,2026-07-28T20:45:01.056717,107122,4420,2369,4420,60,4420,1,4420,4,4420,0,1755,1,1.0280766999931075
3,0,,2026-07-28T20:45:02.084208,107234,4431,2327,4431,70,4431,4,4431,1,4431,1,1822,0,1.027134699994349
3,0,,2026-07-28T20:45:03.112734,106985,4429,2333,4429,85,4429,3,4429,7,4429,1,1812,2,1.028214800011483
3,0,,2026-07-28T20:45:04.142599,106973,4319,2314,4319,66,4319,5,4319,1,4319,2,1769,1,1.0294789000035962
3,0,,2026-07-28T20:45:05.171340,106414,4415,2344,4415,90,4415,5,4415,3,4415,4,1735,0,1.0283311999955913
3,0,,2026-07-28T20:45:06.200366,107216,4501,2357,4501,85,4501,6,4501,3,4501,3,1806,3,1.0286395000002813
3,0,,2026-07-28T20:45:07.228556,107174,4513,2370,4513,76,4513,1,4513,5,4513,1,1794,1,1.027893899998162
3,0,,2026-07-28T20:45:08.258561,107245,4570,2397,4570,89,4570,2,4570,0,4570,4,1766,1,1.0296381000080146
3,0,,2026-07-28T20:45:09.288067,107489,4485,2466,4486,72,4486,4,4486,2,4486,2,1829,2,1.0290799999929732
3,0,,2026-07-28T20:45:10.317874,107977,4422,2368,4421,72,4421,0,4421,3,4421,3,1836,2,1.0295578000077512
3,0,,2026-07-28T20:45:11.347607,107514,4509,2432,4509,80,4509,4,4509,1,4509,3,1810,1,1.0293729999975767
3,0,,2026-07-28T20:45:12.376707,106941,4341,2279,4341,83,4341,1,4341,3,4341,4,1764,0,1.0287542000005487
3,0,,2026-07-28T20:45:13.405713,107282,4407,2343,4407,68,4407,6,4407,2,4407,5,1798,2,1.0286419999902137
3,0,,2026-07-28T20:45:14.433229,107377,4460,2320,4460,84,4460,4,4460,2,4460,3,1773,1,1.027148399996804
3,0,,2026-07-28T20:45:15.462047,107012,4443,2372,4443,93,4443,3,4443,1,4443,1,1695,1,1.0284761999937473
3,0,,2026-07-28T20:45:16.491321,107088,4392,2313,4392,96,4392,7,4392,2,4392,2,1779,0,1.0288941000035265
3,0,,2026-07-28T20:45:17.520173,107006,4453,2372,4453,90,4453,5,4453,2,4453,0,1788,1,1.0284975000104168
3,0,,2026-07-28T20:45:18.547979,107261,4479,2359,4479,81,4479,4,4479,2,4479,1,1803,1,1.027465300008771
3,0,,2026-07-28T20:45:19.578137,107299,4393,2335,4393,83,4393,1,4393,2,4393,0,1707,0,1.0297919000004185
3,0,,2026-07-28T20:45:20.607168,107006,4466,2317,4466,91,4466,3,4466,0,4466,1,1795,1,1.0285352999926545
3,0,,2026-07-28T20:45:21.635239,106828,4450,2400,4450,89,4450,3,4450,4,4450,4,1686,0,1.0277457000047434
3,0,,2026-07-28T20:45:22.664742,107091,4449,2318,4449,88,4449,4,4449,3,4449,3,1719,1,1.029142999992473
3,0,,2026-07-28T20:45:23.693896,106764,4524,2343,4524,85,4524,5,4524,3,4524,1,1757,1,1.0288752000051318
3,0,,2026-07-28T20:45:24.722769,107019,4395,2309,4395,75,4395,5,4395,1,4395,4,1850,1,1.0284759999922244
3,0,,2026-07-28T20:45:25.750760,107315,4502,2425,4502,83,4502,1,4502,2,4502,2,1770,1,1.0275422999984585
3,0,,2026-07-28T20:45:26.779069,106859,4458,2352,4458,87,4458,4,4459,2,4459,0,1772,1,1.0280046999978367
3,0,,2026-07-28T20:45:27.808658,108012,4455,2375,4455,66,4455,6,4454,2,4454,3,1771,0,1.0292252999934135
3,0,,2026-07-28T20:45:28.837954,106848,4469,2404,4469,86,4469,3,4469,2,4469,3,1753,0,1.0289779000013368
3,0,,2026-07-28T20:45:29.866449,107521,4472,2359,4472,74,4472,3,4472,3,4472,2,1809,3,1.028162099988549
3,0,,2026-07-28T20:45:30.894933,107357,4352,2328,4352,69,4352,2,4352,2,4352,2,1806,0,1.02815750001173
3,0,,2026-07-28T20:45:31.925217,107238,4416,2343,4416,88,4416,3,4416,2,4416,0,1761,1,1.0299243000044953
3,0,,2026-07-28T20:45:32.954276,107015,4440,2350,4440,83,4440,3,4440,1,4440,0,1834,1,1.028609899993171
3,0,,2026-07-28T20:45:33.983212,107366,4403,2340,4403,94,4403,3,4403,4,4403,1,1721,0,1.0285327000019606
3,0,,2026-07-28T20:45:35.013610,106839,4455,2375,4455,76,4455,5,4455,1,4455,0,1763,0,1.0299439000082202
3,0,,2026-07-28T20:45:36.041456,107920,4375,2341,4375,76,4375,3,4375,0,4375,1,1743,1,1.027424300002167
3,0,,2026-07-28T20:45:37.069370,107251,4424,2339,4424,73,4424,3,4424,2,4424,0,1688,1,1.027681700012181
3,0,,2026-07-28T20:45:38.097344,107196,4572,2371,4572,78,4572,1,4572,2,4572,1,1754,0,1.0276684999989811
3,0,,2026-07-28T20:45:39.125547,107287,4320,2265,4320,92,4320,5,4320,3,4320,4,1707,1,1.0279532999993535
3,0,,2026-07-28T20:45:40.154006,107333,4392,2338,4392,91,4392,3,4392,2,4392,2,1758,3,1.0280888999986928
3,0,,2026-07-28T20:45:41.183122,106906,4441,2340,4441,72,4441,6,4441,0,4441,3,1746,0,1.0287271999986842
3,0,,2026-07-28T20:45:42.210648,106822,4381,2334,4381,70,4381,2,4381,1,4381,1,1670,1,1.027120200000354
3,0,,2026-07-28T20:45:43.239558,106417,4330,2332,4330,63,4330,1,4330,4,4330,0,1830,1,1.0286226000025636
3,0,,2026-07-28T20:45:44.269329,107123,4326,2323,4326,79,4326,2,4326,1,4326,3,1706,2,1.0294282999966526
3,0,,2026-07-28T20:45:45.298014,107274,4396,2346,4396,77,4396,3,4396,0,4396,3,1800,0,1.0283201999991434
3,0,,2026-07-28T20:45:46.326252,107794,4439,2357,4439,83,4439,5,4439,2,4439,5,1788,2,1.0278791000018828
3,0,,2026-07-28T20:45:47.355204,107158,4517,2362,4517,103,4517,2,4517,3,4517,1,1713,2,1.0285650000005262
3,0,,2026-07-28T20:45:48.384291,107187,4448,2324,4448,86,4448,6,4448,4,4448,1,1768,1,1.028682000003755
3,0,,2026-07-28T20:45:49.412650,106972,4478,2388,4478,75,4478,4,4478,3,4478,1,1789,1,1.027996399992844
3,0,,2026-07-28T20:45:50.442800,107026,4239,2255,4239,77,4239,2,4239,3,4239,2,1743,0,1.0297779999964405
3,0,,2026-07-28T20:45:51.471041,107542,4484,2366,4484,67,4484,5,4484,5,4484,2,1746,3,1.0278880999976536
3,0,,2026-07-28T20:45:52.500615,106797,4490,2309,4490,87,4490,4,4490,5,4490,2,1724,2,1.0292474000016227
3,0,,2026-07-28T20:45:53.528795,106385,4412,2342,4412,80,4412,3,4412,0,4412,2,1765,1,1.027833300002385
3,0,,2026-07-28T20:45:54.558085,107081,4399,2353,4399,77,4399,2,4399,2,4399,3,1832,2,1.0289488999987952
3,0,,2026-07-28T20:45:55.586891,107494,4314,2273,4314,77,4314,3,4314,0,4314,5,1780,0,1.028460300003644
3,0,,2026-07-28T20:45:56.615878,107157,4402,2315,4402,82,4402,0,4402,3,4402,6,1863,1,1.0286090000008699
3,0,,2026-07-28T20:45:57.643865,107011,4453,2353,4453,78,4453,0,4453,2,4453,3,1804,0,1.0276088000100572
3,0,,2026-07-28T20:45:58.672785,107345,4505,2381,4505,70,4505,4,4505,4,4505,2,1761,1,1.0286011999996845
3,0,,2026-07-28T20:45:59.702180,107173,4396,2284,4396,89,4396,3,4396,2,4396,4,1722,1,1.0290279000037117
3,0,,2026-07-28T20:46:00.730265,107324,4497,2365,4497,74,4497,5,4497,1,4497,6,1836,1,1.0277493000030518
3,0,,2026-07-28T20:46:01.759273,106563,4373,2294,4373,105,4373,3,4373,4,4373,4,1817,2,1.0285395000100834
3,0,,2026-07-28T20:46:02.787358,106472,4341,2346,4341,72,4341,4,4341,2,4341,4,1707,2,1.0277623000001768
3,0,,2026-07-28T20:46:03.814551,106765,4322,2249,4322,96,4322,2,4322,1,4322,1,1788,2,1.026900900003966
3,0,,2026-07-28T20:46:04.842847,107365,4518,2412,4518,68,4518,4,4518,0,4518,2,1817,0,1.0280277999991085
3,0,,2026-07-28T20:46:05.870095,107005,4480,2376,4480,100,4480,0,4480,2,4480,1,1809,1,1.026978900001268
3,0,,2026-07-28T20:46:06.897257,106600,4414,2287,4414,83,4414,2,4414,5,4414,2,1796,1,1.0268643000017619
3,0,,2026-07-28T20:46:07.924725,106935,4374,2295,4374,65,4374,2,4374,1,4374,6,1891,1,1.0272352999891154
3,0,,2026-07-28T20:46:08.953681,106720,4394,2344,4394,71,4394,2,4394,1,4394,3,1692,1,1.028677800000878
3,0,,2026-07-28T20:46:09.981302,106706,4464,2392,4464,79,4464,2,4464,1,4464,1,1845,0,1.0272531999944476
3,0,,2026-07-28T20:46:11.009970,106439,4297,2300,4297,63,4297,3,4297,2,4297,3,1751,0,1.028364199999487
3,0,,2026-07-28T20:46:12.037062,106905,4483,2360,4483,89,4483,4,4483,4,4483,1,1813,1,1.02678410000226
3,0,,2026-07-28T20:46:13.063989,106914,4385,2330,4385,68,4385,2,4385,3,4385,3,1682,1,1.0267555000027642
3,0,,2026-07-28T20:46:14.093372,107339,4360,2366,4360,57,4360,2,4360,0,4360,0,1750,0,1.0290411000023596
3,0,,2026-07-28T20:46:15.121347,107544,4441,2362,4441,89,4441,3,4441,3,4441,1,1856,0,1.0276763000001665
3,0,,2026-07-28T20:46:16.150169,106582,4438,2419,4438,73,4438,5,4438,5,4438,0,1770,0,1.0284147999918787
3,0,,2026-07-28T20:46:17.177939,106441,4448,2398,4448,81,4448,8,4448,3,4448,2,1791,0,1.0273993000009796
3,0,,2026-07-28T20:46:18.207573,106878,4354,2296,4354,66,4354,1,4354,1,4354,5,1745,0,1.0292419000033988
3,0,,2026-07-28T20:46:19.236068,107353,4367,2315,4367,91,4367,2,4367,1,4367,2,1713,2,1.0281321000074968
3,0,,2026-07-28T20:46:20.264278,107080,4449,2357,4449,79,4449,2,4449,4,4449,3,1659,1,1.0277892000012798
3,0,,2026-07-28T20:46:21.290646,106876,4342,2373,4342,77,4342,1,4342,0,4342,1,1830,0,1.0261006000073394
3,0,,2026-07-28T20:46:22.319244,107128,4379,2315,4379,89,4379,5,4379,4,4379,0,1776,1,1.0284266999951797
3,0,,2026-07-28T20:46:23.347375,107533,4522,2417,4522,88,4522,3,4522,0,4522,2,1797,0,1.0277074000041466
3,0,,2026-07-28T20:46:24.375883,107540,4352,2304,4352,76,4352,9,4352,4,4352,5,1749,3,1.0281357000058051
3,0,,2026-07-28T20:46:25.404188,107022,4349,2297,4349,75,4349,6,4349,5,4349,1,1759,0,1.0279026000062004
3,0,,2026-07-28T20:46:26.432876,107294,4511,2370,4511,80,4511,1,4511,2,4511,2,1724,0,1.028214799996931
3,0,,2026-07-28T20:46:27.462344,107121,4333,2253,4333,64,4333,3,4333,2,4333,3,1760,0,1.0291160000051605
3,0,,2026-07-28T20:46:28.492030,107202,4490,2302,4490,82,4490,6,4490,1,4490,3,1848,0,1.0293171999946935
3,0,,2026-07-28T20:46:29.521398,106843,4458,2362,4458,83,4458,2,4458,0,4458,0,1782,1,1.0289001000055578
3,0,,2026-07-28T20:46:30.550619,106983,4487,2390,4487,77,4487,3,4487,3,4487,1,1746,0,1.0288823999871965
3,0,,2026-07-28T20:46:31.579107,107176,4424,2283,4424,71,4424,4,4424,2,4424,1,1848,1,1.0281132999953115
3,0,,2026-07-28T20:46:32.609116,107491,4450,2372,4450,59,4450,2,4450,1,4450,1,1815,2,1.0296150999929523
3,0,,2026-07-28T20:46:33.638461,106461,4430,2366,4430,91,4430,2,4430,5,4430,1,1843,1,1.028947099999641
3,0,,2026-07-28T20:46:34.668679,107513,4607,2459,4607,95,4607,4,4607,7,4607,0,1765,0,1.029795099995681
3,0,,2026-07-28T20:46:35.696745,106918,4458,2321,4458,80,4458,1,4458,2,4458,4,1770,0,1.0277179000113392
3,0,,2026-07-28T20:46:36.724382,106647,4535,2410,4535,81,4535,4,4535,3,4535,1,1831,0,1.0272844999999506
3,0,,2026-07-28T20:46:37.753304,107308,4353,2235,4353,83,4353,2,4353,2,4353,2,1793,2,1.0286061999941012
3,0,,2026-07-28T20:46:38.782696,107252,4511,2360,4511,86,4511,8,4511,3,4511,3,1823,1,1.028958299997612
3,0,,2026-07-28T20:46:39.811115,107267,4451,2380,4451,82,4451,1,4451,5,4451,0,1769,0,1.027974800002994
3,0,,2026-07-28T20:46:40.840395,107697,4466,2347,4466,81,4466,7,4466,3,4466,1,1756,1,1.028933399997186
3,0,,2026-07-28T20:46:41.869002,107161,4368,2310,4368,62,4368,6,4368,2,4368,0,1785,0,1.0281509999913396
3,0,,2026-07-28T20:46:42.898640,106611,4502,2323,4502,83,4502,4,4502,6,4502,1,1833,0,1.029169000001275
3,0,,2026-07-28T20:46:43.927038,106549,4475,2388,4475,81,4475,3,4475,3,4475,5,1819,1,1.0278909999906318
3,0,,2026-07-28T20:46:44.956807,107179,4473,2348,4473,61,4473,4,4473,1,4473,3,1794,1,1.0294673000025796
3,0,,2026-07-28T20:46:45.985500,106179,4458,2289,4458,82,4458,4,4458,0,4458,1,1764,0,1.0282970999978716
3,0,,2026-07-28T20:46:47.015004,107301,4460,2421,4460,71,4460,5,4460,2,4460,2,1766,0,1.0290461000113282
3,0,,2026-07-28T20:46:48.043679,107415,4457,2401,4457,83,4457,3,4457,2,4457,4,1783,0,1.0283291999949142
3,0,,2026-07-28T20:46:49.071882,106986,4475,2351,4475,94,4475,4,4475,2,4475,0,1802,1,1.0278670000116108
3,0,,2026-07-28T20:46:50.099643,106959,4459,2378,4459,85,4459,1,4459,2,4459,3,1802,1,1.0273339999985183
3,0,,2026-07-28T20:46:51.129256,106997,4403,2392,4403,79,4403,3,4403,0,4403,0,1767,3,1.0292885999951977
3,0,,2026-07-28T20:46:52.158281,107695,4517,2365,4517,90,4517,5,4517,1,4517,3,1755,0,1.0285230000008596
3,0,,2026-07-28T20:46:53.186563,106932,4419,2316,4419,75,4419,4,4419,1,4419,2,1782,3,1.0278464000002714
3,0,,2026-07-28T20:46:54.216577,106962,4413,2367,4413,82,4413,4,4413,2,4413,2,1689,1,1.0296410000009928
3,0,,2026-07-28T20:46:55.245929,107249,4375,2310,4375,79,4375,3,4375,6,4375,4,1745,0,1.0289846999949077
3,0,,2026-07-28T20:46:56.275326,106717,4438,2318,4438,58,4438,7,4438,0,4438,3,1812,0,1.0290225000062492
3,0,,2026-07-28T20:46:57.303587,107572,4450,2309,4450,95,4450,6,4450,4,4450,3,1750,0,1.0278887000022223
3,0,,2026-07-28T20:46:58.332994,107217,4433,2320,4433,67,4433,5,4433,1,4433,4,1774,0,1.0290376999910222
3,0,,2026-07-28T20:46:59.361645,106867,4450,2293,4450,96,4450,0,4450,3,4450,2,1682,0,1.0282145000091987
3,0,,2026-07-28T20:47:00.391057,106654,4444,2352,4444,85,4444,2,4444,1,4444,1,1788,1,1.029059899999993
3,0,,2026-07-28T20:47:01.419611,106566,4345,2296,4345,74,4345,7,4345,5,4345,4,1770,1,1.0282114000001457
3,0,,2026-07-28T20:47:02.449474,106852,4352,2242,4352,76,4352,2,4352,1,4352,3,1832,0,1.0295132999890484
3,0,,2026-07-28T20:47:03.477454,106398,4406,2285,4406,83,4406,4,4406,2,4406,2,1708,0,1.0275590999954147
3,0,,2026-07-28T20:47:04.504244,106744,4338,2286,4338,72,4338,1,4338,3,4338,3,1765,0,1.0265649999928428
3,0,,2026-07-28T20:47:05.530475,106576,4359,2280,4359,70,4359,5,4359,5,4359,3,1768,0,1.0259191000077408
3,0,,2026-07-28T20:47:06.559093,107308,4359,2218,4359,71,4359,2,4359,2,4359,1,1807,0,1.028245199995581
3,0,,2026-07-28T20:47:07.588825,106679,4397,2316,4397,79,4397,1,4397,0,4397,0,1855,1,1.0293698000023142
3,0,,2026-07-28T20:47:08.617735,106962,4407,2311,4407,78,4407,3,4407,3,4407,3,1829,2,1.0284183000039775
3,0,,2026-07-28T20:47:09.646755,107360,4379,2283,4379,81,4379,5,4379,2,4379,4,1766,1,1.0276366000034614
3,0,,2026-07-28T20:47:10.673475,106701,4486,2360,4486,79,4486,6,4486,3,4486,3,1785,0,1.0264548999984981
3,0,,2026-07-28T20:47:11.701156,106373,4522,2432,4522,66,4522,8,4522,2,4522,2,1770,1,1.027454499999294
3,0,,2026-07-28T20:47:12.729501,106429,4452,2356,4452,86,4452,9,4452,3,4452,0,1771,2,1.0279884999908973
3,0,,2026-07-28T20:47:13.757309,107107,4380,2265,4380,84,4380,1,4380,4,4380,2,1809,3,1.0274683000025107
3,0,,2026-07-28T20:47:14.786645,106583,4343,2310,4343,76,4343,3,4343,3,4343,3,1735,1,1.0290712999994867
3,0,,2026-07-28T20:47:15.815861,106724,4499,2353,4499,78,4499,2,4499,3,4499,0,1793,2,1.0288732000044547
3,0,,2026-07-28T20:47:16.843884,107025,4295,2245,4295,83,4295,5,4295,4,4295,4,1819,1,1.0275440999976126
3,0,,2026-07-28T20:47:17.871892,106809,4473,2414,4473,71,4473,3,4473,3,4473,3,1790,0,1.0276477000006707
3,0,,2026-07-28T20:47:18.900302,106895,4371,2285,4371,90,4371,1,4371,0,4371,1,1783,0,1.0280316999997012
3,0,,2026-07-28T20:47:19.929226,106320,4396,2365,4396,88,4396,3,4396,1,4396,1,1742,0,1.0285481000028085
3,0,,2026-07-28T20:47:20.957851,107389,4395,2384,4395,78,4395,4,4395,1,4395,2,1754,1,1.0281863999989582
3,0,,2026-07-28T20:47:21.987359,107358,4388,2369,4388,81,4388,2,4388,2,4388,0,1842,0,1.0291368000034709
3,0,,2026-07-28T20:47:23.015822,107136,4282,2253,4282,64,4282,6,4282,2,4282,0,1716,1,1.0281269999977667
3,0,,2026-07-28T20:47:24.045085,107010,4479,2404,4479,88,4479,4,4479,2,4479,4,1826,0,1.028917800009367
3,0,,2026-07-28T20:47:25.073999,106897,4451,2390,4451,66,4451,4,4451,3,4451,1,1769,2,1.0285621999937575
3,0,,2026-07-28T20:47:26.103202,106852,4417,2410,4417,75,4417,0,4417,3,4417,3,1723,0,1.0288841000001412
3,0,,2026-07-28T20:47:27.131735,106682,4393,2336,4393,84,4393,6,4393,3,4393,3,1736,1,1.0281183000042802
3,0,,2026-07-28T20:47:28.160578,107572,4416,2337,4416,76,4416,3,4416,3,4416,0,1852,0,1.0284606000059284
3,0,,2026-07-28T20:47:29.189442,107135,4467,2368,4467,82,4467,3,4467,2,4467,0,1786,2,1.028510100004496
3,0,,2026-07-28T20:47:30.218665,107241,4399,2326,4399,75,4399,2,4399,4,4399,1,1757,0,1.02885280000919
3,0,,2026-07-28T20:47:31.247354,107140,4479,2376,4479,75,4479,4,4479,4,4479,3,1842,0,1.0282902000035392
3,0,,2026-07-28T20:47:32.276047,107202,4426,2365,4426,66,4426,2,4426,0,4426,3,1790,0,1.0284135999972932
3,0,,2026-07-28T20:47:33.305146,107662,4370,2301,4370,78,4370,6,4370,1,4370,2,1844,0,1.028733099999954
3,0,,2026-07-28T20:47:34.333150,107139,4533,2438,4533,85,4533,1,4533,1,4533,3,1811,3,1.0276282999984687
3,0,,2026-07-28T20:47:35.361786,106890,4438,2342,4438,89,4438,0,4438,2,4438,0,1778,0,1.0283575000066776
3,0,,2026-07-28T20:47:36.390938,106551,4367,2303,4367,86,4367,3,4367,5,4367,1,1760,1,1.0288599000050453
3,0,,2026-07-28T20:47:37.420145,107927,4430,2347,4430,79,4430,1,4430,2,4430,1,1831,1,1.0287767999980133
3,0,,2026-07-28T20:47:38.449191,107052,4384,2371,4384,66,4384,3,4384,1,4384,2,1824,1,1.0286447000107728
3,0,,2026-07-28T20:47:39.478800,107208,4354,2325,4354,82,4354,7,4354,1,4354,5,1749,2,1.0292413999995915
3,0,,2026-07-28T20:47:40.507079,107717,4566,2426,4566,79,4566,4,4566,3,4566,3,1768,2,1.0277636999962851
3,0,,2026-07-28T20:47:41.536778,107235,4407,2330,4407,85,4407,4,4407,2,4407,2,1767,0,1.0293685999931768
3,0,,2026-07-28T20:47:42.565958,107310,4446,2415,4446,90,4446,5,4446,0,4446,2,1819,1,1.0288146999955643
3,0,,2026-07-28T20:47:43.595781,106868,4502,2382,4502,56,4502,6,4502,4,4502,2,1754,1,1.0294432999944547
3,0,,2026-07-28T20:47:44.624523,106950,4449,2335,4449,74,4449,9,4449,2,4449,1,1846,1,1.0283937999920454
3,0,,2026-07-28T20:47:45.654326,107288,4630,2471,4630,86,4630,6,4630,2,4630,3,1726,0,1.0294232000014745
3,0,,2026-07-28T20:47:46.684363,107001,4496,2352,4496,85,4496,0,4496,1,4496,1,1760,1,1.029599400004372
3,0,,2026-07-28T20:47:47.713105,106986,4418,2297,4418,85,4418,4,4418,3,4418,1,1829,1,1.028389099999913
3,0,,2026-07-28T20:47:48.742095,107062,4379,2372,4379,81,4379,2,4379,5,4379,3,1792,1,1.0286492000013823
3,0,,2026-07-28T20:47:49.770827,107111,4365,2311,4365,90,4365,1,4365,6,4365,3,1753,1,1.0283049999998184
3,0,,2026-07-28T20:47:50.799349,106149,4257,2273,4257,59,4257,5,4257,1,4257,0,1780,1,1.0280892000009771
3,0,,2026-07-28T20:47:51.827919,106669,4430,2345,4430,90,4430,9,4430,4,4430,2,1778,4,1.0282078000018373
3,0,,2026-07-28T20:47:52.857022,106910,4374,2355,4374,69,4374,3,4374,3,4374,1,1759,0,1.0287409000011394
3,0,,2026-07-28T20:47:53.885192,106939,4482,2355,4482,76,4482,3,4482,2,4482,3,1822,1,1.0278345999977319
3,0,,2026-07-28T20:47:54.914085,108101,4600,2429,4600,98,4600,3,4600,3,4600,1,1788,1,1.0285963000060292
3,0,,2026-07-28T20:47:55.943244,107206,4491,2368,4491,77,4491,8,4491,3,4491,2,1870,0,1.0287792000017362
3,0,,2026-07-28T20:47:56.971910,107621,4457,2349,4457,69,4457,2,4457,2,4457,0,1863,0,1.0282191000005696
3,0,,2026-07-28T20:47:58.001003,106958,4428,2321,4428,84,4428,2,4428,1,4428,2,1754,0,1.0286862999928417
3,0,,2026-07-28T20:47:59.029633,106884,4444,2362,4444,62,4444,3,4444,3,4444,1,1689,0,1.0283635000087088
3,0,,2026-07-28T20:48:00.056689,106580,4407,2350,4407,78,4407,2,4407,2,4407,1,1754,2,1.026743999987957
3,0,,2026-07-28T20:48:01.085952,106722,4467,2354,4467,69,4467,2,4467,5,4467,1,1841,1,1.0290252000122564
3,0,,2026-07-28T20:48:02.114427,107151,4444,2382,4444,79,4444,6,4444,2,4444,4,1746,3,1.0281258000031812
3,0,,2026-07-28T20:48:03.142284,106988,4485,2364,4485,69,4485,6,4485,4,4485,3,1845,0,1.0274724000046263
3,0,,2026-07-28T20:48:04.170035,107068,4323,2246,4323,71,4323,0,4323,1,4323,3,1738,0,1.0273747999890475
3,0,,2026-07-28T20:48:05.198679,106785,4347,2294,4347,77,4347,2,4347,5,4347,1,1770,2,1.0284059000114212
3,0,,2026-07-28T20:48:06.228217,106774,4349,2278,4349,92,4349,3,4349,2,4349,0,1692,0,1.0291371000057552
3,0,,2026-07-28T20:48:07.256609,107191,4481,2367,4481,73,4481,2,4481,2,4481,1,1754,4,1.0280123999982607
3,0,,2026-07-28T20:48:08.287035,107019,4448,2348,4448,91,4448,2,4448,1,4448,1,1724,1,1.0300463999883505
3,0,,2026-07-28T20:48:09.315111,107033,4338,2379,4338,84,4338,3,4338,0,4338,2,1833,1,1.027699099999154
3,0,,2026-07-28T20:48:10.342986,107328,4365,2385,4365,75,4365,1,4365,4,4365,1,1879,2,1.0275243000069167
3,0,,2026-07-28T20:48:11.370406,106545,4451,2383,4451,94,4451,2,4451,2,4451,3,1807,0,1.0271013999881689
3,0,,2026-07-28T20:48:12.399165,107061,4531,2381,4531,85,4531,4,4531,4,4531,2,1866,0,1.0284792000020389
3,0,,2026-07-28T20:48:13.428751,107805,4406,2331,4406,65,4406,3,4406,0,4406,0,1679,1,1.0291913999972166
3,0,,2026-07-28T20:48:14.457287,107116,4457,2369,4457,77,4457,3,4457,0,4457,0,1782,1,1.0280184000002919
3,0,,2026-07-28T20:48:15.485980,107148,4605,2402,4605,76,4605,5,4605,3,4605,2,1785,0,1.0283951000019442
3,0,,2026-07-28T20:48:16.514858,107293,4511,2400,4511,79,4511,3,4511,2,4511,3,1844,1,1.0285164000088116
3,0,,2026-07-28T20:48:17.543501,106369,4318,2265,4318,68,4318,1,4318,3,4318,1,1859,1,1.028301799990004
3,0,,2026-07-28T20:48:18.572659,106586,4397,2259,4397,81,4397,3,4397,3,4397,4,1800,1,1.0288814000086859
3,0,,2026-07-28T20:48:19.602090,107285,4435,2383,4435,87,4435,2,4435,3,4435,3,1842,1,1.0290892000048188
3,0,,2026-07-28T20:48:20.631193,106931,4408,2338,4408,80,4408,3,4408,3,4408,0,1699,0,1.028739700006554
3,0,,2026-07-28T20:48:21.659611,107308,4483,2411,4483,74,4483,6,4483,2,4483,2,1716,0,1.0280479999928502
3,0,,2026-07-28T20:48:22.688689,107164,4455,2371,4455,92,4455,2,4455,5,4455,1,1787,1,1.0287117999978364
3,0,,2026-07-28T20:48:23.716145,106527,4377,2356,4377,68,4377,0,4377,1,4377,1,1731,0,1.0270984999951907
3,0,,2026-07-28T20:48:24.744847,106943,4405,2305,4405,85,4405,4,4405,0,4405,2,1854,1,1.0284012999909464
3,0,,2026-07-28T20:48:25.772955,107129,4454,2348,4454,70,4454,4,4454,4,4454,1,1753,1,1.027750700013712
3,0,,2026-07-28T20:48:26.802338,106703,4314,2296,4314,68,4314,2,4314,3,4314,3,1811,1,1.02900260000024
3,0,,2026-07-28T20:48:27.831177,107086,4549,2412,4549,71,4549,2,4549,1,4549,1,1857,1,1.028387800004566
3,0,,2026-07-28T20:48:28.859658,107191,4491,2401,4491,66,4491,2,4491,3,4491,5,1824,0,1.0281322000082582
3,0,,2026-07-28T20:48:29.888057,107290,4455,2369,4455,79,4455,3,4455,1,4455,2,1811,1,1.0279668000002857
3,0,,2026-07-28T20:48:30.916953,106840,4510,2400,4510,67,4510,2,4510,2,4510,2,1749,1,1.028555700002471
3,0,,2026-07-28T20:48:31.943081,107521,4398,2313,4398,79,4398,2,4398,0,4398,2,1749,0,1.0258740999997826
3,0,,2026-07-28T20:48:32.972847,107190,4548,2376,4548,85,4548,1,4548,1,4548,3,1845,1,1.0294572999991942
3,0,,2026-07-28T20:48:34.002973,107761,4434,2360,4434,83,4434,4,4434,0,4434,1,1742,0,1.0297122999909334
3,0,,2026-07-28T20:48:35.031658,107311,4405,2358,4405,85,4405,4,4405,4,4405,6,1799,1,1.0282748000026913
3,0,,2026-07-28T20:48:36.060312,106502,4404,2292,4404,85,4404,3,4404,3,4404,0,1835,1,1.0282902999897487
3,0,,2026-07-28T20:48:37.089620,107247,4439,2303,4439,82,4439,2,4439,2,4439,1,1735,1,1.028927699997439
3,0,,2026-07-28T20:48:38.119287,107274,4494,2389,4494,73,4494,2,4494,2,4494,0,1801,0,1.0292989000008674
3,0,,2026-07-28T20:48:39.148501,106917,4378,2310,4378,80,4378,2,4378,5,4378,2,1770,0,1.0287947000033455
3,0,,2026-07-28T20:48:40.177002,107483,4344,2297,4344,71,4344,3,4344,4,4344,3,1747,2,1.0280485000112094
3,0,,2026-07-28T20:48:41.205901,107517,4424,2414,4424,81,4424,4,4424,3,4424,2,1830,1,1.0285304999997607
3,0,,2026-07-28T20:48:42.235206,106829,4414,2360,4414,70,4414,4,4414,1,4414,0,1889,0,1.0289374999993015
3,0,,2026-07-28T20:48:43.265333,106813,4441,2263,4441,71,4441,3,4441,0,4441,1,1798,0,1.0297675000037998
3,0,,2026-07-28T20:48:44.293631,107701,4466,2364,4466,82,4466,2,4466,5,4466,3,1783,0,1.0278506000031484
3,0,,2026-07-28T20:48:45.323123,106510,4470,2348,4470,78,4470,5,4470,1,4470,3,1836,1,1.0290763000084553
3,0,,2026-07-28T20:48:46.351726,107363,4404,2303,4404,77,4404,1,4404,6,4404,2,1786,1,1.0281279000046197
3,0,,2026-07-28T20:48:47.380636,106797,4401,2372,4401,78,4401,4,4401,4,4401,3,1848,1,1.0285701000102563
3,0,,2026-07-28T20:48:48.408774,106745,4412,2348,4412,62,4412,2,4412,1,4412,4,1782,0,1.0277779000025475
3,0,,2026-07-28T20:48:49.436636,107590,4540,2406,4540,85,4540,1,4540,3,4540,1,1818,0,1.027613600002951
3,0,,2026-07-28T20:48:50.463657,106692,4492,2415,4492,89,4492,3,4492,1,4492,4,1741,1,1.026854399999138
3,0,,2026-07-28T20:48:51.491966,107504,4594,2438,4594,74,4594,2,4594,0,4594,2,1840,0,1.0280825000081677
3,0,,2026-07-28T20:48:52.521393,107418,4381,2316,4381,76,4381,3,4381,4,4381,1,1782,0,1.0290811000013491
3,0,,2026-07-28T20:48:53.549422,106695,4469,2351,4469,79,4469,5,4469,2,4469,2,1754,1,1.0276060000032885
3,0,,2026-07-28T20:48:54.577469,107265,4446,2352,4446,80,4446,1,4446,1,4446,1,1831,0,1.0277236999972956
3,0,,2026-07-28T20:48:55.606146,106527,4546,2424,4546,76,4546,9,4546,1,4546,3,1709,1,1.0282254999910947
3,0,,2026-07-28T20:48:56.634209,106880,4311,2241,4311,74,4311,5,4311,4,4311,0,1776,0,1.0277687000052538
3,0,,2026-07-28T20:48:57.661409,107046,4462,2350,4462,81,4462,2,4462,2,4462,3,1694,1,1.0268617999972776
3,0,,2026-07-28T20:48:58.690559,106829,4385,2321,4385,84,4385,6,4385,5,4385,4,1769,0,1.028900999997859
3,0,,2026-07-28T20:48:59.720873,106783,4469,2376,4469,92,4469,7,4469,3,4469,0,1737,0,1.0299268999951892
3,0,,2026-07-28T20:49:00.749890,106680,4329,2311,4329,70,4329,3,4329,3,4329,2,1824,1,1.0286352999974042
3,0,,2026-07-28T20:49:01.779171,107052,4433,2262,4433,89,4433,1,4433,1,4433,1,1763,2,1.0289460999920266
3,0,,2026-07-28T20:49:02.807958,107247,4457,2349,4457,92,4457,3,4457,1,4457,0,1786,2,1.0284317000041483
3,0,,2026-07-28T20:49:03.836432,107288,4424,2430,4424,91,4424,5,4424,4,4424,2,1810,1,1.0281364000111353
3,0,,2026-07-28T20:49:04.865928,106712,4394,2345,4394,77,4394,4,4394,6,4394,1,1735,0,1.0291372000065167
3,0,,2026-07-28T20:49:05.894561,107035,4511,2432,4511,90,4511,4,4511,3,4511,1,1707,0,1.0283255999966059
3,0,,2026-07-28T20:49:06.923157,106725,4494,2430,4494,71,4494,4,4494,1,4494,1,1789,2,1.028291900001932
3,0,,2026-07-28T20:49:07.952290,107135,4431,2343,4431,86,4431,4,4431,3,4431,0,1795,2,1.0287670999969123
3,0,,2026-07-28T20:49:08.981786,106878,4432,2398,4432,66,4432,3,4432,0,4432,2,1809,1,1.029068499992718
3,0,,2026-07-28T20:49:10.010309,106884,4453,2362,4453,72,4453,10,4453,2,4453,2,1755,0,1.0281516999966698
3,0,,2026-07-28T20:49:11.038746,107028,4447,2410,4447,62,4447,5,4447,2,4447,2,1785,0,1.0281050000048708
3,0,,2026-07-28T20:49:12.067124,107207,4494,2450,4494,81,4494,6,4494,3,4494,3,1817,0,1.0279440000012983
3,0,,2026-07-28T20:49:13.096559,107060,4496,2388,4496,83,4496,5,4496,3,4496,7,1768,1,1.029065399998217
3,0,,2026-07-28T20:49:14.124480,106896,4357,2241,4357,88,4357,2,4357,3,4357,0,1798,0,1.0275632999982918
3,0,,2026-07-28T20:49:15.154064,106811,4546,2411,4546,89,4546,2,4546,3,4546,1,1877,0,1.028996199995163
3,0,,2026-07-28T20:49:16.183269,107561,4449,2313,4449,80,4449,2,4449,3,4449,2,1732,0,1.0288445000041975
3,0,,2026-07-28T20:49:17.212683,107034,4444,2345,4444,92,4444,1,4444,0,4444,7,1805,1,1.0290447999868775
3,0,,2026-07-28T20:49:18.241502,107469,4383,2324,4383,73,4383,3,4383,2,4383,2,1808,2,1.028448600001866
3,0,,2026-07-28T20:49:19.270970,106805,4389,2332,4389,96,4389,4,4389,3,4389,0,1789,2,1.0291096000000834
3,0,,2026-07-28T20:49:20.300353,107218,4426,2377,4426,94,4426,5,4426,3,4426,1,1737,0,1.0290111000067554
3,0,,2026-07-28T20:49:21.329246,107729,4504,2379,4504,77,4504,2,4504,2,4504,1,1783,1,1.0285519000026397
3,0,,2026-07-28T20:49:22.357789,107134,4525,2448,4525,81,4525,2,4525,2,4525,3,1891,1,1.0281765999970958
3,0,,2026-07-28T20:49:23.386241,106964,4376,2348,4376,78,4376,1,4376,1,4376,2,1731,1,1.0280855000019073
3,0,,2026-07-28T20:49:24.415008,107297,4478,2390,4478,83,4478,2,4478,3,4478,3,1774,0,1.0282823000015924
3,0,,2026-07-28T20:49:25.443774,107438,4448,2398,4448,81,4448,2,4448,3,4448,1,1838,2,1.0284392000030493
3,0,,2026-07-28T20:49:26.472004,107011,4497,2399,4497,79,4497,4,4497,3,4497,2,1760,0,1.027896800005692
3,0,,2026-07-28T20:49:27.501369,107093,4394,2352,4394,100,4394,0,4394,6,4394,3,1824,2,1.0290214999986347
3,0,,2026-07-28T20:49:28.530697,107785,4454,2257,4454,76,4454,5,4454,3,4454,4,1738,1,1.0288119000033475
3,0,,2026-07-28T20:49:29.559533,106684,4404,2329,4404,65,4404,5,4404,1,4404,5,1742,1,1.0283562000113307
3,0,,2026-07-28T20:49:30.588240,107032,4380,2381,4380,60,4380,4,4380,1,4380,4,1822,0,1.0283253000088735
3,0,,2026-07-28T20:49:31.616831,106723,4405,2302,4405,85,4405,1,4405,2,4405,0,1752,1,1.0282404000026872
3,0,,2026-07-28T20:49:32.647152,107057,4400,2306,4400,80,4400,4,4400,3,4400,2,1829,0,1.029976700010593
3,0,,2026-07-28T20:49:33.675685,107672,4487,2344,4487,78,4487,3,4487,2,4487,3,1795,0,1.0281379999942146
3,0,,2026-07-28T20:49:34.704383,107068,4597,2458,4597,75,4597,3,4597,2,4597,1,1806,0,1.0283376000006683
3,0,,2026-07-28T20:49:35.734137,107151,4425,2374,4425,75,4425,4,4425,1,4425,1,1780,0,1.029402799991658
3,0,,2026-07-28T20:49:36.763807,106486,4545,2431,4545,88,4545,2,4545,2,4545,1,1809,1,1.0292702000006102
3,0,,2026-07-28T20:49:37.792286,107500,4379,2311,4379,81,4379,2,4379,2,4379,2,1791,1,1.028174199993373
3,0,,2026-07-28T20:49:38.819438,107278,4376,2347,4376,78,4376,1,4376,2,4376,1,1753,2,1.0267985000100452
3,0,,2026-07-28T20:49:39.846330,106754,4453,2350,4453,80,4453,3,4453,3,4453,3,1790,0,1.0266625000076601
3,0,,2026-07-28T20:49:40.902437,109585,4580,2447,4580,88,4580,6,4580,0,4580,1,1812,1,1.0559708000073442
3,0,,2026-07-28T20:49:41.931957,106918,4387,2381,4387,93,4387,2,4387,1,4387,2,1748,2,1.0293047000013757
3,0,,2026-07-28T20:49:42.960524,106900,4525,2435,4525,72,4525,3,4525,2,4525,3,1799,0,1.0281886000011582
3,0,,2026-07-28T20:49:43.988614,107273,4362,2351,4362,82,4362,5,4362,4,4362,1,1807,0,1.0277222000004258
3,0,,2026-07-28T20:49:45.018060,107007,4401,2303,4401,84,4401,6,4401,1,4401,0,1824,0,1.0290695000003325
3,0,,2026-07-28T20:49:46.047339,106936,4434,2300,4434,76,4434,1,4434,1,4434,1,1685,1,1.0288561999914236
3,0,,2026-07-28T20:49:47.076013,107218,4462,2332,4462,81,4462,3,4462,2,4462,1,1804,0,1.0283722000021953
3,0,,2026-07-28T20:49:48.105241,106845,4368,2296,4368,82,4368,1,4368,5,4368,2,1712,1,1.0287931000057142
3,0,,2026-07-28T20:49:49.135858,106515,4358,2319,4358,72,4358,6,4358,3,4358,2,1800,0,1.0301922999933595
3,0,,2026-07-28T20:49:50.164333,106961,4520,2431,4520,108,4520,2,4520,2,4520,0,1737,0,1.0281624000053853
3,0,,2026-07-28T20:49:51.192060,107555,4477,2376,4477,83,4477,5,4477,1,4477,5,1766,1,1.0273921000043629
3,0,,2026-07-28T20:49:52.221107,107443,4397,2305,4397,91,4397,0,4397,2,4397,2,1756,2,1.0286156999936793
3,0,,2026-07-28T20:49:53.251509,106713,4451,2286,4451,82,4451,3,4451,2,4451,0,1754,2,1.0300308000005316
3,0,,2026-07-28T20:49:54.280528,107963,4381,2345,4381,71,4381,3,4381,4,4381,0,1829,3,1.0286257000116166
3,0,,2026-07-28T20:49:55.308788,107572,4396,2324,4396,82,4396,2,4396,2,4396,2,1823,0,1.027905800001463
3,0,,2026-07-28T20:49:56.338488,106840,4334,2327,4334,73,4334,1,4334,1,4334,4,1715,0,1.0293339999916498
3,0,,2026-07-28T20:49:57.368557,107123,4315,2247,4315,90,4315,3,4315,1,4315,0,1765,0,1.0296865999989677
3,0,,2026-07-28T20:49:58.397285,107092,4299,2282,4299,80,4299,4,4299,2,4299,2,1776,0,1.02821170000243
3,0,,2026-07-28T20:49:59.426337,107179,4422,2374,4422,81,4422,5,4422,2,4422,0,1854,0,1.028573099989444
3,0,,2026-07-28T20:50:00.454635,107445,4491,2407,4491,79,4491,6,4491,0,4491,1,1829,1,1.0279295000073034
3,0,,2026-07-28T20:50:01.484029,107505,4476,2361,4476,82,4476,4,4476,3,4476,0,1786,1,1.0289816000004066
3,0,,2026-07-28T20:50:02.513332,106807,4512,2419,4512,70,4512,3,4512,0,4512,4,1747,1,1.028937600000063
3,0,,2026-07-28T20:50:03.542856,107399,4534,2384,4534,85,4534,3,4534,3,4534,4,1717,3,1.0292203999997582
3,0,,2026-07-28T20:50:04.572174,107356,4358,2305,4358,73,4358,7,4358,1,4358,1,1828,1,1.0289208000031067
3,0,,2026-07-28T20:50:05.600448,106288,4433,2370,4433,74,4433,4,4433,1,4433,2,1717,0,1.027928499999689
3,0,,2026-07-28T20:50:06.629890,107399,4369,2304,4369,77,4369,4,4369,5,4369,1,1867,0,1.0290913000062574
3,0,,2026-07-28T20:50:07.659541,107919,4519,2364,4519,94,4519,3,4519,4,4519,4,1781,4,1.0292989000008674
3,0,,2026-07-28T20:50:08.688624,106815,4388,2346,4388,81,4388,2,4388,0,4388,1,1783,2,1.028717900000629
3,0,,2026-07-28T20:50:09.717046,107364,4492,2419,4492,87,4492,2,4492,3,4492,2,1818,0,1.0281044000003021
3,0,,2026-07-28T20:50:10.745610,107614,4376,2323,4376,80,4376,2,4376,2,4376,0,1870,2,1.028192300000228
3,0,,2026-07-28T20:50:11.772775,107197,4578,2424,4578,79,4578,3,4578,3,4578,2,1782,2,1.0268636999971932
3,0,,2026-07-28T20:50:12.801685,106876,4365,2300,4365,80,4365,4,4365,2,4365,2,1837,0,1.0285292000044137
3,0,,2026-07-28T20:50:13.829761,107152,4500,2372,4500,90,4500,4,4500,2,4500,5,1756,0,1.0277066999988165
3,0,,2026-07-28T20:50:14.857869,107402,4478,2313,4478,78,4478,2,4478,2,4478,5,1843,1,1.027807300008135
3,0,,2026-07-28T20:50:15.887239,107049,4488,2410,4488,66,4488,4,4488,1,4488,3,1756,0,1.0290382000093814
3,0,,2026-07-28T20:50:16.916411,107469,4453,2359,4453,88,4453,7,4453,1,4453,1,1818,2,1.028739500005031
3,0,,2026-07-28T20:50:17.945111,106769,4473,2391,4473,84,4473,1,4473,2,4473,1,1811,0,1.0283525999984704
3,0,,2026-07-28T20:50:18.975538,107138,4489,2353,4489,66,4489,6,4489,4,4489,2,1753,1,1.0300281999952858
3,0,,2026-07-28T20:50:20.004804,107108,4431,2335,4431,72,4431,3,4431,3,4431,1,1769,1,1.028813499986427
3,0,,2026-07-28T20:50:21.034711,107013,4340,2286,4340,85,4340,5,4340,2,4340,4,1771,1,1.029559300004621
3,0,,2026-07-28T20:50:22.063913,107032,4257,2238,4257,81,4257,5,4257,2,4257,1,1765,0,1.0288463000033516
3,0,,2026-07-28T20:50:23.093166,107428,4442,2352,4442,104,4442,4,4442,3,4442,0,1794,0,1.0289773999975296
3,0,,2026-07-28T20:50:24.122308,107163,4429,2270,4429,78,4429,3,4429,4,4429,3,1782,1,1.028798800005461
3,0,,2026-07-28T20:50:25.152177,107240,4477,2329,4477,87,4477,4,4477,0,4477,2,1809,0,1.0295582999970065
3,0,,2026-07-28T20:50:26.181279,106978,4479,2380,4479,86,4479,3,4479,1,4479,3,1837,2,1.0287436999933561
3,0,,2026-07-28T20:50:27.208330,107523,4475,2438,4475,68,4475,5,4475,2,4475,1,1802,0,1.0268893000029493
3,0,,2026-07-28T20:50:28.236633,107088,4373,2283,4373,84,4373,2,4373,1,4373,0,1766,1,1.0280133000051137
3,0,,2026-07-28T20:50:29.264909,107393,4529,2424,4529,69,4529,2,4529,1,4529,2,1790,1,1.0279810999927577
3,0,,2026-07-28T20:50:30.293594,106916,4447,2392,4447,89,4447,4,4447,4,4447,1,1781,1,1.0283904999960214
3,0,,2026-07-28T20:50:31.322894,107586,4445,2376,4445,79,4445,1,4445,9,4445,1,1792,0,1.028904999999213
3,0,,2026-07-28T20:50:32.351883,107317,4474,2399,4474,79,4474,6,4474,3,4474,3,1822,0,1.0286115000053542
3,0,,2026-07-28T20:50:33.381146,106607,4384,2316,4384,83,4384,3,4384,5,4384,2,1790,1,1.0288780000119004
3,0,,2026-07-28T20:50:34.409223,106798,4362,2289,4362,76,4362,2,4362,4,4362,1,1830,1,1.0277170999906957
3,0,,2026-07-28T20:50:35.437705,107301,4322,2271,4322,74,4322,1,4322,2,4322,1,1781,0,1.0281743999948958
3,0,,2026-07-28T20:50:36.467098,107494,4435,2355,4435,83,4435,2,4435,3,4435,2,1754,1,1.0290199000010034
3,0,,2026-07-28T20:50:37.496181,107054,4398,2356,4398,76,4398,4,4398,1,4398,2,1840,1,1.0287591999949655
3,0,,2026-07-28T20:50:38.525027,106958,4454,2342,4454,79,4454,6,4454,2,4454,2,1694,0,1.0283971000026213
3,0,,2026-07-28T20:50:39.553197,106418,4419,2299,4419,82,4419,2,4419,3,4419,1,1731,0,1.0278733000013744
3,0,,2026-07-28T20:50:40.582246,107039,4335,2293,4335,82,4335,1,4335,2,4335,2,1861,0,1.0287013000051957
3,0,,2026-07-28T20:50:41.610797,107249,4447,2325,4447,84,4447,1,4447,2,4447,1,1732,1,1.0282112999993842
3,0,,2026-07-28T20:50:42.640471,107285,4463,2357,4463,77,4463,5,4463,4,4463,2,1780,1,1.0292966999986675
3,0,,2026-07-28T20:50:43.668582,107492,4392,2383,4392,74,4392,6,4392,1,4392,0,1777,0,1.0277323999907821
3,0,,2026-07-28T20:50:44.697330,107077,4352,2303,4352,82,4352,3,4352,2,4352,3,1708,1,1.0283941999950912
3,0,,2026-07-28T20:50:45.726089,106680,4511,2439,4511,75,4511,2,4511,3,4511,1,1804,1,1.028472399993916
3,0,,2026-07-28T20:50:46.755345,106942,4396,2330,4396,76,4396,3,4396,2,4396,2,1753,0,1.0288895999983652
3,0,,2026-07-28T20:50:47.783914,107085,4510,2336,4510,81,4510,2,4510,2,4510,2,1801,0,1.028151100006653
3,0,,2026-07-28T20:50:48.812939,106276,4476,2379,4476,87,4476,4,4476,2,4476,1,1880,1,1.0286209000041708
3,0,,2026-07-28T20:50:49.841638,107114,4469,2395,4469,87,4469,6,4469,4,4469,0,1769,1,1.0283367999945767
3,0,,2026-07-28T20:50:50.870545,106603,4531,2428,4531,90,4531,2,4531,0,4531,4,1869,0,1.0285407999908784
3,0,,2026-07-28T20:50:51.899972,107063,4448,2373,4448,76,4448,2,4448,4,4448,1,1850,0,1.029130199996871
3,0,,2026-07-28T20:50:52.929850,106617,4381,2322,4381,90,4381,6,4381,2,4381,3,1821,0,1.029487899999367
3,0,,2026-07-28T20:50:53.959632,107041,4527,2345,4527,66,4527,4,4527,1,4527,2,1769,0,1.0293333000008715
3,0,,2026-07-28T20:50:54.988624,107431,4387,2289,4387,78,4387,3,4387,2,4387,5,1825,1,1.0285948000091594
3,0,,2026-07-28T20:50:56.017700,106910,4377,2242,4377,93,4377,2,4377,5,4377,1,1857,2,1.0288466999918455
3,0,,2026-07-28T20:50:57.047461,107359,4533,2413,4533,86,4533,3,4533,3,4533,4,1807,0,1.0294989999965765
3,0,,2026-07-28T20:50:58.075736,107645,4340,2310,4340,80,4340,5,4340,1,4340,1,1825,1,1.0279344000009587
3,0,,2026-07-28T20:50:59.104525,106887,4514,2369,4514,90,4514,3,4514,1,4514,0,1816,1,1.0283984999987297
3,0,,2026-07-28T20:51:00.132744,106950,4412,2309,4412,77,4412,5,4412,4,4412,4,1795,0,1.0277829999977257
3,0,,2026-07-28T20:51:01.162161,107264,4461,2364,4461,88,4461,2,4461,2,4461,1,1775,1,1.0290453000052366
3,0,,2026-07-28T20:51:02.189233,107104,4485,2365,4485,76,4485,3,4485,2,4485,2,1783,0,1.0267371999943862
3,0,,2026-07-28T20:51:03.218560,106650,4402,2343,4402,94,4402,4,4402,2,4402,1,1850,2,1.0289836000010837
3,0,,2026-07-28T20:51:04.247292,107213,4402,2413,4402,77,4402,4,4402,6,4402,3,1726,1,1.0283710999938194
3,0,,2026-07-28T20:51:05.276026,107229,4393,2371,4393,62,4393,4,4393,4,4393,4,1697,0,1.028389099999913
3,0,,2026-07-28T20:51:06.305156,107661,4460,2399,4460,64,4460,2,4460,3,4460,2,1770,0,1.0286900000064634
3,0,,2026-07-28T20:51:07.333801,106666,4426,2338,4426,87,4426,0,4426,0,4426,2,1757,0,1.028318600001512
3,0,,2026-07-28T20:51:08.363051,107189,4370,2268,4370,85,4370,1,4370,1,4370,2,1769,0,1.0289079999929527
3,0,,2026-07-28T20:51:09.392252,107139,4464,2359,4464,90,4464,4,4464,4,4464,1,1745,0,1.028833799995482
3,0,,2026-07-28T20:51:10.421571,107271,4526,2360,4526,87,4526,1,4526,2,4526,1,1772,0,1.0289249000052223
3,0,,2026-07-28T20:51:11.450347,107647,4528,2415,4528,85,4528,3,4528,3,4528,3,1779,1,1.028425700002117
3,0,,2026-07-28T20:51:12.480714,107314,4437,2337,4437,72,4437,3,4437,0,4437,1,1733,3,1.030090400003246
3,0,,2026-07-28T20:51:13.508041,108069,4446,2417,4446,76,4446,2,4446,1,4446,0,1768,0,1.0269314000033773
3,0,,2026-07-28T20:51:14.535905,107442,4489,2354,4489,67,4489,1,4489,3,4489,4,1853,1,1.0275060999993002
3,0,,2026-07-28T20:51:15.563024,105914,4342,2327,4342,79,4342,2,4342,0,4342,2,1869,0,1.0268891000014264
3,0,,2026-07-28T20:51:16.591406,107147,4392,2342,4392,80,4392,4,4392,1,4392,1,1792,0,1.0281052000063937
3,0,,2026-07-28T20:51:17.619017,106909,4426,2394,4426,74,4426,4,4426,2,4426,0,1750,1,1.0272274000017205
3,0,,2026-07-28T20:51:18.646507,106860,4459,2338,4459,84,4459,8,4459,3,4459,0,1721,0,1.0272303000092506
3,0,,2026-07-28T20:51:19.673558,106840,4325,2323,4325,68,4325,3,4325,1,4325,1,1783,0,1.0268610999919474
3,0,,2026-07-28T20:51:20.701770,107082,4274,2306,4274,90,4274,3,4275,6,4275,1,1791,2,1.0279099000035785
3,0,,2026-07-28T20:51:21.729263,107106,4463,2315,4463,99,4463,1,4462,2,4462,5,1743,0,1.027130300004501
3,0,,2026-07-28T20:51:22.756302,106478,4387,2335,4387,75,4387,5,4387,1,4387,2,1790,1,1.0266311999876052
3,0,,2026-07-28T20:51:23.786447,106665,4494,2384,4494,86,4494,6,4494,1,4494,0,1721,2,1.0297605999949155
3,0,,2026-07-28T20:51:24.815162,106842,4444,2293,4444,79,4444,1,4444,2,4444,3,1771,0,1.028341700002784
3,0,,2026-07-28T20:51:25.843570,107519,4456,2327,4456,78,4456,1,4456,4,4456,2,1702,0,1.0280055000039283
3,0,,2026-07-28T20:51:26.873057,107488,4406,2361,4406,91,4406,3,4406,1,4406,0,1725,0,1.0291427000047406
3,0,,2026-07-28T20:51:27.902342,107265,4485,2463,4485,81,4485,2,4485,3,4485,2,1819,0,1.028871699993033
3,0,,2026-07-28T20:51:28.931456,107055,4353,2354,4353,66,4353,1,4353,2,4353,0,1725,1,1.0287900999974227
3,0,,2026-07-28T20:51:29.960004,107471,4385,2297,4385,75,4385,2,4385,2,4385,0,1808,0,1.0281598000001395
3,0,,2026-07-28T20:51:30.988923,107245,4467,2320,4467,86,4467,4,4467,3,4467,2,1710,2,1.0285575000016252
3,0,,2026-07-28T20:51:32.018233,107018,4455,2411,4455,84,4455,2,4455,2,4455,1,1820,3,1.0289606000005733
3,0,,2026-07-28T20:51:33.047524,107284,4457,2313,4457,87,4457,7,4457,1,4457,2,1812,1,1.0289581999968505
3,0,,2026-07-28T20:51:34.076938,105954,4413,2362,4413,79,4413,2,4413,4,4413,2,1809,0,1.0291223999956856
3,0,,2026-07-28T20:51:35.106598,107513,4473,2406,4473,72,4473,1,4473,3,4473,1,1786,0,1.029361400011112
3,0,,2026-07-28T20:51:36.135420,106767,4427,2302,4427,84,4427,5,4427,0,4427,1,1735,1,1.0284773000021232
3,0,,2026-07-28T20:51:37.163981,106978,4449,2344,4449,81,4449,4,4449,3,4449,3,1793,1,1.0281990999937989
3,0,,2026-07-28T20:51:38.193885,106487,4447,2375,4447,83,4447,2,4447,1,4447,2,1820,1,1.0295160000096075
3,0,,2026-07-28T20:51:39.222551,107216,4384,2356,4384,82,4384,1,4384,6,4384,4,1832,0,1.0283065999974497
3,0,,2026-07-28T20:51:40.251963,107020,4424,2354,4424,74,4424,5,4424,0,4424,2,1780,4,1.0290049000032013
3,0,,2026-07-28T20:51:41.281195,106712,4351,2281,4351,73,4351,1,4351,1,4351,2,1757,2,1.0288551000121515
3,0,,2026-07-28T20:51:42.311482,106752,4449,2334,4449,71,4449,2,4449,4,4449,1,1760,0,1.0299744999938412
3,0,,2026-07-28T20:51:43.340229,107410,4499,2339,4499,75,4499,3,4499,1,4499,3,1822,0,1.0283080999943195
3,0,,2026-07-28T20:51:44.369285,107492,4533,2412,4533,75,4533,2,4533,0,4533,5,1803,1,1.028682400006801
3,0,,2026-07-28T20:51:45.398469,106866,4491,2299,4491,79,4491,6,4491,2,4491,0,1744,2,1.028814000004786
3,0,,2026-07-28T20:51:46.427520,106760,4424,2323,4424,84,4424,2,4424,3,4424,2,1789,0,1.0286082999955397
3,0,,2026-07-28T20:51:47.457167,107596,4496,2392,4496,83,4496,4,4496,2,4496,0,1735,0,1.0292897999897832
3,0,,2026-07-28T20:51:48.485600,107267,4491,2380,4491,79,4491,1,4491,1,4491,2,1792,2,1.0280867999972543
3,0,,2026-07-28T20:51:49.514652,106785,4491,2322,4491,80,4491,4,4491,3,4491,4,1721,0,1.0286990999884438
3,0,,2026-07-28T20:51:50.544566,107409,4532,2432,4532,86,4532,3,4532,3,4532,4,1881,1,1.0295371999964118
3,0,,2026-07-28T20:51:51.574457,107021,4482,2392,4482,84,4482,4,4482,2,4482,2,1770,1,1.0295363000041107
3,0,,2026-07-28T20:51:52.603567,107277,4524,2372,4524,74,4524,4,4524,1,4524,1,1853,0,1.0287620000017341
3,0,,2026-07-28T20:51:53.632389,106723,4440,2379,4440,87,4440,1,4440,1,4440,2,1822,0,1.0285017999995034
3,0,,2026-07-28T20:51:54.661283,107034,4472,2371,4472,74,4472,1,4472,3,4472,4,1803,0,1.0284934000083013
3,0,,2026-07-28T20:51:55.690667,107060,4550,2386,4550,70,4550,5,4550,2,4550,1,1770,0,1.0290106000029482
3,0,,2026-07-28T20:51:56.719293,107578,4443,2380,4443,92,4443,3,4443,3,4443,2,1806,0,1.0282065000064904
3,0,,2026-07-28T20:51:57.748445,106984,4415,2353,4415,67,4415,8,4415,4,4415,2,1876,1,1.0287688999960665
3,0,,2026-07-28T20:51:58.777535,106758,4446,2355,4446,72,4446,2,4446,3,4446,1,1817,1,1.028749399993103
3,0,,2026-07-28T20:51:59.806461,106664,4329,2240,4329,78,4329,3,4329,2,4329,1,1793,0,1.0284793999890098
3,0,,2026-07-28T20:52:00.834986,107226,4487,2379,4487,58,4487,3,4487,1,4487,1,1827,2,1.0281396000063978
3,0,,2026-07-28T20:52:01.863936,106479,4384,2349,4384,86,4384,4,4384,6,4384,2,1711,0,1.0285617999907117
3,0,,2026-07-28T20:52:02.892376,107404,4492,2349,4492,71,4492,1,4492,3,4492,0,1752,0,1.0281054000079166
3,0,,2026-07-28T20:52:03.922160,107380,4457,2375,4457,80,4457,6,4457,3,4457,3,1868,0,1.0293569000059506
3,0,,2026-07-28T20:52:04.950661,107220,4352,2322,4352,79,4352,4,4352,2,4352,1,1805,1,1.0281039999972563
3,0,,2026-07-28T20:52:05.977603,107007,4430,2390,4430,81,4430,4,4430,3,4430,1,1828,2,1.0266033000079915
3,0,,2026-07-28T20:52:07.005758,106910,4427,2357,4427,84,4427,7,4427,3,4428,3,1828,2,1.0278526000038255
3,0,,2026-07-28T20:52:08.033878,107442,4463,2361,4463,92,4463,5,4463,3,4462,1,1801,1,1.0277678999991622
3,0,,2026-07-28T20:52:09.061407,106938,4452,2393,4452,86,4452,4,4452,0,4452,2,1768,1,1.02720810000028
3,0,,2026-07-28T20:52:10.088190,107451,4337,2326,4337,73,4337,1,4337,3,4337,0,1754,1,1.0266025000019
3,0,,2026-07-28T20:52:11.114737,106817,4359,2313,4359,80,4359,3,4359,2,4359,3,1817,0,1.026363200013293
3,0,,2026-07-28T20:52:12.143356,106375,4386,2378,4386,62,4386,1,4386,0,4386,0,1676,2,1.028284200001508
3,0,,2026-07-28T20:52:13.172420,107126,4398,2321,4398,81,4398,7,4398,1,4398,4,1820,1,1.0286023000080604
3,0,,2026-07-28T20:52:14.200892,107474,4363,2323,4363,80,4363,4,4363,3,4363,1,1761,0,1.0281421999970917
3,0,,2026-07-28T20:52:15.229512,107161,4407,2299,4407,88,4407,5,4407,1,4407,3,1822,0,1.0283268999919528
3,0,,2026-07-28T20:52:16.259313,107617,4444,2393,4444,68,4444,2,4444,2,4444,0,1811,0,1.0293753000005381
3,0,,2026-07-28T20:52:17.285753,107229,4420,2329,4420,83,4420,6,4420,1,4420,4,1786,0,1.0261127999983728
3,0,,2026-07-28T20:52:18.315721,107121,4460,2364,4460,83,4460,5,4460,3,4460,4,1736,0,1.0298119000071893
3,0,,2026-07-28T20:52:19.344940,107245,4414,2283,4414,72,4414,3,4414,3,4414,1,1757,2,1.0287813000031747
3,0,,2026-07-28T20:52:20.373345,106794,4452,2345,4452,75,4452,2,4452,4,4452,2,1789,0,1.0280417000030866
3,0,,2026-07-28T20:52:21.402668,107079,4414,2376,4414,72,4414,3,4414,3,4414,0,1757,1,1.0289743000030285
3,0,,2026-07-28T20:52:22.431679,107630,4401,2307,4401,80,4401,3,4401,5,4401,2,1810,2,1.0286888999980874
3,0,,2026-07-28T20:52:23.460307,106834,4520,2378,4520,78,4520,3,4520,2,4520,1,1841,0,1.0282777000102215
3,0,,2026-07-28T20:52:24.490045,107445,4281,2199,4281,85,4281,4,4281,3,4281,0,1789,0,1.0293452000041725
3,0,,2026-07-28T20:52:25.518922,107171,4482,2362,4482,78,4482,4,4482,2,4482,0,1731,1,1.0285151999996742
3,0,,2026-07-28T20:52:26.548103,107489,4402,2354,4402,92,4402,2,4402,4,4402,1,1767,0,1.0288081000035163
3,0,,2026-07-28T20:52:27.576760,108025,4510,2366,4510,82,4510,1,4510,0,4510,2,1759,1,1.0282666999992216
3,0,,2026-07-28T20:52:28.605358,107233,4346,2293,4346,75,4346,3,4346,2,4346,4,1764,1,1.0282620999932988
3,0,,2026-07-28T20:52:29.634475,107154,4464,2358,4464,81,4464,3,4464,1,4464,3,1764,2,1.0287171000090893
3,0,,2026-07-28T20:52:30.663272,106875,4432,2324,4432,82,4432,3,4432,1,4432,3,1741,1,1.028431200000341
3,0,,2026-07-28T20:52:31.691908,107579,4442,2364,4442,72,4442,6,4442,0,4442,1,1744,1,1.0282957000017632
3,0,,2026-07-28T20:52:32.721534,106885,4535,2368,4535,82,4535,3,4535,6,4535,5,1759,1,1.0292743000027258
3,0,,2026-07-28T20:52:33.750642,107425,4457,2379,4457,79,4457,1,4457,1,4457,1,1806,2,1.0286943000101019
3,0,,2026-07-28T20:52:34.778874,107205,4469,2431,4469,78,4469,2,4469,1,4469,2,1794,1,1.0278666999947745
3,0,,2026-07-28T20:52:35.806782,107125,4329,2279,4329,82,4329,1,4329,2,4329,3,1774,0,1.0275991000089562
3,0,,2026-07-28T20:52:36.836019,107254,4328,2330,4328,81,4328,2,4328,1,4328,0,1802,0,1.0289541999954963
3,0,,2026-07-28T20:52:37.864987,107508,4396,2323,4396,82,4396,3,4396,1,4396,4,1688,0,1.0286072999879252
3,0,,2026-07-28T20:52:38.893571,107630,4477,2438,4477,80,4477,6,4477,1,4477,4,1805,2,1.0281656000006478
3,0,,2026-07-28T20:52:39.922789,107903,4393,2289,4393,80,4393,3,4393,2,4393,1,1705,0,1.0288788000034401
3,0,,2026-07-28T20:52:40.951807,107065,4401,2371,4401,68,4401,2,4401,1,4401,1,1738,2,1.0286178999958793
3,0,,2026-07-28T20:52:41.980449,107226,4343,2330,4343,74,4343,4,4343,2,4343,2,1852,1,1.028281999999308
3,0,,2026-07-28T20:52:43.008740,107267,4450,2353,4450,91,4450,3,4450,5,4450,2,1764,0,1.0279644999973243
3,0,,2026-07-28T20:52:44.036917,107210,4495,2399,4495,86,4495,2,4495,1,4495,0,1759,0,1.027845200005686
3,0,,2026-07-28T20:52:45.065924,107147,4380,2402,4380,76,4380,1,4380,5,4380,1,1821,0,1.0286249999917345
3,0,,2026-07-28T20:52:46.094996,106986,4393,2257,4393,88,4393,1,4393,3,4393,1,1820,0,1.0286221999995178
3,0,,2026-07-28T20:52:47.123923,107222,4511,2418,4511,89,4511,6,4511,0,4511,3,1726,1,1.0285418999992544
3,0,,2026-07-28T20:52:48.153318,107549,4489,2382,4489,72,4489,8,4489,1,4489,2,1804,0,1.0290470000036294
3,0,,2026-07-28T20:52:49.182264,106664,4381,2273,4381,89,4381,6,4381,5,4381,3,1776,3,1.0285885000048438
3,0,,2026-07-28T20:52:50.211186,107395,4486,2342,4486,70,4486,1,4486,1,4486,0,1751,0,1.0285543000063626
3,0,,2026-07-28T20:52:51.239923,106566,4377,2295,4377,81,4377,6,4377,0,4377,2,1752,0,1.0284038000099827
3,0,,2026-07-28T20:52:52.269786,106966,4331,2293,4331,78,4331,3,4331,5,4331,2,1718,1,1.0294654999888735
3,0,,2026-07-28T20:52:53.299663,107496,4375,2291,4375,79,4375,2,4375,3,4375,2,1777,0,1.029558399997768
3,0,,2026-07-28T20:52:54.329229,107482,4455,2455,4455,89,4455,3,4455,6,4455,1,1774,0,1.028855199998361
3,0,,2026-07-28T20:52:55.358342,107309,4414,2297,4414,92,4414,3,4414,1,4414,1,1759,2,1.0287340999930166
3,0,,2026-07-28T20:52:56.387370,106599,4240,2243,4240,72,4240,2,4240,0,4240,3,1836,0,1.0286851999990176
3,0,,2026-07-28T20:52:57.417253,107386,4469,2334,4469,84,4469,3,4469,2,4469,0,1779,2,1.0294699999940349
3,0,,2026-07-28T20:52:58.445331,107733,4445,2351,4445,77,4445,3,4445,1,4445,2,1792,2,1.0277392999996664
3,0,,2026-07-28T20:52:59.473369,107249,4504,2423,4504,93,4504,2,4504,0,4504,0,1804,0,1.027719799996703
3,0,,2026-07-28T20:53:00.502322,107317,4461,2391,4461,58,4461,5,4461,2,4461,0,1760,2,1.0285839999996824
3,0,,2026-07-28T20:53:01.530332,107523,4443,2346,4443,69,4443,2,4443,4,4443,1,1800,0,1.0276919000025373
3,0,,2026-07-28T20:53:02.586568,110072,4577,2439,4577,76,4577,2,4577,2,4577,2,1856,1,1.0559824999945704
3,0,,2026-07-28T20:53:03.616969,106826,6189,2330,6189,90,6189,7,6189,2,6189,1,1816,0,1.030158300010953
3,0,,2026-07-28T20:53:04.645503,106982,4980,2346,4980,89,4980,3,4980,3,4980,2,1967,0,1.0281334999890532
3,0,,2026-07-28T20:53:05.673932,107370,4911,2300,4911,90,4911,3,4911,4,4911,3,2112,1,1.0280665000027511
3,0,,2026-07-28T20:53:06.700151,106965,4887,2314,4887,81,4887,2,4887,4,4887,2,2269,1,1.0259053999907337
3,0,,2026-07-28T20:53:07.729167,107457,4973,2355,4973,79,4973,3,4973,2,4973,2,2064,1,1.0287669999961508
3,0,,2026-07-28T20:53:08.758206,106533,5113,2298,5113,77,5113,2,5113,1,5113,2,1971,0,1.0287403999973321
3,0,,2026-07-28T20:53:09.787221,107207,4763,2360,4763,83,4763,3,4763,1,4763,4,2165,1,1.0286193000065396
3,0,,2026-07-28T20:53:10.816770,107328,5285,2238,5285,78,5285,5,5285,4,5285,1,2188,0,1.0291504000051646
3,0,,2026-07-28T20:53:11.845594,107247,5263,2322,5263,77,5263,5,5263,2,5263,2,2314,0,1.0284656000003451
3,0,,2026-07-28T20:53:12.875400,107539,4754,2294,4754,84,4754,2,4754,1,4754,2,1995,2,1.029435900010867
3,0,,2026-07-28T20:53:13.904234,107420,4807,2337,4807,78,4807,2,4807,2,4807,1,2053,1,1.0284727999969618
3,0,,2026-07-28T20:53:14.933017,107123,4749,2370,4749,68,4749,2,4749,2,4749,2,1983,0,1.0284123000019463
3,0,,2026-07-28T20:53:15.961759,107428,4708,2325,4708,87,4708,5,4708,6,4708,5,1964,0,1.0284031000046525
3,0,,2026-07-28T20:53:16.991835,107647,4297,2268,4297,72,4297,7,4297,3,4297,1,1761,0,1.0296636999992188
3,0,,2026-07-28T20:53:18.019714,107207,4386,2320,4386,76,4386,4,4386,1,4386,5,1829,0,1.0274954000051366
3,0,,2026-07-28T20:53:19.048641,106953,4391,2361,4391,66,4391,7,4391,5,4391,3,1720,1,1.0286113000038313
3,0,,2026-07-28T20:53:20.077898,107013,4525,2394,4525,86,4525,6,4525,3,4525,2,1796,2,1.0288740999967558
3,0,,2026-07-28T20:53:21.107146,106827,4298,2285,4298,81,4298,3,4298,2,4298,1,1871,1,1.0288614000019152
3,0,,2026-07-28T20:53:22.136902,107543,4490,2312,4490,69,4490,5,4490,3,4490,4,1729,2,1.0294350999902235
3,0,,2026-07-28T20:53:23.165079,107572,4440,2352,4440,83,4440,2,4440,2,4440,1,1827,1,1.0278161000023829
3,0,,2026-07-28T20:53:24.194372,107178,4420,2387,4420,80,4420,6,4420,2,4420,2,1762,1,1.0288909999944735
3,0,,2026-07-28T20:53:25.223685,106865,4423,2356,4423,86,4423,1,4423,6,4423,2,1823,1,1.028869499990833
3,0,,2026-07-28T20:53:26.252107,107002,4478,2352,4478,89,4478,6,4478,2,4478,1,1806,0,1.0280219999986002
3,0,,2026-07-28T20:53:27.281334,106829,4361,2320,4361,76,4361,1,4361,4,4361,2,1781,2,1.028879199991934
3,0,,2026-07-28T20:53:28.310408,107224,4398,2318,4398,69,4398,3,4398,1,4398,1,1847,1,1.0286779000016395
3,0,,2026-07-28T20:53:29.340615,106980,4353,2307,4353,90,4353,2,4353,2,4353,1,1814,0,1.029756300005829
3,0,,2026-07-28T20:53:30.369034,107264,4349,2267,4349,64,4349,6,4349,2,4349,1,1810,2,1.028076400005375
3,0,,2026-07-28T20:53:31.397812,107607,4522,2390,4522,66,4522,1,4522,5,4522,4,1815,2,1.028410500002792
3,0,,2026-07-28T20:53:32.426396,107372,4384,2320,4384,83,4384,3,4384,1,4384,2,1728,2,1.0282976000016788
3,0,,2026-07-28T20:53:33.456721,107141,4535,2402,4535,64,4535,2,4535,4,4535,1,1747,0,1.030077799994615
3,0,,2026-07-28T20:53:34.485381,107506,4393,2320,4393,84,4393,2,4393,2,4393,2,1765,1,1.0283938000065973
3,0,,2026-07-28T20:53:35.514193,106872,4796,2369,4796,83,4796,5,4796,4,4796,1,1873,0,1.028453899998567
3,0,,2026-07-28T20:53:36.544651,107265,4873,2339,4873,87,4873,4,4873,2,4873,0,1988,1,1.0301074000017252
3,0,,2026-07-28T20:53:37.573753,107514,4478,2277,4478,83,4478,5,4478,1,4478,0,2057,2,1.028715899999952
3,0,,2026-07-28T20:53:38.602901,107104,4527,2363,4527,97,4527,3,4527,3,4527,3,2051,0,1.0288165000092704
3,0,,2026-07-28T20:53:39.631180,107565,4519,2328,4519,79,4519,5,4519,4,4519,1,1875,1,1.0279347999894526
3,0,,2026-07-28T20:53:40.659841,107091,4435,2296,4435,82,4435,4,4435,1,4435,2,1773,0,1.028300300007686
3,0,,2026-07-28T20:53:41.686675,108076,4379,2297,4379,90,4379,2,4379,3,4379,1,1798,1,1.0265420000068843
3,0,,2026-07-28T20:53:42.714128,107141,4414,2367,4414,91,4414,6,4414,1,4414,3,1721,0,1.0272794000047725
3,0,,2026-07-28T20:53:43.741006,107783,4437,2382,4437,80,4437,4,4437,2,4437,1,1801,0,1.0265996999951312
3,0,,2026-07-28T20:53:44.769484,106982,4403,2313,4403,82,4403,1,4403,2,4403,1,1808,2,1.0281861999974353
3,0,,2026-07-28T20:53:45.797559,106727,4449,2359,4449,62,4449,1,4449,3,4449,1,1799,1,1.0278076999966288
3,0,,2026-07-28T20:53:46.825252,106689,4447,2328,4447,83,4447,2,4447,2,4447,3,1770,0,1.0274442000081763
3,0,,2026-07-28T20:53:47.852632,107407,4357,2309,4357,77,4357,4,4357,5,4357,1,1762,0,1.027006899996195
3,0,,2026-07-28T20:53:48.881701,107248,4509,2379,4509,78,4509,4,4509,2,4509,2,1765,0,1.028689900005702
3,0,,2026-07-28T20:53:49.908307,107137,4521,2340,4521,102,4521,5,4521,3,4521,0,1872,0,1.0263122000033036
3,0,,2026-07-28T20:53:50.934872,107324,4361,2312,4361,75,4361,4,4361,2,4361,3,1723,2,1.0262856000044849
3,0,,2026-07-28T20:53:51.962754,107192,4571,2332,4571,79,4571,0,4571,2,4571,4,1852,2,1.0276264999993145
3,0,,2026-07-28T20:53:52.989862,107015,4396,2290,4396,82,4396,4,4396,1,4396,2,1745,1,1.0267631000024267
3,0,,2026-07-28T20:53:54.017746,107023,4386,2369,4386,72,4386,3,4386,3,4386,3,1792,3,1.0275716000032844
3,0,,2026-07-28T20:53:55.044670,107516,4427,2305,4427,92,4427,2,4427,1,4427,5,1823,0,1.0266562000033446
3,0,,2026-07-28T20:53:56.072717,107600,4494,2377,4494,77,4494,2,4494,3,4494,1,1818,0,1.0278378000075463
3,0,,2026-07-28T20:53:57.101699,107437,4261,2305,4261,80,4261,2,4261,1,4261,1,1745,0,1.028670300001977
3,0,,2026-07-28T20:53:58.129075,107092,4394,2409,4394,77,4394,4,4394,5,4394,1,1760,1,1.0271078999940073
3,0,,2026-07-28T20:53:59.158289,106819,4526,2393,4526,86,4526,3,4526,1,4526,1,1751,1,1.028874800002086
3,0,,2026-07-28T20:54:00.185802,107400,4427,2322,4427,79,4427,2,4427,1,4428,4,1746,0,1.0271741000033217
3,0,,2026-07-28T20:54:01.214102,107457,4473,2378,4473,83,4473,3,4473,4,4472,1,1743,0,1.0280439000052866
3,0,,2026-07-28T20:54:02.241103,107121,4482,2382,4482,75,4482,2,4482,4,4482,1,1787,1,1.026737400010461
3,0,,2026-07-28T20:54:03.269072,107063,4307,2282,4307,99,4307,1,4307,4,4307,1,1720,0,1.027613400001428
3,0,,2026-07-28T20:54:04.296200,107257,4377,2314,4377,64,4377,3,4377,3,4377,0,1745,0,1.0268776000011712
3,0,,2026-07-28T20:54:05.323882,107080,4431,2321,4431,69,4431,0,4431,0,4431,1,1787,1,1.0273750000051223
3,0,,2026-07-28T20:54:06.351036,107445,4421,2388,4421,82,4421,6,4421,0,4421,1,1747,0,1.0268876000045566
3,0,,2026-07-28T20:54:07.378983,107036,4544,2434,4544,77,4544,3,4544,1,4544,1,1782,0,1.0276226999994833
3,0,,2026-07-28T20:54:08.407309,106993,4367,2368,4367,75,4367,1,4367,3,4367,2,1786,0,1.0280601999984356
3,0,,2026-07-28T20:54:09.435012,107372,4297,2193,4297,79,4297,3,4297,2,4297,3,1788,0,1.0273454999987734
3,0,,2026-07-28T20:54:10.462038,107680,4413,2365,4413,89,4413,1,4413,5,4413,3,1663,0,1.0267506999953184
3,0,,2026-07-28T20:54:11.490909,107101,4394,2280,4394,81,4394,7,4394,4,4394,3,1745,0,1.0285341999988304
3,0,,2026-07-28T20:54:12.520187,106778,4398,2289,4398,77,4398,3,4398,3,4398,3,1876,1,1.0289003000070807
3,0,,2026-07-28T20:54:13.549072,107603,4460,2385,4460,79,4460,3,4460,4,4460,1,1740,0,1.0285154000011971
3,0,,2026-07-28T20:54:14.577901,107247,4436,2355,4436,66,4436,2,4436,6,4436,3,1730,1,1.0284406999999192
3,0,,2026-07-28T20:54:15.607067,106820,4461,2338,4461,74,4461,4,4461,1,4461,1,1851,0,1.0288151999993715
3,0,,2026-07-28T20:54:16.635906,106933,4312,2324,4312,90,4312,5,4312,1,4312,1,1829,2,1.0284921999991639
3,0,,2026-07-28T20:54:17.664328,107234,4463,2380,4463,77,4463,2,4463,4,4463,1,1757,3,1.0280344000057084
3,0,,2026-07-28T20:54:18.694409,107343,4496,2355,4496,72,4496,3,4496,3,4496,1,1823,0,1.0297168999968562
3,0,,2026-07-28T20:54:19.723490,107475,4378,2300,4378,69,4378,3,4378,3,4378,2,1794,0,1.0286882999935187
3,0,,2026-07-28T20:54:20.752595,107561,4325,2315,4325,72,4325,2,4325,0,4325,1,1835,0,1.0287671999976737
3,0,,2026-07-28T20:54:21.781339,106716,4401,2352,4401,89,4401,3,4401,1,4401,1,1788,0,1.028396599998814
3,0,,2026-07-28T20:54:22.810262,107394,4382,2313,4382,71,4382,3,4382,2,4382,2,1857,0,1.028622700003325
3,0,,2026-07-28T20:54:23.838396,106959,4421,2347,4421,92,4421,2,4421,1,4421,1,1741,3,1.0277419000049122
3,0,,2026-07-28T20:54:24.866454,107194,4459,2404,4459,86,4459,6,4459,2,4459,2,1784,0,1.0277277999994112
3,0,,2026-07-28T20:54:25.893385,106871,4510,2424,4510,93,4510,1,4510,1,4510,3,1783,2,1.0266028999903938
3,0,,2026-07-28T20:54:26.921698,106814,4424,2324,4424,59,4424,2,4424,4,4424,3,1842,0,1.0279526000085752
3,0,,2026-07-28T20:54:27.950417,107027,4436,2408,4436,87,4436,1,4436,4,4436,2,1820,0,1.0282818999985466
3,0,,2026-07-28T20:54:28.979881,107666,4389,2365,4389,73,4389,6,4389,2,4389,2,1808,1,1.029109700000845
3,0,,2026-07-28T20:54:30.008759,107274,4454,2366,4454,86,4454,5,4454,3,4454,1,1807,0,1.028598899996723
3,0,,2026-07-28T20:54:31.038127,106788,4317,2286,4317,66,4317,3,4317,3,4317,1,1728,1,1.0290239000023575
3,0,,2026-07-28T20:54:32.067252,107375,4357,2293,4357,70,4357,2,4357,1,4357,2,1775,1,1.0287262000056216
3,0,,2026-07-28T20:54:33.096245,108028,4463,2381,4463,72,4463,1,4463,1,4463,1,1789,2,1.028649799991399
3,0,,2026-07-28T20:54:34.126105,107454,4471,2356,4471,70,4471,6,4471,6,4471,1,1772,0,1.0295224000001326
3,0,,2026-07-28T20:54:35.155152,106788,4549,2397,4549,71,4549,1,4549,3,4549,4,1776,0,1.0286597999947844
3,0,,2026-07-28T20:54:36.183555,106950,4525,2473,4525,58,4525,9,4525,5,4525,1,1759,0,1.0280403999931877
3,0,,2026-07-28T20:54:37.213252,106940,4374,2319,4374,77,4374,4,4374,4,4374,2,1768,0,1.0293358999915654
3,0,,2026-07-28T20:54:38.242928,107232,4373,2372,4373,72,4373,3,4373,3,4373,2,1757,1,1.0293419000081485
3,0,,2026-07-28T20:54:39.271930,107356,4336,2267,4336,81,4336,4,4336,2,4336,1,1855,1,1.0286849000112852
3,0,,2026-07-28T20:54:40.301263,107038,4487,2397,4487,80,4487,4,4487,2,4487,1,1708,3,1.0289786999928765
3,0,,2026-07-28T20:54:41.331550,107372,4434,2352,4434,84,4434,6,4434,0,4434,2,1816,1,1.0298651000048267
3,0,,2026-07-28T20:54:42.358216,107709,4384,2342,4384,82,4384,4,4384,2,4384,0,1766,1,1.0263246999966213
3,0,,2026-07-28T20:54:43.386163,106866,4404,2283,4404,92,4404,1,4404,1,4404,1,1834,1,1.0276777000108268
3,0,,2026-07-28T20:54:44.413817,107557,4350,2308,4350,84,4350,4,4350,1,4350,3,1773,1,1.0274811000126647
3,0,,2026-07-28T20:54:45.442619,107014,4572,2272,4572,75,4572,5,4572,0,4572,0,1947,1,1.0284529000055045
3,0,,2026-07-28T20:54:46.471824,106827,4973,2410,4973,70,4973,1,4973,4,4973,0,2135,0,1.0288910000090254
3,0,,2026-07-28T20:54:47.500036,107208,5011,2342,5011,79,5011,7,5011,2,5011,1,2169,0,1.0278415999928256
3,0,,2026-07-28T20:54:48.528713,107281,5316,2379,5316,74,5316,2,5316,3,5316,1,2221,0,1.0284087999898475
3,0,,2026-07-28T20:54:49.557668,107628,5306,2320,5306,83,5306,4,5306,3,5306,3,2061,0,1.0285216000047512
3,0,,2026-07-28T20:54:50.586801,107344,5211,2353,5211,68,5211,7,5211,2,5211,2,2206,2,1.0287414000049466
3,0,,2026-07-28T20:54:51.615981,107161,5008,2309,5008,69,5008,7,5008,1,5008,1,1972,0,1.0286829999968177
3,0,,2026-07-28T20:54:52.644631,107215,4886,2244,4886,81,4886,3,4886,2,4886,1,2044,0,1.0282826999900863
3,0,,2026-07-28T20:54:53.673731,107741,5078,2297,5078,72,5078,4,5078,2,5078,0,2318,0,1.0287246999942
3,0,,2026-07-28T20:54:54.702794,107211,5295,2296,5295,74,5295,4,5295,1,5295,1,2273,1,1.0287370999867562
3,0,,2026-07-28T20:54:55.731389,107363,5379,2336,5379,78,5379,3,5379,4,5379,2,2738,0,1.028191200006404
3,0,,2026-07-28T20:54:56.760245,107271,5238,2350,5238,68,5238,3,5238,1,5238,3,2279,0,1.0285414999962086
3,0,,2026-07-28T20:54:57.789063,107925,4924,2359,4924,80,4924,1,4924,2,4924,0,1928,0,1.028397699992638
3,0,,2026-07-28T20:54:58.817008,107134,4992,2304,4992,73,4992,3,4992,2,4992,1,2040,1,1.0275966000044718
3,0,,2026-07-28T20:54:59.846779,107049,6227,2424,6227,500,6227,34,6227,5,6227,3,2172,1,1.029385400004685
3,0,,2026-07-28T20:55:00.876179,107259,6609,2344,6609,1061,6609,80,6609,1,6609,3,2318,0,1.028874999989057
3,0,,2026-07-28T20:55:01.905385,107439,7060,2413,7060,1091,7060,90,7060,2,7060,5,2741,2,1.028877899996587
3,0,,2026-07-28T20:55:02.934023,107731,6793,2361,6793,881,6793,67,6793,1,6793,3,2104,0,1.028276700002607
3,0,,2026-07-28T20:55:03.963295,107755,6088,2398,6088,277,6088,15,6088,4,6088,3,2313,0,1.028917999996338
3,0,,2026-07-28T20:55:04.992556,107431,7229,2400,7229,1094,7229,82,7229,7,7229,3,2289,2,1.0288750000036089
3,0,,2026-07-28T20:55:06.021298,107937,6443,2432,6443,1089,6443,80,6443,6,6443,2,2065,0,1.0283788999950048
3,0,,2026-07-28T20:55:07.047752,107779,6736,2438,6736,1071,6736,75,6736,4,6736,3,1783,0,1.0261212000041269
3,0,,2026-07-28T20:55:08.076030,107541,7172,2415,7172,1163,7172,88,7172,2,7172,3,1853,1,1.028068199986592
3,0,,2026-07-28T20:55:09.105105,106646,7473,2464,7473,1091,7473,85,7473,3,7473,4,1829,1,1.0287156000122195
3,0,,2026-07-28T20:55:10.133556,107417,7300,2448,7300,1114,7300,87,7300,4,7300,4,1849,0,1.028101299991249
3,0,,2026-07-28T20:55:11.163081,108154,6237,2512,6237,1107,6237,87,6237,5,6237,2,1862,0,1.0292053000011947
3,0,,2026-07-28T20:55:12.192130,107805,6154,2400,6154,1113,6154,75,6154,3,6154,4,1771,1,1.0286350999958813
3,0,,2026-07-28T20:55:13.221181,106971,6148,2486,6148,1144,6148,90,6148,3,6148,6,1765,0,1.0287123000016436
3,0,,2026-07-28T20:55:14.249304,107503,6213,2508,6213,1105,6213,90,6213,5,6213,2,1801,1,1.02781079999113
3,0,,2026-07-28T20:55:15.280025,107451,6097,2444,6097,1155,6097,99,6097,4,6097,2,1819,0,1.03036649999558
3,0,,2026-07-28T20:55:16.308883,107620,5964,2444,5964,1078,5964,85,5964,2,5964,3,1826,0,1.0285022000025492
3,0,,2026-07-28T20:55:17.337238,107048,6104,2524,6104,1108,6104,82,6104,1,6104,2,1710,1,1.0279652000026545
3,0,,2026-07-28T20:55:18.366681,107394,5808,2362,5808,1066,5808,93,5808,2,5808,4,1779,1,1.0290846999996575
3,0,,2026-07-28T20:55:19.396110,107532,5988,2452,5988,1084,5988,85,5988,4,5988,2,1822,0,1.02908129998832
3,0,,2026-07-28T20:55:20.425457,107270,6200,2363,6200,1111,6200,100,6201,1,6201,1,1822,0,1.0288555000006454
3,0,,2026-07-28T20:55:21.453612,107785,6394,2423,6394,1091,6394,78,6393,2,6393,2,1736,0,1.027866599994013
3,0,,2026-07-28T20:55:22.482960,107196,6214,2350,6214,1061,6214,94,6214,2,6214,3,1898,1,1.0289090000005672
3,0,,2026-07-28T20:55:23.511636,107172,6800,2493,6800,1194,6800,107,6800,5,6800,2,2259,0,1.0283210999914445
3,0,,2026-07-28T20:55:24.540662,107848,6562,2475,6562,1130,6562,87,6562,8,6562,3,2109,0,1.0286038000049302
3,0,,2026-07-28T20:55:25.569482,107398,6527,2460,6527,1075,6527,98,6527,1,6527,3,2051,1,1.0283663000009255
3,0,,2026-07-28T20:55:26.598703,107346,6602,2552,6602,1054,6602,80,6602,9,6602,1,2159,2,1.0288213000021642
3,0,,2026-07-28T20:55:27.627336,107814,6565,2486,6565,1118,6565,79,6565,7,6565,3,1996,0,1.0282403999881353
3,0,,2026-07-28T20:55:28.655967,107215,6597,2369,6597,1143,6597,87,6597,6,6597,2,2111,1,1.0282513000129256
3,0,,2026-07-28T20:55:29.683893,107182,6613,2361,6613,1066,6613,92,6613,0,6613,2,2218,1,1.0274987000011606
3,0,,2026-07-28T20:55:30.712719,107634,6779,2501,6779,1144,6779,81,6779,6,6779,1,2166,0,1.028466899995692
3,0,,2026-07-28T20:55:31.741730,107427,6627,2467,6627,1068,6627,86,6627,0,6627,1,2175,0,1.02853939999477
3,0,,2026-07-28T20:55:32.769858,108292,6732,2457,6732,1140,6732,92,6732,2,6732,2,2238,0,1.0278025000006892
3,0,,2026-07-28T20:55:33.796899,107611,6649,2422,6649,1131,6649,98,6649,2,6649,1,2077,1,1.026785000009113
3,0,,2026-07-28T20:55:34.823916,106902,6600,2427,6600,1138,6600,92,6600,2,6600,5,2146,0,1.0268031000014162
3,0,,2026-07-28T20:55:35.852179,106998,6779,2462,6779,1086,6779,89,6779,4,6779,2,2238,2,1.0279711000039242
3,0,,2026-07-28T20:55:36.881454,107611,6781,2448,6781,1128,6781,92,6781,4,6781,4,2220,1,1.028916900002514
3,0,,2026-07-28T20:55:37.909794,107327,6930,2461,6930,1130,6930,84,6930,2,6930,3,2284,1,1.0280054000031669
3,0,,2026-07-28T20:55:38.939180,107393,6951,2449,6951,1120,6951,90,6951,5,6951,4,2231,0,1.0289899999916088
3,0,,2026-07-28T20:55:39.968012,108439,7054,2490,7054,1142,7054,95,7054,3,7054,3,2262,1,1.0284036999946693
3,0,,2026-07-28T20:55:40.996237,107147,6717,2363,6717,1034,6717,82,6717,7,6717,4,2272,1,1.0278613999980735
3,0,,2026-07-28T20:55:42.025385,107510,6467,2368,6467,1100,6467,80,6467,4,6467,5,2258,0,1.0287078999972437
3,0,,2026-07-28T20:55:43.052314,107420,6153,2461,6153,1072,6153,100,6153,5,6153,3,2336,0,1.026592599999276
3,0,,2026-07-28T20:55:44.081256,106691,6328,2460,6328,1138,6328,87,6328,3,6328,1,2308,1,1.0287239000026602
3,0,,2026-07-28T20:55:45.109783,107342,6236,2463,6236,1099,6236,84,6236,4,6236,3,2369,2,1.0281939000124112
3,0,,2026-07-28T20:55:46.138546,107217,6198,2432,6198,1049,6198,98,6198,4,6198,0,2380,3,1.0283643000002485
3,0,,2026-07-28T20:55:47.167606,107676,6103,2346,6103,1085,6103,94,6103,3,6103,1,2338,1,1.0286277999985032
3,0,,2026-07-28T20:55:48.196264,107285,6514,2499,6514,1082,6514,78,6514,0,6514,3,2197,0,1.028267900008359
3,0,,2026-07-28T20:55:49.225798,107544,6750,2392,6750,1073,6750,96,6750,1,6750,2,2220,0,1.0291923000040697
3,0,,2026-07-28T20:55:50.254697,107419,6900,2413,6900,1078,6900,103,6900,1,6900,3,3179,1,1.0284814000042388
3,0,,2026-07-28T20:55:51.283882,107284,6876,2412,6876,1129,6876,96,6876,2,6876,3,10205,9,1.0287420000095153
3,0,,2026-07-28T20:55:52.311979,107207,6112,2412,6112,1072,6112,97,6112,2,6112,2,9735,4,1.0277192999928957
3,0,,2026-07-28T20:55:53.340104,106799,6007,2398,6007,1045,6007,77,6007,4,6007,1,9699,1,1.0277199999982258
3,0,,2026-07-28T20:55:54.368857,106657,6153,2503,6153,1147,6153,91,6153,7,6153,0,9681,1,1.0283473000017693
3,0,,2026-07-28T20:55:55.396892,107620,6012,2479,6012,1106,6012,104,6012,4,6012,4,9571,5,1.027719799996703
3,0,,2026-07-28T20:55:56.426170,107033,5933,2383,5933,1131,5933,89,5933,4,5933,1,9614,1,1.0289239999983693
3,0,,2026-07-28T20:55:57.455398,107330,6022,2421,6022,1147,6022,97,6022,2,6022,2,9667,6,1.0288848999916809
3,0,,2026-07-28T20:55:58.485735,107487,5945,2433,5945,1045,5945,108,5945,3,5945,4,9533,3,1.0298548999999184
3,0,,2026-07-28T20:55:59.515137,107112,6124,2454,6124,1144,6124,90,6124,4,6124,2,9507,0,1.029023800001596
3,0,,2026-07-28T20:56:00.543847,107660,6013,2476,6013,1163,6013,84,6013,2,6013,2,9696,2,1.0283185000007506
3,0,,2026-07-28T20:56:01.573253,107334,6042,2434,6042,1097,6042,75,6042,4,6042,5,9656,7,1.0290527000033762
3,0,,2026-07-28T20:56:02.603184,107907,5886,2455,5886,1130,5886,82,5886,0,5886,4,9502,2,1.0295188000018243
3,0,,2026-07-28T20:56:03.631419,108024,5995,2459,5995,1126,5995,79,5995,3,5995,3,9890,2,1.027848099998664
3,0,,2026-07-28T20:56:04.659715,107422,6010,2448,6010,1155,6010,71,6010,3,6010,5,9698,3,1.0279178999917349
3,0,,2026-07-28T20:56:05.689597,107127,6021,2561,6021,1063,6021,89,6021,3,6021,4,9520,4,1.0295400000031805
3,0,,2026-07-28T20:56:06.718397,107500,6097,2496,6097,1169,6097,100,6097,2,6097,0,9629,7,1.0284163000033004
3,0,,2026-07-28T20:56:07.746767,107439,5947,2395,5947,1125,5947,88,5947,5,5947,4,9640,2,1.0280701000010595
3,0,,2026-07-28T20:56:08.775275,107053,5988,2450,5988,1058,5988,67,5988,0,5988,5,9671,2,1.0281478999968385
3,0,,2026-07-28T20:56:09.804771,107138,5913,2398,5913,1104,5913,98,5913,1,5913,2,9585,7,1.0291293999907793
3,0,,2026-07-28T20:56:10.834733,107819,5945,2400,5945,1137,5945,99,5945,4,5945,2,9590,3,1.0296757000032812
3,0,,2026-07-28T20:56:11.863066,107259,5927,2365,5927,1147,5927,78,5927,2,5927,1,9591,4,1.0279789000051096
3,0,,2026-07-28T20:56:12.891276,107110,5909,2434,5909,1101,5909,89,5909,3,5909,1,9595,5,1.0277955000055954
3,0,,2026-07-28T20:56:13.920940,107432,5998,2486,5998,1156,5998,86,5998,3,5998,1,9449,3,1.0292508999991696
3,0,,2026-07-28T20:56:14.949946,107029,6022,2437,6022,1102,6022,87,6022,6,6022,5,9568,3,1.0285837999981595
3,0,,2026-07-28T20:56:15.979414,107391,5970,2444,5970,1110,5970,100,5970,1,5970,2,9721,3,1.0289977999927942
3,0,,2026-07-28T20:56:17.008970,107343,5968,2426,5968,1095,5968,102,5968,0,5968,3,9651,4,1.0291661000082968
3,0,,2026-07-28T20:56:18.038360,107402,6016,2403,6016,1092,6016,85,6016,4,6016,3,9635,2,1.0290213999978732
3,0,,2026-07-28T20:56:19.068245,107405,6061,2437,6061,1133,6061,93,6061,3,6061,4,9577,2,1.0295241999992868
3,0,,2026-07-28T20:56:20.097291,107432,5861,2437,5861,1002,5861,94,5861,2,5861,3,9714,6,1.028586999993422
3,0,,2026-07-28T20:56:21.126114,107773,5967,2463,5967,1064,5967,74,5967,3,5967,6,9777,7,1.0283849000115879
3,0,,2026-07-28T20:56:22.155592,107193,5901,2393,5901,1104,5901,92,5901,1,5901,5,9670,3,1.0291250000009313
3,0,,2026-07-28T20:56:23.183868,107078,5946,2419,5946,1092,5946,88,5946,5,5946,2,9670,4,1.0278910000051837
3,0,,2026-07-28T20:56:24.211373,107208,5888,2390,5889,1096,5889,79,5889,6,5889,5,9632,4,1.0270915000000969
3,0,,2026-07-28T20:56:25.239440,107140,5993,2483,5992,1112,5992,90,5992,4,5992,3,9569,5,1.0277716999989934
3,0,,2026-07-28T20:56:26.267446,107710,6118,2586,6118,1134,6118,77,6118,7,6118,5,9766,6,1.0276663999975426
3,0,,2026-07-28T20:56:27.296445,106731,5954,2444,5954,1104,5954,74,5954,1,5954,4,9822,5,1.0287034999928437
3,0,,2026-07-28T20:56:28.323746,107290,5866,2390,5866,1136,5866,79,5866,0,5866,2,9609,4,1.027030500001274
3,0,,2026-07-28T20:56:29.350818,107011,5989,2449,5989,1082,5989,88,5989,4,5989,0,9647,3,1.0268839000054868
3,0,,2026-07-28T20:56:30.377703,106898,5960,2432,5960,1094,5960,79,5960,1,5960,2,9468,4,1.0265346999949543
3,0,,2026-07-28T20:56:31.404267,107034,5994,2433,5994,1121,5994,96,5994,3,5994,2,9474,3,1.0263907000044128
3,0,,2026-07-28T20:56:32.431595,107665,5993,2468,5993,1164,5993,82,5993,2,5993,2,9619,2,1.027105599991046
3,0,,2026-07-28T20:56:33.461897,107263,6044,2457,6044,1050,6044,96,6044,3,6044,3,9758,2,1.0299276000005193
3,0,,2026-07-28T20:56:34.491500,107568,5753,2386,5753,1058,5753,88,5753,4,5753,3,9836,4,1.0292232999927364
3,0,,2026-07-28T20:56:35.520608,107005,5991,2451,5991,1108,5991,76,5991,3,5991,1,9633,10,1.0287372000020696
3,0,,2026-07-28T20:56:36.549890,107564,5975,2422,5975,1100,5975,90,5975,1,5975,4,9761,3,1.0289047999976901
3,0,,2026-07-28T20:56:37.578462,107071,6064,2460,6064,1126,6064,80,6064,1,6064,5,9534,6,1.028197600011481
3,0,,2026-07-28T20:56:38.607307,106931,5838,2397,5838,1085,5838,93,5838,3,5838,2,9548,5,1.0284662000049138
3,0,,2026-07-28T20:56:39.634530,107844,5960,2412,5960,1132,5960,79,5960,3,5960,3,9696,3,1.0268674999970244
3,0,,2026-07-28T20:56:40.663630,106565,6017,2453,6017,1104,6017,82,6017,3,6017,5,9401,2,1.028761299996404
3,0,,2026-07-28T20:56:41.693014,107002,5756,2375,5756,1016,5756,89,5756,2,5756,1,9649,5,1.0289769999944838
3,0,,2026-07-28T20:56:42.722165,107212,6031,2416,6031,1137,6031,101,6031,6,6031,4,9667,2,1.0287728999974206
3,0,,2026-07-28T20:56:43.750512,107323,5943,2420,5943,1101,5943,95,5943,3,5943,3,9493,2,1.0280146000004606
3,0,,2026-07-28T20:56:44.779745,106383,6318,2656,6318,1196,6318,114,6318,4,6318,5,10392,4,1.0289115000050515
3,0,,2026-07-28T20:56:45.808796,107311,6022,2483,6022,1136,6022,80,6022,3,6022,2,9619,6,1.028617200005101
3,0,,2026-07-28T20:56:46.837684,106901,5985,2387,5985,1152,5985,92,5985,3,5985,4,9736,4,1.0284631000104127
3,0,,2026-07-28T20:56:47.866624,107314,6040,2515,6040,1106,6040,87,6040,2,6040,5,9633,3,1.0286370000103489
3,0,,2026-07-28T20:56:48.895023,107325,6018,2466,6018,1121,6018,94,6018,2,6018,5,9499,6,1.027972600000794
3,0,,2026-07-28T20:56:49.924762,107106,6078,2480,6078,1112,6078,93,6078,2,6078,5,9579,3,1.0292356999998447
3,0,,2026-07-28T20:56:50.953494,107294,5935,2391,5935,1098,5935,82,5935,6,5935,0,9569,6,1.0282805000024382
3,0,,2026-07-28T20:56:51.982566,107348,6039,2440,6039,1136,6039,87,6039,2,6039,3,9745,5,1.0286991000029957
3,0,,2026-07-28T20:56:53.011135,107179,5844,2372,5844,1044,5844,84,5844,3,5844,6,9630,3,1.028252700009034
3,0,,2026-07-28T20:56:54.039728,107214,6092,2459,6092,1117,6092,85,6092,1,6092,8,9637,2,1.0282414999965113
3,0,,2026-07-28T20:56:55.069203,107105,5855,2401,5855,1063,5855,98,5855,3,5855,2,9506,4,1.0291719999950146
3,0,,2026-07-28T20:56:56.098923,107000,6022,2470,6022,1111,6022,99,6022,3,6022,2,9622,3,1.0293402999959653
3,0,,2026-07-28T20:56:57.128136,107895,6046,2488,6046,1109,6046,97,6046,6,6046,2,9561,5,1.0289068999991287
3,0,,2026-07-28T20:56:58.156879,107603,6020,2559,6020,1066,6020,98,6020,3,6020,3,9569,3,1.0283659999986412
3,0,,2026-07-28T20:56:59.186097,107477,6043,2519,6043,1166,6043,76,6043,1,6043,1,9639,4,1.0288695999915944
3,0,,2026-07-28T20:57:00.215461,106958,5857,2349,5857,1098,5857,78,5857,4,5857,4,9692,8,1.0289247000036994
3,0,,2026-07-28T20:57:01.244259,107444,5864,2358,5864,1023,5864,95,5864,3,5864,2,9655,4,1.0284640999889234
3,0,,2026-07-28T20:57:02.272348,106973,5954,2419,5954,1096,5954,89,5954,2,5954,3,9565,2,1.0277053999889176
3,0,,2026-07-28T20:57:03.301180,107160,5920,2445,5920,1065,5920,81,5920,3,5920,0,9589,4,1.0284447000012733
3,0,,2026-07-28T20:57:04.330159,107600,5987,2466,5987,1096,5987,81,5987,1,5987,4,9486,2,1.028622500001802
3,0,,2026-07-28T20:57:05.357812,107457,5896,2396,5896,1137,5896,99,5896,1,5896,1,9478,4,1.0273377999983495
3,0,,2026-07-28T20:57:06.384444,107097,5995,2373,5995,1125,5995,95,5995,2,5995,4,9632,3,1.0262833000015235
3,0,,2026-07-28T20:57:07.413037,106508,5991,2437,5991,1046,5991,91,5991,4,5991,5,9628,7,1.0284318999911193
3,0,,2026-07-28T20:57:08.442849,106897,5895,2422,5895,1092,5895,69,5895,1,5895,3,9512,4,1.0294364000001224
3,0,,2026-07-28T20:57:09.472163,107465,6000,2393,6000,1158,6000,94,6000,3,6000,2,9580,3,1.0289295999973547
3,0,,2026-07-28T20:57:10.504087,107484,6106,2511,6106,1123,6106,97,6106,5,6106,3,9461,3,1.0290128000051482
3,0,,2026-07-28T20:57:11.532796,107026,5940,2447,5940,1081,5940,83,5940,4,5940,1,9575,5,1.028305600004387
3,0,,2026-07-28T20:57:12.561996,107406,6036,2527,6036,1069,6036,91,6036,2,6036,4,9553,2,1.028846599991084
3,0,,2026-07-28T20:57:13.590483,106857,5941,2422,5941,1111,5941,87,5941,3,5941,2,9483,7,1.028168699995149
3,0,,2026-07-28T20:57:14.619685,107200,5970,2500,5970,1054,5970,96,5970,2,5970,6,9694,2,1.028825900008087
3,0,,2026-07-28T20:57:15.647877,107495,5993,2436,5993,1152,5993,98,5993,0,5993,1,9676,6,1.0277413000003435
3,0,,2026-07-28T20:57:16.676707,107235,5928,2385,5928,1078,5928,93,5928,0,5928,2,9599,3,1.028499499996542
3,0,,2026-07-28T20:57:17.707009,107483,6071,2454,6071,1165,6071,99,6071,6,6071,4,9617,3,1.0298813999979757
3,0,,2026-07-28T20:57:18.736081,107274,5848,2316,5848,1110,5848,96,5848,2,5848,2,9714,5,1.0287319000053685
3,0,,2026-07-28T20:57:19.763351,106729,6231,2566,6231,1128,6231,94,6231,4,6231,2,9645,2,1.0268663999886485
3,0,,2026-07-28T20:57:20.790473,106982,6085,2469,6085,1177,6085,90,6085,2,6085,1,9356,3,1.0269188999955077
3,0,,2026-07-28T20:57:21.819187,107186,5910,2414,5910,1105,5910,84,5910,4,5910,6,9471,8,1.0285127999959514
3,0,,2026-07-28T20:57:22.847329,107457,6163,2518,6163,1108,6163,98,6163,2,6163,2,9496,5,1.027819000009913
3,0,,2026-07-28T20:57:23.876038,107545,5915,2359,5915,1090,5915,99,5915,1,5915,2,9655,4,1.0283612000057474
3,0,,2026-07-28T20:57:24.905989,107366,6024,2477,6024,1105,6024,88,6024,3,6024,4,9484,2,1.0296617999993032
3,0,,2026-07-28T20:57:25.935181,107579,5803,2348,5803,1126,5803,90,5803,2,5803,4,9595,7,1.0287585000041872
3,0,,2026-07-28T20:57:26.964013,107192,6055,2484,6055,1127,6055,71,6055,3,6055,2,9515,8,1.0284380999946734
3,0,,2026-07-28T20:57:27.992996,107186,6024,2455,6024,1045,6024,104,6024,2,6024,4,9652,7,1.0286364999919897
3,0,,2026-07-28T20:57:29.021831,107478,5867,2476,5867,1074,5867,79,5867,5,5867,0,9730,3,1.0284845999995014
3,0,,2026-07-28T20:57:30.050283,107584,6064,2507,6064,1146,6064,90,6064,4,6064,1,9652,2,1.0281615999992937
3,0,,2026-07-28T20:57:31.079962,107734,5942,2476,5942,1060,5942,93,5942,2,5942,4,9611,3,1.0292774999979883
3,0,,2026-07-28T20:57:32.108624,107124,5898,2439,5898,1067,5898,81,5898,3,5898,5,9696,5,1.0282943000056548
3,0,,2026-07-28T20:57:33.137886,107667,6050,2490,6050,1091,6050,98,6050,0,6050,8,9519,2,1.0288689000008162
3,0,,2026-07-28T20:57:34.167049,106830,5918,2409,5918,1123,5918,81,5918,2,5918,1,9690,5,1.02878839999903
3,0,,2026-07-28T20:57:35.196135,107496,6074,2463,6074,1112,6074,85,6074,2,6074,2,9479,3,1.0287340999930166
3,0,,2026-07-28T20:57:36.224576,107460,5979,2433,5979,1075,5979,86,5979,3,5979,3,9715,9,1.028095999994548
3,0,,2026-07-28T20:57:37.253744,106519,5945,2431,5945,1091,5945,93,5945,4,5945,2,9495,9,1.0287368999997852
3,0,,2026-07-28T20:57:38.282893,106945,5873,2341,5873,1095,5873,79,5873,3,5873,1,9748,6,1.0287845999991987
3,0,,2026-07-28T20:57:39.311582,107034,5942,2414,5942,1130,5942,88,5942,4,5942,1,9612,3,1.028334900009213
3,0,,2026-07-28T20:57:40.340331,107289,5897,2391,5897,1179,5897,95,5897,3,5897,1,9350,10,1.0283970000018599
3,0,,2026-07-28T20:57:41.368837,107674,6063,2443,6063,1126,6063,86,6063,1,6063,3,9646,2,1.0281212999980198
3,0,,2026-07-28T20:57:42.398610,107754,6015,2481,6015,1108,6015,80,6015,6,6015,2,9589,4,1.029410300005111
3,0,,2026-07-28T20:57:43.427283,107281,5991,2525,5991,1032,5991,100,5991,6,5991,3,9677,10,1.0283636999956798
3,0,,2026-07-28T20:57:44.454240,106757,5920,2426,5920,1132,5920,88,5920,4,5920,2,9586,3,1.0266285999969114
3,0,,2026-07-28T20:57:45.482215,107348,5988,2408,5988,1110,5988,98,5988,0,5988,3,9587,4,1.0276783000008436
3,0,,2026-07-28T20:57:46.511389,107006,5853,2420,5853,1068,5853,68,5853,4,5853,4,9666,7,1.028824099994381
3,0,,2026-07-28T20:57:47.540379,107500,5998,2412,5998,1157,5998,91,5998,3,5998,2,9601,8,1.0286007999966387
3,0,,2026-07-28T20:57:48.568332,107473,5972,2487,5972,1104,5972,75,5972,5,5972,0,9566,4,1.0275888000032865
3,0,,2026-07-28T20:57:49.598275,106774,5820,2387,5820,1029,5820,88,5820,1,5820,2,9525,1,1.0296333000005689
3,0,,2026-07-28T20:57:50.627434,107374,5910,2413,5910,1125,5910,76,5910,2,5910,1,9693,1,1.0287983000016538
3,0,,2026-07-28T20:57:51.657219,107175,5924,2383,5924,1125,5924,97,5924,5,5924,3,9546,2,1.029443799998262
3,0,,2026-07-28T20:57:52.685703,107422,5961,2388,5961,1113,5961,93,5961,1,5961,1,9680,5,1.028067099992768
3,0,,2026-07-28T20:57:53.715006,106951,5900,2411,5900,1109,5900,84,5900,1,5900,4,9555,4,1.0288784000003943
3,0,,2026-07-28T20:57:54.743766,107842,5913,2406,5913,1090,5913,71,5913,0,5913,4,9470,4,1.0283994999917923
3,0,,2026-07-28T20:57:55.772998,107148,5838,2428,5838,1052,5838,97,5838,2,5838,4,9621,3,1.028966500001843
3,0,,2026-07-28T20:57:56.801868,107276,5967,2436,5967,1090,5967,86,5967,2,5967,4,9615,8,1.0284818999934942
3,0,,2026-07-28T20:57:57.830729,107060,5863,2425,5863,1034,5863,77,5863,4,5863,3,9608,4,1.0284122000011848
3,0,,2026-07-28T20:57:58.859678,106843,5814,2336,5814,1062,5814,78,5814,4,5814,1,9597,2,1.0286220000125468
3,0,,2026-07-28T20:57:59.888642,107335,5818,2388,5818,1072,5818,85,5818,3,5818,2,9841,4,1.0286326999921585
3,0,,2026-07-28T20:58:00.917351,107230,6022,2462,6022,1158,6022,69,6022,1,6022,6,9614,4,1.0283148000016809
3,0,,2026-07-28T20:58:01.946961,107313,5854,2449,5854,1038,5854,92,5854,2,5854,7,9609,3,1.0292795999994269
3,0,,2026-07-28T20:58:02.976719,107715,5895,2416,5895,1071,5895,94,5895,1,5895,2,9831,5,1.029436299999361
3,0,,2026-07-28T20:58:04.005125,107226,5988,2437,5988,1155,5988,91,5988,4,5988,1,9671,4,1.028052800000296
3,0,,2026-07-28T20:58:05.032482,107255,6043,2488,6043,1113,6043,87,6043,4,6043,1,9662,2,1.0270376000116812
3,0,,2026-07-28T20:58:06.061860,107499,5981,2453,5981,1091,5981,87,5981,4,5981,3,9555,3,1.0291470999945886
3,0,,2026-07-28T20:58:07.090646,107666,5947,2447,5947,1106,5947,90,5947,1,5947,8,9742,4,1.028350300010061
3,0,,2026-07-28T20:58:08.119875,107038,6081,2473,6081,1190,6081,94,6081,1,6081,3,9558,1,1.0288886000053026
3,0,,2026-07-28T20:58:09.149433,107778,5950,2413,5950,1051,5950,93,5950,3,5950,4,9500,9,1.0291908000071999
3,0,,2026-07-28T20:58:10.178581,107239,5955,2409,5955,1097,5955,89,5955,3,5955,3,9647,5,1.0288039000006393
3,0,,2026-07-28T20:58:11.207596,106763,5993,2460,5993,1081,5993,79,5993,3,5993,5,9580,5,1.02864450000925
3,0,,2026-07-28T20:58:12.236652,107147,5864,2429,5864,1079,5864,92,5864,2,5864,3,9722,1,1.0287733000004664
3,0,,2026-07-28T20:58:13.266366,106841,5967,2406,5967,1072,5967,90,5967,2,5967,3,9538,2,1.0293261999904644
3,0,,2026-07-28T20:58:14.295688,107731,6147,2441,6147,1087,6147,90,6147,4,6147,1,9583,3,1.0287033000058727
3,0,,2026-07-28T20:58:15.323572,107419,6026,2407,6026,1125,6026,79,6026,2,6026,4,9494,4,1.0267089999979362
3,0,,2026-07-28T20:58:16.351396,106508,5852,2413,5852,1133,5852,101,5852,2,5852,7,9625,4,1.0275814000051469
3,0,,2026-07-28T20:58:17.378785,107321,5963,2425,5963,1135,5963,87,5963,2,5963,2,9756,3,1.027016399995773
3,0,,2026-07-28T20:58:18.408166,106975,5911,2457,5911,1049,5911,97,5911,1,5911,2,9388,3,1.028968700004043
3,0,,2026-07-28T20:58:19.436827,108035,6023,2496,6023,1114,6023,100,6023,2,6023,1,9738,2,1.0283396000013454
3,0,,2026-07-28T20:58:20.464879,107842,5963,2391,5963,1128,5963,100,5963,1,5963,4,9536,5,1.0275806999998167
3,0,,2026-07-28T20:58:21.493494,106560,5934,2388,5934,1159,5934,96,5934,2,5934,1,9516,3,1.0282522999914363
3,0,,2026-07-28T20:58:22.522447,107140,5961,2411,5961,1137,5961,98,5961,4,5961,5,9820,5,1.0285820999997668
3,0,,2026-07-28T20:58:23.551471,107469,5982,2444,5982,1099,5982,87,5982,6,5982,5,9485,4,1.0285422999877483
3,0,,2026-07-28T20:58:24.580634,107439,6015,2411,6015,1108,6015,90,6015,7,6015,3,9577,8,1.0288101000041934
3,0,,2026-07-28T20:58:25.609341,106661,5980,2476,5980,1069,5980,93,5980,5,5980,2,9664,9,1.0283312999963528
3,0,,2026-07-28T20:58:26.638085,107869,5973,2419,5973,1093,5973,78,5973,1,5973,4,9650,5,1.028344599995762
3,0,,2026-07-28T20:58:27.666198,107200,5901,2431,5901,1061,5901,100,5901,3,5901,2,9635,6,1.0277893999882508
3,0,,2026-07-28T20:58:28.694868,107458,5974,2442,5974,1116,5974,112,5974,0,5974,1,9605,4,1.0282322999992175
3,0,,2026-07-28T20:58:29.723462,107220,6024,2429,6024,1097,6024,92,6024,2,6024,2,9586,8,1.0281324999959907
3,0,,2026-07-28T20:58:30.752915,106756,5878,2405,5878,1055,5878,92,5878,4,5878,1,9680,6,1.0290957999968668
3,0,,2026-07-28T20:58:31.781550,107425,5999,2404,5999,1108,5999,97,5999,2,5999,5,9639,2,1.02824650000548
3,0,,2026-07-28T20:58:32.809889,107066,6107,2494,6107,1092,6107,104,6107,4,6107,2,9585,7,1.0279658000072232
3,0,,2026-07-28T20:58:33.838687,107499,5910,2388,5910,1072,5910,114,5910,3,5910,1,9547,3,1.028458300002967
3,0,,2026-07-28T20:58:34.868151,107428,5835,2331,5835,1131,5835,85,5835,6,5835,4,9660,6,1.0291193000011845
3,0,,2026-07-28T20:58:35.897730,107020,5834,2363,5834,1056,5834,86,5834,2,5834,1,9605,2,1.0291805000015302
3,0,,2026-07-28T20:58:36.927098,107193,6037,2468,6037,1102,6037,89,6037,1,6037,6,9564,4,1.0289671999926213
3,0,,2026-07-28T20:58:37.956379,107630,5915,2425,5915,1121,5915,78,5915,1,5915,2,9512,3,1.0289623999997275
3,0,,2026-07-28T20:58:38.985788,107454,6161,2545,6161,1123,6161,90,6161,4,6161,3,9685,1,1.0290384999971138
3,0,,2026-07-28T20:58:40.014913,108412,5911,2451,5911,1071,5911,66,5911,8,5911,2,9696,4,1.028729600002407
3,0,,2026-07-28T20:58:41.043506,106924,5804,2339,5804,1048,5804,101,5804,8,5804,1,9584,4,1.0282482999900822
3,0,,2026-07-28T20:58:42.071976,106967,5937,2461,5937,1098,5937,87,5937,3,5937,3,9757,5,1.0281204000057187
3,0,,2026-07-28T20:58:43.099464,107248,5889,2378,5889,1112,5889,110,5889,3,5889,5,9677,3,1.0271253999962937
3,0,,2026-07-28T20:58:44.127755,106823,5926,2347,5926,1119,5926,79,5926,4,5926,3,9504,2,1.0279023999901256
3,0,,2026-07-28T20:58:45.157387,107304,5953,2400,5953,1122,5953,83,5953,3,5953,0,9669,8,1.0293033000052674
3,0,,2026-07-28T20:58:46.186644,107226,5923,2437,5923,1064,5923,94,5923,2,5923,5,9748,3,1.0288291000033496
3,0,,2026-07-28T20:58:47.216256,107296,6103,2461,6103,1165,6103,74,6103,0,6103,5,9727,8,1.0292316999984905
3,0,,2026-07-28T20:58:48.245243,107373,6038,2478,6038,1102,6038,84,6038,1,6038,1,9615,2,1.0286043000087375
3,0,,2026-07-28T20:58:49.274843,106817,5842,2448,5842,1077,5842,75,5842,2,5842,4,9727,1,1.0292172000044957
3,0,,2026-07-28T20:58:50.304049,107936,6034,2422,6034,1121,6034,102,6034,1,6034,2,9618,4,1.0287412999896333
3,0,,2026-07-28T20:58:51.332561,107264,5913,2411,5913,1080,5913,76,5913,3,5913,5,9482,3,1.0281308999983594
3,0,,2026-07-28T20:58:52.362367,107485,6020,2475,6020,1133,6020,70,6020,2,6020,1,9818,6,1.0294228999991901
3,0,,2026-07-28T20:58:53.392651,107577,6074,2435,6074,1108,6074,99,6074,2,6074,4,9591,2,1.029807200000505
3,0,,2026-07-28T20:58:54.421873,106889,5877,2397,5877,1084,5877,93,5877,3,5877,2,9598,3,1.0287734000012279
3,0,,2026-07-28T20:58:55.450909,107821,6061,2527,6061,1127,6061,104,6061,2,6061,3,9522,5,1.0286322000029031
3,0,,2026-07-28T20:58:56.479902,107494,5956,2483,5956,1108,5956,99,5956,2,5956,5,9446,5,1.028570700000273
3,0,,2026-07-28T20:58:57.509342,107131,5923,2398,5923,1092,5923,81,5923,4,5923,3,9809,4,1.0290516999957617
3,0,,2026-07-28T20:58:58.538170,107416,5871,2421,5871,1064,5871,89,5871,3,5871,2,9594,5,1.0284511999925599
3,0,,2026-07-28T20:58:59.567349,107256,6074,2527,6074,1134,6074,94,6074,2,6074,3,9577,4,1.0287889000028372
3,0,,2026-07-28T20:59:00.595473,107396,5909,2416,5909,1114,5909,84,5909,2,5909,5,9531,2,1.0277818999893498
3,0,,2026-07-28T20:59:01.626219,106662,6017,2508,6017,1063,6017,102,6017,1,6017,3,9515,5,1.0303503000031924
3,0,,2026-07-28T20:59:02.652964,107157,5935,2404,5935,1098,5935,88,5935,4,5935,4,9497,6,1.0263842999993358
3,0,,2026-07-28T20:59:03.679072,106892,5934,2409,5934,1068,5934,94,5934,3,5934,2,9533,6,1.0259693000116386
3,0,,2026-07-28T20:59:04.708029,106371,6032,2474,6032,1075,6032,80,6032,3,6032,6,9550,3,1.0287488000030862
3,0,,2026-07-28T20:59:05.736799,106892,5898,2369,5898,1111,5898,83,5898,0,5898,4,9729,5,1.028409799997462
3,0,,2026-07-28T20:59:06.766609,107020,5882,2319,5882,1124,5882,99,5882,5,5882,4,9611,8,1.029434099997161
3,0,,2026-07-28T20:59:07.796253,107449,5979,2489,5979,1091,5979,92,5979,4,5979,3,9632,3,1.0292236999957822
3,0,,2026-07-28T20:59:08.825607,107368,5874,2387,5874,1091,5874,73,5874,8,5874,5,9599,2,1.0289713999954984
3,0,,2026-07-28T20:59:09.852358,107817,5853,2353,5853,1054,5853,88,5853,2,5853,4,9728,4,1.0263988000078825
3,0,,2026-07-28T20:59:10.881942,106302,5947,2450,5947,1144,5947,83,5947,2,5947,0,9582,4,1.029299700006959
3,0,,2026-07-28T20:59:11.910846,107311,5852,2367,5852,1054,5852,94,5852,2,5852,1,9673,3,1.0284333000017796
3,0,,2026-07-28T20:59:12.937235,107436,6021,2420,6021,1146,6021,91,6021,4,6021,1,9397,7,1.0260094000113895
3,0,,2026-07-28T20:59:13.966172,106733,5982,2433,5982,1122,5982,82,5982,3,5982,0,9513,3,1.028661500007729
3,0,,2026-07-28T20:59:14.994775,107728,5985,2460,5985,1111,5985,116,5985,1,5985,1,9720,8,1.0282505999930436
3,0,,2026-07-28T20:59:16.024071,107009,5967,2439,5967,1090,5967,86,5967,4,5967,4,9632,7,1.0289282000012463
3,0,,2026-07-28T20:59:17.052843,106660,5869,2395,5869,1067,5869,93,5869,1,5869,2,9605,2,1.0284108000050765
3,0,,2026-07-28T20:59:18.081799,107301,5966,2453,5966,1077,5966,93,5966,5,5966,1,9324,2,1.0286089000001084
3,0,,2026-07-28T20:59:19.110275,107047,6075,2513,6075,1091,6075,110,6075,3,6075,2,9565,5,1.0281212999980198
3,0,,2026-07-28T20:59:20.138546,107883,6046,2472,6046,1081,6046,98,6046,6,6046,3,9565,1,1.0278709000122035
3,0,,2026-07-28T20:59:21.167973,106557,5974,2397,5974,1106,5974,101,5974,2,5974,1,9545,5,1.0290169999934733
3,0,,2026-07-28T20:59:22.195628,107360,5852,2383,5852,1086,5852,83,5852,1,5852,3,9697,6,1.027220199990552
3,0,,2026-07-28T20:59:23.224317,106820,5933,2434,5933,1109,5933,105,5933,1,5933,5,9600,8,1.028406299999915
3,0,,2026-07-28T20:59:24.253264,107077,5826,2389,5826,1090,5826,87,5826,2,5826,1,9719,5,1.028554799995618
3,0,,2026-07-28T20:59:25.282451,106951,5968,2397,5968,1106,5968,74,5968,4,5968,6,9388,4,1.0286857999890344
3,0,,2026-07-28T20:59:26.310725,106961,5925,2429,5925,1086,5925,101,5925,1,5925,3,9483,3,1.027944799992838
3,0,,2026-07-28T20:59:27.340095,107133,5926,2332,5926,1118,5926,83,5926,6,5926,4,9561,9,1.0290202000032878
3,0,,2026-07-28T20:59:28.370239,107489,5948,2461,5948,1033,5948,96,5948,5,5948,2,9573,4,1.029699899998377
3,0,,2026-07-28T20:59:29.399395,107050,5942,2373,5942,1061,5942,90,5942,2,5942,1,9560,5,1.0287586000049487
3,0,,2026-07-28T20:59:30.428077,107412,5995,2520,5995,1072,5995,83,5995,6,5995,2,9335,7,1.028279799997108
3,0,,2026-07-28T20:59:31.457073,107139,5998,2398,5998,1129,5998,95,5998,2,5998,3,9720,6,1.0286147000006167
3,0,,2026-07-28T20:59:32.486331,106912,5881,2385,5881,1091,5881,95,5881,4,5881,3,9663,6,1.0289035000023432
3,0,,2026-07-28T20:59:33.514285,106702,6002,2420,6002,1096,6002,88,6002,3,6002,2,9565,9,1.027577899993048
3,0,,2026-07-28T20:59:34.543998,107605,5928,2339,5928,1162,5928,104,5928,2,5928,6,9576,7,1.0293354999885196
3,0,,2026-07-28T20:59:35.572349,107372,5982,2498,5982,1055,5982,99,5982,6,5982,5,9561,3,1.0279875999985961
3,0,,2026-07-28T20:59:36.601982,107532,5960,2364,5960,1143,5960,96,5960,5,5960,6,9511,6,1.029247700003907
3,0,,2026-07-28T20:59:37.630050,107405,5984,2484,5984,1127,5984,90,5984,4,5984,1,9676,6,1.027701300001354
3,0,,2026-07-28T20:59:38.659042,107215,5897,2419,5897,1110,5897,85,5897,3,5897,2,9505,4,1.028616499999771
3,0,,2026-07-28T20:59:39.688028,107226,5870,2436,5870,1047,5870,86,5870,3,5870,4,9388,4,1.0286533999897074
3,0,,2026-07-28T20:59:40.716908,107197,6087,2481,6087,1133,6087,79,6087,2,6087,4,9564,0,1.0285902000032365
3,0,,2026-07-28T20:59:41.745659,106867,5820,2352,5820,1074,5820,76,5820,3,5820,1,9635,5,1.0283927999989828
3,0,,2026-07-28T20:59:42.774353,106748,5992,2438,5992,1082,5992,89,5992,3,5992,3,9635,4,1.0282831999938935
3,0,,2026-07-28T20:59:43.801548,106977,5815,2382,5815,1105,5815,79,5815,2,5815,4,9639,5,1.0268590999912703
3,0,,2026-07-28T20:59:44.830477,107385,6009,2456,6009,1113,6009,86,6009,0,6009,4,9516,5,1.0287091999925906
3,0,,2026-07-28T20:59:45.859616,107551,5870,2342,5870,1113,5870,93,5870,5,5870,0,9682,1,1.0287031000043498
3,0,,2026-07-28T20:59:46.887338,107748,5849,2360,5849,1076,5849,72,5849,5,5849,5,9576,2,1.0273556000029203
3,0,,2026-07-28T20:59:47.915499,107088,5990,2463,5990,1093,5990,88,5990,3,5990,2,9466,1,1.0278255000011995
3,0,,2026-07-28T20:59:48.944048,107193,6072,2433,6072,1087,6072,81,6072,4,6072,5,9429,5,1.0282002000021748
3,0,,2026-07-28T20:59:49.972505,107306,6000,2410,6000,1119,6000,83,6000,2,6000,3,9538,3,1.0281040999980178
3,0,,2026-07-28T20:59:51.001835,108235,5875,2407,5875,1064,5875,82,5875,5,5875,1,9688,3,1.0289747000060743
3,0,,2026-07-28T20:59:52.030326,106959,6044,2470,6044,1119,6044,84,6044,3,6044,3,9707,3,1.028131700004451
3,0,,2026-07-28T20:59:53.060105,106243,5903,2426,5903,1041,5903,88,5903,1,5903,3,9580,3,1.0293514999939362
3,0,,2026-07-28T20:59:54.089838,107359,6006,2427,6006,1064,6006,97,6006,1,6006,2,9759,3,1.0293574999959674
3,0,,2026-07-28T20:59:55.119210,107557,5815,2399,5815,1041,5815,83,5815,7,5815,6,9402,3,1.0289816000004066
3,0,,2026-07-28T20:59:56.145710,107525,5805,2318,5805,1126,5805,85,5805,4,5805,0,9711,4,1.0261536999896634
3,0,,2026-07-28T20:59:57.173047,106560,5842,2334,5842,1061,5842,104,5842,4,5842,6,9556,3,1.0270774000091478
3,0,,2026-07-28T20:59:58.201907,107260,6074,2465,6074,1134,6074,79,6074,2,6074,7,9647,2,1.028461399997468
3,0,,2026-07-28T20:59:59.230765,107536,6144,2527,6144,1100,6144,83,6144,3,6144,8,9620,1,1.0284623000043212
3,0,,2026-07-28T21:00:00.259386,107417,6010,2507,6010,1084,6010,96,6010,4,6010,2,9504,2,1.028272300012759
3,0,,2026-07-28T21:00:01.288835,107634,5999,2378,5999,1088,5999,90,5999,2,5999,5,9511,2,1.0290717000025325
3,0,,2026-07-28T21:00:02.317340,106947,5992,2471,5992,1087,5992,92,5992,3,5992,0,9571,1,1.028129700003774
3,0,,2026-07-28T21:00:03.346050,107077,6032,2479,6032,1104,6032,94,6032,2,6032,3,9518,3,1.028328500004136
3,0,,2026-07-28T21:00:04.375728,107209,5960,2456,5960,1103,5960,89,5960,1,5960,3,9568,2,1.0292468999978155
3,0,,2026-07-28T21:00:05.405499,107186,6003,2442,6003,1104,6003,87,6003,0,6003,1,9650,4,1.0293854999908945
3,0,,2026-07-28T21:00:06.433361,107146,5977,2432,5977,1117,5977,89,5977,1,5977,3,9698,4,1.027469699998619
3,0,,2026-07-28T21:00:07.461868,107746,5984,2430,5984,1116,5984,100,5984,2,5984,2,9664,1,1.02811539999675
3,0,,2026-07-28T21:00:08.491762,107373,6003,2421,6003,1128,6003,85,6003,3,6003,1,9505,3,1.0294972999981837
3,0,,2026-07-28T21:00:09.520637,107288,5927,2439,5927,1097,5927,86,5927,3,5927,1,9687,3,1.0284420999960275
3,0,,2026-07-28T21:00:10.546978,106980,6031,2455,6031,1070,6031,86,6031,4,6031,1,9466,6,1.025985500004026
3,0,,2026-07-28T21:00:11.575968,107506,5785,2387,5785,1052,5785,81,5785,3,5785,5,9591,4,1.0287673999991966
3,0,,2026-07-28T21:00:12.604563,107408,5848,2410,5848,1053,5848,103,5848,2,5848,4,9651,7,1.0282089000102133
3,0,,2026-07-28T21:00:13.633725,107577,5791,2409,5791,1075,5791,77,5791,4,5791,4,9635,5,1.028889799999888
3,0,,2026-07-28T21:00:14.662293,107435,5767,2396,5767,1047,5767,96,5767,5,5767,1,9536,1,1.0282554000004893
3,0,,2026-07-28T21:00:15.690840,107606,5976,2499,5976,1070,5976,83,5976,4,5976,4,9714,4,1.028192099998705
3,0,,2026-07-28T21:00:16.720334,107716,5916,2399,5916,1166,5916,78,5916,3,5916,7,9675,3,1.029066499992041
3,0,,2026-07-28T21:00:17.749245,107129,5905,2398,5905,1091,5905,99,5905,3,5905,3,9567,5,1.0284863999986555
3,0,,2026-07-28T21:00:18.778322,107388,5860,2331,5860,1113,5860,104,5860,2,5860,0,9754,2,1.028713300009258
3,0,,2026-07-28T21:00:19.807588,107227,5854,2389,5854,1053,5854,90,5854,6,5854,2,9763,3,1.02890849999676
3,0,,2026-07-28T21:00:20.837349,108017,5926,2467,5926,1069,5926,105,5926,6,5926,2,9624,5,1.029364700007136
3,0,,2026-07-28T21:00:21.866851,106886,5891,2466,5891,1053,5891,85,5891,4,5891,1,9570,5,1.0291429000062635
3,0,,2026-07-28T21:00:22.895676,107444,5825,2330,5825,1066,5825,98,5825,2,5825,3,9720,4,1.028488500000094
3,0,,2026-07-28T21:00:23.925100,107096,5848,2317,5848,1069,5848,89,5848,1,5848,3,9654,5,1.02903370000422
3,0,,2026-07-28T21:00:24.954361,107134,5936,2376,5936,1099,5936,76,5936,5,5936,1,9678,4,1.0289659999980358
3,0,,2026-07-28T21:00:25.983606,106709,5911,2414,5911,1097,5911,83,5911,3,5911,4,9436,4,1.0288850000069942
3,0,,2026-07-28T21:00:27.010046,106531,5943,2462,5943,1102,5943,79,5943,4,5943,5,9648,4,1.0260691000003135
3,0,,2026-07-28T21:00:28.036404,107266,5933,2401,5933,1087,5933,73,5933,3,5933,4,9567,5,1.0260449000052176
3,0,,2026-07-28T21:00:29.065211,106901,5991,2435,5991,1104,5991,99,5991,4,5991,4,9703,3,1.02857860000222
3,0,,2026-07-28T21:00:30.094596,107351,5857,2363,5857,1096,5857,81,5857,0,5857,0,9651,3,1.0290029999887338
3,0,,2026-07-28T21:00:31.123380,107079,5890,2394,5890,1074,5890,86,5890,2,5890,5,9600,3,1.028343700003461
3,0,,2026-07-28T21:00:32.151474,106874,5953,2390,5953,1073,5953,97,5953,4,5953,2,9584,5,1.0277008999983082
3,0,,2026-07-28T21:00:33.178354,107169,5950,2539,5950,1059,5950,104,5950,4,5950,0,9460,4,1.0265094000060344
3,0,,2026-07-28T21:00:34.207657,106966,5859,2355,5859,1118,5859,98,5859,3,5859,3,9414,1,1.0290095999953337
3,0,,2026-07-28T21:00:35.236374,107522,5902,2392,5902,1077,5902,95,5902,7,5902,4,9546,3,1.0283466999972006
3,0,,2026-07-28T21:00:36.265201,107723,5944,2458,5944,1155,5944,73,5944,4,5944,2,9598,3,1.0284679000033066
3,0,,2026-07-28T21:00:37.293829,107132,5889,2398,5889,1104,5889,94,5889,2,5889,1,9565,2,1.028191000004881
3,0,,2026-07-28T21:00:38.323040,107385,5879,2373,5879,1137,5879,94,5879,5,5879,7,9529,2,1.0288678999932017
3,0,,2026-07-28T21:00:39.351685,107126,5960,2420,5960,1121,5960,86,5960,4,5960,5,9551,3,1.028326300001936
3,0,,2026-07-28T21:00:40.381451,107046,5990,2463,5990,1122,5990,90,5990,1,5990,2,9584,4,1.0293776000034995
3,0,,2026-07-28T21:00:41.409934,107700,5971,2479,5971,1100,5971,88,5971,2,5971,3,9663,4,1.0281245000078343
3,0,,2026-07-28T21:00:42.438441,107241,5920,2433,5920,1079,5920,91,5920,4,5920,1,9536,3,1.028156799991848
3,0,,2026-07-28T21:00:43.466856,107618,6000,2389,6000,1126,6000,79,6000,3,6000,2,9583,2,1.028043099999195
3,0,,2026-07-28T21:00:44.495370,106843,5835,2363,5835,1054,5835,94,5835,4,5835,5,9529,3,1.0280464999959804
3,0,,2026-07-28T21:00:45.524484,107232,5821,2400,5821,1098,5821,87,5821,4,5821,2,9552,3,1.0287390000012238
3,0,,2026-07-28T21:00:46.553445,107386,6050,2412,6050,1165,6050,82,6050,2,6050,2,9463,2,1.0285853000095813
3,0,,2026-07-28T21:00:47.581524,107167,6014,2508,6014,1132,6014,85,6014,2,6014,1,9583,3,1.0277383000066038
3,0,,2026-07-28T21:00:48.609706,106920,6032,2421,6032,1099,6032,91,6032,5,6032,3,9755,2,1.0277805999940028
3,0,,2026-07-28T21:00:49.638755,107080,5959,2421,5959,1106,5959,100,5959,3,5959,5,9593,4,1.028611000001547
3,0,,2026-07-28T21:00:50.668470,108077,5813,2396,5813,1084,5813,83,5813,0,5813,1,9586,6,1.0294144000072265
3,0,,2026-07-28T21:00:51.695490,107122,5782,2417,5782,1033,5782,70,5782,1,5782,2,9658,5,1.0267641999962507
3,0,,2026-07-28T21:00:52.724652,107025,6020,2454,6020,1074,6020,91,6020,8,6020,3,9515,4,1.0287890999898082
3,0,,2026-07-28T21:00:53.752584,106957,5923,2494,5923,1108,5923,86,5923,7,5923,2,9493,8,1.027530299994396
3,0,,2026-07-28T21:00:54.781447,107145,6107,2536,6107,1082,6107,91,6107,2,6107,2,9512,4,1.0285030999948503
3,0,,2026-07-28T21:00:55.810899,106963,5915,2407,5915,1124,5915,78,5915,4,5915,2,9729,4,1.0290735000016866
3,0,,2026-07-28T21:00:56.839655,107097,5884,2367,5884,1112,5884,73,5884,5,5884,4,9519,4,1.0283493000024464
3,0,,2026-07-28T21:00:57.868748,107861,5885,2382,5885,1065,5885,98,5885,2,5885,1,9509,8,1.028752499987604
3,0,,2026-07-28T21:00:58.898042,107461,6019,2500,6019,1052,6019,91,6019,3,6019,5,9725,4,1.0289183999993838
3,0,,2026-07-28T21:00:59.927250,107633,5918,2476,5918,1078,5918,97,5918,1,5918,3,9415,4,1.0288870000076713
3,0,,2026-07-28T21:01:00.956154,107205,6007,2386,6007,1121,6007,113,6007,7,6007,1,9645,7,1.0285875999979908
3,0,,2026-07-28T21:01:01.984771,107220,5864,2387,5864,1073,5864,97,5864,0,5864,1,9614,6,1.0282287000009092
3,0,,2026-07-28T21:01:03.013946,107459,5864,2367,5864,1088,5864,105,5864,2,5864,3,9809,1,1.0287403999973321
3,0,,2026-07-28T21:01:04.043937,107107,5926,2396,5926,1093,5926,88,5926,3,5926,6,9647,6,1.029627399999299
3,0,,2026-07-28T21:01:05.072853,107321,5892,2384,5892,1089,5892,81,5892,4,5892,3,9702,6,1.0285452000098303
3,0,,2026-07-28T21:01:06.102621,107134,6050,2388,6050,1129,6050,87,6050,7,6050,4,9444,4,1.0293277000018861
3,0,,2026-07-28T21:01:07.131062,108249,5787,2390,5787,1024,5787,94,5787,2,5787,3,9629,2,1.0280985999997938
3,0,,2026-07-28T21:01:08.159552,106877,5878,2358,5878,1099,5878,82,5878,6,5878,4,9555,1,1.0281160000013188
3,0,,2026-07-28T21:01:09.187864,107284,5866,2415,5866,1083,5866,102,5866,3,5866,6,9612,1,1.0279420000006212
3,0,,2026-07-28T21:01:10.217024,107491,5980,2424,5980,1119,5980,104,5980,0,5980,2,9563,3,1.0287669999961508
3,0,,2026-07-28T21:01:11.245241,107328,5883,2352,5883,1125,5883,112,5883,1,5883,2,9555,6,1.0278217000013683
3,0,,2026-07-28T21:01:12.271936,107092,5890,2404,5890,1100,5890,89,5890,3,5890,3,9512,4,1.0264280999981565
3,0,,2026-07-28T21:01:13.299639,107150,6054,2534,6054,1142,6054,90,6054,5,6054,4,9369,3,1.0273622000095202
3,0,,2026-07-28T21:01:14.329490,108118,6016,2498,6016,1094,6016,107,6016,1,6016,0,9716,2,1.0295591000030981
3,0,,2026-07-28T21:01:15.357904,107664,5986,2456,5986,1163,5986,108,5986,3,5986,2,9440,5,1.0280562999978429
3,0,,2026-07-28T21:01:16.386426,107096,5919,2466,5919,1069,5919,68,5919,4,5919,3,9681,8,1.0281864999997197
3,0,,2026-07-28T21:01:17.416243,107427,5947,2471,5947,1103,5947,80,5947,6,5947,1,9687,7,1.029415600001812
3,0,,2026-07-28T21:01:18.446277,107593,5938,2420,5938,1148,5938,78,5938,8,5938,5,9666,3,1.0296449000015855
3,0,,2026-07-28T21:01:19.474635,107218,5999,2421,5999,1115,5999,99,5999,4,5999,3,9785,7,1.0280465999967419
3,0,,2026-07-28T21:01:20.503123,107999,5971,2497,5971,1075,5971,77,5971,5,5971,3,9636,5,1.0281375000049593
3,0,,2026-07-28T21:01:21.531728,107204,5982,2432,5982,1132,5982,83,5982,5,5982,1,9669,3,1.028200000000652
3,0,,2026-07-28T21:01:22.562416,107347,5918,2437,5918,1063,5918,92,5918,3,5918,6,9618,3,1.0302510000037728
3,0,,2026-07-28T21:01:23.592418,107196,6083,2392,6083,1131,6083,88,6083,3,6083,2,9479,4,1.0294924000045285
3,0,,2026-07-28T21:01:24.621466,107572,5901,2473,5901,1066,5901,96,5901,3,5901,3,9748,4,1.0287107999902219
3,0,,2026-07-28T21:01:25.650614,106979,5873,2319,5873,1082,5873,102,5873,1,5873,1,9600,7,1.0287764000095194
3,0,,2026-07-28T21:01:26.679858,107496,6003,2438,6003,1121,6003,114,6003,1,6003,3,9701,4,1.0288824000017485
3,0,,2026-07-28T21:01:27.710219,107354,5907,2350,5907,1113,5907,108,5907,3,5907,5,9556,6,1.0299650999950245
3,0,,2026-07-28T21:01:28.739452,107924,5901,2461,5901,1043,5901,99,5901,3,5901,3,9459,6,1.0288727000006475
3,0,,2026-07-28T21:01:29.769050,107584,5940,2375,5940,1097,5940,101,5940,4,5940,1,9498,5,1.0291277000069385
3,0,,2026-07-28T21:01:30.798985,107280,6031,2503,6031,1074,6031,84,6031,3,6031,1,9646,7,1.029579800000647
3,0,,2026-07-28T21:01:31.828053,107697,5966,2405,5966,1089,5966,93,5966,6,5966,2,9684,5,1.0287040999974124
3,0,,2026-07-28T21:01:32.857009,107632,5853,2377,5853,1079,5853,94,5853,5,5853,4,9570,2,1.0286003000073833
3,0,,2026-07-28T21:01:33.884016,106726,5970,2491,5970,1086,5970,88,5970,1,5970,2,9532,2,1.0266675000020768
3,0,,2026-07-28T21:01:34.911352,107120,5968,2387,5968,1147,5968,96,5968,7,5968,1,9572,3,1.027064199995948
3,0,,2026-07-28T21:01:35.938859,106692,6012,2414,6012,1122,6012,96,6012,2,6012,3,9539,4,1.027257699999609
3,0,,2026-07-28T21:01:36.966340,107589,5930,2448,5930,1064,5930,94,5930,3,5930,5,9766,6,1.0272222999919904
3,0,,2026-07-28T21:01:37.993893,107370,6037,2482,6037,1148,6037,98,6037,5,6037,2,9493,6,1.0273480000032578
3,0,,2026-07-28T21:01:39.022399,107309,6033,2433,6033,1095,6033,79,6033,2,6033,0,9662,5,1.0282351999921957
3,0,,2026-07-28T21:01:40.049498,107039,5807,2403,5807,1087,5807,88,5807,3,5807,3,9337,3,1.0267917000019224
3,0,,2026-07-28T21:01:41.076836,107560,5988,2412,5988,1131,5988,88,5988,3,5988,2,9573,3,1.0271347000089008
3,0,,2026-07-28T21:01:42.103923,107536,5987,2479,5987,1092,5987,89,5987,0,5987,2,9488,8,1.0268626999895787
3,0,,2026-07-28T21:01:43.131037,106971,5910,2401,5910,1115,5910,102,5910,6,5910,2,9501,6,1.0268467999994755
3,0,,2026-07-28T21:01:44.159556,106657,6075,2438,6075,1169,6075,107,6075,1,6075,2,9522,7,1.028206200004206
3,0,,2026-07-28T21:01:45.187952,107438,5903,2379,5903,1113,5903,106,5903,1,5903,1,9423,8,1.0281364000111353
3,0,,2026-07-28T21:01:46.217364,107260,6126,2411,6126,1170,6126,87,6126,6,6126,4,9473,4,1.0290336000034586
3,0,,2026-07-28T21:01:47.245596,107407,5781,2322,5781,1065,5781,92,5781,5,5781,3,9751,3,1.0278558999998495
3,0,,2026-07-28T21:01:48.273771,107324,5900,2420,5900,1097,5900,72,5900,3,5900,3,9767,4,1.0277842999930726
3,0,,2026-07-28T21:01:49.302354,106910,5947,2379,5947,1049,5947,88,5947,2,5947,3,9604,4,1.0281915999948978
3,0,,2026-07-28T21:01:50.330335,107148,5959,2447,5959,1115,5959,81,5959,5,5959,4,9645,2,1.0276313999929698
3,0,,2026-07-28T21:01:51.356685,106912,5874,2342,5874,1086,5874,93,5874,2,5874,0,9476,3,1.0260147000080906
3,0,,2026-07-28T21:01:52.386145,106887,5961,2475,5961,1027,5961,87,5961,3,5961,6,9579,4,1.0291970999969635
3,0,,2026-07-28T21:01:53.415265,107538,5841,2403,5841,1066,5841,97,5841,4,5841,5,9766,4,1.0286762000032468
3,0,,2026-07-28T21:01:54.443519,106862,5877,2342,5877,1083,5877,82,5877,3,5877,1,9526,9,1.0279687999864109
3,0,,2026-07-28T21:01:55.470675,107570,5994,2383,5994,1143,5994,88,5994,2,5994,4,9666,6,1.026804399996763
3,0,,2026-07-28T21:01:56.499861,106928,6047,2415,6047,1112,6047,90,6047,6,6047,2,9534,7,1.028859400001238
3,0,,2026-07-28T21:01:57.538460,107887,5933,2468,5933,1102,5933,92,5933,0,5933,1,9467,5,1.0383967000088887
3,0,,2026-07-28T21:01:58.571178,107904,5976,2449,5976,1125,5976,83,5976,2,5976,1,9710,3,1.0271001999935834
3,0,,2026-07-28T21:01:59.597970,107089,5953,2377,5953,1129,5953,102,5953,5,5953,4,9517,5,1.0265561999985948
3,0,,2026-07-28T21:02:00.624908,106949,5884,2396,5884,1056,5884,98,5884,3,5884,1,9588,2,1.0266807000007248
3,0,,2026-07-28T21:02:01.651676,107320,5920,2443,5920,1100,5920,90,5920,3,5920,5,9563,1,1.0264955000020564
3,0,,2026-07-28T21:02:02.678495,107352,5928,2421,5928,1065,5928,104,5928,4,5928,0,9518,5,1.026598999989801
3,0,,2026-07-28T21:02:03.705443,106813,5765,2294,5765,1061,5765,83,5765,3,5765,1,9460,2,1.0267984999954933
3,0,,2026-07-28T21:02:04.732881,106901,5945,2426,5945,1089,5945,83,5945,6,5945,3,9546,4,1.027156299998751
3,0,,2026-07-28T21:02:05.761924,107330,5855,2396,5855,1073,5855,92,5855,2,5855,4,9553,7,1.0287805999978445
3,0,,2026-07-28T21:02:06.788920,107464,5961,2397,5961,1084,5961,75,5961,1,5961,4,9591,8,1.0266009000042686
3,0,,2026-07-28T21:02:07.816672,107314,6004,2518,6004,1077,6004,100,6004,2,6004,2,9633,5,1.0276132999861147
3,0,,2026-07-28T21:02:08.845432,106857,5988,2522,5988,1098,5988,92,5988,3,5988,1,9657,5,1.0283675999962725
3,0,,2026-07-28T21:02:09.873137,107227,5957,2440,5957,1072,5957,87,5957,3,5957,4,9505,0,1.0272915999958059
3,0,,2026-07-28T21:02:10.902531,107400,5836,2359,5836,1046,5836,81,5836,2,5836,1,9693,2,1.0290891000040574
3,0,,2026-07-28T21:02:11.931672,107026,5801,2380,5801,1048,5801,92,5801,3,5801,7,9662,2,1.0287821999954758
3,0,,2026-07-28T21:02:12.961505,107747,6014,2455,6014,1131,6014,81,6014,4,6014,2,9572,4,1.0293953999935184
3,0,,2026-07-28T21:02:13.990223,107499,5867,2365,5867,1075,5867,81,5867,3,5867,4,9720,6,1.0283341000031214
3,0,,2026-07-28T21:02:15.019176,107145,5809,2394,5809,1084,5809,90,5809,3,5809,1,9469,5,1.028608599997824
3,0,,2026-07-28T21:02:16.047764,107883,5982,2403,5982,1127,5982,100,5982,6,5982,2,9483,2,1.0282367000036174
3,0,,2026-07-28T21:02:17.076116,107170,5895,2403,5895,1104,5895,93,5895,1,5895,3,9486,2,1.0280087999999523
3,0,,2026-07-28T21:02:18.104659,107117,6049,2370,6049,1154,6049,86,6049,2,6049,2,9547,4,1.0283099000080256
3,0,,2026-07-28T21:02:19.132550,107268,6029,2433,6029,1143,6029,76,6029,2,6029,2,9455,5,1.0276057000010042
3,0,,2026-07-28T21:02:20.165413,108393,6028,2447,6028,1152,6028,109,6028,7,6028,2,9636,4,1.0325327000027755
3,0,,2026-07-28T21:02:21.194767,107212,5800,2358,5800,1061,5800,90,5800,3,5800,1,9596,7,1.0290247999946587
3,0,,2026-07-28T21:02:22.224741,107435,5919,2416,5919,1103,5919,90,5919,3,5919,2,9604,3,1.0296119999984512
3,0,,2026-07-28T21:02:23.251338,107678,5973,2408,5973,1177,5973,86,5973,7,5973,2,9674,6,1.0262908000004245
3,0,,2026-07-28T21:02:24.279258,106551,5913,2428,5913,1036,5913,84,5913,2,5913,3,9596,3,1.0276446999923792
3,0,,2026-07-28T21:02:25.308337,106908,5990,2380,5990,1126,5990,95,5990,6,5990,6,9467,2,1.0287735000019893
3,0,,2026-07-28T21:02:26.336344,107568,6061,2450,6061,1098,6061,73,6061,1,6061,1,9634,4,1.0276542000065092
3,0,,2026-07-28T21:02:27.365082,106757,6011,2508,6011,1095,6011,82,6011,2,6011,4,9596,3,1.0284147000056691
3,0,,2026-07-28T21:02:28.394366,107155,5939,2471,5939,1064,5939,77,5939,4,5939,2,9664,1,1.0289160999964224
3,0,,2026-07-28T21:02:29.423317,107134,5891,2399,5891,1077,5891,90,5891,3,5891,4,9573,9,1.0285768000030657
3,0,,2026-07-28T21:02:30.451616,107393,5893,2337,5893,1146,5893,87,5893,5,5893,3,9493,3,1.0279259999952046
3,0,,2026-07-28T21:02:31.478338,107191,5899,2485,5899,1053,5899,93,5899,2,5899,1,9638,7,1.0264729999908013
3,0,,2026-07-28T21:02:32.505833,107106,5886,2389,5886,1087,5886,85,5886,1,5886,2,9549,3,1.0273329000046942
3,0,,2026-07-28T21:02:33.533805,106882,5879,2436,5879,1057,5879,83,5879,3,5879,3,9661,2,1.0276379999995697
3,0,,2026-07-28T21:02:34.561117,107750,5946,2461,5946,1109,5946,75,5946,1,5946,2,9658,4,1.026560199999949
3,0,,2026-07-28T21:02:35.589066,107131,5879,2387,5879,1103,5879,91,5879,2,5879,5,9552,4,1.0277837000030559
3,0,,2026-07-28T21:02:36.616806,107596,5911,2393,5911,1116,5911,100,5911,1,5911,1,9685,7,1.0274109000019962
3,0,,2026-07-28T21:02:37.644950,107851,6016,2411,6016,1140,6016,92,6016,6,6016,1,9459,1,1.0278954999957932
3,0,,2026-07-28T21:02:38.672983,106986,5823,2417,5823,1032,5823,100,5824,5,5824,0,9511,4,1.02787740000349
3,0,,2026-07-28T21:02:39.701839,107723,5817,2342,5817,1111,5817,103,5816,5,5816,1,9807,4,1.0284938999975566
3,0,,2026-07-28T21:02:40.729339,107523,5968,2447,5968,1098,5968,86,5968,4,5968,3,9768,5,1.0271785999939311
3,0,,2026-07-28T21:02:41.756707,107010,5740,2343,5740,1071,5740,94,5740,4,5740,2,9606,4,1.0271457999915583
3,0,,2026-07-28T21:02:42.784239,106668,5986,2436,5986,1162,5986,76,5986,3,5986,4,9466,5,1.0272687999968184
3,0,,2026-07-28T21:02:43.811682,106696,5843,2395,5843,1056,5843,70,5843,3,5843,1,9613,6,1.027168200002052
3,0,,2026-07-28T21:02:44.838464,106824,5909,2454,5909,1105,5909,83,5909,2,5909,3,9541,3,1.0266324000112945
3,0,,2026-07-28T21:02:45.865632,107102,5991,2436,5991,1129,5991,96,5991,2,5991,4,9677,4,1.0268991999910213
3,0,,2026-07-28T21:02:46.892490,107357,6092,2460,6092,1154,6092,87,6092,3,6092,1,9626,3,1.0265910999878542
3,0,,2026-07-28T21:02:47.920586,107173,5956,2451,5956,1170,5956,91,5956,2,5956,3,9556,3,1.027602799993474
3,0,,2026-07-28T21:02:48.947789,107431,5978,2416,5978,1061,5978,79,5978,3,5978,2,9521,5,1.026319099997636
3,0,,2026-07-28T21:02:49.974626,106652,5884,2337,5884,1096,5884,85,5884,2,5884,2,9223,5,1.0265588000038406
3,0,,2026-07-28T21:02:51.001523,107402,5984,2417,5984,1177,5984,89,5984,2,5984,8,9581,3,1.026681400006055
3,0,,2026-07-28T21:02:52.029535,107487,6034,2478,6034,1081,6034,91,6034,1,6034,2,9539,6,1.0277689000067767
3,0,,2026-07-28T21:02:53.057755,106992,5892,2435,5892,1072,5892,86,5892,4,5892,3,9567,6,1.027846099997987
3,0,,2026-07-28T21:02:54.087063,107295,5997,2429,5997,1132,5997,84,5997,2,5997,3,9580,8,1.0289990000019316
3,0,,2026-07-28T21:02:55.114128,107834,5948,2437,5948,1052,5948,102,5948,2,5948,5,9466,2,1.026701900002081
3,0,,2026-07-28T21:02:56.142548,106878,5911,2436,5911,1132,5911,83,5911,2,5911,3,9511,6,1.0280823000066448
3,0,,2026-07-28T21:02:57.171796,107651,5892,2392,5892,1067,5892,87,5892,5,5892,2,9562,2,1.0288767000020016
3,0,,2026-07-28T21:02:58.199879,107293,5914,2382,5914,1093,5914,95,5914,2,5914,5,9758,6,1.0277210000058403
3,0,,2026-07-28T21:02:59.228480,106882,5903,2436,5903,1040,5903,76,5903,4,5903,4,9629,5,1.0282663999969373
3,0,,2026-07-28T21:03:00.255161,106635,5938,2418,5938,1085,5938,85,5938,1,5938,1,9587,4,1.0263173999992432
3,0,,2026-07-28T21:03:01.283103,107114,5795,2287,5795,1116,5795,99,5795,1,5795,4,9451,6,1.027644899993902
3,0,,2026-07-28T21:03:02.311474,106628,5993,2422,5993,1104,5993,89,5993,4,5993,8,9663,1,1.0281028000026708
3,0,,2026-07-28T21:03:03.340030,107625,6026,2408,6026,1116,6026,99,6026,5,6027,3,9629,1,1.0282045000058133
3,0,,2026-07-28T21:03:04.368531,107532,6093,2471,6093,1144,6093,84,6093,1,6092,3,9481,9,1.0280597000091802
3,0,,2026-07-28T21:03:05.397407,107176,6075,2449,6075,1169,6075,91,6075,1,6075,5,9628,4,1.0285619999922346
3,0,,2026-07-28T21:03:06.425925,107119,6106,2471,6106,1150,6106,102,6106,5,6106,5,9591,3,1.0281418999948073
3,0,,2026-07-28T21:03:07.455042,107244,5890,2415,5890,1095,5890,79,5890,2,5890,1,9702,8,1.028641199998674
3,0,,2026-07-28T21:03:08.481348,107366,5949,2466,5949,1059,5949,74,5949,4,5949,1,9611,4,1.0259592999937013
3,0,,2026-07-28T21:03:09.508628,107476,5889,2344,5889,1131,5889,81,5889,1,5889,1,9524,7,1.0271479999937583
3,0,,2026-07-28T21:03:10.535413,107097,5886,2357,5886,1069,5886,77,5886,3,5886,5,9536,1,1.0266253000008874
3,0,,2026-07-28T21:03:11.562386,107836,6002,2465,6002,1111,6002,90,6002,4,6002,5,9463,2,1.0267265000002226
3,0,,2026-07-28T21:03:12.589215,106860,5868,2425,5868,1052,5868,74,5868,2,5868,2,9731,5,1.026562400002149
3,0,,2026-07-28T21:03:13.616195,106499,5825,2398,5825,1046,5825,91,5825,4,5825,3,9515,3,1.0267210000019986
3,0,,2026-07-28T21:03:14.644068,106853,5919,2408,5919,1050,5919,103,5919,3,5919,1,9431,8,1.0276106000092113
3,0,,2026-07-28T21:03:15.670883,107307,6072,2471,6072,1069,6072,83,6072,4,6072,2,9611,2,1.0265461999952095
3,0,,2026-07-28T21:03:16.697843,107121,5949,2398,5949,1109,5949,71,5949,4,5949,0,9614,6,1.0267347000044538
3,0,,2026-07-28T21:03:17.725183,107150,5852,2403,5852,1103,5852,80,5852,3,5853,3,9534,8,1.02709020000475
3,0,,2026-07-28T21:03:18.764672,106928,5994,2416,5994,1134,5994,92,5994,0,5993,3,9381,4,1.0392600000050152
3,0,,2026-07-28T21:03:19.799744,109293,5884,2412,5884,1098,5884,95,5884,6,5884,4,9748,7,1.028146700002253
3,0,,2026-07-28T21:03:20.827433,107219,6050,2427,6050,1080,6050,95,6050,1,6050,1,9520,6,1.0273608999996213
3,0,,2026-07-28T21:03:21.854921,107056,5955,2442,5955,1096,5955,82,5955,3,5955,2,9637,5,1.027204600002733
3,0,,2026-07-28T21:03:22.883435,107447,5978,2498,5978,1110,5978,95,5978,2,5978,1,9730,7,1.0281883999996353
3,0,,2026-07-28T21:03:23.913212,107148,5913,2393,5913,1103,5913,84,5913,5,5913,1,9464,1,1.0294195000024047
3,0,,2026-07-28T21:03:24.941876,106404,5978,2445,5978,1092,5978,82,5978,5,5978,3,9576,5,1.0282929000095464
3,0,,2026-07-28T21:03:25.970452,106965,5980,2412,5980,1120,5980,87,5980,3,5980,4,9576,6,1.028205100010382
3,0,,2026-07-28T21:03:26.999629,107538,5957,2473,5957,1094,5957,98,5957,1,5957,2,9666,3,1.0287714000005508
3,0,,2026-07-28T21:03:28.028624,107387,5726,2284,5726,1019,5726,106,5726,1,5726,6,9741,1,1.0286654999945313
3,0,,2026-07-28T21:03:29.056267,107252,5891,2454,5891,1109,5891,90,5891,3,5891,4,9617,5,1.0273221000097692
3,0,,2026-07-28T21:03:30.085069,106430,5965,2430,5965,1112,5965,107,5965,3,5965,1,9414,5,1.0284018999955151
3,0,,2026-07-28T21:03:31.114430,107494,6084,2466,6084,1111,6084,100,6084,4,6084,8,9507,5,1.0289442999928724
3,0,,2026-07-28T21:03:32.143028,106957,5920,2420,5920,1055,5920,106,5920,0,5920,6,9416,5,1.0281681999913417
3,0,,2026-07-28T21:03:33.171964,108037,5848,2439,5848,1102,5848,88,5848,3,5848,2,9576,7,1.0285090999968816
3,0,,2026-07-28T21:03:34.200850,107822,6047,2484,6047,1087,6047,80,6047,5,6047,4,9546,3,1.0284630999958608
3,0,,2026-07-28T21:03:35.230408,107485,5942,2386,5942,1086,5942,92,5942,1,5942,3,9487,6,1.0291203999950085
3,0,,2026-07-28T21:03:36.258488,107122,6004,2452,6004,1110,6004,72,6004,2,6004,1,9768,6,1.027702199993655
3,0,,2026-07-28T21:03:37.286359,107218,5993,2390,5993,1113,5993,78,5993,5,5993,5,9697,4,1.0275645000074292
3,0,,2026-07-28T21:03:38.315242,107052,5974,2388,5974,1110,5974,97,5974,3,5974,2,9486,3,1.028500400003395
3,0,,2026-07-28T21:03:39.344587,107467,5902,2361,5902,1125,5902,84,5902,2,5902,2,9413,8,1.0290014000056544
3,0,,2026-07-28T21:03:40.373062,106990,5796,2385,5796,1058,5796,88,5796,4,5796,6,9512,2,1.0280644000013126
3,0,,2026-07-28T21:03:41.401865,107648,5954,2470,5954,1092,5954,62,5954,2,5954,2,9470,7,1.0284544000023743
3,0,,2026-07-28T21:03:42.430852,107363,5912,2390,5912,1101,5912,79,5912,1,5912,3,9570,2,1.0286274000100093
3,0,,2026-07-28T21:03:43.459626,106998,5906,2363,5906,1087,5906,101,5906,2,5906,3,9692,4,1.0284029000031296
3,0,,2026-07-28T21:03:44.486238,107696,5978,2444,5978,1104,5978,90,5978,0,5978,0,9569,4,1.0262340000044787
3,0,,2026-07-28T21:03:45.512606,107238,5898,2381,5898,1052,5898,92,5898,4,5898,0,9286,5,1.0262296000000788
3,0,,2026-07-28T21:03:46.538400,106807,6066,2511,6066,1123,6066,85,6066,3,6066,3,9507,8,1.0255842000042321
3,0,,2026-07-28T21:03:47.564516,106992,5965,2447,5965,1138,5965,100,5965,4,5965,2,9694,0,1.0259625000035157
3,0,,2026-07-28T21:03:48.591892,106833,5875,2318,5875,1064,5875,92,5875,5,5875,8,9511,3,1.0271467999991728
3,0,,2026-07-28T21:03:49.620685,107422,5898,2443,5898,1053,5898,93,5898,5,5898,3,9579,0,1.0284078999975463
3,0,,2026-07-28T21:03:50.649675,107342,6107,2452,6107,1127,6107,91,6107,2,6107,3,9595,4,1.028591199996299
3,0,,2026-07-28T21:03:51.678398,107733,6074,2489,6074,1081,6074,90,6074,2,6074,5,9689,4,1.0283421999920392
3,0,,2026-07-28T21:03:52.707241,107763,5974,2467,5974,1076,5974,105,5974,3,5974,2,9663,5,1.0285073999984888
3,0,,2026-07-28T21:03:53.736005,107271,5929,2399,5929,1064,5929,93,5929,3,5929,5,9694,5,1.0284467000019504
3,0,,2026-07-28T21:03:54.764504,107180,6025,2442,6025,1123,6025,92,6025,3,6025,3,9703,1,1.0281156999990344
3,0,,2026-07-28T21:03:55.793003,107554,5994,2442,5994,1132,5994,82,5994,2,5994,5,9653,3,1.0281550999934552
3,0,,2026-07-28T21:03:56.822206,107321,6026,2473,6026,1088,6026,94,6026,6,6026,4,9586,6,1.0288506999931997
3,0,,2026-07-28T21:03:57.851292,107230,5968,2452,5968,1126,5968,81,5968,3,5968,3,9729,3,1.0287099999986822
3,0,,2026-07-28T21:03:58.880160,106431,5914,2462,5914,1119,5914,81,5914,0,5914,1,9686,3,1.028504999994766
3,0,,2026-07-28T21:03:59.908851,106382,5910,2461,5910,1039,5910,84,5910,5,5910,1,9570,8,1.0282967999955872
3,0,,2026-07-28T21:04:00.938057,107042,5815,2362,5815,1065,5815,69,5815,3,5815,3,9664,5,1.028769900003681
3,0,,2026-07-28T21:04:01.967055,107135,5841,2431,5841,1122,5841,78,5841,1,5841,3,9657,3,1.0286196999950334
3,0,,2026-07-28T21:04:02.995715,107018,5906,2447,5906,1055,5906,86,5906,3,5906,1,9616,3,1.0282533999998122
3,0,,2026-07-28T21:04:04.024450,107296,5939,2419,5939,1139,5939,87,5939,1,5939,2,9459,1,1.0284261000051629
3,0,,2026-07-28T21:04:05.053682,108185,5995,2450,5995,1128,5995,91,5995,6,5995,2,9710,1,1.028870200010715
3,0,,2026-07-28T21:04:06.081326,106971,5957,2410,5957,1089,5957,86,5957,1,5957,2,9590,4,1.027324700000463
3,0,,2026-07-28T21:04:07.132131,106565,5956,2354,5956,1097,5956,83,5956,2,5956,1,9471,5,1.0506140000070445
3,0,,2026-07-28T21:04:08.161167,109483,6049,2482,6049,1125,6049,85,6049,4,6049,5,9671,2,1.0287682000052882
3,0,,2026-07-28T21:04:09.190513,107445,5943,2386,5943,1144,5943,92,5943,4,5943,4,9821,2,1.0290234999993118
3,0,,2026-07-28T21:04:10.218859,107265,5913,2395,5913,1091,5913,91,5913,7,5913,3,9685,3,1.0279472999973223
3,0,,2026-07-28T21:04:11.247629,107355,5967,2418,5967,1108,5967,89,5967,7,5967,6,9642,4,1.028439999994589
3,0,,2026-07-28T21:04:12.273019,107039,5984,2499,5984,1144,5984,96,5984,4,5984,1,9690,1,1.0250655999989249
3,0,,2026-07-28T21:04:13.301616,107551,6054,2447,6054,1128,6054,107,6054,3,6054,1,9667,3,1.028431599988835
3,0,,2026-07-28T21:04:14.328976,107084,5934,2508,5934,1066,5934,82,5934,6,5934,2,9679,1,1.0269574999983888
3,0,,2026-07-28T21:04:15.356798,106824,5802,2388,5802,1077,5802,73,5802,3,5802,2,9530,6,1.0274866999970982
3,0,,2026-07-28T21:04:16.385165,107090,5842,2349,5842,1069,5842,92,5842,0,5842,4,9602,3,1.0279626999981701
3,0,,2026-07-28T21:04:17.414189,106929,6021,2426,6021,1109,6021,94,6021,3,6021,3,9531,9,1.028736000007484
3,0,,2026-07-28T21:04:18.442140,106915,5985,2407,5985,1071,5985,87,5985,7,5985,5,9641,2,1.027588899989496
3,0,,2026-07-28T21:04:19.470288,106827,5957,2447,5957,1091,5957,101,5957,3,5957,5,9492,6,1.027865500000189
3,0,,2026-07-28T21:04:20.498671,107100,5938,2410,5938,1136,5938,84,5938,1,5938,3,9472,6,1.0280824999936158
3,0,,2026-07-28T21:04:21.527354,107639,6018,2470,6018,1134,6018,75,6018,3,6018,2,9718,3,1.0283095000049798
3,0,,2026-07-28T21:04:22.554557,107074,5895,2353,5895,1140,5895,88,5895,6,5895,2,9452,2,1.026855499992962
3,0,,2026-07-28T21:04:23.584213,106954,5952,2437,5952,1077,5952,82,5952,2,5952,3,9577,2,1.0293665999924997
3,0,,2026-07-28T21:04:24.613378,107262,5797,2346,5797,1120,5797,81,5797,3,5797,4,9710,4,1.028787300005206
3,0,,2026-07-28T21:04:25.642353,107315,5906,2412,5906,1063,5906,67,5906,5,5906,4,9608,7,1.0285746000008658
3,0,,2026-07-28T21:04:26.671350,107280,5930,2401,5930,1102,5930,104,5930,2,5930,3,9520,7,1.0286109000007855
3,0,,2026-07-28T21:04:27.699281,106671,5860,2456,5860,1068,5860,79,5860,2,5860,4,9773,8,1.0275772000022698
3,0,,2026-07-28T21:04:28.729246,106824,5905,2432,5905,1075,5905,87,5905,3,5905,3,9757,2,1.029607100004796
3,0,,2026-07-28T21:04:29.758613,106963,5966,2478,5966,1133,5966,109,5966,6,5966,1,9686,7,1.0289098999928683
3,0,,2026-07-28T21:04:30.786648,107842,5876,2376,5876,1135,5876,95,5876,3,5876,4,9484,1,1.0276704999996582
3,0,,2026-07-28T21:04:31.813585,107384,5980,2432,5980,1113,5980,93,5980,1,5980,2,9547,6,1.026710699996329
3,0,,2026-07-28T21:04:32.842464,107131,5970,2501,5970,1091,5970,100,5970,2,5970,5,9655,3,1.0285917000001064
3,0,,2026-07-28T21:04:33.871650,106925,5994,2433,5994,1129,5994,96,5994,3,5994,5,9597,4,1.0288372000068193
3,0,,2026-07-28T21:04:34.900715,106940,5883,2345,5883,1084,5883,85,5883,1,5883,3,9607,2,1.0286876000027405
3,0,,2026-07-28T21:04:35.930177,107245,5888,2420,5888,1082,5888,98,5888,2,5888,5,9436,4,1.029079499989166
3,0,,2026-07-28T21:04:36.959633,107451,5986,2438,5986,1080,5986,80,5986,3,5986,1,9424,3,1.0290469999890774
3,0,,2026-07-28T21:04:37.988913,107382,6124,2498,6124,1123,6124,94,6124,1,6124,2,9625,4,1.0289046000107192
3,0,,2026-07-28T21:04:39.017529,107162,6005,2460,6005,1156,6005,77,6005,4,6005,3,9504,2,1.0281893000064883
3,0,,2026-07-28T21:04:40.046168,107324,6028,2466,6028,1104,6028,88,6028,4,6028,1,9349,5,1.028234599987627
3,0,,2026-07-28T21:04:41.074754,106474,5877,2407,5877,1109,5877,95,5877,4,5877,1,9709,5,1.0282062999904156
3,0,,2026-07-28T21:04:42.104175,107125,5843,2263,5843,1127,5843,96,5843,3,5843,3,9674,5,1.029020500005572
3,0,,2026-07-28T21:04:43.133486,107430,5986,2438,5986,1075,5986,90,5986,3,5986,2,9541,4,1.0289456000027712
3,0,,2026-07-28T21:04:44.162689,107815,6043,2489,6043,1122,6043,85,6043,3,6043,5,9609,4,1.0289086999982828
3,0,,2026-07-28T21:04:45.191815,107429,6055,2401,6055,1094,6055,87,6055,2,6055,2,9555,2,1.0287684999930207
3,0,,2026-07-28T21:04:46.220144,107161,5847,2350,5847,1090,5847,87,5847,3,5847,3,9524,2,1.02791290001187
3,0,,2026-07-28T21:04:47.249547,107613,5823,2334,5823,1077,5823,105,5823,6,5823,1,9493,5,1.029058400003123
3,0,,2026-07-28T21:04:48.279256,107715,5907,2415,5907,1149,5907,77,5907,3,5907,7,9531,1,1.0292707000044174
3,0,,2026-07-28T21:04:49.307694,107806,5910,2340,5910,1081,5910,117,5910,4,5910,2,9602,2,1.02812200000335
3,0,,2026-07-28T21:04:50.334605,107132,5905,2387,5905,1039,5905,88,5905,3,5905,4,9779,3,1.0265887999994447
3,0,,2026-07-28T21:04:51.363897,106881,5978,2415,5978,1082,5978,110,5978,1,5978,1,9783,5,1.0289803999912692
3,0,,2026-07-28T21:04:52.393032,107414,5936,2420,5936,1092,5936,74,5936,4,5936,2,9683,8,1.0287205000058748
3,0,,2026-07-28T21:04:53.420665,107456,6011,2494,6011,1102,6011,86,6011,4,6011,2,9682,6,1.0272960000002058
3,0,,2026-07-28T21:04:54.449288,106829,6068,2415,6068,1145,6068,91,6068,5,6068,4,9580,7,1.0282890000089537
3,0,,2026-07-28T21:04:55.476107,107670,6017,2509,6017,1080,6017,97,6017,2,6017,1,9717,8,1.0265597999969032
3,0,,2026-07-28T21:04:56.502506,106624,5887,2463,5887,1060,5887,72,5887,1,5887,2,9712,4,1.0262546000012662
3,0,,2026-07-28T21:04:57.529992,106576,5767,2358,5767,1034,5767,105,5767,1,5767,4,9529,7,1.0272638000024017
3,0,,2026-07-28T21:04:58.559254,107067,5866,2386,5866,1053,5866,82,5866,3,5866,1,9530,3,1.0289075000036974
3,0,,2026-07-28T21:04:59.588784,107314,6096,2482,6096,1159,6096,96,6096,3,6096,2,9673,6,1.029049999997369
3,0,,2026-07-28T21:05:00.617621,107582,5943,2418,5943,1099,5943,110,5943,5,5943,5,9622,2,1.028412700004992
3,0,,2026-07-28T21:05:01.646269,107262,6025,2427,6025,1117,6025,83,6025,3,6025,3,9417,7,1.0283452000003308
3,0,,2026-07-28T21:05:02.675834,107595,5933,2428,5933,1093,5933,81,5933,2,5933,3,9465,3,1.0292307999916375
3,0,,2026-07-28T21:05:03.703840,106807,5972,2439,5972,1085,5972,85,5972,3,5972,3,9537,5,1.027630099997623
3,0,,2026-07-28T21:05:04.733035,107341,5996,2471,5996,1105,5996,104,5996,4,5996,3,9581,5,1.0288432000088505
3,0,,2026-07-28T21:05:05.761409,107955,6059,2490,6059,1101,6059,79,6059,4,6059,2,9646,3,1.0279729000030784
3,0,,2026-07-28T21:05:06.790892,107669,6012,2479,6012,1131,6012,93,6012,2,6012,5,9653,8,1.0291887000057613
3,0,,2026-07-28T21:05:07.820074,107476,6031,2524,6031,1087,6031,88,6031,6,6031,5,9491,8,1.028829200004111
3,0,,2026-07-28T21:05:08.849682,106944,5996,2490,5996,1095,5996,73,5996,2,5996,1,9608,2,1.0292419999896083
3,0,,2026-07-28T21:05:09.879501,106992,5956,2430,5956,1156,5956,87,5956,2,5956,1,9592,3,1.0294202000077348
3,0,,2026-07-28T21:05:10.906987,107220,6033,2547,6033,1102,6033,85,6033,1,6033,3,9568,6,1.027111600007629
3,0,,2026-07-28T21:05:11.936057,106965,6108,2549,6108,1178,6108,67,6108,5,6108,2,9626,1,1.0287862999975914
3,0,,2026-07-28T21:05:12.980132,109297,6108,2480,6108,1155,6108,78,6108,7,6108,1,9840,1,1.043752300000051
3,0,,2026-07-28T21:05:14.008400,106801,5907,2438,5907,1077,5907,91,5907,4,5907,5,9764,5,1.028067999999621
3,0,,2026-07-28T21:05:15.036204,106880,5791,2249,5791,1122,5791,85,5791,2,5791,1,9610,2,1.027442600010545
3,0,,2026-07-28T21:05:16.065687,107837,6079,2532,6079,1072,6079,104,6079,7,6079,5,9577,7,1.0290805999975419
3,0,,2026-07-28T21:05:17.092972,107764,5970,2413,5970,1126,5970,85,5970,2,5970,3,9696,3,1.0268981999979587
3,0,,2026-07-28T21:05:18.121420,107410,5944,2397,5944,1103,5944,91,5944,5,5944,2,9551,5,1.0281342999951448
3,0,,2026-07-28T21:05:19.150185,107569,5946,2409,5946,1102,5946,86,5946,1,5946,2,9767,0,1.0284627999935765
3,0,,2026-07-28T21:05:20.179586,106919,6039,2474,6039,1098,6039,81,6039,3,6039,0,9598,4,1.029014100000495
3,0,,2026-07-28T21:05:21.208500,107414,6036,2474,6036,1073,6036,84,6036,5,6036,1,9778,4,1.0285291999898618
3,0,,2026-07-28T21:05:22.237972,107004,5851,2439,5851,1095,5851,87,5851,3,5851,7,9526,4,1.029140600003302
3,0,,2026-07-28T21:05:23.267001,107493,6032,2475,6032,1151,6032,101,6032,6,6032,3,9645,8,1.028614299997571
3,0,,2026-07-28T21:05:24.296253,107212,5930,2393,5930,1071,5930,102,5930,3,5930,4,9459,3,1.028856499993708
3,0,,2026-07-28T21:05:25.325327,107793,5842,2298,5842,1137,5842,92,5842,0,5842,2,9704,5,1.0286814999999478
3,0,,2026-07-28T21:05:26.354862,106814,5996,2484,5996,1109,5996,99,5996,2,5996,1,9676,3,1.0290575999970315
3,0,,2026-07-28T21:05:27.384569,107459,6024,2418,6024,1122,6024,100,6024,2,6024,2,9472,6,1.0293082000134746
3,0,,2026-07-28T21:05:28.411400,106660,5951,2462,5951,1030,5951,106,5951,4,5951,2,9531,5,1.0264444000058575
3,0,,2026-07-28T21:05:29.440625,106885,5943,2446,5943,1103,5943,90,5943,1,5943,4,9640,3,1.0289804000058211
3,0,,2026-07-28T21:05:30.469626,107271,5925,2461,5925,1140,5925,81,5925,2,5925,0,9458,7,1.0285650000005262
3,0,,2026-07-28T21:05:31.498769,107517,6021,2378,6021,1107,6021,97,6021,2,6021,1,9476,3,1.028770099990652
3,0,,2026-07-28T21:05:32.527539,106746,5961,2482,5961,1079,5961,100,5961,1,5961,2,9512,0,1.0284296999889193
3,0,,2026-07-28T21:05:33.555708,106945,5988,2439,5988,1131,5988,85,5988,1,5988,0,9456,3,1.0277936999918893
3,0,,2026-07-28T21:05:34.583047,107760,5876,2481,5876,1063,5876,112,5876,3,5876,3,9469,3,1.026958199989167
3,0,,2026-07-28T21:05:35.612235,106493,5962,2343,5962,1138,5962,91,5962,6,5962,3,9659,3,1.0289136999926995
3,0,,2026-07-28T21:05:36.641668,107245,5869,2378,5869,1090,5869,92,5869,2,5869,5,9618,3,1.0291155000013532
3,0,,2026-07-28T21:05:37.670558,107131,5824,2370,5824,1123,5824,95,5824,3,5824,1,9629,3,1.0285368999902857
3,0,,2026-07-28T21:05:38.699859,106795,5838,2380,5838,1115,5838,79,5838,6,5838,2,9619,2,1.0288880000007339
3,0,,2026-07-28T21:05:39.729036,107617,6009,2454,6009,1096,6009,79,6009,2,6009,3,9645,4,1.02876460000698
3,0,,2026-07-28T21:05:40.756379,107654,6058,2482,6058,1161,6058,98,6058,6,6058,1,9712,3,1.027000100002624
3,0,,2026-07-28T21:05:41.783800,107125,6076,2495,6076,1158,6076,91,6076,4,6076,3,9571,9,1.0271020000072895
3,0,,2026-07-28T21:05:42.810273,106992,6013,2462,6013,1137,6013,106,6013,2,6013,1,9376,3,1.02632089999679
3,0,,2026-07-28T21:05:43.839405,107219,5974,2427,5974,1118,5974,91,5974,3,5974,3,9731,3,1.0287605000048643
3,0,,2026-07-28T21:05:44.867704,107198,5911,2348,5911,1114,5911,80,5911,2,5911,5,9696,2,1.0278811999887694
3,0,,2026-07-28T21:05:45.896187,107374,5877,2386,5877,1122,5877,82,5877,2,5877,0,9570,5,1.0281237000017427
3,0,,2026-07-28T21:05:46.924964,107573,6048,2512,6048,1128,6048,84,6048,2,6048,1,9469,2,1.0284282000066014
3,0,,2026-07-28T21:05:47.953545,106206,5921,2534,5921,1075,5921,82,5921,2,5921,2,9535,3,1.02817839999625
3,0,,2026-07-28T21:05:48.982750,107849,6128,2513,6128,1087,6128,101,6128,6,6128,1,9627,6,1.0287893999920925
3,0,,2026-07-28T21:05:50.011842,107562,5994,2480,5994,1086,5994,98,5994,3,5994,2,9716,3,1.0287289000116289
3,0,,2026-07-28T21:05:51.040514,107185,6105,2470,6105,1144,6105,77,6105,3,6105,2,9660,4,1.0283980999956839
3,0,,2026-07-28T21:05:52.069006,107484,5985,2415,5985,1129,5985,95,5985,1,5985,2,9670,1,1.0280401000054553
3,0,,2026-07-28T21:05:53.098378,107590,5980,2440,5980,1102,5980,93,5980,5,5980,4,9818,8,1.0289441000059014
3,0,,2026-07-28T21:05:54.125506,107180,5944,2403,5944,1100,5944,82,5944,5,5944,4,9591,10,1.0267923999927007
3,0,,2026-07-28T21:05:55.153938,107134,5837,2378,5837,1140,5837,79,5837,3,5837,4,9499,0,1.0280743000039365
3,0,,2026-07-28T21:05:56.182587,107321,5910,2447,5910,1068,5910,87,5910,2,5910,2,9699,1,1.0284325999964494
3,0,,2026-07-28T21:05:57.211156,107106,5893,2429,5893,1144,5893,92,5893,4,5893,3,9639,5,1.0281562999880407
3,0,,2026-07-28T21:05:58.240573,107942,5946,2471,5946,1120,5946,101,5946,2,5946,4,9575,3,1.0290670999966096
3,0,,2026-07-28T21:05:59.270270,106961,6085,2466,6085,1110,6085,93,6085,5,6085,3,9553,4,1.029278100002557
3,0,,2026-07-28T21:06:00.297968,107260,5928,2438,5928,1111,5928,91,5928,3,5928,2,9484,5,1.027239399991231
3,0,,2026-07-28T21:06:01.326666,106834,5801,2399,5801,1079,5801,97,5801,2,5801,5,9337,4,1.0285007000056794
3,0,,2026-07-28T21:06:02.355972,107506,5969,2447,5969,1112,5969,106,5969,0,5969,2,9532,4,1.0289021000062348
3,0,,2026-07-28T21:06:03.383746,107421,5912,2449,5912,1083,5912,84,5912,4,5912,3,9741,2,1.0274396000022534
3,0,,2026-07-28T21:06:04.412710,107172,6024,2510,6024,1109,6024,102,6024,1,6024,6,9594,3,1.0286917999910656
3,0,,2026-07-28T21:06:05.441751,107406,5910,2393,5910,1125,5910,95,5910,0,5910,1,9641,1,1.0286592999909772
3,0,,2026-07-28T21:06:06.470291,107597,6029,2431,6029,1112,6029,108,6029,4,6029,2,9523,1,1.028152200000477
3,0,,2026-07-28T21:06:07.497154,106744,6000,2442,6000,1055,6000,112,6000,3,6000,5,9620,4,1.0264740999991773
3,0,,2026-07-28T21:06:08.525960,106995,5969,2406,5969,1131,5969,78,5969,0,5969,3,9623,2,1.0285256000061054
3,0,,2026-07-28T21:06:09.553349,107025,5845,2408,5845,1067,5845,94,5845,4,5845,2,9651,6,1.027035099992645
3,0,,2026-07-28T21:06:10.582663,106926,6093,2466,6093,1137,6093,91,6093,1,6093,4,9766,4,1.0289864999940619
3,0,,2026-07-28T21:06:11.611299,106929,6003,2483,6003,1099,6003,97,6003,2,6003,2,9697,7,1.0282286000001477
3,0,,2026-07-28T21:06:12.640374,107553,5900,2375,5900,1161,5900,90,5900,3,5900,2,9702,4,1.0287523000006331
3,0,,2026-07-28T21:06:13.667560,107177,5911,2470,5911,1043,5911,95,5911,5,5911,0,9502,5,1.0268367999960901
3,0,,2026-07-28T21:06:14.696413,106922,5933,2432,5933,1108,5933,87,5933,1,5933,2,9596,3,1.0285657999920659
3,0,,2026-07-28T21:06:15.725546,107505,5957,2452,5957,1105,5957,74,5957,2,5957,2,9596,3,1.0288136000017403
3,0,,2026-07-28T21:06:16.754759,106759,5971,2401,5971,1090,5971,99,5971,5,5971,7,9663,5,1.0288607999973465
3,0,,2026-07-28T21:06:17.783940,107306,5883,2424,5883,1081,5883,87,5883,1,5883,1,9548,4,1.0287922999996226
3,0,,2026-07-28T21:06:18.813497,107925,6016,2475,6016,1132,6016,81,6016,2,6016,1,9581,2,1.0291310000029625
3,0,,2026-07-28T21:06:19.842308,107285,5941,2480,5941,1073,5941,78,5941,1,5941,2,9639,1,1.0284552999946754
3,0,,2026-07-28T21:06:20.870647,107439,6021,2437,6021,1130,6021,86,6021,3,6021,1,9848,3,1.0280109000013908
3,0,,2026-07-28T21:06:21.899811,106748,6051,2495,6051,1103,6051,82,6051,3,6051,1,9628,4,1.0287488000030862
3,0,,2026-07-28T21:06:22.928957,106713,5999,2501,5999,1111,5999,91,5999,6,5999,4,9489,1,1.0286925999971572
3,0,,2026-07-28T21:06:23.958455,107866,5964,2458,5964,1141,5964,66,5964,4,5964,3,9683,7,1.0291013000096427
3,0,,2026-07-28T21:06:24.987278,107720,5989,2370,5989,1110,5989,98,5989,5,5989,4,9619,6,1.0284092999936547
3,0,,2026-07-28T21:06:26.016281,107082,5871,2406,5871,1064,5871,88,5871,2,5871,1,9611,7,1.028662600001553
3,0,,2026-07-28T21:06:27.043176,107632,6050,2526,6050,1107,6050,96,6050,5,6050,6,9789,7,1.0265326999942772
3,0,,2026-07-28T21:06:28.102841,107130,5975,2390,5975,1084,5975,106,5975,1,5975,0,9659,5,1.0593444999976782
3,0,,2026-07-28T21:06:29.130526,110448,6027,2465,6027,1117,6027,69,6027,4,6027,0,10108,7,1.0269999000011012
3,0,,2026-07-28T21:06:30.158851,107287,5884,2394,5884,1088,5884,82,5884,3,5884,2,9701,4,1.028047500003595
3,0,,2026-07-28T21:06:31.187310,107548,5985,2451,5985,1015,5985,93,5985,3,5985,2,9730,7,1.0280697999987751
3,0,,2026-07-28T21:06:32.216902,107643,5977,2501,5977,1056,5977,100,5977,2,5977,4,9785,2,1.0292025999951875
3,0,,2026-07-28T21:06:33.245245,107725,6005,2483,6005,1060,6005,98,6005,2,6005,2,9651,2,1.027982500003418
3,0,,2026-07-28T21:06:34.272819,107367,5872,2421,5872,1068,5872,86,5872,4,5872,1,9734,4,1.0272908000042662
3,0,,2026-07-28T21:06:35.301347,106961,6081,2447,6081,1098,6081,93,6081,2,6081,7,9707,3,1.028188800002681
3,0,,2026-07-28T21:06:36.329867,107670,6056,2508,6056,1090,6056,83,6056,3,6056,6,9649,4,1.0281359999935376
3,0,,2026-07-28T21:06:37.358469,107425,5937,2445,5937,1122,5937,85,5937,0,5937,1,9685,4,1.0282631999871228
3,0,,2026-07-28T21:06:38.386480,107445,6077,2525,6077,1076,6077,99,6077,4,6077,1,9540,4,1.0276042000041343
3,0,,2026-07-28T21:06:39.415062,107474,5948,2395,5948,1064,5948,87,5948,1,5948,1,9615,5,1.0281924000009894
3,0,,2026-07-28T21:06:40.444069,107475,6024,2494,6024,1147,6024,92,6024,0,6024,1,9392,3,1.028619399992749
3,0,,2026-07-28T21:06:41.471820,106944,5886,2419,5886,1104,5886,83,5886,1,5886,4,9514,6,1.027425599997514
3,0,,2026-07-28T21:06:42.499646,106846,5895,2397,5895,1084,5895,92,5895,1,5895,2,9614,9,1.027601499998127
3,0,,2026-07-28T21:06:43.527256,107278,5915,2403,5915,1110,5915,99,5915,2,5915,3,9749,3,1.02726740000071
3,0,,2026-07-28T21:06:44.555351,106999,6099,2497,6099,1135,6099,83,6099,1,6099,1,9633,4,1.0277895000035642
3,0,,2026-07-28T21:06:45.583464,107222,5971,2462,5971,1092,5971,83,5971,4,5971,6,9644,5,1.0277816000016173
3,0,,2026-07-28T21:06:46.611346,106660,5963,2453,5963,1087,5963,100,5963,2,5963,1,9594,3,1.0275492999935523
3,0,,2026-07-28T21:06:47.640096,107576,6133,2480,6133,1128,6133,117,6133,7,6133,2,9763,4,1.0283688000054099
3,0,,2026-07-28T21:06:48.666873,107525,5957,2414,5957,1145,5957,89,5957,2,5957,4,9665,3,1.0264768000051845
3,0,,2026-07-28T21:06:49.694574,107165,5972,2443,5972,1101,5972,96,5972,4,5972,2,9550,5,1.0274911000014981
3,0,,2026-07-28T21:06:50.722994,107385,6037,2515,6037,1108,6037,89,6037,3,6037,3,9802,6,1.0280458999914117
3,0,,2026-07-28T21:06:51.750483,107916,5986,2485,5986,1055,5986,83,5986,1,5986,4,9944,3,1.0272184999921592
3,0,,2026-07-28T21:06:52.776963,107106,6009,2465,6009,1135,6009,92,6009,2,6009,3,9556,2,1.0261866999935592
3,0,,2026-07-28T21:06:53.804404,107482,5953,2406,5953,1111,5953,107,5953,1,5953,2,9614,4,1.0272288999985904
3,0,,2026-07-28T21:06:54.832649,107820,6062,2452,6062,1138,6062,95,6062,5,6062,7,9588,6,1.0279071000113618
3,0,,2026-07-28T21:06:55.860681,106832,6048,2484,6048,1126,6048,102,6048,5,6048,1,9683,1,1.0276962000061758
3,0,,2026-07-28T21:06:56.888451,106787,5980,2396,5980,1110,5980,80,5980,2,5980,6,9572,4,1.0273713000060525
3,0,,2026-07-28T21:06:57.917110,106468,6032,2467,6032,1150,6032,87,6032,4,6032,3,9476,4,1.0283179999969434
3,0,,2026-07-28T21:06:58.945832,107191,5997,2480,5997,1127,5997,83,5997,6,5997,1,9469,6,1.0283728999929735
3,0,,2026-07-28T21:06:59.972686,107402,5967,2417,5967,1115,5967,100,5967,4,5967,2,9564,9,1.0264892999985022
3,0,,2026-07-28T21:07:01.001140,107024,5974,2413,5974,1068,5974,100,5974,3,5974,5,9772,3,1.0283054000028642
3,0,,2026-07-28T21:07:02.029844,107453,6037,2398,6037,1125,6037,95,6037,5,6037,2,9704,2,1.0283591000043089
3,0,,2026-07-28T21:07:03.058673,107516,6012,2397,6012,1108,6012,93,6012,4,6012,5,9852,1,1.0284778000059305
3,0,,2026-07-28T21:07:04.087217,107050,6104,2518,6104,1113,6104,76,6104,2,6104,1,10093,8,1.028132999999798
3,0,,2026-07-28T21:07:05.115891,107634,6072,2387,6072,1157,6072,84,6072,1,6072,4,10385,3,1.0282410999934655
3,0,,2026-07-28T21:07:06.144020,107334,6176,2433,6176,1115,6176,100,6176,4,6176,3,10094,6,1.0277925999980653
3,0,,2026-07-28T21:07:07.173432,107955,6081,2415,6081,1128,6081,91,6081,9,6081,3,10179,2,1.0289806999935536
3,0,,2026-07-28T21:07:08.201698,107621,6136,2430,6136,1086,6136,89,6136,6,6136,1,10179,5,1.0279002000024775
3,0,,2026-07-28T21:07:09.230552,106885,6267,2472,6267,1098,6267,83,6267,2,6267,1,10483,5,1.0285131999989972
3,0,,2026-07-28T21:07:10.259181,107089,6323,2426,6323,1126,6323,93,6323,2,6323,3,10525,4,1.0282479000015883
3,0,,2026-07-28T21:07:11.288359,107658,6463,2446,6463,1136,6463,105,6463,2,6463,1,10486,4,1.0287715000013122
3,0,,2026-07-28T21:07:12.316583,107374,6506,2469,6506,1111,6506,82,6506,2,6506,3,10930,5,1.0278858999954537
3,0,,2026-07-28T21:07:13.345645,106728,6289,2430,6289,1077,6289,88,6289,4,6289,2,10349,2,1.0287356000044383
3,0,,2026-07-28T21:07:14.371634,107051,6693,2377,6693,1070,6693,95,6693,3,6693,2,10673,7,1.0256818999914685
3,0,,2026-07-28T21:07:15.397402,106622,7278,2374,7278,1051,7278,95,7278,8,7278,5,10528,1,1.0256311999983154
3,0,,2026-07-28T21:07:16.423884,107429,6221,2512,6221,1051,6221,75,6221,4,6221,3,9790,4,1.0263185000076191
3,0,,2026-07-28T21:07:17.451366,106982,6955,2504,6955,1114,6955,85,6955,0,6955,5,9705,4,1.0272180000029039
3,0,,2026-07-28T21:07:18.481236,107461,6064,2428,6064,1123,6064,92,6064,5,6064,3,9869,4,1.0296277000015834
3,0,,2026-07-28T21:07:19.510029,107748,6204,2492,6204,1146,6204,90,6204,3,6204,2,9855,1,1.0285242999962065
3,0,,2026-07-28T21:07:20.538622,107533,5958,2406,5958,1074,5958,83,5958,6,5958,5,9913,6,1.0282296999939717
3,0,,2026-07-28T21:07:21.567410,106924,6196,2512,6196,1128,6196,100,6196,6,6196,5,9718,6,1.028444399998989
3,0,,2026-07-28T21:07:22.595283,107326,6211,2458,6211,1196,6211,94,6211,1,6211,5,9682,6,1.0274886999977753
3,0,,2026-07-28T21:07:23.623827,107736,5929,2470,5929,1094,5929,91,5929,2,5929,3,9701,5,1.0282316999946488
3,0,,2026-07-28T21:07:24.651857,106728,5971,2426,5971,1122,5971,91,5971,2,5971,2,9543,6,1.0276445000054082
3,0,,2026-07-28T21:07:25.681006,107578,6076,2544,6076,1110,6076,105,6076,0,6076,4,9667,4,1.0288513999985298
3,0,,2026-07-28T21:07:26.709438,107120,5970,2459,5970,1116,5970,106,5970,1,5970,3,9765,6,1.028032299989718
3,0,,2026-07-28T21:07:27.739025,106885,5944,2424,5944,1129,5944,103,5944,3,5944,6,9561,2,1.0292747999919811
3,0,,2026-07-28T21:07:28.767494,107805,6116,2503,6116,1146,6116,93,6116,1,6116,2,9619,4,1.0280996000074083
3,0,,2026-07-28T21:07:29.797540,107138,6143,2547,6143,1136,6143,82,6143,1,6143,3,9591,7,1.0296298999892315
3,0,,2026-07-28T21:07:30.826250,107773,5928,2411,5928,1068,5928,97,5928,2,5928,4,9720,3,1.0283569000021089
3,0,,2026-07-28T21:07:31.855896,107753,5891,2462,5891,1047,5891,98,5891,1,5891,5,9705,1,1.0292879000044195
3,0,,2026-07-28T21:07:32.884766,107781,5876,2406,5876,1111,5876,91,5876,2,5876,2,9573,2,1.0284363999962807
3,0,,2026-07-28T21:07:33.914911,107297,5948,2453,5948,1137,5948,72,5948,3,5948,2,9711,5,1.0297271000017645
3,0,,2026-07-28T21:07:34.944289,107625,5857,2487,5857,1072,5857,74,5857,3,5857,1,9675,3,1.028896400006488
3,0,,2026-07-28T21:07:35.972667,107702,6058,2469,6058,1170,6058,77,6058,3,6058,0,9811,7,1.028043099999195
3,0,,2026-07-28T21:07:37.001613,107636,6119,2531,6119,1120,6119,83,6119,7,6119,1,9645,4,1.0286039999919012
3,0,,2026-07-28T21:07:38.030747,107141,6000,2416,6000,1086,6000,90,6000,2,6000,4,9753,2,1.028787100003683
3,0,,2026-07-28T21:07:39.060024,107759,5945,2433,5945,1112,5945,75,5945,3,5945,3,9697,2,1.0289080999937141
3,0,,2026-07-28T21:07:40.088847,107701,6113,2511,6113,1070,6113,95,6113,3,6113,4,9698,3,1.0285153000004357
3,0,,2026-07-28T21:07:41.117733,107304,5919,2458,5919,1106,5919,86,5919,9,5919,2,9797,4,1.028470200006268
3,0,,2026-07-28T21:07:42.145829,107438,5992,2479,5992,1125,5992,91,5992,1,5992,3,9603,3,1.027719799996703
3,0,,2026-07-28T21:07:43.173438,107210,6024,2442,6024,1138,6024,92,6024,2,6024,3,9682,3,1.0272510999930091
3,0,,2026-07-28T21:07:44.202448,107630,6026,2492,6026,1150,6026,87,6026,2,6026,1,9694,3,1.0287054000073113
3,0,,2026-07-28T21:07:45.231113,107833,5956,2450,5956,1060,5956,93,5956,5,5956,4,9682,5,1.0282214999897406
3,0,,2026-07-28T21:07:46.259825,107959,5938,2384,5938,1126,5938,87,5938,5,5938,1,9772,2,1.0283518000069307
3,0,,2026-07-28T21:07:47.287326,107116,5838,2301,5838,1157,5838,88,5838,3,5838,1,9780,2,1.0271968000015477
3,0,,2026-07-28T21:07:48.315840,107498,6089,2532,6089,1105,6089,103,6089,4,6089,4,9625,2,1.0282714999921154
3,0,,2026-07-28T21:07:49.344517,107358,5963,2388,5963,1178,5963,101,5963,3,5963,2,9615,3,1.0283576999936486
3,0,,2026-07-28T21:07:50.373087,107659,5966,2414,5966,1115,5966,77,5966,0,5966,1,9700,5,1.0282414999965113
3,0,,2026-07-28T21:07:51.399921,107087,5917,2430,5917,1090,5917,89,5917,6,5917,0,9656,2,1.0264686000009533
3,0,,2026-07-28T21:07:52.429482,107258,5867,2364,5867,1091,5867,85,5867,2,5867,3,9743,7,1.029223199991975
3,0,,2026-07-28T21:07:53.458901,107101,6009,2442,6009,1118,6009,85,6009,5,6009,4,9646,6,1.029141000006348
3,0,,2026-07-28T21:07:54.486628,107036,5893,2384,5893,1066,5893,104,5893,2,5893,2,9386,4,1.027380200001062
3,0,,2026-07-28T21:07:55.514251,107464,5995,2445,5995,1142,5995,94,5995,3,5995,3,9485,4,1.0274268000066513
3,0,,2026-07-28T21:07:56.543257,107017,5970,2494,5970,1035,5970,91,5970,5,5970,0,9602,6,1.0287383000104455
3,0,,2026-07-28T21:07:57.571300,107147,5973,2482,5973,1149,5973,85,5973,1,5973,2,9710,3,1.027769399996032
3,0,,2026-07-28T21:07:58.600256,107027,5991,2392,5991,1183,5991,94,5991,2,5991,5,9656,3,1.0286965999985114
3,0,,2026-07-28T21:07:59.628425,107497,5939,2342,5939,1101,5939,94,5939,3,5939,6,9498,4,1.0277869999990799
3,0,,2026-07-28T21:08:00.657349,106871,5876,2340,5876,1116,5876,91,5876,0,5876,0,9527,1,1.0284639000019524
3,0,,2026-07-28T21:08:01.687058,106849,5934,2488,5934,1110,5934,82,5934,2,5934,1,9710,4,1.0293250000104308
3,0,,2026-07-28T21:08:02.714856,107557,6004,2438,6004,1109,6004,87,6004,1,6004,2,9541,7,1.0274365999939619
3,0,,2026-07-28T21:08:03.741785,108076,5920,2397,5920,1176,5920,99,5920,4,5920,0,9696,8,1.026760100008687
3,0,,2026-07-28T21:08:04.768541,107128,5991,2417,5991,1131,5991,100,5991,0,5991,4,9577,5,1.0265108000021428
3,0,,2026-07-28T21:08:05.797310,107354,5902,2408,5902,1108,5902,95,5902,3,5902,3,9686,8,1.028530600000522
3,0,,2026-07-28T21:08:06.823926,107088,6161,2519,6161,1136,6161,110,6161,1,6161,1,9451,2,1.026255200005835
3,0,,2026-07-28T21:08:07.852339,107041,5842,2462,5842,989,5842,72,5842,5,5842,1,9659,3,1.0281572999956552
3,0,,2026-07-28T21:08:08.881690,107553,6075,2497,6075,1152,6075,87,6075,1,6075,5,9620,4,1.0289710000070045
3,0,,2026-07-28T21:08:09.911089,107469,5913,2403,5913,1102,5913,99,5913,3,5913,4,9639,1,1.0289913999877172
3,0,,2026-07-28T21:08:10.940952,107364,5979,2477,5979,1062,5979,96,5979,3,5979,1,9680,8,1.029485699997167
3,0,,2026-07-28T21:08:11.969633,107237,5990,2456,5990,1143,5990,83,5990,3,5990,0,9562,7,1.0283044999960111
3,0,,2026-07-28T21:08:12.998779,107171,5982,2411,5982,1091,5982,86,5982,1,5982,0,9798,7,1.0287860999960685
3,0,,2026-07-28T21:08:14.025397,107156,6019,2415,6019,1156,6019,78,6019,4,6019,2,9757,2,1.026264700005413
3,0,,2026-07-28T21:08:15.053138,106978,6018,2454,6018,1088,6018,84,6018,4,6018,2,9521,6,1.0274313999980222
3,0,,2026-07-28T21:08:16.083089,107277,5968,2527,5968,1087,5968,82,5968,0,5968,5,9549,5,1.029711800001678
3,0,,2026-07-28T21:08:17.112895,107349,5848,2356,5848,1097,5848,106,5848,4,5848,3,9756,8,1.0293952000065474
3,0,,2026-07-28T21:08:18.140683,107640,6042,2484,6042,1093,6042,114,6042,6,6042,3,9573,2,1.027432900009444
3,0,,2026-07-28T21:08:19.169731,107029,6001,2469,6001,1083,6001,104,6001,6,6001,3,9642,6,1.0288084000058006
3,0,,2026-07-28T21:08:20.198960,108172,6079,2444,6079,1154,6079,81,6079,1,6079,4,9526,2,1.028831399991759
3,0,,2026-07-28T21:08:21.228352,107241,5875,2352,5875,1123,5875,83,5875,6,5875,2,9763,2,1.0291220000071917
3,0,,2026-07-28T21:08:22.256993,107193,5881,2374,5881,1088,5881,73,5881,6,5881,2,9668,1,1.0282049999950686
3,0,,2026-07-28T21:08:23.285435,107110,5999,2458,5999,1144,5999,83,5999,6,5999,1,9637,4,1.028093600005377
3,0,,2026-07-28T21:08:24.312136,106707,5929,2412,5929,1087,5929,95,5929,5,5929,3,9414,6,1.0263798999949358
3,0,,2026-07-28T21:08:25.341508,106631,6078,2434,6078,1150,6078,87,6078,3,6078,4,9736,2,1.029020700007095
3,0,,2026-07-28T21:08:26.369516,106814,5933,2455,5933,1099,5933,101,5933,4,5933,3,9484,0,1.0276077000016812
3,0,,2026-07-28T21:08:27.398287,106992,5957,2432,5957,1135,5957,78,5957,5,5957,1,9496,6,1.02847789999214
3,0,,2026-07-28T21:08:28.427162,107193,6071,2505,6071,1121,6071,81,6071,8,6071,0,9575,4,1.0285078000015346
3,0,,2026-07-28T21:08:29.455964,108048,5960,2438,5960,1166,5960,72,5960,2,5960,0,9663,3,1.0284015999932308
3,0,,2026-07-28T21:08:30.482806,107118,5967,2474,5967,1148,5967,75,5967,4,5967,3,9866,9,1.0264851000101771
3,0,,2026-07-28T21:08:31.511756,107445,6010,2436,6010,1092,6010,95,6010,2,6010,2,9564,4,1.0286602999985917
3,0,,2026-07-28T21:08:32.540880,107348,6075,2412,6075,1165,6075,97,6075,2,6075,1,9646,9,1.02869869999995
3,0,,2026-07-28T21:08:33.569693,107200,5899,2476,5899,1097,5899,91,5899,1,5899,2,9531,4,1.0285491999966325
3,0,,2026-07-28T21:08:34.598374,107707,6000,2491,6000,1104,6000,68,6000,5,6000,5,9558,7,1.0282850999938091
3,0,,2026-07-28T21:08:35.626791,107101,5872,2385,5872,1155,5872,91,5872,1,5872,4,9685,6,1.0281061999994563
3,0,,2026-07-28T21:08:36.655229,107042,5947,2406,5947,1118,5947,97,5947,2,5947,2,9510,6,1.0281795000046259
3,0,,2026-07-28T21:08:37.683677,107216,6081,2489,6081,1132,6081,87,6081,3,6081,6,9562,5,1.028098000009777
3,0,,2026-07-28T21:08:38.711575,107787,6027,2407,6027,1165,6027,99,6027,4,6027,1,9510,5,1.027533600004972
3,0,,2026-07-28T21:08:39.740363,107242,6009,2483,6009,1141,6009,76,6009,0,6009,2,9715,5,1.0284878000093158
3,0,,2026-07-28T21:08:40.769454,107643,5981,2371,5981,1103,5981,102,5981,2,5981,4,9642,3,1.028717900000629
3,0,,2026-07-28T21:08:41.799608,107577,6036,2494,6036,1118,6036,81,6036,4,6036,3,9581,1,1.0297951999964425
3,0,,2026-07-28T21:08:42.827707,107151,5858,2332,5858,1057,5858,92,5858,4,5858,5,9509,2,1.0277425999956904
3,0,,2026-07-28T21:08:43.856371,107230,5929,2465,5929,1121,5929,73,5929,0,5929,2,9763,4,1.0283215000090422
3,0,,2026-07-28T21:08:44.885210,107774,6026,2434,6026,1162,6026,90,6026,1,6026,3,9589,7,1.028459399996791
3,0,,2026-07-28T21:08:45.914602,107517,5861,2418,5861,1051,5861,74,5861,2,5861,3,9659,4,1.0290649000089616
3,0,,2026-07-28T21:08:46.944023,107308,5921,2461,5921,1072,5921,89,5921,3,5921,3,9501,4,1.0290595999977086
3,0,,2026-07-28T21:08:47.973180,107911,6093,2548,6093,1162,6093,96,6093,4,6093,1,9550,1,1.0287119999993593
3,0,,2026-07-28T21:08:49.001953,107420,6072,2476,6072,1157,6072,104,6072,7,6072,3,9596,1,1.028332700007013
3,0,,2026-07-28T21:08:50.030238,107628,6022,2437,6022,1142,6022,90,6022,2,6022,2,9663,4,1.0279121000057785
3,0,,2026-07-28T21:08:51.058302,107044,6019,2407,6019,1167,6019,95,6019,5,6019,0,9813,3,1.0277710000082152
3,0,,2026-07-28T21:08:52.087723,107722,5980,2413,5980,1119,5980,93,5980,2,5980,2,9763,1,1.0290059999970254
3,0,,2026-07-28T21:08:53.117106,107606,5876,2442,5876,1063,5876,88,5876,4,5876,1,9579,5,1.0289975999912713
3,0,,2026-07-28T21:08:54.145357,107242,5873,2391,5873,1097,5873,84,5873,3,5873,2,9609,5,1.0279214000038337
3,0,,2026-07-28T21:08:55.172624,106675,5985,2400,5985,1080,5985,78,5985,5,5985,2,9582,5,1.0269554000115022
3,0,,2026-07-28T21:08:56.199335,106460,5859,2415,5859,1121,5859,86,5859,1,5859,2,9598,3,1.0264707000023918
3,0,,2026-07-28T21:08:57.226290,107579,6078,2514,6078,1148,6078,100,6078,4,6078,4,9740,1,1.026790699994308
3,0,,2026-07-28T21:08:58.253799,107467,5956,2456,5956,1181,5956,81,5956,1,5956,5,9752,2,1.027231699990807
3,0,,2026-07-28T21:08:59.282064,107995,6023,2488,6023,1096,6023,67,6023,4,6023,3,9429,6,1.0279427000059513
3,0,,2026-07-28T21:09:00.310837,107043,5933,2469,5933,1038,5933,96,5933,3,5933,4,9617,12,1.0284147999918787
3,0,,2026-07-28T21:09:01.340178,107693,5994,2478,5994,1110,5994,91,5994,4,5994,1,9744,3,1.0289166000002297
3,0,,2026-07-28T21:09:02.368909,107757,6031,2476,6031,1125,6031,102,6031,1,6031,2,9529,3,1.0283244000020204
3,0,,2026-07-28T21:09:03.397493,106926,6156,2539,6156,1082,6156,92,6156,5,6156,1,9547,1,1.028185899995151
3,0,,2026-07-28T21:09:04.426071,106779,6117,2536,6117,1095,6117,85,6117,3,6117,1,9489,6,1.0282338999968488
3,0,,2026-07-28T21:09:05.453239,106773,6006,2484,6006,1092,6006,79,6006,2,6006,6,9625,2,1.0268553999922005
3,0,,2026-07-28T21:09:06.482366,107443,6099,2453,6099,1120,6099,104,6099,4,6099,2,9809,7,1.028771900004358
3,0,,2026-07-28T21:09:07.511685,106875,6041,2508,6041,1134,6041,101,6041,6,6041,4,9638,3,1.0289923000091221
3,0,,2026-07-28T21:09:08.541003,107340,5990,2469,5990,1109,5990,99,5990,4,5990,1,9733,4,1.0288781999988714
3,0,,2026-07-28T21:09:09.569366,107910,5949,2435,5949,1086,5949,108,5949,0,5949,2,9570,2,1.0280190000048606
3,0,,2026-07-28T21:09:10.598948,107359,5933,2465,5933,1080,5933,100,5933,0,5933,2,9599,3,1.0292148000007728
3,0,,2026-07-28T21:09:11.627617,106984,6018,2402,6018,1189,6018,81,6018,2,6018,0,9867,3,1.028329799999483
3,0,,2026-07-28T21:09:12.656417,107571,6083,2451,6083,1177,6083,93,6083,4,6083,2,9583,3,1.0284231999976328
3,0,,2026-07-28T21:09:13.685640,107006,6057,2528,6057,1124,6057,87,6057,6,6057,4,9822,2,1.0288083000050392
3,0,,2026-07-28T21:09:14.715195,107836,5927,2364,5927,1111,5927,95,5927,4,5927,0,9654,5,1.0292086000117706
3,0,,2026-07-28T21:09:15.742173,107179,6080,2462,6080,1197,6080,86,6080,1,6080,8,9581,3,1.0266289999999572
3,0,,2026-07-28T21:09:16.770706,107242,6024,2453,6024,1122,6024,78,6024,3,6024,4,9583,3,1.0282046000065748
3,0,,2026-07-28T21:09:17.799784,106845,5951,2415,5951,1091,5951,77,5951,0,5951,2,9590,2,1.028734199993778
3,0,,2026-07-28T21:09:18.829147,107224,6160,2538,6160,1118,6160,98,6160,7,6160,3,9714,3,1.0289274999959162
3,0,,2026-07-28T21:09:19.858464,107498,6009,2484,6009,1108,6009,92,6009,4,6009,1,9728,3,1.0288380999991205
3,0,,2026-07-28T21:09:20.888224,107601,5895,2404,5895,1093,5895,96,5895,1,5895,2,9595,1,1.0293498999963049
3,0,,2026-07-28T21:09:21.915750,107321,6040,2542,6040,1103,6040,92,6040,2,6040,1,9654,7,1.0271790999977384
3,0,,2026-07-28T21:09:22.944300,107396,5990,2450,5990,1127,5990,91,5990,2,5990,5,9659,5,1.0282809999916935
3,0,,2026-07-28T21:09:23.973016,107432,5911,2421,5911,1065,5911,112,5911,3,5911,1,9540,8,1.0283319000009215
3,0,,2026-07-28T21:09:25.001577,107420,5942,2426,5942,1076,5942,92,5942,5,5942,6,9566,2,1.0282342999998946
3,0,,2026-07-28T21:09:26.030409,106875,5932,2442,5932,1108,5932,96,5932,3,5932,5,9571,3,1.0284508999902755
3,0,,2026-07-28T21:09:27.059222,107315,6094,2536,6094,1162,6094,89,6094,3,6094,5,9683,5,1.0285210000001825
3,0,,2026-07-28T21:09:28.088945,107483,5986,2373,5986,1124,5986,91,5986,4,5986,1,9616,3,1.0292995000054361
3,0,,2026-07-28T21:09:29.117997,107506,5899,2442,5899,1119,5899,81,5899,3,5899,3,9638,5,1.028644300007727
3,0,,2026-07-28T21:09:30.147302,107638,6093,2493,6093,1151,6093,88,6093,1,6093,2,9778,5,1.0289205000008224
3,0,,2026-07-28T21:09:31.175961,107167,6088,2534,6088,1079,6088,102,6088,5,6088,2,9716,3,1.0282845000037923
3,0,,2026-07-28T21:09:32.204666,107161,5903,2430,5903,1058,5903,93,5903,4,5903,1,9643,4,1.0282489999954123
3,0,,2026-07-28T21:09:33.232992,107066,5942,2362,5942,1122,5942,79,5942,7,5942,2,9598,4,1.027985400010948
3,0,,2026-07-28T21:09:34.261647,106720,6020,2437,6020,1176,6020,84,6020,2,6020,1,9769,4,1.0283667999901809
3,0,,2026-07-28T21:09:35.290090,107722,5963,2457,5963,1157,5963,90,5963,5,5963,3,9579,5,1.0280956000060542
3,0,,2026-07-28T21:09:36.319435,107427,6069,2439,6069,1149,6069,93,6069,2,6069,4,9617,2,1.0289761000021826
3,0,,2026-07-28T21:09:37.348778,107424,5993,2390,5993,1149,5993,109,5993,1,5993,2,9552,3,1.0290243999916129
3,0,,2026-07-28T21:09:38.378204,107491,5829,2398,5829,1082,5829,94,5829,2,5829,3,9746,5,1.0290287000098033
3,0,,2026-07-28T21:09:39.408247,107813,5940,2421,5940,1160,5940,104,5940,5,5940,1,9766,2,1.029592799997772
3,0,,2026-07-28T21:09:40.436536,107552,6083,2480,6083,1094,6083,109,6083,1,6083,3,9763,3,1.0278069000050891
3,0,,2026-07-28T21:09:41.465375,106833,5915,2463,5915,1092,5915,117,5915,3,5915,3,9681,8,1.0285186999972211
3,0,,2026-07-28T21:09:42.494803,107146,6016,2489,6016,1088,6016,91,6016,6,6016,4,9698,3,1.0290015000064159
3,0,,2026-07-28T21:09:43.524321,107668,6058,2549,6058,1099,6058,98,6058,4,6058,2,9620,8,1.0291369000042323
3,0,,2026-07-28T21:09:44.553754,107744,6083,2486,6083,1195,6083,74,6083,2,6083,2,9684,4,1.0289898999908473
3,0,,2026-07-28T21:09:45.583342,107448,5982,2404,5982,1113,5982,92,5982,1,5982,4,9658,4,1.0291977999877417
3,0,,2026-07-28T21:09:46.628593,107057,5995,2431,5995,1122,5995,81,5995,3,5995,4,9632,4,1.0448888999962946
3,0,,2026-07-28T21:09:47.671397,109568,6039,2446,6039,1116,6039,86,6039,3,6039,3,9827,4,1.027777800001786
3,0,,2026-07-28T21:09:48.700183,107174,5924,2443,5924,1079,5924,75,5924,5,5924,1,9520,7,1.028394599998137
3,0,,2026-07-28T21:09:49.729350,107405,5979,2500,5979,1066,5979,77,5979,0,5979,1,9709,3,1.028794600002584
3,0,,2026-07-28T21:09:50.758130,107375,5976,2447,5976,1138,5976,90,5976,3,5976,5,9639,3,1.02843250001024
3,0,,2026-07-28T21:09:51.786760,106922,5909,2386,5909,1106,5909,87,5909,3,5909,5,9523,8,1.0282287000009092
3,0,,2026-07-28T21:09:52.815572,107076,5968,2459,5968,1129,5968,71,5968,1,5968,2,9557,3,1.0283855000016047
3,0,,2026-07-28T21:09:53.844771,107132,6011,2451,6011,1107,6011,85,6011,1,6011,4,9730,1,1.0288059999875259
3,0,,2026-07-28T21:09:54.873620,107990,6038,2518,6038,1092,6038,91,6038,3,6038,1,9778,5,1.0284482999995816
3,0,,2026-07-28T21:09:55.902003,106732,5941,2542,5941,1089,5941,96,5941,2,5941,3,9591,6,1.0280995000066468
3,0,,2026-07-28T21:09:56.931612,107560,6100,2529,6100,1160,6100,109,6100,2,6100,3,9419,3,1.0292474000016227
3,0,,2026-07-28T21:09:57.960826,106639,5909,2485,5909,1067,5909,75,5909,3,5909,3,9621,4,1.028848099987954
3,0,,2026-07-28T21:09:58.989469,107162,6005,2508,6005,1042,6005,85,6005,2,6005,4,9561,1,1.028195200007758
3,0,,2026-07-28T21:10:00.018622,107239,5919,2387,5919,1128,5919,84,5919,9,5919,3,9638,2,1.0287814000039361
3,0,,2026-07-28T21:10:01.048041,107437,5913,2402,5913,1104,5913,89,5913,3,5913,6,9596,3,1.0290330999996513
3,0,,2026-07-28T21:10:02.077340,107324,6134,2481,6134,1143,6134,97,6134,5,6134,0,9592,3,1.028870599999209
3,0,,2026-07-28T21:10:03.106465,107279,5899,2419,5899,1133,5899,74,5899,3,5899,1,9696,3,1.0287424999987707
3,0,,2026-07-28T21:10:04.133637,107264,5872,2459,5872,1067,5872,81,5872,3,5872,3,9549,4,1.026828399990336
3,0,,2026-07-28T21:10:05.162516,107386,5990,2499,5990,1068,5990,92,5990,2,5990,4,9459,2,1.0286058000056073
3,0,,2026-07-28T21:10:06.191736,107538,6055,2483,6055,1113,6055,81,6055,5,6055,3,9681,9,1.0287949000048684
