N,input_state,basis,time,herald,singles_ch2,coinc_ch2,singles_ch4,coinc_ch4,singles_ch6,coinc_ch6,singles_ch8,coinc_ch8,singles_ch7,coinc_ch7,int_time
3,0,,2026-07-18T20:16:12.271155,3167291,447338,136231,447338,83165,447338,10513,447338,436,520746,194,1.0008426890625002
3,0,,2026-07-18T20:16:44.272485,3165927,445882,135833,445881,82551,445881,10583,445881,426,519667,226,1.0000906412499995
3,0,,2026-07-18T20:17:16.295445,3167254,446222,136203,446222,82567,446222,10436,446222,373,521263,182,1.00079067546875
3,0,,2026-07-18T20:17:48.297718,3165386,445094,135586,445094,83198,445094,10322,445094,405,520531,213,1.0001051734375
3,0,,2026-07-18T20:18:20.305345,3171847,446666,136509,446666,82937,446666,10666,446666,423,520947,200,1.0002916020312496
3,0,,2026-07-18T20:18:52.314867,3174059,447636,136075,447637,83214,447637,10552,447637,416,521393,184,1.00035052765625
3,0,,2026-07-18T20:19:24.315987,3167251,447591,136742,447590,82834,447590,10600,447590,405,520651,162,1.00009543171875
3,0,,2026-07-18T20:19:56.329828,3174171,447610,136394,447609,83518,447609,10601,447609,414,522749,214,1.000470144375
3,0,,2026-07-18T20:20:28.343066,3170654,447130,137145,447130,83137,447130,10463,447130,420,522056,177,1.0004428515625
3,0,,2026-07-18T20:21:00.354357,3170062,447242,136483,447242,82797,447242,10392,447242,452,521549,201,1.0003783446875003
3,0,,2026-07-18T20:21:32.366941,3167031,447225,136391,447225,83619,447225,10466,447225,400,521315,194,1.0004619693749999
3,0,,2026-07-18T20:22:04.387986,3170114,447194,136414,447194,83675,447194,10127,447194,419,522526,184,1.00068533328125
3,0,,2026-07-18T20:22:36.399269,3168497,446497,136300,446497,83166,446497,10341,446497,394,522944,206,1.0003622057812498
3,0,,2026-07-18T20:23:08.407616,3172436,448893,137703,448893,82870,448893,10235,448893,403,521616,200,1.0002974754687501
3,0,,2026-07-18T20:23:40.421489,3170443,447553,136703,447553,83295,447553,10212,447553,423,521210,190,1.0004552229687502
3,0,,2026-07-18T20:24:12.444830,3165926,447801,136998,447801,83209,447801,10314,447801,428,521595,195,1.0007814118749998
3,0,,2026-07-18T20:24:44.458153,3161544,445333,136554,445333,82241,445333,10335,445333,414,521025,216,1.0004836615625001
3,0,,2026-07-18T20:25:16.474351,3163078,446021,135837,446021,82961,446021,10167,446021,385,520933,222,1.0005054384374996
3,0,,2026-07-18T20:25:48.486446,3161197,446145,136261,446145,83106,446145,10089,446145,412,521917,195,1.00040150625
3,0,,2026-07-18T20:26:20.501316,3159578,447061,136315,447061,83142,447061,10360,447061,399,521358,201,1.0004486703124993
3,0,,2026-07-18T20:26:52.516093,3165819,446595,136083,446595,83417,446595,10240,446595,401,520697,192,1.0004688229687495
3,0,,2026-07-18T20:27:24.525888,3159046,446895,136278,446895,83125,446895,10207,446895,435,521003,194,1.0003570140625002
3,0,,2026-07-18T20:27:56.533076,3155318,445086,135772,445086,82570,445086,10252,445086,445,521241,192,1.00026303078125
3,0,,2026-07-18T20:28:28.547635,3158039,446089,136015,446089,82992,446089,10158,446089,393,520704,186,1.0004912853124999
3,0,,2026-07-18T20:29:00.555713,3157053,445439,135682,445439,82798,445439,9992,445439,450,521898,178,1.0002478015625007
3,0,,2026-07-18T20:29:32.575794,3158449,445633,135541,445633,82638,445633,10233,445633,398,522201,189,1.0006279256250006
3,0,,2026-07-18T20:30:04.579468,3158654,444550,135811,444549,82873,444549,9892,444549,408,522004,202,1.000159228125
3,0,,2026-07-18T20:30:36.587550,3154228,445557,135738,445557,82947,445557,10045,445557,444,523686,195,1.000268715
3,0,,2026-07-18T20:31:08.604961,3158622,445449,136201,445449,82465,445449,9975,445449,414,523201,191,1.0005541339062498
3,0,,2026-07-18T20:31:40.626981,3157437,446357,136042,446357,83165,446357,10168,446357,410,523979,202,1.0007495379687499
3,0,,2026-07-18T20:32:12.634468,3158495,445779,135537,445779,83193,445779,10056,445779,435,523482,204,1.0002415328124996
3,0,,2026-07-18T20:32:44.644709,3153821,445701,135490,445701,82905,445701,9793,445701,441,521828,199,1.0002843281250002
3,0,,2026-07-18T20:33:16.658386,3158122,445091,135662,445091,82758,445091,9882,445091,479,522942,197,1.0004684984374999
3,0,,2026-07-18T20:33:48.676420,3158660,445672,135997,445672,82964,445672,9920,445672,417,523197,182,1.0006036495312502
3,0,,2026-07-18T20:34:20.694794,3154318,445003,135198,445003,83106,445003,9941,445003,423,522564,204,1.0006246051562502
3,0,,2026-07-18T20:34:52.710054,3159149,445483,136410,445483,82684,445483,9785,445483,413,523531,178,1.0005064589062493
3,0,,2026-07-18T20:35:24.732011,3158417,445625,135713,445625,82481,445625,9718,445625,440,523590,188,1.0008047995312501
3,0,,2026-07-18T20:35:56.747767,3157349,444831,134737,444831,83135,444831,9871,444831,415,523694,197,1.0005158375000003
3,0,,2026-07-18T20:36:28.765024,3159085,444319,135715,444319,82440,444319,9677,444319,409,523325,204,1.00058058796875
3,0,,2026-07-18T20:37:00.778002,3158462,444496,135648,444496,82360,444496,9634,444496,420,523457,205,1.0004499964062503
3,0,,2026-07-18T20:37:32.791790,3154513,444250,134936,444250,82636,444250,9612,444250,451,523514,175,1.0004924926562506
3,0,,2026-07-18T20:38:04.811503,3153246,443247,135559,443247,82082,443247,9701,443247,442,524134,198,1.00063827234375
3,0,,2026-07-18T20:38:36.828869,3155795,443426,135671,443425,82144,443425,9593,443425,428,522939,200,1.0005580053125003
3,0,,2026-07-18T20:39:08.841392,3148004,442619,134599,442619,82053,442619,9811,442619,410,523327,166,1.0004602587499996
3,0,,2026-07-18T20:39:40.855785,3147358,442932,134737,442932,82070,442932,9721,442932,408,522806,189,1.000465019375
3,0,,2026-07-18T20:40:12.869522,3150489,442684,134540,442683,82276,442683,9587,442683,446,522159,202,1.0004688015625003
3,0,,2026-07-18T20:40:44.887518,3147055,442077,134852,442077,82308,442077,9586,442077,411,522174,196,1.0006273390625002
3,0,,2026-07-18T20:41:16.904317,3146034,443469,134802,443469,82182,443469,9599,443469,458,522860,201,1.00053022078125
3,0,,2026-07-18T20:41:48.914865,3148911,442324,135354,442324,82344,442324,9513,442324,408,523670,199,1.00034616359375
3,0,,2026-07-18T20:42:20.937454,3146600,442217,135285,442217,81605,442217,9491,442217,445,523797,187,1.0007393868750005
3,0,,2026-07-18T20:42:52.963722,3146787,442107,134659,442105,82168,442105,9548,442105,435,524347,212,1.0008332209375004
3,0,,2026-07-18T20:43:24.982851,3146001,442412,134628,442411,82334,442411,9568,442411,445,522819,183,1.0005739546874997
3,0,,2026-07-18T20:43:56.998121,3147080,442327,135290,442327,82108,442327,9659,442327,435,521901,198,1.0005468406250004
3,0,,2026-07-18T20:44:29.021696,3148221,442543,134473,442542,81747,442542,9502,442542,471,522803,201,1.0007849020312503
3,0,,2026-07-18T20:45:01.041342,3145586,442067,134744,442067,81782,442067,9726,442067,417,523025,187,1.0006007276562505
3,0,,2026-07-18T20:45:33.060162,3147032,442308,134712,442308,81536,442308,9822,442308,452,522284,207,1.0006072504687495
3,0,,2026-07-18T20:46:05.080720,3146148,442681,134601,442681,82190,442681,9892,442681,429,522998,186,1.0006548874999994
3,0,,2026-07-18T20:46:37.106770,3150334,443030,135505,443030,82122,443030,9653,443030,442,523468,203,1.0008430296875002
3,0,,2026-07-18T20:47:09.128016,3152229,442528,135041,442528,81936,442528,9934,442528,471,523434,196,1.0006975285937498
3,0,,2026-07-18T20:47:41.137565,3149566,443234,134746,443234,82490,443234,9969,443234,439,522938,187,1.0002943245312506
3,0,,2026-07-18T20:48:13.160294,3149975,443247,134933,443247,81870,443247,9926,443247,429,523230,194,1.00072991203125
3,0,,2026-07-18T20:48:45.179206,3143950,442194,134581,442194,82290,442194,9840,442194,462,521659,188,1.0006088118750003
3,0,,2026-07-18T20:49:17.196100,3145081,442573,134684,442573,82318,442573,10053,442573,468,521781,183,1.0005067818750002
3,0,,2026-07-18T20:49:49.213709,3146590,442510,134721,442510,82216,442510,9828,442510,455,520972,206,1.0006078681249997
3,0,,2026-07-18T20:50:21.235250,3151861,443687,135302,443687,82072,443688,9767,443688,428,522582,210,1.0006862287499998
3,0,,2026-07-18T20:50:53.245664,3152837,444869,136048,444869,82871,444869,9985,444869,429,522113,176,1.0003826785937493
3,0,,2026-07-18T20:51:25.267405,3154231,444938,135535,444938,82587,444938,9823,444938,432,522424,187,1.00070951765625
3,0,,2026-07-18T20:51:57.283300,3154654,445194,135799,445194,82951,445194,10000,445194,459,522900,214,1.0005391890625004
3,0,,2026-07-18T20:52:29.293540,3154118,443716,135420,443716,81906,443716,10035,443716,392,521981,196,1.00041939484375
3,0,,2026-07-18T20:53:01.309884,3157098,444520,135731,444520,82361,444520,9845,444520,446,522805,192,1.0005533714062504
3,0,,2026-07-18T20:53:33.329057,3158366,445749,136452,445747,82676,445747,9831,445747,405,522675,206,1.0006168000000002
3,0,,2026-07-18T20:54:05.353896,3156930,444552,135721,444552,82484,444552,9784,444552,431,524338,193,1.0007892484375005
3,0,,2026-07-18T20:54:37.372656,3160860,445884,135894,445883,82498,445883,9887,445883,463,523119,200,1.0006406192187502
3,0,,2026-07-18T20:55:09.394363,3160801,444478,135525,444477,82521,444477,9959,444477,482,523383,206,1.00075349796875
3,0,,2026-07-18T20:55:41.407252,3162673,445325,135708,445325,82926,445325,9859,445325,400,524550,188,1.0004346415625
3,0,,2026-07-18T20:56:13.425059,3160976,445567,135447,445567,82296,445567,9911,445567,443,525451,215,1.0005620167187501
3,0,,2026-07-18T20:56:45.445770,3169353,445450,136185,445449,82495,445449,9890,445449,436,523991,205,1.0006947421874994
3,0,,2026-07-18T20:57:17.459432,3165301,446326,136298,446326,82742,446326,9868,446326,426,524538,213,1.0004258223437508
3,0,,2026-07-18T20:57:49.477864,3164373,445420,135978,445420,82737,445420,9800,445420,419,525365,193,1.0006122459375
3,0,,2026-07-18T20:58:21.494237,3164607,445711,135682,445709,83288,445709,9787,445709,420,522983,196,1.000509643125
3,0,,2026-07-18T20:58:53.512626,3159670,446065,135566,446064,82999,446064,9776,446064,444,524364,180,1.0006108756249998
3,0,,2026-07-18T20:59:25.530005,3156286,446191,136344,446191,82614,446191,9871,446191,446,524504,205,1.0005731504687498
3,0,,2026-07-18T20:59:57.548267,3162021,446636,136245,446636,83446,446636,9874,446636,458,524701,192,1.0006339254687495
3,0,,2026-07-18T21:00:29.567012,3158666,446055,135662,446053,82714,446053,9585,446053,412,525805,205,1.0005700948437497
3,0,,2026-07-18T21:01:01.572648,3158877,445664,136091,445664,82785,445664,9624,445664,416,524353,205,1.0002631067187502
3,0,,2026-07-18T21:01:33.595098,3162841,446031,135936,446030,83198,446030,9733,446030,411,524696,191,1.0006808089062496
3,0,,2026-07-18T21:02:05.613857,3155006,444792,135706,444792,82442,444792,9695,444792,420,523678,202,1.0006286609374992
3,0,,2026-07-18T21:02:37.636600,3157750,443497,135267,443497,82084,443497,9690,443497,435,525570,201,1.0007047
3,0,,2026-07-18T21:03:09.645973,3161568,446400,136094,446399,82811,446399,9812,446399,460,523367,191,1.0003220145312495
3,0,,2026-07-18T21:03:41.672951,3157993,443643,135156,443643,82239,443643,9587,443643,421,524169,211,1.0007917245312499
3,0,,2026-07-18T21:04:13.694514,3155349,445105,136217,445105,82501,445105,9522,445105,447,524537,213,1.0007643410937503
3,0,,2026-07-18T21:04:45.715043,3158421,444661,136121,444661,82271,444661,9775,444661,455,524230,177,1.0006470921874995
3,0,,2026-07-18T21:05:17.738475,3157915,443870,135204,443869,82256,443869,9449,443869,465,524301,194,1.0007586162500004
3,0,,2026-07-18T21:05:49.755167,3156189,444018,134934,444017,82593,444017,9458,444017,432,523441,223,1.0005064024999992
3,0,,2026-07-18T21:06:21.769050,3153692,444193,135872,444193,82091,444193,9499,444193,415,523175,180,1.0004704240625006
3,0,,2026-07-18T21:06:53.796042,3158284,445158,136191,445157,82607,445157,9605,445157,401,523888,194,1.0008654281249998
3,0,,2026-07-18T21:07:25.817871,3150522,443064,134426,443064,81866,443064,9630,443064,413,523716,194,1.0006767531250007
3,0,,2026-07-18T21:07:57.843935,3150092,442718,135551,442718,81574,442718,9452,442718,452,524329,199,1.0008892525000002
3,0,,2026-07-18T21:08:29.864996,3154090,442498,134943,442498,81655,442498,9643,442498,464,523348,188,1.000689581875
3,0,,2026-07-18T21:09:01.878541,3151075,442399,134604,442399,81950,442399,9698,442399,450,524152,197,1.0004715707812508
3,0,,2026-07-18T21:09:33.893262,3152660,442815,134925,442815,82029,442815,9675,442815,441,523583,183,1.0005504879687501
3,0,,2026-07-18T21:10:05.913376,3153956,443188,134595,443188,81944,443188,9512,443188,461,522980,202,1.0006324124999992
3,0,,2026-07-18T21:10:37.929744,3150674,443274,135252,443274,82380,443274,9555,443274,472,522392,211,1.0005836828125
3,0,,2026-07-18T21:11:09.940793,3145422,441559,134206,441559,81795,441559,9480,441559,411,523352,205,1.0003863323437505
3,0,,2026-07-18T21:11:41.955730,3148567,443062,135422,443062,81658,443062,10006,443062,402,521262,210,1.0005591535937501
3,0,,2026-07-18T21:12:13.970834,3144008,441984,134721,441984,81830,441984,9865,441984,432,521333,218,1.0005103765625
3,0,,2026-07-18T21:12:45.992446,3148724,441463,134892,441463,81672,441463,9846,441463,424,524047,204,1.0006834734374994
3,0,,2026-07-18T21:13:17.992252,3150274,442872,135167,442871,82084,442871,9776,442871,471,522726,200,1.0000437500000001
3,0,,2026-07-18T21:13:50.013074,3147579,443432,134891,443432,81853,443432,10018,443432,410,523501,172,1.0006345006249997
3,0,,2026-07-18T21:14:22.030945,3146433,441634,134638,441634,81615,441634,10063,441634,444,522275,200,1.0006043821875001
3,0,,2026-07-18T21:14:54.048610,3146526,441896,134480,441896,81822,441896,9790,441896,425,521701,198,1.0005804365625002
3,0,,2026-07-18T21:15:26.071963,3150705,443198,135453,443198,81599,443198,9774,443198,449,522565,213,1.0007207578125
3,0,,2026-07-18T21:15:58.093134,3150487,444206,135308,444206,82355,444206,9766,444206,444,523128,201,1.0007469270312506
3,0,,2026-07-18T21:16:30.114951,3149406,445193,135452,445193,82136,445193,10028,445193,427,523213,189,1.0006963765624992
3,0,,2026-07-18T21:17:02.125821,3151439,443516,135194,443516,82036,443516,9808,443516,438,521452,216,1.00038841296875
3,0,,2026-07-18T21:17:34.150970,3156660,443728,135188,443728,82524,443728,9770,443728,425,523397,188,1.0007585490625002
3,0,,2026-07-18T21:18:06.170921,3157819,445457,135657,445455,82374,445455,9985,445455,423,522142,191,1.00069623484375
3,0,,2026-07-18T21:18:38.189695,3155352,444833,135510,444832,82404,444833,9871,444833,452,523808,177,1.0005739296875
3,0,,2026-07-18T21:19:10.205789,3155355,443801,134964,443801,81648,443800,9959,443800,473,523422,201,1.0005307276562498
3,0,,2026-07-18T21:19:42.227715,3159035,445208,135783,445208,82418,445208,9877,445208,426,523627,192,1.0006990234375002
3,0,,2026-07-18T21:20:14.228583,3162023,445615,135597,445615,82663,445615,9985,445615,440,524641,207,1.00010168015625
3,0,,2026-07-18T21:20:46.251018,3160373,446181,136162,446181,82464,446181,9921,446181,407,525504,212,1.0006447839062491
3,0,,2026-07-18T21:21:18.272388,3163304,444753,135377,444753,82389,444753,10061,444753,430,524810,190,1.0007145160937498
3,0,,2026-07-18T21:21:50.290318,3169204,446772,135941,446771,83262,446771,9943,446771,395,525216,184,1.0006029276562494
3,0,,2026-07-18T21:22:22.303320,3159152,444448,135626,444448,81930,444448,9893,444448,405,523187,184,1.0004115125000002
3,0,,2026-07-18T21:22:54.323550,3163324,445989,135902,445988,82660,445988,9831,445988,411,523858,181,1.0006130587500002
3,0,,2026-07-18T21:23:26.342392,3160773,445186,136197,445185,82566,445185,9827,445185,444,525275,185,1.0006426698437498
3,0,,2026-07-18T21:23:58.369079,3162667,446431,136551,446430,82736,446430,9988,446430,406,524603,201,1.0008139453124993
3,0,,2026-07-18T21:24:30.371874,3156371,444747,135520,444747,82261,444747,9923,444747,443,523813,200,1.0001368499999999
3,0,,2026-07-18T21:25:02.395309,3162690,446493,136344,446493,82860,446493,9883,446493,399,524594,193,1.0006977292187496
3,0,,2026-07-18T21:25:34.408848,3161522,445752,136068,445752,82708,445752,9796,445752,436,525094,187,1.0004700656250003
3,0,,2026-07-18T21:26:06.431208,3157952,445778,135999,445778,82535,445778,9722,445778,437,525309,210,1.0006930453124998
3,0,,2026-07-18T21:26:38.455558,3160497,444614,135835,444614,82318,444614,9768,444614,438,523450,190,1.0007934437500012
3,0,,2026-07-18T21:27:10.465700,3158405,446097,135799,446097,82860,446097,9816,446097,420,525174,199,1.00034958953125
3,0,,2026-07-18T21:27:42.488113,3156231,444585,135633,444585,82658,444585,9823,444585,406,523945,184,1.0006645667187495
3,0,,2026-07-18T21:28:14.504849,3162142,446298,136294,446297,82880,446297,9559,446297,426,525517,243,1.0005398665624998
3,0,,2026-07-18T21:28:46.517036,3159896,445500,135086,445500,82772,445500,9733,445500,426,525029,192,1.0004249093750002
3,0,,2026-07-18T21:29:18.538832,3161106,446099,136303,446099,82642,446099,9598,446099,457,524819,208,1.0006918006249998
3,0,,2026-07-18T21:29:50.557722,3160702,445149,136227,445148,82125,445148,9671,445148,450,525627,187,1.0006290640624997
3,0,,2026-07-18T21:30:22.575432,3157997,443484,135384,443484,82175,443484,9582,443484,438,525774,199,1.0005360031250004
3,0,,2026-07-18T21:30:54.592133,3157681,446561,135613,446561,82776,446561,9781,446561,416,525103,224,1.0005416000000005
3,0,,2026-07-18T21:31:26.612225,3151151,444235,135242,444235,81771,444235,9515,444235,444,525649,178,1.0006290609375
3,0,,2026-07-18T21:31:58.630536,3150213,442992,135142,442992,81836,442992,9695,442992,415,524850,206,1.0006153087500003
3,0,,2026-07-18T21:32:30.653939,3156445,443963,135454,443963,82100,443963,9772,443963,446,525160,206,1.0007025667187497
3,0,,2026-07-18T21:33:02.679209,3153195,444715,135880,444715,82257,444715,9629,444715,442,526027,207,1.0008094614062497
3,0,,2026-07-18T21:33:34.702313,3151332,443479,135534,443479,81663,443479,9534,443479,411,525026,199,1.0007254084375001
3,0,,2026-07-18T21:34:06.715101,3149933,444340,135342,444340,81609,444340,9728,444340,451,524840,195,1.0004297118750003
3,0,,2026-07-18T21:34:38.736973,3147549,442163,134558,442163,81391,442163,9484,442163,460,522536,191,1.0007117109375003
3,0,,2026-07-18T21:35:10.754929,3152659,443425,134939,443425,82232,443425,9596,443425,456,524259,208,1.0006502843750003
3,0,,2026-07-18T21:35:42.768785,3149395,444171,135756,444171,82274,444171,9468,444171,461,523584,188,1.0004258968750006
3,0,,2026-07-18T21:36:14.790523,3148746,442235,134539,442233,81546,442233,9624,442233,429,523135,207,1.00062813078125
3,0,,2026-07-18T21:36:46.811357,3152625,444749,135679,444749,82292,444749,9728,444749,424,522600,197,1.0006922504687503
3,0,,2026-07-18T21:37:18.830131,3150391,443152,135160,443151,82208,443151,9893,443151,419,521632,203,1.0005816468750004
3,0,,2026-07-18T21:37:50.851224,3149783,443153,134745,443151,82325,443151,9767,443151,428,521481,201,1.0006780546874998
3,0,,2026-07-18T21:38:22.874028,3151715,443124,135401,443124,81743,443124,9553,443124,442,521849,192,1.0007135151562503
3,0,,2026-07-18T21:38:54.888582,3148745,443181,134550,443181,81861,443181,9626,443181,445,522334,152,1.0004552660937494
3,0,,2026-07-18T21:39:26.889485,3146837,441626,134747,441626,81411,441626,9683,441626,444,522860,198,1.0001033453124997
3,0,,2026-07-18T21:39:58.907214,3152435,441964,135087,441963,81807,441963,9670,441963,440,522696,188,1.0005186964062496
3,0,,2026-07-18T21:40:30.926938,3154163,443283,134604,443282,82350,443282,9877,443282,404,522590,225,1.0005862437500004
3,0,,2026-07-18T21:41:02.947805,3151280,443049,134952,443049,81685,443049,9681,443049,442,523545,210,1.0007624151562502
3,0,,2026-07-18T21:41:34.960442,3148904,442291,134715,442291,81991,442291,9976,442291,403,522228,198,1.0003907687499998
3,0,,2026-07-18T21:42:06.979258,3153753,443488,135140,443488,82271,443488,9782,443488,417,523282,211,1.0006789609374998
3,0,,2026-07-18T21:42:38.997476,3148774,443072,135221,443072,81623,443072,10052,443072,436,523243,208,1.000667799375
3,0,,2026-07-18T21:43:11.020828,3151439,443229,135140,443228,82341,443228,9874,443228,444,521816,204,1.0007734885937496
3,0,,2026-07-18T21:43:43.043534,3150379,443793,135501,443791,81715,443791,9598,443791,454,523269,205,1.0008018
3,0,,2026-07-18T21:44:15.054185,3151516,444348,135526,444348,82259,444348,9848,444348,427,523763,190,1.0004942010937499
3,0,,2026-07-18T21:44:47.077928,3153600,444744,135395,444744,82174,444744,9857,444744,444,522998,192,1.0007559593750002
3,0,,2026-07-18T21:45:19.092220,3158175,445036,135237,445036,81888,445036,9970,445036,403,523403,200,1.0005183946875007
3,0,,2026-07-18T21:45:51.113783,3157414,443805,135422,443804,82345,443804,10069,443804,417,525609,203,1.0007639671874997
3,0,,2026-07-18T21:46:23.131935,3156289,443758,135303,443758,82357,443758,9843,443758,385,524753,193,1.00065286984375
3,0,,2026-07-18T21:46:55.153504,3154040,444333,135132,444332,81929,444332,9801,444332,441,525690,195,1.0007011770312497
3,0,,2026-07-18T21:47:27.172346,3158497,444595,135545,444594,82332,444594,9856,444594,438,524094,177,1.0006180921874999
3,0,,2026-07-18T21:47:59.189910,3160802,445463,134922,445461,83051,445461,10025,445462,438,524173,208,1.0005585849999998
3,0,,2026-07-18T21:48:31.213787,3159491,445054,135471,445054,82138,445054,10107,445053,471,524601,195,1.0007851868749997
3,0,,2026-07-18T21:49:03.233960,3160248,445236,135612,445236,82311,445236,9690,445236,414,525960,222,1.0006227796875005
3,0,,2026-07-18T21:49:35.246926,3162200,446349,136286,446349,82862,446349,10084,446349,418,526078,196,1.0004637984374998
3,0,,2026-07-18T21:50:07.262913,3167031,446820,136444,446820,82672,446820,10011,446820,422,526161,206,1.0005370526562503
3,0,,2026-07-18T21:50:39.283215,3167036,447125,136021,447125,83064,447125,10164,447125,442,525957,180,1.0006223785937498
3,0,,2026-07-18T21:51:11.301234,3161780,446200,135946,446200,82407,446200,9816,446200,410,526466,192,1.0006285714062497
3,0,,2026-07-18T21:51:43.321992,3161481,445406,136098,445406,82760,445406,9964,445406,442,524288,187,1.0006696000000004
3,0,,2026-07-18T21:52:15.341410,3157964,445694,135985,445694,82566,445694,9707,445694,426,523070,219,1.0006351062499996
3,0,,2026-07-18T21:52:47.362114,3159615,446175,136452,446175,82117,446175,9790,446175,413,525082,198,1.0006599254687498
3,0,,2026-07-18T21:53:19.379463,3158512,445960,136307,445960,83018,445960,9774,445960,451,523375,197,1.0005477
3,0,,2026-07-18T21:53:51.400739,3158882,445567,136219,445567,82631,445567,9702,445567,432,525107,208,1.000704822968751
3,0,,2026-07-18T21:54:23.427617,3161469,446103,136613,446103,82522,446103,9836,446103,418,525846,201,1.00085063015625
3,0,,2026-07-18T21:54:55.441623,3159100,446771,136542,446771,82757,446771,9819,446771,448,525307,205,1.00045634171875
3,0,,2026-07-18T21:55:27.466637,3161831,446073,135913,446073,83212,446073,9699,446073,438,524270,178,1.0008337624999997
3,0,,2026-07-18T21:55:59.481650,3158683,445925,135823,445925,82645,445925,9653,445925,439,525004,207,1.0004820895312503
3,0,,2026-07-18T21:56:31.500161,3161778,446198,136243,446198,82764,446198,9771,446198,450,525848,220,1.0005902734375003
3,0,,2026-07-18T21:57:03.516857,3160288,446420,136424,446418,82874,446418,9652,446418,415,525006,227,1.0005247421875003
3,0,,2026-07-18T21:57:35.536294,3159265,445637,136094,445637,82518,445637,9689,445637,470,526482,209,1.0006962031249997
3,0,,2026-07-18T21:58:07.545775,3155060,443990,135342,443990,82635,443990,9466,443990,415,525711,229,1.0003032698437502
3,0,,2026-07-18T21:58:39.553556,3155336,444635,135749,444635,82177,444635,9610,444635,443,525262,194,1.0002873135937502
3,0,,2026-07-18T21:59:11.574030,3153118,444298,135187,444298,81922,444298,9501,444298,443,525551,173,1.0006084801562505
3,0,,2026-07-18T21:59:43.583932,3157059,444412,135545,444412,82181,444412,9383,444412,491,525152,186,1.0003289885937499
3,0,,2026-07-18T22:00:15.601763,3155239,444889,136363,444889,82174,444889,9527,444889,444,525551,215,1.00059534109375
3,0,,2026-07-18T22:00:47.619677,3152300,443430,134647,443430,81576,443430,9395,443430,457,524726,175,1.00054575828125
3,0,,2026-07-18T22:01:19.636179,3149316,443328,135239,443328,82135,443328,9607,443328,407,523374,187,1.0005619734375002
3,0,,2026-07-18T22:01:51.655408,3152965,445118,135849,445118,82505,445118,9718,445118,467,523806,198,1.0006032448437496
3,0,,2026-07-18T22:02:23.668561,3149553,443158,135035,443158,82106,443158,9604,443158,450,523723,240,1.0004256120312498
3,0,,2026-07-18T22:02:55.687160,3153041,442771,135187,442771,82038,442771,9557,442771,395,523850,189,1.0006020750000004
3,0,,2026-07-18T22:03:27.702116,3155832,444272,135910,444272,82179,444272,9468,444272,487,524458,213,1.0005304582812502
3,0,,2026-07-18T22:03:59.724015,3149926,443856,134667,443854,82624,443854,9554,443854,459,524564,189,1.0006740457812504
3,0,,2026-07-18T22:04:31.740769,3149699,442929,134668,442929,81800,442929,9815,442929,447,524298,205,1.0005681053125
3,0,,2026-07-18T22:05:03.764775,3151726,443299,135349,443299,81933,443299,9647,443299,449,523249,211,1.0007197785937498
3,0,,2026-07-18T22:05:35.780680,3150105,442644,135078,442644,82395,442644,9718,442644,431,522646,197,1.0005316207812502
3,0,,2026-07-18T22:06:07.804855,3149683,442879,134864,442879,81562,442879,9625,442879,447,524067,183,1.0007793687500002
3,0,,2026-07-18T22:06:39.827904,3151476,444978,136068,444978,82352,444978,9774,444978,491,523110,189,1.0007332693749995
3,0,,2026-07-18T22:07:11.846074,3153541,444798,135937,444798,82533,444798,9807,444798,441,523528,183,1.0005934540625006
3,0,,2026-07-18T22:07:43.866268,3151846,444722,136026,444722,81634,444722,9775,444722,439,523750,177,1.0006118537499995
3,0,,2026-07-18T22:08:15.880937,3151030,443389,135193,443389,81919,443389,9877,443389,420,524663,203,1.00048804890625
3,0,,2026-07-18T22:08:47.887816,3152699,444594,135943,444594,81878,444594,9884,444594,469,523437,205,1.0002833535937503
3,0,,2026-07-18T22:09:19.911789,3150817,445190,135610,445190,82368,445190,9965,445190,428,523686,200,1.0006983921875
3,0,,2026-07-18T22:09:51.931195,3157992,444015,135469,444015,82325,444015,9975,444015,409,523479,190,1.0006314828125003
3,0,,2026-07-18T22:10:23.930776,3156346,445186,135430,445186,82604,445186,9848,445186,459,522619,182,1.0000681901562507
3,0,,2026-07-18T22:10:55.950722,3154237,444811,135347,444811,82310,444811,9866,444811,463,525085,226,1.0005938276562505
3,0,,2026-07-18T22:11:27.976591,3157353,446234,136064,446234,82605,446234,9828,446234,418,524045,193,1.00082280046875
3,0,,2026-07-18T22:11:59.994623,3157180,445729,136227,445728,82378,445728,9841,445728,429,524204,193,1.000597875
3,0,,2026-07-18T22:12:32.017155,3162113,445212,136050,445212,82488,445212,9820,445212,441,525336,209,1.0007091729687503
3,0,,2026-07-18T22:13:04.037019,3164831,444939,135859,444939,82082,444939,9849,444939,381,525803,192,1.0006334879687497
3,0,,2026-07-18T22:13:36.057999,3162466,445683,135717,445683,82808,445683,9717,445683,411,526501,194,1.00067098125
3,0,,2026-07-18T22:14:08.080766,3163762,446007,135948,446007,82199,446007,9931,446007,411,526265,204,1.00070170046875
3,0,,2026-07-18T22:14:40.104501,3168098,445960,136254,445960,82516,445960,10029,445960,417,527744,184,1.0007676193750004
3,0,,2026-07-18T22:15:12.125990,3160047,445641,135547,445641,82331,445641,9910,445641,423,526583,194,1.00069934
3,0,,2026-07-18T22:15:44.135039,3155426,443572,135033,443572,82037,443572,9722,443572,404,525345,189,1.0002749709375
3,0,,2026-07-18T22:16:16.152597,3161426,444810,135161,444809,82704,444809,9723,444809,421,525851,181,1.0006348567187502
3,0,,2026-07-18T22:16:48.172795,3159170,446014,135343,446014,82799,446014,9923,446014,443,525986,216,1.0007207604687502
3,0,,2026-07-18T22:17:20.193735,3155690,445639,135721,445639,82244,445639,9787,445639,444,525778,202,1.0006717509374992
3,0,,2026-07-18T22:17:52.217083,3157450,446169,136507,446169,82627,446169,9686,446169,416,526495,216,1.00076169171875
3,0,,2026-07-18T22:18:24.241276,3161258,446572,136446,446572,82862,446572,9546,446572,394,525483,208,1.0008175062499998
3,0,,2026-07-18T22:18:56.248479,3164229,448122,137046,448122,82729,448122,9793,448122,417,525044,199,1.0002732332812503
3,0,,2026-07-18T22:19:28.263439,3154506,444947,135043,444947,82017,444947,9661,444947,464,525308,210,1.0005152390624994
3,0,,2026-07-18T22:20:00.281752,3163991,444976,136686,444976,82376,444976,9699,444976,417,526529,214,1.0005553624999999
3,0,,2026-07-18T22:20:32.284467,3159470,445468,135984,445467,82829,445467,9756,445467,465,524629,200,1.0002086890625008
3,0,,2026-07-18T22:21:04.298487,3161028,445179,135989,445178,82758,445178,9590,445178,397,526232,198,1.0005045609375
3,0,,2026-07-18T22:21:36.315360,3163212,446156,136154,446155,82864,446155,9571,446155,426,525751,185,1.0005354928125003
3,0,,2026-07-18T22:22:08.337794,3162379,445439,136031,445439,82414,445439,9530,445439,474,526365,190,1.0007231540625
3,0,,2026-07-18T22:22:40.359239,3157919,444205,135612,444203,82020,444203,9412,444203,447,525830,202,1.0006957765624998
3,0,,2026-07-18T22:23:12.373046,3159615,445889,136071,445888,81782,445888,9625,445888,461,525266,199,1.0004733432812503
3,0,,2026-07-18T22:23:44.390753,3161306,444508,136496,444508,82195,444508,9363,444508,442,526574,208,1.0006024207812505
3,0,,2026-07-18T22:24:16.406852,3157081,445671,136060,445670,82370,445670,9523,445670,420,525275,210,1.0005802932812502
3,0,,2026-07-18T22:24:48.428959,3157103,444812,135805,444812,82600,444812,9330,444812,417,525960,210,1.00066176671875
3,0,,2026-07-18T22:25:20.445150,3156147,444723,135656,444723,82549,444723,9561,444723,414,524172,201,1.0005474785937505
3,0,,2026-07-18T22:25:52.458727,3156171,443135,134396,443135,81923,443135,9442,443135,461,525654,211,1.0004679718750005
3,0,,2026-07-18T22:26:24.461296,3154368,444554,135378,444554,82233,444554,9721,444554,474,524304,212,1.00012367390625
3,0,,2026-07-18T22:26:56.473961,3149779,442091,135156,442091,81744,442091,9437,442091,424,524696,207,1.0004144334375003
3,0,,2026-07-18T22:27:28.487975,3147658,442846,135375,442846,81890,442846,9441,442846,453,524649,200,1.0004797004687505
3,0,,2026-07-18T22:28:00.494037,3150399,442402,134934,442402,81515,442402,9624,442402,391,524662,172,1.0001599640624999
3,0,,2026-07-18T22:28:32.510889,3146207,441895,134629,441895,81968,441895,9456,441895,440,523957,194,1.0005883395312498
3,0,,2026-07-18T22:29:04.523334,3148372,443154,135235,443154,81655,443154,9707,443154,426,524453,217,1.0004451053124999
3,0,,2026-07-18T22:29:36.541927,3146716,443912,135428,443912,82034,443912,9553,443912,485,523477,206,1.00061957859375
3,0,,2026-07-18T22:30:08.560900,3145334,443030,135154,443030,81662,443030,9615,443030,445,523353,198,1.0006101979687498
3,0,,2026-07-18T22:30:40.583282,3145915,443147,135414,443147,81625,443147,9645,443147,417,524425,193,1.0007318817187498
3,0,,2026-07-18T22:31:12.603585,3146055,443642,135266,443642,81983,443642,9429,443642,424,523836,209,1.0006519073437503
3,0,,2026-07-18T22:31:44.623180,3151658,442854,134875,442853,81905,442853,9756,442853,456,523044,198,1.00063489578125
3,0,,2026-07-18T22:32:16.639006,3151644,443987,135347,443987,82742,443987,9661,443987,432,523674,185,1.0005256296875003
3,0,,2026-07-18T22:32:48.660437,3148425,443761,135275,443760,81709,443760,9795,443760,451,525542,200,1.0007056239062504
3,0,,2026-07-18T22:33:20.673797,3154420,444547,135497,444546,82153,444546,9580,444546,458,523698,203,1.0004409631250002
3,0,,2026-07-18T22:33:52.699876,3156026,445912,135405,445912,82645,445912,9846,445912,357,525141,196,1.0007916546875004
3,0,,2026-07-18T22:34:24.720596,3152491,445217,135655,445217,82468,445217,9605,445217,462,524105,194,1.0007000926562504
3,0,,2026-07-18T22:34:56.736557,3160669,445323,135981,445323,82165,445323,9741,445323,449,523591,205,1.0005503546874999
3,0,,2026-07-18T22:35:28.761667,3155630,445289,135854,445289,82542,445289,9762,445289,438,522159,182,1.0007921609374995
3,0,,2026-07-18T22:36:00.766638,3156910,445257,135551,445257,82428,445257,9545,445257,417,524355,194,1.0001885839062499
3,0,,2026-07-18T22:36:32.779585,3160489,446377,136519,446377,82187,446377,9926,446377,450,524236,176,1.0004511160937504
3,0,,2026-07-18T22:37:04.795445,3162037,446813,136331,446813,83087,446813,9766,446813,471,523349,202,1.0004879379687504
3,0,,2026-07-18T22:37:36.807939,3158542,445497,136068,445497,82105,445497,9666,445497,442,525559,185,1.0003987646874997
3,0,,2026-07-18T22:38:08.824339,3164784,445637,135911,445637,82316,445637,9766,445637,468,524588,183,1.0005799321875
3,0,,2026-07-18T22:38:40.842235,3164428,446773,136932,446773,82455,446773,9878,446773,442,525574,190,1.0005242234375
3,0,,2026-07-18T22:39:12.855986,3165617,446862,136988,446862,82563,446862,9639,446862,445,526911,200,1.0004911125000002
3,0,,2026-07-18T22:39:44.874192,3171800,446891,136696,446891,82678,446891,9694,446891,436,527023,213,1.0006200271874999
3,0,,2026-07-18T22:40:16.894856,3172358,446461,136244,446461,82752,446461,9623,446461,402,526162,198,1.0006076962499997
3,0,,2026-07-18T22:40:48.906993,3168371,446603,136678,446603,82154,446603,9713,446603,446,526077,194,1.0004123167187509
3,0,,2026-07-18T22:41:20.920345,3169788,446784,136228,446784,82366,446784,9694,446784,435,526538,200,1.0004275995312502
3,0,,2026-07-18T22:41:52.933162,3166610,446819,136366,446817,82578,446817,9671,446817,451,525834,202,1.0004236274999996
3,0,,2026-07-18T22:42:24.946817,3160553,446493,136519,446493,82678,446493,9464,446493,384,526583,194,1.0004525885937507
3,0,,2026-07-18T22:42:56.964661,3166590,445145,136433,445145,81749,445145,9685,445145,441,525765,207,1.0005700281250003
3,0,,2026-07-18T22:43:28.981755,3162844,447088,136810,447088,82653,447088,9709,447088,432,526261,201,1.0005677301562506
3,0,,2026-07-18T22:44:00.993612,3162515,444743,136043,444743,82187,444743,9642,444743,450,526412,204,1.0003892671874997
3,0,,2026-07-18T22:44:33.013014,3163924,445532,135841,445532,82656,445532,9521,445532,441,526598,195,1.0006141557812505
3,0,,2026-07-18T22:45:05.027121,3163591,445488,136389,445488,82152,445488,9629,445488,438,525108,197,1.0004898718750002
3,0,,2026-07-18T22:45:37.048382,3159890,446270,135917,446270,82391,446270,9523,446270,482,525988,203,1.0006272635937496
3,0,,2026-07-18T22:46:09.063898,3161043,445637,135951,445637,82155,445637,9605,445637,455,527374,206,1.0005879218749996
3,0,,2026-07-18T22:46:41.084520,3159007,444069,135493,444069,82299,444069,9469,444069,468,526253,210,1.0005875228125005
3,0,,2026-07-18T22:47:13.097257,3157745,445168,135683,445168,82116,445168,9553,445168,430,524616,211,1.00046482453125
3,0,,2026-07-18T22:47:45.110932,3156176,444585,136299,444585,82393,444585,9396,444585,444,524819,217,1.0004082026562506
3,0,,2026-07-18T22:48:17.121165,3156225,444221,135982,444221,81890,444221,9508,444221,439,525446,216,1.0003479546874998
3,0,,2026-07-18T22:48:49.138463,3153823,444547,135961,444547,82055,444547,9330,444547,478,524794,185,1.0005284546875
3,0,,2026-07-18T22:49:21.145962,3153325,443693,135587,443693,82415,443693,9358,443693,403,525214,198,1.0002532156250001
3,0,,2026-07-18T22:49:53.159418,3157111,444486,135713,444486,82452,444486,9233,444486,454,525137,217,1.0004920509375002
3,0,,2026-07-18T22:50:25.172051,3151490,442901,135364,442900,81701,442900,9456,442900,426,523902,197,1.0003919843749998
3,0,,2026-07-18T22:50:57.181765,3156276,444147,135929,444147,82444,444147,9500,444147,399,522692,196,1.0004129432812503
3,0,,2026-07-18T22:51:29.198306,3155005,444068,135034,444067,82919,444067,9507,444067,450,524849,213,1.0005340598437502
3,0,,2026-07-18T22:52:01.213037,3152239,443333,135559,443333,81860,443333,9421,443333,431,524416,189,1.0004712734375
3,0,,2026-07-18T22:52:33.227571,3153469,442852,134849,442851,81840,442851,9582,442851,449,524356,196,1.0005474229687497
3,0,,2026-07-18T22:53:05.238736,3154238,443174,135350,443174,81945,443174,9583,443174,481,524262,226,1.0004633145312498
3,0,,2026-07-18T22:53:37.252335,3154321,444152,135691,444152,81795,444152,9768,444152,440,523476,209,1.0004234484375008
3,0,,2026-07-18T22:54:09.268961,3150990,444214,134640,444214,82434,444214,9704,444214,435,524211,207,1.0005121870312497
3,0,,2026-07-18T22:54:41.279201,3155551,443454,136005,443454,81958,443454,9714,443454,448,523148,176,1.000420434375
3,0,,2026-07-18T22:55:13.293818,3152559,444888,135816,444888,82630,444888,9621,444888,439,522392,210,1.0005233859374996
3,0,,2026-07-18T22:55:45.297983,3151634,444326,136072,444326,82019,444326,9843,444326,434,522814,183,1.00015097390625
3,0,,2026-07-18T22:56:17.316687,3155725,445647,136151,445647,82216,445647,9656,445647,445,523566,196,1.0006234432812504
3,0,,2026-07-18T22:56:49.330566,3154913,445552,136020,445552,82098,445552,9709,445552,484,523894,195,1.0004442624999996
3,0,,2026-07-18T22:57:21.339215,3153992,445407,136244,445407,82114,445407,9744,445407,469,523389,195,1.0003407776562496
3,0,,2026-07-18T22:57:53.350220,3161254,445869,136164,445868,82511,445868,9782,445868,424,524827,198,1.0004329582812495
3,0,,2026-07-18T22:58:25.366387,3156842,444763,136057,444763,82056,444763,9873,444763,443,524788,193,1.0005074953124997
3,0,,2026-07-18T22:58:57.377047,3155655,445011,136385,445011,81784,445011,9668,445011,465,524991,209,1.0003369785937495
3,0,,2026-07-18T22:59:29.388124,3157052,445818,135930,445818,82322,445818,9800,445818,437,524825,199,1.0003998375
3,0,,2026-07-18T23:00:01.400027,3164363,445266,135955,445266,82529,445266,9835,445266,416,524555,200,1.0004349084375002
3,0,,2026-07-18T23:00:33.402793,3163065,447151,135911,447150,82775,447150,9824,447150,425,527503,226,1.00014584578125
3,0,,2026-07-18T23:01:05.413915,3161737,446292,135828,446292,82785,446292,9875,446292,421,526364,214,1.00035256296875
3,0,,2026-07-18T23:01:37.435270,3167830,446342,136165,446342,82640,446342,9783,446342,424,525739,173,1.0006814437500005
3,0,,2026-07-18T23:02:09.452484,3164780,446447,136010,446447,82796,446447,9891,446447,417,525943,204,1.0005741890625
3,0,,2026-07-18T23:02:41.466783,3165623,448241,136283,448241,82901,448241,9615,448241,449,526642,199,1.0004823171875
3,0,,2026-07-18T23:03:13.477221,3168457,446585,136036,446585,82732,446585,9798,446585,439,527590,213,1.0003761640625004
3,0,,2026-07-18T23:03:45.489736,3166972,447792,136958,447792,82804,447792,9763,447792,412,526137,195,1.0003950593750002
3,0,,2026-07-18T23:04:17.503282,3162781,446474,135818,446474,82849,446474,9567,446474,429,527423,210,1.00046795734375
3,0,,2026-07-18T23:04:49.513821,3161560,446477,136408,446477,82429,446477,9621,446477,432,526724,208,1.0003335609375
3,0,,2026-07-18T23:05:21.513195,3161500,445416,136353,445416,82291,445416,9736,445416,466,526120,204,1.0000299917187498
3,0,,2026-07-18T23:05:53.522715,3159315,446669,136260,446669,82734,446669,9834,446669,440,526319,198,1.0003278071874995
3,0,,2026-07-18T23:06:25.533569,3156724,445309,135958,445309,82532,445309,9609,445309,423,527291,185,1.0003265115624997
3,0,,2026-07-18T23:06:57.550547,3163050,445530,136384,445530,82294,445530,9637,445530,394,525993,206,1.0005605624999996
3,0,,2026-07-18T23:07:29.560607,3160557,446410,135939,446410,82465,446410,9485,446410,405,525450,200,1.00034738328125
3,0,,2026-07-18T23:08:01.570046,3159460,445553,136305,445553,81803,445553,9653,445553,435,526514,198,1.0003419437500003
3,0,,2026-07-18T23:08:33.588335,3161309,446435,136378,446435,82436,446435,9404,446435,458,524987,186,1.0005696073437504
3,0,,2026-07-18T23:09:05.604772,3159086,445464,135770,445464,82310,445464,9539,445464,455,527180,207,1.0005509728125004
3,0,,2026-07-18T23:09:37.628952,3159806,445283,136366,445283,82181,445283,9405,445283,467,525921,171,1.00082448390625
3,0,,2026-07-18T23:10:09.649795,3159841,445590,135862,445589,82846,445589,9219,445589,430,526784,225,1.00062880046875
3,0,,2026-07-18T23:10:41.656927,3156137,444088,135527,444088,81918,444088,9406,444088,443,525908,195,1.0002725146875002
3,0,,2026-07-18T23:11:13.670370,3157703,444829,135803,444829,81790,444829,9308,444829,453,527064,187,1.0004443562499996
3,0,,2026-07-18T23:11:45.689716,3157703,443856,135508,443855,82284,443855,9133,443855,460,525379,201,1.00061015671875
3,0,,2026-07-18T23:12:17.703113,3157902,443756,135502,443756,82002,443756,9256,443756,461,527168,209,1.0004036292187501
3,0,,2026-07-18T23:12:49.712343,3157019,443445,135611,443443,81926,443443,9208,443443,474,525446,212,1.0003623875
3,0,,2026-07-18T23:13:21.724391,3154980,443534,135007,443534,82229,443534,9215,443534,486,526033,208,1.0004070660937499
3,0,,2026-07-18T23:13:53.749104,3157159,443654,135350,443652,82147,443652,9316,443652,502,525712,175,1.00077098640625
3,0,,2026-07-18T23:14:25.764181,3154712,443058,135771,443058,82030,443058,9275,443058,439,525248,168,1.0005191203125001
3,0,,2026-07-18T23:14:57.789848,3156743,442971,135322,442970,82024,442970,9305,442970,477,524553,205,1.00078435625
3,0,,2026-07-18T23:15:29.808060,3156245,443825,135597,443824,81652,443824,9409,443824,465,525091,204,1.0005954198437501
3,0,,2026-07-18T23:16:01.808921,3154901,444401,135354,444401,81975,444401,9203,444401,480,523716,203,1.0000872843750004
3,0,,2026-07-18T23:16:33.832731,3154297,442609,134828,442609,81656,442609,9484,442609,450,524853,201,1.0007306109374998
3,0,,2026-07-18T23:17:05.845156,3151329,443399,135463,443399,81971,443399,9168,443399,449,524543,166,1.0004460109374993
3,0,,2026-07-18T23:17:37.860971,3153120,441905,135134,441904,81441,441904,9387,441904,438,524466,199,1.0004694848437505
3,0,,2026-07-18T23:18:09.884394,3149670,443909,135563,443909,81915,443909,9549,443909,453,523248,224,1.0007379937499998
3,0,,2026-07-18T23:18:41.900414,3149001,443042,135568,443042,81746,443042,9399,443042,451,524323,210,1.000554028125
3,0,,2026-07-18T23:19:13.913934,3151650,443096,135040,443096,81954,443096,9455,443096,422,524012,216,1.0004212948437503
3,0,,2026-07-18T23:19:45.929017,3155984,443521,135254,443521,81969,443521,9538,443521,439,524426,173,1.0005041614062502
3,0,,2026-07-18T23:20:17.942372,3152692,443594,134991,443593,82067,443593,9429,443593,486,524516,208,1.0004424843750002
3,0,,2026-07-18T23:20:49.959153,3152834,444140,136216,444140,82172,444140,9637,444140,449,524109,205,1.0005522484374993
3,0,,2026-07-18T23:21:21.978354,3153234,444221,135426,444221,82450,444221,9676,444221,451,522803,203,1.0005966432812499
3,0,,2026-07-18T23:21:53.997559,3155495,444181,135510,444180,82453,444180,9504,444180,460,523308,204,1.0006340093749997
3,0,,2026-07-18T23:22:26.014598,3157384,444568,136067,444568,81838,444568,9618,444568,454,522883,182,1.0005445667187498
3,0,,2026-07-18T23:22:58.020595,3157874,446016,135627,446016,82404,446016,9735,446016,436,524498,220,1.0001791926562498
3,0,,2026-07-18T23:23:30.037777,3158278,445510,135995,445510,82822,445510,9647,445510,455,524845,200,1.0005729114062492
3,0,,2026-07-18T23:24:02.052546,3156366,444240,135784,444240,82682,444240,9560,444240,441,524980,208,1.0005156573437495
3,0,,2026-07-18T23:24:34.073846,3158680,445680,136509,445680,82307,445680,9724,445680,447,524732,179,1.0007064385937499
3,0,,2026-07-18T23:25:06.090094,3162804,444804,136565,444804,81964,444804,9685,444804,422,525873,195,1.00055065203125
3,0,,2026-07-18T23:25:38.104929,3162765,446855,136635,446855,82583,446855,9715,446855,473,525262,193,1.0005223635937501
3,0,,2026-07-18T23:26:10.126749,3160077,445968,136200,445968,82452,445968,9615,445968,494,524245,229,1.0007362770312493
3,0,,2026-07-18T23:26:42.136056,3165464,446741,136456,446741,82583,446741,9890,446741,441,526185,199,1.0003398307812499
3,0,,2026-07-18T23:27:14.157373,3163269,445842,136616,445842,82539,445842,9769,445842,414,526779,212,1.0006894598437504
3,0,,2026-07-18T23:27:46.176785,3171629,447705,136732,447705,82727,447705,9480,447705,433,526205,171,1.0006677265624997
3,0,,2026-07-18T23:28:18.190945,3167115,446769,136719,446769,82626,446769,9845,446769,446,526116,203,1.0004713578125004
3,0,,2026-07-18T23:28:50.214582,3164431,446272,136231,446272,82886,446272,9568,446272,457,526876,229,1.0007854301562504
3,0,,2026-07-18T23:29:22.228490,3162155,447307,136961,447307,82676,447307,9655,447307,433,523896,215,1.0005114459375002
3,0,,2026-07-18T23:29:54.245616,3162325,445450,136547,445450,82966,445450,9524,445450,428,525928,193,1.0005805145312496
3,0,,2026-07-18T23:30:26.260576,3162803,445841,136203,445841,82612,445841,9533,445841,435,524593,192,1.0005179082812505
3,0,,2026-07-18T23:30:58.270112,3160798,446228,136781,446228,82404,446228,9715,446228,421,526508,207,1.0003692792187504
3,0,,2026-07-18T23:31:30.289107,3165121,446340,136373,446340,82591,446340,9660,446340,411,525614,223,1.0005974515624998
3,0,,2026-07-18T23:32:02.304470,3161010,446515,136312,446515,83010,446515,9577,446515,455,525281,208,1.0005144051562496
3,0,,2026-07-18T23:32:34.317569,3164143,445482,136430,445481,82453,445481,9492,445481,419,526261,200,1.0003997906250004
3,0,,2026-07-18T23:33:06.321369,3162651,445363,136175,445362,82734,445362,9295,445362,418,525820,216,1.0001944323437504
3,0,,2026-07-18T23:33:38.340318,3161530,445939,136471,445939,82340,445939,9490,445939,453,525998,203,1.0006419
3,0,,2026-07-18T23:34:10.365844,3162607,444635,136038,444635,82170,444635,9439,444635,398,527185,196,1.0008054370312496
3,0,,2026-07-18T23:34:42.386641,3159022,444730,136154,444730,82285,444730,9392,444730,461,525881,212,1.0007176556250004
3,0,,2026-07-18T23:35:14.410281,3158361,444992,136319,444992,82135,444992,9412,444992,424,526428,185,1.0007792803125002
3,0,,2026-07-18T23:35:46.428243,3158376,443583,135761,443583,81991,443583,9502,443583,475,524620,219,1.0005475765624998
3,0,,2026-07-18T23:36:18.446531,3155473,444372,135858,444372,82033,444372,9292,444372,437,524779,186,1.0006290353125002
3,0,,2026-07-18T23:36:50.448492,3155149,443936,135974,443936,82039,443936,9436,443936,441,523544,196,1.0001124734375002
3,0,,2026-07-18T23:37:22.473338,3157015,444554,136409,444554,81977,444554,9550,444554,457,524238,206,1.0007572365625
3,0,,2026-07-18T23:37:54.486196,3156178,444748,135232,444748,82347,444748,9655,444748,442,525164,207,1.00040180515625
3,0,,2026-07-18T23:38:26.504584,3157008,443235,136031,443235,82210,443235,9558,443235,486,525269,207,1.00063698546875
3,0,,2026-07-18T23:38:58.520905,3154562,442004,134633,442004,81502,442004,9583,442004,424,525542,198,1.0005486593749997
3,0,,2026-07-18T23:39:30.537210,3153294,442514,134806,442513,81693,442513,9515,442513,451,523248,197,1.0005314603125002
3,0,,2026-07-18T23:40:02.555044,3154966,442613,135704,442613,81518,442613,9507,442613,434,524657,196,1.0005616099999999
3,0,,2026-07-18T23:40:34.574691,3152340,443569,135513,443569,81489,443569,9415,443569,453,525363,189,1.0006463921875004
3,0,,2026-07-18T23:41:06.595183,3156125,443695,135396,443695,82205,443695,9560,443695,478,523738,194,1.000701828125
3,0,,2026-07-18T23:41:38.595214,3150827,444460,135492,444460,82074,444460,9687,444460,486,523715,186,1.0000638359374994
3,0,,2026-07-18T23:42:10.613456,3148665,444078,135841,444078,81859,444078,9690,444078,451,522301,175,1.0005868406249998
3,0,,2026-07-18T23:42:42.624654,3150377,444295,135888,444295,82041,444295,9687,444295,421,524110,212,1.0003706618749997
3,0,,2026-07-18T23:43:14.644837,3153795,444532,135611,444532,82753,444532,9538,444532,464,523700,197,1.0006229500000006
3,0,,2026-07-18T23:43:46.666598,3155790,445591,135572,445591,82875,445591,9697,445591,467,525260,186,1.0006847542187498
3,0,,2026-07-18T23:44:18.685131,3153780,444220,135733,444220,82130,444220,9655,444220,416,524209,194,1.00060828171875
3,0,,2026-07-18T23:44:50.693886,3151967,444473,135859,444473,82388,444473,9755,444473,463,524746,187,1.0003012318749998
3,0,,2026-07-18T23:45:22.710854,3157352,445865,135529,445865,82643,445865,9685,445865,410,525103,186,1.0005671848437503
3,0,,2026-07-18T23:45:54.724199,3157628,444234,135826,444234,82038,444234,9615,444234,452,525831,198,1.0004633057812498
3,0,,2026-07-18T23:46:26.746371,3158151,444456,134988,444455,82237,444455,9802,444455,428,525945,210,1.0006660270312502
3,0,,2026-07-18T23:46:58.765687,3158513,444901,136527,444901,82557,444901,9747,444901,444,526643,195,1.0006049317187498
3,0,,2026-07-18T23:47:30.779477,3162560,446353,136499,446353,82496,446353,9821,446353,400,525421,181,1.0004789792187505
3,0,,2026-07-18T23:48:02.798376,3167007,446925,137040,446925,82573,446925,9878,446925,437,526048,178,1.0006191734375003
3,0,,2026-07-18T23:48:34.820589,3168040,447192,136426,447192,82665,447192,9766,447192,455,526554,183,1.0007378473437503
3,0,,2026-07-18T23:49:06.839918,3168263,446914,136934,446913,82869,446913,9911,446913,418,526096,178,1.0005887218750003
3,0,,2026-07-18T23:49:38.860866,3164445,445853,136267,445851,82606,445851,9675,445851,438,526098,207,1.000701856875
3,0,,2026-07-18T23:50:10.882842,3164841,446443,136679,446443,83072,446443,9540,446443,411,525617,222,1.0006939978125
3,0,,2026-07-18T23:50:42.898030,3162235,446314,136443,446314,82433,446314,9912,446314,438,526101,198,1.0004943521874998
3,0,,2026-07-18T23:51:14.924807,3163012,445434,135932,445434,82478,445434,9684,445434,469,525646,203,1.0008414234374998
3,0,,2026-07-18T23:51:46.940678,3163869,446621,136590,446621,82896,446621,9390,446621,437,525333,187,1.0005325843749995
3,0,,2026-07-18T23:52:18.954129,3162245,447246,136754,447246,82851,447246,9576,447246,445,524216,204,1.0004427556250002
3,0,,2026-07-18T23:52:50.968765,3162534,445637,136892,445637,82233,445637,9607,445637,471,525758,208,1.0005058010937504
3,0,,2026-07-18T23:53:22.984171,3159882,445713,135986,445713,82451,445713,9522,445713,451,525550,216,1.00047866359375
3,0,,2026-07-18T23:53:55.002497,3164305,446162,136407,446162,82941,446162,9581,446162,426,526737,188,1.0005801062500002
3,0,,2026-07-18T23:54:27.025572,3163274,445037,136277,445037,82189,445037,9580,445037,396,526701,188,1.0007088884375004
3,0,,2026-07-18T23:54:59.035159,3157180,444401,135468,444400,82624,444400,9223,444400,423,526293,214,1.0003696874999999
3,0,,2026-07-18T23:55:31.058177,3161258,445599,136037,445599,82622,445599,9289,445599,434,526032,194,1.000702938125
3,0,,2026-07-18T23:56:03.074749,3162061,444648,135415,444648,82332,444648,9479,444648,504,526556,198,1.0005143290624996
3,0,,2026-07-18T23:56:35.092298,3163467,445293,135549,445293,82346,445293,9345,445293,396,525920,207,1.0006085948437495
3,0,,2026-07-18T23:57:07.111206,3159005,444285,135475,444285,82699,444285,9199,444285,448,526292,181,1.0005952515624996
3,0,,2026-07-18T23:57:39.135560,3159260,445400,136030,445400,82412,445400,9545,445400,423,525676,189,1.0008280281250004
3,0,,2026-07-18T23:58:11.153034,3157906,443983,136424,443983,82301,443983,9303,443983,472,525783,206,1.0005464557812505
3,0,,2026-07-18T23:58:43.176315,3157246,445008,135836,445007,82377,445007,9286,445007,465,526164,206,1.0007132031250003
3,0,,2026-07-18T23:59:15.197993,3156752,443784,135710,443784,81708,443784,9355,443784,432,525005,198,1.0007066546875
3,0,,2026-07-18T23:59:47.220151,3155730,444063,135903,444062,81875,444062,9444,444062,472,525075,183,1.0006633254687503
3,0,,2026-07-19T00:00:19.241435,3153362,444039,135757,444039,82148,444039,9231,444039,482,523842,197,1.0006661760937505
3,0,,2026-07-19T00:00:51.265484,3155728,443653,135743,443652,82023,443652,9336,443652,465,523899,181,1.0008200265624996
3,0,,2026-07-19T00:01:23.286833,3156698,443285,135913,443285,81841,443285,9250,443285,478,524834,195,1.0006778353125
3,0,,2026-07-19T00:01:55.305958,3155709,443734,135429,443734,81715,443734,9477,443734,475,524729,174,1.0006038209375
3,0,,2026-07-19T00:02:27.324048,3154409,443351,135432,443351,81457,443351,9509,443351,474,523754,228,1.0006018171875
3,0,,2026-07-19T00:02:59.339373,3153554,444233,135557,444233,82205,444233,9665,444233,440,524734,199,1.00052561140625
3,0,,2026-07-19T00:03:31.360712,3153156,442931,134731,442931,82090,442931,9443,442931,446,525228,194,1.0006504051562504
3,0,,2026-07-19T00:04:03.385050,3150743,442563,134863,442561,82064,442561,9381,442561,467,524162,196,1.0007821057812503
3,0,,2026-07-19T00:04:35.407026,3155467,444628,135654,444628,81900,444628,9575,444628,424,523189,194,1.0006509198437499
3,0,,2026-07-19T00:05:07.417643,3149621,442915,135703,442915,82087,442915,9382,442915,401,523064,213,1.0003632239062503
3,0,,2026-07-19T00:05:39.438909,3153542,444103,135896,444103,82626,444103,9334,444103,424,524271,206,1.0007181464062498
3,0,,2026-07-19T00:06:11.457604,3149333,443839,135309,443839,81650,443839,9546,443839,452,523283,181,1.0005780431250002
3,0,,2026-07-19T00:06:43.471057,3152669,444571,135596,444571,82467,444571,9449,444571,431,523576,213,1.0004505010937499
3,0,,2026-07-19T00:07:15.490993,3151290,443471,135192,443471,82077,443471,9445,443471,413,524902,192,1.0006515448437499
3,0,,2026-07-19T00:07:47.506160,3152915,445015,135444,445015,82442,445015,9458,445015,462,524041,205,1.0004793009375001
3,0,,2026-07-19T00:08:19.514926,3151535,443883,136016,443883,82004,443883,9565,443883,419,524456,213,1.0002620140625
3,0,,2026-07-19T00:08:51.534726,3155687,444381,135379,444381,81628,444381,9612,444381,416,525736,195,1.0006208428125003
3,0,,2026-07-19T00:09:23.556028,3157106,444494,135526,444494,82214,444494,9518,444494,451,527458,206,1.0007177848437503
3,0,,2026-07-19T00:09:55.576353,3158194,444879,136358,444879,81709,444879,9706,444879,423,525921,220,1.00064772609375
3,0,,2026-07-19T00:10:27.594319,3159066,445162,135409,445161,82482,445161,9589,445161,420,525296,194,1.0005654687499996
3,0,,2026-07-19T00:10:59.611323,3157361,445208,135824,445208,82155,445208,9599,445208,479,526222,186,1.0005470718750005
3,0,,2026-07-19T00:11:31.628558,3160369,445299,135986,445299,82627,445299,9660,445299,487,525847,192,1.00055799375
3,0,,2026-07-19T00:12:03.647065,3164511,445002,136181,445002,82099,445002,9597,445002,451,526999,231,1.0005756015625002
3,0,,2026-07-19T00:12:35.670756,3165961,445754,136032,445754,82585,445754,9319,445754,407,527247,191,1.0007766879687499
3,0,,2026-07-19T00:13:07.692988,3164021,446719,135963,446719,82586,446719,9665,446719,465,527155,204,1.00068522703125
3,0,,2026-07-19T00:13:39.715461,3164226,445579,136251,445579,82453,445579,9476,445579,458,527565,201,1.0007262615624999
3,0,,2026-07-19T00:14:11.728028,3161231,445168,135807,445168,81941,445168,9752,445168,435,525555,192,1.0004210321875002
3,0,,2026-07-19T00:14:43.747923,3157104,445480,135874,445480,82287,445480,9677,445480,431,526164,209,1.00062921046875
3,0,,2026-07-19T00:15:15.764552,3159948,446478,136247,446477,82365,446477,9493,446477,433,527572,184,1.00057880109375
3,0,,2026-07-19T00:15:47.772554,3158527,444876,135979,444876,82165,444876,9429,444876,437,526194,206,1.0002410571875
3,0,,2026-07-19T00:16:19.793514,3163510,445694,136555,445694,82151,445694,9492,445694,423,526103,192,1.0006143671875
3,0,,2026-07-19T00:16:51.811151,3162239,446195,136106,446195,82488,446195,9402,446195,414,527525,191,1.0006265484374999
3,0,,2026-07-19T00:17:23.837780,3161756,445494,136298,445494,82871,445494,9522,445494,455,526597,192,1.0008007328125001
3,0,,2026-07-19T00:17:55.853675,3160957,446180,136452,446180,81834,446180,9335,446180,436,526432,210,1.0005275037499994
3,0,,2026-07-19T00:18:27.878728,3161222,445508,136026,445508,82155,445508,9288,445508,437,528675,189,1.0008456442187494
3,0,,2026-07-19T00:18:59.895156,3158493,445088,135891,445088,81973,445088,9253,445088,440,526946,199,1.0005195073437494
3,0,,2026-07-19T00:19:31.909810,3157630,443802,134595,443801,81948,443801,9335,443801,447,526933,221,1.000472716562501
3,0,,2026-07-19T00:20:03.932527,3160511,445264,136441,445263,81965,445263,9239,445263,452,528311,190,1.0006615620312505
3,0,,2026-07-19T00:20:35.946734,3153849,443911,135446,443911,81907,443911,9184,443911,433,527355,212,1.0005330129687497
3,0,,2026-07-19T00:21:07.964255,3152952,443324,135076,443324,81750,443324,9332,443324,469,525995,225,1.00053533390625
3,0,,2026-07-19T00:21:39.984558,3152369,443538,135574,443538,81594,443538,9353,443538,437,526765,210,1.0006340510937504
3,0,,2026-07-19T00:22:12.001934,3151683,442253,134966,442253,81486,442253,9165,442253,419,527056,211,1.0005516625
3,0,,2026-07-19T00:22:44.024359,3153856,443480,135218,443480,82439,443480,9377,443480,476,526791,217,1.00068474375
3,0,,2026-07-19T00:23:16.028637,3148477,442723,135104,442723,81354,442723,9262,442723,405,526088,198,1.0002165109374996
3,0,,2026-07-19T00:23:48.049491,3150372,443907,135609,443907,81922,443907,9299,443907,480,526032,195,1.0006190649999998
3,0,,2026-07-19T00:24:20.062389,3148952,442349,134838,442349,81674,442349,9275,442350,481,526291,205,1.0004085046875002
3,0,,2026-07-19T00:24:52.081641,3147156,443209,135955,443209,81798,443209,9335,443208,423,526251,203,1.0006197553124998
3,0,,2026-07-19T00:25:24.098330,3149873,441489,134859,441488,81220,441488,9193,441488,478,526453,211,1.0005041259375005
3,0,,2026-07-19T00:25:56.120239,3149750,442351,134486,442351,81713,442351,9417,442351,467,525994,214,1.00072286828125
3,0,,2026-07-19T00:26:28.136493,3147315,441671,134686,441671,81581,441671,9234,441671,424,525919,195,1.00051419328125
3,0,,2026-07-19T00:27:00.154103,3149550,442317,134496,442317,81548,442317,9356,442317,431,525060,173,1.0005693312499997
3,0,,2026-07-19T00:27:32.173515,3146977,442682,134554,442682,81156,442682,9500,442682,455,525531,204,1.0006361218749997
3,0,,2026-07-19T00:28:04.196638,3149859,442789,135050,442789,81450,442789,9493,442789,441,523615,216,1.000691524375
3,0,,2026-07-19T00:28:36.220913,3151931,444177,135154,444176,81716,444176,9528,444176,459,524794,177,1.0008003604687505
3,0,,2026-07-19T00:29:08.240206,3151494,443287,135790,443286,81531,443286,9513,443286,434,525362,173,1.0006280223437503
3,0,,2026-07-19T00:29:40.261852,3153609,444220,135492,444219,81695,444219,9512,444219,448,526392,205,1.0006850678125
3,0,,2026-07-19T00:30:12.283305,3154283,444054,135465,444054,82071,444054,9678,444054,450,525069,218,1.0007072734374998
3,0,,2026-07-19T00:30:44.312144,3152754,445149,135542,445149,81941,445149,9590,445149,420,524949,194,1.0008822009374998
3,0,,2026-07-19T00:31:16.330300,3155543,444959,135438,444959,82223,444959,9777,444959,462,525375,206,1.00059720625
3,0,,2026-07-19T00:31:48.350061,3156470,443109,134964,443109,81614,443109,9579,443109,416,525158,221,1.0006245260937499
3,0,,2026-07-19T00:32:20.364844,3157965,444232,135978,444232,82115,444232,9529,444232,457,527385,226,1.0005168073437505
3,0,,2026-07-19T00:32:52.389511,3157562,443252,135757,443252,81642,443252,9516,443252,424,525697,177,1.000870980625
3,0,,2026-07-19T00:33:24.398896,3159158,444958,136461,444956,81895,444956,9521,444956,432,525584,222,1.000384627656251
3,0,,2026-07-19T00:33:56.418715,3161306,444602,135574,444602,82504,444602,9604,444602,403,526098,199,1.0006784245312499
3,0,,2026-07-19T00:34:28.434407,3157589,444735,135762,444735,81937,444735,9637,444735,487,526995,193,1.0005955228124999
3,0,,2026-07-19T00:35:00.447383,3160685,446827,136071,446827,82320,446827,9596,446827,485,527477,187,1.00048490421875
3,0,,2026-07-19T00:35:32.462612,3163936,444859,136014,444859,81550,444859,9466,444859,446,527190,200,1.0005499745312503
3,0,,2026-07-19T00:36:04.481140,3162614,445944,135927,445944,82248,445944,9516,445944,445,526978,198,1.0006308614062498
3,0,,2026-07-19T00:36:36.500848,3166737,444928,136064,444928,82471,444928,9547,444928,468,527263,219,1.0007217035937501
3,0,,2026-07-19T00:37:08.523544,3167107,446207,136448,446207,82175,446207,9713,446207,474,527057,217,1.0008134828125002
3,0,,2026-07-19T00:37:40.543402,3164699,445082,136313,445082,81849,445082,9396,445082,462,528165,215,1.0006563975
3,0,,2026-07-19T00:38:12.561554,3161993,445953,136168,445953,82340,445953,9514,445953,401,528155,214,1.0006220290624999
3,0,,2026-07-19T00:38:44.577874,3162111,445481,135777,445481,81771,445481,9597,445481,422,528222,170,1.0006335010937502
3,0,,2026-07-19T00:39:16.595337,3161569,445826,136489,445826,81634,445826,9508,445826,431,527548,184,1.0005775937500003
3,0,,2026-07-19T00:39:48.613981,3157877,445636,135694,445636,81947,445636,9445,445636,467,526071,202,1.0006281489062498
3,0,,2026-07-19T00:40:20.632435,3158363,444521,135340,444520,82401,444520,9373,444520,448,526224,191,1.0006493229687499
3,0,,2026-07-19T00:40:52.643646,3162675,446716,136317,446716,82358,446716,9438,446716,437,526370,218,1.0004381270312501
3,0,,2026-07-19T00:41:24.660811,3161365,445065,135860,445065,82515,445065,9658,445065,411,526955,204,1.0005813771875003
3,0,,2026-07-19T00:41:56.681850,3159225,444750,135875,444750,82129,444750,9343,444750,424,527135,211,1.0007067145312498
3,0,,2026-07-19T00:42:28.698668,3163588,445138,136541,445138,81883,445138,9389,445138,479,528712,186,1.0005839734375002
3,0,,2026-07-19T00:43:00.708343,3160737,444764,135952,444764,82446,444764,9213,444764,434,527541,195,1.0003176671874998
3,0,,2026-07-19T00:43:32.728513,3157942,445541,136518,445541,82359,445541,9220,445541,426,526183,184,1.00071729796875
3,0,,2026-07-19T00:44:04.745666,3157380,443999,135691,443999,81928,443999,9071,443999,451,526987,220,1.00058592078125
3,0,,2026-07-19T00:44:36.749187,3158644,443306,135701,443306,82002,443306,9087,443306,458,526284,215,1.0001084464062504
3,0,,2026-07-19T00:45:08.764907,3155109,444027,135758,444026,81881,444026,9182,444026,429,526911,189,1.0005571160937503
3,0,,2026-07-19T00:45:40.787228,3153784,444272,135431,444272,81785,444272,9131,444272,423,526605,203,1.0007733140625001
3,0,,2026-07-19T00:46:12.806466,3155984,443604,135505,443604,81695,443604,9369,443604,468,526456,176,1.00063839484375
3,0,,2026-07-19T00:46:44.826140,3153822,441985,135252,441985,81273,441985,9253,441985,452,525394,176,1.0006611379687498
3,0,,2026-07-19T00:47:16.836735,3153384,442701,135542,442701,81321,442701,9068,442701,428,526056,195,1.0003953239062502
3,0,,2026-07-19T00:47:48.851371,3148009,442577,134996,442577,81579,442577,9204,442577,475,523983,208,1.00048756671875
3,0,,2026-07-19T00:48:20.868939,3152468,442133,134805,442133,81255,442133,9091,442133,439,524239,207,1.0005824457812502
3,0,,2026-07-19T00:48:52.892457,3150413,442787,135317,442787,81537,442787,9508,442787,434,524533,175,1.0007521287499996
3,0,,2026-07-19T00:49:24.909076,3148385,442074,134420,442074,81506,442074,9237,442074,417,525061,206,1.0005665739062501
3,0,,2026-07-19T00:49:56.923426,3151140,443468,135260,443468,81597,443468,9363,443468,458,525391,167,1.0004749082812503
3,0,,2026-07-19T00:50:28.938687,3152157,442632,135429,442632,81325,442632,9364,442632,456,524480,192,1.0005240557812503
3,0,,2026-07-19T00:51:00.956956,3148978,442010,135314,442010,81682,442010,9448,442010,460,523784,208,1.0005875426562498
3,0,,2026-07-19T00:51:32.969884,3149180,443945,135238,443945,82200,443945,9509,443945,479,524410,172,1.000483684375
3,0,,2026-07-19T00:52:04.989584,3150220,442953,135605,442952,81411,442952,9476,442952,465,524694,187,1.000609875
3,0,,2026-07-19T00:52:37.000619,3149227,442959,135209,442959,82130,442959,9289,442959,487,524652,182,1.0004002709375002
3,0,,2026-07-19T00:53:09.023317,3152191,443292,135870,443291,81666,443291,9444,443291,465,524878,182,1.0007368103124996
3,0,,2026-07-19T00:53:41.045004,3152749,443088,135416,443088,81455,443088,9560,443088,458,525173,202,1.000700278125
3,0,,2026-07-19T00:54:13.067795,3148586,442682,135323,442680,81787,442680,9457,442680,420,525290,207,1.0007580875000004
3,0,,2026-07-19T00:54:45.088133,3154372,444938,136296,444937,82001,444937,9712,444937,455,524934,187,1.0006404249999994
3,0,,2026-07-19T00:55:17.111263,3152852,444053,135590,444052,81769,444052,9539,444052,441,525758,186,1.00075012609375
3,0,,2026-07-19T00:55:49.127108,3154191,445222,135437,445222,82300,445222,9599,445222,460,525639,185,1.0005488114062502
3,0,,2026-07-19T00:56:21.151738,3153755,443874,135310,443874,81809,443874,9596,443874,472,526299,186,1.0007965714062494
3,0,,2026-07-19T00:56:53.161553,3155796,444680,136052,444680,81796,444680,9626,444680,435,527295,196,1.0003966734375
3,0,,2026-07-19T00:57:25.172392,3157981,445038,135914,445038,82351,445038,9516,445038,456,526566,163,1.0003611807812502
3,0,,2026-07-19T00:57:57.188636,3160556,445697,136354,445697,82139,445697,9414,445697,425,526727,213,1.00049348125
3,0,,2026-07-19T00:58:29.211095,3163485,445273,135955,445273,82225,445273,9668,445273,441,527598,187,1.0007357040625
3,0,,2026-07-19T00:59:01.233186,3163139,445375,136623,445375,81777,445375,9564,445375,425,526740,172,1.0006859229687497
3,0,,2026-07-19T00:59:33.256499,3162194,444283,135686,444283,82279,444283,9491,444283,441,527439,182,1.0007782276562498
3,0,,2026-07-19T01:00:05.266405,3167075,447182,137026,447182,82348,447182,9532,447182,466,528340,208,1.0003675140625001
3,0,,2026-07-19T01:00:37.277423,3161335,445262,136162,445262,82012,445262,9621,445262,431,527789,205,1.0003046103124995
3,0,,2026-07-19T01:01:09.294699,3159676,444027,135768,444027,81699,444027,9705,444027,421,526993,212,1.0005536167187503
3,0,,2026-07-19T01:01:41.316190,3158592,445776,136930,445776,82016,445776,9354,445776,404,525313,198,1.0007290339062502
3,0,,2026-07-19T01:02:13.338246,3162087,446029,136708,446029,81926,446029,9469,446029,429,525872,224,1.0007331712500003
3,0,,2026-07-19T01:02:45.357735,3159344,445679,136320,445679,82207,445679,9444,445679,425,527212,196,1.0006165193749994
3,0,,2026-07-19T01:03:17.367597,3158105,444946,135868,444945,82470,444945,9622,444945,448,526382,190,1.0003521243749993
3,0,,2026-07-19T01:03:49.380773,3160992,444858,135975,444856,82166,444856,9281,444856,412,526618,209,1.0004316834375002
3,0,,2026-07-19T01:04:21.402124,3161636,446378,136298,446378,82288,446378,9316,446378,459,525652,193,1.00064278640625
3,0,,2026-07-19T01:04:53.422683,3159400,444874,136011,444874,82092,444874,9492,444874,465,526586,197,1.00071989640625
3,0,,2026-07-19T01:05:25.432465,3159868,444582,135851,444581,82404,444581,9294,444581,437,528901,214,1.0002835640625
3,0,,2026-07-19T01:05:57.451142,3153171,443716,135753,443716,81646,443716,9330,443716,465,525414,198,1.0005945884374998
3,0,,2026-07-19T01:06:29.465777,3156112,444582,135988,444582,81901,444582,9376,444582,441,526011,184,1.0005257374999998
3,0,,2026-07-19T01:07:01.483847,3153756,443583,135458,443583,81876,443583,9186,443583,452,526969,201,1.0005652620312502
3,0,,2026-07-19T01:07:33.510905,3156768,444201,135282,444199,81895,444199,9397,444199,437,527392,208,1.0008682604687509
3,0,,2026-07-19T01:08:05.530047,3155138,443606,135891,443606,81660,443606,9338,443606,433,526113,204,1.0006055978125
3,0,,2026-07-19T01:08:37.542324,3151449,444028,135292,444028,82012,444028,9279,444028,448,526186,204,1.0003880975000001
3,0,,2026-07-19T01:09:09.562300,3149943,443802,135131,443802,81996,443802,9278,443802,439,525620,191,1.0006637859374998
3,0,,2026-07-19T01:09:41.567725,3152270,443741,134725,443740,81824,443740,9365,443740,441,527233,201,1.0002637837499995
3,0,,2026-07-19T01:10:13.592634,3151202,442162,135173,442162,81634,442162,9283,442162,436,525397,232,1.0007297656250005
3,0,,2026-07-19T01:10:45.609206,3151112,442846,135452,442846,81618,442846,9228,442846,439,525690,208,1.0005416803125002
3,0,,2026-07-19T01:11:17.631795,3149343,442833,134822,442832,81401,442832,9273,442832,444,525151,210,1.0006946634374996
3,0,,2026-07-19T01:11:49.636143,3146337,442410,134611,442408,81855,442408,9322,442408,471,524745,190,1.0001574006250005
3,0,,2026-07-19T01:12:21.662626,3151880,443132,135520,443132,81729,443132,9328,443132,409,525772,168,1.0008281453125
3,0,,2026-07-19T01:12:53.678803,3150283,443222,134956,443221,81484,443221,9421,443221,435,525644,192,1.0006053973437503
3,0,,2026-07-19T01:13:25.700484,3151556,442273,135464,442273,81231,442273,9213,442273,454,526787,209,1.0006819567187497
3,0,,2026-07-19T01:13:57.728143,3147716,441254,134706,441254,81141,441254,9310,441254,445,525333,213,1.0008560292187498
3,0,,2026-07-19T01:14:29.750565,3149713,443055,135220,443055,81872,443055,9465,443055,441,525644,177,1.0006858348437502
3,0,,2026-07-19T01:15:01.766756,3149567,444037,135745,444037,81642,444037,9583,444037,437,524114,180,1.0005513448437497
3,0,,2026-07-19T01:15:33.782677,3149907,442706,135012,442706,81804,442706,9313,442706,427,524910,197,1.0005067448437501
3,0,,2026-07-19T01:16:05.801548,3150223,443187,135086,443187,81511,443187,9425,443187,407,524709,235,1.0006238328125001
3,0,,2026-07-19T01:16:37.826439,3152895,443128,134746,443128,82195,443128,9425,443128,427,524994,202,1.0007906046875
3,0,,2026-07-19T01:17:09.827600,3151637,443972,135385,443972,82130,443972,9592,443972,433,523797,182,1.0000385020312499
3,0,,2026-07-19T01:17:41.829131,3150882,443184,135842,443184,81328,443184,9594,443184,446,525801,201,1.0001120812499995
3,0,,2026-07-19T01:18:13.851060,3152982,445101,135798,445100,81940,445100,9671,445100,458,525427,206,1.0006498781250002
3,0,,2026-07-19T01:18:45.876941,3154621,444306,135766,444306,81143,444306,9551,444306,438,524480,208,1.0008576156250002
3,0,,2026-07-19T01:19:17.892281,3154171,443960,135374,443960,81773,443960,9542,443960,431,527325,190,1.0004766285937499
3,0,,2026-07-19T01:19:49.910975,3159294,444163,135442,444163,81846,444163,9721,444163,413,526759,219,1.0005964656250002
3,0,,2026-07-19T01:20:21.934361,3161627,444419,135633,444419,81781,444419,9540,444419,416,525526,199,1.0007553584375002
3,0,,2026-07-19T01:20:53.952289,3161849,444967,135756,444967,81930,444967,9605,444967,414,525848,203,1.0006284040625002
3,0,,2026-07-19T01:21:25.976069,3165006,446504,136631,446504,82150,446504,9680,446504,447,526825,198,1.000720663125
3,0,,2026-07-19T01:21:57.997154,3161678,445355,136214,445355,82251,445355,9439,445355,440,527603,207,1.00060787859375
3,0,,2026-07-19T01:22:30.017863,3161040,445923,136908,445923,82059,445923,9612,445923,436,526145,187,1.0007506692187498
3,0,,2026-07-19T01:23:02.032315,3159737,446372,136399,446371,82431,446371,9542,446371,423,526598,188,1.0004157021875004
3,0,,2026-07-19T01:23:34.053024,3157440,445291,136551,445291,82057,445291,9573,445291,461,525494,212,1.0006658739062502
3,0,,2026-07-19T01:24:06.078252,3161308,446148,136613,446148,82097,446148,9586,446148,420,526986,177,1.0008088573437501
3,0,,2026-07-19T01:24:38.101929,3162279,446406,136502,446406,82535,446406,9548,446406,468,525783,199,1.0007293390625003
3,0,,2026-07-19T01:25:10.114062,3162708,444592,136027,444592,82327,444592,9367,444592,454,525340,186,1.0004047750000005
3,0,,2026-07-19T01:25:42.126731,3161106,447139,137164,447139,82699,447139,9689,447139,438,525866,177,1.0004821993750002
3,0,,2026-07-19T01:26:14.142637,3161269,445778,136232,445778,82243,445778,9429,445778,454,527541,206,1.0004535984375003
3,0,,2026-07-19T01:26:46.160891,3163838,446694,136421,446694,82633,446694,9426,446694,436,526871,195,1.0006460276562497
3,0,,2026-07-19T01:27:18.181283,3161773,445194,136327,445193,82356,445193,9416,445193,431,527094,176,1.000608953125
3,0,,2026-07-19T01:27:50.200429,3161289,444748,135987,444747,82503,444747,9346,444747,440,526498,208,1.0005804823437507
3,0,,2026-07-19T01:28:22.221492,3159209,444300,136076,444300,82199,444300,9345,444300,430,525863,201,1.0007090103124998
3,0,,2026-07-19T01:28:54.248416,3159803,444507,135862,444507,81970,444507,9400,444507,443,526263,201,1.0007748265624996
3,0,,2026-07-19T01:29:26.265285,3158421,444880,135927,444880,82312,444880,9313,444880,438,525329,209,1.0005999124999996
3,0,,2026-07-19T01:29:58.290147,3157953,445847,135974,445847,82132,445847,9279,445847,455,527427,189,1.0007652146875
3,0,,2026-07-19T01:30:30.314254,3158715,444563,135569,444563,82131,444563,9314,444563,461,525277,198,1.0007860410937501
3,0,,2026-07-19T01:31:02.316163,3152804,444175,135608,444175,81846,444175,9109,444175,447,526048,206,1.0001061312499997
3,0,,2026-07-19T01:31:34.341693,3156492,442774,135805,442772,81637,442772,9191,442772,439,526614,190,1.0008053573437508
3,0,,2026-07-19T01:32:06.366129,3152661,443843,136556,443843,81005,443843,9367,443843,462,525650,184,1.0007634031250003
3,0,,2026-07-19T01:32:38.384630,3154482,444759,136531,444759,82039,444759,9253,444759,448,526241,208,1.0006472103125004
3,0,,2026-07-19T01:33:10.407858,3150044,441721,134900,441721,81653,441721,9310,441721,447,525709,194,1.0006713839062504
3,0,,2026-07-19T01:33:42.423967,3152588,443065,135330,443065,81627,443065,9378,443065,476,527810,217,1.0005625125000006
3,0,,2026-07-19T01:34:14.444677,3152034,443773,135618,443773,82344,443773,9191,443773,481,525248,183,1.00062109578125
3,0,,2026-07-19T01:34:46.462251,3147839,443086,135206,443086,81763,443086,9263,443086,443,524386,203,1.0006057984375
3,0,,2026-07-19T01:35:18.478373,3155015,443900,135450,443900,81921,443900,9429,443900,449,526026,220,1.0005494135937505
3,0,,2026-07-19T01:35:50.499548,3151407,442398,135453,442397,81230,442397,9435,442397,450,525671,214,1.0006181812500003
3,0,,2026-07-19T01:36:22.511886,3149878,442914,135432,442914,81768,442914,9432,442914,411,524616,195,1.00041279640625
3,0,,2026-07-19T01:36:54.529795,3149957,442633,135497,442632,81838,442632,9417,442632,480,524255,192,1.0005534046875
3,0,,2026-07-19T01:37:26.547443,3148150,443069,135537,443069,81712,443069,9559,443069,448,524534,200,1.0005648056249996
3,0,,2026-07-19T01:37:58.567237,3152229,443711,135717,443710,82006,443710,9483,443710,459,524889,193,1.0006137296875002
3,0,,2026-07-19T01:38:30.588914,3148696,443131,135358,443131,81818,443131,9377,443131,456,524223,197,1.0007187984375001
3,0,,2026-07-19T01:39:02.612669,3149700,444418,136157,444418,81773,444418,9455,444418,439,525458,207,1.000738053125
3,0,,2026-07-19T01:39:34.633008,3154612,443521,135689,443521,81636,443521,9689,443521,448,525788,188,1.0006493303125001
3,0,,2026-07-19T01:40:06.656402,3155505,445163,136061,445162,82052,445162,9536,445162,442,525459,203,1.0007782145312498
3,0,,2026-07-19T01:40:38.679328,3153706,444264,135505,444264,82136,444264,9454,444264,419,525796,190,1.0007242739062494
3,0,,2026-07-19T01:41:10.700144,3157842,443808,135831,443808,81650,443808,9534,443808,437,525891,200,1.0007526854687498
3,0,,2026-07-19T01:41:42.703463,3155990,444248,135705,444248,82315,444248,9448,444248,436,525478,205,1.0002515567187502
3,0,,2026-07-19T01:42:14.720223,3155643,445208,136144,445208,82454,445208,9405,445208,435,525195,218,1.00052409375
3,0,,2026-07-19T01:42:46.729278,3156012,444766,135804,444766,82237,444766,9520,444766,389,526513,202,1.0003902865625
3,0,,2026-07-19T01:43:18.744748,3156749,444682,135439,444682,81582,444682,9619,444682,430,525220,215,1.0005657093749998
3,0,,2026-07-19T01:43:50.760227,3158176,445268,136684,445267,81887,445267,9590,445267,459,526502,186,1.0005121337500003
3,0,,2026-07-19T01:44:22.775374,3161186,445813,136329,445810,82500,445810,9564,445810,431,526443,181,1.0005981578125
3,0,,2026-07-19T01:44:54.799349,3166312,444634,136446,444633,82103,444633,9638,444633,404,528647,195,1.0007929698437497
3,0,,2026-07-19T01:45:26.818929,3157668,445474,136701,445474,82009,445474,9532,445474,394,525862,190,1.0007256448437503
3,0,,2026-07-19T01:45:58.836756,3157690,446056,136602,446054,82452,446054,9468,446054,461,525725,184,1.0005982676562504
3,0,,2026-07-19T01:46:30.858817,3156593,445299,136458,445299,82190,445299,9521,445299,439,525827,168,1.0007731364062502
3,0,,2026-07-19T01:47:02.874878,3156072,445522,136241,445522,82079,445522,9547,445522,451,526217,160,1.00057014015625
3,0,,2026-07-19T01:47:34.880416,3151897,445722,136265,445722,82050,445722,9513,445722,434,526854,178,1.0002386151562501
3,0,,2026-07-19T01:48:06.900373,3159624,446444,136571,446444,82567,446444,9584,446444,490,527311,182,1.000685246875
3,0,,2026-07-19T01:48:38.918085,3158982,446383,135998,446383,82604,446383,9636,446383,410,526870,191,1.0005973609375
3,0,,2026-07-19T01:49:10.942235,3160404,446222,137048,446222,81743,446222,9552,446222,423,527268,232,1.00083698953125
3,0,,2026-07-19T01:49:42.962204,3158406,445131,136500,445131,81904,445131,9342,445131,435,525988,212,1.0006295828124998
3,0,,2026-07-19T01:50:14.961257,3155120,444662,135842,444661,81920,444661,9459,444661,446,526037,204,1.0000732171875004
3,0,,2026-07-19T01:50:46.976604,3157964,443864,135720,443864,82282,443864,9429,443864,406,526721,217,1.0005397796875004
3,0,,2026-07-19T01:51:19.000276,3159671,446516,136413,446516,82652,446516,9607,446516,444,525866,197,1.00075954109375
3,0,,2026-07-19T01:51:51.019412,3158303,444703,136107,444703,82569,444703,9370,444703,458,526379,197,1.0007066057812508
3,0,,2026-07-19T01:52:23.035405,3156317,444663,136204,444663,81924,444663,9274,444663,417,527269,230,1.0005206937500004
3,0,,2026-07-19T01:52:55.057103,3159665,443632,135787,443632,81818,443632,9487,443632,429,527607,214,1.00072238703125
3,0,,2026-07-19T01:53:27.073065,3154824,444647,135984,444647,82031,444647,9174,444647,451,527592,189,1.000546434375
3,0,,2026-07-19T01:53:59.090436,3159397,444384,136087,444384,81768,444384,9153,444384,461,527494,192,1.0005688446874996
3,0,,2026-07-19T01:54:31.110767,3156628,443723,135440,443723,82321,443723,9151,443723,432,527786,182,1.0006938718750005
3,0,,2026-07-19T01:55:03.127086,3155189,443583,135967,443582,82089,443582,9048,443582,427,526418,200,1.0005451823437501
3,0,,2026-07-19T01:55:35.147557,3157983,444456,135977,444456,81853,444456,9080,444456,452,527233,216,1.0007059379687504
3,0,,2026-07-19T01:56:07.167433,3153814,443408,135507,443408,81899,443408,9225,443408,399,527614,210,1.0006987834375003
3,0,,2026-07-19T01:56:39.192544,3151843,442442,135070,442442,81283,442442,9187,442442,441,527093,184,1.0007844696875
3,0,,2026-07-19T01:57:11.216427,3153183,444182,135612,444182,81544,444182,9172,444182,471,527416,202,1.0008155718750003
3,0,,2026-07-19T01:57:43.236240,3149174,443689,135740,443688,81684,443688,9090,443688,460,526330,212,1.0006333937499998
3,0,,2026-07-19T01:58:15.259737,3149526,442527,135525,442527,81496,442527,9056,442527,434,525509,185,1.0007602328124998
3,0,,2026-07-19T01:58:47.278799,3153207,444798,135738,444798,82021,444798,9315,444798,457,524698,204,1.0006865510937504
3,0,,2026-07-19T01:59:19.299184,3147707,442025,135468,442024,81713,442024,9141,442024,440,525218,213,1.00061971921875
3,0,,2026-07-19T01:59:51.298471,3146363,442636,135619,442636,81444,442636,9088,442636,467,525488,201,1.000059721875
3,0,,2026-07-19T02:00:23.315885,3148989,442575,135194,442575,81133,442575,9362,442575,456,525169,216,1.0005577896875002
3,0,,2026-07-19T02:00:55.341531,3149008,442360,135084,442360,81409,442360,9454,442360,467,526513,181,1.0008273171875
3,0,,2026-07-19T02:01:27.362706,3146116,442739,135392,442739,81741,442739,9368,442739,425,525057,193,1.0006664493750002
3,0,,2026-07-19T02:01:59.382887,3147318,443292,135443,443291,82107,443291,9149,443291,400,525513,200,1.0006532990624997
3,0,,2026-07-19T02:02:31.400022,3152170,444274,135477,444274,82295,444274,9282,444274,424,525617,182,1.0005713109375
3,0,,2026-07-19T02:03:03.417812,3145447,441035,135152,441034,81383,441034,9283,441034,424,524757,189,1.0005932681249996
3,0,,2026-07-19T02:03:35.439729,3151311,443126,134969,443126,81838,443126,9422,443126,412,524780,198,1.0007241803125004
3,0,,2026-07-19T02:04:07.455275,3147779,442671,135293,442671,81460,442671,9516,442671,484,524850,187,1.0005412712499997
3,0,,2026-07-19T02:04:39.479732,3150788,442353,134880,442352,81131,442352,9614,442352,420,524396,200,1.0007191990624995
3,0,,2026-07-19T02:05:11.499149,3148103,443011,135331,443011,81471,443011,9466,443011,472,523795,220,1.0007083484375001
3,0,,2026-07-19T02:05:43.517383,3154810,443362,135279,443361,81688,443361,9536,443361,452,525469,201,1.0005385806249998
3,0,,2026-07-19T02:06:15.534417,3151815,443857,135256,443857,82376,443857,9520,443857,454,524775,204,1.0006450432812497
3,0,,2026-07-19T02:06:47.546940,3152543,443231,135747,443231,81339,443231,9493,443231,446,524463,194,1.0003469551562498
3,0,,2026-07-19T02:07:19.562128,3151210,443149,135547,443148,81978,443148,9596,443148,457,524538,211,1.0005373604687504
3,0,,2026-07-19T02:07:51.574875,3152667,444018,136044,444018,82073,444018,9430,444018,407,524070,176,1.00046202390625
3,0,,2026-07-19T02:08:23.600147,3150709,442838,135249,442836,81667,442836,9633,442836,445,523741,227,1.0007598443749999
3,0,,2026-07-19T02:08:55.620019,3154498,445061,135877,445061,81947,445061,9760,445061,469,526168,217,1.0006235587499999
3,0,,2026-07-19T02:09:27.619813,3148727,444566,135809,444566,81632,444566,9706,444566,453,523218,198,1.0000981099999997
3,0,,2026-07-19T02:09:59.629052,3155435,443554,135339,443552,82371,443552,9602,443552,443,524904,215,1.0002426749999995
3,0,,2026-07-19T02:10:31.654697,3158389,444550,135875,444550,81787,444550,9629,444550,460,525061,210,1.0008244890625
3,0,,2026-07-19T02:11:03.676763,3160008,444518,136205,444518,82381,444518,9584,444518,433,525355,187,1.0007107728125
3,0,,2026-07-19T02:11:35.699727,3154945,444334,135936,444334,81582,444334,9756,444334,423,524922,230,1.0007716995312503
3,0,,2026-07-19T02:12:07.721127,3160384,446533,136685,446533,82201,446533,9769,446533,465,524727,197,1.0006788223437495
3,0,,2026-07-19T02:12:39.745384,3158327,444631,136138,444631,81962,444631,9453,444631,398,525610,176,1.0007484703124996
3,0,,2026-07-19T02:13:11.768646,3161283,446309,136595,446309,82136,446309,9718,446309,420,526238,194,1.0007579271874998
3,0,,2026-07-19T02:13:43.779881,3160424,444897,135960,444895,82087,444895,9584,444895,454,526442,217,1.0004448696875
3,0,,2026-07-19T02:14:15.792945,3165750,446042,136109,446041,82552,446041,9730,446041,431,527425,187,1.0004312350000002
3,0,,2026-07-19T02:14:47.818065,3162978,445990,136190,445990,82150,445990,9727,445990,451,527051,218,1.0007602176562505
3,0,,2026-07-19T02:15:19.835718,3166925,444968,136372,444968,81962,444968,9796,444968,373,527334,191,1.0005958874999996
3,0,,2026-07-19T02:15:51.850896,3166719,445855,136743,445855,82017,445855,9539,445855,448,526352,197,1.0004631260937502
3,0,,2026-07-19T02:16:23.869879,3163192,445853,136186,445853,82228,445853,9575,445853,408,528123,189,1.000642946875
3,0,,2026-07-19T02:16:55.888278,3160904,445865,136686,445865,81981,445865,9646,445865,465,527208,187,1.0005719196875005
3,0,,2026-07-19T02:17:27.907419,3159742,447190,136867,447190,82312,447190,9572,447190,459,525991,187,1.00057865578125
3,0,,2026-07-19T02:17:59.930065,3161222,445645,136501,445644,82424,445644,9567,445644,434,526517,216,1.0008085859375
3,0,,2026-07-19T02:18:31.946782,3162245,446255,136958,446255,82435,446255,9551,446255,396,526674,206,1.0004907057812498
3,0,,2026-07-19T02:19:03.970040,3158956,445073,135942,445073,82106,445073,9445,445073,462,527087,212,1.0007488426562492
3,0,,2026-07-19T02:19:35.981850,3161399,446417,136945,446417,82530,446417,9578,446417,453,527114,200,1.0003957051562502
3,0,,2026-07-19T02:20:08.005109,3161561,444482,136559,444482,82140,444482,9371,444482,488,527391,212,1.0006958750000001
3,0,,2026-07-19T02:20:40.024736,3155842,443190,135752,443190,81654,443190,9530,443190,401,526947,197,1.0006546343749998
3,0,,2026-07-19T02:21:12.044197,3153941,444119,136221,444119,81746,444119,9194,444119,440,527320,202,1.0006243834375002
3,0,,2026-07-19T02:21:44.062491,3160963,445243,136245,445243,81764,445243,9379,445243,443,525805,206,1.0006020540625
3,0,,2026-07-19T02:22:16.076961,3153579,442812,135409,442812,82090,442812,9311,442812,428,525981,201,1.0004561182812501
3,0,,2026-07-19T02:22:48.101869,3154347,444524,136422,444523,81721,444523,9407,444523,441,526179,218,1.0008075760937503
3,0,,2026-07-19T02:23:20.117863,3149657,444139,135734,444139,81578,444139,9249,444139,450,524896,215,1.000561228125
3,0,,2026-07-19T02:23:52.138510,3148772,443806,135873,443806,81800,443806,9437,443806,470,524401,199,1.0006136156250005
3,0,,2026-07-19T02:24:24.157676,3154446,443253,135615,443253,81749,443253,9560,443253,436,524939,187,1.0006134109375004
3,0,,2026-07-19T02:24:56.180593,3149711,442532,135384,442532,81934,442532,9257,442532,453,523891,204,1.0007645696874996
3,0,,2026-07-19T02:25:28.201487,3147438,442730,135146,442730,81599,442730,9327,442730,454,524793,196,1.0006771859375
3,0,,2026-07-19T02:26:00.214124,3145911,442569,135047,442569,81811,442569,9429,442569,494,526629,201,1.0004087756250002
3,0,,2026-07-19T02:26:32.238521,3152378,445022,135935,445022,82014,445022,9599,445022,448,524814,192,1.00073205671875
3,0,,2026-07-19T02:27:04.256211,3153034,443803,135770,443803,81795,443803,9420,443803,438,525187,191,1.0006242317187497
3,0,,2026-07-19T02:27:36.280990,3150181,444039,135961,444038,81983,444038,9486,444038,463,525103,202,1.00070381046875
3,0,,2026-07-19T02:28:08.305903,3148405,444083,135718,444083,82004,444083,9625,444083,443,524935,183,1.00083519796875
3,0,,2026-07-19T02:28:40.312872,3145540,442500,135722,442500,81359,442500,9667,442500,435,523251,183,1.0003192296875
3,0,,2026-07-19T02:29:12.329693,3146412,443379,135716,443379,81485,443379,9558,443379,466,523747,200,1.0004681275
3,0,,2026-07-19T02:29:44.352478,3150007,444456,136141,444455,82100,444455,9616,444455,468,523127,215,1.000739863125
3,0,,2026-07-19T02:30:16.373502,3152297,445641,136700,445641,82046,445641,9701,445641,413,523396,198,1.0006734457812503
3,0,,2026-07-19T02:30:48.390557,3153381,444299,136040,444299,81854,444299,9387,444299,497,522844,216,1.0005568807812493
3,0,,2026-07-19T02:31:20.410803,3153739,444588,135699,444587,81604,444587,9774,444587,443,524715,202,1.00066180515625
3,0,,2026-07-19T02:31:52.431855,3153907,445005,136057,445004,81908,445004,9719,445004,448,525312,198,1.00063830109375
3,0,,2026-07-19T02:32:24.454988,3154170,445289,135980,445288,82331,445288,9806,445288,436,525286,186,1.0007577040625002
3,0,,2026-07-19T02:32:56.477570,3155393,443750,135585,443750,81724,443750,9548,443750,449,525381,197,1.00066949375
3,0,,2026-07-19T02:33:28.493993,3155848,445362,136417,445362,82390,445362,9445,445362,455,524425,211,1.0005764437500004
3,0,,2026-07-19T02:34:00.515823,3153565,444235,135357,444234,81854,444234,9729,444234,445,524404,222,1.0006911479687504
3,0,,2026-07-19T02:34:32.534298,3160879,446822,136858,446820,82010,446820,9673,446820,468,525585,185,1.0005931640625003
3,0,,2026-07-19T02:35:04.555129,3158490,446197,136513,446197,82428,446197,9708,446197,469,525911,195,1.00067672859375
3,0,,2026-07-19T02:35:36.564024,3157348,445262,136274,445262,82385,445262,9655,445262,466,525913,222,1.0002623990625
3,0,,2026-07-19T02:36:08.583296,3163815,445711,136169,445711,82207,445711,9678,445711,430,526545,195,1.0006479629687501
3,0,,2026-07-19T02:36:40.608491,3164290,445720,136674,445719,81847,445719,9532,445719,438,526411,199,1.00078436765625
3,0,,2026-07-19T02:37:12.629803,3159194,445032,136459,445032,81903,445032,9498,445032,422,527168,203,1.0006514370312496
3,0,,2026-07-19T02:37:44.646080,3159751,446430,136386,446430,82895,446430,9520,446430,400,525284,207,1.0005879301562495
3,0,,2026-07-19T02:38:16.667023,3158993,445984,136535,445984,82087,445984,9674,445984,376,527198,203,1.00062439953125
3,0,,2026-07-19T02:38:48.686520,3158788,446470,137025,446470,81716,446470,9656,446470,405,526247,163,1.0006263354687495
3,0,,2026-07-19T02:39:20.702825,3158827,445240,136510,445240,82198,445240,9628,445240,422,526136,204,1.00054280625
3,0,,2026-07-19T02:39:52.729079,3159152,445593,136328,445593,81851,445593,9531,445593,425,526688,217,1.0008075046875002
3,0,,2026-07-19T02:40:24.728885,3153996,445667,136416,445666,82153,445666,9466,445666,435,526194,203,1.0000794025
3,0,,2026-07-19T02:40:56.748189,3158698,445605,136245,445605,82639,445605,9490,445605,435,526425,196,1.0005777964062503
3,0,,2026-07-19T02:41:28.768392,3158877,446435,136617,446435,82302,446435,9581,446435,454,526505,217,1.0006100973437504
3,0,,2026-07-19T02:42:00.785995,3156539,445359,136479,445358,82024,445358,9369,445358,419,526277,191,1.0005995749999999
3,0,,2026-07-19T02:42:32.801497,3156714,445153,136523,445153,82115,445153,9386,445153,453,527156,217,1.0005120678125003
3,0,,2026-07-19T02:43:04.826485,3158167,445578,136255,445578,82377,445578,9379,445578,451,527916,200,1.0007570114062503
3,0,,2026-07-19T02:43:36.846238,3159387,445654,136465,445654,82137,445654,9425,445654,435,525460,197,1.00062871609375
3,0,,2026-07-19T02:44:08.848803,3158747,444539,136223,444539,82204,444539,9260,444539,457,526134,189,1.0000512984375003
3,0,,2026-07-19T02:44:40.868496,3159483,444961,135803,444961,82326,444961,9337,444961,468,525570,225,1.0007045975000002
3,0,,2026-07-19T02:45:12.892385,3158504,443946,136509,443946,81939,443946,8950,443946,494,525808,206,1.0007554223437496
3,0,,2026-07-19T02:45:44.910105,3154403,444441,136268,444441,81613,444441,9327,444441,454,524267,211,1.0005534198437507
3,0,,2026-07-19T02:46:16.927936,3157570,444956,136446,444955,82013,444955,9185,444955,449,525979,206,1.00060115515625
3,0,,2026-07-19T02:46:48.945219,3154281,444312,136024,444312,82199,444312,9073,444312,425,525635,214,1.0005356073437497
3,0,,2026-07-19T02:47:20.971417,3156409,444199,135833,444199,81879,444199,9120,444199,442,523878,195,1.000842699375
3,0,,2026-07-19T02:47:52.992047,3153280,443304,135545,443304,81570,443304,9073,443304,466,525194,192,1.0006537068750003
3,0,,2026-07-19T02:48:25.013288,3155360,443714,136023,443714,81662,443714,9279,443714,455,525641,209,1.0006483703124998
3,0,,2026-07-19T02:48:57.029708,3153564,443271,136298,443271,81982,443271,9135,443271,512,524304,203,1.00055805359375
3,0,,2026-07-19T02:49:29.042966,3151224,442568,135700,442568,81933,442568,9261,442568,415,525009,201,1.0005185515625004
3,0,,2026-07-19T02:50:01.054908,3150410,443348,135671,443346,81899,443346,9319,443346,472,524560,194,1.00047423546875
3,0,,2026-07-19T02:50:33.071785,3150098,442965,135090,442965,81710,442965,9351,442965,479,524099,176,1.0005801781249999
3,0,,2026-07-19T02:51:05.089020,3148486,442658,135344,442658,81676,442658,9232,442658,469,524014,205,1.0005904395312497
3,0,,2026-07-19T02:51:37.107126,3146500,441901,134877,441901,81394,441901,9248,441901,450,524929,187,1.0006515229687496
3,0,,2026-07-19T02:52:09.123441,3151286,443513,135853,443513,81440,443513,9416,443513,441,524773,202,1.0006370775
3,0,,2026-07-19T02:52:41.142645,3150535,443202,135387,443201,81970,443201,9646,443201,450,524999,216,1.0006531796875
3,0,,2026-07-19T02:53:13.154808,3151657,444012,135629,444011,81759,444011,9459,444011,440,523424,195,1.0004909328125
3,0,,2026-07-19T02:53:45.178018,3153265,444938,136212,444937,81933,444937,9559,444937,480,524950,199,1.0007723312499996
3,0,,2026-07-19T02:54:17.201568,3151294,444016,136223,444015,81588,444015,9454,444015,458,524663,202,1.0007988959374998
3,0,,2026-07-19T02:54:49.212627,3153216,443197,136067,443197,81314,443197,9506,443197,437,524453,193,1.000374924375
3,0,,2026-07-19T02:55:21.238500,3154394,443900,135877,443900,81789,443900,9754,443900,416,526129,197,1.0007989062500005
3,0,,2026-07-19T02:55:53.257813,3156728,444452,135855,444452,82273,444452,9465,444452,467,524999,196,1.0007288437500004
3,0,,2026-07-19T02:56:25.273077,3154563,444566,136302,444566,81820,444566,9493,444566,495,525391,203,1.0004735365625002
3,0,,2026-07-19T02:56:57.296420,3152868,444295,135588,444295,81858,444295,9547,444295,414,522795,168,1.0007372025
3,0,,2026-07-19T02:57:29.317549,3157097,444926,136388,444926,81568,444926,9515,444926,455,523824,177,1.0007177921875001
3,0,,2026-07-19T02:58:01.326301,3153081,444133,135363,444133,82063,444133,9491,444133,438,525404,170,1.0003074151562503
3,0,,2026-07-19T02:58:33.349860,3156237,445619,136188,445619,82548,445619,9534,445619,451,523708,206,1.00074804734375
3,0,,2026-07-19T02:59:05.365924,3159953,445673,137030,445673,81925,445673,9527,445673,446,525556,176,1.00057541
3,0,,2026-07-19T02:59:37.383716,3158860,445454,136199,445454,82215,445454,9529,445454,457,525108,214,1.0005779134374992
3,0,,2026-07-19T03:00:09.389631,3155809,445403,136364,445403,82008,445403,9578,445403,442,524486,212,1.0002751068749998
3,0,,2026-07-19T03:00:41.405252,3160162,444696,136268,444695,81791,444695,9616,444695,460,526146,219,1.0004586812500005
3,0,,2026-07-19T03:01:13.422039,3159211,446092,136541,446092,82280,446092,9590,446092,414,524593,192,1.00056332125
3,0,,2026-07-19T03:01:45.446595,3163486,445479,136287,445478,81833,445478,9527,445478,440,525162,205,1.000793935
3,0,,2026-07-19T03:02:17.457869,3159410,446141,136543,446141,82824,446141,9541,446141,433,528843,169,1.00045655625
3,0,,2026-07-19T03:02:49.459566,3161114,446218,136141,446218,82256,446218,9444,446218,444,525883,220,1.0000609375
3,0,,2026-07-19T03:03:21.469257,3160251,444477,136347,444477,81972,444477,9395,444477,402,525966,170,1.0003225848437498
3,0,,2026-07-19T03:03:53.489121,3158038,446324,136689,446324,81924,446324,9683,446324,457,527189,213,1.0006343562500004
3,0,,2026-07-19T03:04:25.509653,3158431,445348,136277,445348,82466,445348,9473,445348,419,525591,195,1.0006501104687502
3,0,,2026-07-19T03:04:57.518152,3159698,446356,137019,446355,82244,446355,9477,446355,445,524445,202,1.000323275
3,0,,2026-07-19T03:05:29.531969,3158236,445554,136203,445553,82088,445553,9485,445553,487,526135,214,1.0004673603125003
3,0,,2026-07-19T03:06:01.553383,3153862,447186,137070,447186,82185,447186,9503,447186,448,524849,201,1.0006876703125005
3,0,,2026-07-19T03:06:33.573099,3156102,445627,136214,445627,82038,445627,9428,445627,407,526857,194,1.0006378428125005
3,0,,2026-07-19T03:07:05.590070,3157421,446604,137031,446604,82383,446604,9529,446604,417,525870,193,1.00057087546875
3,0,,2026-07-19T03:07:37.605574,3160471,445400,136623,445400,82077,445400,9236,445400,443,527140,215,1.0005466250000004
3,0,,2026-07-19T03:08:09.623260,3159051,446220,136719,446219,81909,446219,9415,446219,423,526008,186,1.00052848328125
3,0,,2026-07-19T03:08:41.648856,3155390,446116,136696,446116,82311,446116,9431,446116,420,526142,210,1.0008640390625
3,0,,2026-07-19T03:09:13.665506,3159147,445466,136488,445465,82101,445465,9327,445465,426,526681,193,1.0005567432812499
3,0,,2026-07-19T03:09:45.685844,3156912,444924,136382,444924,81948,444924,9379,444924,444,526801,187,1.0006433218750002
3,0,,2026-07-19T03:10:17.690692,3152782,444910,136096,444910,81667,444910,9174,444910,412,526711,189,1.0002247723437498
3,0,,2026-07-19T03:10:49.712850,3155153,444752,136023,444751,81648,444751,9275,444751,440,526388,219,1.0006706854687502
3,0,,2026-07-19T03:11:21.731230,3156112,443714,135683,443713,81976,443713,9118,443713,463,527622,190,1.0006393160937501
3,0,,2026-07-19T03:11:53.752351,3151780,443958,136271,443958,82327,443958,9021,443958,423,525995,207,1.0006259678125
3,0,,2026-07-19T03:12:25.770233,3150693,444768,136292,444768,81839,444768,9179,444768,441,525073,178,1.0006379478124996
3,0,,2026-07-19T03:12:57.788664,3149023,444431,135921,444431,81937,444431,9248,444431,490,526152,192,1.0006189459375006
3,0,,2026-07-19T03:13:29.814555,3150982,443111,135355,443111,81801,443111,9221,443111,456,527358,223,1.0008014525
3,0,,2026-07-19T03:14:01.831600,3151855,442994,135695,442994,81996,442994,9247,442994,480,526273,192,1.00057253078125
3,0,,2026-07-19T03:14:33.854342,3152731,444248,136072,444248,82040,444248,9243,444248,436,526423,195,1.0007697073437503
3,0,,2026-07-19T03:15:05.878723,3150128,443047,136028,443047,80990,443047,9268,443047,436,525603,219,1.0007347114062501
3,0,,2026-07-19T03:15:37.898372,3149664,440977,135305,440977,81434,440977,9033,440977,463,527434,196,1.0006733151562501
3,0,,2026-07-19T03:16:09.917300,3151152,442968,135926,442968,81442,442968,9306,442968,433,525697,207,1.0005774634374995
3,0,,2026-07-19T03:16:41.938707,3148711,443068,135737,443067,81375,443067,9168,443067,423,525098,172,1.00073976203125
3,0,,2026-07-19T03:17:13.942846,3145536,442516,135852,442516,81484,442516,9481,442516,455,526549,204,1.0001229676562502
3,0,,2026-07-19T03:17:45.963410,3148011,443609,135332,443609,81811,443609,9353,443609,417,525191,181,1.00066483859375
3,0,,2026-07-19T03:18:17.976880,3147400,442511,134782,442511,81512,442511,9400,442511,427,524165,198,1.0004746515624998
3,0,,2026-07-19T03:18:49.995452,3146948,442435,136037,442434,81291,442434,9293,442434,427,524254,183,1.0005749995312496
3,0,,2026-07-19T03:19:22.019412,3148219,443196,135947,443195,81777,443195,9234,443195,455,525346,194,1.0008101582812505
3,0,,2026-07-19T03:19:54.042618,3150758,443375,135703,443375,81792,443375,9361,443375,456,525913,227,1.0007488796875
3,0,,2026-07-19T03:20:26.058215,3149712,443604,135936,443604,81332,443604,9605,443604,477,523979,208,1.0005480140624998
3,0,,2026-07-19T03:20:58.080314,3153118,443393,135651,443392,81638,443392,9411,443392,423,524664,207,1.0006751964062497
3,0,,2026-07-19T03:21:30.092604,3153983,445443,136382,445443,82049,445443,9307,445443,455,525450,211,1.0004219728124997
3,0,,2026-07-19T03:22:02.103417,3155331,444185,136225,444185,81790,444185,9582,444185,467,525194,201,1.0004104546874997
3,0,,2026-07-19T03:22:34.127920,3155417,444403,135724,444403,82101,444403,9742,444403,443,525735,177,1.0007381124999994
3,0,,2026-07-19T03:23:06.153799,3151487,445761,136045,445760,82148,445760,9488,445760,472,525573,179,1.0008302999999998
3,0,,2026-07-19T03:23:38.175861,3161139,445822,136800,445822,82208,445822,9540,445822,458,524639,172,1.000684975625
3,0,,2026-07-19T03:24:10.193707,3157533,445427,135831,445427,81971,445427,9489,445427,414,527175,207,1.0005861879687499
3,0,,2026-07-19T03:24:42.214669,3161607,445242,136145,445242,82320,445242,9647,445242,431,524762,216,1.0007004999999998
3,0,,2026-07-19T03:25:14.237153,3160718,446035,136921,446035,82085,446035,9763,446035,425,525869,200,1.0007127296874998
3,0,,2026-07-19T03:25:46.249657,3160605,445655,137150,445654,82170,445654,9564,445654,455,526615,208,1.0004569421874998
3,0,,2026-07-19T03:26:18.265995,3160553,445075,136078,445075,81918,445075,9351,445075,430,528178,216,1.00049369328125
3,0,,2026-07-19T03:26:50.282444,3167085,445567,136250,445566,82289,445566,9552,445566,405,528733,202,1.0005494750000001
3,0,,2026-07-19T03:27:22.294519,3163591,445547,137063,445547,82027,445547,9582,445547,447,527422,206,1.0003933921875
3,0,,2026-07-19T03:27:54.312128,3160097,446062,136970,446062,82167,446062,9559,446062,441,527438,201,1.0005616859375004
3,0,,2026-07-19T03:28:26.332777,3163576,446149,136490,446148,82134,446148,9511,446148,437,526191,211,1.0006615946875002
3,0,,2026-07-19T03:28:58.358999,3161236,445912,136797,445912,81860,445912,9623,445912,433,526958,197,1.0008166296875003
3,0,,2026-07-19T03:29:30.377357,3161318,446182,136465,446182,82457,446182,9248,446182,454,526531,209,1.0006630490624995
3,0,,2026-07-19T03:30:02.401961,3160233,445565,136537,445565,82118,445565,9539,445565,440,528246,212,1.0007416259375002
3,0,,2026-07-19T03:30:34.420850,3156333,445988,136401,445988,82295,445988,9483,445988,431,526394,200,1.0006447303124995
3,0,,2026-07-19T03:31:06.439207,3158528,445580,136950,445580,81847,445580,9566,445580,438,526755,189,1.0005578145312497
3,0,,2026-07-19T03:31:38.464538,3160545,445377,136702,445377,81978,445377,9326,445377,450,527344,222,1.0008452692187502
3,0,,2026-07-19T03:32:10.481114,3158117,444877,136000,444876,82428,444876,9130,444876,419,526508,219,1.0005335604687497
3,0,,2026-07-19T03:32:42.496908,3159395,445767,136514,445767,82186,445767,9174,445767,450,526187,214,1.0005195317187496
3,0,,2026-07-19T03:33:14.512738,3158267,444903,136155,444903,81950,444903,9150,444903,464,526056,197,1.0005335850000001
3,0,,2026-07-19T03:33:46.534497,3155198,445081,136411,445080,82042,445080,9075,445080,424,527565,205,1.0006460806250004
3,0,,2026-07-19T03:34:18.551214,3157674,443841,136019,443841,81488,443841,8958,443841,444,528116,196,1.0005717745312503
3,0,,2026-07-19T03:34:50.565390,3157195,443334,136018,443334,82055,443334,9192,443334,460,526581,175,1.0004606734375
3,0,,2026-07-19T03:35:22.582687,3157025,443282,135176,443282,81788,443282,9316,443282,429,527285,202,1.0005299421874996
3,0,,2026-07-19T03:35:54.599531,3153550,444555,135997,444554,81692,444554,9086,444554,485,526888,226,1.0005997926562502
3,0,,2026-07-19T03:36:26.604384,3153358,441720,135029,441720,81585,441720,9221,441720,455,525299,218,1.00022329484375
3,0,,2026-07-19T03:36:58.622081,3154811,443031,136150,443031,81505,443031,9033,443031,446,525203,181,1.00048135203125
3,0,,2026-07-19T03:37:30.641551,3155685,442115,135270,442115,81367,442115,8962,442115,444,524820,202,1.0006288057812494
3,0,,2026-07-19T03:38:02.666008,3153732,442548,135619,442548,81682,442548,9109,442548,486,528143,182,1.000807290625
3,0,,2026-07-19T03:38:34.686619,3152379,442721,135737,442721,81280,442721,9252,442721,480,526620,220,1.0006390265625003
3,0,,2026-07-19T03:39:06.705639,3155063,443481,136146,443481,81464,443481,9171,443481,464,526278,210,1.00065145359375
3,0,,2026-07-19T03:39:38.722653,3155718,443839,135840,443839,81509,443839,9325,443839,454,525185,200,1.0005868131249998
3,0,,2026-07-19T03:40:10.749956,3153852,444068,135963,444068,81971,444068,9280,444068,451,526002,183,1.0008233754687499
3,0,,2026-07-19T03:40:42.768965,3153228,443211,135573,443211,81923,443211,9255,443211,457,524739,204,1.0005957614062504
3,0,,2026-07-19T03:41:14.781662,3153437,444090,136117,444089,81773,444089,9220,444089,482,524594,177,1.0004691709375002
3,0,,2026-07-19T03:41:46.798154,3153261,443338,135872,443337,81674,443337,9440,443337,461,524708,175,1.0004921989062496
3,0,,2026-07-19T03:42:18.812126,3150403,443624,135907,443623,81729,443623,9343,443623,466,524863,169,1.0005010151562497
3,0,,2026-07-19T03:42:50.827968,3154096,443056,135760,443056,81835,443056,9456,443056,496,525531,191,1.0004771056250001
3,0,,2026-07-19T03:43:22.842803,3146892,443035,136146,443035,81487,443035,9359,443035,420,525313,209,1.0004959203125
3,0,,2026-07-19T03:43:54.862572,3147060,442325,135810,442325,81262,442325,9310,442325,447,524192,193,1.0006432250000004
3,0,,2026-07-19T03:44:26.886901,3147951,443191,135917,443191,81760,443191,9522,443191,411,524872,210,1.0007424131250007
3,0,,2026-07-19T03:44:58.909163,3153175,444174,136405,444173,81675,444173,9498,444173,434,525136,198,1.00074136296875
3,0,,2026-07-19T03:45:30.931359,3150253,443862,136193,443861,81605,443861,9418,443861,428,525490,212,1.0006773114062504
3,0,,2026-07-19T03:46:02.938191,3152838,443833,136035,443833,81686,443833,9419,443833,451,524499,207,1.0003194375000002
3,0,,2026-07-19T03:46:34.947584,3151169,444171,136310,444170,81810,444170,9466,444170,416,525018,192,1.0002384968749993
3,0,,2026-07-19T03:47:06.968823,3151189,443952,135697,443952,81836,443952,9626,443952,430,525132,180,1.0007053693750008
3,0,,2026-07-19T03:47:38.994345,3149571,444637,136130,444637,82346,444637,9478,444637,444,525077,214,1.0008050703125004
3,0,,2026-07-19T03:48:11.017002,3152742,445247,136240,445247,81555,445247,9388,445247,378,525206,189,1.00071827546875
3,0,,2026-07-19T03:48:43.039884,3151156,444460,136718,444460,81387,444460,9453,444460,454,525890,197,1.0007336593750003
3,0,,2026-07-19T03:49:15.058460,3153217,444452,135867,444451,82496,444451,9693,444451,445,525043,202,1.0006188723437504
3,0,,2026-07-19T03:49:47.078584,3156162,445875,136266,445875,82288,445875,9624,445875,445,525953,198,1.000649375
3,0,,2026-07-19T03:50:19.096157,3152992,444134,135694,444134,82119,444134,9302,444134,432,526464,205,1.0005852146875003
3,0,,2026-07-19T03:50:51.109049,3153685,444481,136149,444481,82108,444481,9517,444481,417,527375,200,1.0004373406249998
3,0,,2026-07-19T03:51:23.135809,3157352,444789,136892,444789,81325,444789,9596,444789,424,525620,211,1.0007863551562504
3,0,,2026-07-19T03:51:55.155379,3158625,445906,136429,445906,82327,445906,9471,445906,403,526765,201,1.0006619390624998
3,0,,2026-07-19T03:52:27.176747,3157201,446333,136529,446333,83040,446333,9371,446333,437,526901,197,1.0006577551562494
3,0,,2026-07-19T03:52:59.194023,3158186,444988,136746,444988,82441,444988,9350,444988,396,526483,195,1.0005903000000005
3,0,,2026-07-19T03:53:31.215742,3156381,445282,136596,445282,81987,445282,9506,445282,437,525984,195,1.0006849084374998
3,0,,2026-07-19T03:54:03.231134,3156537,445335,137030,445335,82341,445335,9484,445335,436,525946,181,1.00051849421875
3,0,,2026-07-19T03:54:35.253652,3160052,445193,136882,445192,81928,445192,9318,445192,440,525986,209,1.00066259375
3,0,,2026-07-19T03:55:07.269437,3160533,445319,136366,445319,81972,445319,9542,445319,440,528672,211,1.00054077765625
3,0,,2026-07-19T03:55:39.294733,3158763,445540,136879,445540,81944,445540,9542,445541,436,527645,213,1.0008496478125004
3,0,,2026-07-19T03:56:11.312073,3159131,446090,136966,446088,82645,446088,9344,446087,455,527475,205,1.0005251656250003
3,0,,2026-07-19T03:56:43.333123,3158276,445387,136286,445387,82351,445387,9219,445387,428,527078,205,1.0006993021875004
3,0,,2026-07-19T03:57:15.349853,3159093,445241,136482,445240,82312,445240,9231,445240,430,528014,207,1.0005028109374998
3,0,,2026-07-19T03:57:47.361523,3157711,445252,136500,445251,82278,445251,9254,445251,462,528007,189,1.0004737540625
3,0,,2026-07-19T03:58:19.380944,3158026,444081,136276,444081,81649,444081,9107,444081,464,527564,185,1.0006534234374995
3,0,,2026-07-19T03:58:51.402843,3159695,445292,136557,445291,81967,445291,9140,445291,465,527661,211,1.0007097490624999
3,0,,2026-07-19T03:59:23.418698,3155611,444769,136218,444768,81949,444768,9098,444768,416,528430,193,1.0005736978125004
3,0,,2026-07-19T03:59:55.436759,3156642,444932,136601,444932,82124,444932,8943,444932,468,527919,221,1.0005984803125
3,0,,2026-07-19T04:00:27.443238,3154073,444299,136354,444299,81636,444299,9081,444299,489,527451,198,1.0003181937499999
3,0,,2026-07-19T04:00:59.471756,3155165,442554,135245,442554,81257,442554,9064,442554,454,528213,196,1.0008840953125002
3,0,,2026-07-19T04:01:31.490312,3156166,443972,135790,443972,82161,443972,9128,443972,431,527333,193,1.0006003446875
3,0,,2026-07-19T04:02:03.507877,3152347,443185,135516,443185,81288,443185,9296,443185,441,527541,219,1.0006079178124998
3,0,,2026-07-19T04:02:35.524927,3151613,442649,136079,442649,81844,442649,9089,442649,444,526715,195,1.00056403375
3,0,,2026-07-19T04:03:07.530215,3152150,443677,135726,443677,81842,443677,9048,443677,426,526096,193,1.0002890073437503
3,0,,2026-07-19T04:03:39.552489,3154795,443092,136018,443090,81645,443090,9138,443090,468,527848,205,1.00068879796875
3,0,,2026-07-19T04:04:11.567075,3149867,442634,135673,442634,81231,442634,9194,442634,442,526262,206,1.0004917989062498
3,0,,2026-07-19T04:04:43.587760,3152843,442126,135473,442126,81377,442126,9268,442126,459,524806,199,1.0006940703124998
3,0,,2026-07-19T04:05:15.610955,3149901,442800,135546,442800,81761,442800,9181,442800,465,527254,199,1.0007282703124998
3,0,,2026-07-19T04:05:47.626993,3151286,442976,135155,442976,81960,442976,9289,442976,436,525230,175,1.0005909176562495
3,0,,2026-07-19T04:06:19.645799,3152889,443163,135787,443163,81286,443163,9250,443163,444,525426,210,1.0006447771875
3,0,,2026-07-19T04:06:51.664210,3148396,443067,135633,443067,81760,443067,9324,443067,473,525228,214,1.0005940473437502
3,0,,2026-07-19T04:07:23.672949,3150651,443382,135504,443381,81506,443381,9404,443381,463,525114,211,1.0003041354687505
3,0,,2026-07-19T04:07:55.690735,3151185,443300,135471,443300,81577,443300,9524,443300,437,525696,202,1.0006242812500004
3,0,,2026-07-19T04:08:27.711726,3149016,443942,135703,443942,81740,443942,9463,443942,467,526038,213,1.0006667868750003
3,0,,2026-07-19T04:08:59.732538,3152380,443397,135817,443397,81983,443397,9356,443397,451,525567,201,1.0007123975000003
3,0,,2026-07-19T04:09:31.751824,3151397,443650,136072,443650,81296,443650,9382,443650,434,525066,181,1.0006346587499997
3,0,,2026-07-19T04:10:03.770061,3150470,444145,136189,444145,82121,444145,9557,444145,455,525682,206,1.00062822296875
3,0,,2026-07-19T04:10:35.793521,3155906,444298,135983,444296,82116,444296,9643,444296,432,524471,188,1.0007360551562496
3,0,,2026-07-19T04:11:07.815854,3158466,444398,135906,444398,82083,444398,9557,444398,424,525452,189,1.0007344209375
3,0,,2026-07-19T04:11:39.838000,3160017,444726,136182,444726,81833,444726,9505,444726,420,525485,185,1.0007288254687496
3,0,,2026-07-19T04:12:11.852962,3154716,445440,136898,445440,81653,445440,9622,445440,395,525568,196,1.00054391515625
3,0,,2026-07-19T04:12:43.870543,3156078,444684,135937,444684,81913,444684,9782,444684,414,525957,185,1.0005531900000002
3,0,,2026-07-19T04:13:15.883174,3158300,444640,136391,444639,81758,444639,9582,444639,438,527089,195,1.0004417937499999
3,0,,2026-07-19T04:13:47.904706,3161260,445126,136201,445126,82386,445126,9337,445126,417,526296,198,1.0007089265624998
3,0,,2026-07-19T04:14:19.920952,3160535,444955,136526,444955,82256,444955,9531,444955,439,526342,200,1.0005431089062502
3,0,,2026-07-19T04:14:51.944067,3161150,444801,136325,444801,82078,444801,9392,444801,438,527228,196,1.0008138214062505
3,0,,2026-07-19T04:15:23.967063,3163264,445924,136930,445924,81634,445924,9514,445924,373,528152,195,1.0007557859374996
3,0,,2026-07-19T04:15:55.989013,3164711,446239,136229,446238,82644,446238,9468,446238,424,528246,184,1.0006939859374993
3,0,,2026-07-19T04:16:28.015014,3169667,446145,136886,446144,82144,446144,9469,446144,445,528130,177,1.0008182223437498
3,0,,2026-07-19T04:17:00.034666,3167182,446232,136590,446232,82512,446232,9446,446232,441,528337,190,1.00066017921875
3,0,,2026-07-19T04:17:32.040594,3167726,446154,136400,446154,82704,446154,9508,446154,443,527974,215,1.0002570931249992
3,0,,2026-07-19T04:18:04.060222,3168339,446607,136750,446607,82582,446607,9493,446607,468,528701,188,1.0006091953124998
3,0,,2026-07-19T04:18:36.080830,3166026,445717,136164,445717,82500,445717,9466,445717,382,528044,222,1.0006402021874992
3,0,,2026-07-19T04:19:08.095079,3162058,445202,136395,445202,82280,445202,9376,445202,437,529113,209,1.0005176660937498
3,0,,2026-07-19T04:19:40.113127,3161329,445465,136782,445464,81989,445464,9398,445464,402,527457,175,1.00055723390625
3,0,,2026-07-19T04:20:12.131734,3162442,445020,136417,445020,81702,445020,9364,445020,451,528536,205,1.0006477660937505
3,0,,2026-07-19T04:20:44.151039,3163305,446137,136217,446137,82460,446137,9350,446137,444,527432,200,1.0006063879687497
3,0,,2026-07-19T04:21:16.173357,3160032,446682,137448,446682,82114,446682,9252,446682,419,527720,200,1.0007500490624999
3,0,,2026-07-19T04:21:48.194409,3164075,446488,136522,446488,82737,446488,9334,446488,436,529962,198,1.0006994650000003
3,0,,2026-07-19T04:22:20.211503,3161096,444562,136016,444562,81948,444562,9348,444562,443,528239,206,1.0005624334375
3,0,,2026-07-19T04:22:52.230371,3165416,445113,136268,445113,82297,445113,9179,445113,452,528545,199,1.00064658375
3,0,,2026-07-19T04:23:24.247205,3161908,444341,136062,444341,81093,444341,9237,444341,453,527970,178,1.0005330729687496
3,0,,2026-07-19T04:23:56.272331,3162556,446052,137080,446052,82057,446052,9001,446052,463,529412,210,1.00081001609375
3,0,,2026-07-19T04:24:28.290923,3157654,444174,136294,444172,82140,444172,9125,444172,462,527957,189,1.0006457937499997
3,0,,2026-07-19T04:25:00.304312,3156364,444373,135849,444373,82108,444373,9048,444373,447,526661,208,1.0004407120312504
3,0,,2026-07-19T04:25:32.309092,3154555,443856,135913,443856,81804,443856,9145,443856,473,527724,230,1.0001946895312501
3,0,,2026-07-19T04:26:04.333675,3154129,445092,136443,445092,81884,445092,9102,445092,410,526789,183,1.0008097037500001
3,0,,2026-07-19T04:26:36.349432,3151898,442877,136313,442877,81681,442877,9085,442877,455,525839,197,1.0005022984375003
3,0,,2026-07-19T04:27:08.369387,3154313,443510,135733,443509,81709,443509,9113,443509,478,528404,189,1.00065655671875
3,0,,2026-07-19T04:27:40.395432,3155432,443062,135758,443062,81861,443062,9219,443062,436,527794,200,1.0008004535937507
3,0,,2026-07-19T04:28:12.404340,3150893,443283,135494,443283,81780,443283,9104,443283,478,528920,191,1.0003365839062504
3,0,,2026-07-19T04:28:44.420542,3149344,442746,134880,442746,82481,442746,9172,442746,472,525070,203,1.0005340598437504
3,0,,2026-07-19T04:29:16.433196,3153255,443368,135319,443368,81660,443368,9201,443368,460,526085,160,1.00038006828125
3,0,,2026-07-19T04:29:48.454577,3156637,442588,135263,442588,81755,442588,9257,442588,470,526678,226,1.0007055645312501
3,0,,2026-07-19T04:30:20.474978,3149426,442290,135550,442290,81364,442290,9115,442290,441,526555,215,1.0006780506249997
3,0,,2026-07-19T04:30:52.494228,3154284,442642,135892,442641,81694,442641,9189,442641,497,525453,191,1.0006310395312503
3,0,,2026-07-19T04:31:24.518427,3153052,443292,135795,443292,81270,443292,9411,443292,431,526838,213,1.0007512348437504
3,0,,2026-07-19T04:31:56.540253,3154497,444051,136188,444051,81797,444051,9396,444051,465,526515,192,1.000739613125
3,0,,2026-07-19T04:32:28.561197,3152364,443571,135853,443571,81391,443571,9343,443571,458,526133,193,1.0006681078125
3,0,,2026-07-19T04:33:00.575451,3152276,443212,135916,443212,81850,443212,9275,443212,461,526110,196,1.0005511817187502
3,0,,2026-07-19T04:33:32.594897,3152472,444146,135493,444146,81967,444146,9303,444146,463,526862,209,1.0005643921874996
3,0,,2026-07-19T04:34:04.608790,3153544,443478,135658,443477,82027,443477,9391,443477,391,528023,192,1.0005203426562506
3,0,,2026-07-19T04:34:36.630692,3152791,444700,135835,444700,81373,444700,9380,444700,418,525796,194,1.0006770562499998
3,0,,2026-07-19T04:35:08.647308,3157094,444812,136505,444812,82286,444812,9616,444812,438,526460,198,1.0005080546875003
3,0,,2026-07-19T04:35:40.661887,3158759,445518,136714,445518,82194,445518,9551,445518,466,526724,199,1.0004986271874998
3,0,,2026-07-19T04:36:12.679537,3155675,445078,136520,445077,82093,445077,9660,445077,406,527091,205,1.0006120853125002
3,0,,2026-07-19T04:36:44.704128,3156782,444611,136119,444611,81989,444611,9487,444611,443,526272,201,1.0007710584375005
3,0,,2026-07-19T04:37:16.715770,3157877,445207,136833,445207,81591,445207,9529,445207,459,526147,209,1.0003331999999998
3,0,,2026-07-19T04:37:48.736700,3161336,445189,136405,445189,82661,445189,9375,445189,438,528033,222,1.0007076384375002
3,0,,2026-07-19T04:38:20.761136,3160775,445546,136465,445546,82172,445546,9434,445546,473,527099,202,1.0007939671875006
3,0,,2026-07-19T04:38:52.782370,3162174,446831,136670,446831,82335,446831,9392,446831,463,526959,186,1.0006895515625003
3,0,,2026-07-19T04:39:24.804275,3162215,445730,136509,445730,82669,445730,9467,445730,446,528387,208,1.00073838125
3,0,,2026-07-19T04:39:56.823677,3164436,445743,137088,445742,82090,445742,9359,445742,446,528658,203,1.0006174328125
3,0,,2026-07-19T04:40:28.843718,3167650,444841,136763,444841,81753,444841,9408,444841,443,526881,220,1.0006394964062504
3,0,,2026-07-19T04:41:00.862316,3164060,446248,137639,446245,82165,446245,9519,446245,445,527905,205,1.0006026953125005
3,0,,2026-07-19T04:41:32.879926,3160389,446177,137348,446175,82188,446175,9234,446175,417,528009,190,1.0006213354687497
3,0,,2026-07-19T04:42:04.898528,3159435,445782,136727,445782,82071,445782,9369,445782,472,527437,228,1.0005851879687497
3,0,,2026-07-19T04:42:36.921066,3163430,446091,136445,446091,82061,446091,9411,446091,414,527114,200,1.0007047464062497
3,0,,2026-07-19T04:43:08.936648,3167931,447237,137461,447237,83168,447237,9369,447237,455,527288,210,1.0005339785937502
3,0,,2026-07-19T04:43:40.958097,3161271,446396,137483,446396,81579,446396,9468,446396,464,527335,198,1.00072599578125
3,0,,2026-07-19T04:44:12.971808,3160763,444435,135980,444435,82255,444435,9230,444435,477,527607,212,1.0003938921874995
3,0,,2026-07-19T04:44:44.988969,3160310,446123,137246,446123,81867,446123,9276,446123,446,527856,188,1.0005312839062503
3,0,,2026-07-19T04:45:16.997997,3157233,443486,136205,443486,81423,443486,9167,443486,466,527442,223,1.0003604957812504
3,0,,2026-07-19T04:45:49.018709,3161576,444001,136139,444001,82142,444001,9312,444001,464,526020,204,1.00068423546875
3,0,,2026-07-19T04:46:21.041053,3161671,443838,136162,443838,81804,443838,8994,443838,448,528222,199,1.0006986906249997
3,0,,2026-07-19T04:46:53.063117,3162408,444086,136054,444086,81549,444086,9242,444086,486,526109,208,1.0007514734375003
3,0,,2026-07-19T04:47:25.088668,3157784,442583,135624,442583,81761,442583,9143,442583,471,526908,204,1.0007423714062502
3,0,,2026-07-19T04:47:57.094458,3157480,443324,136231,443324,81729,443324,8858,443324,444,526900,212,1.0001852681250005
3,0,,2026-07-19T04:48:29.091977,3155707,442999,136024,442999,81399,442999,9071,442999,472,527356,210,1.0000191959375004
3,0,,2026-07-19T04:49:01.108973,3159364,442790,135798,442790,81481,442790,9249,442790,431,527702,195,1.0005501696874999
3,0,,2026-07-19T04:49:33.127800,3156837,443262,136319,443262,81402,443262,9077,443262,471,525428,204,1.0005963073437505
3,0,,2026-07-19T04:50:05.143111,3157926,443180,135669,443180,80992,443180,9136,443180,448,525732,172,1.0004940348437497
3,0,,2026-07-19T04:50:37.163333,3151745,442880,135195,442880,81044,442880,9069,442880,449,527312,181,1.0006444328125
3,0,,2026-07-19T04:51:09.184219,3156641,441929,135884,441929,81253,441929,9203,441929,473,527771,190,1.0006279182812505
3,0,,2026-07-19T04:51:41.197848,3153131,442579,135759,442579,81542,442579,9131,442579,471,526833,188,1.00047744375
3,0,,2026-07-19T04:52:13.218947,3158083,443512,135960,443512,81922,443512,9309,443512,446,527702,184,1.00066500359375
3,0,,2026-07-19T04:52:45.245537,3153763,443095,135613,443095,81209,443095,9462,443095,450,526908,182,1.0008328499999994
3,0,,2026-07-19T04:53:17.255582,3157199,443339,135966,443337,81669,443337,9144,443337,441,526308,200,1.0004008635937498
3,0,,2026-07-19T04:53:49.277334,3155083,443668,136198,443668,81693,443669,9251,443669,445,525153,203,1.0006885979687503
3,0,,2026-07-19T04:54:21.295896,3153098,443078,135967,443078,81586,443077,9261,443077,434,524590,212,1.0005772649999998
3,0,,2026-07-19T04:54:53.314430,3153846,443625,135571,443625,81638,443625,9383,443625,426,524790,230,1.0006054740624999
3,0,,2026-07-19T04:55:25.331371,3157082,444601,136671,444601,81753,444602,9242,444602,460,524680,207,1.00057920984375
3,0,,2026-07-19T04:55:57.344319,3162124,445446,136481,445446,81978,445445,9380,445445,471,525572,192,1.0004131973437502
3,0,,2026-07-19T04:56:29.364560,3157156,444701,136382,444701,81966,444701,9487,444701,463,526516,223,1.0006195178124997
3,0,,2026-07-19T04:57:01.382602,3156493,445416,136394,445416,82172,445416,9496,445416,502,526298,200,1.0006125056249995
3,0,,2026-07-19T04:57:33.406367,3157158,443856,136361,443856,81637,443856,9422,443856,454,526755,201,1.0007681468750005
3,0,,2026-07-19T04:58:05.428670,3154268,445267,136453,445267,82105,445267,9459,445267,459,527514,197,1.0007186662500003
3,0,,2026-07-19T04:58:37.447790,3161692,445429,136525,445429,82023,445429,9396,445429,460,525937,170,1.0005923828125005
3,0,,2026-07-19T04:59:09.469722,3162324,445412,136270,445411,82392,445411,9367,445411,478,527116,196,1.0007286770312502
3,0,,2026-07-19T04:59:41.494258,3164693,445241,136309,445241,82450,445241,9440,445241,463,527972,195,1.0007917807812503
3,0,,2026-07-19T05:00:13.516639,3168705,447338,137042,447338,82802,447338,9522,447338,443,527054,229,1.00071592390625
3,0,,2026-07-19T05:00:45.533921,3169818,445810,136923,445810,82244,445810,9541,445810,450,528049,215,1.0005771698437498
3,0,,2026-07-19T05:01:17.556854,3171909,445693,136632,445693,82114,445693,9623,445693,481,530066,217,1.0007001321875
3,0,,2026-07-19T05:01:49.578383,3168829,447006,136994,447006,82792,447006,9354,447006,476,527526,193,1.0007083021874998
3,0,,2026-07-19T05:02:21.604664,3196702,503232,137000,503232,82138,503232,9598,503232,469,530347,184,1.0007913578125007
3,0,,2026-07-19T05:02:53.605587,1091,416077,24,426186,12,426012,1,426152,0,1390571,0,1.00007243640625
3,0,,2026-07-19T05:03:25.613523,0,3847,0,9155,0,8982,0,9128,0,46680,0,1.0001405245312498
3,0,,2026-07-19T05:03:57.608881,0,2080,0,3174,0,3168,0,3174,0,60214,0,1.0000108942187498
3,0,,2026-07-19T05:04:29.632244,0,1572,0,2295,0,2294,0,2295,0,63843,0,1.0007920051562498
3,0,,2026-07-19T05:05:01.661502,0,657,0,2193,0,2183,0,2191,0,34987,0,1.0008416526562502
3,0,,2026-07-19T05:05:33.658230,0,0,0,294,0,283,0,290,0,6474,0,1.0000051203125004
3,0,,2026-07-19T05:06:05.662946,0,3,0,3,0,3,0,3,0,182,0,1.0001473301562493
3,0,,2026-07-19T05:06:37.661756,0,0,0,0,0,0,0,0,0,236,0,1.0000753553124995
3,0,,2026-07-19T05:07:09.675520,0,0,0,0,0,0,0,0,0,272,0,1.0004064473437504
3,0,,2026-07-19T05:07:41.680513,0,0,0,0,0,0,0,0,0,119,0,1.00017313796875
3,0,,2026-07-19T05:08:13.680249,0,0,0,0,0,0,0,0,0,0,0,1.0001245553125004
3,0,,2026-07-19T05:08:45.680118,0,0,0,0,0,0,0,0,0,0,0,1.0000651821875
3,0,,2026-07-19T05:09:17.682181,0,0,0,0,0,0,0,0,0,0,0,1.0000606765625002
3,0,,2026-07-19T05:09:49.707601,0,0,0,0,0,0,0,0,0,0,0,1.0008418307812494
3,0,,2026-07-19T05:10:21.710716,0,0,0,0,0,0,0,0,0,0,0,1.00014754171875
3,0,,2026-07-19T05:10:53.736574,0,0,0,0,0,0,0,0,0,0,0,1.0008414520312496
3,0,,2026-07-19T05:11:25.736782,0,0,0,0,0,0,0,0,0,0,0,1.0000548125
3,0,,2026-07-19T05:11:57.735582,0,0,0,0,0,0,0,0,0,0,0,1.0000882410937497
3,0,,2026-07-19T05:12:29.737789,0,0,0,0,0,0,0,0,0,0,0,1.0000603760937494
3,0,,2026-07-19T05:13:01.745722,0,0,0,0,0,0,0,0,0,0,0,1.0003129457812499
3,0,,2026-07-19T05:13:33.772557,0,0,0,0,0,0,0,0,0,0,0,1.0008557615625004
3,0,,2026-07-19T05:14:05.778317,0,0,0,0,0,0,0,0,0,0,0,1.0002557218750003
3,0,,2026-07-19T05:14:37.779757,0,0,0,0,0,0,0,0,0,0,0,1.0000620332812498
3,0,,2026-07-19T05:15:09.783263,0,0,0,0,0,0,0,0,0,0,0,1.000137588593751
3,0,,2026-07-19T05:15:41.793290,0,0,0,0,0,0,0,0,0,0,0,1.0004088515625
3,0,,2026-07-19T05:16:13.822071,0,0,0,0,0,0,0,0,0,0,0,1.0008942734375006
3,0,,2026-07-19T05:16:45.821272,0,0,0,0,0,0,0,0,0,0,0,1.0000481707812499
3,0,,2026-07-19T05:17:17.822700,0,0,0,0,0,0,0,0,0,0,0,1.00007778125
3,0,,2026-07-19T05:17:49.826497,0,0,0,0,0,0,0,0,0,0,0,1.00015762234375
3,0,,2026-07-19T05:18:21.825976,0,0,0,0,0,0,0,0,0,0,0,1.0000158209374999
3,0,,2026-07-19T05:18:53.852251,0,0,0,0,0,0,0,0,0,0,0,1.000846149375
3,0,,2026-07-19T05:19:25.865289,0,0,0,0,0,0,0,0,0,0,0,1.0004945506250003
3,0,,2026-07-19T05:19:57.871982,0,0,0,0,0,0,0,0,0,0,0,1.0002039968750003
3,0,,2026-07-19T05:20:29.871893,0,0,0,0,0,0,0,0,0,0,0,1.0000413821875
3,0,,2026-07-19T05:21:01.871991,0,0,0,0,0,0,0,0,0,0,0,1.000071153125
3,0,,2026-07-19T05:21:33.873496,0,0,0,0,0,0,0,0,0,0,0,1.0001071750000003
3,0,,2026-07-19T05:22:05.876958,0,0,0,0,0,0,0,0,0,69,0,1.0001376870312497
3,0,,2026-07-19T05:22:37.887542,0,0,0,0,0,0,0,0,0,392,0,1.0003822535937505
3,0,,2026-07-19T05:23:09.891619,0,0,0,0,0,0,0,0,0,284,0,1.0001421240625004
3,0,,2026-07-19T05:23:41.894195,0,0,0,0,0,0,0,0,0,276,0,1.0000702843749993
3,0,,2026-07-19T05:24:13.900097,0,0,0,0,0,0,0,0,0,265,0,1.0002855062500002
3,0,,2026-07-19T05:24:45.902735,0,0,0,0,0,0,0,0,0,248,0,1.0000726093749996
3,0,,2026-07-19T05:25:17.905044,0,0,0,0,0,0,0,0,0,233,0,1.0001362921875
3,0,,2026-07-19T05:25:49.931091,0,0,0,0,0,0,0,0,0,219,0,1.0007930437499999
3,0,,2026-07-19T05:26:21.946413,0,0,0,0,0,0,0,0,0,206,0,1.0005531828125003
3,0,,2026-07-19T05:26:53.954336,0,0,0,0,0,0,0,0,0,216,0,1.0002664332812503
3,0,,2026-07-19T05:27:25.965264,0,0,0,0,0,0,0,0,0,207,0,1.0003385042187505
3,0,,2026-07-19T05:27:57.966899,0,0,0,0,0,0,0,0,0,195,0,1.0001380978124994
3,0,,2026-07-19T05:28:29.997549,0,0,0,0,0,0,0,0,0,216,0,1.000892809375
3,0,,2026-07-19T05:29:02.003866,0,0,0,0,0,0,0,0,0,190,0,1.0002958334374998
3,0,,2026-07-19T05:29:34.001714,0,6,0,6,0,6,0,6,0,212,0,1.0000000770312505
3,0,,2026-07-19T05:30:06.018927,0,25,0,25,0,25,0,25,0,323,0,1.0006110406250002
3,0,,2026-07-19T05:30:38.048003,0,4,0,4,0,4,0,4,0,419,0,1.0009098260937495
3,0,,2026-07-19T05:31:10.054282,0,1,0,1,0,1,0,1,0,1460,0,1.0001935082812499
3,0,,2026-07-19T05:31:42.067136,0,0,0,0,0,0,0,0,0,3560,0,1.00043876609375
3,0,,2026-07-19T05:32:14.067705,0,0,0,0,0,0,0,0,0,6482,0,1.0000102818749999
3,0,,2026-07-19T05:32:46.066281,0,0,0,0,0,0,0,0,0,8373,0,1.0000004796875
3,0,,2026-07-19T05:33:18.065339,0,0,0,0,0,0,0,0,0,9683,0,1.0000515056250001
3,0,,2026-07-19T05:33:50.067394,0,0,0,70,0,62,0,70,0,9777,0,1.0000266417187502
3,0,,2026-07-19T05:34:22.090742,0,0,0,458,0,417,0,449,0,8894,0,1.0008017723437503
3,0,,2026-07-19T05:34:54.092875,0,0,0,856,0,826,0,847,0,8594,0,1.0001378099999998
3,0,,2026-07-19T05:35:26.112665,0,0,0,1128,0,1092,0,1122,0,8553,0,1.00062860875
3,0,,2026-07-19T05:35:58.117886,0,0,0,1476,0,1450,0,1472,0,9515,0,1.0002049203124999
3,0,,2026-07-19T05:36:30.119357,0,0,0,1738,0,1720,0,1737,0,10644,0,1.0000720687500007
3,0,,2026-07-19T05:37:02.125709,0,4,0,1876,0,1860,0,1875,0,11127,0,1.0001625781249999
3,0,,2026-07-19T05:37:34.135128,0,37,0,2028,0,2017,0,2024,0,12910,0,1.0003995428125003
3,0,,2026-07-19T05:38:06.137920,0,127,0,2102,0,2091,0,2101,0,13954,0,1.00008767078125
3,0,,2026-07-19T05:38:38.149612,0,306,0,2412,0,2406,0,2410,0,17321,0,1.0003772401562503
3,0,,2026-07-19T05:39:10.155392,0,414,0,2212,0,2199,0,2212,0,18760,0,1.0001843171875
3,0,,2026-07-19T05:39:42.160418,0,555,0,2316,0,2307,0,2315,0,21219,0,1.0001769884374996
3,0,,2026-07-19T05:40:14.163695,0,650,0,2474,0,2469,0,2473,0,24795,0,1.0001795937499998
3,0,,2026-07-19T05:40:46.187441,0,804,0,2410,0,2404,0,2409,0,27030,0,1.0007832573437505
3,0,,2026-07-19T05:41:18.187453,0,895,0,2425,0,2422,0,2425,0,32776,0,1.000015184375
3,0,,2026-07-19T05:41:50.189967,0,913,0,2271,0,2267,0,2271,0,36458,0,1.00006655515625
3,0,,2026-07-19T05:42:22.191846,0,1002,0,2438,0,2433,0,2438,0,44932,0,1.0001102303124998
3,0,,2026-07-19T05:42:54.218974,0,1098,0,2438,0,2434,0,2438,0,48029,0,1.000902618125
3,0,,2026-07-19T05:43:26.221369,0,1123,0,2246,0,2242,0,2245,0,48327,0,1.0001254531249997
3,0,,2026-07-19T05:43:58.249755,0,1130,0,2245,0,2242,0,2244,0,50111,0,1.0008329037500001
3,0,,2026-07-19T05:44:30.275478,0,1282,0,2414,0,2412,0,2414,0,54233,0,1.0008636103125004
3,0,,2026-07-19T05:45:02.279816,0,1264,0,2341,0,2341,0,2341,0,55424,0,1.0001740729687505
3,0,,2026-07-19T05:45:34.281368,0,1261,0,2392,0,2391,0,2392,0,56199,0,1.0000783848437496
3,0,,2026-07-19T05:46:06.285396,0,1249,0,2316,0,2312,0,2315,0,55267,0,1.00017314015625
3,0,,2026-07-19T05:46:38.308936,0,1298,0,2265,0,2260,0,2263,0,56031,0,1.0007323479687502
3,0,,2026-07-19T05:47:10.313214,0,1363,0,2286,0,2285,0,2286,0,56416,0,1.0001529390624997
3,0,,2026-07-19T05:47:42.360995,0,1245,0,2239,0,2237,0,2239,0,56212,0,1.0015630603125
3,0,,2026-07-19T05:48:14.388438,0,1341,0,2276,0,2275,0,2276,0,55484,0,1.0008335834375004
3,0,,2026-07-19T05:48:46.394357,0,1374,0,2334,0,2333,0,2334,0,59431,0,1.0001913473437505
3,0,,2026-07-19T05:49:18.421299,0,1402,0,2349,0,2349,0,2349,0,57403,0,1.0008309879687498
3,0,,2026-07-19T05:49:50.438537,0,1348,0,2173,0,2170,0,2173,0,55893,0,1.0006220615625006
3,0,,2026-07-19T05:50:22.448510,0,1391,0,2300,0,2296,0,2299,0,57081,0,1.0002590290624995
3,0,,2026-07-19T05:50:54.450366,0,1361,0,2243,0,2239,0,2240,0,57364,0,1.0001605584374997
3,0,,2026-07-19T05:51:26.478438,0,1344,0,2224,0,2223,0,2224,0,56899,0,1.0008539431249994
3,0,,2026-07-19T05:51:58.480056,0,1372,0,2237,0,2235,0,2237,0,56671,0,1.0000756318750001
3,0,,2026-07-19T05:52:30.482928,0,1425,0,2298,0,2295,0,2298,0,59263,0,1.0001343160937497
3,0,,2026-07-19T05:53:02.510860,0,1393,0,2226,0,2224,0,2226,0,57019,0,1.0008709839062497
3,0,,2026-07-19T05:53:34.516030,0,1444,0,2307,0,2306,0,2307,0,57490,0,1.0002470899999996
3,0,,2026-07-19T05:54:06.545127,0,1381,0,2196,0,2195,0,2195,0,56335,0,1.0008540609375005
3,0,,2026-07-19T05:54:38.566816,0,1390,0,2232,0,2230,0,2232,0,57842,0,1.00074027296875
3,0,,2026-07-19T05:55:10.565107,0,1429,0,2252,0,2250,0,2251,0,59398,0,1.0000280020312493
3,0,,2026-07-19T05:55:42.568201,0,1417,0,2198,0,2197,0,2198,0,56403,0,1.0000615765625007
3,0,,2026-07-19T05:56:14.566806,0,1395,0,2174,0,2173,0,2174,0,55789,0,1.00000081203125
3,0,,2026-07-19T05:56:46.577078,0,1375,0,2140,0,2139,0,2139,0,55685,0,1.0003231926562501
3,0,,2026-07-19T05:57:18.600244,0,1424,0,2238,0,2237,0,2238,0,59208,0,1.0007762073437503
3,0,,2026-07-19T05:57:50.606606,0,1435,0,2245,0,2245,0,2245,0,59529,0,1.0002208635937502
3,0,,2026-07-19T05:58:22.609219,0,1453,0,2212,0,2212,0,2212,0,58397,0,1.0000829145312495
3,0,,2026-07-19T05:58:54.637019,0,1380,0,2142,0,2142,0,2142,0,56718,0,1.00090958125
3,0,,2026-07-19T05:59:26.648602,0,1460,0,2217,0,2217,0,2217,0,59048,0,1.0004128984375
3,0,,2026-07-19T05:59:58.678031,0,1395,0,2091,0,2090,0,2091,0,56363,0,1.00091128484375
3,0,,2026-07-19T06:00:30.696714,0,1426,0,2188,0,2188,0,2188,0,57949,0,1.0005912412500002
3,0,,2026-07-19T06:01:02.720906,0,1392,0,2120,0,2120,0,2120,0,58267,0,1.0007478921875
3,0,,2026-07-19T06:01:34.719326,0,1347,0,2081,0,2081,0,2081,0,54882,0,1.0000002353125
3,0,,2026-07-19T06:02:06.724316,0,1406,0,2122,0,2121,0,2122,0,57392,0,1.0002663140624999
3,0,,2026-07-19T06:02:38.751503,0,1405,0,2174,0,2174,0,2174,0,58410,0,1.0007931662500005
3,0,,2026-07-19T06:03:10.779765,0,1429,0,2150,0,2148,0,2150,0,57436,0,1.0008785239062503
3,0,,2026-07-19T06:03:42.780470,0,1482,0,2233,0,2231,0,2233,0,59597,0,1.0000843792187497
3,0,,2026-07-19T06:04:14.781831,0,1434,0,2197,0,2196,0,2197,0,59504,0,1.0000315134374995
3,0,,2026-07-19T06:04:46.792414,0,1435,0,2127,0,2126,0,2127,0,57422,0,1.0003543037500002
3,0,,2026-07-19T06:05:18.810212,0,1363,0,2025,0,2024,0,2025,0,55634,0,1.0006155035937496
3,0,,2026-07-19T06:05:50.833422,0,1455,0,2213,0,2211,0,2213,0,62090,0,1.0007107464062501
3,0,,2026-07-19T06:06:22.839680,0,1415,0,2123,0,2122,0,2123,0,58873,0,1.0002492254687503
3,0,,2026-07-19T06:06:54.866052,0,1447,0,2147,0,2145,0,2147,0,58236,0,1.00083841609375
3,0,,2026-07-19T06:07:26.871747,0,1471,0,2232,0,2230,0,2232,0,60923,0,1.0001695162500006
3,0,,2026-07-19T06:07:58.872405,0,1443,0,2148,0,2146,0,2148,0,57912,0,1.0000491353125003
3,0,,2026-07-19T06:08:30.886908,0,1407,0,2070,0,2068,0,2070,0,56859,0,1.0004644203125
3,0,,2026-07-19T06:09:02.892259,0,1466,0,2213,0,2211,0,2213,0,60614,0,1.0001343693749998
3,0,,2026-07-19T06:09:34.893557,0,1450,0,2151,0,2149,0,2151,0,58946,0,1.00014618328125
3,0,,2026-07-19T06:10:06.898189,0,1400,0,2115,0,2113,0,2115,0,58488,0,1.00016495
3,0,,2026-07-19T06:10:38.922246,0,1478,0,2186,0,2183,0,2186,0,60400,0,1.0007308198437501
3,0,,2026-07-19T06:11:10.929933,0,1496,0,2160,0,2160,0,2160,0,60256,0,1.000309678125
3,0,,2026-07-19T06:11:42.954486,0,1367,0,2049,0,2048,0,2049,0,56853,0,1.0007715587500003
3,0,,2026-07-19T06:12:14.981749,0,1471,0,2224,0,2222,0,2224,0,62070,0,1.0008364599999997
3,0,,2026-07-19T06:12:46.983106,0,1477,0,2199,0,2198,0,2199,0,59255,0,1.0000981676562504
3,0,,2026-07-19T06:13:18.992097,0,1423,0,2165,0,2163,0,2165,0,58379,0,1.00024704484375
3,0,,2026-07-19T06:13:51.019434,0,1395,0,2067,0,2065,0,2067,0,57465,0,1.0009391379687496
3,0,,2026-07-19T06:14:23.042187,0,1401,0,2124,0,2121,0,2124,0,58348,0,1.0007670323437499
3,0,,2026-07-19T06:14:55.067631,0,1493,0,2194,0,2193,0,2194,0,59457,0,1.0008690801562505
3,0,,2026-07-19T06:15:27.074047,0,1344,0,1985,0,1985,0,1985,0,54142,0,1.0001556729687502
3,0,,2026-07-19T06:15:59.099202,0,1475,0,2161,0,2160,0,2161,0,60881,0,1.0008597899999994
3,0,,2026-07-19T06:16:31.121855,0,1444,0,2175,0,2175,0,2175,0,60082,0,1.0007579453125
3,0,,2026-07-19T06:17:03.120901,0,1390,0,2105,0,2104,0,2104,0,59083,0,1.0000601542187504
3,0,,2026-07-19T06:17:35.122316,0,1428,0,2159,0,2159,0,2159,0,57810,0,1.0000907510937496
3,0,,2026-07-19T06:18:07.125624,0,1477,0,2168,0,2168,0,2168,0,61402,0,1.0001559156250004
3,0,,2026-07-19T06:18:39.151052,0,1483,0,2175,0,2174,0,2175,0,61103,0,1.000859973437501
3,0,,2026-07-19T06:19:11.151301,0,1501,0,2167,0,2166,0,2167,0,61883,0,1.0000362332812494
3,0,,2026-07-19T06:19:43.151137,0,1487,0,2187,0,2185,0,2186,0,63246,0,1.0000412535937502
3,0,,2026-07-19T06:20:15.156106,0,1562,0,2272,0,2270,0,2272,0,64502,0,1.0002238714062501
3,0,,2026-07-19T06:20:47.156478,0,1642,0,2420,0,2420,0,2420,0,67332,0,1.0000516848437504
3,0,,2026-07-19T06:21:19.163149,0,1643,0,2417,0,2416,0,2417,0,64700,0,1.0002768406250007
3,0,,2026-07-19T06:21:51.187401,0,1755,0,2638,0,2638,0,2638,0,63367,0,1.0007485745312503
3,0,,2026-07-19T06:22:23.191034,0,1932,0,2912,0,2910,0,2911,0,64787,0,1.0002207984375004
3,0,,2026-07-19T06:22:55.197617,0,2033,0,3142,0,3137,0,3140,0,60078,0,1.0001527796874998
3,0,,2026-07-19T06:23:27.195948,0,2296,0,3588,0,3582,0,3588,0,60843,0,1.0000212292187498
3,0,,2026-07-19T06:23:59.219537,0,2513,0,4017,0,4008,0,4017,0,56628,0,1.0008096531250001
3,0,,2026-07-19T06:24:31.219829,0,2822,0,4729,0,4707,0,4726,0,56025,0,1.00004769265625
3,0,,2026-07-19T06:25:03.225657,0,3346,0,6040,0,6005,0,6037,0,54557,0,1.00020094421875
3,0,,2026-07-19T06:25:35.242028,0,3646,0,7327,0,7239,0,7316,0,51690,0,1.0005141932812502
3,0,,2026-07-19T06:26:07.265044,0,4159,0,9612,0,9443,0,9584,0,50297,0,1.0007662010937497
3,0,,2026-07-19T06:26:39.268557,0,4682,0,12560,0,12189,0,12510,0,47061,0,1.0002225853125006
3,0,,2026-07-19T06:27:11.277316,0,5586,0,16845,0,16253,0,16740,0,45727,0,1.0002478396875005
3,0,,2026-07-19T06:27:43.298843,0,6044,0,18664,0,18161,0,18583,0,41912,0,1.0007286259375
3,0,,2026-07-19T06:28:15.297740,0,7388,0,22719,0,22292,0,22643,0,43664,0,1.0000007553125003
3,0,,2026-07-19T06:28:47.309233,0,7370,0,21445,0,21176,0,21399,0,39405,0,1.0003441754687499
3,0,,2026-07-19T06:29:19.308253,0,7763,0,21515,0,21261,0,21475,0,38831,0,1.00006908546875
3,0,,2026-07-19T06:29:51.310039,0,8383,0,22123,0,21882,0,22080,0,39845,0,1.0001394145312499
3,0,,2026-07-19T06:30:23.314652,0,8692,0,21883,0,21674,0,21843,0,41110,0,1.00016733546875
3,0,,2026-07-19T06:30:55.332891,0,9078,0,21651,0,21435,0,21619,0,40896,0,1.000582090625001
3,0,,2026-07-19T06:31:27.352367,0,9672,0,21669,0,21508,0,21641,0,42253,0,1.00069397078125
3,0,,2026-07-19T06:31:59.363206,0,10515,0,22172,0,22002,0,22140,0,48633,0,1.0003054432812502
3,0,,2026-07-19T06:32:31.392167,0,10294,0,20414,0,20282,0,20393,0,1592927,0,1.0009392946875
3,0,,2026-07-19T06:33:03.396128,0,11795,0,22005,0,21850,0,21972,0,4557012,0,1.0001301084375
3,0,,2026-07-19T06:33:35.398456,0,11611,0,20128,0,19995,0,20101,0,2585162,0,1.0001139384374997
3,0,,2026-07-19T06:34:07.425330,0,12733,0,20671,0,20512,0,20642,0,1729714,0,1.0008907953125001
3,0,,2026-07-19T06:34:39.430948,0,13628,0,20765,0,20651,0,20747,0,1339670,0,1.0001832854687498
3,0,,2026-07-19T06:35:11.436713,0,15175,0,21741,0,21614,0,21713,0,1155994,0,1.0002968167187498
3,0,,2026-07-19T06:35:43.446158,0,17994,0,23721,0,23632,0,23698,0,1081415,0,1.0002966181250006
3,0,,2026-07-19T06:36:15.449868,17,681976,0,685175,0,685089,0,685159,0,1056064,0,1.0001904224999996
3,0,,2026-07-19T06:36:47.454812,117,1866436,0,1866435,0,1866435,0,1866435,0,1058385,0,1.0001716442187498
3,0,,2026-07-19T06:37:19.490503,364,787272,2,787272,0,787272,0,787272,0,1054489,0,1.0009512249999992
3,0,,2026-07-19T06:37:51.509641,917,374483,0,374483,0,374483,0,374483,0,1049830,0,1.00079672078125
3,0,,2026-07-19T06:38:23.535436,1656,210855,4,210855,11,210855,1,210855,0,1044193,0,1.000833069375
3,0,,2026-07-19T06:38:55.537205,2486,145463,13,145463,13,145463,0,145463,0,1039441,0,1.0000528999999996
3,0,,2026-07-19T06:39:27.536596,3903,120999,33,120999,28,120999,2,120999,0,1036717,0,1.0000139489062503
3,0,,2026-07-19T06:39:59.534018,4579,112800,36,112800,32,112800,2,112800,0,1042458,0,1.00001044109375
3,0,,2026-07-19T06:40:31.535254,16015,108364,213,108364,135,108364,11,108364,1,1030373,3,1.000070384375
3,0,,2026-07-19T06:41:03.543224,43395,107434,882,107434,569,107434,71,107434,0,1027278,4,1.00032419796875
3,0,,2026-07-19T06:41:35.569242,289275,128670,9469,128670,5512,128670,625,128670,33,996186,14,1.0007450948437502
3,0,,2026-07-19T06:42:07.590443,1369777,238531,52359,238531,31009,238531,3540,238531,185,846931,82,1.0007286582812502
3,0,,2026-07-19T06:42:39.606253,2899208,405694,118351,405694,70130,405694,7885,405694,390,603467,173,1.0005257484374999
3,0,,2026-07-19T06:43:11.627419,3388796,469225,142408,469225,84441,469225,9770,469225,450,512211,165,1.0006929417187502
3,0,,2026-07-19T06:43:43.643896,3531758,490437,150550,490436,89565,490436,10159,490436,511,481978,229,1.0005357192187498
3,0,,2026-07-19T06:44:15.661440,3508411,489709,150608,489707,89110,489707,9960,489707,472,481679,205,1.0005668192187493
3,0,,2026-07-19T06:44:47.684990,3489464,487445,149762,487445,88766,487445,10233,487445,480,482905,227,1.0007711537499997
3,0,,2026-07-19T06:45:19.704504,3494366,488306,150430,488306,88958,488306,10069,488306,502,482346,198,1.0006379775
3,0,,2026-07-19T06:45:51.727383,3510030,488013,149907,488013,88950,488013,9995,488013,540,482536,197,1.0007267745312496
3,0,,2026-07-19T06:46:23.745560,3516239,486344,149587,486344,88762,486344,10135,486344,510,483481,211,1.0005883682812504
3,0,,2026-07-19T06:46:55.751966,3518850,487469,149878,487468,88912,487468,9998,487468,517,481743,201,1.00029289578125
3,0,,2026-07-19T06:47:27.776615,3522018,487649,150502,487649,88944,487649,10013,487649,516,482115,219,1.00075459578125
3,0,,2026-07-19T06:47:59.798188,3519874,486544,149252,486544,88968,486544,10013,486544,539,480291,188,1.0006883521874996
3,0,,2026-07-19T06:48:31.820612,3508891,484467,149440,484467,88454,484467,9916,484467,493,483251,217,1.0007445817187497
3,0,,2026-07-19T06:49:03.844632,3506233,486149,149611,486149,88582,486149,10153,486149,499,481705,187,1.0007800593750003
3,0,,2026-07-19T06:49:35.864367,3495371,486006,149552,486006,88494,486006,10133,486006,558,481890,201,1.0006245192187497
3,0,,2026-07-19T06:50:07.882578,3494925,485240,149605,485240,88215,485240,10050,485240,514,481469,207,1.00060968390625
3,0,,2026-07-19T06:50:39.903121,3488597,484031,149461,484031,88132,484031,10011,484031,541,483387,180,1.0007140073437504
3,0,,2026-07-19T06:51:11.920012,3484676,485466,149876,485465,88336,485465,10027,485465,503,482660,215,1.000507255625
3,0,,2026-07-19T06:51:43.938438,3478504,484822,149129,484822,87982,484822,10239,484822,450,483424,219,1.0005914448437498
3,0,,2026-07-19T06:52:15.955557,3474091,484601,149328,484601,89075,484601,10275,484601,471,483423,201,1.0005808479687501
3,0,,2026-07-19T06:52:47.984556,3474691,484400,149808,484400,88413,484400,10191,484400,525,483260,203,1.0008651004687499
3,0,,2026-07-19T06:53:19.991925,3468165,484980,149359,484979,88839,484979,10064,484979,495,482040,196,1.0003132473437497
3,0,,2026-07-19T06:53:52.006287,3469814,484691,149406,484691,89017,484691,10191,484691,508,483207,193,1.0004463729687496
3,0,,2026-07-19T06:54:24.033197,3466105,485081,149148,485081,88550,485081,10265,485081,522,483880,175,1.00088063953125
3,0,,2026-07-19T06:54:56.051102,3462462,484227,148789,484226,88406,484226,10168,484226,509,483107,197,1.0005755365625002
3,0,,2026-07-19T06:55:28.069326,3073632,444846,118386,444844,79685,444844,8570,444844,438,545072,192,1.0006166406249999
3,0,,2026-07-19T06:56:00.082584,3048085,442149,115823,442148,78973,442148,8571,442148,364,551271,227,1.0004670000000004
3,0,,2026-07-19T06:56:32.108982,3044944,442814,115598,442814,79288,442814,8232,442814,427,550943,206,1.0007730895312503
3,0,,2026-07-19T06:57:04.125139,3041223,439821,115486,439821,78594,439821,8543,439821,458,551341,208,1.0005458046875002
3,0,,2026-07-19T06:57:36.142063,3038733,441287,115116,441287,78681,441287,8424,441287,437,552370,184,1.0005890812500002
3,0,,2026-07-19T06:58:08.164519,3041623,439604,115724,439604,78796,439604,8438,439604,404,554357,209,1.0006969749999997
3,0,,2026-07-19T06:58:40.179591,3039168,441044,115673,441044,79084,441044,8493,441044,428,552915,189,1.0004966317187503
3,0,,2026-07-19T06:59:12.199244,3038442,440524,115452,440524,78900,440524,8441,440524,400,554625,199,1.00063218859375
3,0,,2026-07-19T06:59:44.222076,3035713,440299,115574,440298,79036,440298,8165,440298,423,554701,228,1.0007321906249997
3,0,,2026-07-19T07:00:16.234250,3001507,435710,115459,435710,77692,435710,8375,435710,423,558220,197,1.0004246004687498
3,0,,2026-07-19T07:00:48.249076,3263093,462900,141041,462900,83829,462900,9795,462900,464,519485,175,1.0004809448437504
3,0,,2026-07-19T07:01:20.266265,3447784,483631,149205,483629,88356,483629,10457,483629,475,489796,226,1.0005451984375002
3,0,,2026-07-19T07:01:52.285200,3449007,483233,149230,483232,88410,483232,10196,483232,450,489279,200,1.0006642879687493
3,0,,2026-07-19T07:02:24.306707,3443525,484070,148754,484068,88594,484068,10335,484068,483,489565,173,1.0007086099999996
3,0,,2026-07-19T07:02:56.329292,3438892,482489,148473,482488,88672,482488,10090,482488,461,489097,194,1.0006733118750002
3,0,,2026-07-19T07:03:28.347222,3436388,482400,148609,482400,88249,482400,10261,482400,462,488685,191,1.0006091921875002
3,0,,2026-07-19T07:04:00.365574,3434515,483468,148963,483468,88566,483468,10332,483468,470,488977,185,1.0006070281250001
3,0,,2026-07-19T07:04:32.379291,3431850,481999,149092,481999,88015,481999,10020,481999,460,488123,219,1.0004263984375
3,0,,2026-07-19T07:05:04.396502,3434460,480990,148561,480990,87868,480990,9988,480990,470,489687,203,1.0005587975
3,0,,2026-07-19T07:05:36.420264,3433775,482496,149378,482495,88052,482495,10175,482495,494,489876,216,1.0007302578125004
3,0,,2026-07-19T07:06:08.440158,3429607,481633,148793,481633,88421,481633,10132,481633,462,490193,203,1.000654909375
3,0,,2026-07-19T07:06:40.465270,3429644,481027,149236,481027,87894,481027,10122,481027,440,489135,183,1.0007863593750002
3,0,,2026-07-19T07:07:12.478798,3426815,479537,148363,479537,87861,479537,9959,479537,517,490910,225,1.0004718087499997
3,0,,2026-07-19T07:07:44.499327,3427559,480246,148503,480244,87909,480244,9835,480244,481,491442,202,1.000651609375
3,0,,2026-07-19T07:08:16.515621,3421161,478488,147165,478488,87995,478488,9878,478488,451,491376,208,1.0005372703125008
3,0,,2026-07-19T07:08:48.534423,3421464,479291,147896,479289,88002,479289,9769,479289,519,490398,193,1.0005693620312501
3,0,,2026-07-19T07:09:20.552291,3417495,478236,147863,478236,87797,478236,9780,478236,477,490178,201,1.0006625504687496
3,0,,2026-07-19T07:09:52.556697,3414570,478686,147639,478686,87941,478686,9701,478686,504,490889,196,1.000168421875
3,0,,2026-07-19T07:10:24.571409,3411858,476887,147768,476887,86980,476887,9881,476887,523,490713,195,1.0004623750000006
3,0,,2026-07-19T07:10:56.584521,3407351,477521,147091,477521,87275,477521,9884,477521,465,491446,203,1.0003702245312498
3,0,,2026-07-19T07:11:28.600475,3339116,468667,143374,468667,85905,468667,9589,468667,486,500288,230,1.0005282785937502
3,0,,2026-07-19T07:12:00.612533,3406816,475534,147022,475532,87131,475532,9852,475532,505,492071,185,1.00042955421875
3,0,,2026-07-19T07:12:32.628800,3397977,475959,146697,475959,87369,475959,9735,475959,501,491835,191,1.0005328364062505
3,0,,2026-07-19T07:13:04.646121,3401668,475343,147305,475343,86464,475343,9812,475343,503,491890,191,1.0005447928125002
3,0,,2026-07-19T07:13:36.666454,3400276,475938,146436,475938,87179,475938,9730,475938,492,491949,193,1.0006466390625002
3,0,,2026-07-19T07:14:08.687141,3394028,475040,146709,475040,87094,475040,9829,475040,495,491123,177,1.0006454228125001
3,0,,2026-07-19T07:14:40.701103,3396286,473875,145703,473875,86825,473875,9993,473875,494,492090,171,1.0004390568749997
3,0,,2026-07-19T07:15:12.723627,3395878,473218,145946,473218,87106,473218,10066,473218,538,493741,223,1.00075732125
3,0,,2026-07-19T07:15:44.744033,3395454,474544,146876,474544,86543,474544,10076,474544,496,493187,184,1.00064405
3,0,,2026-07-19T07:16:16.760885,3391812,473402,145407,473402,86990,473402,9994,473402,486,492907,187,1.0005678073437503
3,0,,2026-07-19T07:16:48.782039,3390574,473389,146473,473389,86786,473389,9915,473389,463,492245,207,1.0006679182812506
3,0,,2026-07-19T07:17:20.803831,3388713,473529,145776,473530,87067,473530,10047,473530,500,492402,190,1.0006780400000006
3,0,,2026-07-19T07:17:52.829100,3387318,472921,145616,472918,86564,472918,10184,472918,465,492740,201,1.00084222875
3,0,,2026-07-19T07:18:24.845206,3389340,475129,146898,475129,87311,475129,10108,475129,491,493140,203,1.0005725009375004
3,0,,2026-07-19T07:18:56.850088,3390649,474509,145858,474509,87325,474509,9940,474509,498,492308,212,1.000164444375
3,0,,2026-07-19T07:19:28.874086,3390798,474699,146491,474697,87297,474697,10104,474697,470,493055,215,1.0007355968749998
3,0,,2026-07-19T07:20:00.883230,3383728,474329,146387,474329,87029,474329,10192,474329,458,492400,200,1.0002550645312502
3,0,,2026-07-19T07:20:32.902898,3384322,474318,146779,474318,86517,474318,10146,474318,503,492960,183,1.00062566046875
3,0,,2026-07-19T07:21:04.928523,3387808,475049,147054,475048,86844,475048,10019,475048,496,494731,205,1.00084841609375
3,0,,2026-07-19T07:21:36.949483,3385994,474358,145995,474358,87190,474358,10140,474358,497,493918,214,1.0006784598437497
3,0,,2026-07-19T07:22:08.969870,3387471,474185,146152,474184,87261,474184,10062,474184,481,494274,183,1.0006375651562498
3,0,,2026-07-19T07:22:40.994312,3388295,474828,146709,474828,86992,474828,10025,474828,464,494354,209,1.0008158760937504
3,0,,2026-07-19T07:23:13.012176,3384495,473832,146343,473832,86695,473832,10161,473832,484,496571,195,1.0006000025
3,0,,2026-07-19T07:23:45.031027,3383166,474978,146483,474977,87170,474977,10117,474977,465,494384,182,1.000593214062501
3,0,,2026-07-19T07:24:17.050031,3385748,474356,146581,474356,86930,474356,10224,474356,484,496060,192,1.0006101849999995
3,0,,2026-07-19T07:24:49.064481,3385329,475834,146865,475834,87313,475834,10199,475834,499,497597,194,1.0004475879687498
3,0,,2026-07-19T07:25:21.080069,3387824,474216,146196,474215,86808,474215,10176,474215,460,496100,194,1.0005216473437497
3,0,,2026-07-19T07:25:53.099121,3386183,473520,145521,473520,87301,473520,9826,473520,478,497312,196,1.0005989803124997
3,0,,2026-07-19T07:26:25.115139,3383754,473887,146443,473886,87009,473886,10177,473886,491,497255,185,1.0005127723437495
3,0,,2026-07-19T07:26:57.133780,3382673,473858,146845,473858,87048,473858,10212,473858,440,497080,228,1.0006122676562506
3,0,,2026-07-19T07:27:29.160360,3376994,472635,146389,472635,86988,472635,9910,472635,485,498707,200,1.0008479359375
3,0,,2026-07-19T07:28:01.182567,3376345,471749,145571,471748,86701,471748,10011,471748,474,498874,203,1.0007065156250003
3,0,,2026-07-19T07:28:33.206095,3373583,470531,145420,470531,86702,470531,9765,470531,498,496734,186,1.000713935
3,0,,2026-07-19T07:29:05.228964,3374742,471836,145693,471836,86271,471836,9829,471836,476,496629,203,1.0007846640624996
3,0,,2026-07-19T07:29:37.252249,3369729,470923,145352,470923,86190,470923,9728,470923,437,497763,217,1.0007310249999999
3,0,,2026-07-19T07:30:09.263293,3366103,470618,145236,470617,86288,470617,9915,470617,491,497160,212,1.0003391031250006
3,0,,2026-07-19T07:30:41.280732,3363021,469317,144992,469315,86000,469315,9623,469315,522,498359,205,1.0005901640624997
3,0,,2026-07-19T07:31:13.290726,3362082,469378,145043,469378,85926,469378,9805,469378,535,496210,209,1.0003933973437502
3,0,,2026-07-19T07:31:45.315324,3365959,470455,145270,470455,86600,470455,9694,470455,503,499219,222,1.0007098135937502
3,0,,2026-07-19T07:32:17.339684,3357955,468705,143813,468705,85974,468705,9673,468705,486,497716,214,1.0007260906250002
3,0,,2026-07-19T07:32:49.358965,3358233,469115,144280,469115,86114,469115,9780,469115,489,497733,192,1.0006623
3,0,,2026-07-19T07:33:21.376880,3358678,469398,144708,469398,85980,469398,9980,469398,468,497967,174,1.0005888035937496
3,0,,2026-07-19T07:33:53.399150,3358743,468220,144126,468220,86260,468220,9529,468220,456,498656,197,1.0007102104687502
3,0,,2026-07-19T07:34:25.424019,3354869,468503,144649,468503,85770,468503,9622,468503,510,498596,201,1.0007967093749996
3,0,,2026-07-19T07:34:57.447154,3353508,468387,145150,468387,85674,468387,9799,468387,537,498402,215,1.0006975728125
3,0,,2026-07-19T07:35:29.462879,3354561,468489,144529,468489,86320,468489,9862,468489,470,499109,179,1.00054847875
3,0,,2026-07-19T07:36:01.470546,3346901,467499,144190,467498,85796,467498,9652,467498,486,499024,185,1.0002535332812499
3,0,,2026-07-19T07:36:33.486168,3352211,468269,143640,468269,86150,468269,10061,468269,459,497971,184,1.0005444125
3,0,,2026-07-19T07:37:05.506736,3347016,468431,143792,468431,86389,468431,9719,468431,492,496386,226,1.0006244296875
3,0,,2026-07-19T07:37:37.531067,3346365,468606,144647,468606,86025,468606,9799,468606,476,497216,226,1.0007439401562497
3,0,,2026-07-19T07:38:09.554139,3346294,468215,144297,468215,85683,468215,9860,468215,458,495832,228,1.0007638968750003
3,0,,2026-07-19T07:38:41.576005,3346078,468841,145106,468841,86324,468841,9928,468841,526,496469,209,1.0007052718749994
3,0,,2026-07-19T07:39:13.585359,3345087,468885,144776,468885,85806,468885,10019,468885,455,495299,162,1.0003129056250004
3,0,,2026-07-19T07:39:45.601431,3344204,468089,144134,468089,85702,468089,9991,468089,484,497768,209,1.00050444125
3,0,,2026-07-19T07:40:17.614506,3345858,469107,143985,469107,85828,469107,9889,469107,484,497992,234,1.0004621775000002
3,0,,2026-07-19T07:40:49.631595,3346580,469938,144621,469938,86846,469938,9915,469938,454,498337,199,1.0005163031250002
3,0,,2026-07-19T07:41:21.642615,3344868,470015,144406,470015,86098,470015,10236,470015,465,498365,187,1.0003424885937497
3,0,,2026-07-19T07:41:53.661881,3345875,470304,145220,470304,86790,470304,10223,470304,495,497617,182,1.0006367848437503
3,0,,2026-07-19T07:42:25.682201,3344541,469206,143895,469206,86587,469206,10161,469206,477,497796,209,1.0006533734374998
3,0,,2026-07-19T07:42:57.711231,3345178,470211,145114,470210,86261,470210,10141,470210,483,497375,223,1.0009090421875002
3,0,,2026-07-19T07:43:29.734085,3346695,469748,144936,469747,86158,469747,10059,469747,450,496821,214,1.0007644807812497
3,0,,2026-07-19T07:44:01.755782,3344539,469081,144289,469081,86018,469081,9892,469081,445,496495,208,1.0007085312499995
3,0,,2026-07-19T07:44:33.780423,3348354,471217,144698,471217,86897,471217,10229,471217,454,498966,177,1.0007533385937502
3,0,,2026-07-19T07:45:05.804848,3344322,469474,144817,469474,86105,469474,9846,469474,516,497645,206,1.00074605203125
3,0,,2026-07-19T07:45:37.819920,3340979,469179,144480,469179,86222,469179,10155,469179,429,498423,173,1.0005597879687498
3,0,,2026-07-19T07:46:09.842152,3343803,468569,144979,468569,85788,468569,10122,468569,472,498490,208,1.0006670787499996
3,0,,2026-07-19T07:46:41.859016,3342636,468708,145145,468707,85992,468707,10095,468707,453,499641,186,1.0005496817187505
3,0,,2026-07-19T07:47:13.882459,3340339,469176,144523,469176,86016,469176,9957,469176,435,500167,216,1.00073692921875
3,0,,2026-07-19T07:47:45.900840,3342564,469148,144072,469147,85850,469147,10325,469147,476,500791,200,1.0005953275
3,0,,2026-07-19T07:48:17.915694,3346793,470114,144933,470114,86272,470114,10163,470114,458,500844,207,1.0005056865624993
3,0,,2026-07-19T07:48:49.932558,3342990,469042,144811,469042,85898,469042,9866,469042,482,502245,197,1.0005277015624998
3,0,,2026-07-19T07:49:21.947915,3341628,468327,144536,468327,85754,468327,9908,468327,445,502247,201,1.0005029035937492
3,0,,2026-07-19T07:49:53.965537,3346177,470051,145488,470051,86011,470051,9987,470051,494,500406,189,1.0005748890624997
3,0,,2026-07-19T07:50:25.986360,3336902,469112,144785,469111,86099,469111,10096,469111,480,502167,195,1.0006159917187505
3,0,,2026-07-19T07:50:57.995332,3333870,469791,144384,469791,86018,469791,9986,469791,488,502489,198,1.00035801453125
3,0,,2026-07-19T07:51:30.017543,3335918,468599,144709,468598,85806,468598,10045,468598,443,501404,180,1.0006539417187499
3,0,,2026-07-19T07:52:02.038988,3329488,468876,145286,468875,85149,468875,9979,468875,478,502067,194,1.0006778707812498
3,0,,2026-07-19T07:52:34.060310,3331849,468320,143842,468319,85737,468319,10130,468319,455,502473,222,1.0007053207812495
3,0,,2026-07-19T07:53:06.080441,3330723,467765,144020,467765,85982,467765,9903,467765,435,501860,187,1.0006533250000003
3,0,,2026-07-19T07:53:38.091874,3334342,468960,144783,468960,86416,468960,9949,468960,498,501769,200,1.0003583381249999
3,0,,2026-07-19T07:54:10.116808,3330944,468751,144389,468749,85502,468749,10008,468749,434,502802,189,1.00081525203125
3,0,,2026-07-19T07:54:42.137059,3331784,469531,144578,469531,85966,469531,9905,469531,439,503647,200,1.0006529234375
3,0,,2026-07-19T07:55:14.159973,3331819,468705,144502,468705,85741,468705,9725,468705,453,504404,183,1.0007310754687497
3,0,,2026-07-19T07:55:46.175780,3334167,468351,144699,468351,85479,468351,9813,468351,456,503904,203,1.0005242475
3,0,,2026-07-19T07:56:18.194166,3330854,466208,143677,466208,85420,466208,9540,466208,441,504376,227,1.0005973134375001
3,0,,2026-07-19T07:56:50.207874,3328743,466129,143899,466129,85474,466129,9707,466129,490,503329,180,1.0004372807812498
3,0,,2026-07-19T07:57:22.233791,3325959,465436,143200,465436,85012,465436,9652,465436,459,505291,175,1.0007858557812503
3,0,,2026-07-19T07:57:54.253420,3321797,466016,143596,466016,85034,466016,9762,466016,483,503029,185,1.0006356442187498
3,0,,2026-07-19T07:58:26.266063,3324267,466527,143862,466527,85310,466527,9620,466527,462,503979,213,1.0003974895312497
3,0,,2026-07-19T07:58:58.279291,3325350,466175,143591,466175,85409,466175,9601,466175,465,506180,203,1.0004831171874997
3,0,,2026-07-19T07:59:30.300326,3316009,464794,143031,464794,85232,464794,9557,464794,437,504254,231,1.0006566468750002
3,0,,2026-07-19T08:00:02.321047,3317042,464830,143446,464830,85094,464830,9733,464830,471,503035,221,1.00063895578125
3,0,,2026-07-19T08:00:34.342602,3316132,464500,142894,464499,85431,464499,9700,464499,443,503338,189,1.00064004328125
3,0,,2026-07-19T08:01:06.362920,3313248,462848,142660,462848,84511,462848,9529,462848,459,504178,238,1.00072100671875
3,0,,2026-07-19T08:01:38.386586,3313620,463803,142748,463803,85119,463803,9769,463803,474,502830,220,1.0007433004687505
3,0,,2026-07-19T08:02:10.407481,3313608,463729,143313,463729,85181,463729,9708,463729,485,502225,196,1.0006417209375
3,0,,2026-07-19T08:02:42.429431,3311929,465400,144022,465399,85521,465399,9669,465399,461,503309,165,1.0006931082812505
3,0,,2026-07-19T08:03:14.454758,3310225,463649,142775,463649,85275,463649,9702,463649,469,504168,215,1.0008435010937506
3,0,,2026-07-19T08:03:46.476030,3309434,463425,142805,463424,84746,463424,9712,463424,528,503677,198,1.0006700649999998
3,0,,2026-07-19T08:04:18.487494,3307381,462658,142144,462657,84699,462657,9874,462657,488,501736,201,1.0003902771875004
3,0,,2026-07-19T08:04:50.511076,3308714,464101,142568,464101,85203,464101,9683,464101,461,502961,204,1.00074608375
3,0,,2026-07-19T08:05:22.536090,3309978,462731,143070,462731,84477,462731,9617,462731,477,504415,194,1.00079816671875
3,0,,2026-07-19T08:05:54.555102,3298100,461285,141636,461285,84144,461285,9911,461285,476,502708,192,1.0006016432812506
3,0,,2026-07-19T08:06:26.575788,3305200,463610,142476,463610,84955,463610,9655,463610,530,504590,199,1.0006436921875004
3,0,,2026-07-19T08:06:58.595189,3304811,464401,143048,464400,84700,464400,9804,464400,471,502082,194,1.0006388703124998
3,0,,2026-07-19T08:07:30.613116,3302501,464396,142821,464396,84739,464396,9828,464396,485,503638,210,1.0005942754687496
3,0,,2026-07-19T08:08:02.632529,3303524,463446,142534,463446,85065,463446,9925,463446,479,503423,209,1.0005961359374995
3,0,,2026-07-19T08:08:34.649051,3305632,464265,142812,464265,85534,464265,9972,464265,436,504473,203,1.0005147906250005
3,0,,2026-07-19T08:09:06.667462,3303437,463194,143184,463194,84799,463194,10001,463194,475,504139,176,1.0006216703125
3,0,,2026-07-19T08:09:38.686244,3302332,463671,143298,463671,84963,463671,10045,463671,422,504043,233,1.0005924578125003
3,0,,2026-07-19T08:10:10.707785,3305586,464846,143099,464846,85489,464846,10063,464846,448,505259,194,1.0006807453125004
3,0,,2026-07-19T08:10:42.730921,3307323,465143,142871,465143,84929,465143,9920,465143,443,506167,182,1.0007188437499994
3,0,,2026-07-19T08:11:14.750211,3304647,465057,142688,465057,85192,465057,10098,465057,430,504351,208,1.0006540198437501
3,0,,2026-07-19T08:11:46.754422,3303690,465439,143474,465439,84998,465439,10179,465439,450,504631,228,1.00011973484375
3,0,,2026-07-19T08:12:18.759392,3309293,466000,143094,466000,85383,466000,10002,466000,444,506731,208,1.00022648859375
3,0,,2026-07-19T08:12:50.778351,3307261,464870,142478,464869,84717,464869,9953,464869,439,509227,206,1.0006139031250003
3,0,,2026-07-19T08:13:22.787465,3309069,464685,143000,464685,84411,464685,10008,464685,475,506393,210,1.00031586875
3,0,,2026-07-19T08:13:54.805594,3312700,467558,143716,467557,85178,467557,10062,467557,455,508183,216,1.0005324676562501
3,0,,2026-07-19T08:14:26.820748,3305894,466214,142865,466214,85004,466214,10012,466214,444,506704,221,1.0004926260937501
3,0,,2026-07-19T08:14:58.835754,3302265,463608,142947,463607,84964,463607,9829,463607,448,506739,198,1.0004756540624997
3,0,,2026-07-19T08:15:30.855947,3299378,462846,142883,462846,84667,462846,9941,462846,469,507701,206,1.0006511495312502
3,0,,2026-07-19T08:16:02.871025,3299454,465679,143363,465679,85336,465679,9910,465679,439,506237,232,1.000506375
3,0,,2026-07-19T08:16:34.894916,3306460,465517,143307,465517,85461,465517,9926,465517,431,506228,214,1.0007328301562506
3,0,,2026-07-19T08:17:06.904737,3297523,463471,142482,463471,84959,463471,9831,463471,447,507088,197,1.0003351500000006
3,0,,2026-07-19T08:17:38.914849,3298945,464572,143448,464572,84959,464572,9868,464572,458,506603,182,1.0003266620312499
3,0,,2026-07-19T08:18:10.940396,3296774,462435,142718,462432,84469,462432,9584,462432,438,506143,204,1.0008295745312499
3,0,,2026-07-19T08:18:42.961080,3292684,463624,142790,463624,85432,463624,9786,463624,404,506723,191,1.0006184348437497
3,0,,2026-07-19T08:19:14.984685,3293238,462777,142296,462776,84976,462776,9688,462776,426,506529,197,1.0007169714062496
3,0,,2026-07-19T08:19:47.002119,3289748,462977,142621,462977,84509,462977,9679,462977,451,508759,214,1.0006098067187505
3,0,,2026-07-19T08:20:19.024580,3291189,463892,142482,463891,84946,463891,9801,463891,428,508078,184,1.0007223437500004
3,0,,2026-07-19T08:20:51.044838,3290304,462008,142277,462008,84493,462008,9771,462008,413,508299,218,1.0006151453125
3,0,,2026-07-19T08:21:23.064688,3287938,462189,142194,462189,84141,462189,9621,462189,479,508728,182,1.0006676260937506
3,0,,2026-07-19T08:21:55.077925,3291055,461933,141613,461933,85092,461933,9427,461933,485,510172,198,1.0003995431250003
3,0,,2026-07-19T08:22:27.094058,3288428,462515,141980,462515,84393,462515,9539,462515,474,510095,207,1.0005114339062504
3,0,,2026-07-19T08:22:59.111972,3285870,461947,141375,461947,84110,461947,9566,461947,478,509626,216,1.0005899260937496
3,0,,2026-07-19T08:23:31.125584,3290116,461165,141827,461165,84080,461165,9427,461165,437,510243,208,1.0004609020312505
3,0,,2026-07-19T08:24:03.143854,3286755,462202,141556,462202,84208,462202,9326,462202,477,511362,187,1.0005654687499999
3,0,,2026-07-19T08:24:35.166783,3282788,462101,141366,462100,84067,462100,9522,462100,489,508772,207,1.0007566207812504
3,0,,2026-07-19T08:25:07.187685,3283883,461192,141713,461192,83674,461192,9291,461192,444,510559,216,1.00065597296875
3,0,,2026-07-19T08:25:39.209246,3284205,461662,141253,461662,83826,461662,9443,461662,486,510119,205,1.0006925832812503
3,0,,2026-07-19T08:26:11.227919,3278413,461527,141060,461527,83455,461527,9425,461527,496,508722,220,1.00056135625
3,0,,2026-07-19T08:26:43.251305,3283519,460532,141599,460531,83894,460531,9568,460531,488,508250,215,1.0008314854687497
3,0,,2026-07-19T08:27:15.272272,3278182,459979,141243,459978,83982,459978,9591,459978,478,507996,194,1.0006532089062503
3,0,,2026-07-19T08:27:47.297209,3276016,462057,141674,462057,83556,462057,9505,462057,476,509417,194,1.0007271270312499
3,0,,2026-07-19T08:28:19.307984,3276431,460562,142039,460562,83956,460562,9407,460562,470,507531,217,1.0003893432812498
3,0,,2026-07-19T08:28:51.327226,3271122,460717,141304,460716,83795,460716,9639,460716,459,508552,213,1.0006043046875
3,0,,2026-07-19T08:29:23.346207,3273100,460350,141163,460350,83530,460350,9576,460350,457,509081,197,1.0006262040625
3,0,,2026-07-19T08:29:55.373345,3271534,460601,141141,460601,83856,460601,9635,460601,496,507942,180,1.0008448375000003
3,0,,2026-07-19T08:30:27.393863,3268256,460555,140930,460555,83779,460555,9604,460555,467,508646,216,1.0007226521875
3,0,,2026-07-19T08:30:59.409213,3267019,459824,140627,459824,83431,459824,9761,459824,479,507245,214,1.0005176671875
3,0,,2026-07-19T08:31:31.425059,3270656,460293,141200,460293,84246,460293,9635,460293,463,507998,225,1.0006306301562502
3,0,,2026-07-19T08:32:03.442991,3264722,460989,141131,460988,83303,460988,9726,460988,445,508155,217,1.000621725
3,0,,2026-07-19T08:32:35.463102,3269186,460177,141354,460176,83606,460176,9634,460176,477,508676,181,1.0007420749999996
3,0,,2026-07-19T08:33:07.480694,3265505,460370,141688,460369,83351,460369,9456,460369,462,507237,186,1.000619678125
3,0,,2026-07-19T08:33:39.496844,3265161,460442,141319,460442,83734,460442,9758,460442,471,508228,149,1.0005785395312505
3,0,,2026-07-19T08:34:11.519693,3269791,460175,141422,460175,83456,460175,9623,460175,431,508989,175,1.0007760568750004
3,0,,2026-07-19T08:34:43.534721,3272196,460390,141119,460390,84082,460390,9980,460390,435,510179,209,1.0005822884374997
3,0,,2026-07-19T08:35:15.540842,3272341,461265,141590,461264,84018,461264,9972,461264,411,509533,187,1.00027913078125
3,0,,2026-07-19T08:35:47.559885,3276611,462142,142163,462141,83995,462141,9895,462141,438,509871,222,1.0006164062500005
3,0,,2026-07-19T08:36:19.577809,3272595,461554,141476,461553,83734,461553,9907,461553,454,510910,193,1.000651671875
3,0,,2026-07-19T08:36:51.583089,3275732,461797,141210,461797,84187,461797,9990,461797,446,510028,165,1.00025176765625
3,0,,2026-07-19T08:37:23.600155,3279717,461847,141839,461847,83760,461847,9747,461847,458,510187,182,1.0005909725000004
3,0,,2026-07-19T08:37:55.618605,3276654,461301,141806,461301,83431,461301,9730,461301,449,512720,189,1.0005895895312495
3,0,,2026-07-19T08:38:27.630110,3278957,462799,142094,462799,84523,462799,9944,462799,448,512516,218,1.000491325000001
3,0,,2026-07-19T08:38:59.648789,3280698,461994,141980,461994,84459,461994,9784,461994,456,509460,187,1.00059892453125
3,0,,2026-07-19T08:39:31.663510,3280871,462261,141766,462261,83812,462261,9791,462261,448,511591,197,1.0005556196875
3,0,,2026-07-19T08:40:03.680137,3282217,461690,141887,461690,84374,461690,9694,461690,465,513657,194,1.0005605234375
3,0,,2026-07-19T08:40:35.697515,3280645,461504,141764,461504,84690,461504,9935,461504,461,512015,173,1.00059114171875
3,0,,2026-07-19T08:41:07.709234,3270333,460580,141492,460580,83659,460580,9825,460580,432,512210,212,1.0004699910937498
3,0,,2026-07-19T08:41:39.722727,3271652,461409,141812,461409,84109,461409,9763,461409,459,511008,183,1.00048444171875
3,0,,2026-07-19T08:42:11.735568,3272214,461363,141506,461363,83522,461363,9622,461363,458,512177,201,1.0005001692187496
3,0,,2026-07-19T08:42:43.752560,3270864,462161,141724,462161,83477,462161,9746,462161,463,511844,203,1.0005505537500003
3,0,,2026-07-19T08:43:15.755949,3268876,461356,141397,461356,83745,461356,9670,461356,464,512257,202,1.0001398400000001
3,0,,2026-07-19T08:43:47.772363,3270624,461689,141909,461689,83743,461689,9679,461689,445,513836,184,1.0005654881250001
3,0,,2026-07-19T08:44:19.785044,3271129,459579,141086,459579,83998,459579,9508,459579,468,512903,195,1.0004902109375
3,0,,2026-07-19T08:44:51.808091,3267992,460716,141172,460716,83323,460716,9635,460716,442,513528,207,1.0007704546875
3,0,,2026-07-19T08:45:23.828341,3266416,460257,141314,460257,83574,460257,9438,460257,506,511903,225,1.0007189093750002
3,0,,2026-07-19T08:45:55.847281,3265495,459673,141175,459672,83391,459672,9380,459672,451,512513,205,1.0006132078124998
3,0,,2026-07-19T08:46:27.870777,3269418,459839,141751,459838,84068,459838,9553,459838,502,512576,205,1.0008164578124998
3,0,,2026-07-19T08:46:59.891199,3262555,458006,140065,458006,83499,458006,9497,458006,457,512541,187,1.0006714953124998
3,0,,2026-07-19T08:47:31.908227,3262703,457548,139804,457548,83253,457548,9384,457548,467,512296,207,1.0006157546875003
3,0,,2026-07-19T08:48:03.928931,3261127,458164,140335,458164,83516,458164,9587,458164,464,512205,214,1.0006866978125002
3,0,,2026-07-19T08:48:35.950442,3261502,458364,140357,458364,84029,458364,9539,458364,472,512430,218,1.00073666828125
3,0,,2026-07-19T08:49:07.969198,3256610,458179,141095,458178,83074,458178,9427,458178,498,512761,204,1.0006341265625
3,0,,2026-07-19T08:49:39.975296,3257049,458088,140301,458087,83678,458087,9649,458087,499,511265,198,1.0002639276562502
3,0,,2026-07-19T08:50:11.995587,3256079,459091,140942,459091,83523,459091,9294,459091,484,512468,192,1.00067697546875
3,0,,2026-07-19T08:50:44.014625,3258925,458103,141043,458103,83101,458103,9652,458103,494,511616,216,1.0006351035937504
3,0,,2026-07-19T08:51:16.034676,3255613,457644,140545,457644,82769,457644,9511,457644,503,513955,212,1.00064402296875
3,0,,2026-07-19T08:51:48.051741,3258813,458165,141033,458165,83532,458165,9617,458165,492,512642,195,1.0005669671875006
3,0,,2026-07-19T08:52:20.066949,3252914,457376,140210,457376,82866,457376,9530,457376,445,511460,194,1.0005582885937503
3,0,,2026-07-19T08:52:52.082273,3251765,457755,140007,457755,82958,457756,9648,457756,452,512329,225,1.0005355515624998
3,0,,2026-07-19T08:53:24.107579,3251993,458954,140719,458954,83870,458953,9772,458953,503,512094,198,1.0008151353125
3,0,,2026-07-19T08:53:56.122245,3246375,456609,139464,456609,83078,456609,9410,456609,470,510975,189,1.0005220885937496
3,0,,2026-07-19T08:54:28.145001,3248234,458533,140236,458533,83615,458533,9551,458533,472,512410,215,1.0007435370312499
3,0,,2026-07-19T08:55:00.153143,3247038,458234,140398,458234,83670,458234,9587,458234,497,510589,205,1.0003559124999999
3,0,,2026-07-19T08:55:32.168692,3248809,459714,140561,459713,83616,459713,9748,459713,457,512698,201,1.0004951812499994
3,0,,2026-07-19T08:56:04.171988,3252462,458662,140898,458661,83000,458661,9692,458661,485,514073,188,1.0001253109375
3,0,,2026-07-19T08:56:36.188960,3253395,459747,140301,459747,83916,459747,9739,459747,482,513032,213,1.0006091270312498
3,0,,2026-07-19T08:57:08.200492,3253996,458538,140222,458538,83165,458538,9569,458538,468,513765,204,1.0004278942187506
3,0,,2026-07-19T08:57:40.224518,3251029,459200,140774,459200,83043,459200,9802,459200,455,514597,213,1.0007603928125004
3,0,,2026-07-19T08:58:12.245892,3257087,460080,141349,460080,83933,460080,9624,460080,483,514486,209,1.0007278171874996
3,0,,2026-07-19T08:58:44.267762,3254601,458959,140124,458959,83106,458959,9726,458959,431,514069,202,1.0007117024999999
3,0,,2026-07-19T08:59:16.288514,3258245,459967,140508,459967,83607,459967,9725,459967,419,514170,208,1.0006750495312497
3,0,,2026-07-19T08:59:48.309994,3263631,459412,141164,459412,83336,459412,9566,459412,477,516267,158,1.0007337703125
3,0,,2026-07-19T09:00:20.332352,3267931,461399,141292,461399,83780,461399,9714,461399,455,518012,174,1.00072172078125
3,0,,2026-07-19T09:00:52.350136,3263739,459952,141098,459952,83700,459952,9651,459952,458,514941,211,1.0005783053125001
3,0,,2026-07-19T09:01:24.365693,3257164,459508,141437,459508,83473,459508,9679,459508,486,514738,182,1.0005481567187502
3,0,,2026-07-19T09:01:56.384800,3257763,459580,140829,459580,83496,459580,9610,459580,433,513915,207,1.0006311745312502
3,0,,2026-07-19T09:02:28.408056,3260661,461352,140949,461352,83497,461352,9556,461352,428,515654,227,1.0007728765624997
3,0,,2026-07-19T09:03:00.425295,3258022,460748,141378,460748,83688,460748,9589,460748,472,515651,219,1.0006105243749994
3,0,,2026-07-19T09:03:32.440534,3257064,459430,141314,459430,83620,459430,9618,459430,467,514877,204,1.0004743281250001
3,0,,2026-07-19T09:04:04.455200,3256262,458834,140532,458834,83406,458834,9505,458834,454,515249,213,1.0005084475000001
3,0,,2026-07-19T09:04:36.480637,3253185,459292,140721,459292,82670,459292,9479,459292,458,515635,201,1.0008194426562502
3,0,,2026-07-19T09:05:08.496332,3255341,458948,141132,458948,83540,458948,9335,458948,432,515216,211,1.0005203671875
3,0,,2026-07-19T09:05:40.521145,3252546,458750,140691,458750,83546,458750,9437,458750,442,516149,184,1.0008051328124992
3,0,,2026-07-19T09:06:12.534761,3247659,458526,140570,458525,82904,458525,9410,458525,435,515915,224,1.0004567723437503
3,0,,2026-07-19T09:06:44.560154,3250155,458508,140771,458507,83723,458507,9311,458507,494,514227,203,1.0008656193750003
3,0,,2026-07-19T09:07:16.582903,3246762,457197,140298,457196,82848,457196,9327,457196,445,515612,223,1.0007828843749995
3,0,,2026-07-19T09:07:48.600157,3243563,457228,139868,457228,82849,457228,9307,457228,462,515334,186,1.0005102062500004
3,0,,2026-07-19T09:08:20.617019,3245029,457733,140258,457733,83253,457733,9500,457733,464,515296,237,1.0006184384375
3,0,,2026-07-19T09:08:52.642342,3242223,457011,140211,457011,82950,457011,9564,457011,452,515592,214,1.0008306021874998
3,0,,2026-07-19T09:09:24.662922,3244481,455505,139911,455505,82479,455505,9222,455505,467,514528,224,1.0006481462500005
3,0,,2026-07-19T09:09:56.680617,3246412,457118,139366,457118,83853,457118,9318,457118,490,515508,196,1.0005813620312503
3,0,,2026-07-19T09:10:28.706085,3241694,456829,139419,456829,83329,456829,9336,456829,495,515240,208,1.0008262625
3,0,,2026-07-19T09:11:00.729890,3242937,457709,140167,457709,82913,457709,9447,457709,450,516268,214,1.00072125421875
3,0,,2026-07-19T09:11:32.748332,3241574,456931,139999,456931,83089,456931,9395,456931,467,513835,193,1.0006259332812495
3,0,,2026-07-19T09:12:04.769206,3237562,457157,140086,457157,82403,457157,9495,457157,494,514604,183,1.0007578785937499
3,0,,2026-07-19T09:12:36.791970,3235043,455055,139452,455055,82754,455055,9419,455055,468,514179,209,1.000691734375
3,0,,2026-07-19T09:13:08.811988,3239220,456868,139609,456868,83198,456868,9599,456868,487,515034,200,1.0006376428125
3,0,,2026-07-19T09:13:40.827805,3233996,454624,138797,454624,82901,454624,9401,454624,495,515138,175,1.0005662406249995
3,0,,2026-07-19T09:14:12.843042,3230535,452959,138751,452958,82255,452958,9520,452958,478,513088,204,1.0004954665624999
3,0,,2026-07-19T09:14:44.868948,3238393,455640,140071,455640,82754,455640,9733,455640,497,513766,205,1.0008481843750001
3,0,,2026-07-19T09:15:16.891753,3237963,457032,139871,457031,83484,457031,9475,457031,428,513423,199,1.0008062187499995
3,0,,2026-07-19T09:15:48.911882,3238898,457626,140151,457625,83060,457625,9446,457625,440,515249,191,1.0006001296875
3,0,,2026-07-19T09:16:20.929300,3236481,455741,139657,455741,83043,455741,9652,455741,498,513135,214,1.0005606843749997
3,0,,2026-07-19T09:16:52.953760,3240422,456471,139943,456471,83454,456471,9599,456471,451,514259,194,1.0007914896874996
3,0,,2026-07-19T09:17:24.970282,3242743,456327,140095,456326,83203,456326,9615,456326,446,515979,196,1.0005796578124997
3,0,,2026-07-19T09:17:56.992956,3240728,457581,139802,457581,83511,457581,9736,457581,452,516664,208,1.0007088603125
3,0,,2026-07-19T09:18:29.013082,3247944,458836,140422,458836,83072,458836,9790,458836,466,517066,221,1.0006286662500001
3,0,,2026-07-19T09:19:01.026814,3243414,459529,140134,459529,83040,459529,9640,459529,489,516735,219,1.0004759259374996
3,0,,2026-07-19T09:19:33.048649,3246768,456334,139688,456334,83171,456334,9505,456334,440,517896,209,1.0007422193750004
3,0,,2026-07-19T09:20:05.065367,3245366,458879,140705,458879,83311,458879,9702,458879,411,518275,217,1.0005691171875002
3,0,,2026-07-19T09:20:37.087856,3247109,459580,139628,459580,83088,459580,9733,459580,454,519286,180,1.0007164181250001
3,0,,2026-07-19T09:21:09.111792,3245654,459388,140405,459388,82745,459388,9598,459388,423,519057,186,1.0007348662500002
3,0,,2026-07-19T09:21:41.122714,3245607,459080,140138,459080,83150,459080,9465,459080,469,518881,207,1.0004472160937505
3,0,,2026-07-19T09:22:13.147880,3243052,457934,139553,457934,83102,457934,9598,457934,480,519623,185,1.000767228125
3,0,,2026-07-19T09:22:45.171769,3241704,458258,139454,458256,83536,458256,9662,458256,506,519576,184,1.0007929214062505
3,0,,2026-07-19T09:23:17.186794,3242827,458763,140252,458762,83211,458762,9557,458762,468,518159,213,1.0005053218750004
3,0,,2026-07-19T09:23:49.205764,3237359,458526,139618,458526,83016,458526,9593,458526,424,519061,215,1.0005667446875006
3,0,,2026-07-19T09:24:21.225608,3239246,459829,139844,459829,83090,459829,9466,459829,470,519985,187,1.00066180578125
3,0,,2026-07-19T09:24:53.239706,3238037,459615,139851,459615,83332,459615,9486,459615,453,519953,201,1.0004736328125001
3,0,,2026-07-19T09:25:25.254496,3238708,459633,139455,459632,82934,459632,9499,459632,423,520047,189,1.0004969307812506
3,0,,2026-07-19T09:25:57.278073,3239335,459944,139496,459943,83033,459943,9602,459943,432,520639,218,1.0007576379687497
3,0,,2026-07-19T09:26:29.297227,3242436,460420,139887,460420,82632,460420,9290,460420,461,519212,202,1.00060468796875
3,0,,2026-07-19T09:27:01.315008,3240236,458824,140224,458823,83207,458823,9224,458823,491,520133,216,1.000605915625001
3,0,,2026-07-19T09:27:33.333675,3232756,458354,139471,458353,83218,458353,9481,458353,452,519199,197,1.0005949510937502
3,0,,2026-07-19T09:28:05.353783,3236050,458013,139067,458013,83062,458013,9411,458013,458,520958,235,1.0006778801562506
3,0,,2026-07-19T09:28:37.374539,3236557,458217,139817,458217,83101,458217,9597,458217,444,520659,203,1.0006555042187495
3,0,,2026-07-19T09:29:09.396856,3235726,456150,139815,456150,82459,456150,9306,456150,468,519141,204,1.0007323546874995
3,0,,2026-07-19T09:29:41.413539,3232269,456187,139650,456187,82100,456187,9490,456187,480,518834,205,1.0005685484375004
3,0,,2026-07-19T09:30:13.438537,3234893,455988,139247,455988,82656,455988,9536,455988,487,518513,200,1.0007343895312508
3,0,,2026-07-19T09:30:45.457682,3234709,457086,139422,457086,82629,457086,9252,457086,453,520183,183,1.0006587234375002
3,0,,2026-07-19T09:31:17.476159,3230713,455708,138299,455708,82265,455708,9302,455708,483,520890,191,1.0005853640625002
3,0,,2026-07-19T09:31:49.490774,3228417,455359,138980,455359,82387,455359,9200,455359,508,518076,192,1.0004886162500006
3,0,,2026-07-19T09:32:21.504145,3227629,454551,138632,454550,82447,454550,9267,454550,453,518140,204,1.0004572946875008
3,0,,2026-07-19T09:32:53.525292,3223145,454985,138602,454985,82192,454985,9557,454985,466,517359,201,1.00066995421875
3,0,,2026-07-19T09:33:25.538775,3230627,454620,138755,454620,82483,454620,9337,454620,464,518680,203,1.0004246343749998
3,0,,2026-07-19T09:33:57.556947,3226136,453787,138466,453786,82461,453786,9133,453786,489,518227,191,1.000635688593749
3,0,,2026-07-19T09:34:29.568214,3222664,454466,138567,454465,82144,454465,9522,454465,492,517579,203,1.0004107531250004
3,0,,2026-07-19T09:35:01.585018,3225766,455373,138644,455373,82499,455373,9297,455373,499,518658,210,1.00047977390625
3,0,,2026-07-19T09:35:33.602330,3222004,453919,138338,453918,82306,453918,9257,453918,461,517050,191,1.0006136379687502
3,0,,2026-07-19T09:36:05.626226,3224576,455089,138300,455089,82333,455089,9425,455089,488,517869,199,1.0007579490624998
3,0,,2026-07-19T09:36:37.647044,3223083,456006,138900,456005,82629,456005,9452,456005,455,517843,178,1.0006474478124998
3,0,,2026-07-19T09:37:09.667266,3218592,454553,138551,454553,82218,454553,9666,454553,484,518983,212,1.0006695709375002
3,0,,2026-07-19T09:37:41.691997,3216979,454349,138196,454349,82605,454349,9477,454349,492,518767,182,1.0007705348437506
3,0,,2026-07-19T09:38:13.714232,3225070,455261,139024,455260,82689,455260,9375,455260,482,519338,222,1.0007404109375
3,0,,2026-07-19T09:38:45.737015,3221655,455836,138947,455836,82379,455836,9318,455836,491,518896,192,1.0007329140625
3,0,,2026-07-19T09:39:17.751377,3221636,454806,139086,454806,82301,454806,9558,454806,480,518819,223,1.00047657296875
3,0,,2026-07-19T09:39:49.772842,3224259,455034,138450,455034,82217,455034,9417,455034,478,519548,216,1.0006681015624996
3,0,,2026-07-19T09:40:21.791161,3222242,456797,139077,456797,82915,456797,9524,456797,478,520364,202,1.0006324853125
3,0,,2026-07-19T09:40:53.809931,3223856,454622,138760,454622,82717,454622,9508,454622,470,518418,185,1.0006303959375005
3,0,,2026-07-19T09:41:25.820135,3225345,454732,138966,454732,82630,454732,9459,454732,465,518758,165,1.000332465625
3,0,,2026-07-19T09:41:57.829360,3226106,456315,138823,456315,82301,456315,9617,456315,484,518955,210,1.00029636140625
3,0,,2026-07-19T09:42:29.856064,3229165,456416,139622,456416,82021,456416,9485,456416,468,519764,205,1.0008460417187501
3,0,,2026-07-19T09:43:01.876125,3228246,456906,139574,456903,82855,456903,9661,456903,426,519216,174,1.0006043926562502
3,0,,2026-07-19T09:43:33.900464,3227293,457281,138875,457280,82719,457280,9604,457280,460,520787,180,1.0007876026562508
3,0,,2026-07-19T09:44:05.917331,3228032,456741,139234,456740,82819,456740,9778,456740,442,521775,191,1.0005864379687504
3,0,,2026-07-19T09:44:37.927803,3228079,455692,138935,455692,82724,455692,9602,455692,441,521998,191,1.0003510332812504
3,0,,2026-07-19T09:45:09.942039,3235088,457194,138948,457194,83231,457194,9606,457194,452,522106,200,1.0004587328124996
3,0,,2026-07-19T09:45:41.961167,3234882,456993,139279,456992,82937,456992,9604,456992,466,521568,199,1.0006031073437498
3,0,,2026-07-19T09:46:13.981501,3234992,457931,139559,457931,82453,457931,9603,457931,439,522799,187,1.0006397270312497
3,0,,2026-07-19T09:46:45.997551,3234902,458164,138976,458163,83284,458163,9590,458163,487,520861,188,1.0005303037500008
3,0,,2026-07-19T09:47:18.012246,3232756,457710,139065,457710,83193,457710,9596,457710,453,520990,202,1.0004537734374994
3,0,,2026-07-19T09:47:50.032356,3231599,459647,140015,459646,83046,459646,9553,459646,477,522627,217,1.0007096910937503
3,0,,2026-07-19T09:48:22.045098,3230684,458493,139839,458493,83019,458493,9638,458493,482,520945,216,1.0003912687500003
3,0,,2026-07-19T09:48:54.071123,3229036,456530,139038,456530,82682,456530,9654,456530,481,521668,185,1.0007960046875002
3,0,,2026-07-19T09:49:26.094276,3225147,457914,139365,457914,82634,457914,9599,457914,471,521228,200,1.0007770999999999
3,0,,2026-07-19T09:49:58.115806,3230007,458201,139413,458201,83095,458201,9349,458201,420,522035,208,1.0006928620312499
3,0,,2026-07-19T09:50:30.133107,3226116,457202,139333,457201,83160,457201,9378,457201,477,521133,206,1.0006005879687496
3,0,,2026-07-19T09:51:02.155256,3221439,456249,138583,456249,82551,456249,9284,456249,469,521038,232,1.00066619375
3,0,,2026-07-19T09:51:34.175183,3221621,455575,138738,455575,82715,455575,9260,455575,461,520835,205,1.0006926707812498
3,0,,2026-07-19T09:52:06.188897,3222781,456451,139206,456451,82804,456451,9422,456451,439,522492,187,1.0004196078124998
3,0,,2026-07-19T09:52:38.209945,3221765,455987,138432,455987,82527,455987,9281,455987,483,521667,204,1.0006627937500001
3,0,,2026-07-19T09:53:10.228416,3220140,454795,138457,454795,82326,454795,9343,454795,484,522320,191,1.0006391464062496
3,0,,2026-07-19T09:53:42.245234,3221285,455769,138605,455769,82590,455769,9307,455769,454,522314,221,1.0005139885937497
3,0,,2026-07-19T09:54:14.269937,3219477,457471,138889,457471,82680,457471,9344,457471,476,522269,204,1.0007685156250001
3,0,,2026-07-19T09:54:46.282953,3216887,453731,138079,453731,82162,453731,9226,453731,445,522674,201,1.0004770160937497
3,0,,2026-07-19T09:55:18.306302,3214490,455235,138741,455235,82185,455235,9232,455235,498,523026,220,1.00070897859375
3,0,,2026-07-19T09:55:50.315294,3211534,454535,138142,454535,81939,454535,9120,454535,444,522052,200,1.0003341062500004
3,0,,2026-07-19T09:56:22.338983,3212035,454743,138445,454743,82267,454743,9151,454743,446,521466,215,1.00070480890625
3,0,,2026-07-19T09:56:54.362448,3208518,453133,137863,453133,81573,453133,9328,453133,472,521974,215,1.0007732379687502
3,0,,2026-07-19T09:57:26.385002,3210039,455094,137980,455094,82332,455094,9296,455094,495,521345,203,1.0006831906250004
3,0,,2026-07-19T09:57:58.403200,3209319,452515,137733,452515,82244,452515,9058,452515,452,521170,182,1.00063608234375
3,0,,2026-07-19T09:58:30.426114,3209473,452901,138148,452901,81569,452901,9403,452901,457,521633,217,1.0007510567187496
3,0,,2026-07-19T09:59:02.444781,3207464,454291,137974,454291,81712,454291,9408,454291,485,521529,197,1.0005823104687497
3,0,,2026-07-19T09:59:34.468922,3212305,454669,137529,454667,82173,454667,9243,454667,467,520455,193,1.00074209484375
3,0,,2026-07-19T10:00:06.492390,3211376,453240,138029,453240,82117,453240,9090,453240,504,519425,210,1.0008090442187496
3,0,,2026-07-19T10:00:38.516526,3208001,452907,138424,452907,82034,452907,9333,452907,482,521358,208,1.0007354874999999
3,0,,2026-07-19T10:01:10.520383,3201565,451960,137589,451959,82387,451959,9233,451959,467,519466,201,1.0001330776562503
3,0,,2026-07-19T10:01:42.542155,3207404,453652,137266,453652,81896,453652,9360,453652,467,518852,202,1.0007194493750002
3,0,,2026-07-19T10:02:14.561605,3202784,452822,138319,452822,82152,452822,9366,452822,455,518837,177,1.0006630839062498
3,0,,2026-07-19T10:02:46.580024,3205827,453513,137541,453513,81927,453513,9371,453513,497,520373,176,1.0005914707812495
3,0,,2026-07-19T10:03:18.595799,3210333,453598,137633,453598,82044,453598,9263,453598,457,519359,185,1.0004676250000004
3,0,,2026-07-19T10:03:50.600874,3209656,452902,137269,452902,81974,452902,9426,452902,496,519214,194,1.0001662443750001
3,0,,2026-07-19T10:04:22.618956,3206521,454971,138165,454971,82153,454971,9517,454971,468,519644,212,1.0005826431249993
3,0,,2026-07-19T10:04:54.632056,3212933,455653,138663,455653,82382,455653,9585,455653,438,520418,228,1.0004305260937503
3,0,,2026-07-19T10:05:26.653335,3206346,454757,138770,454757,81968,454757,9429,454757,463,519862,187,1.0006785542187502
3,0,,2026-07-19T10:05:58.679237,3205634,454279,138286,454279,82246,454279,9530,454279,446,519189,181,1.0008146790625003
3,0,,2026-07-19T10:06:30.700193,3212163,454195,138090,454195,82453,454195,9470,454195,457,520243,212,1.0007004624999996
3,0,,2026-07-19T10:07:02.721253,3210751,455674,138711,455674,81948,455674,9484,455674,389,522265,190,1.0006689796875001
3,0,,2026-07-19T10:07:34.745496,3210133,454931,138506,454931,82075,454931,9509,454931,434,520801,206,1.0007599859374996
3,0,,2026-07-19T10:08:06.754848,3206762,454003,137992,454003,81339,454003,9475,454003,467,522263,207,1.0003299089062505
3,0,,2026-07-19T10:08:38.775904,3212266,455375,138365,455375,82034,455375,9543,455375,474,522648,192,1.0006497245312505
3,0,,2026-07-19T10:09:10.788071,3208181,455629,137723,455629,82735,455629,9559,455629,474,522590,188,1.0004193306250002
3,0,,2026-07-19T10:09:42.807774,3210201,454476,138449,454476,82491,454476,9533,454476,424,522275,193,1.00057369953125
3,0,,2026-07-19T10:10:14.827146,3217608,455856,138126,455856,82652,455856,9723,455856,462,523807,189,1.0006719292187503
3,0,,2026-07-19T10:10:46.845894,3215660,454572,138206,454572,81996,454572,9489,454572,444,522801,214,1.0006259593750002
3,0,,2026-07-19T10:11:18.844245,3216875,457005,139359,457005,82224,457005,9600,457005,433,523197,203,1.0000126056249998
3,0,,2026-07-19T10:11:50.861695,3218741,456099,138297,456099,82225,456099,9638,456099,447,524229,202,1.000556106875
3,0,,2026-07-19T10:12:22.864976,3216634,456791,138561,456790,82608,456790,9465,456790,443,522859,179,1.0001128578124998
3,0,,2026-07-19T10:12:54.888880,3217824,456593,139031,456593,82182,456593,9497,456593,459,523942,229,1.0007131801562499
3,0,,2026-07-19T10:13:26.907415,3220711,457752,138867,457752,83021,457752,9530,457752,434,524977,210,1.00058930515625
3,0,,2026-07-19T10:13:58.921234,3219975,457673,138489,457673,82923,457673,9521,457673,432,524999,219,1.0004945125000002
3,0,,2026-07-19T10:14:30.946714,3219738,456558,138430,456558,82571,456558,9431,456558,435,525128,189,1.0007791890625002
3,0,,2026-07-19T10:15:02.965017,3216296,457145,138828,457144,82483,457144,9424,457144,489,524182,205,1.0006056396874998
3,0,,2026-07-19T10:15:34.986344,3215475,457869,138459,457869,82692,457869,9360,457869,482,523874,195,1.0006999348437502
3,0,,2026-07-19T10:16:07.008293,3210882,456458,138311,456457,82153,456457,9307,456457,451,523928,187,1.0006330035937503
3,0,,2026-07-19T10:16:39.024457,3213882,456518,138089,456518,82919,456518,9345,456518,462,524527,208,1.0005753260937504
3,0,,2026-07-19T10:17:11.027055,3208457,452703,138024,452702,82258,452702,9459,452702,470,523462,191,1.00008203640625
3,0,,2026-07-19T10:17:43.048567,3209334,455054,138653,455054,82431,455054,9444,455054,416,523996,193,1.0006671656250006
3,0,,2026-07-19T10:18:15.072918,3210984,455631,138510,455630,82501,455630,9109,455630,440,524223,195,1.0007467120312499
3,0,,2026-07-19T10:18:47.092617,3204747,453104,139116,453104,82279,453104,9289,453104,469,520441,169,1.0006539276562496
3,0,,2026-07-19T10:19:19.104269,3208363,453230,138070,453229,81732,453229,9421,453229,468,523556,185,1.0004142546875
3,0,,2026-07-19T10:19:51.126012,3208696,455230,138314,455229,82195,455229,9127,455229,437,524179,220,1.0007014598437503
3,0,,2026-07-19T10:20:23.150247,3207657,455909,138272,455909,82375,455909,9182,455910,447,523825,188,1.0007838359374999
3,0,,2026-07-19T10:20:55.175973,3203612,454329,137619,454329,82055,454329,9067,454328,500,524202,169,1.00078630203125
3,0,,2026-07-19T10:21:27.191341,3203689,453876,137648,453876,81710,453876,9461,453876,457,522932,201,1.0005435553125006
3,0,,2026-07-19T10:21:59.214423,3200410,454634,138192,454634,81764,454634,9145,454634,481,521449,220,1.0007214734375
3,0,,2026-07-19T10:22:31.236205,3206094,454609,137952,454609,82121,454609,9253,454609,471,523302,206,1.0006878868749998
3,0,,2026-07-19T10:23:03.259295,3199585,453365,137482,453365,81520,453365,9155,453365,470,523024,207,1.00073756359375
3,0,,2026-07-19T10:23:35.278358,3200958,454283,137456,454283,82314,454283,9071,454283,455,521863,186,1.0006015718749999
3,0,,2026-07-19T10:24:07.300009,3201335,455749,138322,455749,82177,455750,9195,455750,496,522455,181,1.0006935692187506
3,0,,2026-07-19T10:24:39.300316,3201475,454871,137611,454871,82417,454870,9235,454870,508,522686,197,1.00003843390625
3,0,,2026-07-19T10:25:11.305716,3196671,453508,137606,453508,81414,453509,9139,453509,468,522538,189,1.0002316640625004
3,0,,2026-07-19T10:25:43.319366,3198388,453856,137534,453855,81297,453854,9244,453854,484,522252,207,1.0003907776562502
3,0,,2026-07-19T10:26:15.342949,3198485,454379,137310,454377,81838,454377,9377,454377,511,521786,193,1.0007367540624996
3,0,,2026-07-19T10:26:47.355472,3198336,454388,138493,454387,81236,454387,9441,454387,482,522361,204,1.0004406959374996
3,0,,2026-07-19T10:27:19.366360,3199934,454392,138090,454391,81719,454391,9320,454391,465,521792,198,1.0003484942187497
3,0,,2026-07-19T10:27:51.384452,3199720,455194,138200,455192,81932,455192,9352,455192,452,522998,212,1.0005790906249998
3,0,,2026-07-19T10:28:23.400844,3202207,456312,138502,456312,82441,456312,9459,456312,467,523312,176,1.0005272020312506
3,0,,2026-07-19T10:28:55.420098,3200393,455907,137962,455907,82185,455907,9443,455907,498,523180,184,1.0005839968749999
3,0,,2026-07-19T10:29:27.442248,3201873,455528,137562,455527,81761,455527,9380,455527,479,524046,192,1.0007132307812505
3,0,,2026-07-19T10:29:59.463695,3204530,456441,138141,456439,81468,456439,9533,456439,483,523255,200,1.0006930687500002
3,0,,2026-07-19T10:30:31.486195,3205461,456776,138667,456776,82057,456776,9821,456776,456,523123,236,1.0007369723437496
3,0,,2026-07-19T10:31:03.507821,3200640,455764,138718,455763,81772,455763,9315,455763,514,525221,193,1.0006715417187495
3,0,,2026-07-19T10:31:35.528214,3203733,458193,138798,458193,82947,458193,9487,458193,473,523927,214,1.0006471254687497
3,0,,2026-07-19T10:32:07.543743,3204791,456075,138142,456075,82271,456075,9512,456075,438,523529,193,1.0005633667187503
3,0,,2026-07-19T10:32:39.567686,3203679,456538,138144,456538,82628,456538,9523,456538,485,523916,220,1.0007076432812498
3,0,,2026-07-19T10:33:11.592820,3208019,456792,138778,456791,82402,456791,9558,456791,465,524987,199,1.0007957910937508
3,0,,2026-07-19T10:33:43.618739,3207418,456798,138065,456798,82233,456798,9454,456798,456,525122,186,1.0008329171875001
3,0,,2026-07-19T10:34:15.637335,3210285,457730,138489,457730,82498,457730,9465,457730,437,525234,198,1.00062109578125
3,0,,2026-07-19T10:34:47.661785,3213916,456787,138434,456787,82673,456787,9355,456787,459,526498,182,1.0007684725000003
3,0,,2026-07-19T10:35:19.668272,3209243,456808,138480,456807,82229,456807,9510,456807,443,527484,222,1.00027149265625
3,0,,2026-07-19T10:35:51.691011,3210954,457680,138473,457680,82450,457680,9266,457680,455,524955,189,1.0006909901562497
3,0,,2026-07-19T10:36:23.707079,3211000,458351,138250,458351,82763,458351,9401,458351,430,525667,211,1.0004977598437501
3,0,,2026-07-19T10:36:55.723083,3203328,455267,138446,455267,81960,455267,9383,455267,446,525416,194,1.00057432859375
3,0,,2026-07-19T10:37:27.735939,3200834,457570,138461,457570,81750,457570,9362,457570,469,525897,214,1.0003557839062494
3,0,,2026-07-19T10:37:59.757230,3202469,456830,138587,456830,81841,456830,9193,456830,418,526302,201,1.0007200859375005
3,0,,2026-07-19T10:38:31.778425,3206308,459685,139207,459684,82611,459684,9322,459684,434,527698,207,1.0006378796875004
3,0,,2026-07-19T10:39:03.792771,3206810,458989,138807,458989,82044,458989,9243,458989,454,525151,204,1.0005216807812503
3,0,,2026-07-19T10:39:35.812323,3204510,456430,138319,456430,81746,456430,9237,456430,425,526894,217,1.0005903728124996
3,0,,2026-07-19T10:40:07.831374,3207006,457444,138277,457443,81864,457443,9234,457443,495,527712,212,1.0005921917187501
3,0,,2026-07-19T10:40:39.832037,3204028,457908,138078,457908,82653,457908,9175,457908,484,526506,191,1.00005070265625
3,0,,2026-07-19T10:41:11.854554,3202217,457280,138033,457280,81671,457280,9139,457280,433,527435,193,1.0006985578125
3,0,,2026-07-19T10:41:43.878060,3203184,456117,137991,456117,82367,456117,9190,456117,464,527098,198,1.0007569899999997
3,0,,2026-07-19T10:42:15.880876,3199600,455730,137719,455729,81540,455729,9149,455729,452,526738,197,1.0001558859375002
3,0,,2026-07-19T10:42:47.900535,3200990,456045,138355,456045,81748,456045,8960,456045,433,528042,195,1.0005890490625005
3,0,,2026-07-19T10:43:19.913248,3202327,455884,137411,455884,82035,455884,9019,455884,488,525937,183,1.0004165228125004
3,0,,2026-07-19T10:43:51.936902,3203436,457235,138226,457233,82290,457233,9055,457233,453,526772,213,1.0007132115625001
3,0,,2026-07-19T10:44:23.955703,3197809,456575,137912,456574,82011,456574,9029,456574,479,527513,196,1.0006279160937497
3,0,,2026-07-19T10:44:55.976779,3197664,456660,138341,456660,81807,456660,8947,456660,519,526457,208,1.00067043390625
3,0,,2026-07-19T10:45:28.004179,3197560,455883,137855,455883,81577,455883,9068,455883,496,527202,198,1.0008428317187503
3,0,,2026-07-19T10:46:00.029031,3193782,455153,136770,455153,81733,455153,9027,455153,464,527149,185,1.0008452796875
3,0,,2026-07-19T10:46:32.052915,3193870,454350,137164,454350,81923,454350,8890,454350,500,525790,206,1.0007412760937502
3,0,,2026-07-19T10:47:04.075982,3192322,454396,137240,454396,81392,454396,9040,454396,464,525098,196,1.0007608015624998
3,0,,2026-07-19T10:47:36.073330,3188358,454708,137403,454706,81954,454706,8895,454706,521,527176,204,1.0000661921875003
3,0,,2026-07-19T10:48:08.093701,3189905,455089,137403,455089,81840,455089,9153,455089,435,525944,201,1.0006692493749998
3,0,,2026-07-19T10:48:40.113330,3192283,454694,137586,454694,81697,454694,8707,454694,529,527064,215,1.0006994171875
3,0,,2026-07-19T10:49:12.134070,3190903,455443,137237,455443,81158,455443,8938,455443,490,527104,228,1.0006933589062499
3,0,,2026-07-19T10:49:44.148751,3182908,447921,136054,447921,81504,447921,9196,447921,473,522167,193,1.0005638364062497
3,0,,2026-07-19T10:50:16.172111,3187254,453356,136702,453356,81404,453356,9161,453356,462,525378,208,1.00079986671875
3,0,,2026-07-19T10:50:48.192207,3186083,450249,136329,450248,81818,450248,9057,450248,495,525010,211,1.0007113531250003
3,0,,2026-07-19T10:51:20.209168,3186595,454373,137056,454372,81509,454372,8716,454372,472,526333,197,1.0006168093749994
3,0,,2026-07-19T10:51:52.228373,3186064,453899,136439,453899,81266,453899,9095,453899,526,525344,193,1.00064213703125
3,0,,2026-07-19T10:52:24.238898,3185198,453817,136784,453817,81510,453817,9065,453817,479,526042,184,1.00042144109375
3,0,,2026-07-19T10:52:56.259684,3184822,454131,136488,454131,81449,454131,9271,454131,487,526642,210,1.0007410910937495
3,0,,2026-07-19T10:53:28.280051,3189451,455192,138054,455192,81032,455192,9206,455192,518,528293,195,1.0006869053124996
3,0,,2026-07-19T10:54:00.294255,3188726,455405,136903,455404,82095,455404,9219,455404,479,526632,176,1.0005082296874996
3,0,,2026-07-19T10:54:32.306473,3190431,453831,136644,453831,81458,453831,9165,453831,472,526367,189,1.0004829421875
3,0,,2026-07-19T10:55:04.320773,3191834,456292,137776,456292,81763,456292,9182,456292,483,525605,193,1.00049127546875
3,0,,2026-07-19T10:55:36.341552,3192106,453147,137379,453147,81955,453147,9299,453147,477,525554,198,1.0007182442187497
3,0,,2026-07-19T10:56:08.359580,3193932,456523,138013,456521,81640,456521,9219,456521,456,525602,170,1.0006274178124999
3,0,,2026-07-19T10:56:40.376116,3192511,451608,138001,451608,81882,451608,9055,451608,503,524718,185,1.0006205603125
3,0,,2026-07-19T10:57:12.395049,3186007,448851,137569,448851,81848,448851,9242,448851,492,521732,209,1.0006166787499997
3,0,,2026-07-19T10:57:44.416135,3192728,452283,137921,452283,81879,452283,9350,452283,477,526382,209,1.00071067078125
3,0,,2026-07-19T10:58:16.427779,3197085,456455,137180,456455,82254,456455,9063,456455,463,525321,192,1.0004484729687502
3,0,,2026-07-19T10:58:48.441985,3196138,455616,137524,455616,81623,455616,9225,455616,474,525947,195,1.0004742879687505
3,0,,2026-07-19T10:59:20.462325,3194930,457557,137543,457556,81452,457556,9411,457556,494,527484,192,1.0006881968749999
3,0,,2026-07-19T10:59:52.480139,3201794,456847,137528,456847,82115,456847,9371,456847,473,526982,254,1.00066554953125
3,0,,2026-07-19T11:00:24.501407,3201174,457276,137848,457276,82122,457276,9418,457276,466,527506,219,1.0007002140625
3,0,,2026-07-19T11:00:56.522678,3202218,458090,137985,458087,82305,458087,9282,458087,438,529267,191,1.0007013457812501
3,0,,2026-07-19T11:01:28.539009,3199614,457020,137410,457019,82199,457019,9366,457019,476,528979,212,1.0005749687500005
3,0,,2026-07-19T11:02:00.548995,3201053,457924,138102,457924,81969,457924,9245,457924,493,529541,221,1.00042171984375
3,0,,2026-07-19T11:02:32.565965,3199435,458971,138474,458971,82182,458971,9359,458971,449,528589,206,1.0005644087499999
3,0,,2026-07-19T11:03:04.589521,3197711,458457,137680,458457,82129,458457,9390,458457,395,529912,224,1.0007687151562494
3,0,,2026-07-19T11:03:36.597545,3199013,458758,137422,458758,82208,458758,9395,458758,487,528905,201,1.0003386104687497
3,0,,2026-07-19T11:04:08.617410,3198020,458070,138150,458070,81802,458070,9253,458070,471,530127,239,1.0006446484375005
3,0,,2026-07-19T11:04:40.633128,3199208,458046,138219,458046,82097,458046,9288,458046,519,529504,185,1.0005961629687499
3,0,,2026-07-19T11:05:12.659318,3200850,457241,137082,457241,81370,457241,9105,457241,483,530227,189,1.0008148073437504
3,0,,2026-07-19T11:05:44.676866,3202687,458569,138169,458569,82039,458569,9404,458569,471,530312,184,1.00057930875
3,0,,2026-07-19T11:06:16.685458,3197679,457383,137259,457383,81811,457383,9111,457383,476,531048,214,1.0003848428124995
3,0,,2026-07-19T11:06:48.709095,3198489,458158,137889,458157,81983,458157,8914,458157,514,530116,194,1.0007787368749994
3,0,,2026-07-19T11:07:20.721183,3196490,456414,136554,456414,81896,456414,9125,456414,486,528676,180,1.0004106609375003
3,0,,2026-07-19T11:07:52.744040,3200964,457788,137424,457788,82071,457788,9089,457788,474,528939,201,1.0007916015625
3,0,,2026-07-19T11:08:24.763378,3196256,457481,137118,457481,81789,457481,9067,457481,480,529587,187,1.0006753225000005
3,0,,2026-07-19T11:08:56.784082,3195264,457569,137191,457569,81600,457569,8786,457569,470,527654,214,1.0006589759374995
3,0,,2026-07-19T11:09:28.805779,3195168,457058,137461,457058,81761,457058,8901,457058,491,530544,202,1.0007307146875002
3,0,,2026-07-19T11:10:00.825922,3198007,458056,137196,458056,82025,458056,9013,458056,459,529215,199,1.0006634832812498
3,0,,2026-07-19T11:10:32.842435,3192121,457617,137145,457616,82018,457616,9096,457616,484,528791,198,1.0005272135937497
3,0,,2026-07-19T11:11:04.858522,3187402,457179,136663,457176,81726,457176,8945,457176,510,529888,166,1.0006011520312506
3,0,,2026-07-19T11:11:36.862306,3185378,455431,136855,455431,81343,455431,8886,455431,505,527982,207,1.0001299973437499
3,0,,2026-07-19T11:12:08.878544,3189657,455886,136792,455886,81346,455886,9040,455886,499,528546,189,1.0005599714062505
3,0,,2026-07-19T11:12:40.896827,3186544,457455,136953,457455,81671,457455,9014,457455,496,528296,201,1.00061931828125
3,0,,2026-07-19T11:13:12.919929,3187855,455652,136810,455652,81091,455652,8986,455652,465,527376,192,1.0007895999999992
3,0,,2026-07-19T11:13:44.935758,3188487,456692,137463,456692,81561,456692,8872,456692,466,527151,216,1.0005578868749998
3,0,,2026-07-19T11:14:16.959664,3184624,456240,136330,456240,81793,456240,9028,456240,497,528198,199,1.0007330781250003
3,0,,2026-07-19T11:14:48.982793,3190842,456604,137450,456604,81488,456604,8965,456604,510,527082,205,1.0008250984375002
3,0,,2026-07-19T11:15:21.007951,3186133,456239,136248,456239,81841,456239,8981,456239,468,529095,188,1.0007500562499998
3,0,,2026-07-19T11:15:53.028258,3183793,455495,137062,455495,81087,455495,9019,455495,483,527799,185,1.0007246823437497
3,0,,2026-07-19T11:16:25.048310,3180709,453763,136227,453763,81306,453763,9135,453763,491,527201,168,1.0006958218749997
3,0,,2026-07-19T11:16:57.065925,3181785,454647,136454,454647,81207,454647,8992,454647,475,528180,199,1.0005754968749996
3,0,,2026-07-19T11:17:29.080408,3181197,455095,137000,455095,81110,455095,9130,455095,488,527055,190,1.0004826870312498
3,0,,2026-07-19T11:18:01.100764,3180038,454541,136931,454541,80683,454541,9071,454541,471,527596,201,1.0006816228125002
3,0,,2026-07-19T11:18:33.119068,3179350,455726,136429,455726,81235,455726,9185,455726,479,527809,212,1.0005796334375006
3,0,,2026-07-19T11:19:05.134611,3181275,455150,136239,455150,80800,455150,9134,455150,477,526139,214,1.0005661781250001
3,0,,2026-07-19T11:19:37.150279,3185848,456622,136929,456622,81672,456622,8925,456622,508,525489,189,1.0004860931250001
3,0,,2026-07-19T11:20:09.170820,3183978,456555,136508,456555,81486,456555,9181,456555,484,525410,204,1.0007023803124995
3,0,,2026-07-19T11:20:41.193211,3184751,455905,137715,455905,81308,455905,9011,455905,460,525971,205,1.0007450853125004
3,0,,2026-07-19T11:21:13.211536,3183686,453689,137299,453688,81501,453688,9217,453688,453,525099,203,1.0006193787500002
3,0,,2026-07-19T11:21:45.229539,3185283,456899,137476,456899,82465,456899,9192,456899,484,526011,199,1.0005973364062495
3,0,,2026-07-19T11:22:17.241915,3186023,456544,137038,456544,81641,456544,9063,456544,507,527487,210,1.0004210598437502
3,0,,2026-07-19T11:22:49.261171,3191265,457124,137504,457124,81919,457124,9233,457124,490,527582,218,1.0006329203125004
3,0,,2026-07-19T11:23:21.272243,3192289,456982,137369,456982,81862,456982,9427,456982,465,527581,205,1.0004040229687503
3,0,,2026-07-19T11:23:53.291935,3192455,458512,137569,458511,82074,458511,9215,458511,498,528607,215,1.0006033578125002
3,0,,2026-07-19T11:24:25.316222,3194662,457950,137224,457950,82037,457950,9224,457950,505,528545,199,1.0008224364062503
3,0,,2026-07-19T11:24:57.325944,3201001,459094,137867,459094,82358,459094,9235,459094,486,528978,235,1.0003865370312501
3,0,,2026-07-19T11:25:29.350751,3199707,459002,138568,459002,82411,459002,9164,459002,452,529398,213,1.000752915625
3,0,,2026-07-19T11:26:01.367147,3194906,458638,138487,458638,81861,458638,9367,458638,479,528181,194,1.00058307234375
3,0,,2026-07-19T11:26:33.381168,3195389,457106,137494,457106,82021,457106,9290,457106,456,527597,206,1.0004672578125005
3,0,,2026-07-19T11:27:05.404729,3196507,459024,138411,459024,82443,459024,9237,459024,484,528033,222,1.0007479812499998
3,0,,2026-07-19T11:27:37.424661,3192272,458075,137892,458075,82190,458075,9255,458075,438,527883,212,1.0006253131249998
3,0,,2026-07-19T11:28:09.446123,3195601,459250,138071,459249,82404,459249,9273,459249,476,528846,200,1.0007029781249996
3,0,,2026-07-19T11:28:41.466460,3193642,458186,137875,458186,81903,458186,9223,458186,456,529573,211,1.0006921692187505
3,0,,2026-07-19T11:29:13.486194,3188461,457609,137694,457609,81617,457609,9015,457609,471,530584,186,1.00071015625
3,0,,2026-07-19T11:29:45.509301,3190591,457277,137213,457277,81903,457277,8985,457277,518,529056,189,1.0006914453125
3,0,,2026-07-19T11:30:17.528022,3194071,457248,138206,457248,81721,457248,9023,457248,492,528568,223,1.0006056707812494
3,0,,2026-07-19T11:30:49.532160,3190931,456842,137417,456842,81842,456842,8772,456842,466,527470,194,1.0001823839062502
3,0,,2026-07-19T11:31:21.556090,3188799,455530,137367,455530,81541,455530,9023,455530,502,529329,207,1.0007742401562496
3,0,,2026-07-19T11:31:53.583589,3190120,456966,137283,456966,81565,456966,8930,456966,494,528060,184,1.0008858999999999
3,0,,2026-07-19T11:32:25.601827,3189311,456813,137929,456813,81583,456813,9019,456813,510,528249,191,1.0005788259374997
3,0,,2026-07-19T11:32:57.617745,3190184,456804,136963,456804,81651,456804,9124,456804,467,529626,184,1.0005418682812501
3,0,,2026-07-19T11:33:29.627856,3187382,456936,136906,456936,82075,456936,9192,456936,515,529601,230,1.0003927839062499
3,0,,2026-07-19T11:34:01.646389,3187060,454791,136400,454791,81634,454791,9141,454791,464,528086,192,1.000563078125
3,0,,2026-07-19T11:34:33.654726,3188033,456031,137553,456030,81154,456030,8887,456030,465,527854,226,1.0003143249999997
3,0,,2026-07-19T11:35:05.672782,3182990,453880,136741,453880,81446,453880,8795,453880,510,528820,171,1.0005839754687502
3,0,,2026-07-19T11:35:37.694564,3182661,455605,137054,455605,81454,455605,9141,455605,480,527459,196,1.0007261640625
3,0,,2026-07-19T11:36:09.718828,3181490,453728,136279,453728,81465,453728,8962,453728,499,528261,174,1.0007299390625004
3,0,,2026-07-19T11:36:41.735289,3183178,455921,137583,455921,81493,455921,9142,455921,509,528148,186,1.0005521426562503
3,0,,2026-07-19T11:37:13.753767,3184684,455443,136913,455443,81189,455443,9110,455443,491,528633,184,1.0007018234375002
3,0,,2026-07-19T11:37:45.777700,3184992,455028,137000,455028,81829,455028,9056,455028,509,528225,178,1.000720465625
3,0,,2026-07-19T11:38:17.793832,3181392,454728,137081,454728,81672,454728,9225,454728,441,527786,194,1.0005243734374998
3,0,,2026-07-19T11:38:49.809685,3180933,454777,136465,454777,81385,454777,9019,454777,527,527558,207,1.0005855646875004
3,0,,2026-07-19T11:39:21.830360,3175605,455114,136802,455114,81062,455114,9019,455114,526,526500,198,1.0006200145312505
3,0,,2026-07-19T11:39:53.853311,3180302,455191,136232,455191,81479,455191,9101,455191,454,527985,208,1.0007249229687507
3,0,,2026-07-19T11:40:25.874184,3183667,454848,136175,454848,81654,454848,9165,454848,485,527395,180,1.0006980759375002
3,0,,2026-07-19T11:40:57.893756,3177104,455420,136885,455420,81632,455420,9182,455420,457,528409,205,1.0006508875
3,0,,2026-07-19T11:41:29.916900,3178845,456154,136892,456154,81890,456154,9130,456154,441,527504,208,1.0007122193750002
3,0,,2026-07-19T11:42:01.933975,3182002,457206,138413,457205,81527,457205,8985,457205,511,527598,208,1.0005661071875003
3,0,,2026-07-19T11:42:33.951666,3178743,455284,136613,455284,81404,455284,9067,455284,481,527029,190,1.0006112265625002
3,0,,2026-07-19T11:43:05.966784,3183885,456352,136935,456352,81470,456352,9252,456352,464,526925,214,1.0004868671875
3,0,,2026-07-19T11:43:37.983709,3182525,458016,137561,458014,81966,458014,9305,458014,497,527799,207,1.0005330917187503
3,0,,2026-07-19T11:44:10.010270,3179654,455267,136988,455267,82310,455267,9273,455267,468,526187,212,1.0008443489062497
3,0,,2026-07-19T11:44:42.032627,3175422,451147,137470,451147,81828,451147,9208,451147,431,525032,181,1.0007781828125
3,0,,2026-07-19T11:45:14.053208,3184615,456842,136975,456842,81652,456842,9358,456842,431,527929,186,1.0006331640625
3,0,,2026-07-19T11:45:46.073723,3180669,452389,137757,452389,81668,452389,9166,452389,473,525802,222,1.0006675218750005
3,0,,2026-07-19T11:46:18.087759,3181898,455594,137353,455594,82138,455594,9235,455594,462,528221,190,1.0004681687499999
3,0,,2026-07-19T11:46:50.095828,3184304,450621,137812,450621,81929,450621,9099,450621,482,526022,192,1.0002756678124995
3,0,,2026-07-19T11:47:22.115582,3184119,450046,138051,450046,81942,450046,9237,450046,517,525938,208,1.00060129421875
3,0,,2026-07-19T11:47:54.140765,3184099,449438,137001,449438,82643,449438,9107,449438,479,525545,200,1.0008255707812503
3,0,,2026-07-19T11:48:26.161535,3181087,449912,137942,449912,82140,449912,9212,449912,478,526590,188,1.0006956656250001
3,0,,2026-07-19T11:48:58.182257,3183878,452569,138029,452569,82008,452569,9008,452569,443,527560,206,1.0006423146875
3,0,,2026-07-19T11:49:30.197489,3177103,451509,137672,451507,82175,451507,9339,451507,462,527283,209,1.0005428946875001
3,0,,2026-07-19T11:50:02.211667,3178324,448967,137101,448967,82457,448967,9176,448967,474,526736,183,1.0005069042187504
3,0,,2026-07-19T11:50:34.232713,3174643,448503,136838,448503,81816,448503,9181,448503,465,527522,174,1.0006407401562498
3,0,,2026-07-19T11:51:06.246446,3175910,448151,137109,448151,81331,448151,9276,448151,452,525579,180,1.0004450415625004
3,0,,2026-07-19T11:51:38.263166,3177612,449629,136980,449629,82200,449629,8978,449630,469,525848,179,1.0005305240624998
3,0,,2026-07-19T11:52:10.284663,3171768,448414,137023,448414,81090,448414,9038,448413,478,525696,195,1.0006763665624998
3,0,,2026-07-19T11:52:42.304302,3173929,448747,136962,448746,81686,448746,9083,448746,482,524857,195,1.0006642781250006
3,0,,2026-07-19T11:53:14.323425,3177131,449964,137125,449964,81808,449964,9068,449964,446,523590,191,1.0006291234374998
3,0,,2026-07-19T11:53:46.346070,3173169,450179,137791,450179,81827,450179,9063,450179,486,526615,189,1.0007171975
3,0,,2026-07-19T11:54:18.361435,3172276,449102,137427,449102,81123,449102,9153,449102,478,525756,203,1.0004939676562499
3,0,,2026-07-19T11:54:50.382964,3171899,447575,136767,447575,81613,447575,9138,447575,494,525922,207,1.00068736609375
3,0,,2026-07-19T11:55:22.390398,3166483,446621,136399,446621,81315,446621,9033,446621,482,526095,205,1.0002740584375003
3,0,,2026-07-19T11:55:54.414019,3171577,448835,136862,448835,81771,448835,9101,448835,473,523493,194,1.0007739765624997
3,0,,2026-07-19T11:56:26.437334,3164155,448076,136471,448076,81410,448076,9198,448076,475,524066,189,1.0007047243750002
3,0,,2026-07-19T11:56:58.457090,3172858,452761,136691,452761,81255,452761,9185,452761,487,526580,184,1.0006765218749996
3,0,,2026-07-19T11:57:30.462122,3163258,447952,136599,447952,80851,447952,9134,447952,506,523970,208,1.00015851671875
3,0,,2026-07-19T11:58:02.481985,3166142,447187,136424,447187,81134,447187,9017,447187,438,524269,195,1.0006557785937504
3,0,,2026-07-19T11:58:34.505357,3166421,448300,136338,448299,81360,448299,9163,448299,475,523993,229,1.0007418218749995
3,0,,2026-07-19T11:59:06.522395,3164706,448765,136718,448764,81458,448764,9227,448764,486,525282,204,1.0005861026562497
3,0,,2026-07-19T11:59:38.543612,3163655,449165,136764,449165,81236,449165,9298,449165,497,525271,218,1.0006690260937496
3,0,,2026-07-19T12:00:10.559124,3161845,446983,136149,446983,81111,446983,9230,446983,492,525120,183,1.0005207859374998
3,0,,2026-07-19T12:00:42.575757,3158419,446860,135845,446860,81116,446860,9337,446860,435,525296,217,1.0005008743749997
3,0,,2026-07-19T12:01:14.594758,3160451,449371,136010,449371,81310,449371,9252,449371,467,525201,156,1.0006024178125
3,0,,2026-07-19T12:01:46.615505,3162431,447428,136609,447428,81149,447428,9226,447428,469,523712,190,1.00069513328125
3,0,,2026-07-19T12:02:18.622482,3161197,448054,135969,448054,81570,448054,9347,448054,481,523671,194,1.00029531828125
3,0,,2026-07-19T12:02:50.636636,3168915,452031,136212,452031,81462,452031,9337,452031,473,527840,194,1.0004276582812497
3,0,,2026-07-19T12:03:22.654629,3173787,452225,136041,452225,81597,452225,9234,452225,493,525665,178,1.0005770359375
3,0,,2026-07-19T12:03:54.673556,3166418,448760,136617,448760,81152,448760,9240,448760,468,524435,200,1.0005460531249992
3,0,,2026-07-19T12:04:26.695241,3164979,448567,136504,448567,81786,448567,9229,448567,493,527104,183,1.0007392984375
3,0,,2026-07-19T12:04:58.718547,3174187,450664,137375,450663,81650,450663,9337,450663,471,525901,191,1.000765946875
3,0,,2026-07-19T12:05:30.739772,3179775,454216,137041,454216,82145,454216,9432,454216,493,528411,206,1.0006869015624997
3,0,,2026-07-19T12:06:02.760786,3188027,460055,137054,460054,81770,460054,9328,460054,462,532997,204,1.0006793989062497
3,0,,2026-07-19T12:06:34.772369,3188621,460425,137768,460424,81781,460424,9120,460424,458,531007,206,1.00036465265625
3,0,,2026-07-19T12:07:06.794527,3189504,461005,137311,461005,81989,461005,9319,461005,448,531250,222,1.0007317453125
3,0,,2026-07-19T12:07:38.798351,3180768,458987,137103,458987,81734,458987,9248,458987,447,529608,214,1.0001546176562495
3,0,,2026-07-19T12:08:10.820057,3179534,457789,137920,457789,81949,457789,9440,457789,458,529514,198,1.0006617495312502
3,0,,2026-07-19T12:08:42.824184,3169574,449026,136672,449026,81363,449026,9185,449026,487,526645,177,1.0002094870312497
3,0,,2026-07-19T12:09:14.839418,3178147,458590,136936,458590,81799,458590,9166,458590,454,531304,178,1.0004593906250001
3,0,,2026-07-19T12:09:46.861573,3180370,457621,136454,457621,81473,457621,9059,457621,486,531317,182,1.000694078125
3,0,,2026-07-19T12:10:18.878276,3179243,455947,136080,455947,81511,455947,9042,455947,489,531757,185,1.0005744853125005
3,0,,2026-07-19T12:10:50.883867,3173042,456715,136401,456715,81990,456715,9209,456715,494,530011,202,1.0002267885937501
3,0,,2026-07-19T12:11:22.897959,3178301,455743,136522,455743,81280,455743,9087,455743,480,530296,225,1.0004166214062502
3,0,,2026-07-19T12:11:54.923088,3172011,455949,136543,455948,81379,455948,9136,455948,450,531175,211,1.0007833160937496
3,0,,2026-07-19T12:12:26.946524,3166608,454015,135324,454015,81164,454015,8890,454015,451,531425,202,1.00073469796875
3,0,,2026-07-19T12:12:58.972977,3163572,453444,135162,453443,80734,453443,8856,453443,523,530722,200,1.00086750671875
3,0,,2026-07-19T12:13:30.992431,3165304,454289,135650,454289,80645,454289,9049,454289,463,531945,193,1.0006528265625003
3,0,,2026-07-19T12:14:03.018077,3166776,454550,135733,454550,81184,454550,8946,454550,479,531033,187,1.0007739192187501
3,0,,2026-07-19T12:14:35.032068,3161988,452808,134902,452808,80556,452808,9128,452808,505,530954,185,1.00048541625
3,0,,2026-07-19T12:15:07.049119,3161515,452866,135517,452866,80035,452866,9237,452866,479,529326,216,1.0005255129687503
3,0,,2026-07-19T12:15:39.070650,3163339,454022,135696,454022,80485,454022,9141,454022,524,530547,234,1.0007317468750003
3,0,,2026-07-19T12:16:11.089150,3165001,453343,135002,453343,81006,453343,8827,453343,503,530880,198,1.00059370734375
3,0,,2026-07-19T12:16:43.110657,3163456,453154,135577,453153,80673,453153,9018,453153,489,530420,188,1.0006878832812498
3,0,,2026-07-19T12:17:15.132291,3159770,454197,135608,454197,80604,454197,8993,454197,464,530011,223,1.0007180604687504
3,0,,2026-07-19T12:17:47.158260,3164109,454313,135328,454313,80593,454313,9090,454313,450,529591,214,1.00078389578125
3,0,,2026-07-19T12:18:19.184770,3165033,454209,135844,454209,80523,454209,9043,454209,457,529872,212,1.000865094218751
3,0,,2026-07-19T12:18:51.201493,3161392,454023,134667,454023,81247,454023,9142,454023,459,530870,200,1.0005506249999996
3,0,,2026-07-19T12:19:23.212377,3159432,455058,135122,455058,80671,455058,9288,455058,462,530830,225,1.000364125625
3,0,,2026-07-19T12:19:55.239442,3159832,451205,135521,451205,80717,451205,9282,451205,471,528316,220,1.0008382609375
3,0,,2026-07-19T12:20:27.262452,3163941,454611,135909,454611,81128,454611,9228,454611,511,529919,216,1.0007744812500003
3,0,,2026-07-19T12:20:59.282262,3161059,453893,135931,453893,80765,453893,9113,453893,479,531152,188,1.0006133937500004
3,0,,2026-07-19T12:21:31.301313,3161701,450781,136541,450781,81205,450781,9270,450781,462,527098,193,1.00062099625
3,0,,2026-07-19T12:22:03.318786,3166825,455416,136179,455416,81022,455416,9439,455416,473,528535,201,1.00054518703125
3,0,,2026-07-19T12:22:35.339854,3168314,454896,136191,454896,80645,454896,9280,454896,487,530484,204,1.0006528546875002
3,0,,2026-07-19T12:23:07.360512,3170639,456914,136536,456913,81331,456913,9390,456913,456,528764,169,1.0006974926562497
3,0,,2026-07-19T12:23:39.374681,3159978,448559,136000,448558,81519,448558,9188,448558,447,525986,202,1.0004371328124992
3,0,,2026-07-19T12:24:11.398939,3156808,446486,136255,446486,81464,446486,9168,446486,455,525095,191,1.0007599990625002
3,0,,2026-07-19T12:24:43.415845,3167132,454360,136347,454360,81524,454360,9360,454360,463,528097,183,1.0005339051562503
3,0,,2026-07-19T12:25:15.440095,3169228,454809,136557,454808,80836,454808,9259,454808,453,529804,218,1.0008213520312506
3,0,,2026-07-19T12:25:47.449979,3161495,453265,135692,453264,80698,453264,9291,453264,476,529218,222,1.0003373401562499
3,0,,2026-07-19T12:26:19.470775,3170300,454842,136162,454842,81229,454842,9265,454842,451,530335,168,1.00065298859375
3,0,,2026-07-19T12:26:51.494972,3171507,455326,136442,455326,81303,455326,9247,455326,462,530967,202,1.0007661567187498
3,0,,2026-07-19T12:27:23.506591,3171888,455351,136924,455351,81113,455351,9245,455351,449,531850,200,1.00043799375
3,0,,2026-07-19T12:27:55.524122,3173077,455032,135642,455032,81899,455032,9356,455032,449,531034,195,1.0005343760937497
3,0,,2026-07-19T12:28:27.540418,3171405,456270,136982,456270,81372,456270,9401,456270,447,530380,203,1.0005800921874999
3,0,,2026-07-19T12:28:59.562735,3176087,456790,137395,456790,81902,456790,9286,456790,485,529494,194,1.00065025515625
3,0,,2026-07-19T12:29:31.579099,3171476,456506,136691,456506,81548,456506,9220,456506,472,530944,184,1.0005131839062504
3,0,,2026-07-19T12:30:03.596733,3168575,456034,136760,456034,81626,456034,9251,456034,483,530142,201,1.000573871875
3,0,,2026-07-19T12:30:35.613410,3166862,455854,136818,455854,81136,455854,9235,455854,484,530349,205,1.0005354234375001
3,0,,2026-07-19T12:31:07.633773,3167847,455677,136685,455677,81160,455677,9328,455677,454,530630,204,1.0006478062500002
3,0,,2026-07-19T12:31:39.650637,3162913,454818,136383,454817,81159,454817,9108,454818,437,530916,202,1.0005536640625006
3,0,,2026-07-19T12:32:11.667868,3163625,454072,135903,454072,81371,454072,9121,454071,493,530087,208,1.0005545254687502
3,0,,2026-07-19T12:32:43.687868,3161757,454016,135957,454016,81453,454016,9076,454016,499,529882,203,1.0006135937499998
3,0,,2026-07-19T12:33:15.709566,3163983,454184,135386,454184,81052,454184,9067,454184,442,530165,188,1.0007416489062502
3,0,,2026-07-19T12:33:47.736451,3158339,451968,135212,451968,81289,451968,9017,451968,464,528341,201,1.0008350151562497
3,0,,2026-07-19T12:34:19.754598,3154926,449750,135585,449750,80907,449750,9138,449750,466,529071,202,1.0005886964062498
3,0,,2026-07-19T12:34:51.768181,3157527,452912,135508,452912,81005,452912,9164,452912,483,527710,226,1.0004447051562497
3,0,,2026-07-19T12:35:23.785905,3155567,452108,136086,452108,80286,452108,9006,452108,462,528803,195,1.0006154609375006
3,0,,2026-07-19T12:35:55.803936,3158456,453421,135741,453421,80829,453421,9180,453421,450,529543,213,1.0005044276562503
3,0,,2026-07-19T12:36:27.816952,3153751,450763,135097,450763,80466,450763,9179,450763,464,528437,220,1.00045706609375
3,0,,2026-07-19T12:36:59.834703,3156934,451724,135847,451723,80972,451723,8816,451723,484,528598,199,1.0005638854687497
3,0,,2026-07-19T12:37:31.851311,3153777,451960,135606,451959,80545,451959,9332,451959,438,528946,188,1.0005380859375002
3,0,,2026-07-19T12:38:03.870596,3148278,450492,135078,450492,80940,450492,8907,450492,495,530079,189,1.00060462078125
3,0,,2026-07-19T12:38:35.882196,3151128,452941,135943,452941,80902,452941,9157,452941,472,527715,198,1.0004202410937502
3,0,,2026-07-19T12:39:07.902922,3148978,450452,134715,450451,80649,450451,9151,450451,464,529750,196,1.0006124792187496
3,0,,2026-07-19T12:39:39.917339,3150499,451171,135098,451170,80743,451170,9086,451170,504,530501,185,1.0004978390624997
3,0,,2026-07-19T12:40:11.939956,3150109,450799,135498,450799,80479,450799,9199,450799,520,528785,184,1.0007083957812497
3,0,,2026-07-19T12:40:43.963964,3149315,450089,134648,450089,80418,450089,9227,450089,466,528689,215,1.0007623046875
3,0,,2026-07-19T12:41:15.979653,3144328,450559,135065,450559,80578,450559,9126,450559,474,526230,190,1.00051894796875
3,0,,2026-07-19T12:41:47.998500,3149242,449948,134694,449948,80257,449948,9250,449948,457,528178,218,1.0006020535937497
3,0,,2026-07-19T12:42:20.013738,3148991,451515,134690,451515,81106,451515,9026,451515,490,527458,186,1.0005132526562506
3,0,,2026-07-19T12:42:52.032342,3148580,449819,135093,449819,80452,449819,9356,449819,467,528825,208,1.0005734542187497
3,0,,2026-07-19T12:43:24.052605,3148334,451385,135526,451385,80711,451385,9174,451385,483,528479,194,1.00066253015625
3,0,,2026-07-19T12:43:56.072108,3152126,450076,135090,450076,80455,450076,9203,450076,477,527611,198,1.00061311453125
3,0,,2026-07-19T12:44:28.085698,3154865,450871,135749,450871,80852,450871,9289,450871,470,528159,185,1.000460309375
3,0,,2026-07-19T12:45:00.099884,3151796,450721,135407,450722,80594,450722,9528,450722,454,529607,212,1.0004726584374994
3,0,,2026-07-19T12:45:32.123891,3153524,450650,134385,450648,80749,450648,9400,450648,478,527956,199,1.0007422259375005
3,0,,2026-07-19T12:46:04.140724,3151587,450183,134821,450183,80762,450183,9325,450183,486,528150,189,1.0005237370312499
3,0,,2026-07-19T12:46:36.160486,3152666,451011,135170,451011,80909,451011,9289,451011,465,527769,197,1.0006499625
3,0,,2026-07-19T12:47:08.178739,3156842,451957,136014,451957,80698,451957,9476,451957,439,529798,200,1.0005581479687502
3,0,,2026-07-19T12:47:40.193281,3152508,450576,135018,450576,80752,450576,9303,450576,450,528451,179,1.0004649754687498
3,0,,2026-07-19T12:48:12.191779,3151178,450337,135850,450337,80491,450337,9357,450337,452,527850,191,1.0000245176562497
3,0,,2026-07-19T12:48:44.211339,3154356,451662,135466,451662,81410,451662,9237,451662,461,528036,196,1.0005878182812493
3,0,,2026-07-19T12:49:16.231366,3153805,453103,136423,453103,81290,453103,9506,453103,463,528394,207,1.0006875270312496
3,0,,2026-07-19T12:49:48.253073,3155523,450260,135082,450260,80901,450260,9349,450260,449,528172,209,1.0006697584375
3,0,,2026-07-19T12:50:20.276929,3157376,452446,136199,452446,81018,452446,9350,452446,477,527092,203,1.0007286087500002
3,0,,2026-07-19T12:50:52.289448,3160858,452639,136284,452637,80913,452637,9463,452637,473,528608,186,1.0004772053125002
3,0,,2026-07-19T12:51:24.314637,3163599,451933,135351,451933,81251,451933,9360,451933,463,530289,211,1.0007560790624999
3,0,,2026-07-19T12:51:56.331416,3162908,452195,135627,452195,81371,452195,9503,452195,477,529886,192,1.0005234109374992
3,0,,2026-07-19T12:52:28.344951,3159030,452382,136257,452382,80877,452382,9322,452382,439,529366,215,1.0004879010937504
3,0,,2026-07-19T12:53:00.367804,3159730,450892,135137,450892,81251,450892,9270,450892,449,528984,214,1.00070476875
3,0,,2026-07-19T12:53:32.390434,3161850,451601,135516,451601,81432,451601,9373,451601,459,528270,221,1.0006832609375003
3,0,,2026-07-19T12:54:04.410491,3154600,451004,135575,451004,80975,451004,9168,451004,434,527463,214,1.00069550734375
3,0,,2026-07-19T12:54:36.433138,3153945,449454,135213,449454,80531,449454,9199,449454,487,529306,225,1.0006710484374997
3,0,,2026-07-19T12:55:08.454965,3155299,451155,135887,451155,80391,451155,9285,451155,495,528221,192,1.0007445124999996
3,0,,2026-07-19T12:55:40.466161,3146442,450579,135659,450579,80422,450579,9062,450579,464,528456,208,1.0003424629687496
3,0,,2026-07-19T12:56:12.487203,3149659,448997,134909,448997,80352,448997,9157,448997,500,529052,169,1.00066052859375
3,0,,2026-07-19T12:56:44.505179,3151308,449307,135277,449306,79980,449306,9185,449306,450,529241,175,1.0005642510937498
3,0,,2026-07-19T12:57:16.522768,3150850,450525,135363,450525,80530,450525,9051,450525,451,528581,190,1.0005950359374998
3,0,,2026-07-19T12:57:48.525362,3148335,449089,135074,449089,80321,449089,9311,449089,460,527482,201,1.00007630109375
3,0,,2026-07-19T12:58:20.546297,3149817,448673,134444,448673,80561,448673,9154,448673,469,526803,201,1.0006838828124998
3,0,,2026-07-19T12:58:52.567554,3151435,450330,135463,450330,81285,450330,9123,450330,459,529093,191,1.0007142531249997
3,0,,2026-07-19T12:59:24.596481,3146220,449445,134780,449445,80841,449445,9165,449445,453,528063,213,1.0009092285937504
3,0,,2026-07-19T12:59:56.617705,3146364,448242,134729,448242,80364,448242,9377,448242,486,528811,224,1.0006691323437498
3,0,,2026-07-19T13:00:28.636454,3148447,448506,134534,448506,80983,448506,9235,448506,475,528409,183,1.0006220712500005
3,0,,2026-07-19T13:01:00.656650,3148191,448433,134495,448433,80443,448433,9347,448433,470,527555,175,1.0006188709375
3,0,,2026-07-19T13:01:32.679194,3150732,448743,134614,448743,80743,448743,9215,448743,447,527946,209,1.0007468790625
3,0,,2026-07-19T13:02:04.702109,3150267,448988,135383,448988,80690,448988,9396,448988,472,526654,208,1.0007104234374997
3,0,,2026-07-19T13:02:36.721391,3149325,448885,134662,448885,80975,448885,9269,448885,467,529422,172,1.0006388354687497
3,0,,2026-07-19T13:03:08.738066,3148000,449206,134870,449206,80415,449206,9352,449206,454,529166,183,1.0005247629687506
3,0,,2026-07-19T13:03:40.758889,3148803,448529,134944,448528,80936,448528,9497,448528,456,528371,185,1.0006716296875002
3,0,,2026-07-19T13:04:12.779124,3150754,449395,134719,449395,80940,449395,9446,449395,476,527603,204,1.0007596906250005
3,0,,2026-07-19T13:04:44.794742,3151827,449484,135423,449484,80462,449484,9429,449484,455,528006,194,1.0005191453125002
3,0,,2026-07-19T13:05:16.799324,3147557,449394,135089,449393,80766,449393,9396,449393,446,526793,190,1.00032419796875
3,0,,2026-07-19T13:05:48.817304,3147105,449664,135371,449664,80694,449664,9324,449664,460,528583,212,1.0005877218749994
3,0,,2026-07-19T13:06:20.829304,3150252,449826,134946,449826,81309,449826,9485,449826,462,526345,186,1.00044621609375
3,0,,2026-07-19T13:06:52.832872,3154597,450474,135625,450474,81229,450474,9320,450475,460,526725,215,1.0001684724999997
3,0,,2026-07-19T13:07:24.846426,3153099,451525,135162,451525,80454,451525,9453,451524,446,527320,215,1.0004938234375005
3,0,,2026-07-19T13:07:56.844191,3150562,449074,134450,449074,80540,449074,9425,449074,451,527150,185,1.000117175
3,0,,2026-07-19T13:08:28.865400,3153684,450158,135381,450158,81266,450158,9444,450158,432,526396,197,1.0006692853124994
3,0,,2026-07-19T13:09:00.873339,3148913,449694,134959,449694,80592,449694,9185,449694,431,526229,199,1.0002699624999996
3,0,,2026-07-19T13:09:32.895964,3153575,451159,135803,451158,81285,451158,9196,451158,498,529102,190,1.0007452162500006
3,0,,2026-07-19T13:10:04.911603,3157135,451296,136133,451296,81181,451296,9214,451296,471,529858,181,1.0005130978124999
3,0,,2026-07-19T13:10:36.925486,3158509,451018,135423,451018,81061,451018,9310,451018,472,529840,206,1.0004729756250001
3,0,,2026-07-19T13:11:08.939613,3154827,451088,135212,451088,80805,451088,9365,451088,473,529824,209,1.00050726453125
3,0,,2026-07-19T13:11:40.961619,3156252,452155,136263,452155,81282,452155,9064,452155,440,528936,197,1.0007261035937496
3,0,,2026-07-19T13:12:12.977312,3149148,449362,135522,449362,80539,449362,9210,449362,461,529571,191,1.0005393682812498
3,0,,2026-07-19T13:12:44.984547,3148168,449479,135872,449479,80145,449479,9098,449479,496,528747,192,1.0002541026562501
3,0,,2026-07-19T13:13:16.995230,3152257,449624,135208,449624,80786,449624,9230,449624,471,529344,214,1.0004211301562498
3,0,,2026-07-19T13:13:49.005382,3150313,448354,134750,448354,80450,448354,9056,448354,455,529271,178,1.0003773890625003
3,0,,2026-07-19T13:14:21.021896,3149063,448646,134790,448646,80770,448646,9273,448646,494,529508,187,1.0005015489062499
3,0,,2026-07-19T13:14:53.022547,3150210,449571,134833,449571,80789,449571,8996,449571,466,529244,203,1.0000485734375002
3,0,,2026-07-19T13:15:25.036602,3147182,445833,135349,445833,80640,445833,9143,445833,429,528121,199,1.0005052256250007
3,0,,2026-07-19T13:15:57.052647,3142647,446634,134968,446633,79935,446633,9303,446633,458,527462,211,1.0005611446874993
3,0,,2026-07-19T13:16:29.070195,3148415,449012,134902,449012,80574,449012,9276,449012,439,528652,221,1.0005404948437493
3,0,,2026-07-19T13:17:01.085917,3144580,448348,135153,448348,80308,448348,9199,448348,491,528223,197,1.00058382546875
3,0,,2026-07-19T13:17:33.108367,3146041,448052,134495,448051,80812,448051,9172,448051,493,528779,189,1.00072454953125
3,0,,2026-07-19T13:18:05.107739,3143465,447167,134267,447167,80774,447167,9220,447167,477,529231,198,1.0000104723437497
3,0,,2026-07-19T13:18:37.123527,3144139,448126,135359,448125,79694,448125,9090,448125,479,529978,204,1.00050403078125
3,0,,2026-07-19T13:19:09.135779,3140391,447575,134389,447574,80267,447574,9154,447574,502,527487,221,1.0004661035937503
3,0,,2026-07-19T13:19:41.152217,3146774,449386,134795,449387,80576,449387,9056,449387,466,527875,208,1.0005215515625
3,0,,2026-07-19T13:20:13.170530,3144510,448999,134664,448998,80614,448998,9255,448998,478,528055,204,1.0006596068750007
3,0,,2026-07-19T13:20:45.177465,3142006,448567,134837,448564,80100,448564,9262,448564,455,528753,213,1.0001720250000006
3,0,,2026-07-19T13:21:17.189125,3142231,449096,134530,449096,80242,449096,9184,449096,465,528549,204,1.0004402946875
3,0,,2026-07-19T13:21:49.204672,3140243,446287,134486,446287,80608,446287,9153,446287,482,527001,168,1.0005320459374996
3,0,,2026-07-19T13:22:21.218133,3138837,445906,135461,445906,79821,445906,9274,445906,437,528191,211,1.0004523368750007
3,0,,2026-07-19T13:22:53.235426,3138176,444940,135168,444939,80352,444939,9261,444939,465,526289,195,1.0005833448437502
3,0,,2026-07-19T13:23:25.255194,3145322,447187,135327,447187,81050,447187,9444,447187,453,526982,203,1.000688775
3,0,,2026-07-19T13:23:57.274500,3146301,448394,135333,448393,80355,448393,9590,448393,486,526125,185,1.0005571171874998
3,0,,2026-07-19T13:24:29.291227,3147419,448570,134828,448570,79899,448570,9436,448570,455,528235,205,1.00059949578125
3,0,,2026-07-19T13:25:01.289544,3149009,450155,135319,450155,80699,450155,9337,450155,442,526003,203,1.00000756671875
3,0,,2026-07-19T13:25:33.307783,3144440,448129,135517,448129,81094,448129,9246,448129,465,525306,216,1.0005705859375003
3,0,,2026-07-19T13:26:05.325153,3145871,448536,134585,448536,80862,448536,9419,448536,499,527101,185,1.0005804531249998
3,0,,2026-07-19T13:26:37.340921,3151180,449500,135280,449500,81224,449500,9602,449500,447,526890,192,1.0005455292187504
3,0,,2026-07-19T13:27:09.352156,3145602,448413,135738,448413,80520,448413,9466,448413,453,526554,207,1.00034168375
3,0,,2026-07-19T13:27:41.355739,3151414,451278,135689,451278,81459,451278,9396,451278,439,527258,208,1.0001996984375003
3,0,,2026-07-19T13:28:13.372433,3149598,448453,135734,448453,80181,448453,9355,448453,468,528537,212,1.0004987901562497
3,0,,2026-07-19T13:28:45.374949,3150340,450511,135382,450511,80955,450511,9381,450511,467,529525,196,1.00020235
3,0,,2026-07-19T13:29:17.396087,3156047,452184,135511,452184,80695,452184,9393,452184,465,530098,224,1.0006594781250002
3,0,,2026-07-19T13:29:49.412857,3155167,449981,135666,449980,80965,449980,9449,449980,448,529172,197,1.0005702890625003
3,0,,2026-07-19T13:30:21.422778,3151686,450523,136200,450523,80728,450523,9391,450523,448,527625,203,1.0003016354687502
3,0,,2026-07-19T13:30:53.432179,3146860,449640,135489,449640,81272,449640,9395,449640,503,527447,214,1.00040614890625
3,0,,2026-07-19T13:31:25.448343,3145936,447910,135905,447910,81011,447910,9491,447910,420,526470,217,1.0004911171874997
3,0,,2026-07-19T13:31:57.460556,3144597,445416,135181,445416,80676,445416,9269,445416,440,525852,188,1.00047808796875
3,0,,2026-07-19T13:32:29.479517,3150873,450027,135769,450027,81154,450027,9274,450027,456,527031,220,1.0005955640625002
3,0,,2026-07-19T13:33:01.494230,3145042,449280,135613,449280,81261,449280,9098,449280,466,527010,192,1.0004651948437502
3,0,,2026-07-19T13:33:33.500595,3144516,448724,136197,448724,81468,448724,9031,448724,503,528574,191,1.0002906176562503
3,0,,2026-07-19T13:34:05.520033,3149887,449203,136022,449203,81122,449203,8921,449203,473,528207,203,1.0006157421875002
3,0,,2026-07-19T13:34:37.532577,3150321,449254,135864,449253,80969,449253,9092,449253,472,527875,201,1.0003900984375003
3,0,,2026-07-19T13:35:09.543122,3146954,449690,136096,449690,80325,449690,9080,449690,440,527907,171,1.00040971671875
3,0,,2026-07-19T13:35:41.560564,3142977,448051,135332,448051,80571,448051,8999,448051,514,527733,236,1.0005644890624998
3,0,,2026-07-19T13:36:13.565184,3136997,448003,135587,448003,80452,448003,9014,448003,501,527420,200,1.0001764125000001
3,0,,2026-07-19T13:36:45.581459,3146675,448334,135787,448334,80797,448334,9248,448334,487,527219,177,1.0005131660937503
3,0,,2026-07-19T13:37:17.588219,3139917,447007,134735,447007,80577,447007,9023,447007,476,528083,190,1.0002236771875008
3,0,,2026-07-19T13:37:49.603051,3141373,447596,135119,447596,80678,447596,9004,447596,468,526527,200,1.000490803125
3,0,,2026-07-19T13:38:21.617371,3143380,447733,135392,447732,80333,447732,9093,447732,458,527909,207,1.0005330160937502
3,0,,2026-07-19T13:38:53.634916,3142852,447370,135524,447370,80257,447370,9047,447370,442,526198,174,1.0005520385937499
3,0,,2026-07-19T13:39:25.651104,3134205,445783,134635,445783,79674,445783,9158,445783,465,527012,190,1.000514825
3,0,,2026-07-19T13:39:57.669083,3144572,449418,135516,449418,81367,449418,9329,449418,480,527127,201,1.000601553125
3,0,,2026-07-19T13:40:29.682578,3140242,446791,134726,446790,79833,446790,9032,446790,503,527346,190,1.0004826801562499
3,0,,2026-07-19T13:41:01.691229,3139654,446332,134276,446332,80492,446332,9156,446332,448,526332,192,1.0002912343750001
3,0,,2026-07-19T13:41:33.711127,3141950,448110,134859,448110,80602,448110,9204,448110,474,526345,215,1.0006712854687503
3,0,,2026-07-19T13:42:05.731575,3136270,446799,134890,446798,80434,446798,9157,446798,465,528117,205,1.000654168125
3,0,,2026-07-19T13:42:37.749951,3135533,445305,133874,445305,80514,445305,9070,445305,501,526988,193,1.0006346046874999
3,0,,2026-07-19T13:43:09.769588,3138194,446847,134839,446847,79993,446847,9262,446847,435,527615,208,1.000613615625
3,0,,2026-07-19T13:43:41.783238,3138529,447312,134306,447311,80310,447311,9402,447311,481,526730,203,1.0004748787500004
3,0,,2026-07-19T13:44:13.795211,3136604,445956,134278,445955,80318,445955,9224,445955,462,527749,220,1.00041425515625
3,0,,2026-07-19T13:44:45.809120,3136510,446085,134303,446085,80359,446085,9210,446085,450,528600,198,1.000498759375
3,0,,2026-07-19T13:45:17.823775,3134621,447099,134167,447099,80342,447099,9471,447099,468,527593,235,1.0004613589062497
3,0,,2026-07-19T13:45:49.838751,3132855,443219,134337,443219,80253,443219,9252,443219,468,528132,218,1.0004815984375004
3,0,,2026-07-19T13:46:21.844440,3132283,444674,134902,444673,80206,444673,9387,444673,459,526848,199,1.0001979337499998
3,0,,2026-07-19T13:46:53.866060,3140086,446460,134394,446460,80315,446460,9315,446460,449,526579,227,1.0007458120312505
3,0,,2026-07-19T13:47:25.886281,3138106,446631,134178,446631,80036,446631,9355,446631,442,526168,179,1.0006568359375005
3,0,,2026-07-19T13:47:57.902144,3139001,446918,135292,446918,80779,446918,9427,446918,507,526566,208,1.0004870406250002
3,0,,2026-07-19T13:48:29.918545,3137066,445975,134759,445975,80869,445975,9398,445975,482,525389,167,1.0005669281249998
3,0,,2026-07-19T13:49:01.941210,3142776,448936,135824,448936,80631,448936,9264,448936,447,527349,195,1.00071509109375
3,0,,2026-07-19T13:49:33.956971,3146119,448593,135020,448593,80908,448593,9274,448593,421,526957,188,1.0005320901562502
3,0,,2026-07-19T13:50:05.973399,3148039,449625,135886,449625,80385,449625,9416,449625,465,529096,189,1.0005565432812502
3,0,,2026-07-19T13:50:37.985076,3144066,446171,135461,446171,80361,446171,9587,446171,457,527166,203,1.0003854890625001
3,0,,2026-07-19T13:51:10.007961,3151909,448885,135543,448885,81080,448885,9361,448885,443,527910,207,1.0007015868749998
3,0,,2026-07-19T13:51:42.021550,3143532,446379,135974,446379,80740,446379,9297,446379,481,527079,231,1.0005136443749998
3,0,,2026-07-19T13:52:14.040234,3141398,445705,135625,445705,80774,445705,9261,445705,442,526686,206,1.0005974598437506
3,0,,2026-07-19T13:52:46.064664,3144641,448833,136033,448833,80957,448833,9223,448833,472,528256,216,1.00078145890625
3,0,,2026-07-19T13:53:18.077925,3146586,449748,135539,449748,80796,449748,9302,449748,458,527313,241,1.00046268171875
3,0,,2026-07-19T13:53:50.089839,3142290,445625,135132,445625,81177,445625,9286,445625,484,527428,193,1.0003978114062502
3,0,,2026-07-19T13:54:22.107618,3144094,445747,135454,445746,81296,445746,9315,445746,434,527488,207,1.0005558531249996
3,0,,2026-07-19T13:54:54.117676,3143569,446316,135964,446316,81047,446316,9271,446316,465,527069,188,1.0003579760937498
3,0,,2026-07-19T13:55:26.139928,3146084,447725,135580,447724,81104,447724,9252,447724,481,529828,183,1.0007243714062504
3,0,,2026-07-19T13:55:58.145714,3141130,445588,135311,445588,80743,445588,9067,445588,438,527775,211,1.000245043125
3,0,,2026-07-19T13:56:30.160378,3146533,449039,136121,449039,80619,449039,9030,449039,481,528647,194,1.0004558990625
3,0,,2026-07-19T13:57:02.168216,3143105,447365,134567,447365,80321,447365,8922,447365,491,527357,204,1.0002538000000005
3,0,,2026-07-19T13:57:34.174862,3143261,446491,135370,446491,80117,446491,8757,446491,448,529326,202,1.0002651249999999
3,0,,2026-07-19T13:58:06.187114,3142882,446845,134946,446844,80214,446844,8898,446844,515,529951,189,1.0004125535937507
3,0,,2026-07-19T13:58:38.206308,3145565,445697,135045,445697,80208,445697,8834,445697,436,527837,217,1.0007059671875007
3,0,,2026-07-19T13:59:10.216680,3138262,445614,135277,445614,80131,445614,8798,445614,483,528080,206,1.0003197796874996
3,0,,2026-07-19T13:59:42.237796,3140514,444711,135268,444711,80320,444711,8912,444711,504,526942,186,1.0006754234375
3,0,,2026-07-19T14:00:14.253630,3138466,445007,135247,445007,79792,445007,9036,445007,455,528206,205,1.0005075281250002
3,0,,2026-07-19T14:00:46.265638,3134577,443366,134740,443365,79889,443365,8889,443365,505,526621,192,1.00038641875
3,0,,2026-07-19T14:01:18.275896,3130149,441934,134198,441934,79651,441934,8758,441934,486,525728,197,1.000364625
3,0,,2026-07-19T14:01:50.287313,3133588,443062,134450,443059,80190,443059,8996,443059,480,526628,211,1.00033238015625
3,0,,2026-07-19T14:02:22.299226,3131407,441843,134010,441843,79836,441843,8855,441843,485,526362,183,1.0004448225
3,0,,2026-07-19T14:02:54.318558,3132172,443608,134233,443608,80786,443608,8855,443608,471,525491,192,1.0006128109375
3,0,,2026-07-19T14:03:26.343581,3135124,443627,134514,443627,80592,443627,8851,443627,474,529034,177,1.00082468484375
3,0,,2026-07-19T14:03:58.365653,3135999,443899,134894,443899,80205,443899,9025,443899,509,527907,222,1.0007136567187502
3,0,,2026-07-19T14:04:30.382922,3132307,443223,134775,443222,79974,443222,8965,443222,499,528008,199,1.0006056417187499
3,0,,2026-07-19T14:05:02.401833,3131740,442968,134425,442968,80267,442968,9079,442968,454,527150,209,1.0005496573437502
3,0,,2026-07-19T14:05:34.416103,3132376,442390,134380,442390,79846,442390,9128,442390,459,526484,226,1.0005294015625004
3,0,,2026-07-19T14:06:06.434781,3132047,442509,135051,442509,79935,442509,9262,442509,467,526682,196,1.0005622582812506
3,0,,2026-07-19T14:06:38.452722,3134309,443238,134459,443237,79964,443237,9312,443237,465,526367,177,1.0006174542187505
3,0,,2026-07-19T14:07:10.472050,3137260,443611,134857,443611,79939,443611,9050,443611,498,526870,196,1.0006215171875
3,0,,2026-07-19T14:07:42.482299,3136593,443226,134874,443225,80634,443225,9245,443225,478,527121,185,1.0003971614062503
3,0,,2026-07-19T14:08:14.485127,3132665,443084,135065,443083,80020,443083,9286,443083,453,527727,204,1.00007025421875
3,0,,2026-07-19T14:08:46.506518,3137615,443184,134492,443184,79931,443184,9355,443184,503,527323,182,1.000646499375
3,0,,2026-07-19T14:09:18.514118,3135189,443156,134699,443156,80095,443156,9280,443156,491,526267,184,1.0003074850000002
3,0,,2026-07-19T14:09:50.525287,3136009,443073,134510,443073,80734,443073,9264,443073,459,526192,205,1.0003916634375
3,0,,2026-07-19T14:10:22.542320,3137817,444450,135677,444450,80173,444450,9214,444450,463,526138,220,1.0005329375000007
3,0,,2026-07-19T14:10:54.560833,3135487,444185,134923,444184,80022,444184,9357,444184,434,526429,183,1.0005745459374997
3,0,,2026-07-19T14:11:26.579562,3135707,444239,134722,444239,80733,444239,9362,444239,430,527007,196,1.0006856540624995
3,0,,2026-07-19T14:11:58.598147,3134948,444623,134906,444623,80656,444623,9412,444623,479,526768,179,1.000557306875
3,0,,2026-07-19T14:12:30.620107,3133940,445048,135464,445048,80447,445048,9301,445048,486,525820,209,1.0007291598437495
3,0,,2026-07-19T14:13:02.619872,3135899,444538,135146,444538,80598,444538,9185,444538,493,525414,187,1.0000336645312502
3,0,,2026-07-19T14:13:34.625716,3138733,445281,135012,445281,80700,445281,9426,445281,502,525151,183,1.0002457792187496
